CU,clock,Cycles,IPC,CPI,CPI_delta,ED2P,EDP,Frequency,IPC_delta,Sensitivity,Voltage
0,20118801000000,4000,0.0005,2000,2000,2.5e-13,5e-07,4e+09,0.0005,0,1
0,20118802000000,8000,0.00425,235.294,125,9.76562e-16,3.125e-08,4e+09,0.008,0,1
0,20118803000000,12000,0.00416667,240,250,3.90625e-15,6.25e-08,4e+09,0.004,0,1
0,20118804000000,16000,0.007125,140.351,62.5,2.44141e-16,1.5625e-08,4e+09,0.016,0,1
0,20118805000000,20000,0.0065,153.846,250,3.90625e-15,6.25e-08,4e+09,0.004,0,1
0,20118806000000,24000,0.00741667,134.831,83.3333,4.34028e-16,2.08333e-08,4e+09,0.012,0,1
0,20118807000000,28000,0.00692857,144.33,250,3.90625e-15,6.25e-08,4e+09,0.004,0,1
0,20118808000000,32000,0.0070625,141.593,125,9.76562e-16,3.125e-08,4e+09,0.008,0,1
0,20118809000000,36000,0.00672222,148.76,250,3.90625e-15,6.25e-08,4e+09,0.004,0,1
0,20118810000000,40000,0.00765,130.719,62.5,2.44141e-16,1.5625e-08,4e+09,0.016,0,1
0,20118811000000,44000,0.00729545,137.072,266.667,4.44444e-15,6.66667e-08,4e+09,0.00375,0,1
0,20118812000000,48000,0.00945833,105.727,30.0752,5.65323e-17,7.5188e-09,4e+09,0.03325,0,1
0,20118813000000,52000,0.00896154,111.588,333.333,6.94444e-15,8.33333e-08,4e+09,0.003,0,1
0,20118814000000,56000,0.0104643,95.5631,33.3333,6.94444e-17,8.33333e-09,4e+09,0.03,0,1
0,20118815000000,60000,0.00996667,100.334,333.333,6.94444e-15,8.33333e-08,4e+09,0.003,0,1
0,20118816000000,64000,0.0098125,101.911,133.333,1.11111e-15,3.33333e-08,4e+09,0.0075,0,1
0,20118817000000,68000,0.0107353,93.1507,39.2157,9.61169e-17,9.80392e-09,4e+09,0.0255,0,1
0,20118818000000,72000,0.0104583,95.6175,173.913,1.89036e-15,4.34783e-08,4e+09,0.00575,0,1
0,20118819000000,76000,0.0118158,84.6325,27.5862,4.75624e-17,6.89655e-09,4e+09,0.03625,0,1
0,20118820000000,80000,0.0188125,53.1561,6.58979,2.71408e-18,1.64745e-09,4e+09,0.15175,0,1
0,20118821000000,84000,0.0190714,52.4345,41.2371,1.06281e-16,1.03093e-08,4e+09,0.02425,0,1
0,20118822000000,88000,0.0183864,54.3881,250,3.90625e-15,6.25e-08,4e+09,0.004,0,1
0,20118823000000,92000,0.0181087,55.2221,83.3333,4.34028e-16,2.08333e-08,4e+09,0.012,0,1
0,20118824000000,96000,0.0175208,57.0749,250,3.90625e-15,6.25e-08,4e+09,0.004,0,1
0,20118825000000,100000,0.01682,59.453,0,0,0,4e+09,0,0,1
0,20118826000000,104000,0.0164808,60.6768,125,9.76562e-16,3.125e-08,4e+09,0.008,0,1
0,20118827000000,108000,0.0160185,62.4277,250,3.90625e-15,6.25e-08,4e+09,0.004,0,1
0,20118828000000,112000,0.0157321,63.5641,125,9.76562e-16,3.125e-08,4e+09,0.008,0,1
0,20118829000000,113000,0.0157345,63.5546,62.5,2.5e-15,4e-08,1e+09,0.016,0,0.8
0,20118830000000,117000,0.0154701,64.6409,125,9.76562e-16,3.125e-08,4e+09,0.008,0,1
0,20118831000000,121000,0.0150909,66.2651,250,3.90625e-15,6.25e-08,4e+09,0.004,0,1
0,20118832000000,125000,0.014864,67.2766,125,9.76562e-16,3.125e-08,4e+09,0.008,0,1
0,20118833000000,129000,0.0145271,68.8367,250,3.90625e-15,6.25e-08,4e+09,0.004,0,1
0,20118834000000,133000,0.0143308,69.7796,125,9.76562e-16,3.125e-08,4e+09,0.008,0,1
0,20118835000000,137000,0.0140292,71.2799,250,3.90625e-15,6.25e-08,4e+09,0.004,0,1
0,20118836000000,141000,0.0138582,72.1597,125,9.76562e-16,3.125e-08,4e+09,0.008,0,1
0,20118837000000,145000,0.0134759,74.2068,0,0,0,4e+09,0,0,1
0,20118838000000,149000,0.0132215,75.6345,250,3.90625e-15,6.25e-08,4e+09,0.004,0,1
0,20118839000000,153000,0.013085,76.4236,125,9.76562e-16,3.125e-08,4e+09,0.008,0,1
0,20118840000000,157000,0.0128535,77.7998,250,3.90625e-15,6.25e-08,4e+09,0.004,0,1
0,20118841000000,161000,0.0127329,78.5366,125,9.76562e-16,3.125e-08,4e+09,0.008,0,1
0,20118842000000,165000,0.0125212,79.8645,250,3.90625e-15,6.25e-08,4e+09,0.004,0,1
0,20118843000000,169000,0.0124142,80.5529,125,9.76562e-16,3.125e-08,4e+09,0.008,0,1
0,20118844000000,173000,0.0122197,81.8354,250,3.90625e-15,6.25e-08,4e+09,0.004,0,1
0,20118845000000,177000,0.0121243,82.479,125,9.76562e-16,3.125e-08,4e+09,0.008,0,1
0,20118846000000,181000,0.0119227,83.874,333.333,6.94444e-15,8.33333e-08,4e+09,0.003,0,1
0,20118847000000,185000,0.0123135,81.2116,33.3333,6.94444e-17,8.33333e-09,4e+09,0.03,0,1
0,20118848000000,189000,0.0121164,82.5328,333.333,6.94444e-15,8.33333e-08,4e+09,0.003,0,1
0,20118849000000,193000,0.012487,80.083,33.3333,6.94444e-17,8.33333e-09,4e+09,0.03,0,1
0,20118850000000,197000,0.0122944,81.3377,333.333,6.94444e-15,8.33333e-08,4e+09,0.003,0,1
0,20118851000000,201000,0.0128557,77.7864,24.6914,3.81039e-17,6.17284e-09,4e+09,0.0405,0,1
0,20118852000000,205000,0.0135512,73.7941,20.6186,2.65703e-17,5.15464e-09,4e+09,0.0485,0,1
0,20118853000000,209000,0.0159091,62.8571,7.31261,3.34215e-18,1.82815e-09,4e+09,0.13675,0,1
0,20118854000000,213000,0.0159484,62.7024,55.5556,1.92901e-16,1.38889e-08,4e+09,0.018,0,1
0,20118855000000,217000,0.0157465,63.506,200,2.5e-15,5e-08,4e+09,0.005,0,1
0,20118856000000,221000,0.0156787,63.7807,83.3333,4.34028e-16,2.08333e-08,4e+09,0.012,0,1
0,20118857000000,225000,0.0154889,64.5624,200,2.5e-15,5e-08,4e+09,0.005,0,1
0,20118858000000,229000,0.0154978,64.5252,62.5,2.44141e-16,1.5625e-08,4e+09,0.016,0,1
0,20118859000000,233000,0.0153734,65.0475,121.212,9.18274e-16,3.0303e-08,4e+09,0.00825,0,1
0,20118860000000,237000,0.0151983,65.7968,200,2.5e-15,5e-08,4e+09,0.005,0,1
0,20118861000000,241000,0.0151743,65.901,72.7273,3.30579e-16,1.81818e-08,4e+09,0.01375,0,1
0,20118862000000,245000,0.0149918,66.703,250,3.90625e-15,6.25e-08,4e+09,0.004,0,1
0,20118863000000,249000,0.0150241,66.5597,58.8235,2.16263e-16,1.47059e-08,4e+09,0.017,0,1
0,20118864000000,253000,0.014917,67.0376,121.212,9.18274e-16,3.0303e-08,4e+09,0.00825,0,1
0,20118865000000,257000,0.0149767,66.7706,53.3333,1.77778e-16,1.33333e-08,4e+09,0.01875,0,1
0,20118866000000,261000,0.0147969,67.5816,307.692,5.91716e-15,7.69231e-08,4e+09,0.00325,0,1
0,20118867000000,265000,0.0147396,67.8443,90.9091,5.16529e-16,2.27273e-08,4e+09,0.011,0,1
0,20118868000000,269000,0.0146543,68.2395,111.111,7.71605e-16,2.77778e-08,4e+09,0.009,0,1
0,20118869000000,272078,0.0145473,68.7413,192.375,2.31301e-15,4.80938e-08,4e+09,0.00519818,0,1
1,20118801000000,4000,0.0005,2000,2000,2.5e-13,5e-07,4e+09,0.0005,0,1
1,20118802000000,8000,0.00425,235.294,125,9.76562e-16,3.125e-08,4e+09,0.008,0,1
1,20118803000000,12000,0.00416667,240,250,3.90625e-15,6.25e-08,4e+09,0.004,0,1
1,20118804000000,16000,0.007125,140.351,62.5,2.44141e-16,1.5625e-08,4e+09,0.016,0,1
1,20118805000000,20000,0.0065,153.846,250,3.90625e-15,6.25e-08,4e+09,0.004,0,1
1,20118806000000,24000,0.00741667,134.831,83.3333,4.34028e-16,2.08333e-08,4e+09,0.012,0,1
1,20118807000000,28000,0.00692857,144.33,250,3.90625e-15,6.25e-08,4e+09,0.004,0,1
1,20118808000000,32000,0.0070625,141.593,125,9.76562e-16,3.125e-08,4e+09,0.008,0,1
1,20118809000000,36000,0.00672222,148.76,250,3.90625e-15,6.25e-08,4e+09,0.004,0,1
1,20118810000000,40000,0.00765,130.719,62.5,2.44141e-16,1.5625e-08,4e+09,0.016,0,1
1,20118811000000,44000,0.00729545,137.072,266.667,4.44444e-15,6.66667e-08,4e+09,0.00375,0,1
1,20118812000000,48000,0.00945833,105.727,30.0752,5.65323e-17,7.5188e-09,4e+09,0.03325,0,1
1,20118813000000,52000,0.00896154,111.588,333.333,6.94444e-15,8.33333e-08,4e+09,0.003,0,1
1,20118814000000,56000,0.0104643,95.5631,33.3333,6.94444e-17,8.33333e-09,4e+09,0.03,0,1
1,20118815000000,60000,0.00996667,100.334,333.333,6.94444e-15,8.33333e-08,4e+09,0.003,0,1
1,20118816000000,64000,0.0098125,101.911,133.333,1.11111e-15,3.33333e-08,4e+09,0.0075,0,1
1,20118817000000,68000,0.0107353,93.1507,39.2157,9.61169e-17,9.80392e-09,4e+09,0.0255,0,1
1,20118818000000,72000,0.0104583,95.6175,173.913,1.89036e-15,4.34783e-08,4e+09,0.00575,0,1
1,20118819000000,76000,0.0118158,84.6325,27.5862,4.75624e-17,6.89655e-09,4e+09,0.03625,0,1
1,20118820000000,80000,0.0188125,53.1561,6.58979,2.71408e-18,1.64745e-09,4e+09,0.15175,0,1
1,20118821000000,84000,0.0190714,52.4345,41.2371,1.06281e-16,1.03093e-08,4e+09,0.02425,0,1
1,20118822000000,88000,0.0183864,54.3881,250,3.90625e-15,6.25e-08,4e+09,0.004,0,1
1,20118823000000,92000,0.0181087,55.2221,83.3333,4.34028e-16,2.08333e-08,4e+09,0.012,0,1
1,20118824000000,96000,0.0175208,57.0749,250,3.90625e-15,6.25e-08,4e+09,0.004,0,1
1,20118825000000,100000,0.01682,59.453,0,0,0,4e+09,0,0,1
1,20118826000000,104000,0.0164808,60.6768,125,9.76562e-16,3.125e-08,4e+09,0.008,0,1
1,20118827000000,108000,0.0160185,62.4277,250,3.90625e-15,6.25e-08,4e+09,0.004,0,1
1,20118828000000,112000,0.0157321,63.5641,125,9.76562e-16,3.125e-08,4e+09,0.008,0,1
1,20118829000000,113000,0.0157345,63.5546,62.5,2.5e-15,4e-08,1e+09,0.016,0,0.8
1,20118830000000,117000,0.0154701,64.6409,125,9.76562e-16,3.125e-08,4e+09,0.008,0,1
1,20118831000000,121000,0.0150909,66.2651,250,3.90625e-15,6.25e-08,4e+09,0.004,0,1
1,20118832000000,125000,0.014864,67.2766,125,9.76562e-16,3.125e-08,4e+09,0.008,0,1
1,20118833000000,129000,0.0145271,68.8367,250,3.90625e-15,6.25e-08,4e+09,0.004,0,1
1,20118834000000,133000,0.0143308,69.7796,125,9.76562e-16,3.125e-08,4e+09,0.008,0,1
1,20118835000000,137000,0.0140292,71.2799,250,3.90625e-15,6.25e-08,4e+09,0.004,0,1
1,20118836000000,141000,0.0138582,72.1597,125,9.76562e-16,3.125e-08,4e+09,0.008,0,1
1,20118837000000,145000,0.0134759,74.2068,0,0,0,4e+09,0,0,1
1,20118838000000,149000,0.0132215,75.6345,250,3.90625e-15,6.25e-08,4e+09,0.004,0,1
1,20118839000000,153000,0.013085,76.4236,125,9.76562e-16,3.125e-08,4e+09,0.008,0,1
1,20118840000000,157000,0.0128535,77.7998,250,3.90625e-15,6.25e-08,4e+09,0.004,0,1
1,20118841000000,161000,0.0127329,78.5366,125,9.76562e-16,3.125e-08,4e+09,0.008,0,1
1,20118842000000,165000,0.0125212,79.8645,250,3.90625e-15,6.25e-08,4e+09,0.004,0,1
1,20118843000000,169000,0.0124142,80.5529,125,9.76562e-16,3.125e-08,4e+09,0.008,0,1
1,20118844000000,173000,0.0122197,81.8354,250,3.90625e-15,6.25e-08,4e+09,0.004,0,1
1,20118845000000,177000,0.0121243,82.479,125,9.76562e-16,3.125e-08,4e+09,0.008,0,1
1,20118846000000,181000,0.0119227,83.874,333.333,6.94444e-15,8.33333e-08,4e+09,0.003,0,1
1,20118847000000,185000,0.0123135,81.2116,33.3333,6.94444e-17,8.33333e-09,4e+09,0.03,0,1
1,20118848000000,189000,0.0121164,82.5328,333.333,6.94444e-15,8.33333e-08,4e+09,0.003,0,1
1,20118849000000,193000,0.012487,80.083,33.3333,6.94444e-17,8.33333e-09,4e+09,0.03,0,1
1,20118850000000,197000,0.0122944,81.3377,333.333,6.94444e-15,8.33333e-08,4e+09,0.003,0,1
1,20118851000000,201000,0.0128557,77.7864,24.6914,3.81039e-17,6.17284e-09,4e+09,0.0405,0,1
1,20118852000000,205000,0.0135512,73.7941,20.6186,2.65703e-17,5.15464e-09,4e+09,0.0485,0,1
1,20118853000000,209000,0.0159091,62.8571,7.31261,3.34215e-18,1.82815e-09,4e+09,0.13675,0,1
1,20118854000000,213000,0.0159484,62.7024,55.5556,1.92901e-16,1.38889e-08,4e+09,0.018,0,1
1,20118855000000,217000,0.0157465,63.506,200,2.5e-15,5e-08,4e+09,0.005,0,1
1,20118856000000,221000,0.0156787,63.7807,83.3333,4.34028e-16,2.08333e-08,4e+09,0.012,0,1
1,20118857000000,225000,0.0154889,64.5624,200,2.5e-15,5e-08,4e+09,0.005,0,1
1,20118858000000,229000,0.0154978,64.5252,62.5,2.44141e-16,1.5625e-08,4e+09,0.016,0,1
1,20118859000000,233000,0.0153734,65.0475,121.212,9.18274e-16,3.0303e-08,4e+09,0.00825,0,1
1,20118860000000,237000,0.0151983,65.7968,200,2.5e-15,5e-08,4e+09,0.005,0,1
1,20118861000000,241000,0.0151743,65.901,72.7273,3.30579e-16,1.81818e-08,4e+09,0.01375,0,1
1,20118862000000,245000,0.0149918,66.703,250,3.90625e-15,6.25e-08,4e+09,0.004,0,1
1,20118863000000,249000,0.0150241,66.5597,58.8235,2.16263e-16,1.47059e-08,4e+09,0.017,0,1
1,20118864000000,253000,0.014917,67.0376,121.212,9.18274e-16,3.0303e-08,4e+09,0.00825,0,1
1,20118865000000,257000,0.0149767,66.7706,53.3333,1.77778e-16,1.33333e-08,4e+09,0.01875,0,1
1,20118866000000,261000,0.0147969,67.5816,307.692,5.91716e-15,7.69231e-08,4e+09,0.00325,0,1
1,20118867000000,265000,0.0147396,67.8443,90.9091,5.16529e-16,2.27273e-08,4e+09,0.011,0,1
1,20118868000000,269000,0.0146543,68.2395,111.111,7.71605e-16,2.77778e-08,4e+09,0.009,0,1
1,20118869000000,272078,0.0145473,68.7413,192.375,2.31301e-15,4.80938e-08,4e+09,0.00519818,0,1
2,20118801000000,4000,0.0005,2000,2000,2.5e-13,5e-07,4e+09,0.0005,0,1
2,20118802000000,8000,0.00425,235.294,125,9.76562e-16,3.125e-08,4e+09,0.008,0,1
2,20118803000000,12000,0.00416667,240,250,3.90625e-15,6.25e-08,4e+09,0.004,0,1
2,20118804000000,16000,0.007125,140.351,62.5,2.44141e-16,1.5625e-08,4e+09,0.016,0,1
2,20118805000000,20000,0.0065,153.846,250,3.90625e-15,6.25e-08,4e+09,0.004,0,1
2,20118806000000,24000,0.00741667,134.831,83.3333,4.34028e-16,2.08333e-08,4e+09,0.012,0,1
2,20118807000000,28000,0.00692857,144.33,250,3.90625e-15,6.25e-08,4e+09,0.004,0,1
2,20118808000000,32000,0.0070625,141.593,125,9.76562e-16,3.125e-08,4e+09,0.008,0,1
2,20118809000000,36000,0.00672222,148.76,250,3.90625e-15,6.25e-08,4e+09,0.004,0,1
2,20118810000000,40000,0.00765,130.719,62.5,2.44141e-16,1.5625e-08,4e+09,0.016,0,1
2,20118811000000,44000,0.00729545,137.072,266.667,4.44444e-15,6.66667e-08,4e+09,0.00375,0,1
2,20118812000000,48000,0.00945833,105.727,30.0752,5.65323e-17,7.5188e-09,4e+09,0.03325,0,1
2,20118813000000,52000,0.00896154,111.588,333.333,6.94444e-15,8.33333e-08,4e+09,0.003,0,1
2,20118814000000,56000,0.0104643,95.5631,33.3333,6.94444e-17,8.33333e-09,4e+09,0.03,0,1
2,20118815000000,60000,0.00996667,100.334,333.333,6.94444e-15,8.33333e-08,4e+09,0.003,0,1
2,20118816000000,64000,0.0098125,101.911,133.333,1.11111e-15,3.33333e-08,4e+09,0.0075,0,1
2,20118817000000,68000,0.0107353,93.1507,39.2157,9.61169e-17,9.80392e-09,4e+09,0.0255,0,1
2,20118818000000,72000,0.0104583,95.6175,173.913,1.89036e-15,4.34783e-08,4e+09,0.00575,0,1
2,20118819000000,76000,0.0118158,84.6325,27.5862,4.75624e-17,6.89655e-09,4e+09,0.03625,0,1
2,20118820000000,80000,0.0188125,53.1561,6.58979,2.71408e-18,1.64745e-09,4e+09,0.15175,0,1
2,20118821000000,84000,0.0190714,52.4345,41.2371,1.06281e-16,1.03093e-08,4e+09,0.02425,0,1
2,20118822000000,88000,0.0183864,54.3881,250,3.90625e-15,6.25e-08,4e+09,0.004,0,1
2,20118823000000,92000,0.0181087,55.2221,83.3333,4.34028e-16,2.08333e-08,4e+09,0.012,0,1
2,20118824000000,96000,0.0175208,57.0749,250,3.90625e-15,6.25e-08,4e+09,0.004,0,1
2,20118825000000,100000,0.01682,59.453,0,0,0,4e+09,0,0,1
2,20118826000000,104000,0.0164808,60.6768,125,9.76562e-16,3.125e-08,4e+09,0.008,0,1
2,20118827000000,108000,0.0160185,62.4277,250,3.90625e-15,6.25e-08,4e+09,0.004,0,1
2,20118828000000,112000,0.0157321,63.5641,125,9.76562e-16,3.125e-08,4e+09,0.008,0,1
2,20118829000000,113000,0.0157345,63.5546,62.5,2.5e-15,4e-08,1e+09,0.016,0,0.8
2,20118830000000,117000,0.0154701,64.6409,125,9.76562e-16,3.125e-08,4e+09,0.008,0,1
2,20118831000000,121000,0.0150909,66.2651,250,3.90625e-15,6.25e-08,4e+09,0.004,0,1
2,20118832000000,125000,0.014864,67.2766,125,9.76562e-16,3.125e-08,4e+09,0.008,0,1
2,20118833000000,129000,0.0145271,68.8367,250,3.90625e-15,6.25e-08,4e+09,0.004,0,1
2,20118834000000,133000,0.0143308,69.7796,125,9.76562e-16,3.125e-08,4e+09,0.008,0,1
2,20118835000000,137000,0.0140292,71.2799,250,3.90625e-15,6.25e-08,4e+09,0.004,0,1
2,20118836000000,141000,0.0138582,72.1597,125,9.76562e-16,3.125e-08,4e+09,0.008,0,1
2,20118837000000,145000,0.0134759,74.2068,0,0,0,4e+09,0,0,1
2,20118838000000,149000,0.0132215,75.6345,250,3.90625e-15,6.25e-08,4e+09,0.004,0,1
2,20118839000000,153000,0.013085,76.4236,125,9.76562e-16,3.125e-08,4e+09,0.008,0,1
2,20118840000000,157000,0.0128535,77.7998,250,3.90625e-15,6.25e-08,4e+09,0.004,0,1
2,20118841000000,161000,0.0127329,78.5366,125,9.76562e-16,3.125e-08,4e+09,0.008,0,1
2,20118842000000,165000,0.0125212,79.8645,250,3.90625e-15,6.25e-08,4e+09,0.004,0,1
2,20118843000000,169000,0.0124142,80.5529,125,9.76562e-16,3.125e-08,4e+09,0.008,0,1
2,20118844000000,173000,0.0122197,81.8354,250,3.90625e-15,6.25e-08,4e+09,0.004,0,1
2,20118845000000,177000,0.0121243,82.479,125,9.76562e-16,3.125e-08,4e+09,0.008,0,1
2,20118846000000,181000,0.0119227,83.874,333.333,6.94444e-15,8.33333e-08,4e+09,0.003,0,1
2,20118847000000,185000,0.0123135,81.2116,33.3333,6.94444e-17,8.33333e-09,4e+09,0.03,0,1
2,20118848000000,189000,0.0121164,82.5328,333.333,6.94444e-15,8.33333e-08,4e+09,0.003,0,1
2,20118849000000,193000,0.012487,80.083,33.3333,6.94444e-17,8.33333e-09,4e+09,0.03,0,1
2,20118850000000,197000,0.0122944,81.3377,333.333,6.94444e-15,8.33333e-08,4e+09,0.003,0,1
2,20118851000000,201000,0.0128557,77.7864,24.6914,3.81039e-17,6.17284e-09,4e+09,0.0405,0,1
2,20118852000000,205000,0.0135512,73.7941,20.6186,2.65703e-17,5.15464e-09,4e+09,0.0485,0,1
2,20118853000000,209000,0.0159091,62.8571,7.31261,3.34215e-18,1.82815e-09,4e+09,0.13675,0,1
2,20118854000000,213000,0.0159484,62.7024,55.5556,1.92901e-16,1.38889e-08,4e+09,0.018,0,1
2,20118855000000,217000,0.0157465,63.506,200,2.5e-15,5e-08,4e+09,0.005,0,1
2,20118856000000,221000,0.0156787,63.7807,83.3333,4.34028e-16,2.08333e-08,4e+09,0.012,0,1
2,20118857000000,225000,0.0154889,64.5624,200,2.5e-15,5e-08,4e+09,0.005,0,1
2,20118858000000,229000,0.0154978,64.5252,62.5,2.44141e-16,1.5625e-08,4e+09,0.016,0,1
2,20118859000000,233000,0.0153734,65.0475,121.212,9.18274e-16,3.0303e-08,4e+09,0.00825,0,1
2,20118860000000,237000,0.0151983,65.7968,200,2.5e-15,5e-08,4e+09,0.005,0,1
2,20118861000000,241000,0.0151743,65.901,72.7273,3.30579e-16,1.81818e-08,4e+09,0.01375,0,1
2,20118862000000,245000,0.0149918,66.703,250,3.90625e-15,6.25e-08,4e+09,0.004,0,1
2,20118863000000,249000,0.0150241,66.5597,58.8235,2.16263e-16,1.47059e-08,4e+09,0.017,0,1
2,20118864000000,253000,0.014917,67.0376,121.212,9.18274e-16,3.0303e-08,4e+09,0.00825,0,1
2,20118865000000,257000,0.0149767,66.7706,53.3333,1.77778e-16,1.33333e-08,4e+09,0.01875,0,1
2,20118866000000,261000,0.0147969,67.5816,307.692,5.91716e-15,7.69231e-08,4e+09,0.00325,0,1
2,20118867000000,265000,0.0147396,67.8443,90.9091,5.16529e-16,2.27273e-08,4e+09,0.011,0,1
2,20118868000000,269000,0.0146543,68.2395,111.111,7.71605e-16,2.77778e-08,4e+09,0.009,0,1
2,20118869000000,272078,0.0145473,68.7413,192.375,2.31301e-15,4.80938e-08,4e+09,0.00519818,0,1
3,20118801000000,4000,0.0005,2000,2000,2.5e-13,5e-07,4e+09,0.0005,0,1
3,20118802000000,8000,0.00425,235.294,125,9.76562e-16,3.125e-08,4e+09,0.008,0,1
3,20118803000000,12000,0.00416667,240,250,3.90625e-15,6.25e-08,4e+09,0.004,0,1
3,20118804000000,16000,0.007125,140.351,62.5,2.44141e-16,1.5625e-08,4e+09,0.016,0,1
3,20118805000000,20000,0.0065,153.846,250,3.90625e-15,6.25e-08,4e+09,0.004,0,1
3,20118806000000,24000,0.00741667,134.831,83.3333,4.34028e-16,2.08333e-08,4e+09,0.012,0,1
3,20118807000000,28000,0.00692857,144.33,250,3.90625e-15,6.25e-08,4e+09,0.004,0,1
3,20118808000000,32000,0.0070625,141.593,125,9.76562e-16,3.125e-08,4e+09,0.008,0,1
3,20118809000000,36000,0.00672222,148.76,250,3.90625e-15,6.25e-08,4e+09,0.004,0,1
3,20118810000000,40000,0.00765,130.719,62.5,2.44141e-16,1.5625e-08,4e+09,0.016,0,1
3,20118811000000,44000,0.00729545,137.072,266.667,4.44444e-15,6.66667e-08,4e+09,0.00375,0,1
3,20118812000000,48000,0.00945833,105.727,30.0752,5.65323e-17,7.5188e-09,4e+09,0.03325,0,1
3,20118813000000,52000,0.00896154,111.588,333.333,6.94444e-15,8.33333e-08,4e+09,0.003,0,1
3,20118814000000,56000,0.0104643,95.5631,33.3333,6.94444e-17,8.33333e-09,4e+09,0.03,0,1
3,20118815000000,60000,0.00996667,100.334,333.333,6.94444e-15,8.33333e-08,4e+09,0.003,0,1
3,20118816000000,64000,0.0098125,101.911,133.333,1.11111e-15,3.33333e-08,4e+09,0.0075,0,1
3,20118817000000,68000,0.0107353,93.1507,39.2157,9.61169e-17,9.80392e-09,4e+09,0.0255,0,1
3,20118818000000,72000,0.0104583,95.6175,173.913,1.89036e-15,4.34783e-08,4e+09,0.00575,0,1
3,20118819000000,76000,0.0118158,84.6325,27.5862,4.75624e-17,6.89655e-09,4e+09,0.03625,0,1
3,20118820000000,80000,0.0188125,53.1561,6.58979,2.71408e-18,1.64745e-09,4e+09,0.15175,0,1
3,20118821000000,84000,0.0190714,52.4345,41.2371,1.06281e-16,1.03093e-08,4e+09,0.02425,0,1
3,20118822000000,88000,0.0183864,54.3881,250,3.90625e-15,6.25e-08,4e+09,0.004,0,1
3,20118823000000,92000,0.0181087,55.2221,83.3333,4.34028e-16,2.08333e-08,4e+09,0.012,0,1
3,20118824000000,96000,0.0175208,57.0749,250,3.90625e-15,6.25e-08,4e+09,0.004,0,1
3,20118825000000,100000,0.01682,59.453,0,0,0,4e+09,0,0,1
3,20118826000000,104000,0.0164808,60.6768,125,9.76562e-16,3.125e-08,4e+09,0.008,0,1
3,20118827000000,108000,0.0160185,62.4277,250,3.90625e-15,6.25e-08,4e+09,0.004,0,1
3,20118828000000,112000,0.0157321,63.5641,125,9.76562e-16,3.125e-08,4e+09,0.008,0,1
3,20118829000000,113000,0.0157345,63.5546,62.5,2.5e-15,4e-08,1e+09,0.016,0,0.8
3,20118830000000,117000,0.0154701,64.6409,125,9.76562e-16,3.125e-08,4e+09,0.008,0,1
3,20118831000000,121000,0.0150909,66.2651,250,3.90625e-15,6.25e-08,4e+09,0.004,0,1
3,20118832000000,125000,0.014864,67.2766,125,9.76562e-16,3.125e-08,4e+09,0.008,0,1
3,20118833000000,129000,0.0145271,68.8367,250,3.90625e-15,6.25e-08,4e+09,0.004,0,1
3,20118834000000,133000,0.0143308,69.7796,125,9.76562e-16,3.125e-08,4e+09,0.008,0,1
3,20118835000000,137000,0.0140292,71.2799,250,3.90625e-15,6.25e-08,4e+09,0.004,0,1
3,20118836000000,141000,0.0138582,72.1597,125,9.76562e-16,3.125e-08,4e+09,0.008,0,1
3,20118837000000,145000,0.0134759,74.2068,0,0,0,4e+09,0,0,1
3,20118838000000,149000,0.0132215,75.6345,250,3.90625e-15,6.25e-08,4e+09,0.004,0,1
3,20118839000000,153000,0.013085,76.4236,125,9.76562e-16,3.125e-08,4e+09,0.008,0,1
3,20118840000000,157000,0.0128535,77.7998,250,3.90625e-15,6.25e-08,4e+09,0.004,0,1
3,20118841000000,161000,0.0127329,78.5366,125,9.76562e-16,3.125e-08,4e+09,0.008,0,1
3,20118842000000,165000,0.0125212,79.8645,250,3.90625e-15,6.25e-08,4e+09,0.004,0,1
3,20118843000000,169000,0.0124142,80.5529,125,9.76562e-16,3.125e-08,4e+09,0.008,0,1
3,20118844000000,173000,0.0122197,81.8354,250,3.90625e-15,6.25e-08,4e+09,0.004,0,1
3,20118845000000,177000,0.0121243,82.479,125,9.76562e-16,3.125e-08,4e+09,0.008,0,1
3,20118846000000,181000,0.0119227,83.874,333.333,6.94444e-15,8.33333e-08,4e+09,0.003,0,1
3,20118847000000,185000,0.0123135,81.2116,33.3333,6.94444e-17,8.33333e-09,4e+09,0.03,0,1
3,20118848000000,189000,0.0121164,82.5328,333.333,6.94444e-15,8.33333e-08,4e+09,0.003,0,1
3,20118849000000,193000,0.012487,80.083,33.3333,6.94444e-17,8.33333e-09,4e+09,0.03,0,1
3,20118850000000,197000,0.0122944,81.3377,333.333,6.94444e-15,8.33333e-08,4e+09,0.003,0,1
3,20118851000000,201000,0.0128557,77.7864,24.6914,3.81039e-17,6.17284e-09,4e+09,0.0405,0,1
3,20118852000000,205000,0.0135512,73.7941,20.6186,2.65703e-17,5.15464e-09,4e+09,0.0485,0,1
3,20118853000000,209000,0.0159091,62.8571,7.31261,3.34215e-18,1.82815e-09,4e+09,0.13675,0,1
3,20118854000000,213000,0.0159484,62.7024,55.5556,1.92901e-16,1.38889e-08,4e+09,0.018,0,1
3,20118855000000,217000,0.0157465,63.506,200,2.5e-15,5e-08,4e+09,0.005,0,1
3,20118856000000,221000,0.0157692,63.4146,58.8235,2.16263e-16,1.47059e-08,4e+09,0.017,0,1
3,20118857000000,225000,0.0156844,63.7574,90.9091,5.16529e-16,2.27273e-08,4e+09,0.011,0,1
3,20118858000000,229000,0.0156419,63.9308,75.4717,3.55999e-16,1.88679e-08,4e+09,0.01325,0,1
3,20118859000000,233000,0.0154421,64.7582,250,3.90625e-15,6.25e-08,4e+09,0.004,0,1
3,20118860000000,237000,0.0151983,65.7968,1000,6.25e-14,2.5e-07,4e+09,0.001,0,1
3,20118861000000,241000,0.0152407,65.6139,56.338,1.98373e-16,1.40845e-08,4e+09,0.01775,0,1
3,20118862000000,245000,0.0151878,65.8425,83.3333,4.34028e-16,2.08333e-08,4e+09,0.012,0,1
3,20118863000000,249000,0.0151687,65.9253,71.4286,3.18878e-16,1.78571e-08,4e+09,0.014,0,1
3,20118864000000,253000,0.0152767,65.4592,45.4545,1.29132e-16,1.13636e-08,4e+09,0.022,0,1
3,20118865000000,257000,0.0153696,65.0633,47.0588,1.38408e-16,1.17647e-08,4e+09,0.02125,0,1
3,20118866000000,259937,0.0152268,65.6738,367.125,8.4238e-15,9.17813e-08,4e+09,0.00272387,0,1
3,20118867000000,259937,0.0152268,65.6738,0,0,0,4e+09,-nan,0,1
3,20118868000000,259937,0.0152268,65.6738,0,0,0,4e+09,-nan,0,1
3,20118869000000,259937,0.0152268,65.6738,0,0,0,4e+09,-nan,0,1
4,20118801000000,4000,0.008,125,125,9.76562e-16,3.125e-08,4e+09,0.008,0,1
4,20118802000000,8000,0.006,166.667,250,3.90625e-15,6.25e-08,4e+09,0.004,0,1
4,20118803000000,12000,0.00933333,107.143,62.5,2.44141e-16,1.5625e-08,4e+09,0.016,0,1
4,20118804000000,16000,0.008,125,250,3.90625e-15,6.25e-08,4e+09,0.004,0,1
4,20118805000000,20000,0.0088,113.636,83.3333,4.34028e-16,2.08333e-08,4e+09,0.012,0,1
4,20118806000000,24000,0.00733333,136.364,0,0,0,4e+09,0,0,1
4,20118807000000,28000,0.00685714,145.833,250,3.90625e-15,6.25e-08,4e+09,0.004,0,1
4,20118808000000,32000,0.007,142.857,125,9.76562e-16,3.125e-08,4e+09,0.008,0,1
4,20118809000000,36000,0.00666667,150,250,3.90625e-15,6.25e-08,4e+09,0.004,0,1
4,20118810000000,40000,0.0076,131.579,62.5,2.44141e-16,1.5625e-08,4e+09,0.016,0,1
4,20118811000000,44000,0.00725,137.931,266.667,4.44444e-15,6.66667e-08,4e+09,0.00375,0,1
4,20118812000000,48000,0.00941667,106.195,30.0752,5.65323e-17,7.5188e-09,4e+09,0.03325,0,1
4,20118813000000,52000,0.00892308,112.069,333.333,6.94444e-15,8.33333e-08,4e+09,0.003,0,1
4,20118814000000,56000,0.0104286,95.8904,33.3333,6.94444e-17,8.33333e-09,4e+09,0.03,0,1
4,20118815000000,60000,0.00993333,100.671,333.333,6.94444e-15,8.33333e-08,4e+09,0.003,0,1
4,20118816000000,64000,0.0111875,89.3855,33.3333,6.94444e-17,8.33333e-09,4e+09,0.03,0,1
4,20118817000000,68000,0.0107059,93.4066,333.333,6.94444e-15,8.33333e-08,4e+09,0.003,0,1
4,20118818000000,72000,0.0124167,80.5369,24.0964,3.62897e-17,6.0241e-09,4e+09,0.0415,0,1
4,20118819000000,76000,0.0134211,74.5098,31.746,6.29882e-17,7.93651e-09,4e+09,0.0315,0,1
4,20118820000000,80000,0.0187875,53.2269,8.28157,4.28653e-18,2.07039e-09,4e+09,0.12075,0,1
4,20118821000000,84000,0.0190476,52.5,41.2371,1.06281e-16,1.03093e-08,4e+09,0.02425,0,1
4,20118822000000,88000,0.0183636,54.4554,250,3.90625e-15,6.25e-08,4e+09,0.004,0,1
4,20118823000000,92000,0.018087,55.2885,83.3333,4.34028e-16,2.08333e-08,4e+09,0.012,0,1
4,20118824000000,96000,0.0175,57.1429,250,3.90625e-15,6.25e-08,4e+09,0.004,0,1
4,20118825000000,100000,0.01712,58.4112,125,9.76562e-16,3.125e-08,4e+09,0.008,0,1
4,20118826000000,104000,0.0166154,60.1852,250,3.90625e-15,6.25e-08,4e+09,0.004,0,1
4,20118827000000,108000,0.0162963,61.3636,125,9.76562e-16,3.125e-08,4e+09,0.008,0,1
4,20118828000000,112000,0.0157143,63.6364,0,0,0,4e+09,0,0,1
4,20118829000000,113000,0.0157168,63.6261,62.5,2.5e-15,4e-08,1e+09,0.016,0,0.8
4,20118830000000,117000,0.015453,64.7124,125,9.76562e-16,3.125e-08,4e+09,0.008,0,1
4,20118831000000,121000,0.0150744,66.3377,250,3.90625e-15,6.25e-08,4e+09,0.004,0,1
4,20118832000000,125000,0.014848,67.3491,125,9.76562e-16,3.125e-08,4e+09,0.008,0,1
4,20118833000000,129000,0.0145116,68.9103,250,3.90625e-15,6.25e-08,4e+09,0.004,0,1
4,20118834000000,133000,0.0143158,69.8529,125,9.76562e-16,3.125e-08,4e+09,0.008,0,1
4,20118835000000,137000,0.0140146,71.3542,250,3.90625e-15,6.25e-08,4e+09,0.004,0,1
4,20118836000000,141000,0.013844,72.2336,125,9.76562e-16,3.125e-08,4e+09,0.008,0,1
4,20118837000000,145000,0.0135724,73.6789,250,3.90625e-15,6.25e-08,4e+09,0.004,0,1
4,20118838000000,149000,0.0134228,74.5,125,9.76562e-16,3.125e-08,4e+09,0.008,0,1
4,20118839000000,153000,0.0131765,75.8929,250,3.90625e-15,6.25e-08,4e+09,0.004,0,1
4,20118840000000,157000,0.0130446,76.6602,125,9.76562e-16,3.125e-08,4e+09,0.008,0,1
4,20118841000000,161000,0.0128199,78.0039,250,3.90625e-15,6.25e-08,4e+09,0.004,0,1
4,20118842000000,165000,0.012703,78.7214,125,9.76562e-16,3.125e-08,4e+09,0.008,0,1
4,20118843000000,169000,0.012497,80.0189,250,3.90625e-15,6.25e-08,4e+09,0.004,0,1
4,20118844000000,173000,0.0123931,80.6903,125,9.76562e-16,3.125e-08,4e+09,0.008,0,1
4,20118845000000,177000,0.0121808,82.0965,333.333,6.94444e-15,8.33333e-08,4e+09,0.003,0,1
4,20118846000000,181000,0.0121105,82.573,111.111,7.71605e-16,2.77778e-08,4e+09,0.009,0,1
4,20118847000000,185000,0.0123027,81.283,47.619,1.41723e-16,1.19048e-08,4e+09,0.021,0,1
4,20118848000000,189000,0.0121058,82.6049,333.333,6.94444e-15,8.33333e-08,4e+09,0.003,0,1
4,20118849000000,193000,0.0124767,80.1495,33.3333,6.94444e-17,8.33333e-09,4e+09,0.03,0,1
4,20118850000000,197000,0.0122843,81.405,333.333,6.94444e-15,8.33333e-08,4e+09,0.003,0,1
4,20118851000000,201000,0.0128458,77.8466,24.6914,3.81039e-17,6.17284e-09,4e+09,0.0405,0,1
4,20118852000000,205000,0.0162098,61.6912,5.39811,1.82122e-18,1.34953e-09,4e+09,0.18525,0,1
4,20118853000000,209000,0.016244,61.5611,55.5556,1.92901e-16,1.38889e-08,4e+09,0.018,0,1
4,20118854000000,213000,0.0160329,62.3719,200,2.5e-15,5e-08,4e+09,0.005,0,1
4,20118855000000,217000,0.0159585,62.6624,83.3333,4.34028e-16,2.08333e-08,4e+09,0.012,0,1
4,20118856000000,221000,0.0157602,63.451,200,2.5e-15,5e-08,4e+09,0.005,0,1
4,20118857000000,225000,0.0156756,63.7936,90.9091,5.16529e-16,2.27273e-08,4e+09,0.011,0,1
4,20118858000000,229000,0.0154891,64.5616,200,2.5e-15,5e-08,4e+09,0.005,0,1
4,20118859000000,233000,0.015382,65.0112,108.108,7.3046e-16,2.7027e-08,4e+09,0.00925,0,1
4,20118860000000,237000,0.0151899,65.8333,250,3.90625e-15,6.25e-08,4e+09,0.004,0,1
4,20118861000000,241000,0.015166,65.9371,72.7273,3.30579e-16,1.81818e-08,4e+09,0.01375,0,1
4,20118862000000,245000,0.015,66.6667,200,2.5e-15,5e-08,4e+09,0.005,0,1
4,20118863000000,249000,0.0149357,66.9535,90.9091,5.16529e-16,2.27273e-08,4e+09,0.011,0,1
4,20118864000000,253000,0.0149209,67.0199,71.4286,3.18878e-16,1.78571e-08,4e+09,0.014,0,1
4,20118865000000,257000,0.0149689,66.8053,55.5556,1.92901e-16,1.38889e-08,4e+09,0.018,0,1
4,20118866000000,261000,0.0148008,67.5641,250,3.90625e-15,6.25e-08,4e+09,0.004,0,1
4,20118867000000,265000,0.0147698,67.7057,78.4314,3.84468e-16,1.96078e-08,4e+09,0.01275,0,1
4,20118868000000,268888,0.0147124,67.9697,92.5714,5.35592e-16,2.31429e-08,4e+09,0.0108025,0,1
4,20118869000000,268888,0.0147124,67.9697,0,0,0,4e+09,-nan,0,1
5,20118801000000,4000,0.008,125,125,9.76562e-16,3.125e-08,4e+09,0.008,0,1
5,20118802000000,8000,0.006,166.667,250,3.90625e-15,6.25e-08,4e+09,0.004,0,1
5,20118803000000,12000,0.00933333,107.143,62.5,2.44141e-16,1.5625e-08,4e+09,0.016,0,1
5,20118804000000,16000,0.008,125,250,3.90625e-15,6.25e-08,4e+09,0.004,0,1
5,20118805000000,20000,0.0088,113.636,83.3333,4.34028e-16,2.08333e-08,4e+09,0.012,0,1
5,20118806000000,24000,0.00733333,136.364,0,0,0,4e+09,0,0,1
5,20118807000000,28000,0.00685714,145.833,250,3.90625e-15,6.25e-08,4e+09,0.004,0,1
5,20118808000000,32000,0.007,142.857,125,9.76562e-16,3.125e-08,4e+09,0.008,0,1
5,20118809000000,36000,0.00666667,150,250,3.90625e-15,6.25e-08,4e+09,0.004,0,1
5,20118810000000,40000,0.0076,131.579,62.5,2.44141e-16,1.5625e-08,4e+09,0.016,0,1
5,20118811000000,44000,0.00725,137.931,266.667,4.44444e-15,6.66667e-08,4e+09,0.00375,0,1
5,20118812000000,48000,0.00941667,106.195,30.0752,5.65323e-17,7.5188e-09,4e+09,0.03325,0,1
5,20118813000000,52000,0.00892308,112.069,333.333,6.94444e-15,8.33333e-08,4e+09,0.003,0,1
5,20118814000000,56000,0.0104286,95.8904,33.3333,6.94444e-17,8.33333e-09,4e+09,0.03,0,1
5,20118815000000,60000,0.00993333,100.671,333.333,6.94444e-15,8.33333e-08,4e+09,0.003,0,1
5,20118816000000,64000,0.0111875,89.3855,33.3333,6.94444e-17,8.33333e-09,4e+09,0.03,0,1
5,20118817000000,68000,0.0107059,93.4066,333.333,6.94444e-15,8.33333e-08,4e+09,0.003,0,1
5,20118818000000,72000,0.0124167,80.5369,24.0964,3.62897e-17,6.0241e-09,4e+09,0.0415,0,1
5,20118819000000,76000,0.0134211,74.5098,31.746,6.29882e-17,7.93651e-09,4e+09,0.0315,0,1
5,20118820000000,80000,0.0187875,53.2269,8.28157,4.28653e-18,2.07039e-09,4e+09,0.12075,0,1
5,20118821000000,84000,0.0190476,52.5,41.2371,1.06281e-16,1.03093e-08,4e+09,0.02425,0,1
5,20118822000000,88000,0.0183636,54.4554,250,3.90625e-15,6.25e-08,4e+09,0.004,0,1
5,20118823000000,92000,0.018087,55.2885,83.3333,4.34028e-16,2.08333e-08,4e+09,0.012,0,1
5,20118824000000,96000,0.0175,57.1429,250,3.90625e-15,6.25e-08,4e+09,0.004,0,1
5,20118825000000,100000,0.01712,58.4112,125,9.76562e-16,3.125e-08,4e+09,0.008,0,1
5,20118826000000,104000,0.0166154,60.1852,250,3.90625e-15,6.25e-08,4e+09,0.004,0,1
5,20118827000000,108000,0.0162963,61.3636,125,9.76562e-16,3.125e-08,4e+09,0.008,0,1
5,20118828000000,112000,0.0157143,63.6364,0,0,0,4e+09,0,0,1
5,20118829000000,113000,0.0157168,63.6261,62.5,2.5e-15,4e-08,1e+09,0.016,0,0.8
5,20118830000000,117000,0.015453,64.7124,125,9.76562e-16,3.125e-08,4e+09,0.008,0,1
5,20118831000000,121000,0.0150744,66.3377,250,3.90625e-15,6.25e-08,4e+09,0.004,0,1
5,20118832000000,125000,0.014848,67.3491,125,9.76562e-16,3.125e-08,4e+09,0.008,0,1
5,20118833000000,129000,0.0145116,68.9103,250,3.90625e-15,6.25e-08,4e+09,0.004,0,1
5,20118834000000,133000,0.0143158,69.8529,125,9.76562e-16,3.125e-08,4e+09,0.008,0,1
5,20118835000000,137000,0.0140146,71.3542,250,3.90625e-15,6.25e-08,4e+09,0.004,0,1
5,20118836000000,141000,0.013844,72.2336,125,9.76562e-16,3.125e-08,4e+09,0.008,0,1
5,20118837000000,145000,0.0135724,73.6789,250,3.90625e-15,6.25e-08,4e+09,0.004,0,1
5,20118838000000,149000,0.0134228,74.5,125,9.76562e-16,3.125e-08,4e+09,0.008,0,1
5,20118839000000,153000,0.0131765,75.8929,250,3.90625e-15,6.25e-08,4e+09,0.004,0,1
5,20118840000000,157000,0.0130446,76.6602,125,9.76562e-16,3.125e-08,4e+09,0.008,0,1
5,20118841000000,161000,0.0128199,78.0039,250,3.90625e-15,6.25e-08,4e+09,0.004,0,1
5,20118842000000,165000,0.012703,78.7214,125,9.76562e-16,3.125e-08,4e+09,0.008,0,1
5,20118843000000,169000,0.012497,80.0189,250,3.90625e-15,6.25e-08,4e+09,0.004,0,1
5,20118844000000,173000,0.0123931,80.6903,125,9.76562e-16,3.125e-08,4e+09,0.008,0,1
5,20118845000000,177000,0.0121808,82.0965,333.333,6.94444e-15,8.33333e-08,4e+09,0.003,0,1
5,20118846000000,181000,0.0121105,82.573,111.111,7.71605e-16,2.77778e-08,4e+09,0.009,0,1
5,20118847000000,185000,0.0123027,81.283,47.619,1.41723e-16,1.19048e-08,4e+09,0.021,0,1
5,20118848000000,189000,0.0121058,82.6049,333.333,6.94444e-15,8.33333e-08,4e+09,0.003,0,1
5,20118849000000,193000,0.0124767,80.1495,33.3333,6.94444e-17,8.33333e-09,4e+09,0.03,0,1
5,20118850000000,197000,0.0122843,81.405,333.333,6.94444e-15,8.33333e-08,4e+09,0.003,0,1
5,20118851000000,201000,0.0128458,77.8466,24.6914,3.81039e-17,6.17284e-09,4e+09,0.0405,0,1
5,20118852000000,205000,0.0162098,61.6912,5.39811,1.82122e-18,1.34953e-09,4e+09,0.18525,0,1
5,20118853000000,209000,0.016244,61.5611,55.5556,1.92901e-16,1.38889e-08,4e+09,0.018,0,1
5,20118854000000,213000,0.0160329,62.3719,200,2.5e-15,5e-08,4e+09,0.005,0,1
5,20118855000000,217000,0.0159585,62.6624,83.3333,4.34028e-16,2.08333e-08,4e+09,0.012,0,1
5,20118856000000,221000,0.0157602,63.451,200,2.5e-15,5e-08,4e+09,0.005,0,1
5,20118857000000,225000,0.0156756,63.7936,90.9091,5.16529e-16,2.27273e-08,4e+09,0.011,0,1
5,20118858000000,229000,0.0154891,64.5616,200,2.5e-15,5e-08,4e+09,0.005,0,1
5,20118859000000,233000,0.015382,65.0112,108.108,7.3046e-16,2.7027e-08,4e+09,0.00925,0,1
5,20118860000000,237000,0.0151899,65.8333,250,3.90625e-15,6.25e-08,4e+09,0.004,0,1
5,20118861000000,241000,0.015166,65.9371,72.7273,3.30579e-16,1.81818e-08,4e+09,0.01375,0,1
5,20118862000000,245000,0.015,66.6667,200,2.5e-15,5e-08,4e+09,0.005,0,1
5,20118863000000,249000,0.0149357,66.9535,90.9091,5.16529e-16,2.27273e-08,4e+09,0.011,0,1
5,20118864000000,253000,0.0149209,67.0199,71.4286,3.18878e-16,1.78571e-08,4e+09,0.014,0,1
5,20118865000000,257000,0.0149689,66.8053,55.5556,1.92901e-16,1.38889e-08,4e+09,0.018,0,1
5,20118866000000,261000,0.0148008,67.5641,250,3.90625e-15,6.25e-08,4e+09,0.004,0,1
5,20118867000000,265000,0.0147698,67.7057,78.4314,3.84468e-16,1.96078e-08,4e+09,0.01275,0,1
5,20118868000000,268888,0.0147124,67.9697,92.5714,5.35592e-16,2.31429e-08,4e+09,0.0108025,0,1
5,20118869000000,268888,0.0147124,67.9697,0,0,0,4e+09,-nan,0,1
6,20118801000000,4000,0.008,125,125,9.76562e-16,3.125e-08,4e+09,0.008,0,1
6,20118802000000,8000,0.006,166.667,250,3.90625e-15,6.25e-08,4e+09,0.004,0,1
6,20118803000000,12000,0.00933333,107.143,62.5,2.44141e-16,1.5625e-08,4e+09,0.016,0,1
6,20118804000000,16000,0.008,125,250,3.90625e-15,6.25e-08,4e+09,0.004,0,1
6,20118805000000,20000,0.0088,113.636,83.3333,4.34028e-16,2.08333e-08,4e+09,0.012,0,1
6,20118806000000,24000,0.00733333,136.364,0,0,0,4e+09,0,0,1
6,20118807000000,28000,0.00685714,145.833,250,3.90625e-15,6.25e-08,4e+09,0.004,0,1
6,20118808000000,32000,0.007,142.857,125,9.76562e-16,3.125e-08,4e+09,0.008,0,1
6,20118809000000,36000,0.00666667,150,250,3.90625e-15,6.25e-08,4e+09,0.004,0,1
6,20118810000000,40000,0.0076,131.579,62.5,2.44141e-16,1.5625e-08,4e+09,0.016,0,1
6,20118811000000,44000,0.00725,137.931,266.667,4.44444e-15,6.66667e-08,4e+09,0.00375,0,1
6,20118812000000,48000,0.00941667,106.195,30.0752,5.65323e-17,7.5188e-09,4e+09,0.03325,0,1
6,20118813000000,52000,0.00892308,112.069,333.333,6.94444e-15,8.33333e-08,4e+09,0.003,0,1
6,20118814000000,56000,0.0104286,95.8904,33.3333,6.94444e-17,8.33333e-09,4e+09,0.03,0,1
6,20118815000000,60000,0.00993333,100.671,333.333,6.94444e-15,8.33333e-08,4e+09,0.003,0,1
6,20118816000000,64000,0.0111875,89.3855,33.3333,6.94444e-17,8.33333e-09,4e+09,0.03,0,1
6,20118817000000,68000,0.0107059,93.4066,333.333,6.94444e-15,8.33333e-08,4e+09,0.003,0,1
6,20118818000000,72000,0.0124167,80.5369,24.0964,3.62897e-17,6.0241e-09,4e+09,0.0415,0,1
6,20118819000000,76000,0.0134211,74.5098,31.746,6.29882e-17,7.93651e-09,4e+09,0.0315,0,1
6,20118820000000,80000,0.0187875,53.2269,8.28157,4.28653e-18,2.07039e-09,4e+09,0.12075,0,1
6,20118821000000,84000,0.0190476,52.5,41.2371,1.06281e-16,1.03093e-08,4e+09,0.02425,0,1
6,20118822000000,88000,0.0183636,54.4554,250,3.90625e-15,6.25e-08,4e+09,0.004,0,1
6,20118823000000,92000,0.018087,55.2885,83.3333,4.34028e-16,2.08333e-08,4e+09,0.012,0,1
6,20118824000000,96000,0.0175,57.1429,250,3.90625e-15,6.25e-08,4e+09,0.004,0,1
6,20118825000000,100000,0.01712,58.4112,125,9.76562e-16,3.125e-08,4e+09,0.008,0,1
6,20118826000000,104000,0.0166154,60.1852,250,3.90625e-15,6.25e-08,4e+09,0.004,0,1
6,20118827000000,108000,0.0162963,61.3636,125,9.76562e-16,3.125e-08,4e+09,0.008,0,1
6,20118828000000,112000,0.0157143,63.6364,0,0,0,4e+09,0,0,1
6,20118829000000,113000,0.0157168,63.6261,62.5,2.5e-15,4e-08,1e+09,0.016,0,0.8
6,20118830000000,117000,0.015453,64.7124,125,9.76562e-16,3.125e-08,4e+09,0.008,0,1
6,20118831000000,121000,0.0150744,66.3377,250,3.90625e-15,6.25e-08,4e+09,0.004,0,1
6,20118832000000,125000,0.014848,67.3491,125,9.76562e-16,3.125e-08,4e+09,0.008,0,1
6,20118833000000,129000,0.0145116,68.9103,250,3.90625e-15,6.25e-08,4e+09,0.004,0,1
6,20118834000000,133000,0.0143158,69.8529,125,9.76562e-16,3.125e-08,4e+09,0.008,0,1
6,20118835000000,137000,0.0140146,71.3542,250,3.90625e-15,6.25e-08,4e+09,0.004,0,1
6,20118836000000,141000,0.013844,72.2336,125,9.76562e-16,3.125e-08,4e+09,0.008,0,1
6,20118837000000,145000,0.0135724,73.6789,250,3.90625e-15,6.25e-08,4e+09,0.004,0,1
6,20118838000000,149000,0.0134228,74.5,125,9.76562e-16,3.125e-08,4e+09,0.008,0,1
6,20118839000000,153000,0.0131765,75.8929,250,3.90625e-15,6.25e-08,4e+09,0.004,0,1
6,20118840000000,157000,0.0130446,76.6602,125,9.76562e-16,3.125e-08,4e+09,0.008,0,1
6,20118841000000,161000,0.0128199,78.0039,250,3.90625e-15,6.25e-08,4e+09,0.004,0,1
6,20118842000000,165000,0.012703,78.7214,125,9.76562e-16,3.125e-08,4e+09,0.008,0,1
6,20118843000000,169000,0.012497,80.0189,250,3.90625e-15,6.25e-08,4e+09,0.004,0,1
6,20118844000000,173000,0.0123931,80.6903,125,9.76562e-16,3.125e-08,4e+09,0.008,0,1
6,20118845000000,177000,0.0121808,82.0965,333.333,6.94444e-15,8.33333e-08,4e+09,0.003,0,1
6,20118846000000,181000,0.0121105,82.573,111.111,7.71605e-16,2.77778e-08,4e+09,0.009,0,1
6,20118847000000,185000,0.0123027,81.283,47.619,1.41723e-16,1.19048e-08,4e+09,0.021,0,1
6,20118848000000,189000,0.0121058,82.6049,333.333,6.94444e-15,8.33333e-08,4e+09,0.003,0,1
6,20118849000000,193000,0.0124767,80.1495,33.3333,6.94444e-17,8.33333e-09,4e+09,0.03,0,1
6,20118850000000,197000,0.0122843,81.405,333.333,6.94444e-15,8.33333e-08,4e+09,0.003,0,1
6,20118851000000,201000,0.0128458,77.8466,24.6914,3.81039e-17,6.17284e-09,4e+09,0.0405,0,1
6,20118852000000,205000,0.0162098,61.6912,5.39811,1.82122e-18,1.34953e-09,4e+09,0.18525,0,1
6,20118853000000,209000,0.016244,61.5611,55.5556,1.92901e-16,1.38889e-08,4e+09,0.018,0,1
6,20118854000000,213000,0.0160329,62.3719,200,2.5e-15,5e-08,4e+09,0.005,0,1
6,20118855000000,217000,0.0159585,62.6624,83.3333,4.34028e-16,2.08333e-08,4e+09,0.012,0,1
6,20118856000000,221000,0.0157602,63.451,200,2.5e-15,5e-08,4e+09,0.005,0,1
6,20118857000000,225000,0.0156756,63.7936,90.9091,5.16529e-16,2.27273e-08,4e+09,0.011,0,1
6,20118858000000,229000,0.0154891,64.5616,200,2.5e-15,5e-08,4e+09,0.005,0,1
6,20118859000000,233000,0.015382,65.0112,108.108,7.3046e-16,2.7027e-08,4e+09,0.00925,0,1
6,20118860000000,237000,0.0151899,65.8333,250,3.90625e-15,6.25e-08,4e+09,0.004,0,1
6,20118861000000,241000,0.015166,65.9371,72.7273,3.30579e-16,1.81818e-08,4e+09,0.01375,0,1
6,20118862000000,245000,0.015,66.6667,200,2.5e-15,5e-08,4e+09,0.005,0,1
6,20118863000000,249000,0.0149357,66.9535,90.9091,5.16529e-16,2.27273e-08,4e+09,0.011,0,1
6,20118864000000,253000,0.0149209,67.0199,71.4286,3.18878e-16,1.78571e-08,4e+09,0.014,0,1
6,20118865000000,257000,0.0149689,66.8053,55.5556,1.92901e-16,1.38889e-08,4e+09,0.018,0,1
6,20118866000000,261000,0.0148008,67.5641,250,3.90625e-15,6.25e-08,4e+09,0.004,0,1
6,20118867000000,265000,0.0147698,67.7057,78.4314,3.84468e-16,1.96078e-08,4e+09,0.01275,0,1
6,20118868000000,268888,0.0147124,67.9697,92.5714,5.35592e-16,2.31429e-08,4e+09,0.0108025,0,1
6,20118869000000,268888,0.0147124,67.9697,0,0,0,4e+09,-nan,0,1
7,20118801000000,4000,0.008,125,125,9.76562e-16,3.125e-08,4e+09,0.008,0,1
7,20118802000000,8000,0.006,166.667,250,3.90625e-15,6.25e-08,4e+09,0.004,0,1
7,20118803000000,12000,0.00933333,107.143,62.5,2.44141e-16,1.5625e-08,4e+09,0.016,0,1
7,20118804000000,16000,0.008,125,250,3.90625e-15,6.25e-08,4e+09,0.004,0,1
7,20118805000000,20000,0.0088,113.636,83.3333,4.34028e-16,2.08333e-08,4e+09,0.012,0,1
7,20118806000000,24000,0.00733333,136.364,0,0,0,4e+09,0,0,1
7,20118807000000,28000,0.00685714,145.833,250,3.90625e-15,6.25e-08,4e+09,0.004,0,1
7,20118808000000,32000,0.007,142.857,125,9.76562e-16,3.125e-08,4e+09,0.008,0,1
7,20118809000000,36000,0.00666667,150,250,3.90625e-15,6.25e-08,4e+09,0.004,0,1
7,20118810000000,40000,0.0076,131.579,62.5,2.44141e-16,1.5625e-08,4e+09,0.016,0,1
7,20118811000000,44000,0.00725,137.931,266.667,4.44444e-15,6.66667e-08,4e+09,0.00375,0,1
7,20118812000000,48000,0.00941667,106.195,30.0752,5.65323e-17,7.5188e-09,4e+09,0.03325,0,1
7,20118813000000,52000,0.00892308,112.069,333.333,6.94444e-15,8.33333e-08,4e+09,0.003,0,1
7,20118814000000,56000,0.0104286,95.8904,33.3333,6.94444e-17,8.33333e-09,4e+09,0.03,0,1
7,20118815000000,60000,0.00993333,100.671,333.333,6.94444e-15,8.33333e-08,4e+09,0.003,0,1
7,20118816000000,64000,0.0111875,89.3855,33.3333,6.94444e-17,8.33333e-09,4e+09,0.03,0,1
7,20118817000000,68000,0.0107059,93.4066,333.333,6.94444e-15,8.33333e-08,4e+09,0.003,0,1
7,20118818000000,72000,0.0124167,80.5369,24.0964,3.62897e-17,6.0241e-09,4e+09,0.0415,0,1
7,20118819000000,76000,0.0134211,74.5098,31.746,6.29882e-17,7.93651e-09,4e+09,0.0315,0,1
7,20118820000000,80000,0.0187875,53.2269,8.28157,4.28653e-18,2.07039e-09,4e+09,0.12075,0,1
7,20118821000000,84000,0.0190476,52.5,41.2371,1.06281e-16,1.03093e-08,4e+09,0.02425,0,1
7,20118822000000,88000,0.0183636,54.4554,250,3.90625e-15,6.25e-08,4e+09,0.004,0,1
7,20118823000000,92000,0.018087,55.2885,83.3333,4.34028e-16,2.08333e-08,4e+09,0.012,0,1
7,20118824000000,96000,0.0175,57.1429,250,3.90625e-15,6.25e-08,4e+09,0.004,0,1
7,20118825000000,100000,0.01712,58.4112,125,9.76562e-16,3.125e-08,4e+09,0.008,0,1
7,20118826000000,104000,0.0166154,60.1852,250,3.90625e-15,6.25e-08,4e+09,0.004,0,1
7,20118827000000,108000,0.0162963,61.3636,125,9.76562e-16,3.125e-08,4e+09,0.008,0,1
7,20118828000000,112000,0.0157143,63.6364,0,0,0,4e+09,0,0,1
7,20118829000000,113000,0.0157168,63.6261,62.5,2.5e-15,4e-08,1e+09,0.016,0,0.8
7,20118830000000,117000,0.015453,64.7124,125,9.76562e-16,3.125e-08,4e+09,0.008,0,1
7,20118831000000,121000,0.0150744,66.3377,250,3.90625e-15,6.25e-08,4e+09,0.004,0,1
7,20118832000000,125000,0.014848,67.3491,125,9.76562e-16,3.125e-08,4e+09,0.008,0,1
7,20118833000000,129000,0.0145116,68.9103,250,3.90625e-15,6.25e-08,4e+09,0.004,0,1
7,20118834000000,133000,0.0143158,69.8529,125,9.76562e-16,3.125e-08,4e+09,0.008,0,1
7,20118835000000,137000,0.0140146,71.3542,250,3.90625e-15,6.25e-08,4e+09,0.004,0,1
7,20118836000000,141000,0.013844,72.2336,125,9.76562e-16,3.125e-08,4e+09,0.008,0,1
7,20118837000000,145000,0.0135724,73.6789,250,3.90625e-15,6.25e-08,4e+09,0.004,0,1
7,20118838000000,149000,0.0134228,74.5,125,9.76562e-16,3.125e-08,4e+09,0.008,0,1
7,20118839000000,153000,0.0131765,75.8929,250,3.90625e-15,6.25e-08,4e+09,0.004,0,1
7,20118840000000,157000,0.0130446,76.6602,125,9.76562e-16,3.125e-08,4e+09,0.008,0,1
7,20118841000000,161000,0.0128199,78.0039,250,3.90625e-15,6.25e-08,4e+09,0.004,0,1
7,20118842000000,165000,0.012703,78.7214,125,9.76562e-16,3.125e-08,4e+09,0.008,0,1
7,20118843000000,169000,0.012497,80.0189,250,3.90625e-15,6.25e-08,4e+09,0.004,0,1
7,20118844000000,173000,0.0123931,80.6903,125,9.76562e-16,3.125e-08,4e+09,0.008,0,1
7,20118845000000,177000,0.0121808,82.0965,333.333,6.94444e-15,8.33333e-08,4e+09,0.003,0,1
7,20118846000000,181000,0.0121105,82.573,111.111,7.71605e-16,2.77778e-08,4e+09,0.009,0,1
7,20118847000000,185000,0.0123027,81.283,47.619,1.41723e-16,1.19048e-08,4e+09,0.021,0,1
7,20118848000000,189000,0.0121058,82.6049,333.333,6.94444e-15,8.33333e-08,4e+09,0.003,0,1
7,20118849000000,193000,0.0124767,80.1495,33.3333,6.94444e-17,8.33333e-09,4e+09,0.03,0,1
7,20118850000000,197000,0.0122843,81.405,333.333,6.94444e-15,8.33333e-08,4e+09,0.003,0,1
7,20118851000000,201000,0.0128458,77.8466,24.6914,3.81039e-17,6.17284e-09,4e+09,0.0405,0,1
7,20118852000000,205000,0.0162098,61.6912,5.39811,1.82122e-18,1.34953e-09,4e+09,0.18525,0,1
7,20118853000000,209000,0.016244,61.5611,55.5556,1.92901e-16,1.38889e-08,4e+09,0.018,0,1
7,20118854000000,213000,0.0160329,62.3719,200,2.5e-15,5e-08,4e+09,0.005,0,1
7,20118855000000,217000,0.0159585,62.6624,83.3333,4.34028e-16,2.08333e-08,4e+09,0.012,0,1
7,20118856000000,221000,0.0157602,63.451,200,2.5e-15,5e-08,4e+09,0.005,0,1
7,20118857000000,225000,0.0156756,63.7936,90.9091,5.16529e-16,2.27273e-08,4e+09,0.011,0,1
7,20118858000000,229000,0.0154891,64.5616,200,2.5e-15,5e-08,4e+09,0.005,0,1
7,20118859000000,233000,0.0152232,65.6893,0,0,0,4e+09,0,0,1
7,20118860000000,237000,0.0151224,66.1272,108.108,7.3046e-16,2.7027e-08,4e+09,0.00925,0,1
7,20118861000000,241000,0.015166,65.9371,56.338,1.98373e-16,1.40845e-08,4e+09,0.01775,0,1
7,20118862000000,245000,0.015,66.6667,200,2.5e-15,5e-08,4e+09,0.005,0,1
7,20118863000000,249000,0.0149357,66.9535,90.9091,5.16529e-16,2.27273e-08,4e+09,0.011,0,1
7,20118864000000,253000,0.0147787,67.6652,200,2.5e-15,5e-08,4e+09,0.005,0,1
7,20118865000000,257000,0.0147821,67.6494,66.6667,2.77778e-16,1.66667e-08,4e+09,0.015,0,1
7,20118866000000,261000,0.0147395,67.8451,83.3333,4.34028e-16,2.08333e-08,4e+09,0.012,0,1
7,20118867000000,265000,0.0145774,68.5995,250,3.90625e-15,6.25e-08,4e+09,0.004,0,1
7,20118868000000,269000,0.0145502,68.7276,78.4314,3.84468e-16,1.96078e-08,4e+09,0.01275,0,1
7,20118869000000,271864,0.0145514,68.7219,68.1905,2.90621e-16,1.70476e-08,4e+09,0.0146648,0,1
8,20118801000000,4000,0.008,125,125,9.76562e-16,3.125e-08,4e+09,0.008,0,1
8,20118802000000,8000,0.006,166.667,250,3.90625e-15,6.25e-08,4e+09,0.004,0,1
8,20118803000000,12000,0.00933333,107.143,62.5,2.44141e-16,1.5625e-08,4e+09,0.016,0,1
8,20118804000000,16000,0.008,125,250,3.90625e-15,6.25e-08,4e+09,0.004,0,1
8,20118805000000,20000,0.0064,156.25,0,0,0,4e+09,0,0,1
8,20118806000000,24000,0.00733333,136.364,83.3333,4.34028e-16,2.08333e-08,4e+09,0.012,0,1
8,20118807000000,28000,0.00685714,145.833,250,3.90625e-15,6.25e-08,4e+09,0.004,0,1
8,20118808000000,32000,0.007,142.857,125,9.76562e-16,3.125e-08,4e+09,0.008,0,1
8,20118809000000,36000,0.00666667,150,250,3.90625e-15,6.25e-08,4e+09,0.004,0,1
8,20118810000000,40000,0.0076,131.579,62.5,2.44141e-16,1.5625e-08,4e+09,0.016,0,1
8,20118811000000,44000,0.00725,137.931,266.667,4.44444e-15,6.66667e-08,4e+09,0.00375,0,1
8,20118812000000,48000,0.00941667,106.195,30.0752,5.65323e-17,7.5188e-09,4e+09,0.03325,0,1
8,20118813000000,52000,0.00892308,112.069,333.333,6.94444e-15,8.33333e-08,4e+09,0.003,0,1
8,20118814000000,56000,0.0104286,95.8904,33.3333,6.94444e-17,8.33333e-09,4e+09,0.03,0,1
8,20118815000000,60000,0.00993333,100.671,333.333,6.94444e-15,8.33333e-08,4e+09,0.003,0,1
8,20118816000000,64000,0.0111875,89.3855,33.3333,6.94444e-17,8.33333e-09,4e+09,0.03,0,1
8,20118817000000,68000,0.0107059,93.4066,333.333,6.94444e-15,8.33333e-08,4e+09,0.003,0,1
8,20118818000000,72000,0.0124167,80.5369,24.0964,3.62897e-17,6.0241e-09,4e+09,0.0415,0,1
8,20118819000000,76000,0.0134211,74.5098,31.746,6.29882e-17,7.93651e-09,4e+09,0.0315,0,1
8,20118820000000,80000,0.0187875,53.2269,8.28157,4.28653e-18,2.07039e-09,4e+09,0.12075,0,1
8,20118821000000,84000,0.0190476,52.5,41.2371,1.06281e-16,1.03093e-08,4e+09,0.02425,0,1
8,20118822000000,88000,0.0183636,54.4554,250,3.90625e-15,6.25e-08,4e+09,0.004,0,1
8,20118823000000,92000,0.018087,55.2885,83.3333,4.34028e-16,2.08333e-08,4e+09,0.012,0,1
8,20118824000000,96000,0.0175,57.1429,250,3.90625e-15,6.25e-08,4e+09,0.004,0,1
8,20118825000000,100000,0.01712,58.4112,125,9.76562e-16,3.125e-08,4e+09,0.008,0,1
8,20118826000000,104000,0.0164615,60.7477,0,0,0,4e+09,0,0,1
8,20118827000000,108000,0.016,62.5,250,3.90625e-15,6.25e-08,4e+09,0.004,0,1
8,20118828000000,112000,0.0157143,63.6364,125,9.76562e-16,3.125e-08,4e+09,0.008,0,1
8,20118829000000,113000,0.0157168,63.6261,62.5,2.5e-15,4e-08,1e+09,0.016,0,0.8
8,20118830000000,117000,0.015453,64.7124,125,9.76562e-16,3.125e-08,4e+09,0.008,0,1
8,20118831000000,121000,0.0150744,66.3377,250,3.90625e-15,6.25e-08,4e+09,0.004,0,1
8,20118832000000,125000,0.014848,67.3491,125,9.76562e-16,3.125e-08,4e+09,0.008,0,1
8,20118833000000,129000,0.0145116,68.9103,250,3.90625e-15,6.25e-08,4e+09,0.004,0,1
8,20118834000000,133000,0.0143158,69.8529,125,9.76562e-16,3.125e-08,4e+09,0.008,0,1
8,20118835000000,137000,0.0140146,71.3542,250,3.90625e-15,6.25e-08,4e+09,0.004,0,1
8,20118836000000,141000,0.013844,72.2336,125,9.76562e-16,3.125e-08,4e+09,0.008,0,1
8,20118837000000,145000,0.0134621,74.2828,0,0,0,4e+09,0,0,1
8,20118838000000,149000,0.0132081,75.7114,250,3.90625e-15,6.25e-08,4e+09,0.004,0,1
8,20118839000000,153000,0.0130719,76.5,125,9.76562e-16,3.125e-08,4e+09,0.008,0,1
8,20118840000000,157000,0.0128408,77.877,250,3.90625e-15,6.25e-08,4e+09,0.004,0,1
8,20118841000000,161000,0.0127205,78.6133,125,9.76562e-16,3.125e-08,4e+09,0.008,0,1
8,20118842000000,165000,0.0125091,79.9419,250,3.90625e-15,6.25e-08,4e+09,0.004,0,1
8,20118843000000,169000,0.0124024,80.6298,125,9.76562e-16,3.125e-08,4e+09,0.008,0,1
8,20118844000000,173000,0.0122081,81.9129,250,3.90625e-15,6.25e-08,4e+09,0.004,0,1
8,20118845000000,177000,0.012113,82.556,125,9.76562e-16,3.125e-08,4e+09,0.008,0,1
8,20118846000000,181000,0.0119116,83.9518,333.333,6.94444e-15,8.33333e-08,4e+09,0.003,0,1
8,20118847000000,185000,0.0123027,81.283,33.3333,6.94444e-17,8.33333e-09,4e+09,0.03,0,1
8,20118848000000,189000,0.0120688,82.8584,800,4e-14,2e-07,4e+09,0.00125,0,1
8,20118849000000,193000,0.0118549,84.3531,571.429,2.04082e-14,1.42857e-07,4e+09,0.00175,0,1
8,20118850000000,197000,0.0122234,81.8106,33.3333,6.94444e-17,8.33333e-09,4e+09,0.03,0,1
8,20118851000000,201000,0.0120398,83.0579,333.333,6.94444e-15,8.33333e-08,4e+09,0.003,0,1
8,20118852000000,205000,0.0125951,79.3958,24.6914,3.81039e-17,6.17284e-09,4e+09,0.0405,0,1
8,20118853000000,209000,0.0149091,67.0732,7.49064,3.50685e-18,1.87266e-09,4e+09,0.1335,0,1
8,20118854000000,213000,0.0148545,67.3198,83.3333,4.34028e-16,2.08333e-08,4e+09,0.012,0,1
8,20118855000000,217000,0.0146544,68.239,250,3.90625e-15,6.25e-08,4e+09,0.004,0,1
8,20118856000000,221000,0.0145339,68.8045,125,9.76562e-16,3.125e-08,4e+09,0.008,0,1
8,20118857000000,225000,0.0143467,69.7026,250,3.90625e-15,6.25e-08,4e+09,0.004,0,1
8,20118858000000,229000,0.0143057,69.9023,83.3333,4.34028e-16,2.08333e-08,4e+09,0.012,0,1
8,20118859000000,233000,0.0141974,70.4353,125,9.76562e-16,3.125e-08,4e+09,0.008,0,1
8,20118860000000,237000,0.0141603,70.6198,83.3333,4.34028e-16,2.08333e-08,4e+09,0.012,0,1
8,20118861000000,241000,0.0139917,71.4709,250,3.90625e-15,6.25e-08,4e+09,0.004,0,1
8,20118862000000,245000,0.0139592,71.6374,83.3333,4.34028e-16,2.08333e-08,4e+09,0.012,0,1
8,20118863000000,249000,0.0138635,72.1321,125,9.76562e-16,3.125e-08,4e+09,0.008,0,1
8,20118864000000,253000,0.013834,72.2857,83.3333,4.34028e-16,2.08333e-08,4e+09,0.012,0,1
8,20118865000000,257000,0.0136654,73.1777,333.333,6.94444e-15,8.33333e-08,4e+09,0.003,0,1
8,20118866000000,261000,0.0135326,73.8958,200,2.5e-15,5e-08,4e+09,0.005,0,1
8,20118867000000,265000,0.0133283,75.0283,0,0,0,4e+09,0,0,1
8,20118868000000,265236,0.0133315,75.0102,59,2.17562e-16,1.475e-08,4e+09,0.0169492,0,1
8,20118869000000,265236,0.0133315,75.0102,0,0,0,4e+09,-nan,0,1
9,20118801000000,4000,0.008,125,125,9.76562e-16,3.125e-08,4e+09,0.008,0,1
9,20118802000000,8000,0.006,166.667,250,3.90625e-15,6.25e-08,4e+09,0.004,0,1
9,20118803000000,12000,0.00933333,107.143,62.5,2.44141e-16,1.5625e-08,4e+09,0.016,0,1
9,20118804000000,16000,0.008,125,250,3.90625e-15,6.25e-08,4e+09,0.004,0,1
9,20118805000000,20000,0.0064,156.25,0,0,0,4e+09,0,0,1
9,20118806000000,24000,0.00733333,136.364,83.3333,4.34028e-16,2.08333e-08,4e+09,0.012,0,1
9,20118807000000,28000,0.00685714,145.833,250,3.90625e-15,6.25e-08,4e+09,0.004,0,1
9,20118808000000,32000,0.007,142.857,125,9.76562e-16,3.125e-08,4e+09,0.008,0,1
9,20118809000000,36000,0.00666667,150,250,3.90625e-15,6.25e-08,4e+09,0.004,0,1
9,20118810000000,40000,0.0076,131.579,62.5,2.44141e-16,1.5625e-08,4e+09,0.016,0,1
9,20118811000000,44000,0.00725,137.931,266.667,4.44444e-15,6.66667e-08,4e+09,0.00375,0,1
9,20118812000000,48000,0.00941667,106.195,30.0752,5.65323e-17,7.5188e-09,4e+09,0.03325,0,1
9,20118813000000,52000,0.00892308,112.069,333.333,6.94444e-15,8.33333e-08,4e+09,0.003,0,1
9,20118814000000,56000,0.0104286,95.8904,33.3333,6.94444e-17,8.33333e-09,4e+09,0.03,0,1
9,20118815000000,60000,0.00993333,100.671,333.333,6.94444e-15,8.33333e-08,4e+09,0.003,0,1
9,20118816000000,64000,0.0111875,89.3855,33.3333,6.94444e-17,8.33333e-09,4e+09,0.03,0,1
9,20118817000000,68000,0.0107059,93.4066,333.333,6.94444e-15,8.33333e-08,4e+09,0.003,0,1
9,20118818000000,72000,0.0124167,80.5369,24.0964,3.62897e-17,6.0241e-09,4e+09,0.0415,0,1
9,20118819000000,76000,0.0134211,74.5098,31.746,6.29882e-17,7.93651e-09,4e+09,0.0315,0,1
9,20118820000000,80000,0.0187875,53.2269,8.28157,4.28653e-18,2.07039e-09,4e+09,0.12075,0,1
9,20118821000000,84000,0.0190476,52.5,41.2371,1.06281e-16,1.03093e-08,4e+09,0.02425,0,1
9,20118822000000,88000,0.0183636,54.4554,250,3.90625e-15,6.25e-08,4e+09,0.004,0,1
9,20118823000000,92000,0.018087,55.2885,83.3333,4.34028e-16,2.08333e-08,4e+09,0.012,0,1
9,20118824000000,96000,0.0175,57.1429,250,3.90625e-15,6.25e-08,4e+09,0.004,0,1
9,20118825000000,100000,0.01712,58.4112,125,9.76562e-16,3.125e-08,4e+09,0.008,0,1
9,20118826000000,104000,0.0164615,60.7477,0,0,0,4e+09,0,0,1
9,20118827000000,108000,0.016,62.5,250,3.90625e-15,6.25e-08,4e+09,0.004,0,1
9,20118828000000,112000,0.0157143,63.6364,125,9.76562e-16,3.125e-08,4e+09,0.008,0,1
9,20118829000000,113000,0.0157168,63.6261,62.5,2.5e-15,4e-08,1e+09,0.016,0,0.8
9,20118830000000,117000,0.015453,64.7124,125,9.76562e-16,3.125e-08,4e+09,0.008,0,1
9,20118831000000,121000,0.0150744,66.3377,250,3.90625e-15,6.25e-08,4e+09,0.004,0,1
9,20118832000000,125000,0.014848,67.3491,125,9.76562e-16,3.125e-08,4e+09,0.008,0,1
9,20118833000000,129000,0.0145116,68.9103,250,3.90625e-15,6.25e-08,4e+09,0.004,0,1
9,20118834000000,133000,0.0143158,69.8529,125,9.76562e-16,3.125e-08,4e+09,0.008,0,1
9,20118835000000,137000,0.0140146,71.3542,250,3.90625e-15,6.25e-08,4e+09,0.004,0,1
9,20118836000000,141000,0.013844,72.2336,125,9.76562e-16,3.125e-08,4e+09,0.008,0,1
9,20118837000000,145000,0.0134621,74.2828,0,0,0,4e+09,0,0,1
9,20118838000000,149000,0.0132081,75.7114,250,3.90625e-15,6.25e-08,4e+09,0.004,0,1
9,20118839000000,153000,0.0130719,76.5,125,9.76562e-16,3.125e-08,4e+09,0.008,0,1
9,20118840000000,157000,0.0128408,77.877,250,3.90625e-15,6.25e-08,4e+09,0.004,0,1
9,20118841000000,161000,0.0127205,78.6133,125,9.76562e-16,3.125e-08,4e+09,0.008,0,1
9,20118842000000,165000,0.0125091,79.9419,250,3.90625e-15,6.25e-08,4e+09,0.004,0,1
9,20118843000000,169000,0.0124024,80.6298,125,9.76562e-16,3.125e-08,4e+09,0.008,0,1
9,20118844000000,173000,0.0122081,81.9129,250,3.90625e-15,6.25e-08,4e+09,0.004,0,1
9,20118845000000,177000,0.012113,82.556,125,9.76562e-16,3.125e-08,4e+09,0.008,0,1
9,20118846000000,181000,0.0119116,83.9518,333.333,6.94444e-15,8.33333e-08,4e+09,0.003,0,1
9,20118847000000,185000,0.0123027,81.283,33.3333,6.94444e-17,8.33333e-09,4e+09,0.03,0,1
9,20118848000000,189000,0.0120688,82.8584,800,4e-14,2e-07,4e+09,0.00125,0,1
9,20118849000000,193000,0.0118549,84.3531,571.429,2.04082e-14,1.42857e-07,4e+09,0.00175,0,1
9,20118850000000,197000,0.0122234,81.8106,33.3333,6.94444e-17,8.33333e-09,4e+09,0.03,0,1
9,20118851000000,201000,0.0120398,83.0579,333.333,6.94444e-15,8.33333e-08,4e+09,0.003,0,1
9,20118852000000,205000,0.0125951,79.3958,24.6914,3.81039e-17,6.17284e-09,4e+09,0.0405,0,1
9,20118853000000,209000,0.0149091,67.0732,7.49064,3.50685e-18,1.87266e-09,4e+09,0.1335,0,1
9,20118854000000,213000,0.0148545,67.3198,83.3333,4.34028e-16,2.08333e-08,4e+09,0.012,0,1
9,20118855000000,217000,0.0146544,68.239,250,3.90625e-15,6.25e-08,4e+09,0.004,0,1
9,20118856000000,221000,0.0145339,68.8045,125,9.76562e-16,3.125e-08,4e+09,0.008,0,1
9,20118857000000,225000,0.0143467,69.7026,250,3.90625e-15,6.25e-08,4e+09,0.004,0,1
9,20118858000000,229000,0.0143057,69.9023,83.3333,4.34028e-16,2.08333e-08,4e+09,0.012,0,1
9,20118859000000,233000,0.0141974,70.4353,125,9.76562e-16,3.125e-08,4e+09,0.008,0,1
9,20118860000000,237000,0.0141603,70.6198,83.3333,4.34028e-16,2.08333e-08,4e+09,0.012,0,1
9,20118861000000,241000,0.0139917,71.4709,250,3.90625e-15,6.25e-08,4e+09,0.004,0,1
9,20118862000000,245000,0.0139592,71.6374,83.3333,4.34028e-16,2.08333e-08,4e+09,0.012,0,1
9,20118863000000,249000,0.0138635,72.1321,125,9.76562e-16,3.125e-08,4e+09,0.008,0,1
9,20118864000000,253000,0.013834,72.2857,83.3333,4.34028e-16,2.08333e-08,4e+09,0.012,0,1
9,20118865000000,257000,0.0136654,73.1777,333.333,6.94444e-15,8.33333e-08,4e+09,0.003,0,1
9,20118866000000,261000,0.0135326,73.8958,200,2.5e-15,5e-08,4e+09,0.005,0,1
9,20118867000000,265000,0.0133283,75.0283,0,0,0,4e+09,0,0,1
9,20118868000000,265236,0.0133315,75.0102,59,2.17562e-16,1.475e-08,4e+09,0.0169492,0,1
9,20118869000000,265236,0.0133315,75.0102,0,0,0,4e+09,-nan,0,1
10,20118801000000,4000,0.008,125,125,9.76562e-16,3.125e-08,4e+09,0.008,0,1
10,20118802000000,8000,0.006,166.667,250,3.90625e-15,6.25e-08,4e+09,0.004,0,1
10,20118803000000,12000,0.00933333,107.143,62.5,2.44141e-16,1.5625e-08,4e+09,0.016,0,1
10,20118804000000,16000,0.008,125,250,3.90625e-15,6.25e-08,4e+09,0.004,0,1
10,20118805000000,20000,0.0064,156.25,0,0,0,4e+09,0,0,1
10,20118806000000,24000,0.00733333,136.364,83.3333,4.34028e-16,2.08333e-08,4e+09,0.012,0,1
10,20118807000000,28000,0.00685714,145.833,250,3.90625e-15,6.25e-08,4e+09,0.004,0,1
10,20118808000000,32000,0.007,142.857,125,9.76562e-16,3.125e-08,4e+09,0.008,0,1
10,20118809000000,36000,0.00666667,150,250,3.90625e-15,6.25e-08,4e+09,0.004,0,1
10,20118810000000,40000,0.0076,131.579,62.5,2.44141e-16,1.5625e-08,4e+09,0.016,0,1
10,20118811000000,44000,0.00725,137.931,266.667,4.44444e-15,6.66667e-08,4e+09,0.00375,0,1
10,20118812000000,48000,0.00941667,106.195,30.0752,5.65323e-17,7.5188e-09,4e+09,0.03325,0,1
10,20118813000000,52000,0.00892308,112.069,333.333,6.94444e-15,8.33333e-08,4e+09,0.003,0,1
10,20118814000000,56000,0.0104286,95.8904,33.3333,6.94444e-17,8.33333e-09,4e+09,0.03,0,1
10,20118815000000,60000,0.00993333,100.671,333.333,6.94444e-15,8.33333e-08,4e+09,0.003,0,1
10,20118816000000,64000,0.0111875,89.3855,33.3333,6.94444e-17,8.33333e-09,4e+09,0.03,0,1
10,20118817000000,68000,0.0107059,93.4066,333.333,6.94444e-15,8.33333e-08,4e+09,0.003,0,1
10,20118818000000,72000,0.0124167,80.5369,24.0964,3.62897e-17,6.0241e-09,4e+09,0.0415,0,1
10,20118819000000,76000,0.0134211,74.5098,31.746,6.29882e-17,7.93651e-09,4e+09,0.0315,0,1
10,20118820000000,80000,0.0187875,53.2269,8.28157,4.28653e-18,2.07039e-09,4e+09,0.12075,0,1
10,20118821000000,84000,0.0190476,52.5,41.2371,1.06281e-16,1.03093e-08,4e+09,0.02425,0,1
10,20118822000000,88000,0.0183636,54.4554,250,3.90625e-15,6.25e-08,4e+09,0.004,0,1
10,20118823000000,92000,0.018087,55.2885,83.3333,4.34028e-16,2.08333e-08,4e+09,0.012,0,1
10,20118824000000,96000,0.0175,57.1429,250,3.90625e-15,6.25e-08,4e+09,0.004,0,1
10,20118825000000,100000,0.01712,58.4112,125,9.76562e-16,3.125e-08,4e+09,0.008,0,1
10,20118826000000,104000,0.0164615,60.7477,0,0,0,4e+09,0,0,1
10,20118827000000,108000,0.016,62.5,250,3.90625e-15,6.25e-08,4e+09,0.004,0,1
10,20118828000000,112000,0.0157143,63.6364,125,9.76562e-16,3.125e-08,4e+09,0.008,0,1
10,20118829000000,113000,0.0157168,63.6261,62.5,2.5e-15,4e-08,1e+09,0.016,0,0.8
10,20118830000000,117000,0.015453,64.7124,125,9.76562e-16,3.125e-08,4e+09,0.008,0,1
10,20118831000000,121000,0.0150744,66.3377,250,3.90625e-15,6.25e-08,4e+09,0.004,0,1
10,20118832000000,125000,0.014848,67.3491,125,9.76562e-16,3.125e-08,4e+09,0.008,0,1
10,20118833000000,129000,0.0145116,68.9103,250,3.90625e-15,6.25e-08,4e+09,0.004,0,1
10,20118834000000,133000,0.0143158,69.8529,125,9.76562e-16,3.125e-08,4e+09,0.008,0,1
10,20118835000000,137000,0.0140146,71.3542,250,3.90625e-15,6.25e-08,4e+09,0.004,0,1
10,20118836000000,141000,0.013844,72.2336,125,9.76562e-16,3.125e-08,4e+09,0.008,0,1
10,20118837000000,145000,0.0134621,74.2828,0,0,0,4e+09,0,0,1
10,20118838000000,149000,0.0132081,75.7114,250,3.90625e-15,6.25e-08,4e+09,0.004,0,1
10,20118839000000,153000,0.0130719,76.5,125,9.76562e-16,3.125e-08,4e+09,0.008,0,1
10,20118840000000,157000,0.0128408,77.877,250,3.90625e-15,6.25e-08,4e+09,0.004,0,1
10,20118841000000,161000,0.0127205,78.6133,125,9.76562e-16,3.125e-08,4e+09,0.008,0,1
10,20118842000000,165000,0.0125091,79.9419,250,3.90625e-15,6.25e-08,4e+09,0.004,0,1
10,20118843000000,169000,0.0124024,80.6298,125,9.76562e-16,3.125e-08,4e+09,0.008,0,1
10,20118844000000,173000,0.0122081,81.9129,250,3.90625e-15,6.25e-08,4e+09,0.004,0,1
10,20118845000000,177000,0.012113,82.556,125,9.76562e-16,3.125e-08,4e+09,0.008,0,1
10,20118846000000,181000,0.0119116,83.9518,333.333,6.94444e-15,8.33333e-08,4e+09,0.003,0,1
10,20118847000000,185000,0.0123027,81.283,33.3333,6.94444e-17,8.33333e-09,4e+09,0.03,0,1
10,20118848000000,189000,0.0120688,82.8584,800,4e-14,2e-07,4e+09,0.00125,0,1
10,20118849000000,193000,0.0118549,84.3531,571.429,2.04082e-14,1.42857e-07,4e+09,0.00175,0,1
10,20118850000000,197000,0.0122234,81.8106,33.3333,6.94444e-17,8.33333e-09,4e+09,0.03,0,1
10,20118851000000,201000,0.0120398,83.0579,333.333,6.94444e-15,8.33333e-08,4e+09,0.003,0,1
10,20118852000000,205000,0.0125951,79.3958,24.6914,3.81039e-17,6.17284e-09,4e+09,0.0405,0,1
10,20118853000000,209000,0.0149091,67.0732,7.49064,3.50685e-18,1.87266e-09,4e+09,0.1335,0,1
10,20118854000000,213000,0.0148545,67.3198,83.3333,4.34028e-16,2.08333e-08,4e+09,0.012,0,1
10,20118855000000,217000,0.0146544,68.239,250,3.90625e-15,6.25e-08,4e+09,0.004,0,1
10,20118856000000,221000,0.0145339,68.8045,125,9.76562e-16,3.125e-08,4e+09,0.008,0,1
10,20118857000000,225000,0.0143467,69.7026,250,3.90625e-15,6.25e-08,4e+09,0.004,0,1
10,20118858000000,229000,0.0143057,69.9023,83.3333,4.34028e-16,2.08333e-08,4e+09,0.012,0,1
10,20118859000000,233000,0.0141974,70.4353,125,9.76562e-16,3.125e-08,4e+09,0.008,0,1
10,20118860000000,237000,0.0141603,70.6198,83.3333,4.34028e-16,2.08333e-08,4e+09,0.012,0,1
10,20118861000000,241000,0.0139917,71.4709,250,3.90625e-15,6.25e-08,4e+09,0.004,0,1
10,20118862000000,245000,0.0139592,71.6374,83.3333,4.34028e-16,2.08333e-08,4e+09,0.012,0,1
10,20118863000000,249000,0.0138635,72.1321,125,9.76562e-16,3.125e-08,4e+09,0.008,0,1
10,20118864000000,253000,0.013834,72.2857,83.3333,4.34028e-16,2.08333e-08,4e+09,0.012,0,1
10,20118865000000,257000,0.0136654,73.1777,333.333,6.94444e-15,8.33333e-08,4e+09,0.003,0,1
10,20118866000000,261000,0.0135326,73.8958,200,2.5e-15,5e-08,4e+09,0.005,0,1
10,20118867000000,265000,0.0133283,75.0283,0,0,0,4e+09,0,0,1
10,20118868000000,265236,0.0133315,75.0102,59,2.17562e-16,1.475e-08,4e+09,0.0169492,0,1
10,20118869000000,265236,0.0133315,75.0102,0,0,0,4e+09,-nan,0,1
11,20118801000000,4000,0.008,125,125,9.76562e-16,3.125e-08,4e+09,0.008,0,1
11,20118802000000,8000,0.006,166.667,250,3.90625e-15,6.25e-08,4e+09,0.004,0,1
11,20118803000000,12000,0.00933333,107.143,62.5,2.44141e-16,1.5625e-08,4e+09,0.016,0,1
11,20118804000000,16000,0.008,125,250,3.90625e-15,6.25e-08,4e+09,0.004,0,1
11,20118805000000,20000,0.0064,156.25,0,0,0,4e+09,0,0,1
11,20118806000000,24000,0.00733333,136.364,83.3333,4.34028e-16,2.08333e-08,4e+09,0.012,0,1
11,20118807000000,28000,0.00685714,145.833,250,3.90625e-15,6.25e-08,4e+09,0.004,0,1
11,20118808000000,32000,0.007,142.857,125,9.76562e-16,3.125e-08,4e+09,0.008,0,1
11,20118809000000,36000,0.00666667,150,250,3.90625e-15,6.25e-08,4e+09,0.004,0,1
11,20118810000000,40000,0.0076,131.579,62.5,2.44141e-16,1.5625e-08,4e+09,0.016,0,1
11,20118811000000,44000,0.00725,137.931,266.667,4.44444e-15,6.66667e-08,4e+09,0.00375,0,1
11,20118812000000,48000,0.00941667,106.195,30.0752,5.65323e-17,7.5188e-09,4e+09,0.03325,0,1
11,20118813000000,52000,0.00892308,112.069,333.333,6.94444e-15,8.33333e-08,4e+09,0.003,0,1
11,20118814000000,56000,0.0104286,95.8904,33.3333,6.94444e-17,8.33333e-09,4e+09,0.03,0,1
11,20118815000000,60000,0.00993333,100.671,333.333,6.94444e-15,8.33333e-08,4e+09,0.003,0,1
11,20118816000000,64000,0.0111875,89.3855,33.3333,6.94444e-17,8.33333e-09,4e+09,0.03,0,1
11,20118817000000,68000,0.0107059,93.4066,333.333,6.94444e-15,8.33333e-08,4e+09,0.003,0,1
11,20118818000000,72000,0.0124167,80.5369,24.0964,3.62897e-17,6.0241e-09,4e+09,0.0415,0,1
11,20118819000000,76000,0.0134211,74.5098,31.746,6.29882e-17,7.93651e-09,4e+09,0.0315,0,1
11,20118820000000,80000,0.0187875,53.2269,8.28157,4.28653e-18,2.07039e-09,4e+09,0.12075,0,1
11,20118821000000,84000,0.0190476,52.5,41.2371,1.06281e-16,1.03093e-08,4e+09,0.02425,0,1
11,20118822000000,88000,0.0183636,54.4554,250,3.90625e-15,6.25e-08,4e+09,0.004,0,1
11,20118823000000,92000,0.018087,55.2885,83.3333,4.34028e-16,2.08333e-08,4e+09,0.012,0,1
11,20118824000000,96000,0.0175,57.1429,250,3.90625e-15,6.25e-08,4e+09,0.004,0,1
11,20118825000000,100000,0.01712,58.4112,125,9.76562e-16,3.125e-08,4e+09,0.008,0,1
11,20118826000000,104000,0.0164615,60.7477,0,0,0,4e+09,0,0,1
11,20118827000000,108000,0.016,62.5,250,3.90625e-15,6.25e-08,4e+09,0.004,0,1
11,20118828000000,112000,0.0157143,63.6364,125,9.76562e-16,3.125e-08,4e+09,0.008,0,1
11,20118829000000,113000,0.0157168,63.6261,62.5,2.5e-15,4e-08,1e+09,0.016,0,0.8
11,20118830000000,117000,0.015453,64.7124,125,9.76562e-16,3.125e-08,4e+09,0.008,0,1
11,20118831000000,121000,0.0150744,66.3377,250,3.90625e-15,6.25e-08,4e+09,0.004,0,1
11,20118832000000,125000,0.014848,67.3491,125,9.76562e-16,3.125e-08,4e+09,0.008,0,1
11,20118833000000,129000,0.0145116,68.9103,250,3.90625e-15,6.25e-08,4e+09,0.004,0,1
11,20118834000000,133000,0.0143158,69.8529,125,9.76562e-16,3.125e-08,4e+09,0.008,0,1
11,20118835000000,137000,0.0140146,71.3542,250,3.90625e-15,6.25e-08,4e+09,0.004,0,1
11,20118836000000,141000,0.013844,72.2336,125,9.76562e-16,3.125e-08,4e+09,0.008,0,1
11,20118837000000,145000,0.0134621,74.2828,0,0,0,4e+09,0,0,1
11,20118838000000,149000,0.0132081,75.7114,250,3.90625e-15,6.25e-08,4e+09,0.004,0,1
11,20118839000000,153000,0.0130719,76.5,125,9.76562e-16,3.125e-08,4e+09,0.008,0,1
11,20118840000000,157000,0.0128408,77.877,250,3.90625e-15,6.25e-08,4e+09,0.004,0,1
11,20118841000000,161000,0.0127205,78.6133,125,9.76562e-16,3.125e-08,4e+09,0.008,0,1
11,20118842000000,165000,0.0125091,79.9419,250,3.90625e-15,6.25e-08,4e+09,0.004,0,1
11,20118843000000,169000,0.0124024,80.6298,125,9.76562e-16,3.125e-08,4e+09,0.008,0,1
11,20118844000000,173000,0.0122081,81.9129,250,3.90625e-15,6.25e-08,4e+09,0.004,0,1
11,20118845000000,177000,0.012113,82.556,125,9.76562e-16,3.125e-08,4e+09,0.008,0,1
11,20118846000000,181000,0.0119116,83.9518,333.333,6.94444e-15,8.33333e-08,4e+09,0.003,0,1
11,20118847000000,185000,0.0123027,81.283,33.3333,6.94444e-17,8.33333e-09,4e+09,0.03,0,1
11,20118848000000,189000,0.0120688,82.8584,800,4e-14,2e-07,4e+09,0.00125,0,1
11,20118849000000,193000,0.0118549,84.3531,571.429,2.04082e-14,1.42857e-07,4e+09,0.00175,0,1
11,20118850000000,197000,0.0122234,81.8106,33.3333,6.94444e-17,8.33333e-09,4e+09,0.03,0,1
11,20118851000000,201000,0.0120398,83.0579,333.333,6.94444e-15,8.33333e-08,4e+09,0.003,0,1
11,20118852000000,205000,0.0125951,79.3958,24.6914,3.81039e-17,6.17284e-09,4e+09,0.0405,0,1
11,20118853000000,209000,0.0149091,67.0732,7.49064,3.50685e-18,1.87266e-09,4e+09,0.1335,0,1
11,20118854000000,213000,0.0149296,66.9811,62.5,2.44141e-16,1.5625e-08,4e+09,0.016,0,1
11,20118855000000,217000,0.0147834,67.6434,142.857,1.27551e-15,3.57143e-08,4e+09,0.007,0,1
11,20118856000000,221000,0.0145339,68.8045,1000,6.25e-14,2.5e-07,4e+09,0.001,0,1
11,20118857000000,225000,0.0144889,69.0184,83.3333,4.34028e-16,2.08333e-08,4e+09,0.012,0,1
11,20118858000000,229000,0.0143057,69.9023,250,3.90625e-15,6.25e-08,4e+09,0.004,0,1
11,20118859000000,233000,0.0142661,70.0963,83.3333,4.34028e-16,2.08333e-08,4e+09,0.012,0,1
11,20118860000000,237000,0.0141603,70.6198,125,9.76562e-16,3.125e-08,4e+09,0.008,0,1
11,20118861000000,241000,0.0141245,70.7991,83.3333,4.34028e-16,2.08333e-08,4e+09,0.012,0,1
11,20118862000000,245000,0.0139592,71.6374,250,3.90625e-15,6.25e-08,4e+09,0.004,0,1
11,20118863000000,249000,0.0139116,71.8822,90.9091,5.16529e-16,2.27273e-08,4e+09,0.011,0,1
11,20118864000000,253000,0.013834,72.2857,111.111,7.71605e-16,2.77778e-08,4e+09,0.009,0,1
11,20118865000000,257000,0.0137432,72.7633,125,9.76562e-16,3.125e-08,4e+09,0.008,0,1
11,20118866000000,260492,0.0135743,73.6686,873,4.76331e-14,2.1825e-07,4e+09,0.00114548,0,1
11,20118867000000,260492,0.0135743,73.6686,0,0,0,4e+09,-nan,0,1
11,20118868000000,260492,0.0135743,73.6686,0,0,0,4e+09,-nan,0,1
11,20118869000000,260492,0.0135743,73.6686,0,0,0,4e+09,-nan,0,1
12,20118801000000,4000,0.00725,137.931,137.931,1.18906e-15,3.44828e-08,4e+09,0.00725,0,1
12,20118802000000,8000,0.004,250,1333.33,1.11111e-13,3.33333e-07,4e+09,0.00075,0,1
12,20118803000000,12000,0.004,250,250,3.90625e-15,6.25e-08,4e+09,0.004,0,1
12,20118804000000,16000,0.007,142.857,62.5,2.44141e-16,1.5625e-08,4e+09,0.016,0,1
12,20118805000000,20000,0.0064,156.25,250,3.90625e-15,6.25e-08,4e+09,0.004,0,1
12,20118806000000,24000,0.00733333,136.364,83.3333,4.34028e-16,2.08333e-08,4e+09,0.012,0,1
12,20118807000000,28000,0.00685714,145.833,250,3.90625e-15,6.25e-08,4e+09,0.004,0,1
12,20118808000000,32000,0.007,142.857,125,9.76562e-16,3.125e-08,4e+09,0.008,0,1
12,20118809000000,36000,0.00666667,150,250,3.90625e-15,6.25e-08,4e+09,0.004,0,1
12,20118810000000,40000,0.0076,131.579,62.5,2.44141e-16,1.5625e-08,4e+09,0.016,0,1
12,20118811000000,44000,0.00725,137.931,266.667,4.44444e-15,6.66667e-08,4e+09,0.00375,0,1
12,20118812000000,48000,0.00941667,106.195,30.0752,5.65323e-17,7.5188e-09,4e+09,0.03325,0,1
12,20118813000000,52000,0.00892308,112.069,333.333,6.94444e-15,8.33333e-08,4e+09,0.003,0,1
12,20118814000000,56000,0.0104286,95.8904,33.3333,6.94444e-17,8.33333e-09,4e+09,0.03,0,1
12,20118815000000,60000,0.00993333,100.671,333.333,6.94444e-15,8.33333e-08,4e+09,0.003,0,1
12,20118816000000,64000,0.011125,89.8876,34.4828,7.43163e-17,8.62069e-09,4e+09,0.029,0,1
12,20118817000000,68000,0.0107059,93.4066,250,3.90625e-15,6.25e-08,4e+09,0.004,0,1
12,20118818000000,72000,0.0112778,88.67,47.619,1.41723e-16,1.19048e-08,4e+09,0.021,0,1
12,20118819000000,76000,0.0129211,77.3931,23.5294,3.46021e-17,5.88235e-09,4e+09,0.0425,0,1
12,20118820000000,80000,0.0187875,53.2269,7.67754,3.68404e-18,1.91939e-09,4e+09,0.13025,0,1
12,20118821000000,84000,0.0190476,52.5,41.2371,1.06281e-16,1.03093e-08,4e+09,0.02425,0,1
12,20118822000000,88000,0.0183636,54.4554,250,3.90625e-15,6.25e-08,4e+09,0.004,0,1
12,20118823000000,92000,0.018087,55.2885,83.3333,4.34028e-16,2.08333e-08,4e+09,0.012,0,1
12,20118824000000,96000,0.0175,57.1429,250,3.90625e-15,6.25e-08,4e+09,0.004,0,1
12,20118825000000,100000,0.01712,58.4112,125,9.76562e-16,3.125e-08,4e+09,0.008,0,1
12,20118826000000,104000,0.0166154,60.1852,250,3.90625e-15,6.25e-08,4e+09,0.004,0,1
12,20118827000000,108000,0.0162963,61.3636,125,9.76562e-16,3.125e-08,4e+09,0.008,0,1
12,20118828000000,112000,0.0158571,63.0631,250,3.90625e-15,6.25e-08,4e+09,0.004,0,1
12,20118829000000,113000,0.016,62.5,31.25,6.25e-16,2e-08,1e+09,0.032,0,0.8
12,20118830000000,117000,0.0155897,64.1447,250,3.90625e-15,6.25e-08,4e+09,0.004,0,1
12,20118831000000,121000,0.0150909,66.2651,2000,2.5e-13,5e-07,4e+09,0.0005,0,1
12,20118832000000,125000,0.014848,67.3491,133.333,1.11111e-15,3.33333e-08,4e+09,0.0075,0,1
12,20118833000000,129000,0.0145116,68.9103,250,3.90625e-15,6.25e-08,4e+09,0.004,0,1
12,20118834000000,133000,0.0143158,69.8529,125,9.76562e-16,3.125e-08,4e+09,0.008,0,1
12,20118835000000,137000,0.0140146,71.3542,250,3.90625e-15,6.25e-08,4e+09,0.004,0,1
12,20118836000000,141000,0.013844,72.2336,125,9.76562e-16,3.125e-08,4e+09,0.008,0,1
12,20118837000000,145000,0.0135724,73.6789,250,3.90625e-15,6.25e-08,4e+09,0.004,0,1
12,20118838000000,149000,0.0134228,74.5,125,9.76562e-16,3.125e-08,4e+09,0.008,0,1
12,20118839000000,153000,0.0131765,75.8929,250,3.90625e-15,6.25e-08,4e+09,0.004,0,1
12,20118840000000,157000,0.0130446,76.6602,125,9.76562e-16,3.125e-08,4e+09,0.008,0,1
12,20118841000000,161000,0.0128199,78.0039,250,3.90625e-15,6.25e-08,4e+09,0.004,0,1
12,20118842000000,165000,0.012703,78.7214,125,9.76562e-16,3.125e-08,4e+09,0.008,0,1
12,20118843000000,169000,0.012497,80.0189,250,3.90625e-15,6.25e-08,4e+09,0.004,0,1
12,20118844000000,173000,0.0123931,80.6903,125,9.76562e-16,3.125e-08,4e+09,0.008,0,1
12,20118845000000,177000,0.0121808,82.0965,333.333,6.94444e-15,8.33333e-08,4e+09,0.003,0,1
12,20118846000000,181000,0.0125746,79.5255,33.3333,6.94444e-17,8.33333e-09,4e+09,0.03,0,1
12,20118847000000,185000,0.0123676,80.8566,333.333,6.94444e-15,8.33333e-08,4e+09,0.003,0,1
12,20118848000000,189000,0.0127196,78.619,34.4828,7.43163e-17,8.62069e-09,4e+09,0.029,0,1
12,20118849000000,193000,0.0125389,79.7521,250,3.90625e-15,6.25e-08,4e+09,0.004,0,1
12,20118850000000,197000,0.0123553,80.9367,285.714,5.10204e-15,7.14286e-08,4e+09,0.0035,0,1
12,20118851000000,201000,0.0128458,77.8466,27.027,4.56538e-17,6.75676e-09,4e+09,0.037,0,1
12,20118852000000,205000,0.0162098,61.6912,5.39811,1.82122e-18,1.34953e-09,4e+09,0.18525,0,1
12,20118853000000,209000,0.016244,61.5611,55.5556,1.92901e-16,1.38889e-08,4e+09,0.018,0,1
12,20118854000000,213000,0.0160329,62.3719,200,2.5e-15,5e-08,4e+09,0.005,0,1
12,20118855000000,217000,0.0160507,62.3026,58.8235,2.16263e-16,1.47059e-08,4e+09,0.017,0,1
12,20118856000000,221000,0.0159593,62.6595,90.9091,5.16529e-16,2.27273e-08,4e+09,0.011,0,1
12,20118857000000,225000,0.0158844,62.9547,85.1064,4.52694e-16,2.12766e-08,4e+09,0.01175,0,1
12,20118858000000,229000,0.0157031,63.6819,181.818,2.06612e-15,4.54545e-08,4e+09,0.0055,0,1
12,20118859000000,233000,0.0157554,63.4704,53.3333,1.77778e-16,1.33333e-08,4e+09,0.01875,0,1
12,20118860000000,237000,0.015692,63.7268,83.3333,4.34028e-16,2.08333e-08,4e+09,0.012,0,1
12,20118861000000,241000,0.0156515,63.8918,75.4717,3.55999e-16,1.88679e-08,4e+09,0.01325,0,1
12,20118862000000,245000,0.0154612,64.6779,250,3.90625e-15,6.25e-08,4e+09,0.004,0,1
12,20118863000000,249000,0.015502,64.5078,55.5556,1.92901e-16,1.38889e-08,4e+09,0.018,0,1
12,20118864000000,253000,0.0154308,64.8053,90.9091,5.16529e-16,2.27273e-08,4e+09,0.011,0,1
12,20118865000000,257000,0.0153619,65.0963,90.9091,5.16529e-16,2.27273e-08,4e+09,0.011,0,1
12,20118866000000,260330,0.0151961,65.8064,416.25,1.0829e-14,1.04062e-07,4e+09,0.0024024,0,1
12,20118867000000,260330,0.0151961,65.8064,0,0,0,4e+09,-nan,0,1
12,20118868000000,260330,0.0151961,65.8064,0,0,0,4e+09,-nan,0,1
12,20118869000000,260330,0.0151961,65.8064,0,0,0,4e+09,-nan,0,1
13,20118801000000,4000,0.00725,137.931,137.931,1.18906e-15,3.44828e-08,4e+09,0.00725,0,1
13,20118802000000,8000,0.004,250,1333.33,1.11111e-13,3.33333e-07,4e+09,0.00075,0,1
13,20118803000000,12000,0.004,250,250,3.90625e-15,6.25e-08,4e+09,0.004,0,1
13,20118804000000,16000,0.007,142.857,62.5,2.44141e-16,1.5625e-08,4e+09,0.016,0,1
13,20118805000000,20000,0.0064,156.25,250,3.90625e-15,6.25e-08,4e+09,0.004,0,1
13,20118806000000,24000,0.00733333,136.364,83.3333,4.34028e-16,2.08333e-08,4e+09,0.012,0,1
13,20118807000000,28000,0.00685714,145.833,250,3.90625e-15,6.25e-08,4e+09,0.004,0,1
13,20118808000000,32000,0.007,142.857,125,9.76562e-16,3.125e-08,4e+09,0.008,0,1
13,20118809000000,36000,0.00666667,150,250,3.90625e-15,6.25e-08,4e+09,0.004,0,1
13,20118810000000,40000,0.0076,131.579,62.5,2.44141e-16,1.5625e-08,4e+09,0.016,0,1
13,20118811000000,44000,0.00725,137.931,266.667,4.44444e-15,6.66667e-08,4e+09,0.00375,0,1
13,20118812000000,48000,0.00941667,106.195,30.0752,5.65323e-17,7.5188e-09,4e+09,0.03325,0,1
13,20118813000000,52000,0.00892308,112.069,333.333,6.94444e-15,8.33333e-08,4e+09,0.003,0,1
13,20118814000000,56000,0.0104286,95.8904,33.3333,6.94444e-17,8.33333e-09,4e+09,0.03,0,1
13,20118815000000,60000,0.00993333,100.671,333.333,6.94444e-15,8.33333e-08,4e+09,0.003,0,1
13,20118816000000,64000,0.011125,89.8876,34.4828,7.43163e-17,8.62069e-09,4e+09,0.029,0,1
13,20118817000000,68000,0.0107059,93.4066,250,3.90625e-15,6.25e-08,4e+09,0.004,0,1
13,20118818000000,72000,0.0112778,88.67,47.619,1.41723e-16,1.19048e-08,4e+09,0.021,0,1
13,20118819000000,76000,0.0129211,77.3931,23.5294,3.46021e-17,5.88235e-09,4e+09,0.0425,0,1
13,20118820000000,80000,0.0187875,53.2269,7.67754,3.68404e-18,1.91939e-09,4e+09,0.13025,0,1
13,20118821000000,84000,0.0190476,52.5,41.2371,1.06281e-16,1.03093e-08,4e+09,0.02425,0,1
13,20118822000000,88000,0.0183636,54.4554,250,3.90625e-15,6.25e-08,4e+09,0.004,0,1
13,20118823000000,92000,0.018087,55.2885,83.3333,4.34028e-16,2.08333e-08,4e+09,0.012,0,1
13,20118824000000,96000,0.0175,57.1429,250,3.90625e-15,6.25e-08,4e+09,0.004,0,1
13,20118825000000,100000,0.01712,58.4112,125,9.76562e-16,3.125e-08,4e+09,0.008,0,1
13,20118826000000,104000,0.0166154,60.1852,250,3.90625e-15,6.25e-08,4e+09,0.004,0,1
13,20118827000000,108000,0.0162963,61.3636,125,9.76562e-16,3.125e-08,4e+09,0.008,0,1
13,20118828000000,112000,0.0158571,63.0631,250,3.90625e-15,6.25e-08,4e+09,0.004,0,1
13,20118829000000,113000,0.016,62.5,31.25,6.25e-16,2e-08,1e+09,0.032,0,0.8
13,20118830000000,117000,0.0155897,64.1447,250,3.90625e-15,6.25e-08,4e+09,0.004,0,1
13,20118831000000,121000,0.0150909,66.2651,2000,2.5e-13,5e-07,4e+09,0.0005,0,1
13,20118832000000,125000,0.014848,67.3491,133.333,1.11111e-15,3.33333e-08,4e+09,0.0075,0,1
13,20118833000000,129000,0.0145116,68.9103,250,3.90625e-15,6.25e-08,4e+09,0.004,0,1
13,20118834000000,133000,0.0143158,69.8529,125,9.76562e-16,3.125e-08,4e+09,0.008,0,1
13,20118835000000,137000,0.0140146,71.3542,250,3.90625e-15,6.25e-08,4e+09,0.004,0,1
13,20118836000000,141000,0.013844,72.2336,125,9.76562e-16,3.125e-08,4e+09,0.008,0,1
13,20118837000000,145000,0.0135724,73.6789,250,3.90625e-15,6.25e-08,4e+09,0.004,0,1
13,20118838000000,149000,0.0134228,74.5,125,9.76562e-16,3.125e-08,4e+09,0.008,0,1
13,20118839000000,153000,0.0131765,75.8929,250,3.90625e-15,6.25e-08,4e+09,0.004,0,1
13,20118840000000,157000,0.0130446,76.6602,125,9.76562e-16,3.125e-08,4e+09,0.008,0,1
13,20118841000000,161000,0.0128199,78.0039,250,3.90625e-15,6.25e-08,4e+09,0.004,0,1
13,20118842000000,165000,0.012703,78.7214,125,9.76562e-16,3.125e-08,4e+09,0.008,0,1
13,20118843000000,169000,0.012497,80.0189,250,3.90625e-15,6.25e-08,4e+09,0.004,0,1
13,20118844000000,173000,0.0123931,80.6903,125,9.76562e-16,3.125e-08,4e+09,0.008,0,1
13,20118845000000,177000,0.0121808,82.0965,333.333,6.94444e-15,8.33333e-08,4e+09,0.003,0,1
13,20118846000000,181000,0.0125746,79.5255,33.3333,6.94444e-17,8.33333e-09,4e+09,0.03,0,1
13,20118847000000,185000,0.0123676,80.8566,333.333,6.94444e-15,8.33333e-08,4e+09,0.003,0,1
13,20118848000000,189000,0.0127196,78.619,34.4828,7.43163e-17,8.62069e-09,4e+09,0.029,0,1
13,20118849000000,193000,0.0125389,79.7521,250,3.90625e-15,6.25e-08,4e+09,0.004,0,1
13,20118850000000,197000,0.0123553,80.9367,285.714,5.10204e-15,7.14286e-08,4e+09,0.0035,0,1
13,20118851000000,201000,0.0128458,77.8466,27.027,4.56538e-17,6.75676e-09,4e+09,0.037,0,1
13,20118852000000,205000,0.0162098,61.6912,5.39811,1.82122e-18,1.34953e-09,4e+09,0.18525,0,1
13,20118853000000,209000,0.016244,61.5611,55.5556,1.92901e-16,1.38889e-08,4e+09,0.018,0,1
13,20118854000000,213000,0.0160329,62.3719,200,2.5e-15,5e-08,4e+09,0.005,0,1
13,20118855000000,217000,0.0160507,62.3026,58.8235,2.16263e-16,1.47059e-08,4e+09,0.017,0,1
13,20118856000000,221000,0.0159593,62.6595,90.9091,5.16529e-16,2.27273e-08,4e+09,0.011,0,1
13,20118857000000,225000,0.0158844,62.9547,85.1064,4.52694e-16,2.12766e-08,4e+09,0.01175,0,1
13,20118858000000,229000,0.0157031,63.6819,181.818,2.06612e-15,4.54545e-08,4e+09,0.0055,0,1
13,20118859000000,233000,0.0157554,63.4704,53.3333,1.77778e-16,1.33333e-08,4e+09,0.01875,0,1
13,20118860000000,237000,0.015692,63.7268,83.3333,4.34028e-16,2.08333e-08,4e+09,0.012,0,1
13,20118861000000,241000,0.0156515,63.8918,75.4717,3.55999e-16,1.88679e-08,4e+09,0.01325,0,1
13,20118862000000,245000,0.0154612,64.6779,250,3.90625e-15,6.25e-08,4e+09,0.004,0,1
13,20118863000000,249000,0.015502,64.5078,55.5556,1.92901e-16,1.38889e-08,4e+09,0.018,0,1
13,20118864000000,253000,0.0154308,64.8053,90.9091,5.16529e-16,2.27273e-08,4e+09,0.011,0,1
13,20118865000000,257000,0.0153619,65.0963,90.9091,5.16529e-16,2.27273e-08,4e+09,0.011,0,1
13,20118866000000,260330,0.0151961,65.8064,416.25,1.0829e-14,1.04062e-07,4e+09,0.0024024,0,1
13,20118867000000,260330,0.0151961,65.8064,0,0,0,4e+09,-nan,0,1
13,20118868000000,260330,0.0151961,65.8064,0,0,0,4e+09,-nan,0,1
13,20118869000000,260330,0.0151961,65.8064,0,0,0,4e+09,-nan,0,1
14,20118801000000,4000,0.00725,137.931,137.931,1.18906e-15,3.44828e-08,4e+09,0.00725,0,1
14,20118802000000,8000,0.004,250,1333.33,1.11111e-13,3.33333e-07,4e+09,0.00075,0,1
14,20118803000000,12000,0.004,250,250,3.90625e-15,6.25e-08,4e+09,0.004,0,1
14,20118804000000,16000,0.007,142.857,62.5,2.44141e-16,1.5625e-08,4e+09,0.016,0,1
14,20118805000000,20000,0.0064,156.25,250,3.90625e-15,6.25e-08,4e+09,0.004,0,1
14,20118806000000,24000,0.00733333,136.364,83.3333,4.34028e-16,2.08333e-08,4e+09,0.012,0,1
14,20118807000000,28000,0.00685714,145.833,250,3.90625e-15,6.25e-08,4e+09,0.004,0,1
14,20118808000000,32000,0.007,142.857,125,9.76562e-16,3.125e-08,4e+09,0.008,0,1
14,20118809000000,36000,0.00666667,150,250,3.90625e-15,6.25e-08,4e+09,0.004,0,1
14,20118810000000,40000,0.0076,131.579,62.5,2.44141e-16,1.5625e-08,4e+09,0.016,0,1
14,20118811000000,44000,0.00725,137.931,266.667,4.44444e-15,6.66667e-08,4e+09,0.00375,0,1
14,20118812000000,48000,0.00941667,106.195,30.0752,5.65323e-17,7.5188e-09,4e+09,0.03325,0,1
14,20118813000000,52000,0.00892308,112.069,333.333,6.94444e-15,8.33333e-08,4e+09,0.003,0,1
14,20118814000000,56000,0.0104286,95.8904,33.3333,6.94444e-17,8.33333e-09,4e+09,0.03,0,1
14,20118815000000,60000,0.00993333,100.671,333.333,6.94444e-15,8.33333e-08,4e+09,0.003,0,1
14,20118816000000,64000,0.011125,89.8876,34.4828,7.43163e-17,8.62069e-09,4e+09,0.029,0,1
14,20118817000000,68000,0.0107059,93.4066,250,3.90625e-15,6.25e-08,4e+09,0.004,0,1
14,20118818000000,72000,0.0112778,88.67,47.619,1.41723e-16,1.19048e-08,4e+09,0.021,0,1
14,20118819000000,76000,0.0129211,77.3931,23.5294,3.46021e-17,5.88235e-09,4e+09,0.0425,0,1
14,20118820000000,80000,0.0187875,53.2269,7.67754,3.68404e-18,1.91939e-09,4e+09,0.13025,0,1
14,20118821000000,84000,0.0190476,52.5,41.2371,1.06281e-16,1.03093e-08,4e+09,0.02425,0,1
14,20118822000000,88000,0.0183636,54.4554,250,3.90625e-15,6.25e-08,4e+09,0.004,0,1
14,20118823000000,92000,0.018087,55.2885,83.3333,4.34028e-16,2.08333e-08,4e+09,0.012,0,1
14,20118824000000,96000,0.0175,57.1429,250,3.90625e-15,6.25e-08,4e+09,0.004,0,1
14,20118825000000,100000,0.01712,58.4112,125,9.76562e-16,3.125e-08,4e+09,0.008,0,1
14,20118826000000,104000,0.0166154,60.1852,250,3.90625e-15,6.25e-08,4e+09,0.004,0,1
14,20118827000000,108000,0.0162963,61.3636,125,9.76562e-16,3.125e-08,4e+09,0.008,0,1
14,20118828000000,112000,0.0158571,63.0631,250,3.90625e-15,6.25e-08,4e+09,0.004,0,1
14,20118829000000,113000,0.016,62.5,31.25,6.25e-16,2e-08,1e+09,0.032,0,0.8
14,20118830000000,117000,0.0155897,64.1447,250,3.90625e-15,6.25e-08,4e+09,0.004,0,1
14,20118831000000,121000,0.0150909,66.2651,2000,2.5e-13,5e-07,4e+09,0.0005,0,1
14,20118832000000,125000,0.014848,67.3491,133.333,1.11111e-15,3.33333e-08,4e+09,0.0075,0,1
14,20118833000000,129000,0.0145116,68.9103,250,3.90625e-15,6.25e-08,4e+09,0.004,0,1
14,20118834000000,133000,0.0143158,69.8529,125,9.76562e-16,3.125e-08,4e+09,0.008,0,1
14,20118835000000,137000,0.0140146,71.3542,250,3.90625e-15,6.25e-08,4e+09,0.004,0,1
14,20118836000000,141000,0.013844,72.2336,125,9.76562e-16,3.125e-08,4e+09,0.008,0,1
14,20118837000000,145000,0.0135724,73.6789,250,3.90625e-15,6.25e-08,4e+09,0.004,0,1
14,20118838000000,149000,0.0134228,74.5,125,9.76562e-16,3.125e-08,4e+09,0.008,0,1
14,20118839000000,153000,0.0131765,75.8929,250,3.90625e-15,6.25e-08,4e+09,0.004,0,1
14,20118840000000,157000,0.0130446,76.6602,125,9.76562e-16,3.125e-08,4e+09,0.008,0,1
14,20118841000000,161000,0.0128199,78.0039,250,3.90625e-15,6.25e-08,4e+09,0.004,0,1
14,20118842000000,165000,0.012703,78.7214,125,9.76562e-16,3.125e-08,4e+09,0.008,0,1
14,20118843000000,169000,0.012497,80.0189,250,3.90625e-15,6.25e-08,4e+09,0.004,0,1
14,20118844000000,173000,0.0123931,80.6903,125,9.76562e-16,3.125e-08,4e+09,0.008,0,1
14,20118845000000,177000,0.0121808,82.0965,333.333,6.94444e-15,8.33333e-08,4e+09,0.003,0,1
14,20118846000000,181000,0.0125746,79.5255,33.3333,6.94444e-17,8.33333e-09,4e+09,0.03,0,1
14,20118847000000,185000,0.0123676,80.8566,333.333,6.94444e-15,8.33333e-08,4e+09,0.003,0,1
14,20118848000000,189000,0.0127196,78.619,34.4828,7.43163e-17,8.62069e-09,4e+09,0.029,0,1
14,20118849000000,193000,0.0125389,79.7521,250,3.90625e-15,6.25e-08,4e+09,0.004,0,1
14,20118850000000,197000,0.0123553,80.9367,285.714,5.10204e-15,7.14286e-08,4e+09,0.0035,0,1
14,20118851000000,201000,0.0128458,77.8466,27.027,4.56538e-17,6.75676e-09,4e+09,0.037,0,1
14,20118852000000,205000,0.0162098,61.6912,5.39811,1.82122e-18,1.34953e-09,4e+09,0.18525,0,1
14,20118853000000,209000,0.016244,61.5611,55.5556,1.92901e-16,1.38889e-08,4e+09,0.018,0,1
14,20118854000000,213000,0.0160329,62.3719,200,2.5e-15,5e-08,4e+09,0.005,0,1
14,20118855000000,217000,0.0160507,62.3026,58.8235,2.16263e-16,1.47059e-08,4e+09,0.017,0,1
14,20118856000000,221000,0.0159593,62.6595,90.9091,5.16529e-16,2.27273e-08,4e+09,0.011,0,1
14,20118857000000,225000,0.0158844,62.9547,85.1064,4.52694e-16,2.12766e-08,4e+09,0.01175,0,1
14,20118858000000,229000,0.0157031,63.6819,181.818,2.06612e-15,4.54545e-08,4e+09,0.0055,0,1
14,20118859000000,233000,0.0157554,63.4704,53.3333,1.77778e-16,1.33333e-08,4e+09,0.01875,0,1
14,20118860000000,237000,0.015692,63.7268,83.3333,4.34028e-16,2.08333e-08,4e+09,0.012,0,1
14,20118861000000,241000,0.0156515,63.8918,75.4717,3.55999e-16,1.88679e-08,4e+09,0.01325,0,1
14,20118862000000,245000,0.0154612,64.6779,250,3.90625e-15,6.25e-08,4e+09,0.004,0,1
14,20118863000000,249000,0.015502,64.5078,55.5556,1.92901e-16,1.38889e-08,4e+09,0.018,0,1
14,20118864000000,253000,0.0154308,64.8053,90.9091,5.16529e-16,2.27273e-08,4e+09,0.011,0,1
14,20118865000000,257000,0.0153619,65.0963,90.9091,5.16529e-16,2.27273e-08,4e+09,0.011,0,1
14,20118866000000,260330,0.0151961,65.8064,416.25,1.0829e-14,1.04062e-07,4e+09,0.0024024,0,1
14,20118867000000,260330,0.0151961,65.8064,0,0,0,4e+09,-nan,0,1
14,20118868000000,260330,0.0151961,65.8064,0,0,0,4e+09,-nan,0,1
14,20118869000000,260330,0.0151961,65.8064,0,0,0,4e+09,-nan,0,1
15,20118801000000,4000,0.00725,137.931,137.931,1.18906e-15,3.44828e-08,4e+09,0.00725,0,1
15,20118802000000,8000,0.004,250,1333.33,1.11111e-13,3.33333e-07,4e+09,0.00075,0,1
15,20118803000000,12000,0.004,250,250,3.90625e-15,6.25e-08,4e+09,0.004,0,1
15,20118804000000,16000,0.007,142.857,62.5,2.44141e-16,1.5625e-08,4e+09,0.016,0,1
15,20118805000000,20000,0.0064,156.25,250,3.90625e-15,6.25e-08,4e+09,0.004,0,1
15,20118806000000,24000,0.00733333,136.364,83.3333,4.34028e-16,2.08333e-08,4e+09,0.012,0,1
15,20118807000000,28000,0.00685714,145.833,250,3.90625e-15,6.25e-08,4e+09,0.004,0,1
15,20118808000000,32000,0.007,142.857,125,9.76562e-16,3.125e-08,4e+09,0.008,0,1
15,20118809000000,36000,0.00666667,150,250,3.90625e-15,6.25e-08,4e+09,0.004,0,1
15,20118810000000,40000,0.0076,131.579,62.5,2.44141e-16,1.5625e-08,4e+09,0.016,0,1
15,20118811000000,44000,0.00725,137.931,266.667,4.44444e-15,6.66667e-08,4e+09,0.00375,0,1
15,20118812000000,48000,0.00941667,106.195,30.0752,5.65323e-17,7.5188e-09,4e+09,0.03325,0,1
15,20118813000000,52000,0.00892308,112.069,333.333,6.94444e-15,8.33333e-08,4e+09,0.003,0,1
15,20118814000000,56000,0.0104286,95.8904,33.3333,6.94444e-17,8.33333e-09,4e+09,0.03,0,1
15,20118815000000,60000,0.00993333,100.671,333.333,6.94444e-15,8.33333e-08,4e+09,0.003,0,1
15,20118816000000,64000,0.011125,89.8876,34.4828,7.43163e-17,8.62069e-09,4e+09,0.029,0,1
15,20118817000000,68000,0.0107059,93.4066,250,3.90625e-15,6.25e-08,4e+09,0.004,0,1
15,20118818000000,72000,0.0112778,88.67,47.619,1.41723e-16,1.19048e-08,4e+09,0.021,0,1
15,20118819000000,76000,0.0129211,77.3931,23.5294,3.46021e-17,5.88235e-09,4e+09,0.0425,0,1
15,20118820000000,80000,0.0187875,53.2269,7.67754,3.68404e-18,1.91939e-09,4e+09,0.13025,0,1
15,20118821000000,84000,0.0190476,52.5,41.2371,1.06281e-16,1.03093e-08,4e+09,0.02425,0,1
15,20118822000000,88000,0.0183636,54.4554,250,3.90625e-15,6.25e-08,4e+09,0.004,0,1
15,20118823000000,92000,0.018087,55.2885,83.3333,4.34028e-16,2.08333e-08,4e+09,0.012,0,1
15,20118824000000,96000,0.0175,57.1429,250,3.90625e-15,6.25e-08,4e+09,0.004,0,1
15,20118825000000,100000,0.01712,58.4112,125,9.76562e-16,3.125e-08,4e+09,0.008,0,1
15,20118826000000,104000,0.0166154,60.1852,250,3.90625e-15,6.25e-08,4e+09,0.004,0,1
15,20118827000000,108000,0.0162963,61.3636,125,9.76562e-16,3.125e-08,4e+09,0.008,0,1
15,20118828000000,112000,0.0158571,63.0631,250,3.90625e-15,6.25e-08,4e+09,0.004,0,1
15,20118829000000,113000,0.016,62.5,31.25,6.25e-16,2e-08,1e+09,0.032,0,0.8
15,20118830000000,117000,0.0155897,64.1447,250,3.90625e-15,6.25e-08,4e+09,0.004,0,1
15,20118831000000,121000,0.0150909,66.2651,2000,2.5e-13,5e-07,4e+09,0.0005,0,1
15,20118832000000,125000,0.014848,67.3491,133.333,1.11111e-15,3.33333e-08,4e+09,0.0075,0,1
15,20118833000000,129000,0.0145116,68.9103,250,3.90625e-15,6.25e-08,4e+09,0.004,0,1
15,20118834000000,133000,0.0143158,69.8529,125,9.76562e-16,3.125e-08,4e+09,0.008,0,1
15,20118835000000,137000,0.0140146,71.3542,250,3.90625e-15,6.25e-08,4e+09,0.004,0,1
15,20118836000000,141000,0.013844,72.2336,125,9.76562e-16,3.125e-08,4e+09,0.008,0,1
15,20118837000000,145000,0.0135724,73.6789,250,3.90625e-15,6.25e-08,4e+09,0.004,0,1
15,20118838000000,149000,0.0134228,74.5,125,9.76562e-16,3.125e-08,4e+09,0.008,0,1
15,20118839000000,153000,0.0131765,75.8929,250,3.90625e-15,6.25e-08,4e+09,0.004,0,1
15,20118840000000,157000,0.0130446,76.6602,125,9.76562e-16,3.125e-08,4e+09,0.008,0,1
15,20118841000000,161000,0.0128199,78.0039,250,3.90625e-15,6.25e-08,4e+09,0.004,0,1
15,20118842000000,165000,0.012703,78.7214,125,9.76562e-16,3.125e-08,4e+09,0.008,0,1
15,20118843000000,169000,0.012497,80.0189,250,3.90625e-15,6.25e-08,4e+09,0.004,0,1
15,20118844000000,173000,0.0123931,80.6903,125,9.76562e-16,3.125e-08,4e+09,0.008,0,1
15,20118845000000,177000,0.0121808,82.0965,333.333,6.94444e-15,8.33333e-08,4e+09,0.003,0,1
15,20118846000000,181000,0.0125746,79.5255,33.3333,6.94444e-17,8.33333e-09,4e+09,0.03,0,1
15,20118847000000,185000,0.0123676,80.8566,333.333,6.94444e-15,8.33333e-08,4e+09,0.003,0,1
15,20118848000000,189000,0.0127196,78.619,34.4828,7.43163e-17,8.62069e-09,4e+09,0.029,0,1
15,20118849000000,193000,0.0125389,79.7521,250,3.90625e-15,6.25e-08,4e+09,0.004,0,1
15,20118850000000,197000,0.0123553,80.9367,285.714,5.10204e-15,7.14286e-08,4e+09,0.0035,0,1
15,20118851000000,201000,0.0128458,77.8466,27.027,4.56538e-17,6.75676e-09,4e+09,0.037,0,1
15,20118852000000,205000,0.0162098,61.6912,5.39811,1.82122e-18,1.34953e-09,4e+09,0.18525,0,1
15,20118853000000,209000,0.016244,61.5611,55.5556,1.92901e-16,1.38889e-08,4e+09,0.018,0,1
15,20118854000000,213000,0.0160329,62.3719,200,2.5e-15,5e-08,4e+09,0.005,0,1
15,20118855000000,217000,0.0159585,62.6624,83.3333,4.34028e-16,2.08333e-08,4e+09,0.012,0,1
15,20118856000000,221000,0.0157602,63.451,200,2.5e-15,5e-08,4e+09,0.005,0,1
15,20118857000000,225000,0.0157644,63.4339,62.5,2.44141e-16,1.5625e-08,4e+09,0.016,0,1
15,20118858000000,229000,0.0156507,63.8951,108.108,7.3046e-16,2.7027e-08,4e+09,0.00925,0,1
15,20118859000000,233000,0.0156867,63.7483,56.338,1.98373e-16,1.40845e-08,4e+09,0.01775,0,1
15,20118860000000,237000,0.0154219,64.8427,0,0,0,4e+09,0,0,1
15,20118861000000,241000,0.015249,65.5782,200,2.5e-15,5e-08,4e+09,0.005,0,1
15,20118862000000,245000,0.0152612,65.5255,62.5,2.44141e-16,1.5625e-08,4e+09,0.016,0,1
15,20118863000000,249000,0.015257,65.5436,66.6667,2.77778e-16,1.66667e-08,4e+09,0.015,0,1
15,20118864000000,253000,0.0152055,65.7655,83.3333,4.34028e-16,2.08333e-08,4e+09,0.012,0,1
15,20118865000000,257000,0.0150311,66.5286,250,3.90625e-15,6.25e-08,4e+09,0.004,0,1
15,20118866000000,261000,0.0149579,66.8545,97.561,5.94884e-16,2.43902e-08,4e+09,0.01025,0,1
15,20118867000000,265000,0.0148981,67.1226,90.9091,5.16529e-16,2.27273e-08,4e+09,0.011,0,1
15,20118868000000,267370,0.014796,67.5859,296.25,5.48525e-15,7.40625e-08,4e+09,0.00337553,0,1
15,20118869000000,267370,0.014796,67.5859,0,0,0,4e+09,-nan,0,1
16,20118801000000,4000,0.008,125,125,9.76562e-16,3.125e-08,4e+09,0.008,0,1
16,20118802000000,8000,0.006,166.667,250,3.90625e-15,6.25e-08,4e+09,0.004,0,1
16,20118803000000,12000,0.00933333,107.143,62.5,2.44141e-16,1.5625e-08,4e+09,0.016,0,1
16,20118804000000,16000,0.008,125,250,3.90625e-15,6.25e-08,4e+09,0.004,0,1
16,20118805000000,20000,0.0088,113.636,83.3333,4.34028e-16,2.08333e-08,4e+09,0.012,0,1
16,20118806000000,24000,0.008,125,250,3.90625e-15,6.25e-08,4e+09,0.004,0,1
16,20118807000000,28000,0.00767857,130.233,173.913,1.89036e-15,4.34783e-08,4e+09,0.00575,0,1
16,20118808000000,32000,0.007,142.857,444.444,1.23457e-14,1.11111e-07,4e+09,0.00225,0,1
16,20118809000000,36000,0.00666667,150,250,3.90625e-15,6.25e-08,4e+09,0.004,0,1
16,20118810000000,40000,0.0076,131.579,62.5,2.44141e-16,1.5625e-08,4e+09,0.016,0,1
16,20118811000000,44000,0.00725,137.931,266.667,4.44444e-15,6.66667e-08,4e+09,0.00375,0,1
16,20118812000000,48000,0.00941667,106.195,30.0752,5.65323e-17,7.5188e-09,4e+09,0.03325,0,1
16,20118813000000,52000,0.00892308,112.069,333.333,6.94444e-15,8.33333e-08,4e+09,0.003,0,1
16,20118814000000,56000,0.0104286,95.8904,33.3333,6.94444e-17,8.33333e-09,4e+09,0.03,0,1
16,20118815000000,60000,0.00993333,100.671,333.333,6.94444e-15,8.33333e-08,4e+09,0.003,0,1
16,20118816000000,64000,0.0110781,90.268,35.3982,7.83147e-17,8.84956e-09,4e+09,0.02825,0,1
16,20118817000000,68000,0.0107059,93.4066,210.526,2.77008e-15,5.26316e-08,4e+09,0.00475,0,1
16,20118818000000,72000,0.0111667,89.5522,52.6316,1.7313e-16,1.31579e-08,4e+09,0.019,0,1
16,20118819000000,76000,0.0127895,78.1893,23.8095,3.54308e-17,5.95238e-09,4e+09,0.042,0,1
16,20118820000000,80000,0.0187875,53.2269,7.53296,3.54659e-18,1.88324e-09,4e+09,0.13275,0,1
16,20118821000000,84000,0.0190476,52.5,41.2371,1.06281e-16,1.03093e-08,4e+09,0.02425,0,1
16,20118822000000,88000,0.0183636,54.4554,250,3.90625e-15,6.25e-08,4e+09,0.004,0,1
16,20118823000000,92000,0.018087,55.2885,83.3333,4.34028e-16,2.08333e-08,4e+09,0.012,0,1
16,20118824000000,96000,0.0173333,57.6923,0,0,0,4e+09,0,0,1
16,20118825000000,100000,0.0168,59.5238,250,3.90625e-15,6.25e-08,4e+09,0.004,0,1
16,20118826000000,104000,0.0164615,60.7477,125,9.76562e-16,3.125e-08,4e+09,0.008,0,1
16,20118827000000,108000,0.016,62.5,250,3.90625e-15,6.25e-08,4e+09,0.004,0,1
16,20118828000000,112000,0.0157143,63.6364,125,9.76562e-16,3.125e-08,4e+09,0.008,0,1
16,20118829000000,113000,0.0157168,63.6261,62.5,2.5e-15,4e-08,1e+09,0.016,0,0.8
16,20118830000000,117000,0.015453,64.7124,125,9.76562e-16,3.125e-08,4e+09,0.008,0,1
16,20118831000000,121000,0.0150744,66.3377,250,3.90625e-15,6.25e-08,4e+09,0.004,0,1
16,20118832000000,125000,0.014848,67.3491,125,9.76562e-16,3.125e-08,4e+09,0.008,0,1
16,20118833000000,129000,0.0145116,68.9103,250,3.90625e-15,6.25e-08,4e+09,0.004,0,1
16,20118834000000,133000,0.0143158,69.8529,125,9.76562e-16,3.125e-08,4e+09,0.008,0,1
16,20118835000000,137000,0.0140146,71.3542,250,3.90625e-15,6.25e-08,4e+09,0.004,0,1
16,20118836000000,141000,0.013844,72.2336,125,9.76562e-16,3.125e-08,4e+09,0.008,0,1
16,20118837000000,145000,0.0135724,73.6789,250,3.90625e-15,6.25e-08,4e+09,0.004,0,1
16,20118838000000,149000,0.013396,74.6493,142.857,1.27551e-15,3.57143e-08,4e+09,0.007,0,1
16,20118839000000,153000,0.0130719,76.5,1000,6.25e-14,2.5e-07,4e+09,0.001,0,1
16,20118840000000,157000,0.0128408,77.877,250,3.90625e-15,6.25e-08,4e+09,0.004,0,1
16,20118841000000,161000,0.0127205,78.6133,125,9.76562e-16,3.125e-08,4e+09,0.008,0,1
16,20118842000000,165000,0.0125091,79.9419,250,3.90625e-15,6.25e-08,4e+09,0.004,0,1
16,20118843000000,169000,0.0124024,80.6298,125,9.76562e-16,3.125e-08,4e+09,0.008,0,1
16,20118844000000,173000,0.0122081,81.9129,250,3.90625e-15,6.25e-08,4e+09,0.004,0,1
16,20118845000000,177000,0.012113,82.556,125,9.76562e-16,3.125e-08,4e+09,0.008,0,1
16,20118846000000,181000,0.0119116,83.9518,333.333,6.94444e-15,8.33333e-08,4e+09,0.003,0,1
16,20118847000000,185000,0.0123027,81.283,33.3333,6.94444e-17,8.33333e-09,4e+09,0.03,0,1
16,20118848000000,189000,0.0121058,82.6049,333.333,6.94444e-15,8.33333e-08,4e+09,0.003,0,1
16,20118849000000,193000,0.0124767,80.1495,33.3333,6.94444e-17,8.33333e-09,4e+09,0.03,0,1
16,20118850000000,197000,0.0122843,81.405,333.333,6.94444e-15,8.33333e-08,4e+09,0.003,0,1
16,20118851000000,201000,0.0128458,77.8466,24.6914,3.81039e-17,6.17284e-09,4e+09,0.0405,0,1
16,20118852000000,205000,0.0162098,61.6912,5.39811,1.82122e-18,1.34953e-09,4e+09,0.18525,0,1
16,20118853000000,209000,0.0161866,61.7795,66.6667,2.77778e-16,1.66667e-08,4e+09,0.015,0,1
16,20118854000000,213000,0.015939,62.7393,333.333,6.94444e-15,8.33333e-08,4e+09,0.003,0,1
16,20118855000000,217000,0.0157373,63.5432,200,2.5e-15,5e-08,4e+09,0.005,0,1
16,20118856000000,221000,0.0156697,63.8175,83.3333,4.34028e-16,2.08333e-08,4e+09,0.012,0,1
16,20118857000000,225000,0.01548,64.5995,200,2.5e-15,5e-08,4e+09,0.005,0,1
16,20118858000000,229000,0.0154017,64.9277,90.9091,5.16529e-16,2.27273e-08,4e+09,0.011,0,1
16,20118859000000,233000,0.0152232,65.6893,200,2.5e-15,5e-08,4e+09,0.005,0,1
16,20118860000000,237000,0.0151055,66.2011,121.212,9.18274e-16,3.0303e-08,4e+09,0.00825,0,1
16,20118861000000,241000,0.0149378,66.9444,200,2.5e-15,5e-08,4e+09,0.005,0,1
16,20118862000000,245000,0.0149837,66.7393,56.338,1.98373e-16,1.40845e-08,4e+09,0.01775,0,1
16,20118863000000,249000,0.0149357,66.9535,83.3333,4.34028e-16,2.08333e-08,4e+09,0.012,0,1
16,20118864000000,253000,0.0147787,67.6652,200,2.5e-15,5e-08,4e+09,0.005,0,1
16,20118865000000,257000,0.014677,68.1336,121.212,9.18274e-16,3.0303e-08,4e+09,0.00825,0,1
16,20118866000000,261000,0.0147395,67.8451,53.3333,1.77778e-16,1.33333e-08,4e+09,0.01875,0,1
16,20118867000000,265000,0.014566,68.6528,307.692,5.91716e-15,7.69231e-08,4e+09,0.00325,0,1
16,20118868000000,269000,0.014513,68.9037,90.9091,5.16529e-16,2.27273e-08,4e+09,0.011,0,1
16,20118869000000,273000,0.0144615,69.1489,90.9091,5.16529e-16,2.27273e-08,4e+09,0.011,0,1
17,20118801000000,4000,0.008,125,125,9.76562e-16,3.125e-08,4e+09,0.008,0,1
17,20118802000000,8000,0.006,166.667,250,3.90625e-15,6.25e-08,4e+09,0.004,0,1
17,20118803000000,12000,0.00933333,107.143,62.5,2.44141e-16,1.5625e-08,4e+09,0.016,0,1
17,20118804000000,16000,0.008,125,250,3.90625e-15,6.25e-08,4e+09,0.004,0,1
17,20118805000000,20000,0.0088,113.636,83.3333,4.34028e-16,2.08333e-08,4e+09,0.012,0,1
17,20118806000000,24000,0.008,125,250,3.90625e-15,6.25e-08,4e+09,0.004,0,1
17,20118807000000,28000,0.00767857,130.233,173.913,1.89036e-15,4.34783e-08,4e+09,0.00575,0,1
17,20118808000000,32000,0.007,142.857,444.444,1.23457e-14,1.11111e-07,4e+09,0.00225,0,1
17,20118809000000,36000,0.00666667,150,250,3.90625e-15,6.25e-08,4e+09,0.004,0,1
17,20118810000000,40000,0.0076,131.579,62.5,2.44141e-16,1.5625e-08,4e+09,0.016,0,1
17,20118811000000,44000,0.00725,137.931,266.667,4.44444e-15,6.66667e-08,4e+09,0.00375,0,1
17,20118812000000,48000,0.00941667,106.195,30.0752,5.65323e-17,7.5188e-09,4e+09,0.03325,0,1
17,20118813000000,52000,0.00892308,112.069,333.333,6.94444e-15,8.33333e-08,4e+09,0.003,0,1
17,20118814000000,56000,0.0104286,95.8904,33.3333,6.94444e-17,8.33333e-09,4e+09,0.03,0,1
17,20118815000000,60000,0.00993333,100.671,333.333,6.94444e-15,8.33333e-08,4e+09,0.003,0,1
17,20118816000000,64000,0.0110781,90.268,35.3982,7.83147e-17,8.84956e-09,4e+09,0.02825,0,1
17,20118817000000,68000,0.0107059,93.4066,210.526,2.77008e-15,5.26316e-08,4e+09,0.00475,0,1
17,20118818000000,72000,0.0111667,89.5522,52.6316,1.7313e-16,1.31579e-08,4e+09,0.019,0,1
17,20118819000000,76000,0.0127895,78.1893,23.8095,3.54308e-17,5.95238e-09,4e+09,0.042,0,1
17,20118820000000,80000,0.0187875,53.2269,7.53296,3.54659e-18,1.88324e-09,4e+09,0.13275,0,1
17,20118821000000,84000,0.0190476,52.5,41.2371,1.06281e-16,1.03093e-08,4e+09,0.02425,0,1
17,20118822000000,88000,0.0183636,54.4554,250,3.90625e-15,6.25e-08,4e+09,0.004,0,1
17,20118823000000,92000,0.018087,55.2885,83.3333,4.34028e-16,2.08333e-08,4e+09,0.012,0,1
17,20118824000000,96000,0.0173333,57.6923,0,0,0,4e+09,0,0,1
17,20118825000000,100000,0.0168,59.5238,250,3.90625e-15,6.25e-08,4e+09,0.004,0,1
17,20118826000000,104000,0.0164615,60.7477,125,9.76562e-16,3.125e-08,4e+09,0.008,0,1
17,20118827000000,108000,0.016,62.5,250,3.90625e-15,6.25e-08,4e+09,0.004,0,1
17,20118828000000,112000,0.0157143,63.6364,125,9.76562e-16,3.125e-08,4e+09,0.008,0,1
17,20118829000000,113000,0.0157168,63.6261,62.5,2.5e-15,4e-08,1e+09,0.016,0,0.8
17,20118830000000,117000,0.015453,64.7124,125,9.76562e-16,3.125e-08,4e+09,0.008,0,1
17,20118831000000,121000,0.0150744,66.3377,250,3.90625e-15,6.25e-08,4e+09,0.004,0,1
17,20118832000000,125000,0.014848,67.3491,125,9.76562e-16,3.125e-08,4e+09,0.008,0,1
17,20118833000000,129000,0.0145116,68.9103,250,3.90625e-15,6.25e-08,4e+09,0.004,0,1
17,20118834000000,133000,0.0143158,69.8529,125,9.76562e-16,3.125e-08,4e+09,0.008,0,1
17,20118835000000,137000,0.0140146,71.3542,250,3.90625e-15,6.25e-08,4e+09,0.004,0,1
17,20118836000000,141000,0.013844,72.2336,125,9.76562e-16,3.125e-08,4e+09,0.008,0,1
17,20118837000000,145000,0.0135724,73.6789,250,3.90625e-15,6.25e-08,4e+09,0.004,0,1
17,20118838000000,149000,0.013396,74.6493,142.857,1.27551e-15,3.57143e-08,4e+09,0.007,0,1
17,20118839000000,153000,0.0130719,76.5,1000,6.25e-14,2.5e-07,4e+09,0.001,0,1
17,20118840000000,157000,0.0128408,77.877,250,3.90625e-15,6.25e-08,4e+09,0.004,0,1
17,20118841000000,161000,0.0127205,78.6133,125,9.76562e-16,3.125e-08,4e+09,0.008,0,1
17,20118842000000,165000,0.0125091,79.9419,250,3.90625e-15,6.25e-08,4e+09,0.004,0,1
17,20118843000000,169000,0.0124024,80.6298,125,9.76562e-16,3.125e-08,4e+09,0.008,0,1
17,20118844000000,173000,0.0122081,81.9129,250,3.90625e-15,6.25e-08,4e+09,0.004,0,1
17,20118845000000,177000,0.012113,82.556,125,9.76562e-16,3.125e-08,4e+09,0.008,0,1
17,20118846000000,181000,0.0119116,83.9518,333.333,6.94444e-15,8.33333e-08,4e+09,0.003,0,1
17,20118847000000,185000,0.0123027,81.283,33.3333,6.94444e-17,8.33333e-09,4e+09,0.03,0,1
17,20118848000000,189000,0.0121058,82.6049,333.333,6.94444e-15,8.33333e-08,4e+09,0.003,0,1
17,20118849000000,193000,0.0124767,80.1495,33.3333,6.94444e-17,8.33333e-09,4e+09,0.03,0,1
17,20118850000000,197000,0.0122843,81.405,333.333,6.94444e-15,8.33333e-08,4e+09,0.003,0,1
17,20118851000000,201000,0.0128458,77.8466,24.6914,3.81039e-17,6.17284e-09,4e+09,0.0405,0,1
17,20118852000000,205000,0.0162098,61.6912,5.39811,1.82122e-18,1.34953e-09,4e+09,0.18525,0,1
17,20118853000000,209000,0.0161866,61.7795,66.6667,2.77778e-16,1.66667e-08,4e+09,0.015,0,1
17,20118854000000,213000,0.015939,62.7393,333.333,6.94444e-15,8.33333e-08,4e+09,0.003,0,1
17,20118855000000,217000,0.0157373,63.5432,200,2.5e-15,5e-08,4e+09,0.005,0,1
17,20118856000000,221000,0.0156697,63.8175,83.3333,4.34028e-16,2.08333e-08,4e+09,0.012,0,1
17,20118857000000,225000,0.01548,64.5995,200,2.5e-15,5e-08,4e+09,0.005,0,1
17,20118858000000,229000,0.0154017,64.9277,90.9091,5.16529e-16,2.27273e-08,4e+09,0.011,0,1
17,20118859000000,233000,0.0152232,65.6893,200,2.5e-15,5e-08,4e+09,0.005,0,1
17,20118860000000,237000,0.0151055,66.2011,121.212,9.18274e-16,3.0303e-08,4e+09,0.00825,0,1
17,20118861000000,241000,0.0149378,66.9444,200,2.5e-15,5e-08,4e+09,0.005,0,1
17,20118862000000,245000,0.0149837,66.7393,56.338,1.98373e-16,1.40845e-08,4e+09,0.01775,0,1
17,20118863000000,249000,0.0149357,66.9535,83.3333,4.34028e-16,2.08333e-08,4e+09,0.012,0,1
17,20118864000000,253000,0.0147787,67.6652,200,2.5e-15,5e-08,4e+09,0.005,0,1
17,20118865000000,257000,0.014677,68.1336,121.212,9.18274e-16,3.0303e-08,4e+09,0.00825,0,1
17,20118866000000,261000,0.0147395,67.8451,53.3333,1.77778e-16,1.33333e-08,4e+09,0.01875,0,1
17,20118867000000,265000,0.014566,68.6528,307.692,5.91716e-15,7.69231e-08,4e+09,0.00325,0,1
17,20118868000000,269000,0.014513,68.9037,90.9091,5.16529e-16,2.27273e-08,4e+09,0.011,0,1
17,20118869000000,273000,0.0144615,69.1489,90.9091,5.16529e-16,2.27273e-08,4e+09,0.011,0,1
18,20118801000000,4000,0.008,125,125,9.76562e-16,3.125e-08,4e+09,0.008,0,1
18,20118802000000,8000,0.006,166.667,250,3.90625e-15,6.25e-08,4e+09,0.004,0,1
18,20118803000000,12000,0.00933333,107.143,62.5,2.44141e-16,1.5625e-08,4e+09,0.016,0,1
18,20118804000000,16000,0.008,125,250,3.90625e-15,6.25e-08,4e+09,0.004,0,1
18,20118805000000,20000,0.0088,113.636,83.3333,4.34028e-16,2.08333e-08,4e+09,0.012,0,1
18,20118806000000,24000,0.008,125,250,3.90625e-15,6.25e-08,4e+09,0.004,0,1
18,20118807000000,28000,0.00767857,130.233,173.913,1.89036e-15,4.34783e-08,4e+09,0.00575,0,1
18,20118808000000,32000,0.007,142.857,444.444,1.23457e-14,1.11111e-07,4e+09,0.00225,0,1
18,20118809000000,36000,0.00666667,150,250,3.90625e-15,6.25e-08,4e+09,0.004,0,1
18,20118810000000,40000,0.0076,131.579,62.5,2.44141e-16,1.5625e-08,4e+09,0.016,0,1
18,20118811000000,44000,0.00725,137.931,266.667,4.44444e-15,6.66667e-08,4e+09,0.00375,0,1
18,20118812000000,48000,0.00941667,106.195,30.0752,5.65323e-17,7.5188e-09,4e+09,0.03325,0,1
18,20118813000000,52000,0.00892308,112.069,333.333,6.94444e-15,8.33333e-08,4e+09,0.003,0,1
18,20118814000000,56000,0.0104286,95.8904,33.3333,6.94444e-17,8.33333e-09,4e+09,0.03,0,1
18,20118815000000,60000,0.00993333,100.671,333.333,6.94444e-15,8.33333e-08,4e+09,0.003,0,1
18,20118816000000,64000,0.0110781,90.268,35.3982,7.83147e-17,8.84956e-09,4e+09,0.02825,0,1
18,20118817000000,68000,0.0107059,93.4066,210.526,2.77008e-15,5.26316e-08,4e+09,0.00475,0,1
18,20118818000000,72000,0.0111667,89.5522,52.6316,1.7313e-16,1.31579e-08,4e+09,0.019,0,1
18,20118819000000,76000,0.0127895,78.1893,23.8095,3.54308e-17,5.95238e-09,4e+09,0.042,0,1
18,20118820000000,80000,0.0187875,53.2269,7.53296,3.54659e-18,1.88324e-09,4e+09,0.13275,0,1
18,20118821000000,84000,0.0190476,52.5,41.2371,1.06281e-16,1.03093e-08,4e+09,0.02425,0,1
18,20118822000000,88000,0.0183636,54.4554,250,3.90625e-15,6.25e-08,4e+09,0.004,0,1
18,20118823000000,92000,0.018087,55.2885,83.3333,4.34028e-16,2.08333e-08,4e+09,0.012,0,1
18,20118824000000,96000,0.0173333,57.6923,0,0,0,4e+09,0,0,1
18,20118825000000,100000,0.0168,59.5238,250,3.90625e-15,6.25e-08,4e+09,0.004,0,1
18,20118826000000,104000,0.0164615,60.7477,125,9.76562e-16,3.125e-08,4e+09,0.008,0,1
18,20118827000000,108000,0.016,62.5,250,3.90625e-15,6.25e-08,4e+09,0.004,0,1
18,20118828000000,112000,0.0157143,63.6364,125,9.76562e-16,3.125e-08,4e+09,0.008,0,1
18,20118829000000,113000,0.0157168,63.6261,62.5,2.5e-15,4e-08,1e+09,0.016,0,0.8
18,20118830000000,117000,0.015453,64.7124,125,9.76562e-16,3.125e-08,4e+09,0.008,0,1
18,20118831000000,121000,0.0150744,66.3377,250,3.90625e-15,6.25e-08,4e+09,0.004,0,1
18,20118832000000,125000,0.014848,67.3491,125,9.76562e-16,3.125e-08,4e+09,0.008,0,1
18,20118833000000,129000,0.0145116,68.9103,250,3.90625e-15,6.25e-08,4e+09,0.004,0,1
18,20118834000000,133000,0.0143158,69.8529,125,9.76562e-16,3.125e-08,4e+09,0.008,0,1
18,20118835000000,137000,0.0140146,71.3542,250,3.90625e-15,6.25e-08,4e+09,0.004,0,1
18,20118836000000,141000,0.013844,72.2336,125,9.76562e-16,3.125e-08,4e+09,0.008,0,1
18,20118837000000,145000,0.0135724,73.6789,250,3.90625e-15,6.25e-08,4e+09,0.004,0,1
18,20118838000000,149000,0.013396,74.6493,142.857,1.27551e-15,3.57143e-08,4e+09,0.007,0,1
18,20118839000000,153000,0.0130719,76.5,1000,6.25e-14,2.5e-07,4e+09,0.001,0,1
18,20118840000000,157000,0.0128408,77.877,250,3.90625e-15,6.25e-08,4e+09,0.004,0,1
18,20118841000000,161000,0.0127205,78.6133,125,9.76562e-16,3.125e-08,4e+09,0.008,0,1
18,20118842000000,165000,0.0125091,79.9419,250,3.90625e-15,6.25e-08,4e+09,0.004,0,1
18,20118843000000,169000,0.0124024,80.6298,125,9.76562e-16,3.125e-08,4e+09,0.008,0,1
18,20118844000000,173000,0.0122081,81.9129,250,3.90625e-15,6.25e-08,4e+09,0.004,0,1
18,20118845000000,177000,0.012113,82.556,125,9.76562e-16,3.125e-08,4e+09,0.008,0,1
18,20118846000000,181000,0.0119116,83.9518,333.333,6.94444e-15,8.33333e-08,4e+09,0.003,0,1
18,20118847000000,185000,0.0123027,81.283,33.3333,6.94444e-17,8.33333e-09,4e+09,0.03,0,1
18,20118848000000,189000,0.0121058,82.6049,333.333,6.94444e-15,8.33333e-08,4e+09,0.003,0,1
18,20118849000000,193000,0.0124767,80.1495,33.3333,6.94444e-17,8.33333e-09,4e+09,0.03,0,1
18,20118850000000,197000,0.0122843,81.405,333.333,6.94444e-15,8.33333e-08,4e+09,0.003,0,1
18,20118851000000,201000,0.0128458,77.8466,24.6914,3.81039e-17,6.17284e-09,4e+09,0.0405,0,1
18,20118852000000,205000,0.0162098,61.6912,5.39811,1.82122e-18,1.34953e-09,4e+09,0.18525,0,1
18,20118853000000,209000,0.0161866,61.7795,66.6667,2.77778e-16,1.66667e-08,4e+09,0.015,0,1
18,20118854000000,213000,0.015939,62.7393,333.333,6.94444e-15,8.33333e-08,4e+09,0.003,0,1
18,20118855000000,217000,0.0157373,63.5432,200,2.5e-15,5e-08,4e+09,0.005,0,1
18,20118856000000,221000,0.0156697,63.8175,83.3333,4.34028e-16,2.08333e-08,4e+09,0.012,0,1
18,20118857000000,225000,0.01548,64.5995,200,2.5e-15,5e-08,4e+09,0.005,0,1
18,20118858000000,229000,0.0154017,64.9277,90.9091,5.16529e-16,2.27273e-08,4e+09,0.011,0,1
18,20118859000000,233000,0.0152232,65.6893,200,2.5e-15,5e-08,4e+09,0.005,0,1
18,20118860000000,237000,0.0151055,66.2011,121.212,9.18274e-16,3.0303e-08,4e+09,0.00825,0,1
18,20118861000000,241000,0.0149378,66.9444,200,2.5e-15,5e-08,4e+09,0.005,0,1
18,20118862000000,245000,0.0149837,66.7393,56.338,1.98373e-16,1.40845e-08,4e+09,0.01775,0,1
18,20118863000000,249000,0.0149357,66.9535,83.3333,4.34028e-16,2.08333e-08,4e+09,0.012,0,1
18,20118864000000,253000,0.0147787,67.6652,200,2.5e-15,5e-08,4e+09,0.005,0,1
18,20118865000000,257000,0.014677,68.1336,121.212,9.18274e-16,3.0303e-08,4e+09,0.00825,0,1
18,20118866000000,261000,0.0147395,67.8451,53.3333,1.77778e-16,1.33333e-08,4e+09,0.01875,0,1
18,20118867000000,265000,0.014566,68.6528,307.692,5.91716e-15,7.69231e-08,4e+09,0.00325,0,1
18,20118868000000,269000,0.014513,68.9037,90.9091,5.16529e-16,2.27273e-08,4e+09,0.011,0,1
18,20118869000000,273000,0.0144615,69.1489,90.9091,5.16529e-16,2.27273e-08,4e+09,0.011,0,1
19,20118801000000,4000,0.008,125,125,9.76562e-16,3.125e-08,4e+09,0.008,0,1
19,20118802000000,8000,0.006,166.667,250,3.90625e-15,6.25e-08,4e+09,0.004,0,1
19,20118803000000,12000,0.00933333,107.143,62.5,2.44141e-16,1.5625e-08,4e+09,0.016,0,1
19,20118804000000,16000,0.008,125,250,3.90625e-15,6.25e-08,4e+09,0.004,0,1
19,20118805000000,20000,0.0088,113.636,83.3333,4.34028e-16,2.08333e-08,4e+09,0.012,0,1
19,20118806000000,24000,0.008,125,250,3.90625e-15,6.25e-08,4e+09,0.004,0,1
19,20118807000000,28000,0.00767857,130.233,173.913,1.89036e-15,4.34783e-08,4e+09,0.00575,0,1
19,20118808000000,32000,0.007,142.857,444.444,1.23457e-14,1.11111e-07,4e+09,0.00225,0,1
19,20118809000000,36000,0.00666667,150,250,3.90625e-15,6.25e-08,4e+09,0.004,0,1
19,20118810000000,40000,0.0076,131.579,62.5,2.44141e-16,1.5625e-08,4e+09,0.016,0,1
19,20118811000000,44000,0.00725,137.931,266.667,4.44444e-15,6.66667e-08,4e+09,0.00375,0,1
19,20118812000000,48000,0.00941667,106.195,30.0752,5.65323e-17,7.5188e-09,4e+09,0.03325,0,1
19,20118813000000,52000,0.00892308,112.069,333.333,6.94444e-15,8.33333e-08,4e+09,0.003,0,1
19,20118814000000,56000,0.0104286,95.8904,33.3333,6.94444e-17,8.33333e-09,4e+09,0.03,0,1
19,20118815000000,60000,0.00993333,100.671,333.333,6.94444e-15,8.33333e-08,4e+09,0.003,0,1
19,20118816000000,64000,0.0110781,90.268,35.3982,7.83147e-17,8.84956e-09,4e+09,0.02825,0,1
19,20118817000000,68000,0.0107059,93.4066,210.526,2.77008e-15,5.26316e-08,4e+09,0.00475,0,1
19,20118818000000,72000,0.0111667,89.5522,52.6316,1.7313e-16,1.31579e-08,4e+09,0.019,0,1
19,20118819000000,76000,0.0127895,78.1893,23.8095,3.54308e-17,5.95238e-09,4e+09,0.042,0,1
19,20118820000000,80000,0.0187875,53.2269,7.53296,3.54659e-18,1.88324e-09,4e+09,0.13275,0,1
19,20118821000000,84000,0.0190476,52.5,41.2371,1.06281e-16,1.03093e-08,4e+09,0.02425,0,1
19,20118822000000,88000,0.0183636,54.4554,250,3.90625e-15,6.25e-08,4e+09,0.004,0,1
19,20118823000000,92000,0.018087,55.2885,83.3333,4.34028e-16,2.08333e-08,4e+09,0.012,0,1
19,20118824000000,96000,0.0173333,57.6923,0,0,0,4e+09,0,0,1
19,20118825000000,100000,0.0168,59.5238,250,3.90625e-15,6.25e-08,4e+09,0.004,0,1
19,20118826000000,104000,0.0164615,60.7477,125,9.76562e-16,3.125e-08,4e+09,0.008,0,1
19,20118827000000,108000,0.016,62.5,250,3.90625e-15,6.25e-08,4e+09,0.004,0,1
19,20118828000000,112000,0.0157143,63.6364,125,9.76562e-16,3.125e-08,4e+09,0.008,0,1
19,20118829000000,113000,0.0157168,63.6261,62.5,2.5e-15,4e-08,1e+09,0.016,0,0.8
19,20118830000000,117000,0.015453,64.7124,125,9.76562e-16,3.125e-08,4e+09,0.008,0,1
19,20118831000000,121000,0.0150744,66.3377,250,3.90625e-15,6.25e-08,4e+09,0.004,0,1
19,20118832000000,125000,0.014848,67.3491,125,9.76562e-16,3.125e-08,4e+09,0.008,0,1
19,20118833000000,129000,0.0145116,68.9103,250,3.90625e-15,6.25e-08,4e+09,0.004,0,1
19,20118834000000,133000,0.0143158,69.8529,125,9.76562e-16,3.125e-08,4e+09,0.008,0,1
19,20118835000000,137000,0.0140146,71.3542,250,3.90625e-15,6.25e-08,4e+09,0.004,0,1
19,20118836000000,141000,0.013844,72.2336,125,9.76562e-16,3.125e-08,4e+09,0.008,0,1
19,20118837000000,145000,0.0135724,73.6789,250,3.90625e-15,6.25e-08,4e+09,0.004,0,1
19,20118838000000,149000,0.013396,74.6493,142.857,1.27551e-15,3.57143e-08,4e+09,0.007,0,1
19,20118839000000,153000,0.0130719,76.5,1000,6.25e-14,2.5e-07,4e+09,0.001,0,1
19,20118840000000,157000,0.0128408,77.877,250,3.90625e-15,6.25e-08,4e+09,0.004,0,1
19,20118841000000,161000,0.0127205,78.6133,125,9.76562e-16,3.125e-08,4e+09,0.008,0,1
19,20118842000000,165000,0.0125091,79.9419,250,3.90625e-15,6.25e-08,4e+09,0.004,0,1
19,20118843000000,169000,0.0124024,80.6298,125,9.76562e-16,3.125e-08,4e+09,0.008,0,1
19,20118844000000,173000,0.0122081,81.9129,250,3.90625e-15,6.25e-08,4e+09,0.004,0,1
19,20118845000000,177000,0.012113,82.556,125,9.76562e-16,3.125e-08,4e+09,0.008,0,1
19,20118846000000,181000,0.0119116,83.9518,333.333,6.94444e-15,8.33333e-08,4e+09,0.003,0,1
19,20118847000000,185000,0.0123027,81.283,33.3333,6.94444e-17,8.33333e-09,4e+09,0.03,0,1
19,20118848000000,189000,0.0121058,82.6049,333.333,6.94444e-15,8.33333e-08,4e+09,0.003,0,1
19,20118849000000,193000,0.0124767,80.1495,33.3333,6.94444e-17,8.33333e-09,4e+09,0.03,0,1
19,20118850000000,197000,0.0122843,81.405,333.333,6.94444e-15,8.33333e-08,4e+09,0.003,0,1
19,20118851000000,201000,0.0128458,77.8466,24.6914,3.81039e-17,6.17284e-09,4e+09,0.0405,0,1
19,20118852000000,205000,0.0162098,61.6912,5.39811,1.82122e-18,1.34953e-09,4e+09,0.18525,0,1
19,20118853000000,209000,0.0161866,61.7795,66.6667,2.77778e-16,1.66667e-08,4e+09,0.015,0,1
19,20118854000000,213000,0.015939,62.7393,333.333,6.94444e-15,8.33333e-08,4e+09,0.003,0,1
19,20118855000000,217000,0.0157373,63.5432,200,2.5e-15,5e-08,4e+09,0.005,0,1
19,20118856000000,221000,0.0156697,63.8175,83.3333,4.34028e-16,2.08333e-08,4e+09,0.012,0,1
19,20118857000000,225000,0.01548,64.5995,200,2.5e-15,5e-08,4e+09,0.005,0,1
19,20118858000000,229000,0.0154017,64.9277,90.9091,5.16529e-16,2.27273e-08,4e+09,0.011,0,1
19,20118859000000,233000,0.0153433,65.1748,83.3333,4.34028e-16,2.08333e-08,4e+09,0.012,0,1
19,20118860000000,237000,0.0151055,66.2011,800,4e-14,2e-07,4e+09,0.00125,0,1
19,20118861000000,241000,0.0149378,66.9444,200,2.5e-15,5e-08,4e+09,0.005,0,1
19,20118862000000,245000,0.0149837,66.7393,56.338,1.98373e-16,1.40845e-08,4e+09,0.01775,0,1
19,20118863000000,249000,0.0149357,66.9535,83.3333,4.34028e-16,2.08333e-08,4e+09,0.012,0,1
19,20118864000000,253000,0.0149091,67.0732,75.4717,3.55999e-16,1.88679e-08,4e+09,0.01325,0,1
19,20118865000000,257000,0.0147393,67.8458,250,3.90625e-15,6.25e-08,4e+09,0.004,0,1
19,20118866000000,261000,0.0147893,67.6166,55.5556,1.92901e-16,1.38889e-08,4e+09,0.018,0,1
19,20118867000000,265000,0.0147321,67.8791,90.9091,5.16529e-16,2.27273e-08,4e+09,0.011,0,1
19,20118868000000,269000,0.0146468,68.2741,111.111,7.71605e-16,2.77778e-08,4e+09,0.009,0,1
19,20118869000000,272358,0.014525,68.8468,209.875,2.75297e-15,5.24687e-08,4e+09,0.00476474,0,1
20,20118801000000,4000,0.008,125,125,9.76562e-16,3.125e-08,4e+09,0.008,0,1
20,20118802000000,8000,0.006,166.667,250,3.90625e-15,6.25e-08,4e+09,0.004,0,1
20,20118803000000,12000,0.00933333,107.143,62.5,2.44141e-16,1.5625e-08,4e+09,0.016,0,1
20,20118804000000,16000,0.008,125,250,3.90625e-15,6.25e-08,4e+09,0.004,0,1
20,20118805000000,20000,0.0086,116.279,90.9091,5.16529e-16,2.27273e-08,4e+09,0.011,0,1
20,20118806000000,24000,0.00733333,136.364,1000,6.25e-14,2.5e-07,4e+09,0.001,0,1
20,20118807000000,28000,0.00685714,145.833,250,3.90625e-15,6.25e-08,4e+09,0.004,0,1
20,20118808000000,32000,0.007,142.857,125,9.76562e-16,3.125e-08,4e+09,0.008,0,1
20,20118809000000,36000,0.00666667,150,250,3.90625e-15,6.25e-08,4e+09,0.004,0,1
20,20118810000000,40000,0.0076,131.579,62.5,2.44141e-16,1.5625e-08,4e+09,0.016,0,1
20,20118811000000,44000,0.00725,137.931,266.667,4.44444e-15,6.66667e-08,4e+09,0.00375,0,1
20,20118812000000,48000,0.00941667,106.195,30.0752,5.65323e-17,7.5188e-09,4e+09,0.03325,0,1
20,20118813000000,52000,0.00892308,112.069,333.333,6.94444e-15,8.33333e-08,4e+09,0.003,0,1
20,20118814000000,56000,0.0104286,95.8904,33.3333,6.94444e-17,8.33333e-09,4e+09,0.03,0,1
20,20118815000000,60000,0.00993333,100.671,333.333,6.94444e-15,8.33333e-08,4e+09,0.003,0,1
20,20118816000000,64000,0.0111875,89.3855,33.3333,6.94444e-17,8.33333e-09,4e+09,0.03,0,1
20,20118817000000,68000,0.0107059,93.4066,333.333,6.94444e-15,8.33333e-08,4e+09,0.003,0,1
20,20118818000000,72000,0.0124167,80.5369,24.0964,3.62897e-17,6.0241e-09,4e+09,0.0415,0,1
20,20118819000000,76000,0.0134211,74.5098,31.746,6.29882e-17,7.93651e-09,4e+09,0.0315,0,1
20,20118820000000,80000,0.0187875,53.2269,8.28157,4.28653e-18,2.07039e-09,4e+09,0.12075,0,1
20,20118821000000,84000,0.0190476,52.5,41.2371,1.06281e-16,1.03093e-08,4e+09,0.02425,0,1
20,20118822000000,88000,0.0183636,54.4554,250,3.90625e-15,6.25e-08,4e+09,0.004,0,1
20,20118823000000,92000,0.018087,55.2885,83.3333,4.34028e-16,2.08333e-08,4e+09,0.012,0,1
20,20118824000000,96000,0.0173333,57.6923,0,0,0,4e+09,0,0,1
20,20118825000000,100000,0.0168,59.5238,250,3.90625e-15,6.25e-08,4e+09,0.004,0,1
20,20118826000000,104000,0.0164615,60.7477,125,9.76562e-16,3.125e-08,4e+09,0.008,0,1
20,20118827000000,108000,0.016,62.5,250,3.90625e-15,6.25e-08,4e+09,0.004,0,1
20,20118828000000,112000,0.0157143,63.6364,125,9.76562e-16,3.125e-08,4e+09,0.008,0,1
20,20118829000000,113000,0.0157168,63.6261,62.5,2.5e-15,4e-08,1e+09,0.016,0,0.8
20,20118830000000,117000,0.015453,64.7124,125,9.76562e-16,3.125e-08,4e+09,0.008,0,1
20,20118831000000,121000,0.0150744,66.3377,250,3.90625e-15,6.25e-08,4e+09,0.004,0,1
20,20118832000000,125000,0.014848,67.3491,125,9.76562e-16,3.125e-08,4e+09,0.008,0,1
20,20118833000000,129000,0.0145116,68.9103,250,3.90625e-15,6.25e-08,4e+09,0.004,0,1
20,20118834000000,133000,0.0143158,69.8529,125,9.76562e-16,3.125e-08,4e+09,0.008,0,1
20,20118835000000,137000,0.0140146,71.3542,250,3.90625e-15,6.25e-08,4e+09,0.004,0,1
20,20118836000000,141000,0.013617,73.4375,0,0,0,4e+09,0,0,1
20,20118837000000,145000,0.0134621,74.2828,125,9.76562e-16,3.125e-08,4e+09,0.008,0,1
20,20118838000000,149000,0.0132081,75.7114,250,3.90625e-15,6.25e-08,4e+09,0.004,0,1
20,20118839000000,153000,0.0130719,76.5,125,9.76562e-16,3.125e-08,4e+09,0.008,0,1
20,20118840000000,157000,0.0128408,77.877,250,3.90625e-15,6.25e-08,4e+09,0.004,0,1
20,20118841000000,161000,0.0127205,78.6133,125,9.76562e-16,3.125e-08,4e+09,0.008,0,1
20,20118842000000,165000,0.0125091,79.9419,250,3.90625e-15,6.25e-08,4e+09,0.004,0,1
20,20118843000000,169000,0.0124024,80.6298,125,9.76562e-16,3.125e-08,4e+09,0.008,0,1
20,20118844000000,173000,0.0122081,81.9129,250,3.90625e-15,6.25e-08,4e+09,0.004,0,1
20,20118845000000,177000,0.012113,82.556,125,9.76562e-16,3.125e-08,4e+09,0.008,0,1
20,20118846000000,181000,0.0119116,83.9518,333.333,6.94444e-15,8.33333e-08,4e+09,0.003,0,1
20,20118847000000,185000,0.0123027,81.283,33.3333,6.94444e-17,8.33333e-09,4e+09,0.03,0,1
20,20118848000000,189000,0.0121005,82.641,363.636,8.26446e-15,9.09091e-08,4e+09,0.00275,0,1
20,20118849000000,193000,0.0118549,84.3531,4000,1e-12,1e-06,4e+09,0.00025,0,1
20,20118850000000,197000,0.0122234,81.8106,33.3333,6.94444e-17,8.33333e-09,4e+09,0.03,0,1
20,20118851000000,201000,0.0120398,83.0579,333.333,6.94444e-15,8.33333e-08,4e+09,0.003,0,1
20,20118852000000,205000,0.0125951,79.3958,24.6914,3.81039e-17,6.17284e-09,4e+09,0.0405,0,1
20,20118853000000,209000,0.0149091,67.0732,7.49064,3.50685e-18,1.87266e-09,4e+09,0.1335,0,1
20,20118854000000,213000,0.0148545,67.3198,83.3333,4.34028e-16,2.08333e-08,4e+09,0.012,0,1
20,20118855000000,217000,0.0146544,68.239,250,3.90625e-15,6.25e-08,4e+09,0.004,0,1
20,20118856000000,221000,0.0145339,68.8045,125,9.76562e-16,3.125e-08,4e+09,0.008,0,1
20,20118857000000,225000,0.0143467,69.7026,250,3.90625e-15,6.25e-08,4e+09,0.004,0,1
20,20118858000000,229000,0.0142358,70.2454,125,9.76562e-16,3.125e-08,4e+09,0.008,0,1
20,20118859000000,233000,0.0140601,71.1233,250,3.90625e-15,6.25e-08,4e+09,0.004,0,1
20,20118860000000,237000,0.0139578,71.6445,125,9.76562e-16,3.125e-08,4e+09,0.008,0,1
20,20118861000000,241000,0.0139253,71.8117,83.3333,4.34028e-16,2.08333e-08,4e+09,0.012,0,1
20,20118862000000,245000,0.0137633,72.6572,250,3.90625e-15,6.25e-08,4e+09,0.004,0,1
20,20118863000000,249000,0.0137349,72.807,83.3333,4.34028e-16,2.08333e-08,4e+09,0.012,0,1
20,20118864000000,253000,0.0136443,73.2908,125,9.76562e-16,3.125e-08,4e+09,0.008,0,1
20,20118865000000,257000,0.0134786,74.1917,333.333,6.94444e-15,8.33333e-08,4e+09,0.003,0,1
20,20118866000000,261000,0.01341,74.5714,111.111,7.71605e-16,2.77778e-08,4e+09,0.009,0,1
20,20118867000000,265000,0.0133283,75.0283,125,9.76562e-16,3.125e-08,4e+09,0.008,0,1
20,20118868000000,267544,0.0132165,75.6629,636,2.5281e-14,1.59e-07,4e+09,0.00157233,0,1
20,20118869000000,267544,0.0132165,75.6629,0,0,0,4e+09,-nan,0,1
21,20118801000000,4000,0.008,125,125,9.76562e-16,3.125e-08,4e+09,0.008,0,1
21,20118802000000,8000,0.006,166.667,250,3.90625e-15,6.25e-08,4e+09,0.004,0,1
21,20118803000000,12000,0.00933333,107.143,62.5,2.44141e-16,1.5625e-08,4e+09,0.016,0,1
21,20118804000000,16000,0.008,125,250,3.90625e-15,6.25e-08,4e+09,0.004,0,1
21,20118805000000,20000,0.0086,116.279,90.9091,5.16529e-16,2.27273e-08,4e+09,0.011,0,1
21,20118806000000,24000,0.00733333,136.364,1000,6.25e-14,2.5e-07,4e+09,0.001,0,1
21,20118807000000,28000,0.00685714,145.833,250,3.90625e-15,6.25e-08,4e+09,0.004,0,1
21,20118808000000,32000,0.007,142.857,125,9.76562e-16,3.125e-08,4e+09,0.008,0,1
21,20118809000000,36000,0.00666667,150,250,3.90625e-15,6.25e-08,4e+09,0.004,0,1
21,20118810000000,40000,0.0076,131.579,62.5,2.44141e-16,1.5625e-08,4e+09,0.016,0,1
21,20118811000000,44000,0.00725,137.931,266.667,4.44444e-15,6.66667e-08,4e+09,0.00375,0,1
21,20118812000000,48000,0.00941667,106.195,30.0752,5.65323e-17,7.5188e-09,4e+09,0.03325,0,1
21,20118813000000,52000,0.00892308,112.069,333.333,6.94444e-15,8.33333e-08,4e+09,0.003,0,1
21,20118814000000,56000,0.0104286,95.8904,33.3333,6.94444e-17,8.33333e-09,4e+09,0.03,0,1
21,20118815000000,60000,0.00993333,100.671,333.333,6.94444e-15,8.33333e-08,4e+09,0.003,0,1
21,20118816000000,64000,0.0111875,89.3855,33.3333,6.94444e-17,8.33333e-09,4e+09,0.03,0,1
21,20118817000000,68000,0.0107059,93.4066,333.333,6.94444e-15,8.33333e-08,4e+09,0.003,0,1
21,20118818000000,72000,0.0124167,80.5369,24.0964,3.62897e-17,6.0241e-09,4e+09,0.0415,0,1
21,20118819000000,76000,0.0134211,74.5098,31.746,6.29882e-17,7.93651e-09,4e+09,0.0315,0,1
21,20118820000000,80000,0.0187875,53.2269,8.28157,4.28653e-18,2.07039e-09,4e+09,0.12075,0,1
21,20118821000000,84000,0.0190476,52.5,41.2371,1.06281e-16,1.03093e-08,4e+09,0.02425,0,1
21,20118822000000,88000,0.0183636,54.4554,250,3.90625e-15,6.25e-08,4e+09,0.004,0,1
21,20118823000000,92000,0.018087,55.2885,83.3333,4.34028e-16,2.08333e-08,4e+09,0.012,0,1
21,20118824000000,96000,0.0173333,57.6923,0,0,0,4e+09,0,0,1
21,20118825000000,100000,0.0168,59.5238,250,3.90625e-15,6.25e-08,4e+09,0.004,0,1
21,20118826000000,104000,0.0164615,60.7477,125,9.76562e-16,3.125e-08,4e+09,0.008,0,1
21,20118827000000,108000,0.016,62.5,250,3.90625e-15,6.25e-08,4e+09,0.004,0,1
21,20118828000000,112000,0.0157143,63.6364,125,9.76562e-16,3.125e-08,4e+09,0.008,0,1
21,20118829000000,113000,0.0157168,63.6261,62.5,2.5e-15,4e-08,1e+09,0.016,0,0.8
21,20118830000000,117000,0.015453,64.7124,125,9.76562e-16,3.125e-08,4e+09,0.008,0,1
21,20118831000000,121000,0.0150744,66.3377,250,3.90625e-15,6.25e-08,4e+09,0.004,0,1
21,20118832000000,125000,0.014848,67.3491,125,9.76562e-16,3.125e-08,4e+09,0.008,0,1
21,20118833000000,129000,0.0145116,68.9103,250,3.90625e-15,6.25e-08,4e+09,0.004,0,1
21,20118834000000,133000,0.0143158,69.8529,125,9.76562e-16,3.125e-08,4e+09,0.008,0,1
21,20118835000000,137000,0.0140146,71.3542,250,3.90625e-15,6.25e-08,4e+09,0.004,0,1
21,20118836000000,141000,0.013617,73.4375,0,0,0,4e+09,0,0,1
21,20118837000000,145000,0.0134621,74.2828,125,9.76562e-16,3.125e-08,4e+09,0.008,0,1
21,20118838000000,149000,0.0132081,75.7114,250,3.90625e-15,6.25e-08,4e+09,0.004,0,1
21,20118839000000,153000,0.0130719,76.5,125,9.76562e-16,3.125e-08,4e+09,0.008,0,1
21,20118840000000,157000,0.0128408,77.877,250,3.90625e-15,6.25e-08,4e+09,0.004,0,1
21,20118841000000,161000,0.0127205,78.6133,125,9.76562e-16,3.125e-08,4e+09,0.008,0,1
21,20118842000000,165000,0.0125091,79.9419,250,3.90625e-15,6.25e-08,4e+09,0.004,0,1
21,20118843000000,169000,0.0124024,80.6298,125,9.76562e-16,3.125e-08,4e+09,0.008,0,1
21,20118844000000,173000,0.0122081,81.9129,250,3.90625e-15,6.25e-08,4e+09,0.004,0,1
21,20118845000000,177000,0.012113,82.556,125,9.76562e-16,3.125e-08,4e+09,0.008,0,1
21,20118846000000,181000,0.0119116,83.9518,333.333,6.94444e-15,8.33333e-08,4e+09,0.003,0,1
21,20118847000000,185000,0.0123027,81.283,33.3333,6.94444e-17,8.33333e-09,4e+09,0.03,0,1
21,20118848000000,189000,0.0121005,82.641,363.636,8.26446e-15,9.09091e-08,4e+09,0.00275,0,1
21,20118849000000,193000,0.0118549,84.3531,4000,1e-12,1e-06,4e+09,0.00025,0,1
21,20118850000000,197000,0.0122234,81.8106,33.3333,6.94444e-17,8.33333e-09,4e+09,0.03,0,1
21,20118851000000,201000,0.0120398,83.0579,333.333,6.94444e-15,8.33333e-08,4e+09,0.003,0,1
21,20118852000000,205000,0.0125951,79.3958,24.6914,3.81039e-17,6.17284e-09,4e+09,0.0405,0,1
21,20118853000000,209000,0.0149091,67.0732,7.49064,3.50685e-18,1.87266e-09,4e+09,0.1335,0,1
21,20118854000000,213000,0.0148545,67.3198,83.3333,4.34028e-16,2.08333e-08,4e+09,0.012,0,1
21,20118855000000,217000,0.0146544,68.239,250,3.90625e-15,6.25e-08,4e+09,0.004,0,1
21,20118856000000,221000,0.0145339,68.8045,125,9.76562e-16,3.125e-08,4e+09,0.008,0,1
21,20118857000000,225000,0.0143467,69.7026,250,3.90625e-15,6.25e-08,4e+09,0.004,0,1
21,20118858000000,229000,0.0142358,70.2454,125,9.76562e-16,3.125e-08,4e+09,0.008,0,1
21,20118859000000,233000,0.0140601,71.1233,250,3.90625e-15,6.25e-08,4e+09,0.004,0,1
21,20118860000000,237000,0.0139578,71.6445,125,9.76562e-16,3.125e-08,4e+09,0.008,0,1
21,20118861000000,241000,0.0139253,71.8117,83.3333,4.34028e-16,2.08333e-08,4e+09,0.012,0,1
21,20118862000000,245000,0.0137633,72.6572,250,3.90625e-15,6.25e-08,4e+09,0.004,0,1
21,20118863000000,249000,0.0137349,72.807,83.3333,4.34028e-16,2.08333e-08,4e+09,0.012,0,1
21,20118864000000,253000,0.0136443,73.2908,125,9.76562e-16,3.125e-08,4e+09,0.008,0,1
21,20118865000000,257000,0.0134786,74.1917,333.333,6.94444e-15,8.33333e-08,4e+09,0.003,0,1
21,20118866000000,261000,0.01341,74.5714,111.111,7.71605e-16,2.77778e-08,4e+09,0.009,0,1
21,20118867000000,265000,0.0133283,75.0283,125,9.76562e-16,3.125e-08,4e+09,0.008,0,1
21,20118868000000,267544,0.0132165,75.6629,636,2.5281e-14,1.59e-07,4e+09,0.00157233,0,1
21,20118869000000,267544,0.0132165,75.6629,0,0,0,4e+09,-nan,0,1
22,20118801000000,4000,0.008,125,125,9.76562e-16,3.125e-08,4e+09,0.008,0,1
22,20118802000000,8000,0.006,166.667,250,3.90625e-15,6.25e-08,4e+09,0.004,0,1
22,20118803000000,12000,0.00933333,107.143,62.5,2.44141e-16,1.5625e-08,4e+09,0.016,0,1
22,20118804000000,16000,0.008,125,250,3.90625e-15,6.25e-08,4e+09,0.004,0,1
22,20118805000000,20000,0.0086,116.279,90.9091,5.16529e-16,2.27273e-08,4e+09,0.011,0,1
22,20118806000000,24000,0.00733333,136.364,1000,6.25e-14,2.5e-07,4e+09,0.001,0,1
22,20118807000000,28000,0.00685714,145.833,250,3.90625e-15,6.25e-08,4e+09,0.004,0,1
22,20118808000000,32000,0.007,142.857,125,9.76562e-16,3.125e-08,4e+09,0.008,0,1
22,20118809000000,36000,0.00666667,150,250,3.90625e-15,6.25e-08,4e+09,0.004,0,1
22,20118810000000,40000,0.0076,131.579,62.5,2.44141e-16,1.5625e-08,4e+09,0.016,0,1
22,20118811000000,44000,0.00725,137.931,266.667,4.44444e-15,6.66667e-08,4e+09,0.00375,0,1
22,20118812000000,48000,0.00941667,106.195,30.0752,5.65323e-17,7.5188e-09,4e+09,0.03325,0,1
22,20118813000000,52000,0.00892308,112.069,333.333,6.94444e-15,8.33333e-08,4e+09,0.003,0,1
22,20118814000000,56000,0.0104286,95.8904,33.3333,6.94444e-17,8.33333e-09,4e+09,0.03,0,1
22,20118815000000,60000,0.00993333,100.671,333.333,6.94444e-15,8.33333e-08,4e+09,0.003,0,1
22,20118816000000,64000,0.0111875,89.3855,33.3333,6.94444e-17,8.33333e-09,4e+09,0.03,0,1
22,20118817000000,68000,0.0107059,93.4066,333.333,6.94444e-15,8.33333e-08,4e+09,0.003,0,1
22,20118818000000,72000,0.0124167,80.5369,24.0964,3.62897e-17,6.0241e-09,4e+09,0.0415,0,1
22,20118819000000,76000,0.0134211,74.5098,31.746,6.29882e-17,7.93651e-09,4e+09,0.0315,0,1
22,20118820000000,80000,0.0187875,53.2269,8.28157,4.28653e-18,2.07039e-09,4e+09,0.12075,0,1
22,20118821000000,84000,0.0190476,52.5,41.2371,1.06281e-16,1.03093e-08,4e+09,0.02425,0,1
22,20118822000000,88000,0.0183636,54.4554,250,3.90625e-15,6.25e-08,4e+09,0.004,0,1
22,20118823000000,92000,0.018087,55.2885,83.3333,4.34028e-16,2.08333e-08,4e+09,0.012,0,1
22,20118824000000,96000,0.0173333,57.6923,0,0,0,4e+09,0,0,1
22,20118825000000,100000,0.0168,59.5238,250,3.90625e-15,6.25e-08,4e+09,0.004,0,1
22,20118826000000,104000,0.0164615,60.7477,125,9.76562e-16,3.125e-08,4e+09,0.008,0,1
22,20118827000000,108000,0.016,62.5,250,3.90625e-15,6.25e-08,4e+09,0.004,0,1
22,20118828000000,112000,0.0157143,63.6364,125,9.76562e-16,3.125e-08,4e+09,0.008,0,1
22,20118829000000,113000,0.0157168,63.6261,62.5,2.5e-15,4e-08,1e+09,0.016,0,0.8
22,20118830000000,117000,0.015453,64.7124,125,9.76562e-16,3.125e-08,4e+09,0.008,0,1
22,20118831000000,121000,0.0150744,66.3377,250,3.90625e-15,6.25e-08,4e+09,0.004,0,1
22,20118832000000,125000,0.014848,67.3491,125,9.76562e-16,3.125e-08,4e+09,0.008,0,1
22,20118833000000,129000,0.0145116,68.9103,250,3.90625e-15,6.25e-08,4e+09,0.004,0,1
22,20118834000000,133000,0.0143158,69.8529,125,9.76562e-16,3.125e-08,4e+09,0.008,0,1
22,20118835000000,137000,0.0140146,71.3542,250,3.90625e-15,6.25e-08,4e+09,0.004,0,1
22,20118836000000,141000,0.013617,73.4375,0,0,0,4e+09,0,0,1
22,20118837000000,145000,0.0134621,74.2828,125,9.76562e-16,3.125e-08,4e+09,0.008,0,1
22,20118838000000,149000,0.0132081,75.7114,250,3.90625e-15,6.25e-08,4e+09,0.004,0,1
22,20118839000000,153000,0.0130719,76.5,125,9.76562e-16,3.125e-08,4e+09,0.008,0,1
22,20118840000000,157000,0.0128408,77.877,250,3.90625e-15,6.25e-08,4e+09,0.004,0,1
22,20118841000000,161000,0.0127205,78.6133,125,9.76562e-16,3.125e-08,4e+09,0.008,0,1
22,20118842000000,165000,0.0125091,79.9419,250,3.90625e-15,6.25e-08,4e+09,0.004,0,1
22,20118843000000,169000,0.0124024,80.6298,125,9.76562e-16,3.125e-08,4e+09,0.008,0,1
22,20118844000000,173000,0.0122081,81.9129,250,3.90625e-15,6.25e-08,4e+09,0.004,0,1
22,20118845000000,177000,0.012113,82.556,125,9.76562e-16,3.125e-08,4e+09,0.008,0,1
22,20118846000000,181000,0.0119116,83.9518,333.333,6.94444e-15,8.33333e-08,4e+09,0.003,0,1
22,20118847000000,185000,0.0123027,81.283,33.3333,6.94444e-17,8.33333e-09,4e+09,0.03,0,1
22,20118848000000,189000,0.0121005,82.641,363.636,8.26446e-15,9.09091e-08,4e+09,0.00275,0,1
22,20118849000000,193000,0.0118549,84.3531,4000,1e-12,1e-06,4e+09,0.00025,0,1
22,20118850000000,197000,0.0122234,81.8106,33.3333,6.94444e-17,8.33333e-09,4e+09,0.03,0,1
22,20118851000000,201000,0.0120398,83.0579,333.333,6.94444e-15,8.33333e-08,4e+09,0.003,0,1
22,20118852000000,205000,0.0125951,79.3958,24.6914,3.81039e-17,6.17284e-09,4e+09,0.0405,0,1
22,20118853000000,209000,0.0149091,67.0732,7.49064,3.50685e-18,1.87266e-09,4e+09,0.1335,0,1
22,20118854000000,213000,0.0148545,67.3198,83.3333,4.34028e-16,2.08333e-08,4e+09,0.012,0,1
22,20118855000000,217000,0.0146544,68.239,250,3.90625e-15,6.25e-08,4e+09,0.004,0,1
22,20118856000000,221000,0.0145339,68.8045,125,9.76562e-16,3.125e-08,4e+09,0.008,0,1
22,20118857000000,225000,0.0143467,69.7026,250,3.90625e-15,6.25e-08,4e+09,0.004,0,1
22,20118858000000,229000,0.0142358,70.2454,125,9.76562e-16,3.125e-08,4e+09,0.008,0,1
22,20118859000000,233000,0.0140601,71.1233,250,3.90625e-15,6.25e-08,4e+09,0.004,0,1
22,20118860000000,237000,0.0139578,71.6445,125,9.76562e-16,3.125e-08,4e+09,0.008,0,1
22,20118861000000,241000,0.0139253,71.8117,83.3333,4.34028e-16,2.08333e-08,4e+09,0.012,0,1
22,20118862000000,245000,0.0137633,72.6572,250,3.90625e-15,6.25e-08,4e+09,0.004,0,1
22,20118863000000,249000,0.0137349,72.807,83.3333,4.34028e-16,2.08333e-08,4e+09,0.012,0,1
22,20118864000000,253000,0.0136443,73.2908,125,9.76562e-16,3.125e-08,4e+09,0.008,0,1
22,20118865000000,257000,0.0134786,74.1917,333.333,6.94444e-15,8.33333e-08,4e+09,0.003,0,1
22,20118866000000,261000,0.01341,74.5714,111.111,7.71605e-16,2.77778e-08,4e+09,0.009,0,1
22,20118867000000,265000,0.0133283,75.0283,125,9.76562e-16,3.125e-08,4e+09,0.008,0,1
22,20118868000000,267544,0.0132165,75.6629,636,2.5281e-14,1.59e-07,4e+09,0.00157233,0,1
22,20118869000000,267544,0.0132165,75.6629,0,0,0,4e+09,-nan,0,1
23,20118801000000,4000,0.008,125,125,9.76562e-16,3.125e-08,4e+09,0.008,0,1
23,20118802000000,8000,0.006,166.667,250,3.90625e-15,6.25e-08,4e+09,0.004,0,1
23,20118803000000,12000,0.00933333,107.143,62.5,2.44141e-16,1.5625e-08,4e+09,0.016,0,1
23,20118804000000,16000,0.008,125,250,3.90625e-15,6.25e-08,4e+09,0.004,0,1
23,20118805000000,20000,0.0086,116.279,90.9091,5.16529e-16,2.27273e-08,4e+09,0.011,0,1
23,20118806000000,24000,0.00733333,136.364,1000,6.25e-14,2.5e-07,4e+09,0.001,0,1
23,20118807000000,28000,0.00685714,145.833,250,3.90625e-15,6.25e-08,4e+09,0.004,0,1
23,20118808000000,32000,0.007,142.857,125,9.76562e-16,3.125e-08,4e+09,0.008,0,1
23,20118809000000,36000,0.00666667,150,250,3.90625e-15,6.25e-08,4e+09,0.004,0,1
23,20118810000000,40000,0.0076,131.579,62.5,2.44141e-16,1.5625e-08,4e+09,0.016,0,1
23,20118811000000,44000,0.00725,137.931,266.667,4.44444e-15,6.66667e-08,4e+09,0.00375,0,1
23,20118812000000,48000,0.00941667,106.195,30.0752,5.65323e-17,7.5188e-09,4e+09,0.03325,0,1
23,20118813000000,52000,0.00892308,112.069,333.333,6.94444e-15,8.33333e-08,4e+09,0.003,0,1
23,20118814000000,56000,0.0104286,95.8904,33.3333,6.94444e-17,8.33333e-09,4e+09,0.03,0,1
23,20118815000000,60000,0.00993333,100.671,333.333,6.94444e-15,8.33333e-08,4e+09,0.003,0,1
23,20118816000000,64000,0.0111875,89.3855,33.3333,6.94444e-17,8.33333e-09,4e+09,0.03,0,1
23,20118817000000,68000,0.0107059,93.4066,333.333,6.94444e-15,8.33333e-08,4e+09,0.003,0,1
23,20118818000000,72000,0.0124167,80.5369,24.0964,3.62897e-17,6.0241e-09,4e+09,0.0415,0,1
23,20118819000000,76000,0.0134211,74.5098,31.746,6.29882e-17,7.93651e-09,4e+09,0.0315,0,1
23,20118820000000,80000,0.0187875,53.2269,8.28157,4.28653e-18,2.07039e-09,4e+09,0.12075,0,1
23,20118821000000,84000,0.0190476,52.5,41.2371,1.06281e-16,1.03093e-08,4e+09,0.02425,0,1
23,20118822000000,88000,0.0183636,54.4554,250,3.90625e-15,6.25e-08,4e+09,0.004,0,1
23,20118823000000,92000,0.018087,55.2885,83.3333,4.34028e-16,2.08333e-08,4e+09,0.012,0,1
23,20118824000000,96000,0.0173333,57.6923,0,0,0,4e+09,0,0,1
23,20118825000000,100000,0.0168,59.5238,250,3.90625e-15,6.25e-08,4e+09,0.004,0,1
23,20118826000000,104000,0.0164615,60.7477,125,9.76562e-16,3.125e-08,4e+09,0.008,0,1
23,20118827000000,108000,0.016,62.5,250,3.90625e-15,6.25e-08,4e+09,0.004,0,1
23,20118828000000,112000,0.0157143,63.6364,125,9.76562e-16,3.125e-08,4e+09,0.008,0,1
23,20118829000000,113000,0.0157168,63.6261,62.5,2.5e-15,4e-08,1e+09,0.016,0,0.8
23,20118830000000,117000,0.015453,64.7124,125,9.76562e-16,3.125e-08,4e+09,0.008,0,1
23,20118831000000,121000,0.0150744,66.3377,250,3.90625e-15,6.25e-08,4e+09,0.004,0,1
23,20118832000000,125000,0.014848,67.3491,125,9.76562e-16,3.125e-08,4e+09,0.008,0,1
23,20118833000000,129000,0.0145116,68.9103,250,3.90625e-15,6.25e-08,4e+09,0.004,0,1
23,20118834000000,133000,0.0143158,69.8529,125,9.76562e-16,3.125e-08,4e+09,0.008,0,1
23,20118835000000,137000,0.0140146,71.3542,250,3.90625e-15,6.25e-08,4e+09,0.004,0,1
23,20118836000000,141000,0.013617,73.4375,0,0,0,4e+09,0,0,1
23,20118837000000,145000,0.0134621,74.2828,125,9.76562e-16,3.125e-08,4e+09,0.008,0,1
23,20118838000000,149000,0.0132081,75.7114,250,3.90625e-15,6.25e-08,4e+09,0.004,0,1
23,20118839000000,153000,0.0130719,76.5,125,9.76562e-16,3.125e-08,4e+09,0.008,0,1
23,20118840000000,157000,0.0128408,77.877,250,3.90625e-15,6.25e-08,4e+09,0.004,0,1
23,20118841000000,161000,0.0127205,78.6133,125,9.76562e-16,3.125e-08,4e+09,0.008,0,1
23,20118842000000,165000,0.0125091,79.9419,250,3.90625e-15,6.25e-08,4e+09,0.004,0,1
23,20118843000000,169000,0.0124024,80.6298,125,9.76562e-16,3.125e-08,4e+09,0.008,0,1
23,20118844000000,173000,0.0122081,81.9129,250,3.90625e-15,6.25e-08,4e+09,0.004,0,1
23,20118845000000,177000,0.012113,82.556,125,9.76562e-16,3.125e-08,4e+09,0.008,0,1
23,20118846000000,181000,0.0119116,83.9518,333.333,6.94444e-15,8.33333e-08,4e+09,0.003,0,1
23,20118847000000,185000,0.0123027,81.283,33.3333,6.94444e-17,8.33333e-09,4e+09,0.03,0,1
23,20118848000000,189000,0.0121005,82.641,363.636,8.26446e-15,9.09091e-08,4e+09,0.00275,0,1
23,20118849000000,193000,0.0118549,84.3531,4000,1e-12,1e-06,4e+09,0.00025,0,1
23,20118850000000,197000,0.0122234,81.8106,33.3333,6.94444e-17,8.33333e-09,4e+09,0.03,0,1
23,20118851000000,201000,0.0120398,83.0579,333.333,6.94444e-15,8.33333e-08,4e+09,0.003,0,1
23,20118852000000,205000,0.0125951,79.3958,24.6914,3.81039e-17,6.17284e-09,4e+09,0.0405,0,1
23,20118853000000,209000,0.0149091,67.0732,7.49064,3.50685e-18,1.87266e-09,4e+09,0.1335,0,1
23,20118854000000,213000,0.0148545,67.3198,83.3333,4.34028e-16,2.08333e-08,4e+09,0.012,0,1
23,20118855000000,217000,0.0146544,68.239,250,3.90625e-15,6.25e-08,4e+09,0.004,0,1
23,20118856000000,221000,0.0145339,68.8045,125,9.76562e-16,3.125e-08,4e+09,0.008,0,1
23,20118857000000,225000,0.0143467,69.7026,250,3.90625e-15,6.25e-08,4e+09,0.004,0,1
23,20118858000000,229000,0.0142358,70.2454,125,9.76562e-16,3.125e-08,4e+09,0.008,0,1
23,20118859000000,233000,0.0140601,71.1233,250,3.90625e-15,6.25e-08,4e+09,0.004,0,1
23,20118860000000,237000,0.0140253,71.2996,83.3333,4.34028e-16,2.08333e-08,4e+09,0.012,0,1
23,20118861000000,241000,0.0139253,71.8117,125,9.76562e-16,3.125e-08,4e+09,0.008,0,1
23,20118862000000,245000,0.0138939,71.9741,83.3333,4.34028e-16,2.08333e-08,4e+09,0.012,0,1
23,20118863000000,249000,0.0137349,72.807,250,3.90625e-15,6.25e-08,4e+09,0.004,0,1
23,20118864000000,253000,0.0136798,73.1003,97.561,5.94884e-16,2.43902e-08,4e+09,0.01025,0,1
23,20118865000000,257000,0.0134786,74.1917,1333.33,1.11111e-13,3.33333e-07,4e+09,0.00075,0,1
23,20118866000000,261000,0.01341,74.5714,111.111,7.71605e-16,2.77778e-08,4e+09,0.009,0,1
23,20118867000000,265000,0.0133283,75.0283,125,9.76562e-16,3.125e-08,4e+09,0.008,0,1
23,20118868000000,266052,0.0132906,75.241,263,4.32306e-15,6.575e-08,4e+09,0.00380228,0,1
23,20118869000000,266052,0.0132906,75.241,0,0,0,4e+09,-nan,0,1
24,20118801000000,4000,0.008,125,125,9.76562e-16,3.125e-08,4e+09,0.008,0,1
24,20118802000000,8000,0.004,250,0,0,0,4e+09,0,0,1
24,20118803000000,12000,0.004,250,250,3.90625e-15,6.25e-08,4e+09,0.004,0,1
24,20118804000000,16000,0.007,142.857,62.5,2.44141e-16,1.5625e-08,4e+09,0.016,0,1
24,20118805000000,20000,0.0064,156.25,250,3.90625e-15,6.25e-08,4e+09,0.004,0,1
24,20118806000000,24000,0.00733333,136.364,83.3333,4.34028e-16,2.08333e-08,4e+09,0.012,0,1
24,20118807000000,28000,0.00685714,145.833,250,3.90625e-15,6.25e-08,4e+09,0.004,0,1
24,20118808000000,32000,0.007,142.857,125,9.76562e-16,3.125e-08,4e+09,0.008,0,1
24,20118809000000,36000,0.00666667,150,250,3.90625e-15,6.25e-08,4e+09,0.004,0,1
24,20118810000000,40000,0.0076,131.579,62.5,2.44141e-16,1.5625e-08,4e+09,0.016,0,1
24,20118811000000,44000,0.00725,137.931,266.667,4.44444e-15,6.66667e-08,4e+09,0.00375,0,1
24,20118812000000,48000,0.00941667,106.195,30.0752,5.65323e-17,7.5188e-09,4e+09,0.03325,0,1
24,20118813000000,52000,0.00892308,112.069,333.333,6.94444e-15,8.33333e-08,4e+09,0.003,0,1
24,20118814000000,56000,0.0104286,95.8904,33.3333,6.94444e-17,8.33333e-09,4e+09,0.03,0,1
24,20118815000000,60000,0.00993333,100.671,333.333,6.94444e-15,8.33333e-08,4e+09,0.003,0,1
24,20118816000000,64000,0.0111875,89.3855,33.3333,6.94444e-17,8.33333e-09,4e+09,0.03,0,1
24,20118817000000,68000,0.0107059,93.4066,333.333,6.94444e-15,8.33333e-08,4e+09,0.003,0,1
24,20118818000000,72000,0.0124167,80.5369,24.0964,3.62897e-17,6.0241e-09,4e+09,0.0415,0,1
24,20118819000000,76000,0.0141184,70.8295,22.3464,3.121e-17,5.58659e-09,4e+09,0.04475,0,1
24,20118820000000,80000,0.0187875,53.2269,9.30233,5.40833e-18,2.32558e-09,4e+09,0.1075,0,1
24,20118821000000,84000,0.0190476,52.5,41.2371,1.06281e-16,1.03093e-08,4e+09,0.02425,0,1
24,20118822000000,88000,0.0183636,54.4554,250,3.90625e-15,6.25e-08,4e+09,0.004,0,1
24,20118823000000,92000,0.018087,55.2885,83.3333,4.34028e-16,2.08333e-08,4e+09,0.012,0,1
24,20118824000000,96000,0.0175,57.1429,250,3.90625e-15,6.25e-08,4e+09,0.004,0,1
24,20118825000000,100000,0.01712,58.4112,125,9.76562e-16,3.125e-08,4e+09,0.008,0,1
24,20118826000000,104000,0.0166154,60.1852,250,3.90625e-15,6.25e-08,4e+09,0.004,0,1
24,20118827000000,108000,0.0161296,61.9977,285.714,5.10204e-15,7.14286e-08,4e+09,0.0035,0,1
24,20118828000000,112000,0.0157143,63.6364,222.222,3.08642e-15,5.55556e-08,4e+09,0.0045,0,1
24,20118829000000,113000,0.0157168,63.6261,62.5,2.5e-15,4e-08,1e+09,0.016,0,0.8
24,20118830000000,117000,0.015453,64.7124,125,9.76562e-16,3.125e-08,4e+09,0.008,0,1
24,20118831000000,121000,0.0150744,66.3377,250,3.90625e-15,6.25e-08,4e+09,0.004,0,1
24,20118832000000,125000,0.014848,67.3491,125,9.76562e-16,3.125e-08,4e+09,0.008,0,1
24,20118833000000,129000,0.0145116,68.9103,250,3.90625e-15,6.25e-08,4e+09,0.004,0,1
24,20118834000000,133000,0.0143158,69.8529,125,9.76562e-16,3.125e-08,4e+09,0.008,0,1
24,20118835000000,137000,0.0140146,71.3542,250,3.90625e-15,6.25e-08,4e+09,0.004,0,1
24,20118836000000,141000,0.013844,72.2336,125,9.76562e-16,3.125e-08,4e+09,0.008,0,1
24,20118837000000,145000,0.0135724,73.6789,250,3.90625e-15,6.25e-08,4e+09,0.004,0,1
24,20118838000000,149000,0.0134228,74.5,125,9.76562e-16,3.125e-08,4e+09,0.008,0,1
24,20118839000000,153000,0.0131765,75.8929,250,3.90625e-15,6.25e-08,4e+09,0.004,0,1
24,20118840000000,157000,0.0128535,77.7998,2000,2.5e-13,5e-07,4e+09,0.0005,0,1
24,20118841000000,161000,0.0127205,78.6133,133.333,1.11111e-15,3.33333e-08,4e+09,0.0075,0,1
24,20118842000000,165000,0.0125091,79.9419,250,3.90625e-15,6.25e-08,4e+09,0.004,0,1
24,20118843000000,169000,0.0124024,80.6298,125,9.76562e-16,3.125e-08,4e+09,0.008,0,1
24,20118844000000,173000,0.0122081,81.9129,250,3.90625e-15,6.25e-08,4e+09,0.004,0,1
24,20118845000000,177000,0.012113,82.556,125,9.76562e-16,3.125e-08,4e+09,0.008,0,1
24,20118846000000,181000,0.0119116,83.9518,333.333,6.94444e-15,8.33333e-08,4e+09,0.003,0,1
24,20118847000000,185000,0.0123027,81.283,33.3333,6.94444e-17,8.33333e-09,4e+09,0.03,0,1
24,20118848000000,189000,0.0121058,82.6049,333.333,6.94444e-15,8.33333e-08,4e+09,0.003,0,1
24,20118849000000,193000,0.0124767,80.1495,33.3333,6.94444e-17,8.33333e-09,4e+09,0.03,0,1
24,20118850000000,197000,0.0122843,81.405,333.333,6.94444e-15,8.33333e-08,4e+09,0.003,0,1
24,20118851000000,201000,0.0128458,77.8466,24.6914,3.81039e-17,6.17284e-09,4e+09,0.0405,0,1
24,20118852000000,205000,0.0162098,61.6912,5.39811,1.82122e-18,1.34953e-09,4e+09,0.18525,0,1
24,20118853000000,209000,0.016244,61.5611,55.5556,1.92901e-16,1.38889e-08,4e+09,0.018,0,1
24,20118854000000,213000,0.0160188,62.4267,235.294,3.46021e-15,5.88235e-08,4e+09,0.00425,0,1
24,20118855000000,217000,0.0157373,63.5432,1333.33,1.11111e-13,3.33333e-07,4e+09,0.00075,0,1
24,20118856000000,221000,0.0157602,63.451,58.8235,2.16263e-16,1.47059e-08,4e+09,0.017,0,1
24,20118857000000,225000,0.0155911,64.1391,160,1.6e-15,4e-08,4e+09,0.00625,0,1
24,20118858000000,229000,0.0154017,64.9277,210.526,2.77008e-15,5.26316e-08,4e+09,0.00475,0,1
24,20118859000000,233000,0.0152232,65.6893,200,2.5e-15,5e-08,4e+09,0.005,0,1
24,20118860000000,237000,0.0151224,66.1272,108.108,7.3046e-16,2.7027e-08,4e+09,0.00925,0,1
24,20118861000000,241000,0.015166,65.9371,56.338,1.98373e-16,1.40845e-08,4e+09,0.01775,0,1
24,20118862000000,245000,0.015,66.6667,200,2.5e-15,5e-08,4e+09,0.005,0,1
24,20118863000000,249000,0.0149357,66.9535,90.9091,5.16529e-16,2.27273e-08,4e+09,0.011,0,1
24,20118864000000,253000,0.0147787,67.6652,200,2.5e-15,5e-08,4e+09,0.005,0,1
24,20118865000000,257000,0.0146887,68.0795,111.111,7.71605e-16,2.77778e-08,4e+09,0.009,0,1
24,20118866000000,261000,0.0147395,67.8451,55.5556,1.92901e-16,1.38889e-08,4e+09,0.018,0,1
24,20118867000000,265000,0.0145774,68.5995,250,3.90625e-15,6.25e-08,4e+09,0.004,0,1
24,20118868000000,269000,0.0145502,68.7276,78.4314,3.84468e-16,1.96078e-08,4e+09,0.01275,0,1
24,20118869000000,272144,0.0145364,68.7927,74.8571,3.50224e-16,1.87143e-08,4e+09,0.0133588,0,1
25,20118801000000,4000,0.008,125,125,9.76562e-16,3.125e-08,4e+09,0.008,0,1
25,20118802000000,8000,0.004,250,0,0,0,4e+09,0,0,1
25,20118803000000,12000,0.004,250,250,3.90625e-15,6.25e-08,4e+09,0.004,0,1
25,20118804000000,16000,0.007,142.857,62.5,2.44141e-16,1.5625e-08,4e+09,0.016,0,1
25,20118805000000,20000,0.0064,156.25,250,3.90625e-15,6.25e-08,4e+09,0.004,0,1
25,20118806000000,24000,0.00733333,136.364,83.3333,4.34028e-16,2.08333e-08,4e+09,0.012,0,1
25,20118807000000,28000,0.00685714,145.833,250,3.90625e-15,6.25e-08,4e+09,0.004,0,1
25,20118808000000,32000,0.007,142.857,125,9.76562e-16,3.125e-08,4e+09,0.008,0,1
25,20118809000000,36000,0.00666667,150,250,3.90625e-15,6.25e-08,4e+09,0.004,0,1
25,20118810000000,40000,0.0076,131.579,62.5,2.44141e-16,1.5625e-08,4e+09,0.016,0,1
25,20118811000000,44000,0.00725,137.931,266.667,4.44444e-15,6.66667e-08,4e+09,0.00375,0,1
25,20118812000000,48000,0.00941667,106.195,30.0752,5.65323e-17,7.5188e-09,4e+09,0.03325,0,1
25,20118813000000,52000,0.00892308,112.069,333.333,6.94444e-15,8.33333e-08,4e+09,0.003,0,1
25,20118814000000,56000,0.0104286,95.8904,33.3333,6.94444e-17,8.33333e-09,4e+09,0.03,0,1
25,20118815000000,60000,0.00993333,100.671,333.333,6.94444e-15,8.33333e-08,4e+09,0.003,0,1
25,20118816000000,64000,0.0111875,89.3855,33.3333,6.94444e-17,8.33333e-09,4e+09,0.03,0,1
25,20118817000000,68000,0.0107059,93.4066,333.333,6.94444e-15,8.33333e-08,4e+09,0.003,0,1
25,20118818000000,72000,0.0124167,80.5369,24.0964,3.62897e-17,6.0241e-09,4e+09,0.0415,0,1
25,20118819000000,76000,0.0141184,70.8295,22.3464,3.121e-17,5.58659e-09,4e+09,0.04475,0,1
25,20118820000000,80000,0.0187875,53.2269,9.30233,5.40833e-18,2.32558e-09,4e+09,0.1075,0,1
25,20118821000000,84000,0.0190476,52.5,41.2371,1.06281e-16,1.03093e-08,4e+09,0.02425,0,1
25,20118822000000,88000,0.0183636,54.4554,250,3.90625e-15,6.25e-08,4e+09,0.004,0,1
25,20118823000000,92000,0.018087,55.2885,83.3333,4.34028e-16,2.08333e-08,4e+09,0.012,0,1
25,20118824000000,96000,0.0175,57.1429,250,3.90625e-15,6.25e-08,4e+09,0.004,0,1
25,20118825000000,100000,0.01712,58.4112,125,9.76562e-16,3.125e-08,4e+09,0.008,0,1
25,20118826000000,104000,0.0166154,60.1852,250,3.90625e-15,6.25e-08,4e+09,0.004,0,1
25,20118827000000,108000,0.0161296,61.9977,285.714,5.10204e-15,7.14286e-08,4e+09,0.0035,0,1
25,20118828000000,112000,0.0157143,63.6364,222.222,3.08642e-15,5.55556e-08,4e+09,0.0045,0,1
25,20118829000000,113000,0.0157168,63.6261,62.5,2.5e-15,4e-08,1e+09,0.016,0,0.8
25,20118830000000,117000,0.015453,64.7124,125,9.76562e-16,3.125e-08,4e+09,0.008,0,1
25,20118831000000,121000,0.0150744,66.3377,250,3.90625e-15,6.25e-08,4e+09,0.004,0,1
25,20118832000000,125000,0.014848,67.3491,125,9.76562e-16,3.125e-08,4e+09,0.008,0,1
25,20118833000000,129000,0.0145116,68.9103,250,3.90625e-15,6.25e-08,4e+09,0.004,0,1
25,20118834000000,133000,0.0143158,69.8529,125,9.76562e-16,3.125e-08,4e+09,0.008,0,1
25,20118835000000,137000,0.0140146,71.3542,250,3.90625e-15,6.25e-08,4e+09,0.004,0,1
25,20118836000000,141000,0.013844,72.2336,125,9.76562e-16,3.125e-08,4e+09,0.008,0,1
25,20118837000000,145000,0.0135724,73.6789,250,3.90625e-15,6.25e-08,4e+09,0.004,0,1
25,20118838000000,149000,0.0134228,74.5,125,9.76562e-16,3.125e-08,4e+09,0.008,0,1
25,20118839000000,153000,0.0131765,75.8929,250,3.90625e-15,6.25e-08,4e+09,0.004,0,1
25,20118840000000,157000,0.0128535,77.7998,2000,2.5e-13,5e-07,4e+09,0.0005,0,1
25,20118841000000,161000,0.0127205,78.6133,133.333,1.11111e-15,3.33333e-08,4e+09,0.0075,0,1
25,20118842000000,165000,0.0125091,79.9419,250,3.90625e-15,6.25e-08,4e+09,0.004,0,1
25,20118843000000,169000,0.0124024,80.6298,125,9.76562e-16,3.125e-08,4e+09,0.008,0,1
25,20118844000000,173000,0.0122081,81.9129,250,3.90625e-15,6.25e-08,4e+09,0.004,0,1
25,20118845000000,177000,0.012113,82.556,125,9.76562e-16,3.125e-08,4e+09,0.008,0,1
25,20118846000000,181000,0.0119116,83.9518,333.333,6.94444e-15,8.33333e-08,4e+09,0.003,0,1
25,20118847000000,185000,0.0123027,81.283,33.3333,6.94444e-17,8.33333e-09,4e+09,0.03,0,1
25,20118848000000,189000,0.0121058,82.6049,333.333,6.94444e-15,8.33333e-08,4e+09,0.003,0,1
25,20118849000000,193000,0.0124767,80.1495,33.3333,6.94444e-17,8.33333e-09,4e+09,0.03,0,1
25,20118850000000,197000,0.0122843,81.405,333.333,6.94444e-15,8.33333e-08,4e+09,0.003,0,1
25,20118851000000,201000,0.0128458,77.8466,24.6914,3.81039e-17,6.17284e-09,4e+09,0.0405,0,1
25,20118852000000,205000,0.0162098,61.6912,5.39811,1.82122e-18,1.34953e-09,4e+09,0.18525,0,1
25,20118853000000,209000,0.016244,61.5611,55.5556,1.92901e-16,1.38889e-08,4e+09,0.018,0,1
25,20118854000000,213000,0.0160188,62.4267,235.294,3.46021e-15,5.88235e-08,4e+09,0.00425,0,1
25,20118855000000,217000,0.0157373,63.5432,1333.33,1.11111e-13,3.33333e-07,4e+09,0.00075,0,1
25,20118856000000,221000,0.0157602,63.451,58.8235,2.16263e-16,1.47059e-08,4e+09,0.017,0,1
25,20118857000000,225000,0.0155911,64.1391,160,1.6e-15,4e-08,4e+09,0.00625,0,1
25,20118858000000,229000,0.0154017,64.9277,210.526,2.77008e-15,5.26316e-08,4e+09,0.00475,0,1
25,20118859000000,233000,0.0152232,65.6893,200,2.5e-15,5e-08,4e+09,0.005,0,1
25,20118860000000,237000,0.0151224,66.1272,108.108,7.3046e-16,2.7027e-08,4e+09,0.00925,0,1
25,20118861000000,241000,0.015166,65.9371,56.338,1.98373e-16,1.40845e-08,4e+09,0.01775,0,1
25,20118862000000,245000,0.015,66.6667,200,2.5e-15,5e-08,4e+09,0.005,0,1
25,20118863000000,249000,0.0149357,66.9535,90.9091,5.16529e-16,2.27273e-08,4e+09,0.011,0,1
25,20118864000000,253000,0.0147787,67.6652,200,2.5e-15,5e-08,4e+09,0.005,0,1
25,20118865000000,257000,0.0146887,68.0795,111.111,7.71605e-16,2.77778e-08,4e+09,0.009,0,1
25,20118866000000,261000,0.0147395,67.8451,55.5556,1.92901e-16,1.38889e-08,4e+09,0.018,0,1
25,20118867000000,265000,0.0145774,68.5995,250,3.90625e-15,6.25e-08,4e+09,0.004,0,1
25,20118868000000,269000,0.0145502,68.7276,78.4314,3.84468e-16,1.96078e-08,4e+09,0.01275,0,1
25,20118869000000,272144,0.0145364,68.7927,74.8571,3.50224e-16,1.87143e-08,4e+09,0.0133588,0,1
26,20118801000000,4000,0.008,125,125,9.76562e-16,3.125e-08,4e+09,0.008,0,1
26,20118802000000,8000,0.004,250,0,0,0,4e+09,0,0,1
26,20118803000000,12000,0.004,250,250,3.90625e-15,6.25e-08,4e+09,0.004,0,1
26,20118804000000,16000,0.007,142.857,62.5,2.44141e-16,1.5625e-08,4e+09,0.016,0,1
26,20118805000000,20000,0.0064,156.25,250,3.90625e-15,6.25e-08,4e+09,0.004,0,1
26,20118806000000,24000,0.00733333,136.364,83.3333,4.34028e-16,2.08333e-08,4e+09,0.012,0,1
26,20118807000000,28000,0.00685714,145.833,250,3.90625e-15,6.25e-08,4e+09,0.004,0,1
26,20118808000000,32000,0.007,142.857,125,9.76562e-16,3.125e-08,4e+09,0.008,0,1
26,20118809000000,36000,0.00666667,150,250,3.90625e-15,6.25e-08,4e+09,0.004,0,1
26,20118810000000,40000,0.0076,131.579,62.5,2.44141e-16,1.5625e-08,4e+09,0.016,0,1
26,20118811000000,44000,0.00725,137.931,266.667,4.44444e-15,6.66667e-08,4e+09,0.00375,0,1
26,20118812000000,48000,0.00941667,106.195,30.0752,5.65323e-17,7.5188e-09,4e+09,0.03325,0,1
26,20118813000000,52000,0.00892308,112.069,333.333,6.94444e-15,8.33333e-08,4e+09,0.003,0,1
26,20118814000000,56000,0.0104286,95.8904,33.3333,6.94444e-17,8.33333e-09,4e+09,0.03,0,1
26,20118815000000,60000,0.00993333,100.671,333.333,6.94444e-15,8.33333e-08,4e+09,0.003,0,1
26,20118816000000,64000,0.0111875,89.3855,33.3333,6.94444e-17,8.33333e-09,4e+09,0.03,0,1
26,20118817000000,68000,0.0107059,93.4066,333.333,6.94444e-15,8.33333e-08,4e+09,0.003,0,1
26,20118818000000,72000,0.0124167,80.5369,24.0964,3.62897e-17,6.0241e-09,4e+09,0.0415,0,1
26,20118819000000,76000,0.0141184,70.8295,22.3464,3.121e-17,5.58659e-09,4e+09,0.04475,0,1
26,20118820000000,80000,0.0187875,53.2269,9.30233,5.40833e-18,2.32558e-09,4e+09,0.1075,0,1
26,20118821000000,84000,0.0190476,52.5,41.2371,1.06281e-16,1.03093e-08,4e+09,0.02425,0,1
26,20118822000000,88000,0.0183636,54.4554,250,3.90625e-15,6.25e-08,4e+09,0.004,0,1
26,20118823000000,92000,0.018087,55.2885,83.3333,4.34028e-16,2.08333e-08,4e+09,0.012,0,1
26,20118824000000,96000,0.0175,57.1429,250,3.90625e-15,6.25e-08,4e+09,0.004,0,1
26,20118825000000,100000,0.01712,58.4112,125,9.76562e-16,3.125e-08,4e+09,0.008,0,1
26,20118826000000,104000,0.0166154,60.1852,250,3.90625e-15,6.25e-08,4e+09,0.004,0,1
26,20118827000000,108000,0.0161296,61.9977,285.714,5.10204e-15,7.14286e-08,4e+09,0.0035,0,1
26,20118828000000,112000,0.0157143,63.6364,222.222,3.08642e-15,5.55556e-08,4e+09,0.0045,0,1
26,20118829000000,113000,0.0157168,63.6261,62.5,2.5e-15,4e-08,1e+09,0.016,0,0.8
26,20118830000000,117000,0.015453,64.7124,125,9.76562e-16,3.125e-08,4e+09,0.008,0,1
26,20118831000000,121000,0.0150744,66.3377,250,3.90625e-15,6.25e-08,4e+09,0.004,0,1
26,20118832000000,125000,0.014848,67.3491,125,9.76562e-16,3.125e-08,4e+09,0.008,0,1
26,20118833000000,129000,0.0145116,68.9103,250,3.90625e-15,6.25e-08,4e+09,0.004,0,1
26,20118834000000,133000,0.0143158,69.8529,125,9.76562e-16,3.125e-08,4e+09,0.008,0,1
26,20118835000000,137000,0.0140146,71.3542,250,3.90625e-15,6.25e-08,4e+09,0.004,0,1
26,20118836000000,141000,0.013844,72.2336,125,9.76562e-16,3.125e-08,4e+09,0.008,0,1
26,20118837000000,145000,0.0135724,73.6789,250,3.90625e-15,6.25e-08,4e+09,0.004,0,1
26,20118838000000,149000,0.0134228,74.5,125,9.76562e-16,3.125e-08,4e+09,0.008,0,1
26,20118839000000,153000,0.0131765,75.8929,250,3.90625e-15,6.25e-08,4e+09,0.004,0,1
26,20118840000000,157000,0.0128535,77.7998,2000,2.5e-13,5e-07,4e+09,0.0005,0,1
26,20118841000000,161000,0.0127205,78.6133,133.333,1.11111e-15,3.33333e-08,4e+09,0.0075,0,1
26,20118842000000,165000,0.0125091,79.9419,250,3.90625e-15,6.25e-08,4e+09,0.004,0,1
26,20118843000000,169000,0.0124024,80.6298,125,9.76562e-16,3.125e-08,4e+09,0.008,0,1
26,20118844000000,173000,0.0122081,81.9129,250,3.90625e-15,6.25e-08,4e+09,0.004,0,1
26,20118845000000,177000,0.012113,82.556,125,9.76562e-16,3.125e-08,4e+09,0.008,0,1
26,20118846000000,181000,0.0119116,83.9518,333.333,6.94444e-15,8.33333e-08,4e+09,0.003,0,1
26,20118847000000,185000,0.0123027,81.283,33.3333,6.94444e-17,8.33333e-09,4e+09,0.03,0,1
26,20118848000000,189000,0.0121058,82.6049,333.333,6.94444e-15,8.33333e-08,4e+09,0.003,0,1
26,20118849000000,193000,0.0124767,80.1495,33.3333,6.94444e-17,8.33333e-09,4e+09,0.03,0,1
26,20118850000000,197000,0.0122843,81.405,333.333,6.94444e-15,8.33333e-08,4e+09,0.003,0,1
26,20118851000000,201000,0.0128458,77.8466,24.6914,3.81039e-17,6.17284e-09,4e+09,0.0405,0,1
26,20118852000000,205000,0.0162098,61.6912,5.39811,1.82122e-18,1.34953e-09,4e+09,0.18525,0,1
26,20118853000000,209000,0.016244,61.5611,55.5556,1.92901e-16,1.38889e-08,4e+09,0.018,0,1
26,20118854000000,213000,0.0160188,62.4267,235.294,3.46021e-15,5.88235e-08,4e+09,0.00425,0,1
26,20118855000000,217000,0.0157373,63.5432,1333.33,1.11111e-13,3.33333e-07,4e+09,0.00075,0,1
26,20118856000000,221000,0.0157602,63.451,58.8235,2.16263e-16,1.47059e-08,4e+09,0.017,0,1
26,20118857000000,225000,0.0155911,64.1391,160,1.6e-15,4e-08,4e+09,0.00625,0,1
26,20118858000000,229000,0.0154017,64.9277,210.526,2.77008e-15,5.26316e-08,4e+09,0.00475,0,1
26,20118859000000,233000,0.0152232,65.6893,200,2.5e-15,5e-08,4e+09,0.005,0,1
26,20118860000000,237000,0.0151224,66.1272,108.108,7.3046e-16,2.7027e-08,4e+09,0.00925,0,1
26,20118861000000,241000,0.015166,65.9371,56.338,1.98373e-16,1.40845e-08,4e+09,0.01775,0,1
26,20118862000000,245000,0.015,66.6667,200,2.5e-15,5e-08,4e+09,0.005,0,1
26,20118863000000,249000,0.0149357,66.9535,90.9091,5.16529e-16,2.27273e-08,4e+09,0.011,0,1
26,20118864000000,253000,0.0147787,67.6652,200,2.5e-15,5e-08,4e+09,0.005,0,1
26,20118865000000,257000,0.0146887,68.0795,111.111,7.71605e-16,2.77778e-08,4e+09,0.009,0,1
26,20118866000000,261000,0.0147395,67.8451,55.5556,1.92901e-16,1.38889e-08,4e+09,0.018,0,1
26,20118867000000,265000,0.0145774,68.5995,250,3.90625e-15,6.25e-08,4e+09,0.004,0,1
26,20118868000000,269000,0.0145502,68.7276,78.4314,3.84468e-16,1.96078e-08,4e+09,0.01275,0,1
26,20118869000000,272144,0.0145364,68.7927,74.8571,3.50224e-16,1.87143e-08,4e+09,0.0133588,0,1
27,20118801000000,4000,0.008,125,125,9.76562e-16,3.125e-08,4e+09,0.008,0,1
27,20118802000000,8000,0.004,250,0,0,0,4e+09,0,0,1
27,20118803000000,12000,0.004,250,250,3.90625e-15,6.25e-08,4e+09,0.004,0,1
27,20118804000000,16000,0.007,142.857,62.5,2.44141e-16,1.5625e-08,4e+09,0.016,0,1
27,20118805000000,20000,0.0064,156.25,250,3.90625e-15,6.25e-08,4e+09,0.004,0,1
27,20118806000000,24000,0.00733333,136.364,83.3333,4.34028e-16,2.08333e-08,4e+09,0.012,0,1
27,20118807000000,28000,0.00685714,145.833,250,3.90625e-15,6.25e-08,4e+09,0.004,0,1
27,20118808000000,32000,0.007,142.857,125,9.76562e-16,3.125e-08,4e+09,0.008,0,1
27,20118809000000,36000,0.00666667,150,250,3.90625e-15,6.25e-08,4e+09,0.004,0,1
27,20118810000000,40000,0.0076,131.579,62.5,2.44141e-16,1.5625e-08,4e+09,0.016,0,1
27,20118811000000,44000,0.00725,137.931,266.667,4.44444e-15,6.66667e-08,4e+09,0.00375,0,1
27,20118812000000,48000,0.00941667,106.195,30.0752,5.65323e-17,7.5188e-09,4e+09,0.03325,0,1
27,20118813000000,52000,0.00892308,112.069,333.333,6.94444e-15,8.33333e-08,4e+09,0.003,0,1
27,20118814000000,56000,0.0104286,95.8904,33.3333,6.94444e-17,8.33333e-09,4e+09,0.03,0,1
27,20118815000000,60000,0.00993333,100.671,333.333,6.94444e-15,8.33333e-08,4e+09,0.003,0,1
27,20118816000000,64000,0.0111875,89.3855,33.3333,6.94444e-17,8.33333e-09,4e+09,0.03,0,1
27,20118817000000,68000,0.0107059,93.4066,333.333,6.94444e-15,8.33333e-08,4e+09,0.003,0,1
27,20118818000000,72000,0.0124167,80.5369,24.0964,3.62897e-17,6.0241e-09,4e+09,0.0415,0,1
27,20118819000000,76000,0.0141184,70.8295,22.3464,3.121e-17,5.58659e-09,4e+09,0.04475,0,1
27,20118820000000,80000,0.0187875,53.2269,9.30233,5.40833e-18,2.32558e-09,4e+09,0.1075,0,1
27,20118821000000,84000,0.0190476,52.5,41.2371,1.06281e-16,1.03093e-08,4e+09,0.02425,0,1
27,20118822000000,88000,0.0183636,54.4554,250,3.90625e-15,6.25e-08,4e+09,0.004,0,1
27,20118823000000,92000,0.018087,55.2885,83.3333,4.34028e-16,2.08333e-08,4e+09,0.012,0,1
27,20118824000000,96000,0.0175,57.1429,250,3.90625e-15,6.25e-08,4e+09,0.004,0,1
27,20118825000000,100000,0.01712,58.4112,125,9.76562e-16,3.125e-08,4e+09,0.008,0,1
27,20118826000000,104000,0.0166154,60.1852,250,3.90625e-15,6.25e-08,4e+09,0.004,0,1
27,20118827000000,108000,0.0161296,61.9977,285.714,5.10204e-15,7.14286e-08,4e+09,0.0035,0,1
27,20118828000000,112000,0.0157143,63.6364,222.222,3.08642e-15,5.55556e-08,4e+09,0.0045,0,1
27,20118829000000,113000,0.0157168,63.6261,62.5,2.5e-15,4e-08,1e+09,0.016,0,0.8
27,20118830000000,117000,0.015453,64.7124,125,9.76562e-16,3.125e-08,4e+09,0.008,0,1
27,20118831000000,121000,0.0150744,66.3377,250,3.90625e-15,6.25e-08,4e+09,0.004,0,1
27,20118832000000,125000,0.014848,67.3491,125,9.76562e-16,3.125e-08,4e+09,0.008,0,1
27,20118833000000,129000,0.0145116,68.9103,250,3.90625e-15,6.25e-08,4e+09,0.004,0,1
27,20118834000000,133000,0.0143158,69.8529,125,9.76562e-16,3.125e-08,4e+09,0.008,0,1
27,20118835000000,137000,0.0140146,71.3542,250,3.90625e-15,6.25e-08,4e+09,0.004,0,1
27,20118836000000,141000,0.013844,72.2336,125,9.76562e-16,3.125e-08,4e+09,0.008,0,1
27,20118837000000,145000,0.0135724,73.6789,250,3.90625e-15,6.25e-08,4e+09,0.004,0,1
27,20118838000000,149000,0.0134228,74.5,125,9.76562e-16,3.125e-08,4e+09,0.008,0,1
27,20118839000000,153000,0.0131765,75.8929,250,3.90625e-15,6.25e-08,4e+09,0.004,0,1
27,20118840000000,157000,0.0128535,77.7998,2000,2.5e-13,5e-07,4e+09,0.0005,0,1
27,20118841000000,161000,0.0127205,78.6133,133.333,1.11111e-15,3.33333e-08,4e+09,0.0075,0,1
27,20118842000000,165000,0.0125091,79.9419,250,3.90625e-15,6.25e-08,4e+09,0.004,0,1
27,20118843000000,169000,0.0124024,80.6298,125,9.76562e-16,3.125e-08,4e+09,0.008,0,1
27,20118844000000,173000,0.0122081,81.9129,250,3.90625e-15,6.25e-08,4e+09,0.004,0,1
27,20118845000000,177000,0.012113,82.556,125,9.76562e-16,3.125e-08,4e+09,0.008,0,1
27,20118846000000,181000,0.0119116,83.9518,333.333,6.94444e-15,8.33333e-08,4e+09,0.003,0,1
27,20118847000000,185000,0.0123027,81.283,33.3333,6.94444e-17,8.33333e-09,4e+09,0.03,0,1
27,20118848000000,189000,0.0121058,82.6049,333.333,6.94444e-15,8.33333e-08,4e+09,0.003,0,1
27,20118849000000,193000,0.0124767,80.1495,33.3333,6.94444e-17,8.33333e-09,4e+09,0.03,0,1
27,20118850000000,197000,0.0122843,81.405,333.333,6.94444e-15,8.33333e-08,4e+09,0.003,0,1
27,20118851000000,201000,0.0128458,77.8466,24.6914,3.81039e-17,6.17284e-09,4e+09,0.0405,0,1
27,20118852000000,205000,0.0162098,61.6912,5.39811,1.82122e-18,1.34953e-09,4e+09,0.18525,0,1
27,20118853000000,209000,0.016244,61.5611,55.5556,1.92901e-16,1.38889e-08,4e+09,0.018,0,1
27,20118854000000,213000,0.0160329,62.3719,200,2.5e-15,5e-08,4e+09,0.005,0,1
27,20118855000000,217000,0.0157373,63.5432,0,0,0,4e+09,0,0,1
27,20118856000000,221000,0.0156697,63.8175,83.3333,4.34028e-16,2.08333e-08,4e+09,0.012,0,1
27,20118857000000,225000,0.01548,64.5995,200,2.5e-15,5e-08,4e+09,0.005,0,1
27,20118858000000,229000,0.0154017,64.9277,90.9091,5.16529e-16,2.27273e-08,4e+09,0.011,0,1
27,20118859000000,233000,0.0152232,65.6893,200,2.5e-15,5e-08,4e+09,0.005,0,1
27,20118860000000,237000,0.0151055,66.2011,121.212,9.18274e-16,3.0303e-08,4e+09,0.00825,0,1
27,20118861000000,241000,0.015166,65.9371,53.3333,1.77778e-16,1.33333e-08,4e+09,0.01875,0,1
27,20118862000000,245000,0.0149837,66.7393,250,3.90625e-15,6.25e-08,4e+09,0.004,0,1
27,20118863000000,249000,0.0149357,66.9535,83.3333,4.34028e-16,2.08333e-08,4e+09,0.012,0,1
27,20118864000000,253000,0.0147787,67.6652,200,2.5e-15,5e-08,4e+09,0.005,0,1
27,20118865000000,257000,0.014677,68.1336,121.212,9.18274e-16,3.0303e-08,4e+09,0.00825,0,1
27,20118866000000,261000,0.0147395,67.8451,53.3333,1.77778e-16,1.33333e-08,4e+09,0.01875,0,1
27,20118867000000,265000,0.014566,68.6528,307.692,5.91716e-15,7.69231e-08,4e+09,0.00325,0,1
27,20118868000000,269000,0.014513,68.9037,90.9091,5.16529e-16,2.27273e-08,4e+09,0.011,0,1
27,20118869000000,273000,0.0144615,69.1489,90.9091,5.16529e-16,2.27273e-08,4e+09,0.011,0,1
28,20118801000000,4000,0.008,125,125,9.76562e-16,3.125e-08,4e+09,0.008,0,1
28,20118802000000,8000,0.006,166.667,250,3.90625e-15,6.25e-08,4e+09,0.004,0,1
28,20118803000000,12000,0.00933333,107.143,62.5,2.44141e-16,1.5625e-08,4e+09,0.016,0,1
28,20118804000000,16000,0.008,125,250,3.90625e-15,6.25e-08,4e+09,0.004,0,1
28,20118805000000,20000,0.0086,116.279,90.9091,5.16529e-16,2.27273e-08,4e+09,0.011,0,1
28,20118806000000,24000,0.00733333,136.364,1000,6.25e-14,2.5e-07,4e+09,0.001,0,1
28,20118807000000,28000,0.00685714,145.833,250,3.90625e-15,6.25e-08,4e+09,0.004,0,1
28,20118808000000,32000,0.007,142.857,125,9.76562e-16,3.125e-08,4e+09,0.008,0,1
28,20118809000000,36000,0.00666667,150,250,3.90625e-15,6.25e-08,4e+09,0.004,0,1
28,20118810000000,40000,0.0076,131.579,62.5,2.44141e-16,1.5625e-08,4e+09,0.016,0,1
28,20118811000000,44000,0.00725,137.931,266.667,4.44444e-15,6.66667e-08,4e+09,0.00375,0,1
28,20118812000000,48000,0.00941667,106.195,30.0752,5.65323e-17,7.5188e-09,4e+09,0.03325,0,1
28,20118813000000,52000,0.00892308,112.069,333.333,6.94444e-15,8.33333e-08,4e+09,0.003,0,1
28,20118814000000,56000,0.0104286,95.8904,33.3333,6.94444e-17,8.33333e-09,4e+09,0.03,0,1
28,20118815000000,60000,0.00993333,100.671,333.333,6.94444e-15,8.33333e-08,4e+09,0.003,0,1
28,20118816000000,64000,0.0111875,89.3855,33.3333,6.94444e-17,8.33333e-09,4e+09,0.03,0,1
28,20118817000000,68000,0.0107059,93.4066,333.333,6.94444e-15,8.33333e-08,4e+09,0.003,0,1
28,20118818000000,72000,0.0114167,87.5912,42.5532,1.13173e-16,1.06383e-08,4e+09,0.0235,0,1
28,20118819000000,76000,0.0129868,77.001,24.2424,3.67309e-17,6.06061e-09,4e+09,0.04125,0,1
28,20118820000000,80000,0.0187875,53.2269,7.75194,3.75578e-18,1.93798e-09,4e+09,0.129,0,1
28,20118821000000,84000,0.0190476,52.5,41.2371,1.06281e-16,1.03093e-08,4e+09,0.02425,0,1
28,20118822000000,88000,0.0183636,54.4554,250,3.90625e-15,6.25e-08,4e+09,0.004,0,1
28,20118823000000,92000,0.018087,55.2885,83.3333,4.34028e-16,2.08333e-08,4e+09,0.012,0,1
28,20118824000000,96000,0.0175,57.1429,250,3.90625e-15,6.25e-08,4e+09,0.004,0,1
28,20118825000000,100000,0.01712,58.4112,125,9.76562e-16,3.125e-08,4e+09,0.008,0,1
28,20118826000000,104000,0.0166154,60.1852,250,3.90625e-15,6.25e-08,4e+09,0.004,0,1
28,20118827000000,108000,0.016,62.5,0,0,0,4e+09,0,0,1
28,20118828000000,112000,0.0157143,63.6364,125,9.76562e-16,3.125e-08,4e+09,0.008,0,1
28,20118829000000,113000,0.0157168,63.6261,62.5,2.5e-15,4e-08,1e+09,0.016,0,0.8
28,20118830000000,117000,0.015453,64.7124,125,9.76562e-16,3.125e-08,4e+09,0.008,0,1
28,20118831000000,121000,0.0150744,66.3377,250,3.90625e-15,6.25e-08,4e+09,0.004,0,1
28,20118832000000,125000,0.014848,67.3491,125,9.76562e-16,3.125e-08,4e+09,0.008,0,1
28,20118833000000,129000,0.0145116,68.9103,250,3.90625e-15,6.25e-08,4e+09,0.004,0,1
28,20118834000000,133000,0.0143158,69.8529,125,9.76562e-16,3.125e-08,4e+09,0.008,0,1
28,20118835000000,137000,0.0140146,71.3542,250,3.90625e-15,6.25e-08,4e+09,0.004,0,1
28,20118836000000,141000,0.013617,73.4375,0,0,0,4e+09,0,0,1
28,20118837000000,145000,0.0134621,74.2828,125,9.76562e-16,3.125e-08,4e+09,0.008,0,1
28,20118838000000,149000,0.0132081,75.7114,250,3.90625e-15,6.25e-08,4e+09,0.004,0,1
28,20118839000000,153000,0.0130719,76.5,125,9.76562e-16,3.125e-08,4e+09,0.008,0,1
28,20118840000000,157000,0.0128408,77.877,250,3.90625e-15,6.25e-08,4e+09,0.004,0,1
28,20118841000000,161000,0.0127205,78.6133,125,9.76562e-16,3.125e-08,4e+09,0.008,0,1
28,20118842000000,165000,0.0125091,79.9419,250,3.90625e-15,6.25e-08,4e+09,0.004,0,1
28,20118843000000,169000,0.0124024,80.6298,125,9.76562e-16,3.125e-08,4e+09,0.008,0,1
28,20118844000000,173000,0.0122081,81.9129,250,3.90625e-15,6.25e-08,4e+09,0.004,0,1
28,20118845000000,177000,0.012113,82.556,125,9.76562e-16,3.125e-08,4e+09,0.008,0,1
28,20118846000000,181000,0.0119116,83.9518,333.333,6.94444e-15,8.33333e-08,4e+09,0.003,0,1
28,20118847000000,185000,0.0123027,81.283,33.3333,6.94444e-17,8.33333e-09,4e+09,0.03,0,1
28,20118848000000,189000,0.0121058,82.6049,333.333,6.94444e-15,8.33333e-08,4e+09,0.003,0,1
28,20118849000000,193000,0.0120104,83.2614,133.333,1.11111e-15,3.33333e-08,4e+09,0.0075,0,1
28,20118850000000,197000,0.0122234,81.8106,44.4444,1.23457e-16,1.11111e-08,4e+09,0.0225,0,1
28,20118851000000,201000,0.0120398,83.0579,333.333,6.94444e-15,8.33333e-08,4e+09,0.003,0,1
28,20118852000000,205000,0.0125951,79.3958,24.6914,3.81039e-17,6.17284e-09,4e+09,0.0405,0,1
28,20118853000000,209000,0.0158995,62.895,5.39811,1.82122e-18,1.34953e-09,4e+09,0.18525,0,1
28,20118854000000,213000,0.015939,62.7393,55.5556,1.92901e-16,1.38889e-08,4e+09,0.018,0,1
28,20118855000000,217000,0.0157373,63.5432,200,2.5e-15,5e-08,4e+09,0.005,0,1
28,20118856000000,221000,0.0157602,63.451,58.8235,2.16263e-16,1.47059e-08,4e+09,0.017,0,1
28,20118857000000,225000,0.0156756,63.7936,90.9091,5.16529e-16,2.27273e-08,4e+09,0.011,0,1
28,20118858000000,229000,0.0156332,63.9665,75.4717,3.55999e-16,1.88679e-08,4e+09,0.01325,0,1
28,20118859000000,233000,0.0154506,64.7222,200,2.5e-15,5e-08,4e+09,0.005,0,1
28,20118860000000,237000,0.0151899,65.8333,0,0,0,4e+09,0,0,1
28,20118861000000,241000,0.0152324,65.6497,56.338,1.98373e-16,1.40845e-08,4e+09,0.01775,0,1
28,20118862000000,245000,0.0151796,65.8779,83.3333,4.34028e-16,2.08333e-08,4e+09,0.012,0,1
28,20118863000000,249000,0.0151486,66.0127,75.4717,3.55999e-16,1.88679e-08,4e+09,0.01325,0,1
28,20118864000000,253000,0.0149723,66.7899,250,3.90625e-15,6.25e-08,4e+09,0.004,0,1
28,20118865000000,257000,0.0151401,66.0499,38.835,9.42596e-17,9.70874e-09,4e+09,0.02575,0,1
28,20118866000000,261000,0.0151264,66.1094,70.1754,3.07787e-16,1.75439e-08,4e+09,0.01425,0,1
28,20118867000000,264590,0.0149514,66.8832,448.75,1.2586e-14,1.12187e-07,4e+09,0.00222841,0,1
28,20118868000000,264590,0.0149514,66.8832,0,0,0,4e+09,-nan,0,1
28,20118869000000,264590,0.0149514,66.8832,0,0,0,4e+09,-nan,0,1
29,20118801000000,4000,0.008,125,125,9.76562e-16,3.125e-08,4e+09,0.008,0,1
29,20118802000000,8000,0.006,166.667,250,3.90625e-15,6.25e-08,4e+09,0.004,0,1
29,20118803000000,12000,0.00933333,107.143,62.5,2.44141e-16,1.5625e-08,4e+09,0.016,0,1
29,20118804000000,16000,0.008,125,250,3.90625e-15,6.25e-08,4e+09,0.004,0,1
29,20118805000000,20000,0.0086,116.279,90.9091,5.16529e-16,2.27273e-08,4e+09,0.011,0,1
29,20118806000000,24000,0.00733333,136.364,1000,6.25e-14,2.5e-07,4e+09,0.001,0,1
29,20118807000000,28000,0.00685714,145.833,250,3.90625e-15,6.25e-08,4e+09,0.004,0,1
29,20118808000000,32000,0.007,142.857,125,9.76562e-16,3.125e-08,4e+09,0.008,0,1
29,20118809000000,36000,0.00666667,150,250,3.90625e-15,6.25e-08,4e+09,0.004,0,1
29,20118810000000,40000,0.0076,131.579,62.5,2.44141e-16,1.5625e-08,4e+09,0.016,0,1
29,20118811000000,44000,0.00725,137.931,266.667,4.44444e-15,6.66667e-08,4e+09,0.00375,0,1
29,20118812000000,48000,0.00941667,106.195,30.0752,5.65323e-17,7.5188e-09,4e+09,0.03325,0,1
29,20118813000000,52000,0.00892308,112.069,333.333,6.94444e-15,8.33333e-08,4e+09,0.003,0,1
29,20118814000000,56000,0.0104286,95.8904,33.3333,6.94444e-17,8.33333e-09,4e+09,0.03,0,1
29,20118815000000,60000,0.00993333,100.671,333.333,6.94444e-15,8.33333e-08,4e+09,0.003,0,1
29,20118816000000,64000,0.0111875,89.3855,33.3333,6.94444e-17,8.33333e-09,4e+09,0.03,0,1
29,20118817000000,68000,0.0107059,93.4066,333.333,6.94444e-15,8.33333e-08,4e+09,0.003,0,1
29,20118818000000,72000,0.0114167,87.5912,42.5532,1.13173e-16,1.06383e-08,4e+09,0.0235,0,1
29,20118819000000,76000,0.0129868,77.001,24.2424,3.67309e-17,6.06061e-09,4e+09,0.04125,0,1
29,20118820000000,80000,0.0187875,53.2269,7.75194,3.75578e-18,1.93798e-09,4e+09,0.129,0,1
29,20118821000000,84000,0.0190476,52.5,41.2371,1.06281e-16,1.03093e-08,4e+09,0.02425,0,1
29,20118822000000,88000,0.0183636,54.4554,250,3.90625e-15,6.25e-08,4e+09,0.004,0,1
29,20118823000000,92000,0.018087,55.2885,83.3333,4.34028e-16,2.08333e-08,4e+09,0.012,0,1
29,20118824000000,96000,0.0175,57.1429,250,3.90625e-15,6.25e-08,4e+09,0.004,0,1
29,20118825000000,100000,0.01712,58.4112,125,9.76562e-16,3.125e-08,4e+09,0.008,0,1
29,20118826000000,104000,0.0166154,60.1852,250,3.90625e-15,6.25e-08,4e+09,0.004,0,1
29,20118827000000,108000,0.016,62.5,0,0,0,4e+09,0,0,1
29,20118828000000,112000,0.0157143,63.6364,125,9.76562e-16,3.125e-08,4e+09,0.008,0,1
29,20118829000000,113000,0.0157168,63.6261,62.5,2.5e-15,4e-08,1e+09,0.016,0,0.8
29,20118830000000,117000,0.015453,64.7124,125,9.76562e-16,3.125e-08,4e+09,0.008,0,1
29,20118831000000,121000,0.0150744,66.3377,250,3.90625e-15,6.25e-08,4e+09,0.004,0,1
29,20118832000000,125000,0.014848,67.3491,125,9.76562e-16,3.125e-08,4e+09,0.008,0,1
29,20118833000000,129000,0.0145116,68.9103,250,3.90625e-15,6.25e-08,4e+09,0.004,0,1
29,20118834000000,133000,0.0143158,69.8529,125,9.76562e-16,3.125e-08,4e+09,0.008,0,1
29,20118835000000,137000,0.0140146,71.3542,250,3.90625e-15,6.25e-08,4e+09,0.004,0,1
29,20118836000000,141000,0.013617,73.4375,0,0,0,4e+09,0,0,1
29,20118837000000,145000,0.0134621,74.2828,125,9.76562e-16,3.125e-08,4e+09,0.008,0,1
29,20118838000000,149000,0.0132081,75.7114,250,3.90625e-15,6.25e-08,4e+09,0.004,0,1
29,20118839000000,153000,0.0130719,76.5,125,9.76562e-16,3.125e-08,4e+09,0.008,0,1
29,20118840000000,157000,0.0128408,77.877,250,3.90625e-15,6.25e-08,4e+09,0.004,0,1
29,20118841000000,161000,0.0127205,78.6133,125,9.76562e-16,3.125e-08,4e+09,0.008,0,1
29,20118842000000,165000,0.0125091,79.9419,250,3.90625e-15,6.25e-08,4e+09,0.004,0,1
29,20118843000000,169000,0.0124024,80.6298,125,9.76562e-16,3.125e-08,4e+09,0.008,0,1
29,20118844000000,173000,0.0122081,81.9129,250,3.90625e-15,6.25e-08,4e+09,0.004,0,1
29,20118845000000,177000,0.012113,82.556,125,9.76562e-16,3.125e-08,4e+09,0.008,0,1
29,20118846000000,181000,0.0119116,83.9518,333.333,6.94444e-15,8.33333e-08,4e+09,0.003,0,1
29,20118847000000,185000,0.0123027,81.283,33.3333,6.94444e-17,8.33333e-09,4e+09,0.03,0,1
29,20118848000000,189000,0.0121058,82.6049,333.333,6.94444e-15,8.33333e-08,4e+09,0.003,0,1
29,20118849000000,193000,0.0120104,83.2614,133.333,1.11111e-15,3.33333e-08,4e+09,0.0075,0,1
29,20118850000000,197000,0.0122234,81.8106,44.4444,1.23457e-16,1.11111e-08,4e+09,0.0225,0,1
29,20118851000000,201000,0.0120398,83.0579,333.333,6.94444e-15,8.33333e-08,4e+09,0.003,0,1
29,20118852000000,205000,0.0125951,79.3958,24.6914,3.81039e-17,6.17284e-09,4e+09,0.0405,0,1
29,20118853000000,209000,0.0158995,62.895,5.39811,1.82122e-18,1.34953e-09,4e+09,0.18525,0,1
29,20118854000000,213000,0.015939,62.7393,55.5556,1.92901e-16,1.38889e-08,4e+09,0.018,0,1
29,20118855000000,217000,0.0157373,63.5432,200,2.5e-15,5e-08,4e+09,0.005,0,1
29,20118856000000,221000,0.0157602,63.451,58.8235,2.16263e-16,1.47059e-08,4e+09,0.017,0,1
29,20118857000000,225000,0.0156756,63.7936,90.9091,5.16529e-16,2.27273e-08,4e+09,0.011,0,1
29,20118858000000,229000,0.0156332,63.9665,75.4717,3.55999e-16,1.88679e-08,4e+09,0.01325,0,1
29,20118859000000,233000,0.0154506,64.7222,200,2.5e-15,5e-08,4e+09,0.005,0,1
29,20118860000000,237000,0.0151899,65.8333,0,0,0,4e+09,0,0,1
29,20118861000000,241000,0.0152324,65.6497,56.338,1.98373e-16,1.40845e-08,4e+09,0.01775,0,1
29,20118862000000,245000,0.0151796,65.8779,83.3333,4.34028e-16,2.08333e-08,4e+09,0.012,0,1
29,20118863000000,249000,0.0151486,66.0127,75.4717,3.55999e-16,1.88679e-08,4e+09,0.01325,0,1
29,20118864000000,253000,0.0149723,66.7899,250,3.90625e-15,6.25e-08,4e+09,0.004,0,1
29,20118865000000,257000,0.0151401,66.0499,38.835,9.42596e-17,9.70874e-09,4e+09,0.02575,0,1
29,20118866000000,261000,0.0151264,66.1094,70.1754,3.07787e-16,1.75439e-08,4e+09,0.01425,0,1
29,20118867000000,264590,0.0149514,66.8832,448.75,1.2586e-14,1.12187e-07,4e+09,0.00222841,0,1
29,20118868000000,264590,0.0149514,66.8832,0,0,0,4e+09,-nan,0,1
29,20118869000000,264590,0.0149514,66.8832,0,0,0,4e+09,-nan,0,1
30,20118801000000,4000,0.008,125,125,9.76562e-16,3.125e-08,4e+09,0.008,0,1
30,20118802000000,8000,0.006,166.667,250,3.90625e-15,6.25e-08,4e+09,0.004,0,1
30,20118803000000,12000,0.00933333,107.143,62.5,2.44141e-16,1.5625e-08,4e+09,0.016,0,1
30,20118804000000,16000,0.008,125,250,3.90625e-15,6.25e-08,4e+09,0.004,0,1
30,20118805000000,20000,0.0086,116.279,90.9091,5.16529e-16,2.27273e-08,4e+09,0.011,0,1
30,20118806000000,24000,0.00733333,136.364,1000,6.25e-14,2.5e-07,4e+09,0.001,0,1
30,20118807000000,28000,0.00685714,145.833,250,3.90625e-15,6.25e-08,4e+09,0.004,0,1
30,20118808000000,32000,0.007,142.857,125,9.76562e-16,3.125e-08,4e+09,0.008,0,1
30,20118809000000,36000,0.00666667,150,250,3.90625e-15,6.25e-08,4e+09,0.004,0,1
30,20118810000000,40000,0.0076,131.579,62.5,2.44141e-16,1.5625e-08,4e+09,0.016,0,1
30,20118811000000,44000,0.00725,137.931,266.667,4.44444e-15,6.66667e-08,4e+09,0.00375,0,1
30,20118812000000,48000,0.00941667,106.195,30.0752,5.65323e-17,7.5188e-09,4e+09,0.03325,0,1
30,20118813000000,52000,0.00892308,112.069,333.333,6.94444e-15,8.33333e-08,4e+09,0.003,0,1
30,20118814000000,56000,0.0104286,95.8904,33.3333,6.94444e-17,8.33333e-09,4e+09,0.03,0,1
30,20118815000000,60000,0.00993333,100.671,333.333,6.94444e-15,8.33333e-08,4e+09,0.003,0,1
30,20118816000000,64000,0.0111875,89.3855,33.3333,6.94444e-17,8.33333e-09,4e+09,0.03,0,1
30,20118817000000,68000,0.0107059,93.4066,333.333,6.94444e-15,8.33333e-08,4e+09,0.003,0,1
30,20118818000000,72000,0.0114167,87.5912,42.5532,1.13173e-16,1.06383e-08,4e+09,0.0235,0,1
30,20118819000000,76000,0.0129868,77.001,24.2424,3.67309e-17,6.06061e-09,4e+09,0.04125,0,1
30,20118820000000,80000,0.0187875,53.2269,7.75194,3.75578e-18,1.93798e-09,4e+09,0.129,0,1
30,20118821000000,84000,0.0190476,52.5,41.2371,1.06281e-16,1.03093e-08,4e+09,0.02425,0,1
30,20118822000000,88000,0.0183636,54.4554,250,3.90625e-15,6.25e-08,4e+09,0.004,0,1
30,20118823000000,92000,0.018087,55.2885,83.3333,4.34028e-16,2.08333e-08,4e+09,0.012,0,1
30,20118824000000,96000,0.0175,57.1429,250,3.90625e-15,6.25e-08,4e+09,0.004,0,1
30,20118825000000,100000,0.01712,58.4112,125,9.76562e-16,3.125e-08,4e+09,0.008,0,1
30,20118826000000,104000,0.0166154,60.1852,250,3.90625e-15,6.25e-08,4e+09,0.004,0,1
30,20118827000000,108000,0.016,62.5,0,0,0,4e+09,0,0,1
30,20118828000000,112000,0.0157143,63.6364,125,9.76562e-16,3.125e-08,4e+09,0.008,0,1
30,20118829000000,113000,0.0157168,63.6261,62.5,2.5e-15,4e-08,1e+09,0.016,0,0.8
30,20118830000000,117000,0.015453,64.7124,125,9.76562e-16,3.125e-08,4e+09,0.008,0,1
30,20118831000000,121000,0.0150744,66.3377,250,3.90625e-15,6.25e-08,4e+09,0.004,0,1
30,20118832000000,125000,0.014848,67.3491,125,9.76562e-16,3.125e-08,4e+09,0.008,0,1
30,20118833000000,129000,0.0145116,68.9103,250,3.90625e-15,6.25e-08,4e+09,0.004,0,1
30,20118834000000,133000,0.0143158,69.8529,125,9.76562e-16,3.125e-08,4e+09,0.008,0,1
30,20118835000000,137000,0.0140146,71.3542,250,3.90625e-15,6.25e-08,4e+09,0.004,0,1
30,20118836000000,141000,0.013617,73.4375,0,0,0,4e+09,0,0,1
30,20118837000000,145000,0.0134621,74.2828,125,9.76562e-16,3.125e-08,4e+09,0.008,0,1
30,20118838000000,149000,0.0132081,75.7114,250,3.90625e-15,6.25e-08,4e+09,0.004,0,1
30,20118839000000,153000,0.0130719,76.5,125,9.76562e-16,3.125e-08,4e+09,0.008,0,1
30,20118840000000,157000,0.0128408,77.877,250,3.90625e-15,6.25e-08,4e+09,0.004,0,1
30,20118841000000,161000,0.0127205,78.6133,125,9.76562e-16,3.125e-08,4e+09,0.008,0,1
30,20118842000000,165000,0.0125091,79.9419,250,3.90625e-15,6.25e-08,4e+09,0.004,0,1
30,20118843000000,169000,0.0124024,80.6298,125,9.76562e-16,3.125e-08,4e+09,0.008,0,1
30,20118844000000,173000,0.0122081,81.9129,250,3.90625e-15,6.25e-08,4e+09,0.004,0,1
30,20118845000000,177000,0.012113,82.556,125,9.76562e-16,3.125e-08,4e+09,0.008,0,1
30,20118846000000,181000,0.0119116,83.9518,333.333,6.94444e-15,8.33333e-08,4e+09,0.003,0,1
30,20118847000000,185000,0.0123027,81.283,33.3333,6.94444e-17,8.33333e-09,4e+09,0.03,0,1
30,20118848000000,189000,0.0121058,82.6049,333.333,6.94444e-15,8.33333e-08,4e+09,0.003,0,1
30,20118849000000,193000,0.0120104,83.2614,133.333,1.11111e-15,3.33333e-08,4e+09,0.0075,0,1
30,20118850000000,197000,0.0122234,81.8106,44.4444,1.23457e-16,1.11111e-08,4e+09,0.0225,0,1
30,20118851000000,201000,0.0120398,83.0579,333.333,6.94444e-15,8.33333e-08,4e+09,0.003,0,1
30,20118852000000,205000,0.0125951,79.3958,24.6914,3.81039e-17,6.17284e-09,4e+09,0.0405,0,1
30,20118853000000,209000,0.0158995,62.895,5.39811,1.82122e-18,1.34953e-09,4e+09,0.18525,0,1
30,20118854000000,213000,0.015939,62.7393,55.5556,1.92901e-16,1.38889e-08,4e+09,0.018,0,1
30,20118855000000,217000,0.0157373,63.5432,200,2.5e-15,5e-08,4e+09,0.005,0,1
30,20118856000000,221000,0.0157602,63.451,58.8235,2.16263e-16,1.47059e-08,4e+09,0.017,0,1
30,20118857000000,225000,0.0156756,63.7936,90.9091,5.16529e-16,2.27273e-08,4e+09,0.011,0,1
30,20118858000000,229000,0.0156332,63.9665,75.4717,3.55999e-16,1.88679e-08,4e+09,0.01325,0,1
30,20118859000000,233000,0.0154506,64.7222,200,2.5e-15,5e-08,4e+09,0.005,0,1
30,20118860000000,237000,0.0151899,65.8333,0,0,0,4e+09,0,0,1
30,20118861000000,241000,0.0152324,65.6497,56.338,1.98373e-16,1.40845e-08,4e+09,0.01775,0,1
30,20118862000000,245000,0.0151796,65.8779,83.3333,4.34028e-16,2.08333e-08,4e+09,0.012,0,1
30,20118863000000,249000,0.0151486,66.0127,75.4717,3.55999e-16,1.88679e-08,4e+09,0.01325,0,1
30,20118864000000,253000,0.0149723,66.7899,250,3.90625e-15,6.25e-08,4e+09,0.004,0,1
30,20118865000000,257000,0.0151401,66.0499,38.835,9.42596e-17,9.70874e-09,4e+09,0.02575,0,1
30,20118866000000,261000,0.0151264,66.1094,70.1754,3.07787e-16,1.75439e-08,4e+09,0.01425,0,1
30,20118867000000,264590,0.0149514,66.8832,448.75,1.2586e-14,1.12187e-07,4e+09,0.00222841,0,1
30,20118868000000,264590,0.0149514,66.8832,0,0,0,4e+09,-nan,0,1
30,20118869000000,264590,0.0149514,66.8832,0,0,0,4e+09,-nan,0,1
31,20118801000000,4000,0.008,125,125,9.76562e-16,3.125e-08,4e+09,0.008,0,1
31,20118802000000,8000,0.006,166.667,250,3.90625e-15,6.25e-08,4e+09,0.004,0,1
31,20118803000000,12000,0.00933333,107.143,62.5,2.44141e-16,1.5625e-08,4e+09,0.016,0,1
31,20118804000000,16000,0.008,125,250,3.90625e-15,6.25e-08,4e+09,0.004,0,1
31,20118805000000,20000,0.0086,116.279,90.9091,5.16529e-16,2.27273e-08,4e+09,0.011,0,1
31,20118806000000,24000,0.00733333,136.364,1000,6.25e-14,2.5e-07,4e+09,0.001,0,1
31,20118807000000,28000,0.00685714,145.833,250,3.90625e-15,6.25e-08,4e+09,0.004,0,1
31,20118808000000,32000,0.007,142.857,125,9.76562e-16,3.125e-08,4e+09,0.008,0,1
31,20118809000000,36000,0.00666667,150,250,3.90625e-15,6.25e-08,4e+09,0.004,0,1
31,20118810000000,40000,0.0076,131.579,62.5,2.44141e-16,1.5625e-08,4e+09,0.016,0,1
31,20118811000000,44000,0.00725,137.931,266.667,4.44444e-15,6.66667e-08,4e+09,0.00375,0,1
31,20118812000000,48000,0.00941667,106.195,30.0752,5.65323e-17,7.5188e-09,4e+09,0.03325,0,1
31,20118813000000,52000,0.00892308,112.069,333.333,6.94444e-15,8.33333e-08,4e+09,0.003,0,1
31,20118814000000,56000,0.0104286,95.8904,33.3333,6.94444e-17,8.33333e-09,4e+09,0.03,0,1
31,20118815000000,60000,0.00993333,100.671,333.333,6.94444e-15,8.33333e-08,4e+09,0.003,0,1
31,20118816000000,64000,0.0111875,89.3855,33.3333,6.94444e-17,8.33333e-09,4e+09,0.03,0,1
31,20118817000000,68000,0.0107059,93.4066,333.333,6.94444e-15,8.33333e-08,4e+09,0.003,0,1
31,20118818000000,72000,0.0114167,87.5912,42.5532,1.13173e-16,1.06383e-08,4e+09,0.0235,0,1
31,20118819000000,76000,0.0129868,77.001,24.2424,3.67309e-17,6.06061e-09,4e+09,0.04125,0,1
31,20118820000000,80000,0.0187875,53.2269,7.75194,3.75578e-18,1.93798e-09,4e+09,0.129,0,1
31,20118821000000,84000,0.0190476,52.5,41.2371,1.06281e-16,1.03093e-08,4e+09,0.02425,0,1
31,20118822000000,88000,0.0183636,54.4554,250,3.90625e-15,6.25e-08,4e+09,0.004,0,1
31,20118823000000,92000,0.018087,55.2885,83.3333,4.34028e-16,2.08333e-08,4e+09,0.012,0,1
31,20118824000000,96000,0.0175,57.1429,250,3.90625e-15,6.25e-08,4e+09,0.004,0,1
31,20118825000000,100000,0.01712,58.4112,125,9.76562e-16,3.125e-08,4e+09,0.008,0,1
31,20118826000000,104000,0.0166154,60.1852,250,3.90625e-15,6.25e-08,4e+09,0.004,0,1
31,20118827000000,108000,0.016,62.5,0,0,0,4e+09,0,0,1
31,20118828000000,112000,0.0157143,63.6364,125,9.76562e-16,3.125e-08,4e+09,0.008,0,1
31,20118829000000,113000,0.0157168,63.6261,62.5,2.5e-15,4e-08,1e+09,0.016,0,0.8
31,20118830000000,117000,0.015453,64.7124,125,9.76562e-16,3.125e-08,4e+09,0.008,0,1
31,20118831000000,121000,0.0150744,66.3377,250,3.90625e-15,6.25e-08,4e+09,0.004,0,1
31,20118832000000,125000,0.014848,67.3491,125,9.76562e-16,3.125e-08,4e+09,0.008,0,1
31,20118833000000,129000,0.0145116,68.9103,250,3.90625e-15,6.25e-08,4e+09,0.004,0,1
31,20118834000000,133000,0.0143158,69.8529,125,9.76562e-16,3.125e-08,4e+09,0.008,0,1
31,20118835000000,137000,0.0140146,71.3542,250,3.90625e-15,6.25e-08,4e+09,0.004,0,1
31,20118836000000,141000,0.013617,73.4375,0,0,0,4e+09,0,0,1
31,20118837000000,145000,0.0134621,74.2828,125,9.76562e-16,3.125e-08,4e+09,0.008,0,1
31,20118838000000,149000,0.0132081,75.7114,250,3.90625e-15,6.25e-08,4e+09,0.004,0,1
31,20118839000000,153000,0.0130719,76.5,125,9.76562e-16,3.125e-08,4e+09,0.008,0,1
31,20118840000000,157000,0.0128408,77.877,250,3.90625e-15,6.25e-08,4e+09,0.004,0,1
31,20118841000000,161000,0.0127205,78.6133,125,9.76562e-16,3.125e-08,4e+09,0.008,0,1
31,20118842000000,165000,0.0125091,79.9419,250,3.90625e-15,6.25e-08,4e+09,0.004,0,1
31,20118843000000,169000,0.0124024,80.6298,125,9.76562e-16,3.125e-08,4e+09,0.008,0,1
31,20118844000000,173000,0.0122081,81.9129,250,3.90625e-15,6.25e-08,4e+09,0.004,0,1
31,20118845000000,177000,0.012113,82.556,125,9.76562e-16,3.125e-08,4e+09,0.008,0,1
31,20118846000000,181000,0.0119116,83.9518,333.333,6.94444e-15,8.33333e-08,4e+09,0.003,0,1
31,20118847000000,185000,0.0123027,81.283,33.3333,6.94444e-17,8.33333e-09,4e+09,0.03,0,1
31,20118848000000,189000,0.0121058,82.6049,333.333,6.94444e-15,8.33333e-08,4e+09,0.003,0,1
31,20118849000000,193000,0.0120104,83.2614,133.333,1.11111e-15,3.33333e-08,4e+09,0.0075,0,1
31,20118850000000,197000,0.0122234,81.8106,44.4444,1.23457e-16,1.11111e-08,4e+09,0.0225,0,1
31,20118851000000,201000,0.0120398,83.0579,333.333,6.94444e-15,8.33333e-08,4e+09,0.003,0,1
31,20118852000000,205000,0.0125951,79.3958,24.6914,3.81039e-17,6.17284e-09,4e+09,0.0405,0,1
31,20118853000000,209000,0.0158995,62.895,5.39811,1.82122e-18,1.34953e-09,4e+09,0.18525,0,1
31,20118854000000,213000,0.015939,62.7393,55.5556,1.92901e-16,1.38889e-08,4e+09,0.018,0,1
31,20118855000000,217000,0.0157373,63.5432,200,2.5e-15,5e-08,4e+09,0.005,0,1
31,20118856000000,221000,0.0156697,63.8175,83.3333,4.34028e-16,2.08333e-08,4e+09,0.012,0,1
31,20118857000000,225000,0.01548,64.5995,200,2.5e-15,5e-08,4e+09,0.005,0,1
31,20118858000000,229000,0.0154891,64.5616,62.5,2.44141e-16,1.5625e-08,4e+09,0.016,0,1
31,20118859000000,233000,0.0153433,65.1748,142.857,1.27551e-15,3.57143e-08,4e+09,0.007,0,1
31,20118860000000,237000,0.0151224,66.1272,444.444,1.23457e-14,1.11111e-07,4e+09,0.00225,0,1
31,20118861000000,241000,0.015166,65.9371,56.338,1.98373e-16,1.40845e-08,4e+09,0.01775,0,1
31,20118862000000,245000,0.015,66.6667,200,2.5e-15,5e-08,4e+09,0.005,0,1
31,20118863000000,249000,0.0150161,66.5953,62.5,2.44141e-16,1.5625e-08,4e+09,0.016,0,1
31,20118864000000,253000,0.0149209,67.0199,111.111,7.71605e-16,2.77778e-08,4e+09,0.009,0,1
31,20118865000000,257000,0.0149689,66.8053,55.5556,1.92901e-16,1.38889e-08,4e+09,0.018,0,1
31,20118866000000,261000,0.0148008,67.5641,250,3.90625e-15,6.25e-08,4e+09,0.004,0,1
31,20118867000000,265000,0.0147698,67.7057,78.4314,3.84468e-16,1.96078e-08,4e+09,0.01275,0,1
31,20118868000000,268616,0.0147273,67.9009,86.0952,4.63274e-16,2.15238e-08,4e+09,0.011615,0,1
31,20118869000000,268616,0.0147273,67.9009,0,0,0,4e+09,-nan,0,1
32,20118801000000,4000,0.008,125,125,9.76562e-16,3.125e-08,4e+09,0.008,0,1
32,20118802000000,8000,0.006,166.667,250,3.90625e-15,6.25e-08,4e+09,0.004,0,1
32,20118803000000,12000,0.00933333,107.143,62.5,2.44141e-16,1.5625e-08,4e+09,0.016,0,1
32,20118804000000,16000,0.008,125,250,3.90625e-15,6.25e-08,4e+09,0.004,0,1
32,20118805000000,20000,0.0088,113.636,83.3333,4.34028e-16,2.08333e-08,4e+09,0.012,0,1
32,20118806000000,24000,0.008,125,250,3.90625e-15,6.25e-08,4e+09,0.004,0,1
32,20118807000000,28000,0.008,125,125,9.76562e-16,3.125e-08,4e+09,0.008,0,1
32,20118808000000,32000,0.007,142.857,0,0,0,4e+09,0,0,1
32,20118809000000,36000,0.00666667,150,250,3.90625e-15,6.25e-08,4e+09,0.004,0,1
32,20118810000000,40000,0.0076,131.579,62.5,2.44141e-16,1.5625e-08,4e+09,0.016,0,1
32,20118811000000,44000,0.00725,137.931,266.667,4.44444e-15,6.66667e-08,4e+09,0.00375,0,1
32,20118812000000,48000,0.00941667,106.195,30.0752,5.65323e-17,7.5188e-09,4e+09,0.03325,0,1
32,20118813000000,52000,0.00892308,112.069,333.333,6.94444e-15,8.33333e-08,4e+09,0.003,0,1
32,20118814000000,56000,0.0104286,95.8904,33.3333,6.94444e-17,8.33333e-09,4e+09,0.03,0,1
32,20118815000000,60000,0.00993333,100.671,333.333,6.94444e-15,8.33333e-08,4e+09,0.003,0,1
32,20118816000000,64000,0.0111875,89.3855,33.3333,6.94444e-17,8.33333e-09,4e+09,0.03,0,1
32,20118817000000,68000,0.0107059,93.4066,333.333,6.94444e-15,8.33333e-08,4e+09,0.003,0,1
32,20118818000000,72000,0.0124167,80.5369,24.0964,3.62897e-17,6.0241e-09,4e+09,0.0415,0,1
32,20118819000000,76000,0.0148158,67.4956,17.2414,1.85791e-17,4.31034e-09,4e+09,0.058,0,1
32,20118820000000,80000,0.0187875,53.2269,10.6101,7.03586e-18,2.65252e-09,4e+09,0.09425,0,1
32,20118821000000,84000,0.0190476,52.5,41.2371,1.06281e-16,1.03093e-08,4e+09,0.02425,0,1
32,20118822000000,88000,0.0183636,54.4554,250,3.90625e-15,6.25e-08,4e+09,0.004,0,1
32,20118823000000,92000,0.018087,55.2885,83.3333,4.34028e-16,2.08333e-08,4e+09,0.012,0,1
32,20118824000000,96000,0.0175,57.1429,250,3.90625e-15,6.25e-08,4e+09,0.004,0,1
32,20118825000000,100000,0.01712,58.4112,125,9.76562e-16,3.125e-08,4e+09,0.008,0,1
32,20118826000000,104000,0.0166154,60.1852,250,3.90625e-15,6.25e-08,4e+09,0.004,0,1
32,20118827000000,108000,0.0162963,61.3636,125,9.76562e-16,3.125e-08,4e+09,0.008,0,1
32,20118828000000,112000,0.0158571,63.0631,250,3.90625e-15,6.25e-08,4e+09,0.004,0,1
32,20118829000000,113000,0.016,62.5,31.25,6.25e-16,2e-08,1e+09,0.032,0,0.8
32,20118830000000,117000,0.0155897,64.1447,250,3.90625e-15,6.25e-08,4e+09,0.004,0,1
32,20118831000000,121000,0.0153388,65.194,125,9.76562e-16,3.125e-08,4e+09,0.008,0,1
32,20118832000000,125000,0.01496,66.8449,285.714,5.10204e-15,7.14286e-08,4e+09,0.0035,0,1
32,20118833000000,129000,0.0145116,68.9103,2000,2.5e-13,5e-07,4e+09,0.0005,0,1
32,20118834000000,133000,0.0143158,69.8529,125,9.76562e-16,3.125e-08,4e+09,0.008,0,1
32,20118835000000,137000,0.0140146,71.3542,250,3.90625e-15,6.25e-08,4e+09,0.004,0,1
32,20118836000000,141000,0.013844,72.2336,125,9.76562e-16,3.125e-08,4e+09,0.008,0,1
32,20118837000000,145000,0.0135724,73.6789,250,3.90625e-15,6.25e-08,4e+09,0.004,0,1
32,20118838000000,149000,0.0134228,74.5,125,9.76562e-16,3.125e-08,4e+09,0.008,0,1
32,20118839000000,153000,0.0131765,75.8929,250,3.90625e-15,6.25e-08,4e+09,0.004,0,1
32,20118840000000,157000,0.0130446,76.6602,125,9.76562e-16,3.125e-08,4e+09,0.008,0,1
32,20118841000000,161000,0.0128199,78.0039,250,3.90625e-15,6.25e-08,4e+09,0.004,0,1
32,20118842000000,165000,0.012703,78.7214,125,9.76562e-16,3.125e-08,4e+09,0.008,0,1
32,20118843000000,169000,0.012497,80.0189,250,3.90625e-15,6.25e-08,4e+09,0.004,0,1
32,20118844000000,173000,0.0123931,80.6903,125,9.76562e-16,3.125e-08,4e+09,0.008,0,1
32,20118845000000,177000,0.0121808,82.0965,333.333,6.94444e-15,8.33333e-08,4e+09,0.003,0,1
32,20118846000000,181000,0.0125746,79.5255,33.3333,6.94444e-17,8.33333e-09,4e+09,0.03,0,1
32,20118847000000,185000,0.0123892,80.7155,250,3.90625e-15,6.25e-08,4e+09,0.004,0,1
32,20118848000000,189000,0.0122963,81.3253,125,9.76562e-16,3.125e-08,4e+09,0.008,0,1
32,20118849000000,193000,0.0121036,82.6199,333.333,6.94444e-15,8.33333e-08,4e+09,0.003,0,1
32,20118850000000,197000,0.0126294,79.1801,26.3158,4.32825e-17,6.57895e-09,4e+09,0.038,0,1
32,20118851000000,201000,0.0127015,78.7309,61.5385,2.36686e-16,1.53846e-08,4e+09,0.01625,0,1
32,20118852000000,205000,0.0130634,76.5497,32,6.4e-17,8e-09,4e+09,0.03125,0,1
32,20118853000000,209000,0.0161531,61.9076,5.73066,2.05253e-18,1.43266e-09,4e+09,0.1745,0,1
32,20118854000000,213000,0.0162817,61.4187,43.4783,1.18147e-16,1.08696e-08,4e+09,0.023,0,1
32,20118855000000,217000,0.0162949,61.3688,58.8235,2.16263e-16,1.47059e-08,4e+09,0.017,0,1
32,20118856000000,221000,0.0160724,62.2185,250,3.90625e-15,6.25e-08,4e+09,0.004,0,1
32,20118857000000,225000,0.0161244,62.0176,52.6316,1.7313e-16,1.31579e-08,4e+09,0.019,0,1
32,20118858000000,229000,0.0161397,61.9589,58.8235,2.16263e-16,1.47059e-08,4e+09,0.017,0,1
32,20118859000000,233000,0.016,62.5,125,9.76562e-16,3.125e-08,4e+09,0.008,0,1
32,20118860000000,237000,0.0157806,63.369,333.333,6.94444e-15,8.33333e-08,4e+09,0.003,0,1
32,20118861000000,241000,0.0157344,63.5549,76.9231,3.69822e-16,1.92308e-08,4e+09,0.013,0,1
32,20118862000000,245000,0.0157388,63.5373,62.5,2.44141e-16,1.5625e-08,4e+09,0.016,0,1
32,20118863000000,249000,0.0157912,63.3266,52.6316,1.7313e-16,1.31579e-08,4e+09,0.019,0,1
32,20118864000000,253000,0.015747,63.504,76.9231,3.69822e-16,1.92308e-08,4e+09,0.013,0,1
32,20118865000000,257000,0.0155331,64.3788,500,1.5625e-14,1.25e-07,4e+09,0.002,0,1
32,20118866000000,259370,0.0154374,64.7777,197.5,2.43789e-15,4.9375e-08,4e+09,0.00506329,0,1
32,20118867000000,259370,0.0154374,64.7777,0,0,0,4e+09,-nan,0,1
32,20118868000000,259370,0.0154374,64.7777,0,0,0,4e+09,-nan,0,1
32,20118869000000,259370,0.0154374,64.7777,0,0,0,4e+09,-nan,0,1
33,20118801000000,4000,0.008,125,125,9.76562e-16,3.125e-08,4e+09,0.008,0,1
33,20118802000000,8000,0.006,166.667,250,3.90625e-15,6.25e-08,4e+09,0.004,0,1
33,20118803000000,12000,0.00933333,107.143,62.5,2.44141e-16,1.5625e-08,4e+09,0.016,0,1
33,20118804000000,16000,0.008,125,250,3.90625e-15,6.25e-08,4e+09,0.004,0,1
33,20118805000000,20000,0.0088,113.636,83.3333,4.34028e-16,2.08333e-08,4e+09,0.012,0,1
33,20118806000000,24000,0.008,125,250,3.90625e-15,6.25e-08,4e+09,0.004,0,1
33,20118807000000,28000,0.008,125,125,9.76562e-16,3.125e-08,4e+09,0.008,0,1
33,20118808000000,32000,0.007,142.857,0,0,0,4e+09,0,0,1
33,20118809000000,36000,0.00666667,150,250,3.90625e-15,6.25e-08,4e+09,0.004,0,1
33,20118810000000,40000,0.0076,131.579,62.5,2.44141e-16,1.5625e-08,4e+09,0.016,0,1
33,20118811000000,44000,0.00725,137.931,266.667,4.44444e-15,6.66667e-08,4e+09,0.00375,0,1
33,20118812000000,48000,0.00941667,106.195,30.0752,5.65323e-17,7.5188e-09,4e+09,0.03325,0,1
33,20118813000000,52000,0.00892308,112.069,333.333,6.94444e-15,8.33333e-08,4e+09,0.003,0,1
33,20118814000000,56000,0.0104286,95.8904,33.3333,6.94444e-17,8.33333e-09,4e+09,0.03,0,1
33,20118815000000,60000,0.00993333,100.671,333.333,6.94444e-15,8.33333e-08,4e+09,0.003,0,1
33,20118816000000,64000,0.0111875,89.3855,33.3333,6.94444e-17,8.33333e-09,4e+09,0.03,0,1
33,20118817000000,68000,0.0107059,93.4066,333.333,6.94444e-15,8.33333e-08,4e+09,0.003,0,1
33,20118818000000,72000,0.0124167,80.5369,24.0964,3.62897e-17,6.0241e-09,4e+09,0.0415,0,1
33,20118819000000,76000,0.0148158,67.4956,17.2414,1.85791e-17,4.31034e-09,4e+09,0.058,0,1
33,20118820000000,80000,0.0187875,53.2269,10.6101,7.03586e-18,2.65252e-09,4e+09,0.09425,0,1
33,20118821000000,84000,0.0190476,52.5,41.2371,1.06281e-16,1.03093e-08,4e+09,0.02425,0,1
33,20118822000000,88000,0.0183636,54.4554,250,3.90625e-15,6.25e-08,4e+09,0.004,0,1
33,20118823000000,92000,0.018087,55.2885,83.3333,4.34028e-16,2.08333e-08,4e+09,0.012,0,1
33,20118824000000,96000,0.0175,57.1429,250,3.90625e-15,6.25e-08,4e+09,0.004,0,1
33,20118825000000,100000,0.01712,58.4112,125,9.76562e-16,3.125e-08,4e+09,0.008,0,1
33,20118826000000,104000,0.0166154,60.1852,250,3.90625e-15,6.25e-08,4e+09,0.004,0,1
33,20118827000000,108000,0.0162963,61.3636,125,9.76562e-16,3.125e-08,4e+09,0.008,0,1
33,20118828000000,112000,0.0158571,63.0631,250,3.90625e-15,6.25e-08,4e+09,0.004,0,1
33,20118829000000,113000,0.016,62.5,31.25,6.25e-16,2e-08,1e+09,0.032,0,0.8
33,20118830000000,117000,0.0155897,64.1447,250,3.90625e-15,6.25e-08,4e+09,0.004,0,1
33,20118831000000,121000,0.0153388,65.194,125,9.76562e-16,3.125e-08,4e+09,0.008,0,1
33,20118832000000,125000,0.01496,66.8449,285.714,5.10204e-15,7.14286e-08,4e+09,0.0035,0,1
33,20118833000000,129000,0.0145116,68.9103,2000,2.5e-13,5e-07,4e+09,0.0005,0,1
33,20118834000000,133000,0.0143158,69.8529,125,9.76562e-16,3.125e-08,4e+09,0.008,0,1
33,20118835000000,137000,0.0140146,71.3542,250,3.90625e-15,6.25e-08,4e+09,0.004,0,1
33,20118836000000,141000,0.013844,72.2336,125,9.76562e-16,3.125e-08,4e+09,0.008,0,1
33,20118837000000,145000,0.0135724,73.6789,250,3.90625e-15,6.25e-08,4e+09,0.004,0,1
33,20118838000000,149000,0.0134228,74.5,125,9.76562e-16,3.125e-08,4e+09,0.008,0,1
33,20118839000000,153000,0.0131765,75.8929,250,3.90625e-15,6.25e-08,4e+09,0.004,0,1
33,20118840000000,157000,0.0130446,76.6602,125,9.76562e-16,3.125e-08,4e+09,0.008,0,1
33,20118841000000,161000,0.0128199,78.0039,250,3.90625e-15,6.25e-08,4e+09,0.004,0,1
33,20118842000000,165000,0.012703,78.7214,125,9.76562e-16,3.125e-08,4e+09,0.008,0,1
33,20118843000000,169000,0.012497,80.0189,250,3.90625e-15,6.25e-08,4e+09,0.004,0,1
33,20118844000000,173000,0.0123931,80.6903,125,9.76562e-16,3.125e-08,4e+09,0.008,0,1
33,20118845000000,177000,0.0121808,82.0965,333.333,6.94444e-15,8.33333e-08,4e+09,0.003,0,1
33,20118846000000,181000,0.0125746,79.5255,33.3333,6.94444e-17,8.33333e-09,4e+09,0.03,0,1
33,20118847000000,185000,0.0123892,80.7155,250,3.90625e-15,6.25e-08,4e+09,0.004,0,1
33,20118848000000,189000,0.0122963,81.3253,125,9.76562e-16,3.125e-08,4e+09,0.008,0,1
33,20118849000000,193000,0.0121036,82.6199,333.333,6.94444e-15,8.33333e-08,4e+09,0.003,0,1
33,20118850000000,197000,0.0126294,79.1801,26.3158,4.32825e-17,6.57895e-09,4e+09,0.038,0,1
33,20118851000000,201000,0.0127015,78.7309,61.5385,2.36686e-16,1.53846e-08,4e+09,0.01625,0,1
33,20118852000000,205000,0.0130634,76.5497,32,6.4e-17,8e-09,4e+09,0.03125,0,1
33,20118853000000,209000,0.0161531,61.9076,5.73066,2.05253e-18,1.43266e-09,4e+09,0.1745,0,1
33,20118854000000,213000,0.0162817,61.4187,43.4783,1.18147e-16,1.08696e-08,4e+09,0.023,0,1
33,20118855000000,217000,0.0162949,61.3688,58.8235,2.16263e-16,1.47059e-08,4e+09,0.017,0,1
33,20118856000000,221000,0.0160724,62.2185,250,3.90625e-15,6.25e-08,4e+09,0.004,0,1
33,20118857000000,225000,0.0161244,62.0176,52.6316,1.7313e-16,1.31579e-08,4e+09,0.019,0,1
33,20118858000000,229000,0.0161397,61.9589,58.8235,2.16263e-16,1.47059e-08,4e+09,0.017,0,1
33,20118859000000,233000,0.016,62.5,125,9.76562e-16,3.125e-08,4e+09,0.008,0,1
33,20118860000000,237000,0.0157806,63.369,333.333,6.94444e-15,8.33333e-08,4e+09,0.003,0,1
33,20118861000000,241000,0.0157344,63.5549,76.9231,3.69822e-16,1.92308e-08,4e+09,0.013,0,1
33,20118862000000,245000,0.0157388,63.5373,62.5,2.44141e-16,1.5625e-08,4e+09,0.016,0,1
33,20118863000000,249000,0.0157912,63.3266,52.6316,1.7313e-16,1.31579e-08,4e+09,0.019,0,1
33,20118864000000,253000,0.015747,63.504,76.9231,3.69822e-16,1.92308e-08,4e+09,0.013,0,1
33,20118865000000,257000,0.0155331,64.3788,500,1.5625e-14,1.25e-07,4e+09,0.002,0,1
33,20118866000000,259649,0.0154208,64.8474,220.75,3.04566e-15,5.51875e-08,4e+09,0.00453001,0,1
33,20118867000000,259649,0.0154208,64.8474,0,0,0,4e+09,-nan,0,1
33,20118868000000,259649,0.0154208,64.8474,0,0,0,4e+09,-nan,0,1
33,20118869000000,259649,0.0154208,64.8474,0,0,0,4e+09,-nan,0,1
34,20118801000000,4000,0.008,125,125,9.76562e-16,3.125e-08,4e+09,0.008,0,1
34,20118802000000,8000,0.006,166.667,250,3.90625e-15,6.25e-08,4e+09,0.004,0,1
34,20118803000000,12000,0.00933333,107.143,62.5,2.44141e-16,1.5625e-08,4e+09,0.016,0,1
34,20118804000000,16000,0.008,125,250,3.90625e-15,6.25e-08,4e+09,0.004,0,1
34,20118805000000,20000,0.0088,113.636,83.3333,4.34028e-16,2.08333e-08,4e+09,0.012,0,1
34,20118806000000,24000,0.008,125,250,3.90625e-15,6.25e-08,4e+09,0.004,0,1
34,20118807000000,28000,0.008,125,125,9.76562e-16,3.125e-08,4e+09,0.008,0,1
34,20118808000000,32000,0.007,142.857,0,0,0,4e+09,0,0,1
34,20118809000000,36000,0.00666667,150,250,3.90625e-15,6.25e-08,4e+09,0.004,0,1
34,20118810000000,40000,0.0076,131.579,62.5,2.44141e-16,1.5625e-08,4e+09,0.016,0,1
34,20118811000000,44000,0.00725,137.931,266.667,4.44444e-15,6.66667e-08,4e+09,0.00375,0,1
34,20118812000000,48000,0.00941667,106.195,30.0752,5.65323e-17,7.5188e-09,4e+09,0.03325,0,1
34,20118813000000,52000,0.00892308,112.069,333.333,6.94444e-15,8.33333e-08,4e+09,0.003,0,1
34,20118814000000,56000,0.0104286,95.8904,33.3333,6.94444e-17,8.33333e-09,4e+09,0.03,0,1
34,20118815000000,60000,0.00993333,100.671,333.333,6.94444e-15,8.33333e-08,4e+09,0.003,0,1
34,20118816000000,64000,0.0111875,89.3855,33.3333,6.94444e-17,8.33333e-09,4e+09,0.03,0,1
34,20118817000000,68000,0.0107059,93.4066,333.333,6.94444e-15,8.33333e-08,4e+09,0.003,0,1
34,20118818000000,72000,0.0124167,80.5369,24.0964,3.62897e-17,6.0241e-09,4e+09,0.0415,0,1
34,20118819000000,76000,0.0148158,67.4956,17.2414,1.85791e-17,4.31034e-09,4e+09,0.058,0,1
34,20118820000000,80000,0.0187875,53.2269,10.6101,7.03586e-18,2.65252e-09,4e+09,0.09425,0,1
34,20118821000000,84000,0.0190476,52.5,41.2371,1.06281e-16,1.03093e-08,4e+09,0.02425,0,1
34,20118822000000,88000,0.0183636,54.4554,250,3.90625e-15,6.25e-08,4e+09,0.004,0,1
34,20118823000000,92000,0.018087,55.2885,83.3333,4.34028e-16,2.08333e-08,4e+09,0.012,0,1
34,20118824000000,96000,0.0175,57.1429,250,3.90625e-15,6.25e-08,4e+09,0.004,0,1
34,20118825000000,100000,0.01712,58.4112,125,9.76562e-16,3.125e-08,4e+09,0.008,0,1
34,20118826000000,104000,0.0166154,60.1852,250,3.90625e-15,6.25e-08,4e+09,0.004,0,1
34,20118827000000,108000,0.0162963,61.3636,125,9.76562e-16,3.125e-08,4e+09,0.008,0,1
34,20118828000000,112000,0.0158571,63.0631,250,3.90625e-15,6.25e-08,4e+09,0.004,0,1
34,20118829000000,113000,0.016,62.5,31.25,6.25e-16,2e-08,1e+09,0.032,0,0.8
34,20118830000000,117000,0.0155897,64.1447,250,3.90625e-15,6.25e-08,4e+09,0.004,0,1
34,20118831000000,121000,0.0153388,65.194,125,9.76562e-16,3.125e-08,4e+09,0.008,0,1
34,20118832000000,125000,0.01496,66.8449,285.714,5.10204e-15,7.14286e-08,4e+09,0.0035,0,1
34,20118833000000,129000,0.0145116,68.9103,2000,2.5e-13,5e-07,4e+09,0.0005,0,1
34,20118834000000,133000,0.0143158,69.8529,125,9.76562e-16,3.125e-08,4e+09,0.008,0,1
34,20118835000000,137000,0.0140146,71.3542,250,3.90625e-15,6.25e-08,4e+09,0.004,0,1
34,20118836000000,141000,0.013844,72.2336,125,9.76562e-16,3.125e-08,4e+09,0.008,0,1
34,20118837000000,145000,0.0135724,73.6789,250,3.90625e-15,6.25e-08,4e+09,0.004,0,1
34,20118838000000,149000,0.0134228,74.5,125,9.76562e-16,3.125e-08,4e+09,0.008,0,1
34,20118839000000,153000,0.0131765,75.8929,250,3.90625e-15,6.25e-08,4e+09,0.004,0,1
34,20118840000000,157000,0.0130446,76.6602,125,9.76562e-16,3.125e-08,4e+09,0.008,0,1
34,20118841000000,161000,0.0128199,78.0039,250,3.90625e-15,6.25e-08,4e+09,0.004,0,1
34,20118842000000,165000,0.012703,78.7214,125,9.76562e-16,3.125e-08,4e+09,0.008,0,1
34,20118843000000,169000,0.012497,80.0189,250,3.90625e-15,6.25e-08,4e+09,0.004,0,1
34,20118844000000,173000,0.0123931,80.6903,125,9.76562e-16,3.125e-08,4e+09,0.008,0,1
34,20118845000000,177000,0.0121808,82.0965,333.333,6.94444e-15,8.33333e-08,4e+09,0.003,0,1
34,20118846000000,181000,0.0125746,79.5255,33.3333,6.94444e-17,8.33333e-09,4e+09,0.03,0,1
34,20118847000000,185000,0.012373,80.8213,307.692,5.91716e-15,7.69231e-08,4e+09,0.00325,0,1
34,20118848000000,189000,0.0122963,81.3253,114.286,8.16327e-16,2.85714e-08,4e+09,0.00875,0,1
34,20118849000000,193000,0.0121036,82.6199,333.333,6.94444e-15,8.33333e-08,4e+09,0.003,0,1
34,20118850000000,197000,0.0125584,79.6281,28.9855,5.251e-17,7.24638e-09,4e+09,0.0345,0,1
34,20118851000000,201000,0.0132438,75.5071,21.2766,2.82933e-17,5.31915e-09,4e+09,0.047,0,1
34,20118852000000,205000,0.0130878,76.407,190.476,2.26757e-15,4.7619e-08,4e+09,0.00525,0,1
34,20118853000000,209000,0.0160191,62.4253,6.01504,2.26129e-18,1.50376e-09,4e+09,0.16625,0,1
34,20118854000000,213000,0.0160986,62.1172,49.3827,1.52416e-16,1.23457e-08,4e+09,0.02025,0,1
34,20118855000000,217000,0.0160876,62.1598,64.5161,2.60146e-16,1.6129e-08,4e+09,0.0155,0,1
34,20118856000000,221000,0.0159412,62.7306,125,9.76562e-16,3.125e-08,4e+09,0.008,0,1
34,20118857000000,225000,0.0160489,62.3096,45.4545,1.29132e-16,1.13636e-08,4e+09,0.022,0,1
34,20118858000000,229000,0.0159607,62.6539,90.9091,5.16529e-16,2.27273e-08,4e+09,0.011,0,1
34,20118859000000,233000,0.0158283,63.1779,121.212,9.18274e-16,3.0303e-08,4e+09,0.00825,0,1
34,20118860000000,237000,0.0156287,63.9849,250,3.90625e-15,6.25e-08,4e+09,0.004,0,1
34,20118861000000,241000,0.0157054,63.6724,49.3827,1.52416e-16,1.23457e-08,4e+09,0.02025,0,1
34,20118862000000,245000,0.0156245,64.0021,93.0233,5.40833e-16,2.32558e-08,4e+09,0.01075,0,1
34,20118863000000,249000,0.0156586,63.8625,56.338,1.98373e-16,1.40845e-08,4e+09,0.01775,0,1
34,20118864000000,253000,0.0156047,64.0831,81.6327,4.16493e-16,2.04082e-08,4e+09,0.01225,0,1
34,20118865000000,257000,0.0153774,65.0304,1000,6.25e-14,2.5e-07,4e+09,0.001,0,1
34,20118866000000,259098,0.0153147,65.2969,131.125,1.07461e-15,3.27813e-08,4e+09,0.00762631,0,1
34,20118867000000,259098,0.0153147,65.2969,0,0,0,4e+09,-nan,0,1
34,20118868000000,259098,0.0153147,65.2969,0,0,0,4e+09,-nan,0,1
34,20118869000000,259098,0.0153147,65.2969,0,0,0,4e+09,-nan,0,1
35,20118801000000,4000,0.008,125,125,9.76562e-16,3.125e-08,4e+09,0.008,0,1
35,20118802000000,8000,0.006,166.667,250,3.90625e-15,6.25e-08,4e+09,0.004,0,1
35,20118803000000,12000,0.00933333,107.143,62.5,2.44141e-16,1.5625e-08,4e+09,0.016,0,1
35,20118804000000,16000,0.008,125,250,3.90625e-15,6.25e-08,4e+09,0.004,0,1
35,20118805000000,20000,0.0088,113.636,83.3333,4.34028e-16,2.08333e-08,4e+09,0.012,0,1
35,20118806000000,24000,0.008,125,250,3.90625e-15,6.25e-08,4e+09,0.004,0,1
35,20118807000000,28000,0.008,125,125,9.76562e-16,3.125e-08,4e+09,0.008,0,1
35,20118808000000,32000,0.007,142.857,0,0,0,4e+09,0,0,1
35,20118809000000,36000,0.00666667,150,250,3.90625e-15,6.25e-08,4e+09,0.004,0,1
35,20118810000000,40000,0.0076,131.579,62.5,2.44141e-16,1.5625e-08,4e+09,0.016,0,1
35,20118811000000,44000,0.00725,137.931,266.667,4.44444e-15,6.66667e-08,4e+09,0.00375,0,1
35,20118812000000,48000,0.00941667,106.195,30.0752,5.65323e-17,7.5188e-09,4e+09,0.03325,0,1
35,20118813000000,52000,0.00892308,112.069,333.333,6.94444e-15,8.33333e-08,4e+09,0.003,0,1
35,20118814000000,56000,0.0104286,95.8904,33.3333,6.94444e-17,8.33333e-09,4e+09,0.03,0,1
35,20118815000000,60000,0.00993333,100.671,333.333,6.94444e-15,8.33333e-08,4e+09,0.003,0,1
35,20118816000000,64000,0.0111875,89.3855,33.3333,6.94444e-17,8.33333e-09,4e+09,0.03,0,1
35,20118817000000,68000,0.0107059,93.4066,333.333,6.94444e-15,8.33333e-08,4e+09,0.003,0,1
35,20118818000000,72000,0.0124167,80.5369,24.0964,3.62897e-17,6.0241e-09,4e+09,0.0415,0,1
35,20118819000000,76000,0.0148158,67.4956,17.2414,1.85791e-17,4.31034e-09,4e+09,0.058,0,1
35,20118820000000,80000,0.0187875,53.2269,10.6101,7.03586e-18,2.65252e-09,4e+09,0.09425,0,1
35,20118821000000,84000,0.0190476,52.5,41.2371,1.06281e-16,1.03093e-08,4e+09,0.02425,0,1
35,20118822000000,88000,0.0183636,54.4554,250,3.90625e-15,6.25e-08,4e+09,0.004,0,1
35,20118823000000,92000,0.018087,55.2885,83.3333,4.34028e-16,2.08333e-08,4e+09,0.012,0,1
35,20118824000000,96000,0.0175,57.1429,250,3.90625e-15,6.25e-08,4e+09,0.004,0,1
35,20118825000000,100000,0.01712,58.4112,125,9.76562e-16,3.125e-08,4e+09,0.008,0,1
35,20118826000000,104000,0.0166154,60.1852,250,3.90625e-15,6.25e-08,4e+09,0.004,0,1
35,20118827000000,108000,0.0162963,61.3636,125,9.76562e-16,3.125e-08,4e+09,0.008,0,1
35,20118828000000,112000,0.0158571,63.0631,250,3.90625e-15,6.25e-08,4e+09,0.004,0,1
35,20118829000000,113000,0.016,62.5,31.25,6.25e-16,2e-08,1e+09,0.032,0,0.8
35,20118830000000,117000,0.0155897,64.1447,250,3.90625e-15,6.25e-08,4e+09,0.004,0,1
35,20118831000000,121000,0.0153388,65.194,125,9.76562e-16,3.125e-08,4e+09,0.008,0,1
35,20118832000000,125000,0.01496,66.8449,285.714,5.10204e-15,7.14286e-08,4e+09,0.0035,0,1
35,20118833000000,129000,0.0145116,68.9103,2000,2.5e-13,5e-07,4e+09,0.0005,0,1
35,20118834000000,133000,0.0143158,69.8529,125,9.76562e-16,3.125e-08,4e+09,0.008,0,1
35,20118835000000,137000,0.0140146,71.3542,250,3.90625e-15,6.25e-08,4e+09,0.004,0,1
35,20118836000000,141000,0.013844,72.2336,125,9.76562e-16,3.125e-08,4e+09,0.008,0,1
35,20118837000000,145000,0.0135724,73.6789,250,3.90625e-15,6.25e-08,4e+09,0.004,0,1
35,20118838000000,149000,0.0134228,74.5,125,9.76562e-16,3.125e-08,4e+09,0.008,0,1
35,20118839000000,153000,0.0131765,75.8929,250,3.90625e-15,6.25e-08,4e+09,0.004,0,1
35,20118840000000,157000,0.0130446,76.6602,125,9.76562e-16,3.125e-08,4e+09,0.008,0,1
35,20118841000000,161000,0.0128199,78.0039,250,3.90625e-15,6.25e-08,4e+09,0.004,0,1
35,20118842000000,165000,0.012703,78.7214,125,9.76562e-16,3.125e-08,4e+09,0.008,0,1
35,20118843000000,169000,0.012497,80.0189,250,3.90625e-15,6.25e-08,4e+09,0.004,0,1
35,20118844000000,173000,0.0123931,80.6903,125,9.76562e-16,3.125e-08,4e+09,0.008,0,1
35,20118845000000,177000,0.0121808,82.0965,333.333,6.94444e-15,8.33333e-08,4e+09,0.003,0,1
35,20118846000000,181000,0.0125746,79.5255,33.3333,6.94444e-17,8.33333e-09,4e+09,0.03,0,1
35,20118847000000,185000,0.0123676,80.8566,333.333,6.94444e-15,8.33333e-08,4e+09,0.003,0,1
35,20118848000000,189000,0.0127407,78.4884,33.3333,6.94444e-17,8.33333e-09,4e+09,0.03,0,1
35,20118849000000,193000,0.0125389,79.7521,333.333,6.94444e-15,8.33333e-08,4e+09,0.003,0,1
35,20118850000000,197000,0.0131066,76.2974,24.6914,3.81039e-17,6.17284e-09,4e+09,0.0405,0,1
35,20118851000000,201000,0.0139104,71.8884,18.6916,2.1836e-17,4.6729e-09,4e+09,0.0535,0,1
35,20118852000000,205000,0.0161756,61.8215,7.69231,3.69822e-18,1.92308e-09,4e+09,0.13,0,1
35,20118853000000,209000,0.0161818,61.7978,60.6061,2.29568e-16,1.51515e-08,4e+09,0.0165,0,1
35,20118854000000,213000,0.0162676,61.4719,48.1928,1.45159e-16,1.20482e-08,4e+09,0.02075,0,1
35,20118855000000,217000,0.0161751,61.8234,88.8889,4.93827e-16,2.22222e-08,4e+09,0.01125,0,1
35,20118856000000,221000,0.0161086,62.0787,80,4e-16,2e-08,4e+09,0.0125,0,1
35,20118857000000,225000,0.0161556,61.8982,53.3333,1.77778e-16,1.33333e-08,4e+09,0.01875,0,1
35,20118858000000,229000,0.0159869,62.5512,153.846,1.47929e-15,3.84615e-08,4e+09,0.0065,0,1
35,20118859000000,233000,0.0157983,63.298,200,2.5e-15,5e-08,4e+09,0.005,0,1
35,20118860000000,237000,0.0157975,63.3013,63.4921,2.51953e-16,1.5873e-08,4e+09,0.01575,0,1
35,20118861000000,241000,0.0157635,63.4377,72.7273,3.30579e-16,1.81818e-08,4e+09,0.01375,0,1
35,20118862000000,245000,0.0157265,63.5868,74.0741,3.42936e-16,1.85185e-08,4e+09,0.0135,0,1
35,20118863000000,249000,0.0155382,64.3577,250,3.90625e-15,6.25e-08,4e+09,0.004,0,1
35,20118864000000,253000,0.0155257,64.4094,67.7966,2.87274e-16,1.69492e-08,4e+09,0.01475,0,1
35,20118865000000,256151,0.015444,64.75,112.536,7.91518e-16,2.81339e-08,4e+09,0.00888607,0,1
35,20118866000000,256151,0.015444,64.75,0,0,0,4e+09,-nan,0,1
35,20118867000000,256151,0.015444,64.75,0,0,0,4e+09,-nan,0,1
35,20118868000000,256151,0.015444,64.75,0,0,0,4e+09,-nan,0,1
35,20118869000000,256151,0.015444,64.75,0,0,0,4e+09,-nan,0,1
36,20118801000000,4000,0.008,125,125,9.76562e-16,3.125e-08,4e+09,0.008,0,1
36,20118802000000,8000,0.006,166.667,250,3.90625e-15,6.25e-08,4e+09,0.004,0,1
36,20118803000000,12000,0.00933333,107.143,62.5,2.44141e-16,1.5625e-08,4e+09,0.016,0,1
36,20118804000000,16000,0.008,125,250,3.90625e-15,6.25e-08,4e+09,0.004,0,1
36,20118805000000,20000,0.0088,113.636,83.3333,4.34028e-16,2.08333e-08,4e+09,0.012,0,1
36,20118806000000,24000,0.008,125,250,3.90625e-15,6.25e-08,4e+09,0.004,0,1
36,20118807000000,28000,0.00685714,145.833,0,0,0,4e+09,0,0,1
36,20118808000000,32000,0.007,142.857,125,9.76562e-16,3.125e-08,4e+09,0.008,0,1
36,20118809000000,36000,0.00666667,150,250,3.90625e-15,6.25e-08,4e+09,0.004,0,1
36,20118810000000,40000,0.0076,131.579,62.5,2.44141e-16,1.5625e-08,4e+09,0.016,0,1
36,20118811000000,44000,0.00725,137.931,266.667,4.44444e-15,6.66667e-08,4e+09,0.00375,0,1
36,20118812000000,48000,0.00941667,106.195,30.0752,5.65323e-17,7.5188e-09,4e+09,0.03325,0,1
36,20118813000000,52000,0.00892308,112.069,333.333,6.94444e-15,8.33333e-08,4e+09,0.003,0,1
36,20118814000000,56000,0.0104286,95.8904,33.3333,6.94444e-17,8.33333e-09,4e+09,0.03,0,1
36,20118815000000,60000,0.00993333,100.671,333.333,6.94444e-15,8.33333e-08,4e+09,0.003,0,1
36,20118816000000,64000,0.0111875,89.3855,33.3333,6.94444e-17,8.33333e-09,4e+09,0.03,0,1
36,20118817000000,68000,0.0107059,93.4066,333.333,6.94444e-15,8.33333e-08,4e+09,0.003,0,1
36,20118818000000,72000,0.0122361,81.7253,26.1438,4.27186e-17,6.53595e-09,4e+09,0.03825,0,1
36,20118819000000,76000,0.0136842,73.0769,25.1572,3.95554e-17,6.28931e-09,4e+09,0.03975,0,1
36,20118820000000,80000,0.0187875,53.2269,8.63931,4.66485e-18,2.15983e-09,4e+09,0.11575,0,1
36,20118821000000,84000,0.0190476,52.5,41.2371,1.06281e-16,1.03093e-08,4e+09,0.02425,0,1
36,20118822000000,88000,0.0183636,54.4554,250,3.90625e-15,6.25e-08,4e+09,0.004,0,1
36,20118823000000,92000,0.018087,55.2885,83.3333,4.34028e-16,2.08333e-08,4e+09,0.012,0,1
36,20118824000000,96000,0.0175,57.1429,250,3.90625e-15,6.25e-08,4e+09,0.004,0,1
36,20118825000000,100000,0.01712,58.4112,125,9.76562e-16,3.125e-08,4e+09,0.008,0,1
36,20118826000000,104000,0.0166154,60.1852,250,3.90625e-15,6.25e-08,4e+09,0.004,0,1
36,20118827000000,108000,0.0162963,61.3636,125,9.76562e-16,3.125e-08,4e+09,0.008,0,1
36,20118828000000,112000,0.0157143,63.6364,0,0,0,4e+09,0,0,1
36,20118829000000,113000,0.0157168,63.6261,62.5,2.5e-15,4e-08,1e+09,0.016,0,0.8
36,20118830000000,117000,0.015453,64.7124,125,9.76562e-16,3.125e-08,4e+09,0.008,0,1
36,20118831000000,121000,0.0150744,66.3377,250,3.90625e-15,6.25e-08,4e+09,0.004,0,1
36,20118832000000,125000,0.014848,67.3491,125,9.76562e-16,3.125e-08,4e+09,0.008,0,1
36,20118833000000,129000,0.0145116,68.9103,250,3.90625e-15,6.25e-08,4e+09,0.004,0,1
36,20118834000000,133000,0.0143158,69.8529,125,9.76562e-16,3.125e-08,4e+09,0.008,0,1
36,20118835000000,137000,0.0140146,71.3542,250,3.90625e-15,6.25e-08,4e+09,0.004,0,1
36,20118836000000,141000,0.013844,72.2336,125,9.76562e-16,3.125e-08,4e+09,0.008,0,1
36,20118837000000,145000,0.0135724,73.6789,250,3.90625e-15,6.25e-08,4e+09,0.004,0,1
36,20118838000000,149000,0.0134228,74.5,125,9.76562e-16,3.125e-08,4e+09,0.008,0,1
36,20118839000000,153000,0.0131765,75.8929,250,3.90625e-15,6.25e-08,4e+09,0.004,0,1
36,20118840000000,157000,0.0130446,76.6602,125,9.76562e-16,3.125e-08,4e+09,0.008,0,1
36,20118841000000,161000,0.0128199,78.0039,250,3.90625e-15,6.25e-08,4e+09,0.004,0,1
36,20118842000000,165000,0.012703,78.7214,125,9.76562e-16,3.125e-08,4e+09,0.008,0,1
36,20118843000000,169000,0.012497,80.0189,250,3.90625e-15,6.25e-08,4e+09,0.004,0,1
36,20118844000000,173000,0.0123931,80.6903,125,9.76562e-16,3.125e-08,4e+09,0.008,0,1
36,20118845000000,177000,0.0121808,82.0965,333.333,6.94444e-15,8.33333e-08,4e+09,0.003,0,1
36,20118846000000,181000,0.0125746,79.5255,33.3333,6.94444e-17,8.33333e-09,4e+09,0.03,0,1
36,20118847000000,185000,0.0123676,80.8566,333.333,6.94444e-15,8.33333e-08,4e+09,0.003,0,1
36,20118848000000,189000,0.0122434,81.6768,153.846,1.47929e-15,3.84615e-08,4e+09,0.0065,0,1
36,20118849000000,193000,0.0124767,80.1495,42.5532,1.13173e-16,1.06383e-08,4e+09,0.0235,0,1
36,20118850000000,197000,0.0122843,81.405,333.333,6.94444e-15,8.33333e-08,4e+09,0.003,0,1
36,20118851000000,201000,0.0128458,77.8466,24.6914,3.81039e-17,6.17284e-09,4e+09,0.0405,0,1
36,20118852000000,205000,0.0162098,61.6912,5.39811,1.82122e-18,1.34953e-09,4e+09,0.18525,0,1
36,20118853000000,209000,0.016244,61.5611,55.5556,1.92901e-16,1.38889e-08,4e+09,0.018,0,1
36,20118854000000,213000,0.0160329,62.3719,200,2.5e-15,5e-08,4e+09,0.005,0,1
36,20118855000000,217000,0.0159585,62.6624,83.3333,4.34028e-16,2.08333e-08,4e+09,0.012,0,1
36,20118856000000,221000,0.0157602,63.451,200,2.5e-15,5e-08,4e+09,0.005,0,1
36,20118857000000,225000,0.0156756,63.7936,90.9091,5.16529e-16,2.27273e-08,4e+09,0.011,0,1
36,20118858000000,229000,0.0156332,63.9665,75.4717,3.55999e-16,1.88679e-08,4e+09,0.01325,0,1
36,20118859000000,233000,0.0154249,64.8303,285.714,5.10204e-15,7.14286e-08,4e+09,0.0035,0,1
36,20118860000000,237000,0.0154219,64.8427,65.5738,2.68745e-16,1.63934e-08,4e+09,0.01525,0,1
36,20118861000000,241000,0.015249,65.5782,200,2.5e-15,5e-08,4e+09,0.005,0,1
36,20118862000000,245000,0.0151796,65.8779,90.9091,5.16529e-16,2.27273e-08,4e+09,0.011,0,1
36,20118863000000,249000,0.0151606,65.9603,71.4286,3.18878e-16,1.78571e-08,4e+09,0.014,0,1
36,20118864000000,253000,0.0152055,65.7655,55.5556,1.92901e-16,1.38889e-08,4e+09,0.018,0,1
36,20118865000000,257000,0.0150311,66.5286,250,3.90625e-15,6.25e-08,4e+09,0.004,0,1
36,20118866000000,261000,0.0149962,66.6837,78.4314,3.84468e-16,1.96078e-08,4e+09,0.01275,0,1
36,20118867000000,265000,0.0148981,67.1226,117.647,8.65052e-16,2.94118e-08,4e+09,0.0085,0,1
36,20118868000000,267914,0.0147659,67.7235,364.25,8.29238e-15,9.10625e-08,4e+09,0.00274537,0,1
36,20118869000000,267914,0.0147659,67.7235,0,0,0,4e+09,-nan,0,1
37,20118801000000,4000,0.008,125,125,9.76562e-16,3.125e-08,4e+09,0.008,0,1
37,20118802000000,8000,0.006,166.667,250,3.90625e-15,6.25e-08,4e+09,0.004,0,1
37,20118803000000,12000,0.00933333,107.143,62.5,2.44141e-16,1.5625e-08,4e+09,0.016,0,1
37,20118804000000,16000,0.008,125,250,3.90625e-15,6.25e-08,4e+09,0.004,0,1
37,20118805000000,20000,0.0088,113.636,83.3333,4.34028e-16,2.08333e-08,4e+09,0.012,0,1
37,20118806000000,24000,0.008,125,250,3.90625e-15,6.25e-08,4e+09,0.004,0,1
37,20118807000000,28000,0.00685714,145.833,0,0,0,4e+09,0,0,1
37,20118808000000,32000,0.007,142.857,125,9.76562e-16,3.125e-08,4e+09,0.008,0,1
37,20118809000000,36000,0.00666667,150,250,3.90625e-15,6.25e-08,4e+09,0.004,0,1
37,20118810000000,40000,0.0076,131.579,62.5,2.44141e-16,1.5625e-08,4e+09,0.016,0,1
37,20118811000000,44000,0.00725,137.931,266.667,4.44444e-15,6.66667e-08,4e+09,0.00375,0,1
37,20118812000000,48000,0.00941667,106.195,30.0752,5.65323e-17,7.5188e-09,4e+09,0.03325,0,1
37,20118813000000,52000,0.00892308,112.069,333.333,6.94444e-15,8.33333e-08,4e+09,0.003,0,1
37,20118814000000,56000,0.0104286,95.8904,33.3333,6.94444e-17,8.33333e-09,4e+09,0.03,0,1
37,20118815000000,60000,0.00993333,100.671,333.333,6.94444e-15,8.33333e-08,4e+09,0.003,0,1
37,20118816000000,64000,0.0111875,89.3855,33.3333,6.94444e-17,8.33333e-09,4e+09,0.03,0,1
37,20118817000000,68000,0.0107059,93.4066,333.333,6.94444e-15,8.33333e-08,4e+09,0.003,0,1
37,20118818000000,72000,0.0122361,81.7253,26.1438,4.27186e-17,6.53595e-09,4e+09,0.03825,0,1
37,20118819000000,76000,0.0136842,73.0769,25.1572,3.95554e-17,6.28931e-09,4e+09,0.03975,0,1
37,20118820000000,80000,0.0187875,53.2269,8.63931,4.66485e-18,2.15983e-09,4e+09,0.11575,0,1
37,20118821000000,84000,0.0190476,52.5,41.2371,1.06281e-16,1.03093e-08,4e+09,0.02425,0,1
37,20118822000000,88000,0.0183636,54.4554,250,3.90625e-15,6.25e-08,4e+09,0.004,0,1
37,20118823000000,92000,0.018087,55.2885,83.3333,4.34028e-16,2.08333e-08,4e+09,0.012,0,1
37,20118824000000,96000,0.0175,57.1429,250,3.90625e-15,6.25e-08,4e+09,0.004,0,1
37,20118825000000,100000,0.01712,58.4112,125,9.76562e-16,3.125e-08,4e+09,0.008,0,1
37,20118826000000,104000,0.0166154,60.1852,250,3.90625e-15,6.25e-08,4e+09,0.004,0,1
37,20118827000000,108000,0.0162963,61.3636,125,9.76562e-16,3.125e-08,4e+09,0.008,0,1
37,20118828000000,112000,0.0157143,63.6364,0,0,0,4e+09,0,0,1
37,20118829000000,113000,0.0157168,63.6261,62.5,2.5e-15,4e-08,1e+09,0.016,0,0.8
37,20118830000000,117000,0.015453,64.7124,125,9.76562e-16,3.125e-08,4e+09,0.008,0,1
37,20118831000000,121000,0.0150744,66.3377,250,3.90625e-15,6.25e-08,4e+09,0.004,0,1
37,20118832000000,125000,0.014848,67.3491,125,9.76562e-16,3.125e-08,4e+09,0.008,0,1
37,20118833000000,129000,0.0145116,68.9103,250,3.90625e-15,6.25e-08,4e+09,0.004,0,1
37,20118834000000,133000,0.0143158,69.8529,125,9.76562e-16,3.125e-08,4e+09,0.008,0,1
37,20118835000000,137000,0.0140146,71.3542,250,3.90625e-15,6.25e-08,4e+09,0.004,0,1
37,20118836000000,141000,0.013844,72.2336,125,9.76562e-16,3.125e-08,4e+09,0.008,0,1
37,20118837000000,145000,0.0135724,73.6789,250,3.90625e-15,6.25e-08,4e+09,0.004,0,1
37,20118838000000,149000,0.0134228,74.5,125,9.76562e-16,3.125e-08,4e+09,0.008,0,1
37,20118839000000,153000,0.0131765,75.8929,250,3.90625e-15,6.25e-08,4e+09,0.004,0,1
37,20118840000000,157000,0.0130446,76.6602,125,9.76562e-16,3.125e-08,4e+09,0.008,0,1
37,20118841000000,161000,0.0128199,78.0039,250,3.90625e-15,6.25e-08,4e+09,0.004,0,1
37,20118842000000,165000,0.012703,78.7214,125,9.76562e-16,3.125e-08,4e+09,0.008,0,1
37,20118843000000,169000,0.012497,80.0189,250,3.90625e-15,6.25e-08,4e+09,0.004,0,1
37,20118844000000,173000,0.0123931,80.6903,125,9.76562e-16,3.125e-08,4e+09,0.008,0,1
37,20118845000000,177000,0.0121808,82.0965,333.333,6.94444e-15,8.33333e-08,4e+09,0.003,0,1
37,20118846000000,181000,0.0125746,79.5255,33.3333,6.94444e-17,8.33333e-09,4e+09,0.03,0,1
37,20118847000000,185000,0.0123676,80.8566,333.333,6.94444e-15,8.33333e-08,4e+09,0.003,0,1
37,20118848000000,189000,0.0122434,81.6768,153.846,1.47929e-15,3.84615e-08,4e+09,0.0065,0,1
37,20118849000000,193000,0.0124767,80.1495,42.5532,1.13173e-16,1.06383e-08,4e+09,0.0235,0,1
37,20118850000000,197000,0.0122843,81.405,333.333,6.94444e-15,8.33333e-08,4e+09,0.003,0,1
37,20118851000000,201000,0.0128458,77.8466,24.6914,3.81039e-17,6.17284e-09,4e+09,0.0405,0,1
37,20118852000000,205000,0.0162098,61.6912,5.39811,1.82122e-18,1.34953e-09,4e+09,0.18525,0,1
37,20118853000000,209000,0.016244,61.5611,55.5556,1.92901e-16,1.38889e-08,4e+09,0.018,0,1
37,20118854000000,213000,0.0160329,62.3719,200,2.5e-15,5e-08,4e+09,0.005,0,1
37,20118855000000,217000,0.0159585,62.6624,83.3333,4.34028e-16,2.08333e-08,4e+09,0.012,0,1
37,20118856000000,221000,0.0157602,63.451,200,2.5e-15,5e-08,4e+09,0.005,0,1
37,20118857000000,225000,0.0156756,63.7936,90.9091,5.16529e-16,2.27273e-08,4e+09,0.011,0,1
37,20118858000000,229000,0.0156332,63.9665,75.4717,3.55999e-16,1.88679e-08,4e+09,0.01325,0,1
37,20118859000000,233000,0.0154249,64.8303,285.714,5.10204e-15,7.14286e-08,4e+09,0.0035,0,1
37,20118860000000,237000,0.0154219,64.8427,65.5738,2.68745e-16,1.63934e-08,4e+09,0.01525,0,1
37,20118861000000,241000,0.015249,65.5782,200,2.5e-15,5e-08,4e+09,0.005,0,1
37,20118862000000,245000,0.0151796,65.8779,90.9091,5.16529e-16,2.27273e-08,4e+09,0.011,0,1
37,20118863000000,249000,0.0151606,65.9603,71.4286,3.18878e-16,1.78571e-08,4e+09,0.014,0,1
37,20118864000000,253000,0.0152055,65.7655,55.5556,1.92901e-16,1.38889e-08,4e+09,0.018,0,1
37,20118865000000,257000,0.0150311,66.5286,250,3.90625e-15,6.25e-08,4e+09,0.004,0,1
37,20118866000000,261000,0.0149962,66.6837,78.4314,3.84468e-16,1.96078e-08,4e+09,0.01275,0,1
37,20118867000000,265000,0.0148981,67.1226,117.647,8.65052e-16,2.94118e-08,4e+09,0.0085,0,1
37,20118868000000,267914,0.0147659,67.7235,364.25,8.29238e-15,9.10625e-08,4e+09,0.00274537,0,1
37,20118869000000,267914,0.0147659,67.7235,0,0,0,4e+09,-nan,0,1
38,20118801000000,4000,0.008,125,125,9.76562e-16,3.125e-08,4e+09,0.008,0,1
38,20118802000000,8000,0.006,166.667,250,3.90625e-15,6.25e-08,4e+09,0.004,0,1
38,20118803000000,12000,0.00933333,107.143,62.5,2.44141e-16,1.5625e-08,4e+09,0.016,0,1
38,20118804000000,16000,0.008,125,250,3.90625e-15,6.25e-08,4e+09,0.004,0,1
38,20118805000000,20000,0.0088,113.636,83.3333,4.34028e-16,2.08333e-08,4e+09,0.012,0,1
38,20118806000000,24000,0.008,125,250,3.90625e-15,6.25e-08,4e+09,0.004,0,1
38,20118807000000,28000,0.00685714,145.833,0,0,0,4e+09,0,0,1
38,20118808000000,32000,0.007,142.857,125,9.76562e-16,3.125e-08,4e+09,0.008,0,1
38,20118809000000,36000,0.00666667,150,250,3.90625e-15,6.25e-08,4e+09,0.004,0,1
38,20118810000000,40000,0.0076,131.579,62.5,2.44141e-16,1.5625e-08,4e+09,0.016,0,1
38,20118811000000,44000,0.00725,137.931,266.667,4.44444e-15,6.66667e-08,4e+09,0.00375,0,1
38,20118812000000,48000,0.00941667,106.195,30.0752,5.65323e-17,7.5188e-09,4e+09,0.03325,0,1
38,20118813000000,52000,0.00892308,112.069,333.333,6.94444e-15,8.33333e-08,4e+09,0.003,0,1
38,20118814000000,56000,0.0104286,95.8904,33.3333,6.94444e-17,8.33333e-09,4e+09,0.03,0,1
38,20118815000000,60000,0.00993333,100.671,333.333,6.94444e-15,8.33333e-08,4e+09,0.003,0,1
38,20118816000000,64000,0.0111875,89.3855,33.3333,6.94444e-17,8.33333e-09,4e+09,0.03,0,1
38,20118817000000,68000,0.0107059,93.4066,333.333,6.94444e-15,8.33333e-08,4e+09,0.003,0,1
38,20118818000000,72000,0.0122361,81.7253,26.1438,4.27186e-17,6.53595e-09,4e+09,0.03825,0,1
38,20118819000000,76000,0.0136842,73.0769,25.1572,3.95554e-17,6.28931e-09,4e+09,0.03975,0,1
38,20118820000000,80000,0.0187875,53.2269,8.63931,4.66485e-18,2.15983e-09,4e+09,0.11575,0,1
38,20118821000000,84000,0.0190476,52.5,41.2371,1.06281e-16,1.03093e-08,4e+09,0.02425,0,1
38,20118822000000,88000,0.0183636,54.4554,250,3.90625e-15,6.25e-08,4e+09,0.004,0,1
38,20118823000000,92000,0.018087,55.2885,83.3333,4.34028e-16,2.08333e-08,4e+09,0.012,0,1
38,20118824000000,96000,0.0175,57.1429,250,3.90625e-15,6.25e-08,4e+09,0.004,0,1
38,20118825000000,100000,0.01712,58.4112,125,9.76562e-16,3.125e-08,4e+09,0.008,0,1
38,20118826000000,104000,0.0166154,60.1852,250,3.90625e-15,6.25e-08,4e+09,0.004,0,1
38,20118827000000,108000,0.0162963,61.3636,125,9.76562e-16,3.125e-08,4e+09,0.008,0,1
38,20118828000000,112000,0.0157143,63.6364,0,0,0,4e+09,0,0,1
38,20118829000000,113000,0.0157168,63.6261,62.5,2.5e-15,4e-08,1e+09,0.016,0,0.8
38,20118830000000,117000,0.015453,64.7124,125,9.76562e-16,3.125e-08,4e+09,0.008,0,1
38,20118831000000,121000,0.0150744,66.3377,250,3.90625e-15,6.25e-08,4e+09,0.004,0,1
38,20118832000000,125000,0.014848,67.3491,125,9.76562e-16,3.125e-08,4e+09,0.008,0,1
38,20118833000000,129000,0.0145116,68.9103,250,3.90625e-15,6.25e-08,4e+09,0.004,0,1
38,20118834000000,133000,0.0143158,69.8529,125,9.76562e-16,3.125e-08,4e+09,0.008,0,1
38,20118835000000,137000,0.0140146,71.3542,250,3.90625e-15,6.25e-08,4e+09,0.004,0,1
38,20118836000000,141000,0.013844,72.2336,125,9.76562e-16,3.125e-08,4e+09,0.008,0,1
38,20118837000000,145000,0.0135724,73.6789,250,3.90625e-15,6.25e-08,4e+09,0.004,0,1
38,20118838000000,149000,0.0134228,74.5,125,9.76562e-16,3.125e-08,4e+09,0.008,0,1
38,20118839000000,153000,0.0131765,75.8929,250,3.90625e-15,6.25e-08,4e+09,0.004,0,1
38,20118840000000,157000,0.0130446,76.6602,125,9.76562e-16,3.125e-08,4e+09,0.008,0,1
38,20118841000000,161000,0.0128199,78.0039,250,3.90625e-15,6.25e-08,4e+09,0.004,0,1
38,20118842000000,165000,0.012703,78.7214,125,9.76562e-16,3.125e-08,4e+09,0.008,0,1
38,20118843000000,169000,0.012497,80.0189,250,3.90625e-15,6.25e-08,4e+09,0.004,0,1
38,20118844000000,173000,0.0123931,80.6903,125,9.76562e-16,3.125e-08,4e+09,0.008,0,1
38,20118845000000,177000,0.0121808,82.0965,333.333,6.94444e-15,8.33333e-08,4e+09,0.003,0,1
38,20118846000000,181000,0.0125746,79.5255,33.3333,6.94444e-17,8.33333e-09,4e+09,0.03,0,1
38,20118847000000,185000,0.0123676,80.8566,333.333,6.94444e-15,8.33333e-08,4e+09,0.003,0,1
38,20118848000000,189000,0.0122434,81.6768,153.846,1.47929e-15,3.84615e-08,4e+09,0.0065,0,1
38,20118849000000,193000,0.0124767,80.1495,42.5532,1.13173e-16,1.06383e-08,4e+09,0.0235,0,1
38,20118850000000,197000,0.0122843,81.405,333.333,6.94444e-15,8.33333e-08,4e+09,0.003,0,1
38,20118851000000,201000,0.0128458,77.8466,24.6914,3.81039e-17,6.17284e-09,4e+09,0.0405,0,1
38,20118852000000,205000,0.0162098,61.6912,5.39811,1.82122e-18,1.34953e-09,4e+09,0.18525,0,1
38,20118853000000,209000,0.016244,61.5611,55.5556,1.92901e-16,1.38889e-08,4e+09,0.018,0,1
38,20118854000000,213000,0.0160329,62.3719,200,2.5e-15,5e-08,4e+09,0.005,0,1
38,20118855000000,217000,0.0159585,62.6624,83.3333,4.34028e-16,2.08333e-08,4e+09,0.012,0,1
38,20118856000000,221000,0.0157602,63.451,200,2.5e-15,5e-08,4e+09,0.005,0,1
38,20118857000000,225000,0.0156756,63.7936,90.9091,5.16529e-16,2.27273e-08,4e+09,0.011,0,1
38,20118858000000,229000,0.0156332,63.9665,75.4717,3.55999e-16,1.88679e-08,4e+09,0.01325,0,1
38,20118859000000,233000,0.0154249,64.8303,285.714,5.10204e-15,7.14286e-08,4e+09,0.0035,0,1
38,20118860000000,237000,0.0154219,64.8427,65.5738,2.68745e-16,1.63934e-08,4e+09,0.01525,0,1
38,20118861000000,241000,0.015249,65.5782,200,2.5e-15,5e-08,4e+09,0.005,0,1
38,20118862000000,245000,0.0151796,65.8779,90.9091,5.16529e-16,2.27273e-08,4e+09,0.011,0,1
38,20118863000000,249000,0.0151606,65.9603,71.4286,3.18878e-16,1.78571e-08,4e+09,0.014,0,1
38,20118864000000,253000,0.0152055,65.7655,55.5556,1.92901e-16,1.38889e-08,4e+09,0.018,0,1
38,20118865000000,257000,0.0150311,66.5286,250,3.90625e-15,6.25e-08,4e+09,0.004,0,1
38,20118866000000,261000,0.0149962,66.6837,78.4314,3.84468e-16,1.96078e-08,4e+09,0.01275,0,1
38,20118867000000,265000,0.0148981,67.1226,117.647,8.65052e-16,2.94118e-08,4e+09,0.0085,0,1
38,20118868000000,267914,0.0147659,67.7235,364.25,8.29238e-15,9.10625e-08,4e+09,0.00274537,0,1
38,20118869000000,267914,0.0147659,67.7235,0,0,0,4e+09,-nan,0,1
39,20118801000000,4000,0.008,125,125,9.76562e-16,3.125e-08,4e+09,0.008,0,1
39,20118802000000,8000,0.006,166.667,250,3.90625e-15,6.25e-08,4e+09,0.004,0,1
39,20118803000000,12000,0.00933333,107.143,62.5,2.44141e-16,1.5625e-08,4e+09,0.016,0,1
39,20118804000000,16000,0.008,125,250,3.90625e-15,6.25e-08,4e+09,0.004,0,1
39,20118805000000,20000,0.0088,113.636,83.3333,4.34028e-16,2.08333e-08,4e+09,0.012,0,1
39,20118806000000,24000,0.008,125,250,3.90625e-15,6.25e-08,4e+09,0.004,0,1
39,20118807000000,28000,0.00685714,145.833,0,0,0,4e+09,0,0,1
39,20118808000000,32000,0.007,142.857,125,9.76562e-16,3.125e-08,4e+09,0.008,0,1
39,20118809000000,36000,0.00666667,150,250,3.90625e-15,6.25e-08,4e+09,0.004,0,1
39,20118810000000,40000,0.0076,131.579,62.5,2.44141e-16,1.5625e-08,4e+09,0.016,0,1
39,20118811000000,44000,0.00725,137.931,266.667,4.44444e-15,6.66667e-08,4e+09,0.00375,0,1
39,20118812000000,48000,0.00941667,106.195,30.0752,5.65323e-17,7.5188e-09,4e+09,0.03325,0,1
39,20118813000000,52000,0.00892308,112.069,333.333,6.94444e-15,8.33333e-08,4e+09,0.003,0,1
39,20118814000000,56000,0.0104286,95.8904,33.3333,6.94444e-17,8.33333e-09,4e+09,0.03,0,1
39,20118815000000,60000,0.00993333,100.671,333.333,6.94444e-15,8.33333e-08,4e+09,0.003,0,1
39,20118816000000,64000,0.0111875,89.3855,33.3333,6.94444e-17,8.33333e-09,4e+09,0.03,0,1
39,20118817000000,68000,0.0107059,93.4066,333.333,6.94444e-15,8.33333e-08,4e+09,0.003,0,1
39,20118818000000,72000,0.0122361,81.7253,26.1438,4.27186e-17,6.53595e-09,4e+09,0.03825,0,1
39,20118819000000,76000,0.0136842,73.0769,25.1572,3.95554e-17,6.28931e-09,4e+09,0.03975,0,1
39,20118820000000,80000,0.0187875,53.2269,8.63931,4.66485e-18,2.15983e-09,4e+09,0.11575,0,1
39,20118821000000,84000,0.0190476,52.5,41.2371,1.06281e-16,1.03093e-08,4e+09,0.02425,0,1
39,20118822000000,88000,0.0183636,54.4554,250,3.90625e-15,6.25e-08,4e+09,0.004,0,1
39,20118823000000,92000,0.018087,55.2885,83.3333,4.34028e-16,2.08333e-08,4e+09,0.012,0,1
39,20118824000000,96000,0.0175,57.1429,250,3.90625e-15,6.25e-08,4e+09,0.004,0,1
39,20118825000000,100000,0.01712,58.4112,125,9.76562e-16,3.125e-08,4e+09,0.008,0,1
39,20118826000000,104000,0.0166154,60.1852,250,3.90625e-15,6.25e-08,4e+09,0.004,0,1
39,20118827000000,108000,0.0162963,61.3636,125,9.76562e-16,3.125e-08,4e+09,0.008,0,1
39,20118828000000,112000,0.0157143,63.6364,0,0,0,4e+09,0,0,1
39,20118829000000,113000,0.0157168,63.6261,62.5,2.5e-15,4e-08,1e+09,0.016,0,0.8
39,20118830000000,117000,0.015453,64.7124,125,9.76562e-16,3.125e-08,4e+09,0.008,0,1
39,20118831000000,121000,0.0150744,66.3377,250,3.90625e-15,6.25e-08,4e+09,0.004,0,1
39,20118832000000,125000,0.014848,67.3491,125,9.76562e-16,3.125e-08,4e+09,0.008,0,1
39,20118833000000,129000,0.0145116,68.9103,250,3.90625e-15,6.25e-08,4e+09,0.004,0,1
39,20118834000000,133000,0.0143158,69.8529,125,9.76562e-16,3.125e-08,4e+09,0.008,0,1
39,20118835000000,137000,0.0140146,71.3542,250,3.90625e-15,6.25e-08,4e+09,0.004,0,1
39,20118836000000,141000,0.013844,72.2336,125,9.76562e-16,3.125e-08,4e+09,0.008,0,1
39,20118837000000,145000,0.0135724,73.6789,250,3.90625e-15,6.25e-08,4e+09,0.004,0,1
39,20118838000000,149000,0.0134228,74.5,125,9.76562e-16,3.125e-08,4e+09,0.008,0,1
39,20118839000000,153000,0.0131765,75.8929,250,3.90625e-15,6.25e-08,4e+09,0.004,0,1
39,20118840000000,157000,0.0130446,76.6602,125,9.76562e-16,3.125e-08,4e+09,0.008,0,1
39,20118841000000,161000,0.0128199,78.0039,250,3.90625e-15,6.25e-08,4e+09,0.004,0,1
39,20118842000000,165000,0.012703,78.7214,125,9.76562e-16,3.125e-08,4e+09,0.008,0,1
39,20118843000000,169000,0.012497,80.0189,250,3.90625e-15,6.25e-08,4e+09,0.004,0,1
39,20118844000000,173000,0.0123931,80.6903,125,9.76562e-16,3.125e-08,4e+09,0.008,0,1
39,20118845000000,177000,0.0121808,82.0965,333.333,6.94444e-15,8.33333e-08,4e+09,0.003,0,1
39,20118846000000,181000,0.0125746,79.5255,33.3333,6.94444e-17,8.33333e-09,4e+09,0.03,0,1
39,20118847000000,185000,0.0123676,80.8566,333.333,6.94444e-15,8.33333e-08,4e+09,0.003,0,1
39,20118848000000,189000,0.0122434,81.6768,153.846,1.47929e-15,3.84615e-08,4e+09,0.0065,0,1
39,20118849000000,193000,0.0124767,80.1495,42.5532,1.13173e-16,1.06383e-08,4e+09,0.0235,0,1
39,20118850000000,197000,0.0122843,81.405,333.333,6.94444e-15,8.33333e-08,4e+09,0.003,0,1
39,20118851000000,201000,0.0128458,77.8466,24.6914,3.81039e-17,6.17284e-09,4e+09,0.0405,0,1
39,20118852000000,205000,0.0162098,61.6912,5.39811,1.82122e-18,1.34953e-09,4e+09,0.18525,0,1
39,20118853000000,209000,0.016244,61.5611,55.5556,1.92901e-16,1.38889e-08,4e+09,0.018,0,1
39,20118854000000,213000,0.0160329,62.3719,200,2.5e-15,5e-08,4e+09,0.005,0,1
39,20118855000000,217000,0.0159585,62.6624,83.3333,4.34028e-16,2.08333e-08,4e+09,0.012,0,1
39,20118856000000,221000,0.0157602,63.451,200,2.5e-15,5e-08,4e+09,0.005,0,1
39,20118857000000,225000,0.0156756,63.7936,90.9091,5.16529e-16,2.27273e-08,4e+09,0.011,0,1
39,20118858000000,229000,0.0154891,64.5616,200,2.5e-15,5e-08,4e+09,0.005,0,1
39,20118859000000,233000,0.015382,65.0112,108.108,7.3046e-16,2.7027e-08,4e+09,0.00925,0,1
39,20118860000000,237000,0.0154219,64.8427,56.338,1.98373e-16,1.40845e-08,4e+09,0.01775,0,1
39,20118861000000,241000,0.0152324,65.6497,250,3.90625e-15,6.25e-08,4e+09,0.004,0,1
39,20118862000000,245000,0.0151592,65.9666,93.0233,5.40833e-16,2.32558e-08,4e+09,0.01075,0,1
39,20118863000000,249000,0.0150161,66.5953,160,1.6e-15,4e-08,4e+09,0.00625,0,1
39,20118864000000,253000,0.0150158,66.5965,66.6667,2.77778e-16,1.66667e-08,4e+09,0.015,0,1
39,20118865000000,257000,0.0149689,66.8053,83.3333,4.34028e-16,2.08333e-08,4e+09,0.012,0,1
39,20118866000000,261000,0.0148008,67.5641,250,3.90625e-15,6.25e-08,4e+09,0.004,0,1
39,20118867000000,265000,0.0147698,67.7057,78.4314,3.84468e-16,1.96078e-08,4e+09,0.01275,0,1
39,20118868000000,268608,0.0147278,67.8989,85.9048,4.61227e-16,2.14762e-08,4e+09,0.0116408,0,1
39,20118869000000,268608,0.0147278,67.8989,0,0,0,4e+09,-nan,0,1
