CU,clock,Cycles,IPC,IPC_delta,CPI,CPI_delta,Frequency,Voltage,EDP,ED2P,Sensitivity
0,11913101000000,1000,0.016,0.016,62.5,62.5,1000000000,0.8,12800000.0,204800.0,16.0
0,11913102000000,2000,0.024,0.032,41.6667,31.25,1000000000,0.8,25600000.0,819200.0,32.0
0,11913103000000,3000,0.0213333,0.016,46.875,62.5,1000000000,0.8,12800000.0,204800.0,16.0
0,11913104000000,4000,0.024,0.032,41.6667,31.25,1000000000,0.8,25600000.0,819200.0,32.0
0,11913105000000,5000,0.0224,0.016,44.6429,62.5,1000000000,0.8,12800000.0,204800.0,16.0
0,11913106000000,6000,0.024,0.032,41.6667,31.25,1000000000,0.8,25600000.0,819200.0,32.0
0,11913107000000,7000,0.0228571,0.016,43.75,62.5,1000000000,0.8,12800000.0,204800.0,16.0
0,11913108000000,8000,0.024,0.032,41.6667,31.25,1000000000,0.8,25600000.0,819200.0,32.0
0,11913109000000,9000,0.0226667,0.012,44.1176,83.3333,1000000000,0.8,9600000.0,115200.0,12.0
0,11913110000000,13000,0.0249231,0.03,40.1235,33.3333,4000000000,1.0,120000000.0,3600000.0,30.0
0,11913111000000,17000,0.0197647,0.003,50.5952,333.333,4000000000,1.0,12000000.0,36000.0,3.0
0,11913112000000,18000,0.0253333,0.12,39.4737,8.33333,1000000000,0.8,96000000.0,11520000.0,120.0
0,11913113000000,22000,0.0212727,0.003,47.0085,333.333,4000000000,1.0,12000000.0,36000.0,3.0
0,11913114000000,26000,0.0242308,0.0405,41.2698,24.6914,4000000000,1.0,162000000.0,6561000.0,40.5
0,11913115000000,30000,0.0321667,0.08375,31.0881,11.9403,4000000000,1.0,335000000.0,28056200.0,83.75
0,11913116000000,34000,0.0402353,0.10075,24.8538,9.92556,4000000000,1.0,403000000.0,40602200.0,100.75
0,11913117000000,38000,0.0380789,0.01975,26.2612,50.6329,4000000000,1.0,79000000.0,1560250.0,19.75
0,11913118000000,42000,0.0348333,0.004,28.7081,250.0,4000000000,1.0,16000000.0,64000.0,4.0
0,11913119000000,43000,0.0357209,0.073,27.9948,13.6986,1000000000,0.8,58400000.0,4263200.0,73.0
0,11913120000000,44000,0.0362727,0.06,27.5689,16.6667,1000000000,0.8,48000000.0,2880000.0,60.0
0,11913121000000,48000,0.0343333,0.013,29.1262,76.9231,4000000000,1.0,52000000.0,676000.0,13.0
0,11913122000000,49000,0.0336327,0.0,29.733,0.0,1000000000,0.8,0.0,0.0,0.0
0,11913123000000,50000,0.03406,0.055,29.36,18.1818,1000000000,0.8,44000000.0,2420000.0,55.0
0,11913124000000,54000,0.0319074,0.005,31.3407,200.0,4000000000,1.0,20000000.0,100000.0,5.0
0,11913125000000,55000,0.0321455,0.045,31.1086,22.2222,1000000000,0.8,36000000.0,1620000.0,45.0
0,11913126000000,59000,0.0303051,0.005,32.9978,200.0,4000000000,1.0,20000000.0,100000.0,5.0
0,11913127000000,63000,0.029,0.00975,34.4828,102.564,4000000000,1.0,39000000.0,380250.0,9.75
0,11913128000000,67000,0.0282836,0.017,35.3562,58.8235,4000000000,1.0,68000000.0,1156000.0,17.0
0,11913129000000,71000,0.0269155,0.004,37.1533,250.0,4000000000,1.0,16000000.0,64000.0,4.0
0,11913130000000,75000,0.02616,0.01275,38.2263,78.4314,4000000000,1.0,51000000.0,650250.0,12.75
0,11913131000000,76940,0.0260463,0.0216495,38.3932,46.1905,4000000000,1.0,86597900.0,1874800.0,10.5
0,11913132000000,76940,0.0260463,,38.3932,0.0,4000000000,1.0,,,0.0
1,11913101000000,1000,0.016,0.016,62.5,62.5,1000000000,0.8,12800000.0,204800.0,16.0
1,11913102000000,2000,0.024,0.032,41.6667,31.25,1000000000,0.8,25600000.0,819200.0,32.0
1,11913103000000,3000,0.0213333,0.016,46.875,62.5,1000000000,0.8,12800000.0,204800.0,16.0
1,11913104000000,4000,0.024,0.032,41.6667,31.25,1000000000,0.8,25600000.0,819200.0,32.0
1,11913105000000,5000,0.0224,0.016,44.6429,62.5,1000000000,0.8,12800000.0,204800.0,16.0
1,11913106000000,6000,0.024,0.032,41.6667,31.25,1000000000,0.8,25600000.0,819200.0,32.0
1,11913107000000,7000,0.0228571,0.016,43.75,62.5,1000000000,0.8,12800000.0,204800.0,16.0
1,11913108000000,8000,0.024,0.032,41.6667,31.25,1000000000,0.8,25600000.0,819200.0,32.0
1,11913109000000,9000,0.0226667,0.012,44.1176,83.3333,1000000000,0.8,9600000.0,115200.0,12.0
1,11913110000000,13000,0.0249231,0.03,40.1235,33.3333,4000000000,1.0,120000000.0,3600000.0,30.0
1,11913111000000,17000,0.0197647,0.003,50.5952,333.333,4000000000,1.0,12000000.0,36000.0,3.0
1,11913112000000,18000,0.0253333,0.12,39.4737,8.33333,1000000000,0.8,96000000.0,11520000.0,120.0
1,11913113000000,22000,0.0212727,0.003,47.0085,333.333,4000000000,1.0,12000000.0,36000.0,3.0
1,11913114000000,26000,0.0242308,0.0405,41.2698,24.6914,4000000000,1.0,162000000.0,6561000.0,40.5
1,11913115000000,30000,0.0321667,0.08375,31.0881,11.9403,4000000000,1.0,335000000.0,28056200.0,83.75
1,11913116000000,34000,0.0402353,0.10075,24.8538,9.92556,4000000000,1.0,403000000.0,40602200.0,100.75
1,11913117000000,38000,0.0380789,0.01975,26.2612,50.6329,4000000000,1.0,79000000.0,1560250.0,19.75
1,11913118000000,42000,0.0348333,0.004,28.7081,250.0,4000000000,1.0,16000000.0,64000.0,4.0
1,11913119000000,43000,0.0357209,0.073,27.9948,13.6986,1000000000,0.8,58400000.0,4263200.0,73.0
1,11913120000000,44000,0.0362727,0.06,27.5689,16.6667,1000000000,0.8,48000000.0,2880000.0,60.0
1,11913121000000,48000,0.0343333,0.013,29.1262,76.9231,4000000000,1.0,52000000.0,676000.0,13.0
1,11913122000000,49000,0.0336327,0.0,29.733,0.0,1000000000,0.8,0.0,0.0,0.0
1,11913123000000,50000,0.03406,0.055,29.36,18.1818,1000000000,0.8,44000000.0,2420000.0,55.0
1,11913124000000,54000,0.0319074,0.005,31.3407,200.0,4000000000,1.0,20000000.0,100000.0,5.0
1,11913125000000,55000,0.0321455,0.045,31.1086,22.2222,1000000000,0.8,36000000.0,1620000.0,45.0
1,11913126000000,59000,0.0303051,0.005,32.9978,200.0,4000000000,1.0,20000000.0,100000.0,5.0
1,11913127000000,63000,0.029,0.00975,34.4828,102.564,4000000000,1.0,39000000.0,380250.0,9.75
1,11913128000000,67000,0.0282836,0.017,35.3562,58.8235,4000000000,1.0,68000000.0,1156000.0,17.0
1,11913129000000,71000,0.0269155,0.004,37.1533,250.0,4000000000,1.0,16000000.0,64000.0,4.0
1,11913130000000,75000,0.02616,0.01275,38.2263,78.4314,4000000000,1.0,51000000.0,650250.0,12.75
1,11913131000000,76940,0.0260463,0.0216495,38.3932,46.1905,4000000000,1.0,86597900.0,1874800.0,10.5
1,11913132000000,76940,0.0260463,,38.3932,0.0,4000000000,1.0,,,0.0
2,11913101000000,1000,0.016,0.016,62.5,62.5,1000000000,0.8,12800000.0,204800.0,16.0
2,11913102000000,2000,0.024,0.032,41.6667,31.25,1000000000,0.8,25600000.0,819200.0,32.0
2,11913103000000,3000,0.0213333,0.016,46.875,62.5,1000000000,0.8,12800000.0,204800.0,16.0
2,11913104000000,4000,0.024,0.032,41.6667,31.25,1000000000,0.8,25600000.0,819200.0,32.0
2,11913105000000,5000,0.0224,0.016,44.6429,62.5,1000000000,0.8,12800000.0,204800.0,16.0
2,11913106000000,6000,0.024,0.032,41.6667,31.25,1000000000,0.8,25600000.0,819200.0,32.0
2,11913107000000,7000,0.0228571,0.016,43.75,62.5,1000000000,0.8,12800000.0,204800.0,16.0
2,11913108000000,8000,0.024,0.032,41.6667,31.25,1000000000,0.8,25600000.0,819200.0,32.0
2,11913109000000,9000,0.0226667,0.012,44.1176,83.3333,1000000000,0.8,9600000.0,115200.0,12.0
2,11913110000000,13000,0.0249231,0.03,40.1235,33.3333,4000000000,1.0,120000000.0,3600000.0,30.0
2,11913111000000,17000,0.0197647,0.003,50.5952,333.333,4000000000,1.0,12000000.0,36000.0,3.0
2,11913112000000,18000,0.0253333,0.12,39.4737,8.33333,1000000000,0.8,96000000.0,11520000.0,120.0
2,11913113000000,22000,0.0212727,0.003,47.0085,333.333,4000000000,1.0,12000000.0,36000.0,3.0
2,11913114000000,26000,0.0242308,0.0405,41.2698,24.6914,4000000000,1.0,162000000.0,6561000.0,40.5
2,11913115000000,30000,0.0321667,0.08375,31.0881,11.9403,4000000000,1.0,335000000.0,28056200.0,83.75
2,11913116000000,34000,0.0402353,0.10075,24.8538,9.92556,4000000000,1.0,403000000.0,40602200.0,100.75
2,11913117000000,38000,0.0380789,0.01975,26.2612,50.6329,4000000000,1.0,79000000.0,1560250.0,19.75
2,11913118000000,42000,0.0348333,0.004,28.7081,250.0,4000000000,1.0,16000000.0,64000.0,4.0
2,11913119000000,43000,0.0357209,0.073,27.9948,13.6986,1000000000,0.8,58400000.0,4263200.0,73.0
2,11913120000000,44000,0.0362727,0.06,27.5689,16.6667,1000000000,0.8,48000000.0,2880000.0,60.0
2,11913121000000,48000,0.0343333,0.013,29.1262,76.9231,4000000000,1.0,52000000.0,676000.0,13.0
2,11913122000000,49000,0.0336327,0.0,29.733,0.0,1000000000,0.8,0.0,0.0,0.0
2,11913123000000,50000,0.03406,0.055,29.36,18.1818,1000000000,0.8,44000000.0,2420000.0,55.0
2,11913124000000,54000,0.0319074,0.005,31.3407,200.0,4000000000,1.0,20000000.0,100000.0,5.0
2,11913125000000,55000,0.0321455,0.045,31.1086,22.2222,1000000000,0.8,36000000.0,1620000.0,45.0
2,11913126000000,59000,0.0303051,0.005,32.9978,200.0,4000000000,1.0,20000000.0,100000.0,5.0
2,11913127000000,63000,0.029,0.00975,34.4828,102.564,4000000000,1.0,39000000.0,380250.0,9.75
2,11913128000000,67000,0.0282836,0.017,35.3562,58.8235,4000000000,1.0,68000000.0,1156000.0,17.0
2,11913129000000,71000,0.0269155,0.004,37.1533,250.0,4000000000,1.0,16000000.0,64000.0,4.0
2,11913130000000,75000,0.02616,0.01275,38.2263,78.4314,4000000000,1.0,51000000.0,650250.0,12.75
2,11913131000000,76940,0.0260463,0.0216495,38.3932,46.1905,4000000000,1.0,86597900.0,1874800.0,10.5
2,11913132000000,76940,0.0260463,,38.3932,0.0,4000000000,1.0,,,0.0
3,11913101000000,1000,0.016,0.016,62.5,62.5,1000000000,0.8,12800000.0,204800.0,16.0
3,11913102000000,2000,0.024,0.032,41.6667,31.25,1000000000,0.8,25600000.0,819200.0,32.0
3,11913103000000,3000,0.0213333,0.016,46.875,62.5,1000000000,0.8,12800000.0,204800.0,16.0
3,11913104000000,4000,0.024,0.032,41.6667,31.25,1000000000,0.8,25600000.0,819200.0,32.0
3,11913105000000,5000,0.0224,0.016,44.6429,62.5,1000000000,0.8,12800000.0,204800.0,16.0
3,11913106000000,6000,0.024,0.032,41.6667,31.25,1000000000,0.8,25600000.0,819200.0,32.0
3,11913107000000,7000,0.0228571,0.016,43.75,62.5,1000000000,0.8,12800000.0,204800.0,16.0
3,11913108000000,8000,0.024,0.032,41.6667,31.25,1000000000,0.8,25600000.0,819200.0,32.0
3,11913109000000,9000,0.0226667,0.012,44.1176,83.3333,1000000000,0.8,9600000.0,115200.0,12.0
3,11913110000000,13000,0.0249231,0.03,40.1235,33.3333,4000000000,1.0,120000000.0,3600000.0,30.0
3,11913111000000,17000,0.0197647,0.003,50.5952,333.333,4000000000,1.0,12000000.0,36000.0,3.0
3,11913112000000,18000,0.0253333,0.12,39.4737,8.33333,1000000000,0.8,96000000.0,11520000.0,120.0
3,11913113000000,22000,0.0212727,0.003,47.0085,333.333,4000000000,1.0,12000000.0,36000.0,3.0
3,11913114000000,26000,0.0242308,0.0405,41.2698,24.6914,4000000000,1.0,162000000.0,6561000.0,40.5
3,11913115000000,30000,0.0321667,0.08375,31.0881,11.9403,4000000000,1.0,335000000.0,28056200.0,83.75
3,11913116000000,34000,0.0402353,0.10075,24.8538,9.92556,4000000000,1.0,403000000.0,40602200.0,100.75
3,11913117000000,38000,0.0380789,0.01975,26.2612,50.6329,4000000000,1.0,79000000.0,1560250.0,19.75
3,11913118000000,42000,0.0348333,0.004,28.7081,250.0,4000000000,1.0,16000000.0,64000.0,4.0
3,11913119000000,43000,0.0357209,0.073,27.9948,13.6986,1000000000,0.8,58400000.0,4263200.0,73.0
3,11913120000000,44000,0.0364545,0.068,27.4314,14.7059,1000000000,0.8,54400000.0,3699200.0,68.0
3,11913121000000,48000,0.0339167,0.006,29.484,166.667,4000000000,1.0,24000000.0,144000.0,6.0
3,11913122000000,49000,0.0336327,0.02,29.733,50.0,1000000000,0.8,16000000.0,320000.0,20.0
3,11913123000000,50000,0.03406,0.055,29.36,18.1818,1000000000,0.8,44000000.0,2420000.0,55.0
3,11913124000000,54000,0.0318333,0.004,31.4136,250.0,4000000000,1.0,16000000.0,64000.0,4.0
3,11913125000000,55000,0.0321455,0.049,31.1086,20.4082,1000000000,0.8,39200000.0,1920800.0,49.0
3,11913126000000,59000,0.0303051,0.005,32.9978,200.0,4000000000,1.0,20000000.0,100000.0,5.0
3,11913127000000,63000,0.0289524,0.009,34.5395,111.111,4000000000,1.0,36000000.0,324000.0,9.0
3,11913128000000,67000,0.0282836,0.01775,35.3562,56.338,4000000000,1.0,71000000.0,1260250.0,17.75
3,11913129000000,71000,0.0268732,0.00325,37.2117,307.692,4000000000,1.0,13000000.0,42250.0,3.25
3,11913130000000,75000,0.02608,0.012,38.3436,83.3333,4000000000,1.0,48000000.0,576000.0,12.0
3,11913131000000,79000,0.0252658,0.01,39.5792,100.0,4000000000,1.0,40000000.0,400000.0,10.0
3,11913132000000,82062,0.0244206,0.00261267,40.9491,382.75,4000000000,1.0,10450700.0,27304.2,2.0
4,11913101000000,1000,0.016,0.016,62.5,62.5,1000000000,0.8,12800000.0,204800.0,16.0
4,11913102000000,2000,0.024,0.032,41.6667,31.25,1000000000,0.8,25600000.0,819200.0,32.0
4,11913103000000,3000,0.0213333,0.016,46.875,62.5,1000000000,0.8,12800000.0,204800.0,16.0
4,11913104000000,4000,0.024,0.032,41.6667,31.25,1000000000,0.8,25600000.0,819200.0,32.0
4,11913105000000,5000,0.0194,0.001,51.5464,1000.0,1000000000,0.8,800000.0,800.0,1.0
4,11913106000000,6000,0.0186667,0.015,53.5714,66.6667,1000000000,0.8,12000000.0,180000.0,15.0
4,11913107000000,7000,0.0205714,0.032,48.6111,31.25,1000000000,0.8,25600000.0,819200.0,32.0
4,11913108000000,8000,0.02,0.016,50.0,62.5,1000000000,0.8,12800000.0,204800.0,16.0
4,11913109000000,9000,0.0213333,0.032,46.875,31.25,1000000000,0.8,25600000.0,819200.0,32.0
4,11913110000000,13000,0.0156923,0.003,63.7255,333.333,4000000000,1.0,12000000.0,36000.0,3.0
4,11913111000000,17000,0.0190588,0.03,52.4691,33.3333,4000000000,1.0,120000000.0,3600000.0,30.0
4,11913112000000,18000,0.0186667,0.012,53.5714,83.3333,1000000000,0.8,9600000.0,115200.0,12.0
4,11913113000000,22000,0.0207273,0.03,48.2456,33.3333,4000000000,1.0,120000000.0,3600000.0,30.0
4,11913114000000,26000,0.018,0.003,55.5556,333.333,4000000000,1.0,12000000.0,36000.0,3.0
4,11913115000000,30000,0.021,0.0405,47.619,24.6914,4000000000,1.0,162000000.0,6561000.0,40.5
4,11913116000000,34000,0.0345294,0.136,28.9608,7.35294,4000000000,1.0,544000000.0,73984000.0,136.0
4,11913117000000,38000,0.0360789,0.04925,27.717,20.3046,4000000000,1.0,197000000.0,9702250.0,49.25
4,11913118000000,42000,0.0343571,0.018,29.106,55.5556,4000000000,1.0,72000000.0,1296000.0,18.0
4,11913119000000,43000,0.0340233,0.02,29.3917,50.0,1000000000,0.8,16000000.0,320000.0,20.0
4,11913120000000,44000,0.0343409,0.048,29.1198,20.8333,1000000000,0.8,38400000.0,1843200.0,48.0
4,11913121000000,48000,0.0328125,0.016,30.4762,62.5,4000000000,1.0,64000000.0,1024000.0,16.0
4,11913122000000,49000,0.032551,0.02,30.721,50.0,1000000000,0.8,16000000.0,320000.0,20.0
4,11913123000000,50000,0.03288,0.049,30.4136,20.4082,1000000000,0.8,39200000.0,1920800.0,49.0
4,11913124000000,54000,0.031537,0.01475,31.7087,67.7966,4000000000,1.0,59000000.0,870250.0,14.75
4,11913125000000,55000,0.0317818,0.045,31.4645,22.2222,1000000000,0.8,36000000.0,1620000.0,45.0
4,11913126000000,59000,0.0299492,0.00475,33.3899,210.526,4000000000,1.0,19000000.0,90250.0,4.75
4,11913127000000,63000,0.0283651,0.005,35.2546,200.0,4000000000,1.0,20000000.0,100000.0,5.0
4,11913128000000,67000,0.0273582,0.0115,36.5521,86.9565,4000000000,1.0,46000000.0,529000.0,11.5
4,11913129000000,71000,0.0266901,0.0155,37.467,64.5161,4000000000,1.0,62000000.0,961000.0,15.5
4,11913130000000,75000,0.0258533,0.011,38.6797,90.9091,4000000000,1.0,44000000.0,484000.0,11.0
4,11913131000000,79000,0.0251646,0.01225,39.7384,81.6327,4000000000,1.0,49000000.0,600250.0,12.25
4,11913132000000,81358,0.0246319,0.00678541,40.5978,147.375,4000000000,1.0,27141600.0,184167.0,4.0
5,11913101000000,1000,0.016,0.016,62.5,62.5,1000000000,0.8,12800000.0,204800.0,16.0
5,11913102000000,2000,0.024,0.032,41.6667,31.25,1000000000,0.8,25600000.0,819200.0,32.0
5,11913103000000,3000,0.0213333,0.016,46.875,62.5,1000000000,0.8,12800000.0,204800.0,16.0
5,11913104000000,4000,0.024,0.032,41.6667,31.25,1000000000,0.8,25600000.0,819200.0,32.0
5,11913105000000,5000,0.0194,0.001,51.5464,1000.0,1000000000,0.8,800000.0,800.0,1.0
5,11913106000000,6000,0.0186667,0.015,53.5714,66.6667,1000000000,0.8,12000000.0,180000.0,15.0
5,11913107000000,7000,0.0205714,0.032,48.6111,31.25,1000000000,0.8,25600000.0,819200.0,32.0
5,11913108000000,8000,0.02,0.016,50.0,62.5,1000000000,0.8,12800000.0,204800.0,16.0
5,11913109000000,9000,0.0213333,0.032,46.875,31.25,1000000000,0.8,25600000.0,819200.0,32.0
5,11913110000000,13000,0.0156923,0.003,63.7255,333.333,4000000000,1.0,12000000.0,36000.0,3.0
5,11913111000000,17000,0.0190588,0.03,52.4691,33.3333,4000000000,1.0,120000000.0,3600000.0,30.0
5,11913112000000,18000,0.0186667,0.012,53.5714,83.3333,1000000000,0.8,9600000.0,115200.0,12.0
5,11913113000000,22000,0.0207273,0.03,48.2456,33.3333,4000000000,1.0,120000000.0,3600000.0,30.0
5,11913114000000,26000,0.018,0.003,55.5556,333.333,4000000000,1.0,12000000.0,36000.0,3.0
5,11913115000000,30000,0.021,0.0405,47.619,24.6914,4000000000,1.0,162000000.0,6561000.0,40.5
5,11913116000000,34000,0.0345294,0.136,28.9608,7.35294,4000000000,1.0,544000000.0,73984000.0,136.0
5,11913117000000,38000,0.0360789,0.04925,27.717,20.3046,4000000000,1.0,197000000.0,9702250.0,49.25
5,11913118000000,42000,0.0343571,0.018,29.106,55.5556,4000000000,1.0,72000000.0,1296000.0,18.0
5,11913119000000,43000,0.0340233,0.02,29.3917,50.0,1000000000,0.8,16000000.0,320000.0,20.0
5,11913120000000,44000,0.0343409,0.048,29.1198,20.8333,1000000000,0.8,38400000.0,1843200.0,48.0
5,11913121000000,48000,0.0328125,0.016,30.4762,62.5,4000000000,1.0,64000000.0,1024000.0,16.0
5,11913122000000,49000,0.032551,0.02,30.721,50.0,1000000000,0.8,16000000.0,320000.0,20.0
5,11913123000000,50000,0.03288,0.049,30.4136,20.4082,1000000000,0.8,39200000.0,1920800.0,49.0
5,11913124000000,54000,0.031537,0.01475,31.7087,67.7966,4000000000,1.0,59000000.0,870250.0,14.75
5,11913125000000,55000,0.0317818,0.045,31.4645,22.2222,1000000000,0.8,36000000.0,1620000.0,45.0
5,11913126000000,59000,0.0299492,0.00475,33.3899,210.526,4000000000,1.0,19000000.0,90250.0,4.75
5,11913127000000,63000,0.0283651,0.005,35.2546,200.0,4000000000,1.0,20000000.0,100000.0,5.0
5,11913128000000,67000,0.0273582,0.0115,36.5521,86.9565,4000000000,1.0,46000000.0,529000.0,11.5
5,11913129000000,71000,0.0266901,0.0155,37.467,64.5161,4000000000,1.0,62000000.0,961000.0,15.5
5,11913130000000,75000,0.0258533,0.011,38.6797,90.9091,4000000000,1.0,44000000.0,484000.0,11.0
5,11913131000000,79000,0.0251646,0.01225,39.7384,81.6327,4000000000,1.0,49000000.0,600250.0,12.25
5,11913132000000,81358,0.0246319,0.00678541,40.5978,147.375,4000000000,1.0,27141600.0,184167.0,4.0
6,11913101000000,1000,0.016,0.016,62.5,62.5,1000000000,0.8,12800000.0,204800.0,16.0
6,11913102000000,2000,0.024,0.032,41.6667,31.25,1000000000,0.8,25600000.0,819200.0,32.0
6,11913103000000,3000,0.0213333,0.016,46.875,62.5,1000000000,0.8,12800000.0,204800.0,16.0
6,11913104000000,4000,0.024,0.032,41.6667,31.25,1000000000,0.8,25600000.0,819200.0,32.0
6,11913105000000,5000,0.0194,0.001,51.5464,1000.0,1000000000,0.8,800000.0,800.0,1.0
6,11913106000000,6000,0.0186667,0.015,53.5714,66.6667,1000000000,0.8,12000000.0,180000.0,15.0
6,11913107000000,7000,0.0205714,0.032,48.6111,31.25,1000000000,0.8,25600000.0,819200.0,32.0
6,11913108000000,8000,0.02,0.016,50.0,62.5,1000000000,0.8,12800000.0,204800.0,16.0
6,11913109000000,9000,0.0213333,0.032,46.875,31.25,1000000000,0.8,25600000.0,819200.0,32.0
6,11913110000000,13000,0.0156923,0.003,63.7255,333.333,4000000000,1.0,12000000.0,36000.0,3.0
6,11913111000000,17000,0.0190588,0.03,52.4691,33.3333,4000000000,1.0,120000000.0,3600000.0,30.0
6,11913112000000,18000,0.0186667,0.012,53.5714,83.3333,1000000000,0.8,9600000.0,115200.0,12.0
6,11913113000000,22000,0.0207273,0.03,48.2456,33.3333,4000000000,1.0,120000000.0,3600000.0,30.0
6,11913114000000,26000,0.018,0.003,55.5556,333.333,4000000000,1.0,12000000.0,36000.0,3.0
6,11913115000000,30000,0.021,0.0405,47.619,24.6914,4000000000,1.0,162000000.0,6561000.0,40.5
6,11913116000000,34000,0.0345294,0.136,28.9608,7.35294,4000000000,1.0,544000000.0,73984000.0,136.0
6,11913117000000,38000,0.0360789,0.04925,27.717,20.3046,4000000000,1.0,197000000.0,9702250.0,49.25
6,11913118000000,42000,0.0343571,0.018,29.106,55.5556,4000000000,1.0,72000000.0,1296000.0,18.0
6,11913119000000,43000,0.0340233,0.02,29.3917,50.0,1000000000,0.8,16000000.0,320000.0,20.0
6,11913120000000,44000,0.0343409,0.048,29.1198,20.8333,1000000000,0.8,38400000.0,1843200.0,48.0
6,11913121000000,48000,0.0328125,0.016,30.4762,62.5,4000000000,1.0,64000000.0,1024000.0,16.0
6,11913122000000,49000,0.032551,0.02,30.721,50.0,1000000000,0.8,16000000.0,320000.0,20.0
6,11913123000000,50000,0.03288,0.049,30.4136,20.4082,1000000000,0.8,39200000.0,1920800.0,49.0
6,11913124000000,54000,0.031537,0.01475,31.7087,67.7966,4000000000,1.0,59000000.0,870250.0,14.75
6,11913125000000,55000,0.0317818,0.045,31.4645,22.2222,1000000000,0.8,36000000.0,1620000.0,45.0
6,11913126000000,59000,0.0299492,0.00475,33.3899,210.526,4000000000,1.0,19000000.0,90250.0,4.75
6,11913127000000,63000,0.0283651,0.005,35.2546,200.0,4000000000,1.0,20000000.0,100000.0,5.0
6,11913128000000,67000,0.0273582,0.0115,36.5521,86.9565,4000000000,1.0,46000000.0,529000.0,11.5
6,11913129000000,71000,0.0266901,0.0155,37.467,64.5161,4000000000,1.0,62000000.0,961000.0,15.5
6,11913130000000,75000,0.0258533,0.011,38.6797,90.9091,4000000000,1.0,44000000.0,484000.0,11.0
6,11913131000000,79000,0.0251646,0.01225,39.7384,81.6327,4000000000,1.0,49000000.0,600250.0,12.25
6,11913132000000,81358,0.0246319,0.00678541,40.5978,147.375,4000000000,1.0,27141600.0,184167.0,4.0
7,11913101000000,1000,0.016,0.016,62.5,62.5,1000000000,0.8,12800000.0,204800.0,16.0
7,11913102000000,2000,0.024,0.032,41.6667,31.25,1000000000,0.8,25600000.0,819200.0,32.0
7,11913103000000,3000,0.0213333,0.016,46.875,62.5,1000000000,0.8,12800000.0,204800.0,16.0
7,11913104000000,4000,0.024,0.032,41.6667,31.25,1000000000,0.8,25600000.0,819200.0,32.0
7,11913105000000,5000,0.0194,0.001,51.5464,1000.0,1000000000,0.8,800000.0,800.0,1.0
7,11913106000000,6000,0.0186667,0.015,53.5714,66.6667,1000000000,0.8,12000000.0,180000.0,15.0
7,11913107000000,7000,0.0205714,0.032,48.6111,31.25,1000000000,0.8,25600000.0,819200.0,32.0
7,11913108000000,8000,0.02,0.016,50.0,62.5,1000000000,0.8,12800000.0,204800.0,16.0
7,11913109000000,9000,0.0213333,0.032,46.875,31.25,1000000000,0.8,25600000.0,819200.0,32.0
7,11913110000000,13000,0.0156923,0.003,63.7255,333.333,4000000000,1.0,12000000.0,36000.0,3.0
7,11913111000000,17000,0.0190588,0.03,52.4691,33.3333,4000000000,1.0,120000000.0,3600000.0,30.0
7,11913112000000,18000,0.0186667,0.012,53.5714,83.3333,1000000000,0.8,9600000.0,115200.0,12.0
7,11913113000000,22000,0.0207273,0.03,48.2456,33.3333,4000000000,1.0,120000000.0,3600000.0,30.0
7,11913114000000,26000,0.018,0.003,55.5556,333.333,4000000000,1.0,12000000.0,36000.0,3.0
7,11913115000000,30000,0.021,0.0405,47.619,24.6914,4000000000,1.0,162000000.0,6561000.0,40.5
7,11913116000000,34000,0.0345294,0.136,28.9608,7.35294,4000000000,1.0,544000000.0,73984000.0,136.0
7,11913117000000,38000,0.0360789,0.04925,27.717,20.3046,4000000000,1.0,197000000.0,9702250.0,49.25
7,11913118000000,42000,0.0343571,0.018,29.106,55.5556,4000000000,1.0,72000000.0,1296000.0,18.0
7,11913119000000,43000,0.0340233,0.02,29.3917,50.0,1000000000,0.8,16000000.0,320000.0,20.0
7,11913120000000,44000,0.0343409,0.048,29.1198,20.8333,1000000000,0.8,38400000.0,1843200.0,48.0
7,11913121000000,48000,0.0318958,0.005,31.3521,200.0,4000000000,1.0,20000000.0,100000.0,5.0
7,11913122000000,49000,0.032551,0.064,30.721,15.625,1000000000,0.8,51200000.0,3276800.0,64.0
7,11913123000000,50000,0.03256,0.033,30.7125,30.303,1000000000,0.8,26400000.0,871200.0,33.0
7,11913124000000,54000,0.031537,0.01875,31.7087,53.3333,4000000000,1.0,75000000.0,1406250.0,18.75
7,11913125000000,55000,0.0312545,0.016,31.9953,62.5,1000000000,0.8,12800000.0,204800.0,16.0
7,11913126000000,59000,0.0296271,0.00725,33.7529,137.931,4000000000,1.0,29000000.0,210250.0,7.25
7,11913127000000,63000,0.0283651,0.00975,35.2546,102.564,4000000000,1.0,39000000.0,380250.0,9.75
7,11913128000000,67000,0.0271642,0.00825,36.8132,121.212,4000000000,1.0,33000000.0,272250.0,8.25
7,11913129000000,71000,0.0266901,0.01875,37.467,53.3333,4000000000,1.0,75000000.0,1406250.0,18.75
7,11913130000000,75000,0.02544,0.00325,39.3082,307.692,4000000000,1.0,13000000.0,42250.0,3.25
7,11913131000000,79000,0.0248354,0.0135,40.265,74.0741,4000000000,1.0,54000000.0,729000.0,13.5
7,11913132000000,81692,0.0245312,0.0156018,40.7645,64.0952,4000000000,1.0,62407100.0,973663.0,10.5
8,11913101000000,1000,0.016,0.016,62.5,62.5,1000000000,0.8,12800000.0,204800.0,16.0
8,11913102000000,2000,0.024,0.032,41.6667,31.25,1000000000,0.8,25600000.0,819200.0,32.0
8,11913103000000,3000,0.0213333,0.016,46.875,62.5,1000000000,0.8,12800000.0,204800.0,16.0
8,11913104000000,4000,0.024,0.032,41.6667,31.25,1000000000,0.8,25600000.0,819200.0,32.0
8,11913105000000,5000,0.0224,0.016,44.6429,62.5,1000000000,0.8,12800000.0,204800.0,16.0
8,11913106000000,6000,0.024,0.032,41.6667,31.25,1000000000,0.8,25600000.0,819200.0,32.0
8,11913107000000,7000,0.0228571,0.016,43.75,62.5,1000000000,0.8,12800000.0,204800.0,16.0
8,11913108000000,8000,0.024,0.032,41.6667,31.25,1000000000,0.8,25600000.0,819200.0,32.0
8,11913109000000,9000,0.0226667,0.012,44.1176,83.3333,1000000000,0.8,9600000.0,115200.0,12.0
8,11913110000000,13000,0.0249231,0.03,40.1235,33.3333,4000000000,1.0,120000000.0,3600000.0,30.0
8,11913111000000,17000,0.0197647,0.003,50.5952,333.333,4000000000,1.0,12000000.0,36000.0,3.0
8,11913112000000,18000,0.0200556,0.025,49.8615,40.0,1000000000,0.8,20000000.0,500000.0,25.0
8,11913113000000,22000,0.0207273,0.02375,48.2456,42.1053,4000000000,1.0,95000000.0,2256250.0,23.75
8,11913114000000,26000,0.018,0.003,55.5556,333.333,4000000000,1.0,12000000.0,36000.0,3.0
8,11913115000000,30000,0.021,0.0405,47.619,24.6914,4000000000,1.0,162000000.0,6561000.0,40.5
8,11913116000000,34000,0.0403235,0.18525,24.7994,5.39811,4000000000,1.0,741000000.0,137270000.0,185.25
8,11913117000000,38000,0.0379737,0.018,26.334,55.5556,4000000000,1.0,72000000.0,1296000.0,18.0
8,11913118000000,42000,0.0348333,0.005,28.7081,200.0,4000000000,1.0,20000000.0,100000.0,5.0
8,11913119000000,43000,0.0356047,0.068,28.0862,14.7059,1000000000,0.8,54400000.0,3699200.0,68.0
8,11913120000000,44000,0.0357955,0.044,27.9365,22.7273,1000000000,0.8,35200000.0,1548800.0,44.0
8,11913121000000,48000,0.0332292,0.005,30.094,200.0,4000000000,1.0,20000000.0,100000.0,5.0
8,11913122000000,49000,0.0336327,0.053,29.733,18.8679,1000000000,0.8,42400000.0,2247200.0,53.0
8,11913123000000,50000,0.03406,0.055,29.36,18.1818,1000000000,0.8,44000000.0,2420000.0,55.0
8,11913124000000,54000,0.0318333,0.004,31.4136,250.0,4000000000,1.0,16000000.0,64000.0,4.0
8,11913125000000,55000,0.0321273,0.048,31.1262,20.8333,1000000000,0.8,38400000.0,1843200.0,48.0
8,11913126000000,59000,0.0302881,0.005,33.0162,200.0,4000000000,1.0,20000000.0,100000.0,5.0
8,11913127000000,63000,0.0288889,0.00825,34.6154,121.212,4000000000,1.0,33000000.0,272250.0,8.25
8,11913128000000,67000,0.027403,0.004,36.4924,250.0,4000000000,1.0,16000000.0,64000.0,4.0
8,11913129000000,71000,0.0268732,0.018,37.2117,55.5556,4000000000,1.0,72000000.0,1296000.0,18.0
8,11913130000000,75000,0.0260267,0.011,38.4221,90.9091,4000000000,1.0,44000000.0,484000.0,11.0
8,11913131000000,79000,0.0252658,0.011,39.5792,90.9091,4000000000,1.0,44000000.0,484000.0,11.0
8,11913132000000,82342,0.0243375,0.00239378,41.0888,417.75,4000000000,1.0,9575100.0,22920.7,2.0
9,11913101000000,1000,0.016,0.016,62.5,62.5,1000000000,0.8,12800000.0,204800.0,16.0
9,11913102000000,2000,0.024,0.032,41.6667,31.25,1000000000,0.8,25600000.0,819200.0,32.0
9,11913103000000,3000,0.0213333,0.016,46.875,62.5,1000000000,0.8,12800000.0,204800.0,16.0
9,11913104000000,4000,0.024,0.032,41.6667,31.25,1000000000,0.8,25600000.0,819200.0,32.0
9,11913105000000,5000,0.0224,0.016,44.6429,62.5,1000000000,0.8,12800000.0,204800.0,16.0
9,11913106000000,6000,0.024,0.032,41.6667,31.25,1000000000,0.8,25600000.0,819200.0,32.0
9,11913107000000,7000,0.0228571,0.016,43.75,62.5,1000000000,0.8,12800000.0,204800.0,16.0
9,11913108000000,8000,0.024,0.032,41.6667,31.25,1000000000,0.8,25600000.0,819200.0,32.0
9,11913109000000,9000,0.0226667,0.012,44.1176,83.3333,1000000000,0.8,9600000.0,115200.0,12.0
9,11913110000000,13000,0.0249231,0.03,40.1235,33.3333,4000000000,1.0,120000000.0,3600000.0,30.0
9,11913111000000,17000,0.0197647,0.003,50.5952,333.333,4000000000,1.0,12000000.0,36000.0,3.0
9,11913112000000,18000,0.0200556,0.025,49.8615,40.0,1000000000,0.8,20000000.0,500000.0,25.0
9,11913113000000,22000,0.0207273,0.02375,48.2456,42.1053,4000000000,1.0,95000000.0,2256250.0,23.75
9,11913114000000,26000,0.018,0.003,55.5556,333.333,4000000000,1.0,12000000.0,36000.0,3.0
9,11913115000000,30000,0.021,0.0405,47.619,24.6914,4000000000,1.0,162000000.0,6561000.0,40.5
9,11913116000000,34000,0.0403235,0.18525,24.7994,5.39811,4000000000,1.0,741000000.0,137270000.0,185.25
9,11913117000000,38000,0.0379737,0.018,26.334,55.5556,4000000000,1.0,72000000.0,1296000.0,18.0
9,11913118000000,42000,0.0348333,0.005,28.7081,200.0,4000000000,1.0,20000000.0,100000.0,5.0
9,11913119000000,43000,0.0356047,0.068,28.0862,14.7059,1000000000,0.8,54400000.0,3699200.0,68.0
9,11913120000000,44000,0.0357955,0.044,27.9365,22.7273,1000000000,0.8,35200000.0,1548800.0,44.0
9,11913121000000,48000,0.0332292,0.005,30.094,200.0,4000000000,1.0,20000000.0,100000.0,5.0
9,11913122000000,49000,0.0336327,0.053,29.733,18.8679,1000000000,0.8,42400000.0,2247200.0,53.0
9,11913123000000,50000,0.03406,0.055,29.36,18.1818,1000000000,0.8,44000000.0,2420000.0,55.0
9,11913124000000,54000,0.0318333,0.004,31.4136,250.0,4000000000,1.0,16000000.0,64000.0,4.0
9,11913125000000,55000,0.0321273,0.048,31.1262,20.8333,1000000000,0.8,38400000.0,1843200.0,48.0
9,11913126000000,59000,0.0302881,0.005,33.0162,200.0,4000000000,1.0,20000000.0,100000.0,5.0
9,11913127000000,63000,0.0288889,0.00825,34.6154,121.212,4000000000,1.0,33000000.0,272250.0,8.25
9,11913128000000,67000,0.027403,0.004,36.4924,250.0,4000000000,1.0,16000000.0,64000.0,4.0
9,11913129000000,71000,0.0268732,0.018,37.2117,55.5556,4000000000,1.0,72000000.0,1296000.0,18.0
9,11913130000000,75000,0.0260267,0.011,38.4221,90.9091,4000000000,1.0,44000000.0,484000.0,11.0
9,11913131000000,79000,0.0252658,0.011,39.5792,90.9091,4000000000,1.0,44000000.0,484000.0,11.0
9,11913132000000,82342,0.0243375,0.00239378,41.0888,417.75,4000000000,1.0,9575100.0,22920.7,2.0
10,11913101000000,1000,0.016,0.016,62.5,62.5,1000000000,0.8,12800000.0,204800.0,16.0
10,11913102000000,2000,0.024,0.032,41.6667,31.25,1000000000,0.8,25600000.0,819200.0,32.0
10,11913103000000,3000,0.0213333,0.016,46.875,62.5,1000000000,0.8,12800000.0,204800.0,16.0
10,11913104000000,4000,0.024,0.032,41.6667,31.25,1000000000,0.8,25600000.0,819200.0,32.0
10,11913105000000,5000,0.0224,0.016,44.6429,62.5,1000000000,0.8,12800000.0,204800.0,16.0
10,11913106000000,6000,0.024,0.032,41.6667,31.25,1000000000,0.8,25600000.0,819200.0,32.0
10,11913107000000,7000,0.0228571,0.016,43.75,62.5,1000000000,0.8,12800000.0,204800.0,16.0
10,11913108000000,8000,0.024,0.032,41.6667,31.25,1000000000,0.8,25600000.0,819200.0,32.0
10,11913109000000,9000,0.0226667,0.012,44.1176,83.3333,1000000000,0.8,9600000.0,115200.0,12.0
10,11913110000000,13000,0.0249231,0.03,40.1235,33.3333,4000000000,1.0,120000000.0,3600000.0,30.0
10,11913111000000,17000,0.0197647,0.003,50.5952,333.333,4000000000,1.0,12000000.0,36000.0,3.0
10,11913112000000,18000,0.0200556,0.025,49.8615,40.0,1000000000,0.8,20000000.0,500000.0,25.0
10,11913113000000,22000,0.0207273,0.02375,48.2456,42.1053,4000000000,1.0,95000000.0,2256250.0,23.75
10,11913114000000,26000,0.018,0.003,55.5556,333.333,4000000000,1.0,12000000.0,36000.0,3.0
10,11913115000000,30000,0.021,0.0405,47.619,24.6914,4000000000,1.0,162000000.0,6561000.0,40.5
10,11913116000000,34000,0.0403235,0.18525,24.7994,5.39811,4000000000,1.0,741000000.0,137270000.0,185.25
10,11913117000000,38000,0.0379737,0.018,26.334,55.5556,4000000000,1.0,72000000.0,1296000.0,18.0
10,11913118000000,42000,0.0348333,0.005,28.7081,200.0,4000000000,1.0,20000000.0,100000.0,5.0
10,11913119000000,43000,0.0356047,0.068,28.0862,14.7059,1000000000,0.8,54400000.0,3699200.0,68.0
10,11913120000000,44000,0.0357955,0.044,27.9365,22.7273,1000000000,0.8,35200000.0,1548800.0,44.0
10,11913121000000,48000,0.0332292,0.005,30.094,200.0,4000000000,1.0,20000000.0,100000.0,5.0
10,11913122000000,49000,0.0336327,0.053,29.733,18.8679,1000000000,0.8,42400000.0,2247200.0,53.0
10,11913123000000,50000,0.03406,0.055,29.36,18.1818,1000000000,0.8,44000000.0,2420000.0,55.0
10,11913124000000,54000,0.0318333,0.004,31.4136,250.0,4000000000,1.0,16000000.0,64000.0,4.0
10,11913125000000,55000,0.0321273,0.048,31.1262,20.8333,1000000000,0.8,38400000.0,1843200.0,48.0
10,11913126000000,59000,0.0302881,0.005,33.0162,200.0,4000000000,1.0,20000000.0,100000.0,5.0
10,11913127000000,63000,0.0288889,0.00825,34.6154,121.212,4000000000,1.0,33000000.0,272250.0,8.25
10,11913128000000,67000,0.027403,0.004,36.4924,250.0,4000000000,1.0,16000000.0,64000.0,4.0
10,11913129000000,71000,0.0268732,0.018,37.2117,55.5556,4000000000,1.0,72000000.0,1296000.0,18.0
10,11913130000000,75000,0.0260267,0.011,38.4221,90.9091,4000000000,1.0,44000000.0,484000.0,11.0
10,11913131000000,79000,0.0252658,0.011,39.5792,90.9091,4000000000,1.0,44000000.0,484000.0,11.0
10,11913132000000,82342,0.0243375,0.00239378,41.0888,417.75,4000000000,1.0,9575100.0,22920.7,2.0
11,11913101000000,1000,0.016,0.016,62.5,62.5,1000000000,0.8,12800000.0,204800.0,16.0
11,11913102000000,2000,0.024,0.032,41.6667,31.25,1000000000,0.8,25600000.0,819200.0,32.0
11,11913103000000,3000,0.0213333,0.016,46.875,62.5,1000000000,0.8,12800000.0,204800.0,16.0
11,11913104000000,4000,0.024,0.032,41.6667,31.25,1000000000,0.8,25600000.0,819200.0,32.0
11,11913105000000,5000,0.0224,0.016,44.6429,62.5,1000000000,0.8,12800000.0,204800.0,16.0
11,11913106000000,6000,0.024,0.032,41.6667,31.25,1000000000,0.8,25600000.0,819200.0,32.0
11,11913107000000,7000,0.0228571,0.016,43.75,62.5,1000000000,0.8,12800000.0,204800.0,16.0
11,11913108000000,8000,0.024,0.032,41.6667,31.25,1000000000,0.8,25600000.0,819200.0,32.0
11,11913109000000,9000,0.0226667,0.012,44.1176,83.3333,1000000000,0.8,9600000.0,115200.0,12.0
11,11913110000000,13000,0.0249231,0.03,40.1235,33.3333,4000000000,1.0,120000000.0,3600000.0,30.0
11,11913111000000,17000,0.0197647,0.003,50.5952,333.333,4000000000,1.0,12000000.0,36000.0,3.0
11,11913112000000,18000,0.0200556,0.025,49.8615,40.0,1000000000,0.8,20000000.0,500000.0,25.0
11,11913113000000,22000,0.0207273,0.02375,48.2456,42.1053,4000000000,1.0,95000000.0,2256250.0,23.75
11,11913114000000,26000,0.018,0.003,55.5556,333.333,4000000000,1.0,12000000.0,36000.0,3.0
11,11913115000000,30000,0.021,0.0405,47.619,24.6914,4000000000,1.0,162000000.0,6561000.0,40.5
11,11913116000000,34000,0.0403235,0.18525,24.7994,5.39811,4000000000,1.0,741000000.0,137270000.0,185.25
11,11913117000000,38000,0.0379737,0.018,26.334,55.5556,4000000000,1.0,72000000.0,1296000.0,18.0
11,11913118000000,42000,0.0348333,0.005,28.7081,200.0,4000000000,1.0,20000000.0,100000.0,5.0
11,11913119000000,43000,0.0351395,0.048,28.458,20.8333,1000000000,0.8,38400000.0,1843200.0,48.0
11,11913120000000,44000,0.0347955,0.02,28.7394,50.0,1000000000,0.8,16000000.0,320000.0,20.0
11,11913121000000,48000,0.0332292,0.016,30.094,62.5,4000000000,1.0,64000000.0,1024000.0,16.0
11,11913122000000,49000,0.0325714,0.001,30.7018,1000.0,1000000000,0.8,800000.0,800.0,1.0
11,11913123000000,50000,0.03256,0.032,30.7125,31.25,1000000000,0.8,25600000.0,819200.0,32.0
11,11913124000000,54000,0.031537,0.01875,31.7087,53.3333,4000000000,1.0,75000000.0,1406250.0,18.75
11,11913125000000,55000,0.0312545,0.016,31.9953,62.5,1000000000,0.8,12800000.0,204800.0,16.0
11,11913126000000,59000,0.0302881,0.017,33.0162,58.8235,4000000000,1.0,68000000.0,1156000.0,17.0
11,11913127000000,63000,0.0288889,0.00825,34.6154,121.212,4000000000,1.0,33000000.0,272250.0,8.25
11,11913128000000,67000,0.027403,0.004,36.4924,250.0,4000000000,1.0,16000000.0,64000.0,4.0
11,11913129000000,71000,0.0266901,0.01475,37.467,67.7966,4000000000,1.0,59000000.0,870250.0,14.75
11,11913130000000,75000,0.02544,0.00325,39.3082,307.692,4000000000,1.0,13000000.0,42250.0,3.25
11,11913131000000,79000,0.0247089,0.011,40.4713,90.9091,4000000000,1.0,44000000.0,484000.0,11.0
11,11913132000000,83000,0.0240482,0.011,41.5832,90.9091,4000000000,1.0,44000000.0,484000.0,11.0
12,11913101000000,1000,0.032,0.032,31.25,31.25,1000000000,0.8,25600000.0,819200.0,32.0
12,11913102000000,2000,0.024,0.016,41.6667,62.5,1000000000,0.8,12800000.0,204800.0,16.0
12,11913103000000,3000,0.024,0.024,41.6667,41.6667,1000000000,0.8,19200000.0,460800.0,24.0
12,11913104000000,4000,0.0205,0.01,48.7805,100.0,1000000000,0.8,8000000.0,80000.0,10.0
12,11913105000000,5000,0.0192,0.014,52.0833,71.4286,1000000000,0.8,11200000.0,156800.0,14.0
12,11913106000000,6000,0.0213333,0.032,46.875,31.25,1000000000,0.8,25600000.0,819200.0,32.0
12,11913107000000,7000,0.0205714,0.016,48.6111,62.5,1000000000,0.8,12800000.0,204800.0,16.0
12,11913108000000,8000,0.022,0.032,45.4545,31.25,1000000000,0.8,25600000.0,819200.0,32.0
12,11913109000000,9000,0.0208889,0.012,47.8723,83.3333,1000000000,0.8,9600000.0,115200.0,12.0
12,11913110000000,13000,0.0236923,0.03,42.2078,33.3333,4000000000,1.0,120000000.0,3600000.0,30.0
12,11913111000000,17000,0.0188235,0.003,53.125,333.333,4000000000,1.0,12000000.0,36000.0,3.0
12,11913112000000,18000,0.0244444,0.12,40.9091,8.33333,1000000000,0.8,96000000.0,11520000.0,120.0
12,11913113000000,22000,0.0205455,0.003,48.6726,333.333,4000000000,1.0,12000000.0,36000.0,3.0
12,11913114000000,26000,0.0236154,0.0405,42.3453,24.6914,4000000000,1.0,162000000.0,6561000.0,40.5
12,11913115000000,30000,0.0450667,0.1845,22.1893,5.42005,4000000000,1.0,738000000.0,136161000.0,184.5
12,11913116000000,34000,0.0420882,0.01975,23.7596,50.6329,4000000000,1.0,79000000.0,1560250.0,19.75
12,11913117000000,38000,0.0379737,0.003,26.334,333.333,4000000000,1.0,12000000.0,36000.0,3.0
12,11913118000000,42000,0.0344524,0.001,29.0256,1000.0,4000000000,1.0,4000000.0,4000.0,1.0
12,11913119000000,43000,0.036186,0.109,27.635,9.17431,1000000000,0.8,87200000.0,9504800.0,109.0
12,11913120000000,44000,0.0359091,0.024,27.8481,41.6667,1000000000,0.8,19200000.0,460800.0,24.0
12,11913121000000,48000,0.034,0.013,29.4118,76.9231,4000000000,1.0,52000000.0,676000.0,13.0
12,11913122000000,49000,0.0348367,0.075,28.7053,13.3333,1000000000,0.8,60000000.0,4500000.0,75.0
12,11913123000000,50000,0.03504,0.045,28.5388,22.2222,1000000000,0.8,36000000.0,1620000.0,45.0
12,11913124000000,54000,0.033537,0.01475,29.8178,67.7966,4000000000,1.0,59000000.0,870250.0,14.75
12,11913125000000,55000,0.0339636,0.057,29.4433,17.5439,1000000000,0.8,45600000.0,2599200.0,57.0
12,11913126000000,59000,0.0318475,0.00275,31.3997,363.636,4000000000,1.0,11000000.0,30250.0,2.75
12,11913127000000,63000,0.0300794,0.004,33.2454,250.0,4000000000,1.0,16000000.0,64000.0,4.0
12,11913128000000,67000,0.0290448,0.01275,34.4296,78.4314,4000000000,1.0,51000000.0,650250.0,12.75
12,11913129000000,68336,0.0290915,0.0314371,34.3742,31.8095,4000000000,1.0,125749000.0,3953170.0,10.5
12,11913130000000,68336,0.0290915,,34.3742,0.0,4000000000,1.0,,,0.0
12,11913131000000,68336,0.0290915,,34.3742,0.0,4000000000,1.0,,,0.0
12,11913132000000,68336,0.0290915,,34.3742,0.0,4000000000,1.0,,,0.0
13,11913101000000,1000,0.032,0.032,31.25,31.25,1000000000,0.8,25600000.0,819200.0,32.0
13,11913102000000,2000,0.024,0.016,41.6667,62.5,1000000000,0.8,12800000.0,204800.0,16.0
13,11913103000000,3000,0.024,0.024,41.6667,41.6667,1000000000,0.8,19200000.0,460800.0,24.0
13,11913104000000,4000,0.0205,0.01,48.7805,100.0,1000000000,0.8,8000000.0,80000.0,10.0
13,11913105000000,5000,0.0192,0.014,52.0833,71.4286,1000000000,0.8,11200000.0,156800.0,14.0
13,11913106000000,6000,0.0213333,0.032,46.875,31.25,1000000000,0.8,25600000.0,819200.0,32.0
13,11913107000000,7000,0.0205714,0.016,48.6111,62.5,1000000000,0.8,12800000.0,204800.0,16.0
13,11913108000000,8000,0.022,0.032,45.4545,31.25,1000000000,0.8,25600000.0,819200.0,32.0
13,11913109000000,9000,0.0208889,0.012,47.8723,83.3333,1000000000,0.8,9600000.0,115200.0,12.0
13,11913110000000,13000,0.0236923,0.03,42.2078,33.3333,4000000000,1.0,120000000.0,3600000.0,30.0
13,11913111000000,17000,0.0188235,0.003,53.125,333.333,4000000000,1.0,12000000.0,36000.0,3.0
13,11913112000000,18000,0.0244444,0.12,40.9091,8.33333,1000000000,0.8,96000000.0,11520000.0,120.0
13,11913113000000,22000,0.0205455,0.003,48.6726,333.333,4000000000,1.0,12000000.0,36000.0,3.0
13,11913114000000,26000,0.0236154,0.0405,42.3453,24.6914,4000000000,1.0,162000000.0,6561000.0,40.5
13,11913115000000,30000,0.0450667,0.1845,22.1893,5.42005,4000000000,1.0,738000000.0,136161000.0,184.5
13,11913116000000,34000,0.0420882,0.01975,23.7596,50.6329,4000000000,1.0,79000000.0,1560250.0,19.75
13,11913117000000,38000,0.0379737,0.003,26.334,333.333,4000000000,1.0,12000000.0,36000.0,3.0
13,11913118000000,42000,0.0344524,0.001,29.0256,1000.0,4000000000,1.0,4000000.0,4000.0,1.0
13,11913119000000,43000,0.036186,0.109,27.635,9.17431,1000000000,0.8,87200000.0,9504800.0,109.0
13,11913120000000,44000,0.0359091,0.024,27.8481,41.6667,1000000000,0.8,19200000.0,460800.0,24.0
13,11913121000000,48000,0.034,0.013,29.4118,76.9231,4000000000,1.0,52000000.0,676000.0,13.0
13,11913122000000,49000,0.0348367,0.075,28.7053,13.3333,1000000000,0.8,60000000.0,4500000.0,75.0
13,11913123000000,50000,0.03504,0.045,28.5388,22.2222,1000000000,0.8,36000000.0,1620000.0,45.0
13,11913124000000,54000,0.033537,0.01475,29.8178,67.7966,4000000000,1.0,59000000.0,870250.0,14.75
13,11913125000000,55000,0.0339636,0.057,29.4433,17.5439,1000000000,0.8,45600000.0,2599200.0,57.0
13,11913126000000,59000,0.0318475,0.00275,31.3997,363.636,4000000000,1.0,11000000.0,30250.0,2.75
13,11913127000000,63000,0.0300794,0.004,33.2454,250.0,4000000000,1.0,16000000.0,64000.0,4.0
13,11913128000000,67000,0.0290448,0.01275,34.4296,78.4314,4000000000,1.0,51000000.0,650250.0,12.75
13,11913129000000,68336,0.0290915,0.0314371,34.3742,31.8095,4000000000,1.0,125749000.0,3953170.0,10.5
13,11913130000000,68336,0.0290915,,34.3742,0.0,4000000000,1.0,,,0.0
13,11913131000000,68336,0.0290915,,34.3742,0.0,4000000000,1.0,,,0.0
13,11913132000000,68336,0.0290915,,34.3742,0.0,4000000000,1.0,,,0.0
14,11913101000000,1000,0.032,0.032,31.25,31.25,1000000000,0.8,25600000.0,819200.0,32.0
14,11913102000000,2000,0.024,0.016,41.6667,62.5,1000000000,0.8,12800000.0,204800.0,16.0
14,11913103000000,3000,0.024,0.024,41.6667,41.6667,1000000000,0.8,19200000.0,460800.0,24.0
14,11913104000000,4000,0.0205,0.01,48.7805,100.0,1000000000,0.8,8000000.0,80000.0,10.0
14,11913105000000,5000,0.0192,0.014,52.0833,71.4286,1000000000,0.8,11200000.0,156800.0,14.0
14,11913106000000,6000,0.0213333,0.032,46.875,31.25,1000000000,0.8,25600000.0,819200.0,32.0
14,11913107000000,7000,0.0205714,0.016,48.6111,62.5,1000000000,0.8,12800000.0,204800.0,16.0
14,11913108000000,8000,0.022,0.032,45.4545,31.25,1000000000,0.8,25600000.0,819200.0,32.0
14,11913109000000,9000,0.0208889,0.012,47.8723,83.3333,1000000000,0.8,9600000.0,115200.0,12.0
14,11913110000000,13000,0.0236923,0.03,42.2078,33.3333,4000000000,1.0,120000000.0,3600000.0,30.0
14,11913111000000,17000,0.0188235,0.003,53.125,333.333,4000000000,1.0,12000000.0,36000.0,3.0
14,11913112000000,18000,0.0244444,0.12,40.9091,8.33333,1000000000,0.8,96000000.0,11520000.0,120.0
14,11913113000000,22000,0.0205455,0.003,48.6726,333.333,4000000000,1.0,12000000.0,36000.0,3.0
14,11913114000000,26000,0.0236154,0.0405,42.3453,24.6914,4000000000,1.0,162000000.0,6561000.0,40.5
14,11913115000000,30000,0.0450667,0.1845,22.1893,5.42005,4000000000,1.0,738000000.0,136161000.0,184.5
14,11913116000000,34000,0.0420882,0.01975,23.7596,50.6329,4000000000,1.0,79000000.0,1560250.0,19.75
14,11913117000000,38000,0.0379737,0.003,26.334,333.333,4000000000,1.0,12000000.0,36000.0,3.0
14,11913118000000,42000,0.0344524,0.001,29.0256,1000.0,4000000000,1.0,4000000.0,4000.0,1.0
14,11913119000000,43000,0.036186,0.109,27.635,9.17431,1000000000,0.8,87200000.0,9504800.0,109.0
14,11913120000000,44000,0.0359091,0.024,27.8481,41.6667,1000000000,0.8,19200000.0,460800.0,24.0
14,11913121000000,48000,0.034,0.013,29.4118,76.9231,4000000000,1.0,52000000.0,676000.0,13.0
14,11913122000000,49000,0.0348367,0.075,28.7053,13.3333,1000000000,0.8,60000000.0,4500000.0,75.0
14,11913123000000,50000,0.03504,0.045,28.5388,22.2222,1000000000,0.8,36000000.0,1620000.0,45.0
14,11913124000000,54000,0.033537,0.01475,29.8178,67.7966,4000000000,1.0,59000000.0,870250.0,14.75
14,11913125000000,55000,0.0339636,0.057,29.4433,17.5439,1000000000,0.8,45600000.0,2599200.0,57.0
14,11913126000000,59000,0.0318475,0.00275,31.3997,363.636,4000000000,1.0,11000000.0,30250.0,2.75
14,11913127000000,63000,0.0300794,0.004,33.2454,250.0,4000000000,1.0,16000000.0,64000.0,4.0
14,11913128000000,67000,0.0290448,0.01275,34.4296,78.4314,4000000000,1.0,51000000.0,650250.0,12.75
14,11913129000000,68336,0.0290915,0.0314371,34.3742,31.8095,4000000000,1.0,125749000.0,3953170.0,10.5
14,11913130000000,68336,0.0290915,,34.3742,0.0,4000000000,1.0,,,0.0
14,11913131000000,68336,0.0290915,,34.3742,0.0,4000000000,1.0,,,0.0
14,11913132000000,68336,0.0290915,,34.3742,0.0,4000000000,1.0,,,0.0
15,11913101000000,1000,0.032,0.032,31.25,31.25,1000000000,0.8,25600000.0,819200.0,32.0
15,11913102000000,2000,0.024,0.016,41.6667,62.5,1000000000,0.8,12800000.0,204800.0,16.0
15,11913103000000,3000,0.024,0.024,41.6667,41.6667,1000000000,0.8,19200000.0,460800.0,24.0
15,11913104000000,4000,0.0205,0.01,48.7805,100.0,1000000000,0.8,8000000.0,80000.0,10.0
15,11913105000000,5000,0.0192,0.014,52.0833,71.4286,1000000000,0.8,11200000.0,156800.0,14.0
15,11913106000000,6000,0.0213333,0.032,46.875,31.25,1000000000,0.8,25600000.0,819200.0,32.0
15,11913107000000,7000,0.0205714,0.016,48.6111,62.5,1000000000,0.8,12800000.0,204800.0,16.0
15,11913108000000,8000,0.022,0.032,45.4545,31.25,1000000000,0.8,25600000.0,819200.0,32.0
15,11913109000000,9000,0.0208889,0.012,47.8723,83.3333,1000000000,0.8,9600000.0,115200.0,12.0
15,11913110000000,13000,0.0236923,0.03,42.2078,33.3333,4000000000,1.0,120000000.0,3600000.0,30.0
15,11913111000000,17000,0.0188235,0.003,53.125,333.333,4000000000,1.0,12000000.0,36000.0,3.0
15,11913112000000,18000,0.0244444,0.12,40.9091,8.33333,1000000000,0.8,96000000.0,11520000.0,120.0
15,11913113000000,22000,0.0205455,0.003,48.6726,333.333,4000000000,1.0,12000000.0,36000.0,3.0
15,11913114000000,26000,0.0236154,0.0405,42.3453,24.6914,4000000000,1.0,162000000.0,6561000.0,40.5
15,11913115000000,30000,0.0450667,0.1845,22.1893,5.42005,4000000000,1.0,738000000.0,136161000.0,184.5
15,11913116000000,34000,0.0420882,0.01975,23.7596,50.6329,4000000000,1.0,79000000.0,1560250.0,19.75
15,11913117000000,38000,0.0378947,0.00225,26.3889,444.444,4000000000,1.0,9000000.0,20250.0,2.25
15,11913118000000,42000,0.0344524,0.00175,29.0256,571.429,4000000000,1.0,7000000.0,12250.0,1.75
15,11913119000000,43000,0.0353488,0.073,28.2895,13.6986,1000000000,0.8,58400000.0,4263200.0,73.0
15,11913120000000,44000,0.0360909,0.068,27.7078,14.7059,1000000000,0.8,54400000.0,3699200.0,68.0
15,11913121000000,48000,0.0335833,0.006,29.7767,166.667,4000000000,1.0,24000000.0,144000.0,6.0
15,11913122000000,49000,0.0344286,0.075,29.0456,13.3333,1000000000,0.8,60000000.0,4500000.0,75.0
15,11913123000000,50000,0.03414,0.02,29.2912,50.0,1000000000,0.8,16000000.0,320000.0,20.0
15,11913124000000,54000,0.0328148,0.01625,30.474,61.5385,4000000000,1.0,65000000.0,1056250.0,16.25
15,11913125000000,55000,0.0329273,0.039,30.37,25.641,1000000000,0.8,31200000.0,1216800.0,39.0
15,11913126000000,59000,0.0318475,0.017,31.3997,58.8235,4000000000,1.0,68000000.0,1156000.0,17.0
15,11913127000000,63000,0.0298254,0.0,33.5285,0.0,4000000000,1.0,0.0,0.0,0.0
15,11913128000000,67000,0.0282836,0.004,35.3562,250.0,4000000000,1.0,16000000.0,64000.0,4.0
15,11913129000000,71000,0.0273239,0.01125,36.5979,88.8889,4000000000,1.0,45000000.0,506250.0,11.25
15,11913130000000,75000,0.0264,0.01,37.8788,100.0,4000000000,1.0,40000000.0,400000.0,10.0
15,11913131000000,76510,0.0259835,0.00529801,38.4859,188.75,4000000000,1.0,21192100.0,112276.0,2.0
15,11913132000000,76510,0.0259835,,38.4859,0.0,4000000000,1.0,,,0.0
16,11913101000000,1000,0.016,0.016,62.5,62.5,1000000000,0.8,12800000.0,204800.0,16.0
16,11913102000000,2000,0.024,0.032,41.6667,31.25,1000000000,0.8,25600000.0,819200.0,32.0
16,11913103000000,3000,0.0213333,0.016,46.875,62.5,1000000000,0.8,12800000.0,204800.0,16.0
16,11913104000000,4000,0.024,0.032,41.6667,31.25,1000000000,0.8,25600000.0,819200.0,32.0
16,11913105000000,5000,0.0224,0.016,44.6429,62.5,1000000000,0.8,12800000.0,204800.0,16.0
16,11913106000000,6000,0.024,0.032,41.6667,31.25,1000000000,0.8,25600000.0,819200.0,32.0
16,11913107000000,7000,0.0228571,0.016,43.75,62.5,1000000000,0.8,12800000.0,204800.0,16.0
16,11913108000000,8000,0.024,0.032,41.6667,31.25,1000000000,0.8,25600000.0,819200.0,32.0
16,11913109000000,9000,0.0226667,0.012,44.1176,83.3333,1000000000,0.8,9600000.0,115200.0,12.0
16,11913110000000,13000,0.0236154,0.02575,42.3453,38.835,4000000000,1.0,103000000.0,2652250.0,25.75
16,11913111000000,17000,0.0197647,0.00725,50.5952,137.931,4000000000,1.0,29000000.0,210250.0,7.25
16,11913112000000,18000,0.0186667,0.0,53.5714,0.0,1000000000,0.8,0.0,0.0,0.0
16,11913113000000,22000,0.0207273,0.03,48.2456,33.3333,4000000000,1.0,120000000.0,3600000.0,30.0
16,11913114000000,26000,0.018,0.003,55.5556,333.333,4000000000,1.0,12000000.0,36000.0,3.0
16,11913115000000,30000,0.021,0.0405,47.619,24.6914,4000000000,1.0,162000000.0,6561000.0,40.5
16,11913116000000,34000,0.0403235,0.18525,24.7994,5.39811,4000000000,1.0,741000000.0,137270000.0,185.25
16,11913117000000,38000,0.0379737,0.018,26.334,55.5556,4000000000,1.0,72000000.0,1296000.0,18.0
16,11913118000000,42000,0.0348333,0.005,28.7081,200.0,4000000000,1.0,20000000.0,100000.0,5.0
16,11913119000000,43000,0.0340698,0.002,29.3515,500.0,1000000000,0.8,1600000.0,3200.0,2.0
16,11913120000000,44000,0.0347955,0.066,28.7394,15.1515,1000000000,0.8,52800000.0,3484800.0,66.0
16,11913121000000,48000,0.0328125,0.011,30.4762,90.9091,4000000000,1.0,44000000.0,484000.0,11.0
16,11913122000000,49000,0.0321429,0.0,31.1111,0.0,1000000000,0.8,0.0,0.0,0.0
16,11913123000000,50000,0.03256,0.053,30.7125,18.8679,1000000000,0.8,42400000.0,2247200.0,53.0
16,11913124000000,54000,0.0305185,0.005,32.767,200.0,4000000000,1.0,20000000.0,100000.0,5.0
16,11913125000000,55000,0.0312545,0.071,31.9953,14.0845,1000000000,0.8,56800000.0,4032800.0,71.0
16,11913126000000,59000,0.0299492,0.012,33.3899,83.3333,4000000000,1.0,48000000.0,576000.0,12.0
16,11913127000000,63000,0.0288889,0.01325,34.6154,75.4717,4000000000,1.0,53000000.0,702250.0,13.25
16,11913128000000,67000,0.027403,0.004,36.4924,250.0,4000000000,1.0,16000000.0,64000.0,4.0
16,11913129000000,71000,0.0266901,0.01475,37.467,67.7966,4000000000,1.0,59000000.0,870250.0,14.75
16,11913130000000,75000,0.02544,0.00325,39.3082,307.692,4000000000,1.0,13000000.0,42250.0,3.25
16,11913131000000,79000,0.0247089,0.011,40.4713,90.9091,4000000000,1.0,44000000.0,484000.0,11.0
16,11913132000000,83000,0.0240482,0.011,41.5832,90.9091,4000000000,1.0,44000000.0,484000.0,11.0
17,11913101000000,1000,0.016,0.016,62.5,62.5,1000000000,0.8,12800000.0,204800.0,16.0
17,11913102000000,2000,0.024,0.032,41.6667,31.25,1000000000,0.8,25600000.0,819200.0,32.0
17,11913103000000,3000,0.0213333,0.016,46.875,62.5,1000000000,0.8,12800000.0,204800.0,16.0
17,11913104000000,4000,0.024,0.032,41.6667,31.25,1000000000,0.8,25600000.0,819200.0,32.0
17,11913105000000,5000,0.0224,0.016,44.6429,62.5,1000000000,0.8,12800000.0,204800.0,16.0
17,11913106000000,6000,0.024,0.032,41.6667,31.25,1000000000,0.8,25600000.0,819200.0,32.0
17,11913107000000,7000,0.0228571,0.016,43.75,62.5,1000000000,0.8,12800000.0,204800.0,16.0
17,11913108000000,8000,0.024,0.032,41.6667,31.25,1000000000,0.8,25600000.0,819200.0,32.0
17,11913109000000,9000,0.0226667,0.012,44.1176,83.3333,1000000000,0.8,9600000.0,115200.0,12.0
17,11913110000000,13000,0.0236154,0.02575,42.3453,38.835,4000000000,1.0,103000000.0,2652250.0,25.75
17,11913111000000,17000,0.0197647,0.00725,50.5952,137.931,4000000000,1.0,29000000.0,210250.0,7.25
17,11913112000000,18000,0.0186667,0.0,53.5714,0.0,1000000000,0.8,0.0,0.0,0.0
17,11913113000000,22000,0.0207273,0.03,48.2456,33.3333,4000000000,1.0,120000000.0,3600000.0,30.0
17,11913114000000,26000,0.018,0.003,55.5556,333.333,4000000000,1.0,12000000.0,36000.0,3.0
17,11913115000000,30000,0.021,0.0405,47.619,24.6914,4000000000,1.0,162000000.0,6561000.0,40.5
17,11913116000000,34000,0.0403235,0.18525,24.7994,5.39811,4000000000,1.0,741000000.0,137270000.0,185.25
17,11913117000000,38000,0.0379737,0.018,26.334,55.5556,4000000000,1.0,72000000.0,1296000.0,18.0
17,11913118000000,42000,0.0348333,0.005,28.7081,200.0,4000000000,1.0,20000000.0,100000.0,5.0
17,11913119000000,43000,0.0340698,0.002,29.3515,500.0,1000000000,0.8,1600000.0,3200.0,2.0
17,11913120000000,44000,0.0347955,0.066,28.7394,15.1515,1000000000,0.8,52800000.0,3484800.0,66.0
17,11913121000000,48000,0.0328125,0.011,30.4762,90.9091,4000000000,1.0,44000000.0,484000.0,11.0
17,11913122000000,49000,0.0321429,0.0,31.1111,0.0,1000000000,0.8,0.0,0.0,0.0
17,11913123000000,50000,0.03256,0.053,30.7125,18.8679,1000000000,0.8,42400000.0,2247200.0,53.0
17,11913124000000,54000,0.0305185,0.005,32.767,200.0,4000000000,1.0,20000000.0,100000.0,5.0
17,11913125000000,55000,0.0312545,0.071,31.9953,14.0845,1000000000,0.8,56800000.0,4032800.0,71.0
17,11913126000000,59000,0.0299492,0.012,33.3899,83.3333,4000000000,1.0,48000000.0,576000.0,12.0
17,11913127000000,63000,0.0288889,0.01325,34.6154,75.4717,4000000000,1.0,53000000.0,702250.0,13.25
17,11913128000000,67000,0.027403,0.004,36.4924,250.0,4000000000,1.0,16000000.0,64000.0,4.0
17,11913129000000,71000,0.0266901,0.01475,37.467,67.7966,4000000000,1.0,59000000.0,870250.0,14.75
17,11913130000000,75000,0.02544,0.00325,39.3082,307.692,4000000000,1.0,13000000.0,42250.0,3.25
17,11913131000000,79000,0.0247089,0.011,40.4713,90.9091,4000000000,1.0,44000000.0,484000.0,11.0
17,11913132000000,83000,0.0240482,0.011,41.5832,90.9091,4000000000,1.0,44000000.0,484000.0,11.0
18,11913101000000,1000,0.016,0.016,62.5,62.5,1000000000,0.8,12800000.0,204800.0,16.0
18,11913102000000,2000,0.024,0.032,41.6667,31.25,1000000000,0.8,25600000.0,819200.0,32.0
18,11913103000000,3000,0.0213333,0.016,46.875,62.5,1000000000,0.8,12800000.0,204800.0,16.0
18,11913104000000,4000,0.024,0.032,41.6667,31.25,1000000000,0.8,25600000.0,819200.0,32.0
18,11913105000000,5000,0.0224,0.016,44.6429,62.5,1000000000,0.8,12800000.0,204800.0,16.0
18,11913106000000,6000,0.024,0.032,41.6667,31.25,1000000000,0.8,25600000.0,819200.0,32.0
18,11913107000000,7000,0.0228571,0.016,43.75,62.5,1000000000,0.8,12800000.0,204800.0,16.0
18,11913108000000,8000,0.024,0.032,41.6667,31.25,1000000000,0.8,25600000.0,819200.0,32.0
18,11913109000000,9000,0.0226667,0.012,44.1176,83.3333,1000000000,0.8,9600000.0,115200.0,12.0
18,11913110000000,13000,0.0236154,0.02575,42.3453,38.835,4000000000,1.0,103000000.0,2652250.0,25.75
18,11913111000000,17000,0.0197647,0.00725,50.5952,137.931,4000000000,1.0,29000000.0,210250.0,7.25
18,11913112000000,18000,0.0186667,0.0,53.5714,0.0,1000000000,0.8,0.0,0.0,0.0
18,11913113000000,22000,0.0207273,0.03,48.2456,33.3333,4000000000,1.0,120000000.0,3600000.0,30.0
18,11913114000000,26000,0.018,0.003,55.5556,333.333,4000000000,1.0,12000000.0,36000.0,3.0
18,11913115000000,30000,0.021,0.0405,47.619,24.6914,4000000000,1.0,162000000.0,6561000.0,40.5
18,11913116000000,34000,0.0403235,0.18525,24.7994,5.39811,4000000000,1.0,741000000.0,137270000.0,185.25
18,11913117000000,38000,0.0379737,0.018,26.334,55.5556,4000000000,1.0,72000000.0,1296000.0,18.0
18,11913118000000,42000,0.0348333,0.005,28.7081,200.0,4000000000,1.0,20000000.0,100000.0,5.0
18,11913119000000,43000,0.0340698,0.002,29.3515,500.0,1000000000,0.8,1600000.0,3200.0,2.0
18,11913120000000,44000,0.0347955,0.066,28.7394,15.1515,1000000000,0.8,52800000.0,3484800.0,66.0
18,11913121000000,48000,0.0328125,0.011,30.4762,90.9091,4000000000,1.0,44000000.0,484000.0,11.0
18,11913122000000,49000,0.0321429,0.0,31.1111,0.0,1000000000,0.8,0.0,0.0,0.0
18,11913123000000,50000,0.03256,0.053,30.7125,18.8679,1000000000,0.8,42400000.0,2247200.0,53.0
18,11913124000000,54000,0.0305185,0.005,32.767,200.0,4000000000,1.0,20000000.0,100000.0,5.0
18,11913125000000,55000,0.0312545,0.071,31.9953,14.0845,1000000000,0.8,56800000.0,4032800.0,71.0
18,11913126000000,59000,0.0299492,0.012,33.3899,83.3333,4000000000,1.0,48000000.0,576000.0,12.0
18,11913127000000,63000,0.0288889,0.01325,34.6154,75.4717,4000000000,1.0,53000000.0,702250.0,13.25
18,11913128000000,67000,0.027403,0.004,36.4924,250.0,4000000000,1.0,16000000.0,64000.0,4.0
18,11913129000000,71000,0.0266901,0.01475,37.467,67.7966,4000000000,1.0,59000000.0,870250.0,14.75
18,11913130000000,75000,0.02544,0.00325,39.3082,307.692,4000000000,1.0,13000000.0,42250.0,3.25
18,11913131000000,79000,0.0247089,0.011,40.4713,90.9091,4000000000,1.0,44000000.0,484000.0,11.0
18,11913132000000,83000,0.0240482,0.011,41.5832,90.9091,4000000000,1.0,44000000.0,484000.0,11.0
19,11913101000000,1000,0.016,0.016,62.5,62.5,1000000000,0.8,12800000.0,204800.0,16.0
19,11913102000000,2000,0.024,0.032,41.6667,31.25,1000000000,0.8,25600000.0,819200.0,32.0
19,11913103000000,3000,0.0213333,0.016,46.875,62.5,1000000000,0.8,12800000.0,204800.0,16.0
19,11913104000000,4000,0.024,0.032,41.6667,31.25,1000000000,0.8,25600000.0,819200.0,32.0
19,11913105000000,5000,0.0224,0.016,44.6429,62.5,1000000000,0.8,12800000.0,204800.0,16.0
19,11913106000000,6000,0.024,0.032,41.6667,31.25,1000000000,0.8,25600000.0,819200.0,32.0
19,11913107000000,7000,0.0228571,0.016,43.75,62.5,1000000000,0.8,12800000.0,204800.0,16.0
19,11913108000000,8000,0.024,0.032,41.6667,31.25,1000000000,0.8,25600000.0,819200.0,32.0
19,11913109000000,9000,0.0226667,0.012,44.1176,83.3333,1000000000,0.8,9600000.0,115200.0,12.0
19,11913110000000,13000,0.0236154,0.02575,42.3453,38.835,4000000000,1.0,103000000.0,2652250.0,25.75
19,11913111000000,17000,0.0197647,0.00725,50.5952,137.931,4000000000,1.0,29000000.0,210250.0,7.25
19,11913112000000,18000,0.0186667,0.0,53.5714,0.0,1000000000,0.8,0.0,0.0,0.0
19,11913113000000,22000,0.0207273,0.03,48.2456,33.3333,4000000000,1.0,120000000.0,3600000.0,30.0
19,11913114000000,26000,0.018,0.003,55.5556,333.333,4000000000,1.0,12000000.0,36000.0,3.0
19,11913115000000,30000,0.021,0.0405,47.619,24.6914,4000000000,1.0,162000000.0,6561000.0,40.5
19,11913116000000,34000,0.0403235,0.18525,24.7994,5.39811,4000000000,1.0,741000000.0,137270000.0,185.25
19,11913117000000,38000,0.0379737,0.018,26.334,55.5556,4000000000,1.0,72000000.0,1296000.0,18.0
19,11913118000000,42000,0.0348333,0.005,28.7081,200.0,4000000000,1.0,20000000.0,100000.0,5.0
19,11913119000000,43000,0.0351395,0.048,28.458,20.8333,1000000000,0.8,38400000.0,1843200.0,48.0
19,11913120000000,44000,0.0346364,0.013,28.8714,76.9231,1000000000,0.8,10400000.0,135200.0,13.0
19,11913121000000,48000,0.0318958,0.00175,31.3521,571.429,4000000000,1.0,7000000.0,12250.0,1.75
19,11913122000000,49000,0.0321429,0.044,31.1111,22.7273,1000000000,0.8,35200000.0,1548800.0,44.0
19,11913123000000,50000,0.03256,0.053,30.7125,18.8679,1000000000,0.8,42400000.0,2247200.0,53.0
19,11913124000000,54000,0.0305185,0.005,32.767,200.0,4000000000,1.0,20000000.0,100000.0,5.0
19,11913125000000,55000,0.0312545,0.071,31.9953,14.0845,1000000000,0.8,56800000.0,4032800.0,71.0
19,11913126000000,59000,0.0299492,0.012,33.3899,83.3333,4000000000,1.0,48000000.0,576000.0,12.0
19,11913127000000,63000,0.0288889,0.01325,34.6154,75.4717,4000000000,1.0,53000000.0,702250.0,13.25
19,11913128000000,67000,0.027403,0.004,36.4924,250.0,4000000000,1.0,16000000.0,64000.0,4.0
19,11913129000000,71000,0.0266901,0.01475,37.467,67.7966,4000000000,1.0,59000000.0,870250.0,14.75
19,11913130000000,75000,0.02544,0.00325,39.3082,307.692,4000000000,1.0,13000000.0,42250.0,3.25
19,11913131000000,79000,0.0247089,0.011,40.4713,90.9091,4000000000,1.0,44000000.0,484000.0,11.0
19,11913132000000,83000,0.0240482,0.011,41.5832,90.9091,4000000000,1.0,44000000.0,484000.0,11.0
20,11913101000000,1000,0.016,0.016,62.5,62.5,1000000000,0.8,12800000.0,204800.0,16.0
20,11913102000000,2000,0.024,0.032,41.6667,31.25,1000000000,0.8,25600000.0,819200.0,32.0
20,11913103000000,3000,0.0213333,0.016,46.875,62.5,1000000000,0.8,12800000.0,204800.0,16.0
20,11913104000000,4000,0.024,0.032,41.6667,31.25,1000000000,0.8,25600000.0,819200.0,32.0
20,11913105000000,5000,0.0224,0.016,44.6429,62.5,1000000000,0.8,12800000.0,204800.0,16.0
20,11913106000000,6000,0.024,0.032,41.6667,31.25,1000000000,0.8,25600000.0,819200.0,32.0
20,11913107000000,7000,0.0228571,0.016,43.75,62.5,1000000000,0.8,12800000.0,204800.0,16.0
20,11913108000000,8000,0.024,0.032,41.6667,31.25,1000000000,0.8,25600000.0,819200.0,32.0
20,11913109000000,9000,0.0226667,0.012,44.1176,83.3333,1000000000,0.8,9600000.0,115200.0,12.0
20,11913110000000,13000,0.0249231,0.03,40.1235,33.3333,4000000000,1.0,120000000.0,3600000.0,30.0
20,11913111000000,17000,0.0197647,0.003,50.5952,333.333,4000000000,1.0,12000000.0,36000.0,3.0
20,11913112000000,18000,0.0253333,0.12,39.4737,8.33333,1000000000,0.8,96000000.0,11520000.0,120.0
20,11913113000000,22000,0.0212727,0.003,47.0085,333.333,4000000000,1.0,12000000.0,36000.0,3.0
20,11913114000000,26000,0.0242308,0.0405,41.2698,24.6914,4000000000,1.0,162000000.0,6561000.0,40.5
20,11913115000000,30000,0.0362,0.114,27.6243,8.77193,4000000000,1.0,456000000.0,51984000.0,114.0
20,11913116000000,34000,0.0402353,0.0705,24.8538,14.1844,4000000000,1.0,282000000.0,19881000.0,70.5
20,11913117000000,38000,0.0380789,0.01975,26.2612,50.6329,4000000000,1.0,79000000.0,1560250.0,19.75
20,11913118000000,42000,0.0348333,0.004,28.7081,250.0,4000000000,1.0,16000000.0,64000.0,4.0
20,11913119000000,43000,0.0357209,0.073,27.9948,13.6986,1000000000,0.8,58400000.0,4263200.0,73.0
20,11913120000000,44000,0.0364545,0.068,27.4314,14.7059,1000000000,0.8,54400000.0,3699200.0,68.0
20,11913121000000,48000,0.0339167,0.006,29.484,166.667,4000000000,1.0,24000000.0,144000.0,6.0
20,11913122000000,49000,0.0336327,0.02,29.733,50.0,1000000000,0.8,16000000.0,320000.0,20.0
20,11913123000000,50000,0.03446,0.075,29.0192,13.3333,1000000000,0.8,60000000.0,4500000.0,75.0
20,11913124000000,54000,0.0327407,0.01125,30.543,88.8889,4000000000,1.0,45000000.0,506250.0,11.25
20,11913125000000,55000,0.0331636,0.056,30.1535,17.8571,1000000000,0.8,44800000.0,2508800.0,56.0
20,11913126000000,59000,0.0309661,0.00075,32.2934,1333.33,4000000000,1.0,3000000.0,2250.0,0.75
20,11913127000000,63000,0.0300794,0.017,33.2454,58.8235,4000000000,1.0,68000000.0,1156000.0,17.0
20,11913128000000,67000,0.0285224,0.004,35.0602,250.0,4000000000,1.0,16000000.0,64000.0,4.0
20,11913129000000,71000,0.0275493,0.01125,36.2986,88.8889,4000000000,1.0,45000000.0,506250.0,11.25
20,11913130000000,75000,0.0266133,0.01,37.5752,100.0,4000000000,1.0,40000000.0,400000.0,10.0
20,11913131000000,76738,0.0261148,0.00460299,38.2924,217.25,4000000000,1.0,18412000.0,84750.1,2.0
20,11913132000000,76738,0.0261148,,38.2924,0.0,4000000000,1.0,,,0.0
21,11913101000000,1000,0.016,0.016,62.5,62.5,1000000000,0.8,12800000.0,204800.0,16.0
21,11913102000000,2000,0.024,0.032,41.6667,31.25,1000000000,0.8,25600000.0,819200.0,32.0
21,11913103000000,3000,0.0213333,0.016,46.875,62.5,1000000000,0.8,12800000.0,204800.0,16.0
21,11913104000000,4000,0.024,0.032,41.6667,31.25,1000000000,0.8,25600000.0,819200.0,32.0
21,11913105000000,5000,0.0224,0.016,44.6429,62.5,1000000000,0.8,12800000.0,204800.0,16.0
21,11913106000000,6000,0.024,0.032,41.6667,31.25,1000000000,0.8,25600000.0,819200.0,32.0
21,11913107000000,7000,0.0228571,0.016,43.75,62.5,1000000000,0.8,12800000.0,204800.0,16.0
21,11913108000000,8000,0.024,0.032,41.6667,31.25,1000000000,0.8,25600000.0,819200.0,32.0
21,11913109000000,9000,0.0226667,0.012,44.1176,83.3333,1000000000,0.8,9600000.0,115200.0,12.0
21,11913110000000,13000,0.0249231,0.03,40.1235,33.3333,4000000000,1.0,120000000.0,3600000.0,30.0
21,11913111000000,17000,0.0197647,0.003,50.5952,333.333,4000000000,1.0,12000000.0,36000.0,3.0
21,11913112000000,18000,0.0253333,0.12,39.4737,8.33333,1000000000,0.8,96000000.0,11520000.0,120.0
21,11913113000000,22000,0.0212727,0.003,47.0085,333.333,4000000000,1.0,12000000.0,36000.0,3.0
21,11913114000000,26000,0.0242308,0.0405,41.2698,24.6914,4000000000,1.0,162000000.0,6561000.0,40.5
21,11913115000000,30000,0.0362,0.114,27.6243,8.77193,4000000000,1.0,456000000.0,51984000.0,114.0
21,11913116000000,34000,0.0402353,0.0705,24.8538,14.1844,4000000000,1.0,282000000.0,19881000.0,70.5
21,11913117000000,38000,0.0380789,0.01975,26.2612,50.6329,4000000000,1.0,79000000.0,1560250.0,19.75
21,11913118000000,42000,0.0348333,0.004,28.7081,250.0,4000000000,1.0,16000000.0,64000.0,4.0
21,11913119000000,43000,0.0357209,0.073,27.9948,13.6986,1000000000,0.8,58400000.0,4263200.0,73.0
21,11913120000000,44000,0.0364545,0.068,27.4314,14.7059,1000000000,0.8,54400000.0,3699200.0,68.0
21,11913121000000,48000,0.0339167,0.006,29.484,166.667,4000000000,1.0,24000000.0,144000.0,6.0
21,11913122000000,49000,0.0336327,0.02,29.733,50.0,1000000000,0.8,16000000.0,320000.0,20.0
21,11913123000000,50000,0.03446,0.075,29.0192,13.3333,1000000000,0.8,60000000.0,4500000.0,75.0
21,11913124000000,54000,0.0327407,0.01125,30.543,88.8889,4000000000,1.0,45000000.0,506250.0,11.25
21,11913125000000,55000,0.0331636,0.056,30.1535,17.8571,1000000000,0.8,44800000.0,2508800.0,56.0
21,11913126000000,59000,0.0309661,0.00075,32.2934,1333.33,4000000000,1.0,3000000.0,2250.0,0.75
21,11913127000000,63000,0.0300794,0.017,33.2454,58.8235,4000000000,1.0,68000000.0,1156000.0,17.0
21,11913128000000,67000,0.0285224,0.004,35.0602,250.0,4000000000,1.0,16000000.0,64000.0,4.0
21,11913129000000,71000,0.0275493,0.01125,36.2986,88.8889,4000000000,1.0,45000000.0,506250.0,11.25
21,11913130000000,75000,0.0266133,0.01,37.5752,100.0,4000000000,1.0,40000000.0,400000.0,10.0
21,11913131000000,76738,0.0261148,0.00460299,38.2924,217.25,4000000000,1.0,18412000.0,84750.1,2.0
21,11913132000000,76738,0.0261148,,38.2924,0.0,4000000000,1.0,,,0.0
22,11913101000000,1000,0.016,0.016,62.5,62.5,1000000000,0.8,12800000.0,204800.0,16.0
22,11913102000000,2000,0.024,0.032,41.6667,31.25,1000000000,0.8,25600000.0,819200.0,32.0
22,11913103000000,3000,0.0213333,0.016,46.875,62.5,1000000000,0.8,12800000.0,204800.0,16.0
22,11913104000000,4000,0.024,0.032,41.6667,31.25,1000000000,0.8,25600000.0,819200.0,32.0
22,11913105000000,5000,0.0224,0.016,44.6429,62.5,1000000000,0.8,12800000.0,204800.0,16.0
22,11913106000000,6000,0.024,0.032,41.6667,31.25,1000000000,0.8,25600000.0,819200.0,32.0
22,11913107000000,7000,0.0228571,0.016,43.75,62.5,1000000000,0.8,12800000.0,204800.0,16.0
22,11913108000000,8000,0.024,0.032,41.6667,31.25,1000000000,0.8,25600000.0,819200.0,32.0
22,11913109000000,9000,0.0226667,0.012,44.1176,83.3333,1000000000,0.8,9600000.0,115200.0,12.0
22,11913110000000,13000,0.0249231,0.03,40.1235,33.3333,4000000000,1.0,120000000.0,3600000.0,30.0
22,11913111000000,17000,0.0197647,0.003,50.5952,333.333,4000000000,1.0,12000000.0,36000.0,3.0
22,11913112000000,18000,0.0253333,0.12,39.4737,8.33333,1000000000,0.8,96000000.0,11520000.0,120.0
22,11913113000000,22000,0.0212727,0.003,47.0085,333.333,4000000000,1.0,12000000.0,36000.0,3.0
22,11913114000000,26000,0.0242308,0.0405,41.2698,24.6914,4000000000,1.0,162000000.0,6561000.0,40.5
22,11913115000000,30000,0.0362,0.114,27.6243,8.77193,4000000000,1.0,456000000.0,51984000.0,114.0
22,11913116000000,34000,0.0402353,0.0705,24.8538,14.1844,4000000000,1.0,282000000.0,19881000.0,70.5
22,11913117000000,38000,0.0380789,0.01975,26.2612,50.6329,4000000000,1.0,79000000.0,1560250.0,19.75
22,11913118000000,42000,0.0348333,0.004,28.7081,250.0,4000000000,1.0,16000000.0,64000.0,4.0
22,11913119000000,43000,0.0357209,0.073,27.9948,13.6986,1000000000,0.8,58400000.0,4263200.0,73.0
22,11913120000000,44000,0.0364545,0.068,27.4314,14.7059,1000000000,0.8,54400000.0,3699200.0,68.0
22,11913121000000,48000,0.0339167,0.006,29.484,166.667,4000000000,1.0,24000000.0,144000.0,6.0
22,11913122000000,49000,0.0336327,0.02,29.733,50.0,1000000000,0.8,16000000.0,320000.0,20.0
22,11913123000000,50000,0.03446,0.075,29.0192,13.3333,1000000000,0.8,60000000.0,4500000.0,75.0
22,11913124000000,54000,0.0327407,0.01125,30.543,88.8889,4000000000,1.0,45000000.0,506250.0,11.25
22,11913125000000,55000,0.0331636,0.056,30.1535,17.8571,1000000000,0.8,44800000.0,2508800.0,56.0
22,11913126000000,59000,0.0309661,0.00075,32.2934,1333.33,4000000000,1.0,3000000.0,2250.0,0.75
22,11913127000000,63000,0.0300794,0.017,33.2454,58.8235,4000000000,1.0,68000000.0,1156000.0,17.0
22,11913128000000,67000,0.0285224,0.004,35.0602,250.0,4000000000,1.0,16000000.0,64000.0,4.0
22,11913129000000,71000,0.0275493,0.01125,36.2986,88.8889,4000000000,1.0,45000000.0,506250.0,11.25
22,11913130000000,75000,0.0266133,0.01,37.5752,100.0,4000000000,1.0,40000000.0,400000.0,10.0
22,11913131000000,76738,0.0261148,0.00460299,38.2924,217.25,4000000000,1.0,18412000.0,84750.1,2.0
22,11913132000000,76738,0.0261148,,38.2924,0.0,4000000000,1.0,,,0.0
23,11913101000000,1000,0.016,0.016,62.5,62.5,1000000000,0.8,12800000.0,204800.0,16.0
23,11913102000000,2000,0.024,0.032,41.6667,31.25,1000000000,0.8,25600000.0,819200.0,32.0
23,11913103000000,3000,0.0213333,0.016,46.875,62.5,1000000000,0.8,12800000.0,204800.0,16.0
23,11913104000000,4000,0.024,0.032,41.6667,31.25,1000000000,0.8,25600000.0,819200.0,32.0
23,11913105000000,5000,0.0224,0.016,44.6429,62.5,1000000000,0.8,12800000.0,204800.0,16.0
23,11913106000000,6000,0.024,0.032,41.6667,31.25,1000000000,0.8,25600000.0,819200.0,32.0
23,11913107000000,7000,0.0228571,0.016,43.75,62.5,1000000000,0.8,12800000.0,204800.0,16.0
23,11913108000000,8000,0.024,0.032,41.6667,31.25,1000000000,0.8,25600000.0,819200.0,32.0
23,11913109000000,9000,0.0226667,0.012,44.1176,83.3333,1000000000,0.8,9600000.0,115200.0,12.0
23,11913110000000,13000,0.0249231,0.03,40.1235,33.3333,4000000000,1.0,120000000.0,3600000.0,30.0
23,11913111000000,17000,0.0197647,0.003,50.5952,333.333,4000000000,1.0,12000000.0,36000.0,3.0
23,11913112000000,18000,0.0253333,0.12,39.4737,8.33333,1000000000,0.8,96000000.0,11520000.0,120.0
23,11913113000000,22000,0.0212727,0.003,47.0085,333.333,4000000000,1.0,12000000.0,36000.0,3.0
23,11913114000000,26000,0.0242308,0.0405,41.2698,24.6914,4000000000,1.0,162000000.0,6561000.0,40.5
23,11913115000000,30000,0.0362,0.114,27.6243,8.77193,4000000000,1.0,456000000.0,51984000.0,114.0
23,11913116000000,34000,0.0402353,0.0705,24.8538,14.1844,4000000000,1.0,282000000.0,19881000.0,70.5
23,11913117000000,38000,0.0380789,0.01975,26.2612,50.6329,4000000000,1.0,79000000.0,1560250.0,19.75
23,11913118000000,42000,0.0348333,0.004,28.7081,250.0,4000000000,1.0,16000000.0,64000.0,4.0
23,11913119000000,43000,0.0357209,0.073,27.9948,13.6986,1000000000,0.8,58400000.0,4263200.0,73.0
23,11913120000000,44000,0.0366364,0.076,27.2953,13.1579,1000000000,0.8,60800000.0,4620800.0,76.0
23,11913121000000,48000,0.0343333,0.009,29.1262,111.111,4000000000,1.0,36000000.0,324000.0,9.0
23,11913122000000,49000,0.0336939,0.003,29.679,333.333,1000000000,0.8,2400000.0,7200.0,3.0
23,11913123000000,50000,0.03406,0.052,29.36,19.2308,1000000000,0.8,41600000.0,2163200.0,52.0
23,11913124000000,54000,0.0319074,0.005,31.3407,200.0,4000000000,1.0,20000000.0,100000.0,5.0
23,11913125000000,55000,0.0325091,0.065,30.7606,15.3846,1000000000,0.8,52000000.0,3380000.0,65.0
23,11913126000000,59000,0.0309153,0.009,32.3465,111.111,4000000000,1.0,36000000.0,324000.0,9.0
23,11913127000000,63000,0.0298413,0.014,33.5106,71.4286,4000000000,1.0,56000000.0,784000.0,14.0
23,11913128000000,67000,0.0282836,0.00375,35.3562,266.667,4000000000,1.0,15000000.0,56250.0,3.75
23,11913129000000,71000,0.0269155,0.004,37.1533,250.0,4000000000,1.0,16000000.0,64000.0,4.0
23,11913130000000,75000,0.02616,0.01275,38.2263,78.4314,4000000000,1.0,51000000.0,650250.0,12.75
23,11913131000000,77714,0.0257869,0.0154753,38.7794,64.619,4000000000,1.0,61901300.0,957941.0,10.5
23,11913132000000,77714,0.0257869,,38.7794,0.0,4000000000,1.0,,,0.0
24,11913101000000,1000,0.016,0.016,62.5,62.5,1000000000,0.8,12800000.0,204800.0,16.0
24,11913102000000,2000,0.024,0.032,41.6667,31.25,1000000000,0.8,25600000.0,819200.0,32.0
24,11913103000000,3000,0.0213333,0.016,46.875,62.5,1000000000,0.8,12800000.0,204800.0,16.0
24,11913104000000,4000,0.024,0.032,41.6667,31.25,1000000000,0.8,25600000.0,819200.0,32.0
24,11913105000000,5000,0.0192,0.0,52.0833,0.0,1000000000,0.8,0.0,0.0,0.0
24,11913106000000,6000,0.0186667,0.016,53.5714,62.5,1000000000,0.8,12800000.0,204800.0,16.0
24,11913107000000,7000,0.0205714,0.032,48.6111,31.25,1000000000,0.8,25600000.0,819200.0,32.0
24,11913108000000,8000,0.02,0.016,50.0,62.5,1000000000,0.8,12800000.0,204800.0,16.0
24,11913109000000,9000,0.0213333,0.032,46.875,31.25,1000000000,0.8,25600000.0,819200.0,32.0
24,11913110000000,13000,0.0156923,0.003,63.7255,333.333,4000000000,1.0,12000000.0,36000.0,3.0
24,11913111000000,17000,0.0190588,0.03,52.4691,33.3333,4000000000,1.0,120000000.0,3600000.0,30.0
24,11913112000000,18000,0.0186667,0.012,53.5714,83.3333,1000000000,0.8,9600000.0,115200.0,12.0
24,11913113000000,22000,0.0207273,0.03,48.2456,33.3333,4000000000,1.0,120000000.0,3600000.0,30.0
24,11913114000000,26000,0.018,0.003,55.5556,333.333,4000000000,1.0,12000000.0,36000.0,3.0
24,11913115000000,30000,0.021,0.0405,47.619,24.6914,4000000000,1.0,162000000.0,6561000.0,40.5
24,11913116000000,34000,0.0234118,0.0415,42.7136,24.0964,4000000000,1.0,166000000.0,6889000.0,41.5
24,11913117000000,38000,0.0306316,0.092,32.646,10.8696,4000000000,1.0,368000000.0,33856000.0,92.0
24,11913118000000,42000,0.0288571,0.012,34.6535,83.3333,4000000000,1.0,48000000.0,576000.0,12.0
24,11913119000000,43000,0.0293023,0.048,34.127,20.8333,1000000000,0.8,38400000.0,1843200.0,48.0
24,11913120000000,44000,0.029,0.016,34.4828,62.5,1000000000,0.8,12800000.0,204800.0,16.0
24,11913121000000,48000,0.0275833,0.012,36.2538,83.3333,4000000000,1.0,48000000.0,576000.0,12.0
24,11913122000000,49000,0.0276735,0.032,36.1357,31.25,1000000000,0.8,25600000.0,819200.0,32.0
24,11913123000000,50000,0.02808,0.048,35.6125,20.8333,1000000000,0.8,38400000.0,1843200.0,48.0
24,11913124000000,54000,0.0262963,0.004,38.0282,250.0,4000000000,1.0,16000000.0,64000.0,4.0
24,11913125000000,55000,0.0259273,0.006,38.5694,166.667,1000000000,0.8,4800000.0,28800.0,6.0
24,11913126000000,59000,0.0248814,0.0105,40.1907,95.2381,4000000000,1.0,42000000.0,441000.0,10.5
24,11913127000000,63000,0.0238095,0.008,42.0,125.0,4000000000,1.0,32000000.0,256000.0,8.0
24,11913128000000,67000,0.0231045,0.012,43.2817,83.3333,4000000000,1.0,48000000.0,576000.0,12.0
24,11913129000000,71000,0.0219718,0.003,45.5128,333.333,4000000000,1.0,12000000.0,36000.0,3.0
24,11913130000000,75000,0.0210667,0.005,47.4684,200.0,4000000000,1.0,20000000.0,100000.0,5.0
24,11913131000000,77328,0.0204842,0.00171821,48.8182,582.0,4000000000,1.0,6872850.0,11809.0,1.0
24,11913132000000,77328,0.0204842,,48.8182,0.0,4000000000,1.0,,,0.0
25,11913101000000,1000,0.016,0.016,62.5,62.5,1000000000,0.8,12800000.0,204800.0,16.0
25,11913102000000,2000,0.024,0.032,41.6667,31.25,1000000000,0.8,25600000.0,819200.0,32.0
25,11913103000000,3000,0.0213333,0.016,46.875,62.5,1000000000,0.8,12800000.0,204800.0,16.0
25,11913104000000,4000,0.024,0.032,41.6667,31.25,1000000000,0.8,25600000.0,819200.0,32.0
25,11913105000000,5000,0.0192,0.0,52.0833,0.0,1000000000,0.8,0.0,0.0,0.0
25,11913106000000,6000,0.0186667,0.016,53.5714,62.5,1000000000,0.8,12800000.0,204800.0,16.0
25,11913107000000,7000,0.0205714,0.032,48.6111,31.25,1000000000,0.8,25600000.0,819200.0,32.0
25,11913108000000,8000,0.02,0.016,50.0,62.5,1000000000,0.8,12800000.0,204800.0,16.0
25,11913109000000,9000,0.0213333,0.032,46.875,31.25,1000000000,0.8,25600000.0,819200.0,32.0
25,11913110000000,13000,0.0156923,0.003,63.7255,333.333,4000000000,1.0,12000000.0,36000.0,3.0
25,11913111000000,17000,0.0190588,0.03,52.4691,33.3333,4000000000,1.0,120000000.0,3600000.0,30.0
25,11913112000000,18000,0.0186667,0.012,53.5714,83.3333,1000000000,0.8,9600000.0,115200.0,12.0
25,11913113000000,22000,0.0207273,0.03,48.2456,33.3333,4000000000,1.0,120000000.0,3600000.0,30.0
25,11913114000000,26000,0.018,0.003,55.5556,333.333,4000000000,1.0,12000000.0,36000.0,3.0
25,11913115000000,30000,0.021,0.0405,47.619,24.6914,4000000000,1.0,162000000.0,6561000.0,40.5
25,11913116000000,34000,0.0234118,0.0415,42.7136,24.0964,4000000000,1.0,166000000.0,6889000.0,41.5
25,11913117000000,38000,0.0306316,0.092,32.646,10.8696,4000000000,1.0,368000000.0,33856000.0,92.0
25,11913118000000,42000,0.0288571,0.012,34.6535,83.3333,4000000000,1.0,48000000.0,576000.0,12.0
25,11913119000000,43000,0.0293023,0.048,34.127,20.8333,1000000000,0.8,38400000.0,1843200.0,48.0
25,11913120000000,44000,0.029,0.016,34.4828,62.5,1000000000,0.8,12800000.0,204800.0,16.0
25,11913121000000,48000,0.0275833,0.012,36.2538,83.3333,4000000000,1.0,48000000.0,576000.0,12.0
25,11913122000000,49000,0.0276735,0.032,36.1357,31.25,1000000000,0.8,25600000.0,819200.0,32.0
25,11913123000000,50000,0.02808,0.048,35.6125,20.8333,1000000000,0.8,38400000.0,1843200.0,48.0
25,11913124000000,54000,0.0262963,0.004,38.0282,250.0,4000000000,1.0,16000000.0,64000.0,4.0
25,11913125000000,55000,0.0259273,0.006,38.5694,166.667,1000000000,0.8,4800000.0,28800.0,6.0
25,11913126000000,59000,0.0248814,0.0105,40.1907,95.2381,4000000000,1.0,42000000.0,441000.0,10.5
25,11913127000000,63000,0.0238095,0.008,42.0,125.0,4000000000,1.0,32000000.0,256000.0,8.0
25,11913128000000,67000,0.0231045,0.012,43.2817,83.3333,4000000000,1.0,48000000.0,576000.0,12.0
25,11913129000000,71000,0.0219718,0.003,45.5128,333.333,4000000000,1.0,12000000.0,36000.0,3.0
25,11913130000000,75000,0.0210667,0.005,47.4684,200.0,4000000000,1.0,20000000.0,100000.0,5.0
25,11913131000000,77328,0.0204842,0.00171821,48.8182,582.0,4000000000,1.0,6872850.0,11809.0,1.0
25,11913132000000,77328,0.0204842,,48.8182,0.0,4000000000,1.0,,,0.0
26,11913101000000,1000,0.016,0.016,62.5,62.5,1000000000,0.8,12800000.0,204800.0,16.0
26,11913102000000,2000,0.024,0.032,41.6667,31.25,1000000000,0.8,25600000.0,819200.0,32.0
26,11913103000000,3000,0.0213333,0.016,46.875,62.5,1000000000,0.8,12800000.0,204800.0,16.0
26,11913104000000,4000,0.024,0.032,41.6667,31.25,1000000000,0.8,25600000.0,819200.0,32.0
26,11913105000000,5000,0.0192,0.0,52.0833,0.0,1000000000,0.8,0.0,0.0,0.0
26,11913106000000,6000,0.0186667,0.016,53.5714,62.5,1000000000,0.8,12800000.0,204800.0,16.0
26,11913107000000,7000,0.0205714,0.032,48.6111,31.25,1000000000,0.8,25600000.0,819200.0,32.0
26,11913108000000,8000,0.02,0.016,50.0,62.5,1000000000,0.8,12800000.0,204800.0,16.0
26,11913109000000,9000,0.0213333,0.032,46.875,31.25,1000000000,0.8,25600000.0,819200.0,32.0
26,11913110000000,13000,0.0156923,0.003,63.7255,333.333,4000000000,1.0,12000000.0,36000.0,3.0
26,11913111000000,17000,0.0190588,0.03,52.4691,33.3333,4000000000,1.0,120000000.0,3600000.0,30.0
26,11913112000000,18000,0.0186667,0.012,53.5714,83.3333,1000000000,0.8,9600000.0,115200.0,12.0
26,11913113000000,22000,0.0207273,0.03,48.2456,33.3333,4000000000,1.0,120000000.0,3600000.0,30.0
26,11913114000000,26000,0.018,0.003,55.5556,333.333,4000000000,1.0,12000000.0,36000.0,3.0
26,11913115000000,30000,0.021,0.0405,47.619,24.6914,4000000000,1.0,162000000.0,6561000.0,40.5
26,11913116000000,34000,0.0234118,0.0415,42.7136,24.0964,4000000000,1.0,166000000.0,6889000.0,41.5
26,11913117000000,38000,0.0306316,0.092,32.646,10.8696,4000000000,1.0,368000000.0,33856000.0,92.0
26,11913118000000,42000,0.0288571,0.012,34.6535,83.3333,4000000000,1.0,48000000.0,576000.0,12.0
26,11913119000000,43000,0.0293023,0.048,34.127,20.8333,1000000000,0.8,38400000.0,1843200.0,48.0
26,11913120000000,44000,0.029,0.016,34.4828,62.5,1000000000,0.8,12800000.0,204800.0,16.0
26,11913121000000,48000,0.0275833,0.012,36.2538,83.3333,4000000000,1.0,48000000.0,576000.0,12.0
26,11913122000000,49000,0.0276735,0.032,36.1357,31.25,1000000000,0.8,25600000.0,819200.0,32.0
26,11913123000000,50000,0.02808,0.048,35.6125,20.8333,1000000000,0.8,38400000.0,1843200.0,48.0
26,11913124000000,54000,0.0262963,0.004,38.0282,250.0,4000000000,1.0,16000000.0,64000.0,4.0
26,11913125000000,55000,0.0259273,0.006,38.5694,166.667,1000000000,0.8,4800000.0,28800.0,6.0
26,11913126000000,59000,0.0248814,0.0105,40.1907,95.2381,4000000000,1.0,42000000.0,441000.0,10.5
26,11913127000000,63000,0.0238095,0.008,42.0,125.0,4000000000,1.0,32000000.0,256000.0,8.0
26,11913128000000,67000,0.0231045,0.012,43.2817,83.3333,4000000000,1.0,48000000.0,576000.0,12.0
26,11913129000000,71000,0.0219718,0.003,45.5128,333.333,4000000000,1.0,12000000.0,36000.0,3.0
26,11913130000000,75000,0.0210667,0.005,47.4684,200.0,4000000000,1.0,20000000.0,100000.0,5.0
26,11913131000000,77328,0.0204842,0.00171821,48.8182,582.0,4000000000,1.0,6872850.0,11809.0,1.0
26,11913132000000,77328,0.0204842,,48.8182,0.0,4000000000,1.0,,,0.0
27,11913101000000,1000,0.016,0.016,62.5,62.5,1000000000,0.8,12800000.0,204800.0,16.0
27,11913102000000,2000,0.024,0.032,41.6667,31.25,1000000000,0.8,25600000.0,819200.0,32.0
27,11913103000000,3000,0.0213333,0.016,46.875,62.5,1000000000,0.8,12800000.0,204800.0,16.0
27,11913104000000,4000,0.024,0.032,41.6667,31.25,1000000000,0.8,25600000.0,819200.0,32.0
27,11913105000000,5000,0.0192,0.0,52.0833,0.0,1000000000,0.8,0.0,0.0,0.0
27,11913106000000,6000,0.0186667,0.016,53.5714,62.5,1000000000,0.8,12800000.0,204800.0,16.0
27,11913107000000,7000,0.0205714,0.032,48.6111,31.25,1000000000,0.8,25600000.0,819200.0,32.0
27,11913108000000,8000,0.02,0.016,50.0,62.5,1000000000,0.8,12800000.0,204800.0,16.0
27,11913109000000,9000,0.0213333,0.032,46.875,31.25,1000000000,0.8,25600000.0,819200.0,32.0
27,11913110000000,13000,0.0156923,0.003,63.7255,333.333,4000000000,1.0,12000000.0,36000.0,3.0
27,11913111000000,17000,0.0190588,0.03,52.4691,33.3333,4000000000,1.0,120000000.0,3600000.0,30.0
27,11913112000000,18000,0.0186667,0.012,53.5714,83.3333,1000000000,0.8,9600000.0,115200.0,12.0
27,11913113000000,22000,0.0207273,0.03,48.2456,33.3333,4000000000,1.0,120000000.0,3600000.0,30.0
27,11913114000000,26000,0.018,0.003,55.5556,333.333,4000000000,1.0,12000000.0,36000.0,3.0
27,11913115000000,30000,0.021,0.0405,47.619,24.6914,4000000000,1.0,162000000.0,6561000.0,40.5
27,11913116000000,34000,0.0234118,0.0415,42.7136,24.0964,4000000000,1.0,166000000.0,6889000.0,41.5
27,11913117000000,38000,0.0306316,0.092,32.646,10.8696,4000000000,1.0,368000000.0,33856000.0,92.0
27,11913118000000,42000,0.0292381,0.016,34.202,62.5,4000000000,1.0,64000000.0,1024000.0,16.0
27,11913119000000,43000,0.0293023,0.032,34.127,31.25,1000000000,0.8,25600000.0,819200.0,32.0
27,11913120000000,44000,0.0297273,0.048,33.6391,20.8333,1000000000,0.8,38400000.0,1843200.0,48.0
27,11913121000000,48000,0.0275833,0.004,36.2538,250.0,4000000000,1.0,16000000.0,64000.0,4.0
27,11913122000000,49000,0.028,0.048,35.7143,20.8333,1000000000,0.8,38400000.0,1843200.0,48.0
27,11913123000000,50000,0.02808,0.032,35.6125,31.25,1000000000,0.8,25600000.0,819200.0,32.0
27,11913124000000,54000,0.0268889,0.012,37.1901,83.3333,4000000000,1.0,48000000.0,576000.0,12.0
27,11913125000000,55000,0.0264727,0.004,37.7747,250.0,1000000000,0.8,3200000.0,12800.0,4.0
27,11913126000000,59000,0.0248814,0.003,40.1907,333.333,4000000000,1.0,12000000.0,36000.0,3.0
27,11913127000000,63000,0.024,0.011,41.6667,90.9091,4000000000,1.0,44000000.0,484000.0,11.0
27,11913128000000,67000,0.0231045,0.009,43.2817,111.111,4000000000,1.0,36000000.0,324000.0,9.0
27,11913129000000,71000,0.0222535,0.008,44.9367,125.0,4000000000,1.0,32000000.0,256000.0,8.0
27,11913130000000,73176,0.0216464,0.00183824,46.197,544.0,4000000000,1.0,7352940.0,13516.4,1.0
27,11913131000000,73176,0.0216464,,46.197,0.0,4000000000,1.0,,,0.0
27,11913132000000,73176,0.0216464,,46.197,0.0,4000000000,1.0,,,0.0
28,11913101000000,1000,0.016,0.016,62.5,62.5,1000000000,0.8,12800000.0,204800.0,16.0
28,11913102000000,2000,0.024,0.032,41.6667,31.25,1000000000,0.8,25600000.0,819200.0,32.0
28,11913103000000,3000,0.0213333,0.016,46.875,62.5,1000000000,0.8,12800000.0,204800.0,16.0
28,11913104000000,4000,0.024,0.032,41.6667,31.25,1000000000,0.8,25600000.0,819200.0,32.0
28,11913105000000,5000,0.0192,0.0,52.0833,0.0,1000000000,0.8,0.0,0.0,0.0
28,11913106000000,6000,0.0186667,0.016,53.5714,62.5,1000000000,0.8,12800000.0,204800.0,16.0
28,11913107000000,7000,0.0205714,0.032,48.6111,31.25,1000000000,0.8,25600000.0,819200.0,32.0
28,11913108000000,8000,0.02,0.016,50.0,62.5,1000000000,0.8,12800000.0,204800.0,16.0
28,11913109000000,9000,0.0213333,0.032,46.875,31.25,1000000000,0.8,25600000.0,819200.0,32.0
28,11913110000000,13000,0.0156923,0.003,63.7255,333.333,4000000000,1.0,12000000.0,36000.0,3.0
28,11913111000000,17000,0.0190588,0.03,52.4691,33.3333,4000000000,1.0,120000000.0,3600000.0,30.0
28,11913112000000,18000,0.0186667,0.012,53.5714,83.3333,1000000000,0.8,9600000.0,115200.0,12.0
28,11913113000000,22000,0.0207273,0.03,48.2456,33.3333,4000000000,1.0,120000000.0,3600000.0,30.0
28,11913114000000,26000,0.018,0.003,55.5556,333.333,4000000000,1.0,12000000.0,36000.0,3.0
28,11913115000000,30000,0.021,0.0405,47.619,24.6914,4000000000,1.0,162000000.0,6561000.0,40.5
28,11913116000000,34000,0.0274706,0.076,36.4026,13.1579,4000000000,1.0,304000000.0,23104000.0,76.0
28,11913117000000,38000,0.0306316,0.0575,32.646,17.3913,4000000000,1.0,230000000.0,13225000.0,57.5
28,11913118000000,42000,0.0288571,0.012,34.6535,83.3333,4000000000,1.0,48000000.0,576000.0,12.0
28,11913119000000,43000,0.0285581,0.016,35.0163,62.5,1000000000,0.8,12800000.0,204800.0,16.0
28,11913120000000,44000,0.0286364,0.032,34.9206,31.25,1000000000,0.8,25600000.0,819200.0,32.0
28,11913121000000,48000,0.0265833,0.004,37.6176,250.0,4000000000,1.0,16000000.0,64000.0,4.0
28,11913122000000,49000,0.0270204,0.048,37.0091,20.8333,1000000000,0.8,38400000.0,1843200.0,48.0
28,11913123000000,50000,0.02712,0.032,36.8732,31.25,1000000000,0.8,25600000.0,819200.0,32.0
28,11913124000000,54000,0.0254074,0.004,39.3586,250.0,4000000000,1.0,16000000.0,64000.0,4.0
28,11913125000000,55000,0.0258182,0.048,38.7324,20.8333,1000000000,0.8,38400000.0,1843200.0,48.0
28,11913126000000,59000,0.0245593,0.00725,40.7177,137.931,4000000000,1.0,29000000.0,210250.0,7.25
28,11913127000000,63000,0.0233016,0.00475,42.9155,210.526,4000000000,1.0,19000000.0,90250.0,4.75
28,11913128000000,67000,0.0223881,0.008,44.6667,125.0,4000000000,1.0,32000000.0,256000.0,8.0
28,11913129000000,71000,0.0218028,0.012,45.8656,83.3333,4000000000,1.0,48000000.0,576000.0,12.0
28,11913130000000,75000,0.0208,0.003,48.0769,333.333,4000000000,1.0,12000000.0,36000.0,3.0
28,11913131000000,79000,0.02,0.005,50.0,200.0,4000000000,1.0,20000000.0,100000.0,5.0
28,11913132000000,81444,0.0194489,0.00163666,51.4167,611.0,4000000000,1.0,6546640.0,10714.6,1.0
29,11913101000000,1000,0.016,0.016,62.5,62.5,1000000000,0.8,12800000.0,204800.0,16.0
29,11913102000000,2000,0.024,0.032,41.6667,31.25,1000000000,0.8,25600000.0,819200.0,32.0
29,11913103000000,3000,0.0213333,0.016,46.875,62.5,1000000000,0.8,12800000.0,204800.0,16.0
29,11913104000000,4000,0.024,0.032,41.6667,31.25,1000000000,0.8,25600000.0,819200.0,32.0
29,11913105000000,5000,0.0192,0.0,52.0833,0.0,1000000000,0.8,0.0,0.0,0.0
29,11913106000000,6000,0.0186667,0.016,53.5714,62.5,1000000000,0.8,12800000.0,204800.0,16.0
29,11913107000000,7000,0.0205714,0.032,48.6111,31.25,1000000000,0.8,25600000.0,819200.0,32.0
29,11913108000000,8000,0.02,0.016,50.0,62.5,1000000000,0.8,12800000.0,204800.0,16.0
29,11913109000000,9000,0.0213333,0.032,46.875,31.25,1000000000,0.8,25600000.0,819200.0,32.0
29,11913110000000,13000,0.0156923,0.003,63.7255,333.333,4000000000,1.0,12000000.0,36000.0,3.0
29,11913111000000,17000,0.0190588,0.03,52.4691,33.3333,4000000000,1.0,120000000.0,3600000.0,30.0
29,11913112000000,18000,0.0186667,0.012,53.5714,83.3333,1000000000,0.8,9600000.0,115200.0,12.0
29,11913113000000,22000,0.0207273,0.03,48.2456,33.3333,4000000000,1.0,120000000.0,3600000.0,30.0
29,11913114000000,26000,0.018,0.003,55.5556,333.333,4000000000,1.0,12000000.0,36000.0,3.0
29,11913115000000,30000,0.021,0.0405,47.619,24.6914,4000000000,1.0,162000000.0,6561000.0,40.5
29,11913116000000,34000,0.0274706,0.076,36.4026,13.1579,4000000000,1.0,304000000.0,23104000.0,76.0
29,11913117000000,38000,0.0306316,0.0575,32.646,17.3913,4000000000,1.0,230000000.0,13225000.0,57.5
29,11913118000000,42000,0.0288571,0.012,34.6535,83.3333,4000000000,1.0,48000000.0,576000.0,12.0
29,11913119000000,43000,0.0285581,0.016,35.0163,62.5,1000000000,0.8,12800000.0,204800.0,16.0
29,11913120000000,44000,0.0286364,0.032,34.9206,31.25,1000000000,0.8,25600000.0,819200.0,32.0
29,11913121000000,48000,0.0265833,0.004,37.6176,250.0,4000000000,1.0,16000000.0,64000.0,4.0
29,11913122000000,49000,0.0270204,0.048,37.0091,20.8333,1000000000,0.8,38400000.0,1843200.0,48.0
29,11913123000000,50000,0.02712,0.032,36.8732,31.25,1000000000,0.8,25600000.0,819200.0,32.0
29,11913124000000,54000,0.0254074,0.004,39.3586,250.0,4000000000,1.0,16000000.0,64000.0,4.0
29,11913125000000,55000,0.0258182,0.048,38.7324,20.8333,1000000000,0.8,38400000.0,1843200.0,48.0
29,11913126000000,59000,0.0245593,0.00725,40.7177,137.931,4000000000,1.0,29000000.0,210250.0,7.25
29,11913127000000,63000,0.0233016,0.00475,42.9155,210.526,4000000000,1.0,19000000.0,90250.0,4.75
29,11913128000000,67000,0.0223881,0.008,44.6667,125.0,4000000000,1.0,32000000.0,256000.0,8.0
29,11913129000000,71000,0.0218028,0.012,45.8656,83.3333,4000000000,1.0,48000000.0,576000.0,12.0
29,11913130000000,75000,0.0208,0.003,48.0769,333.333,4000000000,1.0,12000000.0,36000.0,3.0
29,11913131000000,79000,0.02,0.005,50.0,200.0,4000000000,1.0,20000000.0,100000.0,5.0
29,11913132000000,81444,0.0194489,0.00163666,51.4167,611.0,4000000000,1.0,6546640.0,10714.6,1.0
30,11913101000000,1000,0.016,0.016,62.5,62.5,1000000000,0.8,12800000.0,204800.0,16.0
30,11913102000000,2000,0.024,0.032,41.6667,31.25,1000000000,0.8,25600000.0,819200.0,32.0
30,11913103000000,3000,0.0213333,0.016,46.875,62.5,1000000000,0.8,12800000.0,204800.0,16.0
30,11913104000000,4000,0.024,0.032,41.6667,31.25,1000000000,0.8,25600000.0,819200.0,32.0
30,11913105000000,5000,0.0192,0.0,52.0833,0.0,1000000000,0.8,0.0,0.0,0.0
30,11913106000000,6000,0.0186667,0.016,53.5714,62.5,1000000000,0.8,12800000.0,204800.0,16.0
30,11913107000000,7000,0.0205714,0.032,48.6111,31.25,1000000000,0.8,25600000.0,819200.0,32.0
30,11913108000000,8000,0.02,0.016,50.0,62.5,1000000000,0.8,12800000.0,204800.0,16.0
30,11913109000000,9000,0.0213333,0.032,46.875,31.25,1000000000,0.8,25600000.0,819200.0,32.0
30,11913110000000,13000,0.0156923,0.003,63.7255,333.333,4000000000,1.0,12000000.0,36000.0,3.0
30,11913111000000,17000,0.0190588,0.03,52.4691,33.3333,4000000000,1.0,120000000.0,3600000.0,30.0
30,11913112000000,18000,0.0186667,0.012,53.5714,83.3333,1000000000,0.8,9600000.0,115200.0,12.0
30,11913113000000,22000,0.0207273,0.03,48.2456,33.3333,4000000000,1.0,120000000.0,3600000.0,30.0
30,11913114000000,26000,0.018,0.003,55.5556,333.333,4000000000,1.0,12000000.0,36000.0,3.0
30,11913115000000,30000,0.021,0.0405,47.619,24.6914,4000000000,1.0,162000000.0,6561000.0,40.5
30,11913116000000,34000,0.0274706,0.076,36.4026,13.1579,4000000000,1.0,304000000.0,23104000.0,76.0
30,11913117000000,38000,0.0306316,0.0575,32.646,17.3913,4000000000,1.0,230000000.0,13225000.0,57.5
30,11913118000000,42000,0.0288571,0.012,34.6535,83.3333,4000000000,1.0,48000000.0,576000.0,12.0
30,11913119000000,43000,0.0285581,0.016,35.0163,62.5,1000000000,0.8,12800000.0,204800.0,16.0
30,11913120000000,44000,0.0286364,0.032,34.9206,31.25,1000000000,0.8,25600000.0,819200.0,32.0
30,11913121000000,48000,0.0265833,0.004,37.6176,250.0,4000000000,1.0,16000000.0,64000.0,4.0
30,11913122000000,49000,0.0270204,0.048,37.0091,20.8333,1000000000,0.8,38400000.0,1843200.0,48.0
30,11913123000000,50000,0.02712,0.032,36.8732,31.25,1000000000,0.8,25600000.0,819200.0,32.0
30,11913124000000,54000,0.0254074,0.004,39.3586,250.0,4000000000,1.0,16000000.0,64000.0,4.0
30,11913125000000,55000,0.0258182,0.048,38.7324,20.8333,1000000000,0.8,38400000.0,1843200.0,48.0
30,11913126000000,59000,0.0245593,0.00725,40.7177,137.931,4000000000,1.0,29000000.0,210250.0,7.25
30,11913127000000,63000,0.0233016,0.00475,42.9155,210.526,4000000000,1.0,19000000.0,90250.0,4.75
30,11913128000000,67000,0.0223881,0.008,44.6667,125.0,4000000000,1.0,32000000.0,256000.0,8.0
30,11913129000000,71000,0.0218028,0.012,45.8656,83.3333,4000000000,1.0,48000000.0,576000.0,12.0
30,11913130000000,75000,0.0208,0.003,48.0769,333.333,4000000000,1.0,12000000.0,36000.0,3.0
30,11913131000000,79000,0.02,0.005,50.0,200.0,4000000000,1.0,20000000.0,100000.0,5.0
30,11913132000000,81444,0.0194489,0.00163666,51.4167,611.0,4000000000,1.0,6546640.0,10714.6,1.0
31,11913101000000,1000,0.016,0.016,62.5,62.5,1000000000,0.8,12800000.0,204800.0,16.0
31,11913102000000,2000,0.024,0.032,41.6667,31.25,1000000000,0.8,25600000.0,819200.0,32.0
31,11913103000000,3000,0.0213333,0.016,46.875,62.5,1000000000,0.8,12800000.0,204800.0,16.0
31,11913104000000,4000,0.024,0.032,41.6667,31.25,1000000000,0.8,25600000.0,819200.0,32.0
31,11913105000000,5000,0.0192,0.0,52.0833,0.0,1000000000,0.8,0.0,0.0,0.0
31,11913106000000,6000,0.0186667,0.016,53.5714,62.5,1000000000,0.8,12800000.0,204800.0,16.0
31,11913107000000,7000,0.0205714,0.032,48.6111,31.25,1000000000,0.8,25600000.0,819200.0,32.0
31,11913108000000,8000,0.02,0.016,50.0,62.5,1000000000,0.8,12800000.0,204800.0,16.0
31,11913109000000,9000,0.0213333,0.032,46.875,31.25,1000000000,0.8,25600000.0,819200.0,32.0
31,11913110000000,13000,0.0156923,0.003,63.7255,333.333,4000000000,1.0,12000000.0,36000.0,3.0
31,11913111000000,17000,0.0190588,0.03,52.4691,33.3333,4000000000,1.0,120000000.0,3600000.0,30.0
31,11913112000000,18000,0.0186667,0.012,53.5714,83.3333,1000000000,0.8,9600000.0,115200.0,12.0
31,11913113000000,22000,0.0207273,0.03,48.2456,33.3333,4000000000,1.0,120000000.0,3600000.0,30.0
31,11913114000000,26000,0.018,0.003,55.5556,333.333,4000000000,1.0,12000000.0,36000.0,3.0
31,11913115000000,30000,0.021,0.0405,47.619,24.6914,4000000000,1.0,162000000.0,6561000.0,40.5
31,11913116000000,34000,0.0274706,0.076,36.4026,13.1579,4000000000,1.0,304000000.0,23104000.0,76.0
31,11913117000000,38000,0.0306316,0.0575,32.646,17.3913,4000000000,1.0,230000000.0,13225000.0,57.5
31,11913118000000,42000,0.0288571,0.012,34.6535,83.3333,4000000000,1.0,48000000.0,576000.0,12.0
31,11913119000000,43000,0.0285581,0.016,35.0163,62.5,1000000000,0.8,12800000.0,204800.0,16.0
31,11913120000000,44000,0.0286364,0.032,34.9206,31.25,1000000000,0.8,25600000.0,819200.0,32.0
31,11913121000000,48000,0.02725,0.012,36.6972,83.3333,4000000000,1.0,48000000.0,576000.0,12.0
31,11913122000000,49000,0.0270204,0.016,37.0091,62.5,1000000000,0.8,12800000.0,204800.0,16.0
31,11913123000000,50000,0.02744,0.048,36.4431,20.8333,1000000000,0.8,38400000.0,1843200.0,48.0
31,11913124000000,54000,0.026,0.008,38.4615,125.0,4000000000,1.0,32000000.0,256000.0,8.0
31,11913125000000,55000,0.0257091,0.01,38.8967,100.0,1000000000,0.8,8000000.0,80000.0,10.0
31,11913126000000,59000,0.0246102,0.0095,40.6336,105.263,4000000000,1.0,38000000.0,361000.0,9.5
31,11913127000000,63000,0.0233016,0.004,42.9155,250.0,4000000000,1.0,16000000.0,64000.0,4.0
31,11913128000000,67000,0.0225672,0.011,44.3122,90.9091,4000000000,1.0,44000000.0,484000.0,11.0
31,11913129000000,71000,0.0218028,0.009,45.8656,111.111,4000000000,1.0,36000000.0,324000.0,9.0
31,11913130000000,75000,0.0210667,0.008,47.4684,125.0,4000000000,1.0,32000000.0,256000.0,8.0
31,11913131000000,76912,0.020595,0.00209205,48.5556,478.0,4000000000,1.0,8368200.0,17506.7,1.0
31,11913132000000,76912,0.020595,,48.5556,0.0,4000000000,1.0,,,0.0
32,11913101000000,1000,0.032,0.032,31.25,31.25,1000000000,0.8,25600000.0,819200.0,32.0
32,11913102000000,2000,0.024,0.016,41.6667,62.5,1000000000,0.8,12800000.0,204800.0,16.0
32,11913103000000,3000,0.0266667,0.032,37.5,31.25,1000000000,0.8,25600000.0,819200.0,32.0
32,11913104000000,4000,0.024,0.016,41.6667,62.5,1000000000,0.8,12800000.0,204800.0,16.0
32,11913105000000,5000,0.0216,0.012,46.2963,83.3333,1000000000,0.8,9600000.0,115200.0,12.0
32,11913106000000,6000,0.0213333,0.02,46.875,50.0,1000000000,0.8,16000000.0,320000.0,20.0
32,11913107000000,7000,0.0205714,0.016,48.6111,62.5,1000000000,0.8,12800000.0,204800.0,16.0
32,11913108000000,8000,0.022,0.032,45.4545,31.25,1000000000,0.8,25600000.0,819200.0,32.0
32,11913109000000,9000,0.0208889,0.012,47.8723,83.3333,1000000000,0.8,9600000.0,115200.0,12.0
32,11913110000000,13000,0.0236923,0.03,42.2078,33.3333,4000000000,1.0,120000000.0,3600000.0,30.0
32,11913111000000,17000,0.0190588,0.004,52.4691,250.0,4000000000,1.0,16000000.0,64000.0,4.0
32,11913112000000,18000,0.0197778,0.032,50.5618,31.25,1000000000,0.8,25600000.0,819200.0,32.0
32,11913113000000,22000,0.0167273,0.003,59.7826,333.333,4000000000,1.0,12000000.0,36000.0,3.0
32,11913114000000,26000,0.02,0.038,50.0,26.3158,4000000000,1.0,152000000.0,5776000.0,38.0
32,11913115000000,30000,0.0236667,0.0475,42.2535,21.0526,4000000000,1.0,190000000.0,9025000.0,47.5
32,11913116000000,34000,0.0403235,0.16525,24.7994,6.05144,4000000000,1.0,661000000.0,109230000.0,165.25
32,11913117000000,38000,0.0374474,0.013,26.7041,76.9231,4000000000,1.0,52000000.0,676000.0,13.0
32,11913118000000,42000,0.0361905,0.02425,27.6316,41.2371,4000000000,1.0,97000000.0,2352250.0,24.25
32,11913119000000,43000,0.036186,0.036,27.635,27.7778,1000000000,0.8,28800000.0,1036800.0,36.0
32,11913120000000,44000,0.0377727,0.106,26.4741,9.43396,1000000000,0.8,84800000.0,8988800.0,106.0
32,11913121000000,48000,0.0366667,0.0245,27.2727,40.8163,4000000000,1.0,98000000.0,2401000.0,24.5
32,11913122000000,49000,0.0361633,0.012,27.6524,83.3333,1000000000,0.8,9600000.0,115200.0,12.0
32,11913123000000,50000,0.03648,0.052,27.4123,19.2308,1000000000,0.8,41600000.0,2163200.0,52.0
32,11913124000000,54000,0.0352593,0.02,28.3613,50.0,4000000000,1.0,80000000.0,1600000.0,20.0
32,11913125000000,55000,0.0354727,0.047,28.1907,21.2766,1000000000,0.8,37600000.0,1767200.0,47.0
32,11913126000000,59000,0.033322,0.00375,30.0102,266.667,4000000000,1.0,15000000.0,56250.0,3.75
32,11913127000000,63000,0.032,0.0125,31.25,80.0,4000000000,1.0,50000000.0,625000.0,12.5
32,11913128000000,67000,0.030209,0.002,33.1028,500.0,4000000000,1.0,8000000.0,16000.0,2.0
32,11913129000000,67862,0.0300021,0.0139211,33.331,71.8333,4000000000,1.0,55684500.0,775190.0,3.0
32,11913130000000,67862,0.0300021,,33.331,0.0,4000000000,1.0,,,0.0
32,11913131000000,67862,0.0300021,,33.331,0.0,4000000000,1.0,,,0.0
32,11913132000000,67862,0.0300021,,33.331,0.0,4000000000,1.0,,,0.0
33,11913101000000,1000,0.032,0.032,31.25,31.25,1000000000,0.8,25600000.0,819200.0,32.0
33,11913102000000,2000,0.024,0.016,41.6667,62.5,1000000000,0.8,12800000.0,204800.0,16.0
33,11913103000000,3000,0.0266667,0.032,37.5,31.25,1000000000,0.8,25600000.0,819200.0,32.0
33,11913104000000,4000,0.024,0.016,41.6667,62.5,1000000000,0.8,12800000.0,204800.0,16.0
33,11913105000000,5000,0.0216,0.012,46.2963,83.3333,1000000000,0.8,9600000.0,115200.0,12.0
33,11913106000000,6000,0.0213333,0.02,46.875,50.0,1000000000,0.8,16000000.0,320000.0,20.0
33,11913107000000,7000,0.0205714,0.016,48.6111,62.5,1000000000,0.8,12800000.0,204800.0,16.0
33,11913108000000,8000,0.022,0.032,45.4545,31.25,1000000000,0.8,25600000.0,819200.0,32.0
33,11913109000000,9000,0.0208889,0.012,47.8723,83.3333,1000000000,0.8,9600000.0,115200.0,12.0
33,11913110000000,13000,0.0236923,0.03,42.2078,33.3333,4000000000,1.0,120000000.0,3600000.0,30.0
33,11913111000000,17000,0.0190588,0.004,52.4691,250.0,4000000000,1.0,16000000.0,64000.0,4.0
33,11913112000000,18000,0.0197778,0.032,50.5618,31.25,1000000000,0.8,25600000.0,819200.0,32.0
33,11913113000000,22000,0.0167273,0.003,59.7826,333.333,4000000000,1.0,12000000.0,36000.0,3.0
33,11913114000000,26000,0.02,0.038,50.0,26.3158,4000000000,1.0,152000000.0,5776000.0,38.0
33,11913115000000,30000,0.0236667,0.0475,42.2535,21.0526,4000000000,1.0,190000000.0,9025000.0,47.5
33,11913116000000,34000,0.0403235,0.16525,24.7994,6.05144,4000000000,1.0,661000000.0,109230000.0,165.25
33,11913117000000,38000,0.0374474,0.013,26.7041,76.9231,4000000000,1.0,52000000.0,676000.0,13.0
33,11913118000000,42000,0.0361905,0.02425,27.6316,41.2371,4000000000,1.0,97000000.0,2352250.0,24.25
33,11913119000000,43000,0.036186,0.036,27.635,27.7778,1000000000,0.8,28800000.0,1036800.0,36.0
33,11913120000000,44000,0.036,0.028,27.7778,35.7143,1000000000,0.8,22400000.0,627200.0,28.0
33,11913121000000,48000,0.0346667,0.02,28.8462,50.0,4000000000,1.0,80000000.0,1600000.0,20.0
33,11913122000000,49000,0.0359184,0.096,27.8409,10.4167,1000000000,0.8,76800000.0,7372800.0,96.0
33,11913123000000,50000,0.03648,0.064,27.4123,15.625,1000000000,0.8,51200000.0,3276800.0,64.0
33,11913124000000,54000,0.0346667,0.012,28.8462,83.3333,4000000000,1.0,48000000.0,576000.0,12.0
33,11913125000000,55000,0.0346182,0.032,28.8866,31.25,1000000000,0.8,25600000.0,819200.0,32.0
33,11913126000000,59000,0.0332881,0.015,30.0407,66.6667,4000000000,1.0,60000000.0,900000.0,15.0
33,11913127000000,63000,0.032,0.013,31.25,76.9231,4000000000,1.0,52000000.0,676000.0,13.0
33,11913128000000,67000,0.030209,0.002,33.1028,500.0,4000000000,1.0,8000000.0,16000.0,2.0
33,11913129000000,68142,0.0298788,0.0105079,33.4686,95.1667,4000000000,1.0,42031500.0,441662.0,3.0
33,11913130000000,68142,0.0298788,,33.4686,0.0,4000000000,1.0,,,0.0
33,11913131000000,68142,0.0298788,,33.4686,0.0,4000000000,1.0,,,0.0
33,11913132000000,68142,0.0298788,,33.4686,0.0,4000000000,1.0,,,0.0
34,11913101000000,1000,0.032,0.032,31.25,31.25,1000000000,0.8,25600000.0,819200.0,32.0
34,11913102000000,2000,0.024,0.016,41.6667,62.5,1000000000,0.8,12800000.0,204800.0,16.0
34,11913103000000,3000,0.0266667,0.032,37.5,31.25,1000000000,0.8,25600000.0,819200.0,32.0
34,11913104000000,4000,0.024,0.016,41.6667,62.5,1000000000,0.8,12800000.0,204800.0,16.0
34,11913105000000,5000,0.0216,0.012,46.2963,83.3333,1000000000,0.8,9600000.0,115200.0,12.0
34,11913106000000,6000,0.0213333,0.02,46.875,50.0,1000000000,0.8,16000000.0,320000.0,20.0
34,11913107000000,7000,0.0205714,0.016,48.6111,62.5,1000000000,0.8,12800000.0,204800.0,16.0
34,11913108000000,8000,0.022,0.032,45.4545,31.25,1000000000,0.8,25600000.0,819200.0,32.0
34,11913109000000,9000,0.0208889,0.012,47.8723,83.3333,1000000000,0.8,9600000.0,115200.0,12.0
34,11913110000000,13000,0.0236923,0.03,42.2078,33.3333,4000000000,1.0,120000000.0,3600000.0,30.0
34,11913111000000,17000,0.0188824,0.00325,52.9595,307.692,4000000000,1.0,13000000.0,42250.0,3.25
34,11913112000000,18000,0.0197778,0.035,50.5618,28.5714,1000000000,0.8,28000000.0,980000.0,35.0
34,11913113000000,22000,0.0167273,0.003,59.7826,333.333,4000000000,1.0,12000000.0,36000.0,3.0
34,11913114000000,26000,0.0194615,0.0345,51.3834,28.9855,4000000000,1.0,138000000.0,4761000.0,34.5
34,11913115000000,30000,0.0238333,0.05225,41.958,19.1388,4000000000,1.0,209000000.0,10920200.0,52.25
34,11913116000000,34000,0.0407941,0.168,24.5133,5.95238,4000000000,1.0,672000000.0,112896000.0,168.0
34,11913117000000,38000,0.0381579,0.01575,26.2069,63.4921,4000000000,1.0,63000000.0,992250.0,15.75
34,11913118000000,42000,0.0348095,0.003,28.7278,333.333,4000000000,1.0,12000000.0,36000.0,3.0
34,11913119000000,43000,0.0355116,0.065,28.1598,15.3846,1000000000,0.8,52000000.0,3380000.0,65.0
34,11913120000000,44000,0.0371364,0.107,26.9278,9.34579,1000000000,0.8,85600000.0,9159200.0,107.0
34,11913121000000,48000,0.0355833,0.0185,28.103,54.0541,4000000000,1.0,74000000.0,1369000.0,18.5
34,11913122000000,49000,0.0354286,0.028,28.2258,35.7143,1000000000,0.8,22400000.0,627200.0,28.0
34,11913123000000,50000,0.03634,0.081,27.5179,12.3457,1000000000,0.8,64800000.0,5248800.0,81.0
34,11913124000000,54000,0.0344444,0.01075,29.0323,93.0233,4000000000,1.0,43000000.0,462250.0,10.75
34,11913125000000,55000,0.0350909,0.07,28.4974,14.2857,1000000000,0.8,56000000.0,3920000.0,70.0
34,11913126000000,59000,0.0335593,0.0125,29.798,80.0,4000000000,1.0,50000000.0,625000.0,12.5
34,11913127000000,63000,0.0314921,0.001,31.754,1000.0,4000000000,1.0,4000000.0,4000.0,1.0
34,11913128000000,67000,0.0296119,0.0,33.7702,0.0,4000000000,1.0,0.0,0.0,0.0
34,11913129000000,67590,0.0295902,0.0271186,33.795,36.875,4000000000,1.0,108475000.0,2941680.0,4.0
34,11913130000000,67590,0.0295902,,33.795,0.0,4000000000,1.0,,,0.0
34,11913131000000,67590,0.0295902,,33.795,0.0,4000000000,1.0,,,0.0
34,11913132000000,67590,0.0295902,,33.795,0.0,4000000000,1.0,,,0.0
35,11913101000000,1000,0.032,0.032,31.25,31.25,1000000000,0.8,25600000.0,819200.0,32.0
35,11913102000000,2000,0.024,0.016,41.6667,62.5,1000000000,0.8,12800000.0,204800.0,16.0
35,11913103000000,3000,0.0266667,0.032,37.5,31.25,1000000000,0.8,25600000.0,819200.0,32.0
35,11913104000000,4000,0.024,0.016,41.6667,62.5,1000000000,0.8,12800000.0,204800.0,16.0
35,11913105000000,5000,0.0216,0.012,46.2963,83.3333,1000000000,0.8,9600000.0,115200.0,12.0
35,11913106000000,6000,0.0213333,0.02,46.875,50.0,1000000000,0.8,16000000.0,320000.0,20.0
35,11913107000000,7000,0.0205714,0.016,48.6111,62.5,1000000000,0.8,12800000.0,204800.0,16.0
35,11913108000000,8000,0.022,0.032,45.4545,31.25,1000000000,0.8,25600000.0,819200.0,32.0
35,11913109000000,9000,0.0208889,0.012,47.8723,83.3333,1000000000,0.8,9600000.0,115200.0,12.0
35,11913110000000,13000,0.0236923,0.03,42.2078,33.3333,4000000000,1.0,120000000.0,3600000.0,30.0
35,11913111000000,17000,0.0188235,0.003,53.125,333.333,4000000000,1.0,12000000.0,36000.0,3.0
35,11913112000000,18000,0.0244444,0.12,40.9091,8.33333,1000000000,0.8,96000000.0,11520000.0,120.0
35,11913113000000,22000,0.0205455,0.003,48.6726,333.333,4000000000,1.0,12000000.0,36000.0,3.0
35,11913114000000,26000,0.0236154,0.0405,42.3453,24.6914,4000000000,1.0,162000000.0,6561000.0,40.5
35,11913115000000,30000,0.0449333,0.1835,22.2552,5.44959,4000000000,1.0,734000000.0,134689000.0,183.5
35,11913116000000,34000,0.0415882,0.0165,24.0453,60.6061,4000000000,1.0,66000000.0,1089000.0,16.5
35,11913117000000,38000,0.0393947,0.02075,25.3841,48.1928,4000000000,1.0,83000000.0,1722250.0,20.75
35,11913118000000,42000,0.0363333,0.00725,27.5229,137.931,4000000000,1.0,29000000.0,210250.0,7.25
35,11913119000000,43000,0.0369302,0.062,27.0781,16.129,1000000000,0.8,49600000.0,3075200.0,62.0
35,11913120000000,44000,0.0367273,0.028,27.2277,35.7143,1000000000,0.8,22400000.0,627200.0,28.0
35,11913121000000,48000,0.0352708,0.01925,28.352,51.9481,4000000000,1.0,77000000.0,1482250.0,19.25
35,11913122000000,49000,0.0349592,0.02,28.6048,50.0,1000000000,0.8,16000000.0,320000.0,20.0
35,11913123000000,50000,0.03552,0.063,28.1532,15.873,1000000000,0.8,50400000.0,3175200.0,63.0
35,11913124000000,54000,0.0339074,0.01375,29.4921,72.7273,4000000000,1.0,55000000.0,756250.0,13.75
35,11913125000000,55000,0.0342727,0.054,29.1777,18.5185,1000000000,0.8,43200000.0,2332800.0,54.0
35,11913126000000,59000,0.0321695,0.00325,31.0854,307.692,4000000000,1.0,13000000.0,42250.0,3.25
35,11913127000000,63000,0.0302857,0.0025,33.0189,400.0,4000000000,1.0,10000000.0,25000.0,2.5
35,11913128000000,67000,0.0292537,0.013,34.1837,76.9231,4000000000,1.0,52000000.0,676000.0,13.0
35,11913129000000,67942,0.0292603,0.029724,34.1761,33.6429,4000000000,1.0,118896000.0,3534060.0,7.0
35,11913130000000,67942,0.0292603,,34.1761,0.0,4000000000,1.0,,,0.0
35,11913131000000,67942,0.0292603,,34.1761,0.0,4000000000,1.0,,,0.0
35,11913132000000,67942,0.0292603,,34.1761,0.0,4000000000,1.0,,,0.0
36,11913101000000,1000,0.016,0.016,62.5,62.5,1000000000,0.8,12800000.0,204800.0,16.0
36,11913102000000,2000,0.024,0.032,41.6667,31.25,1000000000,0.8,25600000.0,819200.0,32.0
36,11913103000000,3000,0.0213333,0.016,46.875,62.5,1000000000,0.8,12800000.0,204800.0,16.0
36,11913104000000,4000,0.024,0.032,41.6667,31.25,1000000000,0.8,25600000.0,819200.0,32.0
36,11913105000000,5000,0.0224,0.016,44.6429,62.5,1000000000,0.8,12800000.0,204800.0,16.0
36,11913106000000,6000,0.0206667,0.012,48.3871,83.3333,1000000000,0.8,9600000.0,115200.0,12.0
36,11913107000000,7000,0.0205714,0.02,48.6111,50.0,1000000000,0.8,16000000.0,320000.0,20.0
36,11913108000000,8000,0.02,0.016,50.0,62.5,1000000000,0.8,12800000.0,204800.0,16.0
36,11913109000000,9000,0.0213333,0.032,46.875,31.25,1000000000,0.8,25600000.0,819200.0,32.0
36,11913110000000,13000,0.0156923,0.003,63.7255,333.333,4000000000,1.0,12000000.0,36000.0,3.0
36,11913111000000,17000,0.0190588,0.03,52.4691,33.3333,4000000000,1.0,120000000.0,3600000.0,30.0
36,11913112000000,18000,0.0186667,0.012,53.5714,83.3333,1000000000,0.8,9600000.0,115200.0,12.0
36,11913113000000,22000,0.0207273,0.03,48.2456,33.3333,4000000000,1.0,120000000.0,3600000.0,30.0
36,11913114000000,26000,0.018,0.003,55.5556,333.333,4000000000,1.0,12000000.0,36000.0,3.0
36,11913115000000,30000,0.021,0.0405,47.619,24.6914,4000000000,1.0,162000000.0,6561000.0,40.5
36,11913116000000,34000,0.0403235,0.18525,24.7994,5.39811,4000000000,1.0,741000000.0,137270000.0,185.25
36,11913117000000,38000,0.0379737,0.018,26.334,55.5556,4000000000,1.0,72000000.0,1296000.0,18.0
36,11913118000000,42000,0.0348333,0.005,28.7081,200.0,4000000000,1.0,20000000.0,100000.0,5.0
36,11913119000000,43000,0.0340233,0.0,29.3917,0.0,1000000000,0.8,0.0,0.0,0.0
36,11913120000000,44000,0.0343409,0.048,29.1198,20.8333,1000000000,0.8,38400000.0,1843200.0,48.0
36,11913121000000,48000,0.0318958,0.005,31.3521,200.0,4000000000,1.0,20000000.0,100000.0,5.0
36,11913122000000,49000,0.032551,0.064,30.721,15.625,1000000000,0.8,51200000.0,3276800.0,64.0
36,11913123000000,50000,0.03256,0.033,30.7125,30.303,1000000000,0.8,26400000.0,871200.0,33.0
36,11913124000000,54000,0.031537,0.01875,31.7087,53.3333,4000000000,1.0,75000000.0,1406250.0,18.75
36,11913125000000,55000,0.0312545,0.016,31.9953,62.5,1000000000,0.8,12800000.0,204800.0,16.0
36,11913126000000,59000,0.0302881,0.017,33.0162,58.8235,4000000000,1.0,68000000.0,1156000.0,17.0
36,11913127000000,63000,0.0288889,0.00825,34.6154,121.212,4000000000,1.0,33000000.0,272250.0,8.25
36,11913128000000,67000,0.0282836,0.01875,35.3562,53.3333,4000000000,1.0,75000000.0,1406250.0,18.75
36,11913129000000,71000,0.0268732,0.00325,37.2117,307.692,4000000000,1.0,13000000.0,42250.0,3.25
36,11913130000000,75000,0.02544,0.0,39.3082,0.0,4000000000,1.0,0.0,0.0,0.0
36,11913131000000,79000,0.0247089,0.011,40.4713,90.9091,4000000000,1.0,44000000.0,484000.0,11.0
36,11913132000000,83000,0.0240482,0.011,41.5832,90.9091,4000000000,1.0,44000000.0,484000.0,11.0
37,11913101000000,1000,0.016,0.016,62.5,62.5,1000000000,0.8,12800000.0,204800.0,16.0
37,11913102000000,2000,0.024,0.032,41.6667,31.25,1000000000,0.8,25600000.0,819200.0,32.0
37,11913103000000,3000,0.0213333,0.016,46.875,62.5,1000000000,0.8,12800000.0,204800.0,16.0
37,11913104000000,4000,0.024,0.032,41.6667,31.25,1000000000,0.8,25600000.0,819200.0,32.0
37,11913105000000,5000,0.0224,0.016,44.6429,62.5,1000000000,0.8,12800000.0,204800.0,16.0
37,11913106000000,6000,0.0206667,0.012,48.3871,83.3333,1000000000,0.8,9600000.0,115200.0,12.0
37,11913107000000,7000,0.0205714,0.02,48.6111,50.0,1000000000,0.8,16000000.0,320000.0,20.0
37,11913108000000,8000,0.02,0.016,50.0,62.5,1000000000,0.8,12800000.0,204800.0,16.0
37,11913109000000,9000,0.0213333,0.032,46.875,31.25,1000000000,0.8,25600000.0,819200.0,32.0
37,11913110000000,13000,0.0156923,0.003,63.7255,333.333,4000000000,1.0,12000000.0,36000.0,3.0
37,11913111000000,17000,0.0190588,0.03,52.4691,33.3333,4000000000,1.0,120000000.0,3600000.0,30.0
37,11913112000000,18000,0.0186667,0.012,53.5714,83.3333,1000000000,0.8,9600000.0,115200.0,12.0
37,11913113000000,22000,0.0207273,0.03,48.2456,33.3333,4000000000,1.0,120000000.0,3600000.0,30.0
37,11913114000000,26000,0.018,0.003,55.5556,333.333,4000000000,1.0,12000000.0,36000.0,3.0
37,11913115000000,30000,0.021,0.0405,47.619,24.6914,4000000000,1.0,162000000.0,6561000.0,40.5
37,11913116000000,34000,0.0403235,0.18525,24.7994,5.39811,4000000000,1.0,741000000.0,137270000.0,185.25
37,11913117000000,38000,0.0379737,0.018,26.334,55.5556,4000000000,1.0,72000000.0,1296000.0,18.0
37,11913118000000,42000,0.0348333,0.005,28.7081,200.0,4000000000,1.0,20000000.0,100000.0,5.0
37,11913119000000,43000,0.0340233,0.0,29.3917,0.0,1000000000,0.8,0.0,0.0,0.0
37,11913120000000,44000,0.0343409,0.048,29.1198,20.8333,1000000000,0.8,38400000.0,1843200.0,48.0
37,11913121000000,48000,0.0318958,0.005,31.3521,200.0,4000000000,1.0,20000000.0,100000.0,5.0
37,11913122000000,49000,0.032551,0.064,30.721,15.625,1000000000,0.8,51200000.0,3276800.0,64.0
37,11913123000000,50000,0.03256,0.033,30.7125,30.303,1000000000,0.8,26400000.0,871200.0,33.0
37,11913124000000,54000,0.031537,0.01875,31.7087,53.3333,4000000000,1.0,75000000.0,1406250.0,18.75
37,11913125000000,55000,0.0312545,0.016,31.9953,62.5,1000000000,0.8,12800000.0,204800.0,16.0
37,11913126000000,59000,0.0302881,0.017,33.0162,58.8235,4000000000,1.0,68000000.0,1156000.0,17.0
37,11913127000000,63000,0.0288889,0.00825,34.6154,121.212,4000000000,1.0,33000000.0,272250.0,8.25
37,11913128000000,67000,0.0282836,0.01875,35.3562,53.3333,4000000000,1.0,75000000.0,1406250.0,18.75
37,11913129000000,71000,0.0268732,0.00325,37.2117,307.692,4000000000,1.0,13000000.0,42250.0,3.25
37,11913130000000,75000,0.02544,0.0,39.3082,0.0,4000000000,1.0,0.0,0.0,0.0
37,11913131000000,79000,0.0247089,0.011,40.4713,90.9091,4000000000,1.0,44000000.0,484000.0,11.0
37,11913132000000,83000,0.0240482,0.011,41.5832,90.9091,4000000000,1.0,44000000.0,484000.0,11.0
38,11913101000000,1000,0.016,0.016,62.5,62.5,1000000000,0.8,12800000.0,204800.0,16.0
38,11913102000000,2000,0.024,0.032,41.6667,31.25,1000000000,0.8,25600000.0,819200.0,32.0
38,11913103000000,3000,0.0213333,0.016,46.875,62.5,1000000000,0.8,12800000.0,204800.0,16.0
38,11913104000000,4000,0.024,0.032,41.6667,31.25,1000000000,0.8,25600000.0,819200.0,32.0
38,11913105000000,5000,0.0224,0.016,44.6429,62.5,1000000000,0.8,12800000.0,204800.0,16.0
38,11913106000000,6000,0.0206667,0.012,48.3871,83.3333,1000000000,0.8,9600000.0,115200.0,12.0
38,11913107000000,7000,0.0205714,0.02,48.6111,50.0,1000000000,0.8,16000000.0,320000.0,20.0
38,11913108000000,8000,0.02,0.016,50.0,62.5,1000000000,0.8,12800000.0,204800.0,16.0
38,11913109000000,9000,0.0213333,0.032,46.875,31.25,1000000000,0.8,25600000.0,819200.0,32.0
38,11913110000000,13000,0.0156923,0.003,63.7255,333.333,4000000000,1.0,12000000.0,36000.0,3.0
38,11913111000000,17000,0.0190588,0.03,52.4691,33.3333,4000000000,1.0,120000000.0,3600000.0,30.0
38,11913112000000,18000,0.0186667,0.012,53.5714,83.3333,1000000000,0.8,9600000.0,115200.0,12.0
38,11913113000000,22000,0.0207273,0.03,48.2456,33.3333,4000000000,1.0,120000000.0,3600000.0,30.0
38,11913114000000,26000,0.018,0.003,55.5556,333.333,4000000000,1.0,12000000.0,36000.0,3.0
38,11913115000000,30000,0.021,0.0405,47.619,24.6914,4000000000,1.0,162000000.0,6561000.0,40.5
38,11913116000000,34000,0.0403235,0.18525,24.7994,5.39811,4000000000,1.0,741000000.0,137270000.0,185.25
38,11913117000000,38000,0.0379737,0.018,26.334,55.5556,4000000000,1.0,72000000.0,1296000.0,18.0
38,11913118000000,42000,0.0348333,0.005,28.7081,200.0,4000000000,1.0,20000000.0,100000.0,5.0
38,11913119000000,43000,0.0340233,0.0,29.3917,0.0,1000000000,0.8,0.0,0.0,0.0
38,11913120000000,44000,0.0343409,0.048,29.1198,20.8333,1000000000,0.8,38400000.0,1843200.0,48.0
38,11913121000000,48000,0.0318958,0.005,31.3521,200.0,4000000000,1.0,20000000.0,100000.0,5.0
38,11913122000000,49000,0.032551,0.064,30.721,15.625,1000000000,0.8,51200000.0,3276800.0,64.0
38,11913123000000,50000,0.03256,0.033,30.7125,30.303,1000000000,0.8,26400000.0,871200.0,33.0
38,11913124000000,54000,0.031537,0.01875,31.7087,53.3333,4000000000,1.0,75000000.0,1406250.0,18.75
38,11913125000000,55000,0.0312545,0.016,31.9953,62.5,1000000000,0.8,12800000.0,204800.0,16.0
38,11913126000000,59000,0.0302881,0.017,33.0162,58.8235,4000000000,1.0,68000000.0,1156000.0,17.0
38,11913127000000,63000,0.0288889,0.00825,34.6154,121.212,4000000000,1.0,33000000.0,272250.0,8.25
38,11913128000000,67000,0.0282836,0.01875,35.3562,53.3333,4000000000,1.0,75000000.0,1406250.0,18.75
38,11913129000000,71000,0.0268732,0.00325,37.2117,307.692,4000000000,1.0,13000000.0,42250.0,3.25
38,11913130000000,75000,0.02544,0.0,39.3082,0.0,4000000000,1.0,0.0,0.0,0.0
38,11913131000000,79000,0.0247089,0.011,40.4713,90.9091,4000000000,1.0,44000000.0,484000.0,11.0
38,11913132000000,83000,0.0240482,0.011,41.5832,90.9091,4000000000,1.0,44000000.0,484000.0,11.0
39,11913101000000,1000,0.016,0.016,62.5,62.5,1000000000,0.8,12800000.0,204800.0,16.0
39,11913102000000,2000,0.024,0.032,41.6667,31.25,1000000000,0.8,25600000.0,819200.0,32.0
39,11913103000000,3000,0.0213333,0.016,46.875,62.5,1000000000,0.8,12800000.0,204800.0,16.0
39,11913104000000,4000,0.024,0.032,41.6667,31.25,1000000000,0.8,25600000.0,819200.0,32.0
39,11913105000000,5000,0.0224,0.016,44.6429,62.5,1000000000,0.8,12800000.0,204800.0,16.0
39,11913106000000,6000,0.0206667,0.012,48.3871,83.3333,1000000000,0.8,9600000.0,115200.0,12.0
39,11913107000000,7000,0.0205714,0.02,48.6111,50.0,1000000000,0.8,16000000.0,320000.0,20.0
39,11913108000000,8000,0.02,0.016,50.0,62.5,1000000000,0.8,12800000.0,204800.0,16.0
39,11913109000000,9000,0.0213333,0.032,46.875,31.25,1000000000,0.8,25600000.0,819200.0,32.0
39,11913110000000,13000,0.0156923,0.003,63.7255,333.333,4000000000,1.0,12000000.0,36000.0,3.0
39,11913111000000,17000,0.0190588,0.03,52.4691,33.3333,4000000000,1.0,120000000.0,3600000.0,30.0
39,11913112000000,18000,0.0186667,0.012,53.5714,83.3333,1000000000,0.8,9600000.0,115200.0,12.0
39,11913113000000,22000,0.0207273,0.03,48.2456,33.3333,4000000000,1.0,120000000.0,3600000.0,30.0
39,11913114000000,26000,0.018,0.003,55.5556,333.333,4000000000,1.0,12000000.0,36000.0,3.0
39,11913115000000,30000,0.021,0.0405,47.619,24.6914,4000000000,1.0,162000000.0,6561000.0,40.5
39,11913116000000,34000,0.0403235,0.18525,24.7994,5.39811,4000000000,1.0,741000000.0,137270000.0,185.25
39,11913117000000,38000,0.0379737,0.018,26.334,55.5556,4000000000,1.0,72000000.0,1296000.0,18.0
39,11913118000000,42000,0.0348333,0.005,28.7081,200.0,4000000000,1.0,20000000.0,100000.0,5.0
39,11913119000000,43000,0.0340698,0.002,29.3515,500.0,1000000000,0.8,1600000.0,3200.0,2.0
39,11913120000000,44000,0.0347955,0.066,28.7394,15.1515,1000000000,0.8,52800000.0,3484800.0,66.0
39,11913121000000,48000,0.0328125,0.011,30.4762,90.9091,4000000000,1.0,44000000.0,484000.0,11.0
39,11913122000000,49000,0.0333061,0.057,30.0245,17.5439,1000000000,0.8,45600000.0,2599200.0,57.0
39,11913123000000,50000,0.03438,0.087,29.0867,11.4943,1000000000,0.8,69600000.0,6055200.0,87.0
39,11913124000000,54000,0.0327222,0.012,30.5603,83.3333,4000000000,1.0,48000000.0,576000.0,12.0
39,11913125000000,55000,0.0331455,0.056,30.17,17.8571,1000000000,0.8,44800000.0,2508800.0,56.0
39,11913126000000,59000,0.0308983,0.0,32.3642,0.0,4000000000,1.0,0.0,0.0,0.0
39,11913127000000,63000,0.0303333,0.022,32.967,45.4545,4000000000,1.0,88000000.0,1936000.0,22.0
39,11913128000000,67000,0.029791,0.02125,33.5671,47.0588,4000000000,1.0,85000000.0,1806250.0,21.25
39,11913129000000,68430,0.0292854,0.00559441,34.1467,178.75,4000000000,1.0,22377600.0,125189.0,2.0
39,11913130000000,68430,0.0292854,,34.1467,0.0,4000000000,1.0,,,0.0
39,11913131000000,68430,0.0292854,,34.1467,0.0,4000000000,1.0,,,0.0
39,11913132000000,68430,0.0292854,,34.1467,0.0,4000000000,1.0,,,0.0
