CU,perfLevel,clock,Cycles,IPC,CPI,CPI_delta,ED2P,EDP,Frequency,IPC_delta,Sensitivity,Voltage
0,0,12513501000000,4000,0.155,6.45161,6.45161,9.61e+07,6.2e+08,4000000000,0.155,155,1
0,0,12513502000000,8000,0.09575,10.4439,27.3973,5.329e+06,1.46e+08,4000000000,0.0365,36.5,1
0,0,12513503000000,12000,0.116333,8.59599,6.34921,9.9225e+07,6.3e+08,4000000000,0.1575,157.5,1
0,1,12513504000000,14000,0.109714,9.11458,14.2857,8.82e+06,1.26e+08,2000000000,0.07,70,0.9
0,0,12513505000000,18000,0.105222,9.5037,11.1732,3.2041e+07,3.58e+08,4000000000,0.0895,89.5,1
0,1,12513506000000,20000,0.1086,9.2081,7.19424,3.47778e+07,2.502e+08,2000000000,0.139,139,0.9
0,0,12513507000000,24000,0.0955,10.4712,33.3333,3.6e+06,1.2e+08,4000000000,0.03,30,1
0,0,12513508000000,28000,0.104857,9.53678,6.21118,1.03684e+08,6.44e+08,4000000000,0.161,161,1
0,0,12513509000000,32000,0.096375,10.3761,27.027,5.476e+06,1.48e+08,4000000000,0.037,37,1
0,0,12513510000000,36000,0.102333,9.77199,6.66667,9e+07,6e+08,4000000000,0.15,150,1
0,1,12513511000000,38000,0.101368,9.86501,11.9048,1.27008e+07,1.512e+08,2000000000,0.084,84,0.9
0,0,12513512000000,42000,0.0972857,10.279,17.094,1.3689e+07,2.34e+08,4000000000,0.0585,58.5,1
0,1,12513513000000,44000,0.101545,9.84781,5.2356,6.56658e+07,3.438e+08,2000000000,0.191,191,0.9
0,0,12513514000000,48000,0.09575,10.4439,31.25,4.096e+06,1.28e+08,4000000000,0.032,32,1
0,0,12513515000000,52000,0.100769,9.92366,6.21118,1.03684e+08,6.44e+08,4000000000,0.161,161,1
0,1,12513516000000,54000,0.0993519,10.0652,16,7.03125e+06,1.125e+08,2000000000,0.0625,62.5,0.9
0,0,12513517000000,58000,0.10331,9.67957,6.37959,9.82822e+07,6.27e+08,4000000000,0.15675,156.75,1
0,1,12513518000000,60000,0.102,9.80392,15.625,7.3728e+06,1.152e+08,2000000000,0.064,64,0.9
0,0,12513519000000,64000,0.0993125,10.0692,16.9492,1.3924e+07,2.36e+08,4000000000,0.059,59,1
0,1,12513520000000,66000,0.102545,9.75177,4.85437,7.63848e+07,3.708e+08,2000000000,0.206,206,0.9
0,1,12513521000000,68000,0.101485,9.85364,15.0376,7.96005e+06,1.197e+08,2000000000,0.0665,66.5,0.9
0,0,12513522000000,72000,0.104611,9.55921,6.33914,9.95402e+07,6.31e+08,4000000000,0.15775,157.75,1
0,1,12513523000000,74000,0.103568,9.65553,15.1515,7.8408e+06,1.188e+08,2000000000,0.066,66,0.9
0,0,12513524000000,78000,0.106513,9.38854,6.21118,1.03684e+08,6.44e+08,4000000000,0.161,161,1
0,1,12513525000000,80000,0.1056,9.4697,14.2857,8.82e+06,1.26e+08,2000000000,0.07,70,0.9
0,0,12513526000000,84000,0.102286,9.77654,27.7778,5.184e+06,1.44e+08,4000000000,0.036,36,1
0,1,12513527000000,86000,0.105581,9.47137,4.09836,1.07165e+08,4.392e+08,2000000000,0.244,244,0.9
0,1,12513528000000,88000,0.104864,9.53619,13.5135,9.8568e+06,1.332e+08,2000000000,0.074,74,0.9
0,0,12513529000000,92000,0.10687,9.3572,6.62252,9.1204e+07,6.04e+08,4000000000,0.151,151,1
0,1,12513530000000,94000,0.105947,9.4387,15.748,7.25805e+06,1.143e+08,2000000000,0.0635,63.5,0.9
0,0,12513531000000,98000,0.108245,9.23831,6.16333,1.053e+08,6.49e+08,4000000000,0.16225,162.25,1
0,1,12513532000000,100000,0.10734,9.31619,15.873,7.1442e+06,1.134e+08,2000000000,0.063,63,0.9
0,0,12513533000000,104000,0.104298,9.5879,35.3982,3.19225e+06,1.13e+08,4000000000,0.02825,28.25,1
0,1,12513534000000,106000,0.107245,9.32442,3.83877,1.22148e+08,4.689e+08,2000000000,0.2605,260.5,0.9
0,1,12513535000000,108000,0.106778,9.36524,12.1951,1.21032e+07,1.476e+08,2000000000,0.082,82,0.9
0,0,12513536000000,112000,0.108357,9.22874,6.62252,9.1204e+07,6.04e+08,4000000000,0.151,151,1
0,1,12513537000000,114000,0.10757,9.29626,15.748,7.25805e+06,1.143e+08,2000000000,0.0635,63.5,0.9
0,0,12513538000000,118000,0.109424,9.13879,6.16333,1.053e+08,6.49e+08,4000000000,0.16225,162.25,1
0,1,12513539000000,120000,0.10865,9.20387,15.873,7.1442e+06,1.134e+08,2000000000,0.063,63,0.9
0,0,12513540000000,124000,0.106024,9.43181,36.6972,2.97025e+06,1.09e+08,4000000000,0.02725,27.25,1
0,0,12513541000000,128000,0.109781,9.10902,4.41989,2.04756e+08,9.05e+08,4000000000,0.22625,226.25,1
0,0,12513542000000,132000,0.107311,9.31874,35.3982,3.19225e+06,1.13e+08,4000000000,0.02825,28.25,1
0,0,12513543000000,136000,0.108706,9.19913,6.46204,9.57902e+07,6.19e+08,4000000000,0.15475,154.75,1
0,0,12513544000000,140000,0.106621,9.37898,27.972,5.11225e+06,1.43e+08,4000000000,0.03575,35.75,1
0,0,12513545000000,144000,0.103667,9.6463,4000,250,1e+06,4000000000,0.00025,0.25,1
0,0,12513546000000,148000,0.105,9.52381,6.53595,9.3636e+07,6.12e+08,4000000000,0.153,153,1
0,0,12513547000000,152000,0.103342,9.6766,23.8095,7.056e+06,1.68e+08,4000000000,0.042,42,1
1,0,12513501000000,4000,0.155,6.45161,6.45161,9.61e+07,6.2e+08,4000000000,0.155,155,1
1,0,12513502000000,8000,0.09575,10.4439,27.3973,5.329e+06,1.46e+08,4000000000,0.0365,36.5,1
1,0,12513503000000,12000,0.116333,8.59599,6.34921,9.9225e+07,6.3e+08,4000000000,0.1575,157.5,1
1,1,12513504000000,14000,0.109714,9.11458,14.2857,8.82e+06,1.26e+08,2000000000,0.07,70,0.9
1,0,12513505000000,18000,0.105222,9.5037,11.1732,3.2041e+07,3.58e+08,4000000000,0.0895,89.5,1
1,1,12513506000000,20000,0.1086,9.2081,7.19424,3.47778e+07,2.502e+08,2000000000,0.139,139,0.9
1,0,12513507000000,24000,0.0955,10.4712,33.3333,3.6e+06,1.2e+08,4000000000,0.03,30,1
1,0,12513508000000,28000,0.104857,9.53678,6.21118,1.03684e+08,6.44e+08,4000000000,0.161,161,1
1,0,12513509000000,32000,0.096375,10.3761,27.027,5.476e+06,1.48e+08,4000000000,0.037,37,1
1,0,12513510000000,36000,0.102333,9.77199,6.66667,9e+07,6e+08,4000000000,0.15,150,1
1,1,12513511000000,38000,0.101368,9.86501,11.9048,1.27008e+07,1.512e+08,2000000000,0.084,84,0.9
1,0,12513512000000,42000,0.0972857,10.279,17.094,1.3689e+07,2.34e+08,4000000000,0.0585,58.5,1
1,1,12513513000000,44000,0.101545,9.84781,5.2356,6.56658e+07,3.438e+08,2000000000,0.191,191,0.9
1,0,12513514000000,48000,0.09575,10.4439,31.25,4.096e+06,1.28e+08,4000000000,0.032,32,1
1,0,12513515000000,52000,0.100769,9.92366,6.21118,1.03684e+08,6.44e+08,4000000000,0.161,161,1
1,1,12513516000000,54000,0.0993519,10.0652,16,7.03125e+06,1.125e+08,2000000000,0.0625,62.5,0.9
1,0,12513517000000,58000,0.10331,9.67957,6.37959,9.82822e+07,6.27e+08,4000000000,0.15675,156.75,1
1,1,12513518000000,60000,0.102,9.80392,15.625,7.3728e+06,1.152e+08,2000000000,0.064,64,0.9
1,0,12513519000000,64000,0.0993125,10.0692,16.9492,1.3924e+07,2.36e+08,4000000000,0.059,59,1
1,1,12513520000000,66000,0.102545,9.75177,4.85437,7.63848e+07,3.708e+08,2000000000,0.206,206,0.9
1,1,12513521000000,68000,0.101485,9.85364,15.0376,7.96005e+06,1.197e+08,2000000000,0.0665,66.5,0.9
1,0,12513522000000,72000,0.104611,9.55921,6.33914,9.95402e+07,6.31e+08,4000000000,0.15775,157.75,1
1,1,12513523000000,74000,0.103568,9.65553,15.1515,7.8408e+06,1.188e+08,2000000000,0.066,66,0.9
1,0,12513524000000,78000,0.106513,9.38854,6.21118,1.03684e+08,6.44e+08,4000000000,0.161,161,1
1,1,12513525000000,80000,0.1056,9.4697,14.2857,8.82e+06,1.26e+08,2000000000,0.07,70,0.9
1,0,12513526000000,84000,0.102286,9.77654,27.7778,5.184e+06,1.44e+08,4000000000,0.036,36,1
1,1,12513527000000,86000,0.105581,9.47137,4.09836,1.07165e+08,4.392e+08,2000000000,0.244,244,0.9
1,1,12513528000000,88000,0.104864,9.53619,13.5135,9.8568e+06,1.332e+08,2000000000,0.074,74,0.9
1,0,12513529000000,92000,0.10687,9.3572,6.62252,9.1204e+07,6.04e+08,4000000000,0.151,151,1
1,1,12513530000000,94000,0.105947,9.4387,15.748,7.25805e+06,1.143e+08,2000000000,0.0635,63.5,0.9
1,0,12513531000000,98000,0.108245,9.23831,6.16333,1.053e+08,6.49e+08,4000000000,0.16225,162.25,1
1,1,12513532000000,100000,0.10734,9.31619,15.873,7.1442e+06,1.134e+08,2000000000,0.063,63,0.9
1,0,12513533000000,104000,0.104298,9.5879,35.3982,3.19225e+06,1.13e+08,4000000000,0.02825,28.25,1
1,1,12513534000000,106000,0.107245,9.32442,3.83877,1.22148e+08,4.689e+08,2000000000,0.2605,260.5,0.9
1,1,12513535000000,108000,0.106778,9.36524,12.1951,1.21032e+07,1.476e+08,2000000000,0.082,82,0.9
1,0,12513536000000,112000,0.108357,9.22874,6.62252,9.1204e+07,6.04e+08,4000000000,0.151,151,1
1,1,12513537000000,114000,0.10757,9.29626,15.748,7.25805e+06,1.143e+08,2000000000,0.0635,63.5,0.9
1,0,12513538000000,118000,0.109424,9.13879,6.16333,1.053e+08,6.49e+08,4000000000,0.16225,162.25,1
1,1,12513539000000,120000,0.10865,9.20387,15.873,7.1442e+06,1.134e+08,2000000000,0.063,63,0.9
1,0,12513540000000,124000,0.106024,9.43181,36.6972,2.97025e+06,1.09e+08,4000000000,0.02725,27.25,1
1,0,12513541000000,128000,0.109781,9.10902,4.41989,2.04756e+08,9.05e+08,4000000000,0.22625,226.25,1
1,0,12513542000000,132000,0.107311,9.31874,35.3982,3.19225e+06,1.13e+08,4000000000,0.02825,28.25,1
1,0,12513543000000,136000,0.108706,9.19913,6.46204,9.57902e+07,6.19e+08,4000000000,0.15475,154.75,1
1,0,12513544000000,140000,0.106621,9.37898,27.972,5.11225e+06,1.43e+08,4000000000,0.03575,35.75,1
1,0,12513545000000,144000,0.103667,9.6463,4000,250,1e+06,4000000000,0.00025,0.25,1
1,0,12513546000000,148000,0.105,9.52381,6.53595,9.3636e+07,6.12e+08,4000000000,0.153,153,1
1,0,12513547000000,152000,0.103342,9.6766,23.8095,7.056e+06,1.68e+08,4000000000,0.042,42,1
2,0,12513501000000,4000,0.155,6.45161,6.45161,9.61e+07,6.2e+08,4000000000,0.155,155,1
2,0,12513502000000,8000,0.09575,10.4439,27.3973,5.329e+06,1.46e+08,4000000000,0.0365,36.5,1
2,0,12513503000000,12000,0.116333,8.59599,6.34921,9.9225e+07,6.3e+08,4000000000,0.1575,157.5,1
2,1,12513504000000,14000,0.109714,9.11458,14.2857,8.82e+06,1.26e+08,2000000000,0.07,70,0.9
2,0,12513505000000,18000,0.105222,9.5037,11.1732,3.2041e+07,3.58e+08,4000000000,0.0895,89.5,1
2,1,12513506000000,20000,0.1086,9.2081,7.19424,3.47778e+07,2.502e+08,2000000000,0.139,139,0.9
2,0,12513507000000,24000,0.0955,10.4712,33.3333,3.6e+06,1.2e+08,4000000000,0.03,30,1
2,0,12513508000000,28000,0.104857,9.53678,6.21118,1.03684e+08,6.44e+08,4000000000,0.161,161,1
2,0,12513509000000,32000,0.096375,10.3761,27.027,5.476e+06,1.48e+08,4000000000,0.037,37,1
2,0,12513510000000,36000,0.102333,9.77199,6.66667,9e+07,6e+08,4000000000,0.15,150,1
2,1,12513511000000,38000,0.101368,9.86501,11.9048,1.27008e+07,1.512e+08,2000000000,0.084,84,0.9
2,0,12513512000000,42000,0.0972857,10.279,17.094,1.3689e+07,2.34e+08,4000000000,0.0585,58.5,1
2,1,12513513000000,44000,0.101545,9.84781,5.2356,6.56658e+07,3.438e+08,2000000000,0.191,191,0.9
2,0,12513514000000,48000,0.09575,10.4439,31.25,4.096e+06,1.28e+08,4000000000,0.032,32,1
2,0,12513515000000,52000,0.100769,9.92366,6.21118,1.03684e+08,6.44e+08,4000000000,0.161,161,1
2,1,12513516000000,54000,0.0993519,10.0652,16,7.03125e+06,1.125e+08,2000000000,0.0625,62.5,0.9
2,0,12513517000000,58000,0.10331,9.67957,6.37959,9.82822e+07,6.27e+08,4000000000,0.15675,156.75,1
2,1,12513518000000,60000,0.102,9.80392,15.625,7.3728e+06,1.152e+08,2000000000,0.064,64,0.9
2,0,12513519000000,64000,0.0993125,10.0692,16.9492,1.3924e+07,2.36e+08,4000000000,0.059,59,1
2,1,12513520000000,66000,0.102545,9.75177,4.85437,7.63848e+07,3.708e+08,2000000000,0.206,206,0.9
2,1,12513521000000,68000,0.101485,9.85364,15.0376,7.96005e+06,1.197e+08,2000000000,0.0665,66.5,0.9
2,0,12513522000000,72000,0.104611,9.55921,6.33914,9.95402e+07,6.31e+08,4000000000,0.15775,157.75,1
2,1,12513523000000,74000,0.103568,9.65553,15.1515,7.8408e+06,1.188e+08,2000000000,0.066,66,0.9
2,0,12513524000000,78000,0.106513,9.38854,6.21118,1.03684e+08,6.44e+08,4000000000,0.161,161,1
2,1,12513525000000,80000,0.1056,9.4697,14.2857,8.82e+06,1.26e+08,2000000000,0.07,70,0.9
2,0,12513526000000,84000,0.102286,9.77654,27.7778,5.184e+06,1.44e+08,4000000000,0.036,36,1
2,1,12513527000000,86000,0.105581,9.47137,4.09836,1.07165e+08,4.392e+08,2000000000,0.244,244,0.9
2,1,12513528000000,88000,0.104864,9.53619,13.5135,9.8568e+06,1.332e+08,2000000000,0.074,74,0.9
2,0,12513529000000,92000,0.10687,9.3572,6.62252,9.1204e+07,6.04e+08,4000000000,0.151,151,1
2,1,12513530000000,94000,0.105947,9.4387,15.748,7.25805e+06,1.143e+08,2000000000,0.0635,63.5,0.9
2,0,12513531000000,98000,0.108245,9.23831,6.16333,1.053e+08,6.49e+08,4000000000,0.16225,162.25,1
2,1,12513532000000,100000,0.10734,9.31619,15.873,7.1442e+06,1.134e+08,2000000000,0.063,63,0.9
2,0,12513533000000,104000,0.104298,9.5879,35.3982,3.19225e+06,1.13e+08,4000000000,0.02825,28.25,1
2,1,12513534000000,106000,0.107245,9.32442,3.83877,1.22148e+08,4.689e+08,2000000000,0.2605,260.5,0.9
2,1,12513535000000,108000,0.106778,9.36524,12.1951,1.21032e+07,1.476e+08,2000000000,0.082,82,0.9
2,0,12513536000000,112000,0.108357,9.22874,6.62252,9.1204e+07,6.04e+08,4000000000,0.151,151,1
2,1,12513537000000,114000,0.10757,9.29626,15.748,7.25805e+06,1.143e+08,2000000000,0.0635,63.5,0.9
2,0,12513538000000,118000,0.109424,9.13879,6.16333,1.053e+08,6.49e+08,4000000000,0.16225,162.25,1
2,1,12513539000000,120000,0.10865,9.20387,15.873,7.1442e+06,1.134e+08,2000000000,0.063,63,0.9
2,0,12513540000000,124000,0.106024,9.43181,36.6972,2.97025e+06,1.09e+08,4000000000,0.02725,27.25,1
2,0,12513541000000,128000,0.109781,9.10902,4.41989,2.04756e+08,9.05e+08,4000000000,0.22625,226.25,1
2,0,12513542000000,132000,0.107311,9.31874,35.3982,3.19225e+06,1.13e+08,4000000000,0.02825,28.25,1
2,0,12513543000000,136000,0.108706,9.19913,6.46204,9.57902e+07,6.19e+08,4000000000,0.15475,154.75,1
2,0,12513544000000,140000,0.106621,9.37898,27.972,5.11225e+06,1.43e+08,4000000000,0.03575,35.75,1
2,0,12513545000000,144000,0.103667,9.6463,4000,250,1e+06,4000000000,0.00025,0.25,1
2,0,12513546000000,148000,0.105,9.52381,6.53595,9.3636e+07,6.12e+08,4000000000,0.153,153,1
2,0,12513547000000,152000,0.103342,9.6766,23.8095,7.056e+06,1.68e+08,4000000000,0.042,42,1
3,0,12513501000000,4000,0.155,6.45161,6.45161,9.61e+07,6.2e+08,4000000000,0.155,155,1
3,0,12513502000000,8000,0.09575,10.4439,27.3973,5.329e+06,1.46e+08,4000000000,0.0365,36.5,1
3,0,12513503000000,12000,0.116333,8.59599,6.34921,9.9225e+07,6.3e+08,4000000000,0.1575,157.5,1
3,1,12513504000000,14000,0.109714,9.11458,14.2857,8.82e+06,1.26e+08,2000000000,0.07,70,0.9
3,0,12513505000000,18000,0.105222,9.5037,11.1732,3.2041e+07,3.58e+08,4000000000,0.0895,89.5,1
3,1,12513506000000,20000,0.1086,9.2081,7.19424,3.47778e+07,2.502e+08,2000000000,0.139,139,0.9
3,0,12513507000000,24000,0.0955,10.4712,33.3333,3.6e+06,1.2e+08,4000000000,0.03,30,1
3,0,12513508000000,28000,0.104857,9.53678,6.21118,1.03684e+08,6.44e+08,4000000000,0.161,161,1
3,0,12513509000000,32000,0.096375,10.3761,27.027,5.476e+06,1.48e+08,4000000000,0.037,37,1
3,0,12513510000000,36000,0.102333,9.77199,6.66667,9e+07,6e+08,4000000000,0.15,150,1
3,1,12513511000000,38000,0.101368,9.86501,11.9048,1.27008e+07,1.512e+08,2000000000,0.084,84,0.9
3,0,12513512000000,42000,0.0972857,10.279,17.094,1.3689e+07,2.34e+08,4000000000,0.0585,58.5,1
3,1,12513513000000,44000,0.101545,9.84781,5.2356,6.56658e+07,3.438e+08,2000000000,0.191,191,0.9
3,0,12513514000000,48000,0.09575,10.4439,31.25,4.096e+06,1.28e+08,4000000000,0.032,32,1
3,0,12513515000000,52000,0.100769,9.92366,6.21118,1.03684e+08,6.44e+08,4000000000,0.161,161,1
3,1,12513516000000,54000,0.0993519,10.0652,16,7.03125e+06,1.125e+08,2000000000,0.0625,62.5,0.9
3,0,12513517000000,58000,0.10331,9.67957,6.37959,9.82822e+07,6.27e+08,4000000000,0.15675,156.75,1
3,1,12513518000000,60000,0.102,9.80392,15.625,7.3728e+06,1.152e+08,2000000000,0.064,64,0.9
3,0,12513519000000,64000,0.0993125,10.0692,16.9492,1.3924e+07,2.36e+08,4000000000,0.059,59,1
3,1,12513520000000,66000,0.102545,9.75177,4.85437,7.63848e+07,3.708e+08,2000000000,0.206,206,0.9
3,1,12513521000000,68000,0.101485,9.85364,15.0376,7.96005e+06,1.197e+08,2000000000,0.0665,66.5,0.9
3,0,12513522000000,72000,0.104611,9.55921,6.33914,9.95402e+07,6.31e+08,4000000000,0.15775,157.75,1
3,1,12513523000000,74000,0.103568,9.65553,15.1515,7.8408e+06,1.188e+08,2000000000,0.066,66,0.9
3,0,12513524000000,78000,0.106513,9.38854,6.21118,1.03684e+08,6.44e+08,4000000000,0.161,161,1
3,1,12513525000000,80000,0.1056,9.4697,14.2857,8.82e+06,1.26e+08,2000000000,0.07,70,0.9
3,0,12513526000000,84000,0.102286,9.77654,27.7778,5.184e+06,1.44e+08,4000000000,0.036,36,1
3,1,12513527000000,86000,0.105581,9.47137,4.09836,1.07165e+08,4.392e+08,2000000000,0.244,244,0.9
3,1,12513528000000,88000,0.104864,9.53619,13.5135,9.8568e+06,1.332e+08,2000000000,0.074,74,0.9
3,0,12513529000000,92000,0.10687,9.3572,6.62252,9.1204e+07,6.04e+08,4000000000,0.151,151,1
3,1,12513530000000,94000,0.105947,9.4387,15.748,7.25805e+06,1.143e+08,2000000000,0.0635,63.5,0.9
3,0,12513531000000,98000,0.108245,9.23831,6.16333,1.053e+08,6.49e+08,4000000000,0.16225,162.25,1
3,1,12513532000000,100000,0.10734,9.31619,15.873,7.1442e+06,1.134e+08,2000000000,0.063,63,0.9
3,0,12513533000000,104000,0.104298,9.5879,35.3982,3.19225e+06,1.13e+08,4000000000,0.02825,28.25,1
3,1,12513534000000,106000,0.107245,9.32442,3.83877,1.22148e+08,4.689e+08,2000000000,0.2605,260.5,0.9
3,1,12513535000000,108000,0.106778,9.36524,12.1951,1.21032e+07,1.476e+08,2000000000,0.082,82,0.9
3,0,12513536000000,112000,0.108357,9.22874,6.62252,9.1204e+07,6.04e+08,4000000000,0.151,151,1
3,1,12513537000000,114000,0.10757,9.29626,15.748,7.25805e+06,1.143e+08,2000000000,0.0635,63.5,0.9
3,0,12513538000000,118000,0.109424,9.13879,6.16333,1.053e+08,6.49e+08,4000000000,0.16225,162.25,1
3,1,12513539000000,120000,0.10865,9.20387,15.873,7.1442e+06,1.134e+08,2000000000,0.063,63,0.9
3,0,12513540000000,124000,0.106024,9.43181,36.6972,2.97025e+06,1.09e+08,4000000000,0.02725,27.25,1
3,0,12513541000000,128000,0.109781,9.10902,4.41989,2.04756e+08,9.05e+08,4000000000,0.22625,226.25,1
3,0,12513542000000,132000,0.107311,9.31874,35.3982,3.19225e+06,1.13e+08,4000000000,0.02825,28.25,1
3,0,12513543000000,136000,0.108706,9.19913,6.46204,9.57902e+07,6.19e+08,4000000000,0.15475,154.75,1
3,0,12513544000000,140000,0.106621,9.37898,27.972,5.11225e+06,1.43e+08,4000000000,0.03575,35.75,1
3,0,12513545000000,144000,0.103667,9.6463,4000,250,1e+06,4000000000,0.00025,0.25,1
3,0,12513546000000,148000,0.105,9.52381,6.53595,9.3636e+07,6.12e+08,4000000000,0.153,153,1
3,0,12513547000000,152000,0.103342,9.6766,23.8095,7.056e+06,1.68e+08,4000000000,0.042,42,1
4,0,12513501000000,4000,0.03,33.3333,33.3333,3.6e+06,1.2e+08,4000000000,0.03,30,1
4,0,12513502000000,8000,0.026625,37.5587,43.0108,2.16225e+06,9.3e+07,4000000000,0.02325,23.25,1
4,0,12513503000000,12000,0.068,14.7059,6.6335,9.09022e+07,6.03e+08,4000000000,0.15075,150.75,1
4,1,12513504000000,14000,0.0682857,14.6444,14.2857,8.82e+06,1.26e+08,2000000000,0.07,70,0.9
4,0,12513505000000,18000,0.0871111,11.4796,6.53595,9.3636e+07,6.12e+08,4000000000,0.153,153,1
4,1,12513506000000,20000,0.0868,11.5207,11.9048,1.27008e+07,1.512e+08,2000000000,0.084,84,0.9
4,0,12513507000000,24000,0.0938333,10.6572,7.75194,6.6564e+07,5.16e+08,4000000000,0.129,129,1
4,0,12513508000000,28000,0.0837143,11.9454,43.4783,2.116e+06,9.2e+07,4000000000,0.023,23,1
4,0,12513509000000,32000,0.0778125,12.8514,27.3973,5.329e+06,1.46e+08,4000000000,0.0365,36.5,1
4,0,12513510000000,36000,0.0866667,11.5385,6.34921,9.9225e+07,6.3e+08,4000000000,0.1575,157.5,1
4,1,12513511000000,38000,0.0857895,11.6564,14.2857,8.82e+06,1.26e+08,2000000000,0.07,70,0.9
4,0,12513512000000,42000,0.0921905,10.8471,6.53595,9.3636e+07,6.12e+08,4000000000,0.153,153,1
4,1,12513513000000,44000,0.0918182,10.8911,11.9048,1.27008e+07,1.512e+08,2000000000,0.084,84,0.9
4,0,12513514000000,48000,0.0936042,10.6833,8.83002,5.13022e+07,4.53e+08,4000000000,0.11325,113.25,1
4,0,12513515000000,52000,0.0893846,11.1876,25.8065,6.00625e+06,1.55e+08,4000000000,0.03875,38.75,1
4,1,12513516000000,54000,0.0885185,11.2971,15.1515,7.8408e+06,1.188e+08,2000000000,0.066,66,0.9
4,0,12513517000000,58000,0.0935172,10.6932,6.21118,1.03684e+08,6.44e+08,4000000000,0.161,161,1
4,1,12513518000000,60000,0.0927333,10.7836,14.2857,8.82e+06,1.26e+08,2000000000,0.07,70,0.9
4,0,12513519000000,64000,0.0965,10.3627,6.53595,9.3636e+07,6.12e+08,4000000000,0.153,153,1
4,1,12513520000000,66000,0.0961212,10.4035,11.9048,1.27008e+07,1.512e+08,2000000000,0.084,84,0.9
4,1,12513521000000,68000,0.0972647,10.2812,7.40741,3.2805e+07,2.43e+08,2000000000,0.135,135,0.9
4,0,12513522000000,72000,0.0966111,10.3508,11.6959,2.9241e+07,3.42e+08,4000000000,0.0855,85.5,1
4,1,12513523000000,74000,0.0957027,10.449,15.873,7.1442e+06,1.134e+08,2000000000,0.063,63,0.9
4,0,12513524000000,78000,0.0991282,10.0879,6.15385,1.05625e+08,6.5e+08,4000000000,0.1625,162.5,1
4,1,12513525000000,80000,0.0985,10.1523,13.5135,9.8568e+06,1.332e+08,2000000000,0.074,74,0.9
4,0,12513526000000,84000,0.100952,9.90566,6.66667,9e+07,6e+08,4000000000,0.15,150,1
4,1,12513527000000,86000,0.100558,9.9445,11.9048,1.27008e+07,1.512e+08,2000000000,0.084,84,0.9
4,1,12513528000000,88000,0.100114,9.98865,12.3457,1.18098e+07,1.458e+08,2000000000,0.081,81,0.9
4,0,12513529000000,92000,0.100565,9.9438,9.04977,4.8841e+07,4.42e+08,4000000000,0.1105,110.5,1
4,1,12513530000000,94000,0.10017,9.98301,12.1951,1.21032e+07,1.476e+08,2000000000,0.082,82,0.9
4,0,12513531000000,98000,0.102327,9.77264,6.53595,9.3636e+07,6.12e+08,4000000000,0.153,153,1
4,1,12513532000000,100000,0.10155,9.84737,15.748,7.25805e+06,1.143e+08,2000000000,0.0635,63.5,0.9
4,0,12513533000000,104000,0.103817,9.63231,6.23053,1.03041e+08,6.42e+08,4000000000,0.1605,160.5,1
4,1,12513534000000,106000,0.103226,9.68744,13.7931,9.46125e+06,1.305e+08,2000000000,0.0725,72.5,0.9
4,1,12513535000000,108000,0.101907,9.81283,31.25,1.8432e+06,5.76e+07,2000000000,0.032,32,0.9
4,0,12513536000000,112000,0.10325,9.68523,7.16846,7.7841e+07,5.58e+08,4000000000,0.1395,139.5,1
4,1,12513537000000,114000,0.102702,9.73693,13.8889,9.3312e+06,1.296e+08,2000000000,0.072,72,0.9
4,0,12513538000000,118000,0.104407,9.57792,6.53595,9.3636e+07,6.12e+08,4000000000,0.153,153,1
4,1,12513539000000,120000,0.104067,9.60922,11.9048,1.27008e+07,1.512e+08,2000000000,0.084,84,0.9
4,0,12513540000000,124000,0.105323,9.49464,6.99301,8.1796e+07,5.72e+08,4000000000,0.143,143,1
4,0,12513541000000,128000,0.102313,9.77398,111.111,324000,3.6e+07,4000000000,0.009,9,1
4,0,12513542000000,132000,0.0998485,10.0152,47.619,1.764e+06,8.4e+07,4000000000,0.021,21,1
4,0,12513543000000,136000,0.0977941,10.2256,33.3333,3.6e+06,1.2e+08,4000000000,0.03,30,1
4,0,12513544000000,140000,0.0950857,10.5168,333.333,36000,1.2e+07,4000000000,0.003,3,1
4,0,12513545000000,144000,0.0932778,10.7207,33.3333,3.6e+06,1.2e+08,4000000000,0.03,30,1
4,0,12513546000000,148000,0.0908378,11.0086,333.333,36000,1.2e+07,4000000000,0.003,3,1
4,0,12513547000000,152000,0.0892368,11.2061,33.3333,3.6e+06,1.2e+08,4000000000,0.03,30,1
5,0,12513501000000,4000,0.03,33.3333,33.3333,3.6e+06,1.2e+08,4000000000,0.03,30,1
5,0,12513502000000,8000,0.026625,37.5587,43.0108,2.16225e+06,9.3e+07,4000000000,0.02325,23.25,1
5,0,12513503000000,12000,0.068,14.7059,6.6335,9.09022e+07,6.03e+08,4000000000,0.15075,150.75,1
5,1,12513504000000,14000,0.0682857,14.6444,14.2857,8.82e+06,1.26e+08,2000000000,0.07,70,0.9
5,0,12513505000000,18000,0.0871111,11.4796,6.53595,9.3636e+07,6.12e+08,4000000000,0.153,153,1
5,1,12513506000000,20000,0.0868,11.5207,11.9048,1.27008e+07,1.512e+08,2000000000,0.084,84,0.9
5,0,12513507000000,24000,0.0938333,10.6572,7.75194,6.6564e+07,5.16e+08,4000000000,0.129,129,1
5,0,12513508000000,28000,0.0837143,11.9454,43.4783,2.116e+06,9.2e+07,4000000000,0.023,23,1
5,0,12513509000000,32000,0.0778125,12.8514,27.3973,5.329e+06,1.46e+08,4000000000,0.0365,36.5,1
5,0,12513510000000,36000,0.0866667,11.5385,6.34921,9.9225e+07,6.3e+08,4000000000,0.1575,157.5,1
5,1,12513511000000,38000,0.0857895,11.6564,14.2857,8.82e+06,1.26e+08,2000000000,0.07,70,0.9
5,0,12513512000000,42000,0.0921905,10.8471,6.53595,9.3636e+07,6.12e+08,4000000000,0.153,153,1
5,1,12513513000000,44000,0.0918182,10.8911,11.9048,1.27008e+07,1.512e+08,2000000000,0.084,84,0.9
5,0,12513514000000,48000,0.0936042,10.6833,8.83002,5.13022e+07,4.53e+08,4000000000,0.11325,113.25,1
5,0,12513515000000,52000,0.0893846,11.1876,25.8065,6.00625e+06,1.55e+08,4000000000,0.03875,38.75,1
5,1,12513516000000,54000,0.0885185,11.2971,15.1515,7.8408e+06,1.188e+08,2000000000,0.066,66,0.9
5,0,12513517000000,58000,0.0935172,10.6932,6.21118,1.03684e+08,6.44e+08,4000000000,0.161,161,1
5,1,12513518000000,60000,0.0927333,10.7836,14.2857,8.82e+06,1.26e+08,2000000000,0.07,70,0.9
5,0,12513519000000,64000,0.0965,10.3627,6.53595,9.3636e+07,6.12e+08,4000000000,0.153,153,1
5,1,12513520000000,66000,0.0961212,10.4035,11.9048,1.27008e+07,1.512e+08,2000000000,0.084,84,0.9
5,1,12513521000000,68000,0.0972647,10.2812,7.40741,3.2805e+07,2.43e+08,2000000000,0.135,135,0.9
5,0,12513522000000,72000,0.0966111,10.3508,11.6959,2.9241e+07,3.42e+08,4000000000,0.0855,85.5,1
5,1,12513523000000,74000,0.0957027,10.449,15.873,7.1442e+06,1.134e+08,2000000000,0.063,63,0.9
5,0,12513524000000,78000,0.0991282,10.0879,6.15385,1.05625e+08,6.5e+08,4000000000,0.1625,162.5,1
5,1,12513525000000,80000,0.0985,10.1523,13.5135,9.8568e+06,1.332e+08,2000000000,0.074,74,0.9
5,0,12513526000000,84000,0.100952,9.90566,6.66667,9e+07,6e+08,4000000000,0.15,150,1
5,1,12513527000000,86000,0.100558,9.9445,11.9048,1.27008e+07,1.512e+08,2000000000,0.084,84,0.9
5,1,12513528000000,88000,0.100114,9.98865,12.3457,1.18098e+07,1.458e+08,2000000000,0.081,81,0.9
5,0,12513529000000,92000,0.100565,9.9438,9.04977,4.8841e+07,4.42e+08,4000000000,0.1105,110.5,1
5,1,12513530000000,94000,0.10017,9.98301,12.1951,1.21032e+07,1.476e+08,2000000000,0.082,82,0.9
5,0,12513531000000,98000,0.102327,9.77264,6.53595,9.3636e+07,6.12e+08,4000000000,0.153,153,1
5,1,12513532000000,100000,0.10155,9.84737,15.748,7.25805e+06,1.143e+08,2000000000,0.0635,63.5,0.9
5,0,12513533000000,104000,0.103817,9.63231,6.23053,1.03041e+08,6.42e+08,4000000000,0.1605,160.5,1
5,1,12513534000000,106000,0.103226,9.68744,13.7931,9.46125e+06,1.305e+08,2000000000,0.0725,72.5,0.9
5,1,12513535000000,108000,0.101907,9.81283,31.25,1.8432e+06,5.76e+07,2000000000,0.032,32,0.9
5,0,12513536000000,112000,0.10325,9.68523,7.16846,7.7841e+07,5.58e+08,4000000000,0.1395,139.5,1
5,1,12513537000000,114000,0.102702,9.73693,13.8889,9.3312e+06,1.296e+08,2000000000,0.072,72,0.9
5,0,12513538000000,118000,0.104407,9.57792,6.53595,9.3636e+07,6.12e+08,4000000000,0.153,153,1
5,1,12513539000000,120000,0.104067,9.60922,11.9048,1.27008e+07,1.512e+08,2000000000,0.084,84,0.9
5,0,12513540000000,124000,0.105323,9.49464,6.99301,8.1796e+07,5.72e+08,4000000000,0.143,143,1
5,0,12513541000000,128000,0.102313,9.77398,111.111,324000,3.6e+07,4000000000,0.009,9,1
5,0,12513542000000,132000,0.0998485,10.0152,47.619,1.764e+06,8.4e+07,4000000000,0.021,21,1
5,0,12513543000000,136000,0.0977941,10.2256,33.3333,3.6e+06,1.2e+08,4000000000,0.03,30,1
5,0,12513544000000,140000,0.0950857,10.5168,333.333,36000,1.2e+07,4000000000,0.003,3,1
5,0,12513545000000,144000,0.0932778,10.7207,33.3333,3.6e+06,1.2e+08,4000000000,0.03,30,1
5,0,12513546000000,148000,0.0908378,11.0086,333.333,36000,1.2e+07,4000000000,0.003,3,1
5,0,12513547000000,152000,0.0892368,11.2061,33.3333,3.6e+06,1.2e+08,4000000000,0.03,30,1
6,0,12513501000000,4000,0.03,33.3333,33.3333,3.6e+06,1.2e+08,4000000000,0.03,30,1
6,0,12513502000000,8000,0.026625,37.5587,43.0108,2.16225e+06,9.3e+07,4000000000,0.02325,23.25,1
6,0,12513503000000,12000,0.068,14.7059,6.6335,9.09022e+07,6.03e+08,4000000000,0.15075,150.75,1
6,1,12513504000000,14000,0.0682857,14.6444,14.2857,8.82e+06,1.26e+08,2000000000,0.07,70,0.9
6,0,12513505000000,18000,0.0871111,11.4796,6.53595,9.3636e+07,6.12e+08,4000000000,0.153,153,1
6,1,12513506000000,20000,0.0868,11.5207,11.9048,1.27008e+07,1.512e+08,2000000000,0.084,84,0.9
6,0,12513507000000,24000,0.0938333,10.6572,7.75194,6.6564e+07,5.16e+08,4000000000,0.129,129,1
6,0,12513508000000,28000,0.0837143,11.9454,43.4783,2.116e+06,9.2e+07,4000000000,0.023,23,1
6,0,12513509000000,32000,0.0778125,12.8514,27.3973,5.329e+06,1.46e+08,4000000000,0.0365,36.5,1
6,0,12513510000000,36000,0.0866667,11.5385,6.34921,9.9225e+07,6.3e+08,4000000000,0.1575,157.5,1
6,1,12513511000000,38000,0.0857895,11.6564,14.2857,8.82e+06,1.26e+08,2000000000,0.07,70,0.9
6,0,12513512000000,42000,0.0921905,10.8471,6.53595,9.3636e+07,6.12e+08,4000000000,0.153,153,1
6,1,12513513000000,44000,0.0918182,10.8911,11.9048,1.27008e+07,1.512e+08,2000000000,0.084,84,0.9
6,0,12513514000000,48000,0.0936042,10.6833,8.83002,5.13022e+07,4.53e+08,4000000000,0.11325,113.25,1
6,0,12513515000000,52000,0.0893846,11.1876,25.8065,6.00625e+06,1.55e+08,4000000000,0.03875,38.75,1
6,1,12513516000000,54000,0.0885185,11.2971,15.1515,7.8408e+06,1.188e+08,2000000000,0.066,66,0.9
6,0,12513517000000,58000,0.0935172,10.6932,6.21118,1.03684e+08,6.44e+08,4000000000,0.161,161,1
6,1,12513518000000,60000,0.0927333,10.7836,14.2857,8.82e+06,1.26e+08,2000000000,0.07,70,0.9
6,0,12513519000000,64000,0.0965,10.3627,6.53595,9.3636e+07,6.12e+08,4000000000,0.153,153,1
6,1,12513520000000,66000,0.0961212,10.4035,11.9048,1.27008e+07,1.512e+08,2000000000,0.084,84,0.9
6,1,12513521000000,68000,0.0972647,10.2812,7.40741,3.2805e+07,2.43e+08,2000000000,0.135,135,0.9
6,0,12513522000000,72000,0.0966111,10.3508,11.6959,2.9241e+07,3.42e+08,4000000000,0.0855,85.5,1
6,1,12513523000000,74000,0.0957027,10.449,15.873,7.1442e+06,1.134e+08,2000000000,0.063,63,0.9
6,0,12513524000000,78000,0.0991282,10.0879,6.15385,1.05625e+08,6.5e+08,4000000000,0.1625,162.5,1
6,1,12513525000000,80000,0.0985,10.1523,13.5135,9.8568e+06,1.332e+08,2000000000,0.074,74,0.9
6,0,12513526000000,84000,0.100952,9.90566,6.66667,9e+07,6e+08,4000000000,0.15,150,1
6,1,12513527000000,86000,0.100558,9.9445,11.9048,1.27008e+07,1.512e+08,2000000000,0.084,84,0.9
6,1,12513528000000,88000,0.100114,9.98865,12.3457,1.18098e+07,1.458e+08,2000000000,0.081,81,0.9
6,0,12513529000000,92000,0.100565,9.9438,9.04977,4.8841e+07,4.42e+08,4000000000,0.1105,110.5,1
6,1,12513530000000,94000,0.10017,9.98301,12.1951,1.21032e+07,1.476e+08,2000000000,0.082,82,0.9
6,0,12513531000000,98000,0.102327,9.77264,6.53595,9.3636e+07,6.12e+08,4000000000,0.153,153,1
6,1,12513532000000,100000,0.10155,9.84737,15.748,7.25805e+06,1.143e+08,2000000000,0.0635,63.5,0.9
6,0,12513533000000,104000,0.103817,9.63231,6.23053,1.03041e+08,6.42e+08,4000000000,0.1605,160.5,1
6,1,12513534000000,106000,0.103226,9.68744,13.7931,9.46125e+06,1.305e+08,2000000000,0.0725,72.5,0.9
6,1,12513535000000,108000,0.101907,9.81283,31.25,1.8432e+06,5.76e+07,2000000000,0.032,32,0.9
6,0,12513536000000,112000,0.10325,9.68523,7.16846,7.7841e+07,5.58e+08,4000000000,0.1395,139.5,1
6,1,12513537000000,114000,0.102702,9.73693,13.8889,9.3312e+06,1.296e+08,2000000000,0.072,72,0.9
6,0,12513538000000,118000,0.104407,9.57792,6.53595,9.3636e+07,6.12e+08,4000000000,0.153,153,1
6,1,12513539000000,120000,0.104067,9.60922,11.9048,1.27008e+07,1.512e+08,2000000000,0.084,84,0.9
6,0,12513540000000,124000,0.105323,9.49464,6.99301,8.1796e+07,5.72e+08,4000000000,0.143,143,1
6,0,12513541000000,128000,0.102313,9.77398,111.111,324000,3.6e+07,4000000000,0.009,9,1
6,0,12513542000000,132000,0.0998485,10.0152,47.619,1.764e+06,8.4e+07,4000000000,0.021,21,1
6,0,12513543000000,136000,0.0977941,10.2256,33.3333,3.6e+06,1.2e+08,4000000000,0.03,30,1
6,0,12513544000000,140000,0.0950857,10.5168,333.333,36000,1.2e+07,4000000000,0.003,3,1
6,0,12513545000000,144000,0.0932778,10.7207,33.3333,3.6e+06,1.2e+08,4000000000,0.03,30,1
6,0,12513546000000,148000,0.0908378,11.0086,333.333,36000,1.2e+07,4000000000,0.003,3,1
6,0,12513547000000,152000,0.0892368,11.2061,33.3333,3.6e+06,1.2e+08,4000000000,0.03,30,1
7,0,12513501000000,4000,0.03,33.3333,33.3333,3.6e+06,1.2e+08,4000000000,0.03,30,1
7,0,12513502000000,8000,0.026625,37.5587,43.0108,2.16225e+06,9.3e+07,4000000000,0.02325,23.25,1
7,0,12513503000000,12000,0.068,14.7059,6.6335,9.09022e+07,6.03e+08,4000000000,0.15075,150.75,1
7,1,12513504000000,14000,0.0682857,14.6444,14.2857,8.82e+06,1.26e+08,2000000000,0.07,70,0.9
7,0,12513505000000,18000,0.0871111,11.4796,6.53595,9.3636e+07,6.12e+08,4000000000,0.153,153,1
7,1,12513506000000,20000,0.0868,11.5207,11.9048,1.27008e+07,1.512e+08,2000000000,0.084,84,0.9
7,0,12513507000000,24000,0.0938333,10.6572,7.75194,6.6564e+07,5.16e+08,4000000000,0.129,129,1
7,0,12513508000000,28000,0.0837143,11.9454,43.4783,2.116e+06,9.2e+07,4000000000,0.023,23,1
7,0,12513509000000,32000,0.0778125,12.8514,27.3973,5.329e+06,1.46e+08,4000000000,0.0365,36.5,1
7,0,12513510000000,36000,0.0866667,11.5385,6.34921,9.9225e+07,6.3e+08,4000000000,0.1575,157.5,1
7,1,12513511000000,38000,0.0857895,11.6564,14.2857,8.82e+06,1.26e+08,2000000000,0.07,70,0.9
7,0,12513512000000,42000,0.0921905,10.8471,6.53595,9.3636e+07,6.12e+08,4000000000,0.153,153,1
7,1,12513513000000,44000,0.0918182,10.8911,11.9048,1.27008e+07,1.512e+08,2000000000,0.084,84,0.9
7,0,12513514000000,48000,0.0936042,10.6833,8.83002,5.13022e+07,4.53e+08,4000000000,0.11325,113.25,1
7,0,12513515000000,52000,0.0893846,11.1876,25.8065,6.00625e+06,1.55e+08,4000000000,0.03875,38.75,1
7,1,12513516000000,54000,0.0885185,11.2971,15.1515,7.8408e+06,1.188e+08,2000000000,0.066,66,0.9
7,0,12513517000000,58000,0.0935172,10.6932,6.21118,1.03684e+08,6.44e+08,4000000000,0.161,161,1
7,1,12513518000000,60000,0.0927333,10.7836,14.2857,8.82e+06,1.26e+08,2000000000,0.07,70,0.9
7,0,12513519000000,64000,0.0965,10.3627,6.53595,9.3636e+07,6.12e+08,4000000000,0.153,153,1
7,1,12513520000000,66000,0.0961212,10.4035,11.9048,1.27008e+07,1.512e+08,2000000000,0.084,84,0.9
7,1,12513521000000,68000,0.0972647,10.2812,7.40741,3.2805e+07,2.43e+08,2000000000,0.135,135,0.9
7,0,12513522000000,72000,0.0966111,10.3508,11.6959,2.9241e+07,3.42e+08,4000000000,0.0855,85.5,1
7,1,12513523000000,74000,0.0957027,10.449,15.873,7.1442e+06,1.134e+08,2000000000,0.063,63,0.9
7,0,12513524000000,78000,0.0991282,10.0879,6.15385,1.05625e+08,6.5e+08,4000000000,0.1625,162.5,1
7,1,12513525000000,80000,0.0985,10.1523,13.5135,9.8568e+06,1.332e+08,2000000000,0.074,74,0.9
7,0,12513526000000,84000,0.100952,9.90566,6.66667,9e+07,6e+08,4000000000,0.15,150,1
7,1,12513527000000,86000,0.100558,9.9445,11.9048,1.27008e+07,1.512e+08,2000000000,0.084,84,0.9
7,1,12513528000000,88000,0.100114,9.98865,12.3457,1.18098e+07,1.458e+08,2000000000,0.081,81,0.9
7,0,12513529000000,92000,0.100565,9.9438,9.04977,4.8841e+07,4.42e+08,4000000000,0.1105,110.5,1
7,1,12513530000000,94000,0.10017,9.98301,12.1951,1.21032e+07,1.476e+08,2000000000,0.082,82,0.9
7,0,12513531000000,98000,0.102327,9.77264,6.53595,9.3636e+07,6.12e+08,4000000000,0.153,153,1
7,1,12513532000000,100000,0.10155,9.84737,15.748,7.25805e+06,1.143e+08,2000000000,0.0635,63.5,0.9
7,0,12513533000000,104000,0.103817,9.63231,6.23053,1.03041e+08,6.42e+08,4000000000,0.1605,160.5,1
7,1,12513534000000,106000,0.103226,9.68744,13.7931,9.46125e+06,1.305e+08,2000000000,0.0725,72.5,0.9
7,1,12513535000000,108000,0.101907,9.81283,31.25,1.8432e+06,5.76e+07,2000000000,0.032,32,0.9
7,0,12513536000000,112000,0.10325,9.68523,7.16846,7.7841e+07,5.58e+08,4000000000,0.1395,139.5,1
7,1,12513537000000,114000,0.102702,9.73693,13.8889,9.3312e+06,1.296e+08,2000000000,0.072,72,0.9
7,0,12513538000000,118000,0.104407,9.57792,6.53595,9.3636e+07,6.12e+08,4000000000,0.153,153,1
7,1,12513539000000,120000,0.104067,9.60922,11.9048,1.27008e+07,1.512e+08,2000000000,0.084,84,0.9
7,0,12513540000000,124000,0.105323,9.49464,6.99301,8.1796e+07,5.72e+08,4000000000,0.143,143,1
7,0,12513541000000,128000,0.102313,9.77398,111.111,324000,3.6e+07,4000000000,0.009,9,1
7,0,12513542000000,132000,0.0998485,10.0152,47.619,1.764e+06,8.4e+07,4000000000,0.021,21,1
7,0,12513543000000,136000,0.0977941,10.2256,33.3333,3.6e+06,1.2e+08,4000000000,0.03,30,1
7,0,12513544000000,140000,0.0950857,10.5168,333.333,36000,1.2e+07,4000000000,0.003,3,1
7,0,12513545000000,144000,0.0932778,10.7207,33.3333,3.6e+06,1.2e+08,4000000000,0.03,30,1
7,0,12513546000000,148000,0.0908378,11.0086,333.333,36000,1.2e+07,4000000000,0.003,3,1
7,0,12513547000000,152000,0.0892368,11.2061,33.3333,3.6e+06,1.2e+08,4000000000,0.03,30,1
8,0,12513501000000,4000,0.155,6.45161,6.45161,9.61e+07,6.2e+08,4000000000,0.155,155,1
8,0,12513502000000,8000,0.09575,10.4439,27.3973,5.329e+06,1.46e+08,4000000000,0.0365,36.5,1
8,0,12513503000000,12000,0.116333,8.59599,6.34921,9.9225e+07,6.3e+08,4000000000,0.1575,157.5,1
8,1,12513504000000,14000,0.109714,9.11458,14.2857,8.82e+06,1.26e+08,2000000000,0.07,70,0.9
8,0,12513505000000,18000,0.1105,9.04977,8.83002,5.13022e+07,4.53e+08,4000000000,0.11325,113.25,1
8,1,12513506000000,20000,0.1074,9.31099,12.5786,1.13764e+07,1.431e+08,2000000000,0.0795,79.5,0.9
8,0,12513507000000,24000,0.0959167,10.4257,25.974,5.929e+06,1.54e+08,4000000000,0.0385,38.5,1
8,0,12513508000000,28000,0.104571,9.56284,6.38978,9.7969e+07,6.26e+08,4000000000,0.1565,156.5,1
8,0,12513509000000,32000,0.096,10.4167,27.7778,5.184e+06,1.44e+08,4000000000,0.036,36,1
8,0,12513510000000,36000,0.102556,9.75081,6.45161,9.61e+07,6.2e+08,4000000000,0.155,155,1
8,1,12513511000000,38000,0.100632,9.93724,15.1515,7.8408e+06,1.188e+08,2000000000,0.066,66,0.9
8,0,12513512000000,42000,0.101929,9.81079,8.75274,5.22122e+07,4.57e+08,4000000000,0.11425,114.25,1
8,1,12513513000000,44000,0.101545,9.84781,10.6952,1.5736e+07,1.683e+08,2000000000,0.0935,93.5,0.9
8,0,12513514000000,48000,0.096,10.4167,28.5714,4.9e+06,1.4e+08,4000000000,0.035,35,1
8,0,12513515000000,52000,0.100385,9.96169,6.53595,9.3636e+07,6.12e+08,4000000000,0.153,153,1
8,1,12513516000000,54000,0.0997778,10.0223,11.9048,1.27008e+07,1.512e+08,2000000000,0.084,84,0.9
8,0,12513517000000,58000,0.103379,9.67312,6.57895,9.2416e+07,6.08e+08,4000000000,0.152,152,1
8,1,12513518000000,60000,0.102117,9.79272,15.2672,7.72245e+06,1.179e+08,2000000000,0.0655,65.5,0.9
8,0,12513519000000,64000,0.0990469,10.0962,18.8679,1.1236e+07,2.12e+08,4000000000,0.053,53,1
8,1,12513520000000,66000,0.102606,9.74601,4.61894,8.437e+07,3.897e+08,2000000000,0.2165,216.5,0.9
8,1,12513521000000,68000,0.101279,9.87368,17.3913,5.95125e+06,1.035e+08,2000000000,0.0575,57.5,0.9
8,0,12513522000000,72000,0.104667,9.55414,6.16333,1.053e+08,6.49e+08,4000000000,0.16225,162.25,1
8,1,12513523000000,74000,0.103541,9.65805,15.873,7.1442e+06,1.134e+08,2000000000,0.063,63,0.9
8,0,12513524000000,78000,0.106564,9.38402,6.15385,1.05625e+08,6.5e+08,4000000000,0.1625,162.5,1
8,1,12513525000000,80000,0.10575,9.45626,13.5135,9.8568e+06,1.332e+08,2000000000,0.074,74,0.9
8,0,12513526000000,84000,0.102976,9.71098,21.0526,9.025e+06,1.9e+08,4000000000,0.0475,47.5,1
8,1,12513527000000,86000,0.105395,9.48808,4.83092,7.71282e+07,3.726e+08,2000000000,0.207,207,0.9
8,1,12513528000000,88000,0.104455,9.57354,15.625,7.3728e+06,1.152e+08,2000000000,0.064,64,0.9
8,0,12513529000000,92000,0.106957,9.34959,6.17284,1.04976e+08,6.48e+08,4000000000,0.162,162,1
8,1,12513530000000,94000,0.106021,9.43207,15.873,7.1442e+06,1.134e+08,2000000000,0.063,63,0.9
8,0,12513531000000,98000,0.108327,9.23135,6.15385,1.05625e+08,6.5e+08,4000000000,0.1625,162.5,1
8,1,12513532000000,100000,0.10764,9.29023,13.5135,9.8568e+06,1.332e+08,2000000000,0.074,74,0.9
8,0,12513533000000,104000,0.105067,9.51771,24.5399,6.64225e+06,1.63e+08,4000000000,0.04075,40.75,1
8,1,12513534000000,106000,0.107283,9.32114,4.49438,8.91112e+07,4.005e+08,2000000000,0.2225,222.5,0.9
8,1,12513535000000,108000,0.106778,9.36524,12.5,1.152e+07,1.44e+08,2000000000,0.08,80,0.9
8,0,12513536000000,112000,0.108357,9.22874,6.62252,9.1204e+07,6.04e+08,4000000000,0.151,151,1
8,1,12513537000000,114000,0.10757,9.29626,15.748,7.25805e+06,1.143e+08,2000000000,0.0635,63.5,0.9
8,0,12513538000000,118000,0.109424,9.13879,6.16333,1.053e+08,6.49e+08,4000000000,0.16225,162.25,1
8,1,12513539000000,120000,0.10865,9.20387,15.873,7.1442e+06,1.134e+08,2000000000,0.063,63,0.9
8,0,12513540000000,124000,0.106548,9.38541,22.9885,7.569e+06,1.74e+08,4000000000,0.0435,43.5,1
8,0,12513541000000,128000,0.109781,9.10902,4.7619,1.764e+08,8.4e+08,4000000000,0.21,210,1
8,0,12513542000000,132000,0.107311,9.31874,35.3982,3.19225e+06,1.13e+08,4000000000,0.02825,28.25,1
8,0,12513543000000,136000,0.108735,9.19665,6.42055,9.70322e+07,6.23e+08,4000000000,0.15575,155.75,1
8,0,12513544000000,140000,0.106714,9.37082,26.3158,5.776e+06,1.52e+08,4000000000,0.038,38,1
8,0,12513545000000,144000,0.10375,9.63855,0,0,0,4000000000,0,0,1
8,0,12513546000000,148000,0.105,9.52381,6.66667,9e+07,6e+08,4000000000,0.15,150,1
8,0,12513547000000,152000,0.103342,9.6766,23.8095,7.056e+06,1.68e+08,4000000000,0.042,42,1
9,0,12513501000000,4000,0.155,6.45161,6.45161,9.61e+07,6.2e+08,4000000000,0.155,155,1
9,0,12513502000000,8000,0.09575,10.4439,27.3973,5.329e+06,1.46e+08,4000000000,0.0365,36.5,1
9,0,12513503000000,12000,0.116333,8.59599,6.34921,9.9225e+07,6.3e+08,4000000000,0.1575,157.5,1
9,1,12513504000000,14000,0.109714,9.11458,14.2857,8.82e+06,1.26e+08,2000000000,0.07,70,0.9
9,0,12513505000000,18000,0.1105,9.04977,8.83002,5.13022e+07,4.53e+08,4000000000,0.11325,113.25,1
9,1,12513506000000,20000,0.1074,9.31099,12.5786,1.13764e+07,1.431e+08,2000000000,0.0795,79.5,0.9
9,0,12513507000000,24000,0.0959167,10.4257,25.974,5.929e+06,1.54e+08,4000000000,0.0385,38.5,1
9,0,12513508000000,28000,0.104571,9.56284,6.38978,9.7969e+07,6.26e+08,4000000000,0.1565,156.5,1
9,0,12513509000000,32000,0.096,10.4167,27.7778,5.184e+06,1.44e+08,4000000000,0.036,36,1
9,0,12513510000000,36000,0.102556,9.75081,6.45161,9.61e+07,6.2e+08,4000000000,0.155,155,1
9,1,12513511000000,38000,0.100632,9.93724,15.1515,7.8408e+06,1.188e+08,2000000000,0.066,66,0.9
9,0,12513512000000,42000,0.101929,9.81079,8.75274,5.22122e+07,4.57e+08,4000000000,0.11425,114.25,1
9,1,12513513000000,44000,0.101545,9.84781,10.6952,1.5736e+07,1.683e+08,2000000000,0.0935,93.5,0.9
9,0,12513514000000,48000,0.096,10.4167,28.5714,4.9e+06,1.4e+08,4000000000,0.035,35,1
9,0,12513515000000,52000,0.100385,9.96169,6.53595,9.3636e+07,6.12e+08,4000000000,0.153,153,1
9,1,12513516000000,54000,0.0997778,10.0223,11.9048,1.27008e+07,1.512e+08,2000000000,0.084,84,0.9
9,0,12513517000000,58000,0.103379,9.67312,6.57895,9.2416e+07,6.08e+08,4000000000,0.152,152,1
9,1,12513518000000,60000,0.102117,9.79272,15.2672,7.72245e+06,1.179e+08,2000000000,0.0655,65.5,0.9
9,0,12513519000000,64000,0.0990469,10.0962,18.8679,1.1236e+07,2.12e+08,4000000000,0.053,53,1
9,1,12513520000000,66000,0.102606,9.74601,4.61894,8.437e+07,3.897e+08,2000000000,0.2165,216.5,0.9
9,1,12513521000000,68000,0.101279,9.87368,17.3913,5.95125e+06,1.035e+08,2000000000,0.0575,57.5,0.9
9,0,12513522000000,72000,0.104667,9.55414,6.16333,1.053e+08,6.49e+08,4000000000,0.16225,162.25,1
9,1,12513523000000,74000,0.103541,9.65805,15.873,7.1442e+06,1.134e+08,2000000000,0.063,63,0.9
9,0,12513524000000,78000,0.106564,9.38402,6.15385,1.05625e+08,6.5e+08,4000000000,0.1625,162.5,1
9,1,12513525000000,80000,0.10575,9.45626,13.5135,9.8568e+06,1.332e+08,2000000000,0.074,74,0.9
9,0,12513526000000,84000,0.102976,9.71098,21.0526,9.025e+06,1.9e+08,4000000000,0.0475,47.5,1
9,1,12513527000000,86000,0.105395,9.48808,4.83092,7.71282e+07,3.726e+08,2000000000,0.207,207,0.9
9,1,12513528000000,88000,0.104455,9.57354,15.625,7.3728e+06,1.152e+08,2000000000,0.064,64,0.9
9,0,12513529000000,92000,0.106957,9.34959,6.17284,1.04976e+08,6.48e+08,4000000000,0.162,162,1
9,1,12513530000000,94000,0.106021,9.43207,15.873,7.1442e+06,1.134e+08,2000000000,0.063,63,0.9
9,0,12513531000000,98000,0.108327,9.23135,6.15385,1.05625e+08,6.5e+08,4000000000,0.1625,162.5,1
9,1,12513532000000,100000,0.10764,9.29023,13.5135,9.8568e+06,1.332e+08,2000000000,0.074,74,0.9
9,0,12513533000000,104000,0.105067,9.51771,24.5399,6.64225e+06,1.63e+08,4000000000,0.04075,40.75,1
9,1,12513534000000,106000,0.107283,9.32114,4.49438,8.91112e+07,4.005e+08,2000000000,0.2225,222.5,0.9
9,1,12513535000000,108000,0.106778,9.36524,12.5,1.152e+07,1.44e+08,2000000000,0.08,80,0.9
9,0,12513536000000,112000,0.108357,9.22874,6.62252,9.1204e+07,6.04e+08,4000000000,0.151,151,1
9,1,12513537000000,114000,0.10757,9.29626,15.748,7.25805e+06,1.143e+08,2000000000,0.0635,63.5,0.9
9,0,12513538000000,118000,0.109424,9.13879,6.16333,1.053e+08,6.49e+08,4000000000,0.16225,162.25,1
9,1,12513539000000,120000,0.10865,9.20387,15.873,7.1442e+06,1.134e+08,2000000000,0.063,63,0.9
9,0,12513540000000,124000,0.106548,9.38541,22.9885,7.569e+06,1.74e+08,4000000000,0.0435,43.5,1
9,0,12513541000000,128000,0.109781,9.10902,4.7619,1.764e+08,8.4e+08,4000000000,0.21,210,1
9,0,12513542000000,132000,0.107311,9.31874,35.3982,3.19225e+06,1.13e+08,4000000000,0.02825,28.25,1
9,0,12513543000000,136000,0.108735,9.19665,6.42055,9.70322e+07,6.23e+08,4000000000,0.15575,155.75,1
9,0,12513544000000,140000,0.106714,9.37082,26.3158,5.776e+06,1.52e+08,4000000000,0.038,38,1
9,0,12513545000000,144000,0.10375,9.63855,0,0,0,4000000000,0,0,1
9,0,12513546000000,148000,0.105,9.52381,6.66667,9e+07,6e+08,4000000000,0.15,150,1
9,0,12513547000000,152000,0.103342,9.6766,23.8095,7.056e+06,1.68e+08,4000000000,0.042,42,1
10,0,12513501000000,4000,0.155,6.45161,6.45161,9.61e+07,6.2e+08,4000000000,0.155,155,1
10,0,12513502000000,8000,0.09575,10.4439,27.3973,5.329e+06,1.46e+08,4000000000,0.0365,36.5,1
10,0,12513503000000,12000,0.116333,8.59599,6.34921,9.9225e+07,6.3e+08,4000000000,0.1575,157.5,1
10,1,12513504000000,14000,0.109714,9.11458,14.2857,8.82e+06,1.26e+08,2000000000,0.07,70,0.9
10,0,12513505000000,18000,0.1105,9.04977,8.83002,5.13022e+07,4.53e+08,4000000000,0.11325,113.25,1
10,1,12513506000000,20000,0.1074,9.31099,12.5786,1.13764e+07,1.431e+08,2000000000,0.0795,79.5,0.9
10,0,12513507000000,24000,0.0959167,10.4257,25.974,5.929e+06,1.54e+08,4000000000,0.0385,38.5,1
10,0,12513508000000,28000,0.104571,9.56284,6.38978,9.7969e+07,6.26e+08,4000000000,0.1565,156.5,1
10,0,12513509000000,32000,0.096,10.4167,27.7778,5.184e+06,1.44e+08,4000000000,0.036,36,1
10,0,12513510000000,36000,0.102556,9.75081,6.45161,9.61e+07,6.2e+08,4000000000,0.155,155,1
10,1,12513511000000,38000,0.100632,9.93724,15.1515,7.8408e+06,1.188e+08,2000000000,0.066,66,0.9
10,0,12513512000000,42000,0.101929,9.81079,8.75274,5.22122e+07,4.57e+08,4000000000,0.11425,114.25,1
10,1,12513513000000,44000,0.101545,9.84781,10.6952,1.5736e+07,1.683e+08,2000000000,0.0935,93.5,0.9
10,0,12513514000000,48000,0.096,10.4167,28.5714,4.9e+06,1.4e+08,4000000000,0.035,35,1
10,0,12513515000000,52000,0.100385,9.96169,6.53595,9.3636e+07,6.12e+08,4000000000,0.153,153,1
10,1,12513516000000,54000,0.0997778,10.0223,11.9048,1.27008e+07,1.512e+08,2000000000,0.084,84,0.9
10,0,12513517000000,58000,0.103379,9.67312,6.57895,9.2416e+07,6.08e+08,4000000000,0.152,152,1
10,1,12513518000000,60000,0.102117,9.79272,15.2672,7.72245e+06,1.179e+08,2000000000,0.0655,65.5,0.9
10,0,12513519000000,64000,0.0990469,10.0962,18.8679,1.1236e+07,2.12e+08,4000000000,0.053,53,1
10,1,12513520000000,66000,0.102606,9.74601,4.61894,8.437e+07,3.897e+08,2000000000,0.2165,216.5,0.9
10,1,12513521000000,68000,0.101279,9.87368,17.3913,5.95125e+06,1.035e+08,2000000000,0.0575,57.5,0.9
10,0,12513522000000,72000,0.104667,9.55414,6.16333,1.053e+08,6.49e+08,4000000000,0.16225,162.25,1
10,1,12513523000000,74000,0.103541,9.65805,15.873,7.1442e+06,1.134e+08,2000000000,0.063,63,0.9
10,0,12513524000000,78000,0.106564,9.38402,6.15385,1.05625e+08,6.5e+08,4000000000,0.1625,162.5,1
10,1,12513525000000,80000,0.10575,9.45626,13.5135,9.8568e+06,1.332e+08,2000000000,0.074,74,0.9
10,0,12513526000000,84000,0.102976,9.71098,21.0526,9.025e+06,1.9e+08,4000000000,0.0475,47.5,1
10,1,12513527000000,86000,0.105395,9.48808,4.83092,7.71282e+07,3.726e+08,2000000000,0.207,207,0.9
10,1,12513528000000,88000,0.104455,9.57354,15.625,7.3728e+06,1.152e+08,2000000000,0.064,64,0.9
10,0,12513529000000,92000,0.106957,9.34959,6.17284,1.04976e+08,6.48e+08,4000000000,0.162,162,1
10,1,12513530000000,94000,0.106021,9.43207,15.873,7.1442e+06,1.134e+08,2000000000,0.063,63,0.9
10,0,12513531000000,98000,0.108327,9.23135,6.15385,1.05625e+08,6.5e+08,4000000000,0.1625,162.5,1
10,1,12513532000000,100000,0.10764,9.29023,13.5135,9.8568e+06,1.332e+08,2000000000,0.074,74,0.9
10,0,12513533000000,104000,0.105067,9.51771,24.5399,6.64225e+06,1.63e+08,4000000000,0.04075,40.75,1
10,1,12513534000000,106000,0.107283,9.32114,4.49438,8.91112e+07,4.005e+08,2000000000,0.2225,222.5,0.9
10,1,12513535000000,108000,0.106778,9.36524,12.5,1.152e+07,1.44e+08,2000000000,0.08,80,0.9
10,0,12513536000000,112000,0.108357,9.22874,6.62252,9.1204e+07,6.04e+08,4000000000,0.151,151,1
10,1,12513537000000,114000,0.10757,9.29626,15.748,7.25805e+06,1.143e+08,2000000000,0.0635,63.5,0.9
10,0,12513538000000,118000,0.109424,9.13879,6.16333,1.053e+08,6.49e+08,4000000000,0.16225,162.25,1
10,1,12513539000000,120000,0.10865,9.20387,15.873,7.1442e+06,1.134e+08,2000000000,0.063,63,0.9
10,0,12513540000000,124000,0.106548,9.38541,22.9885,7.569e+06,1.74e+08,4000000000,0.0435,43.5,1
10,0,12513541000000,128000,0.109781,9.10902,4.7619,1.764e+08,8.4e+08,4000000000,0.21,210,1
10,0,12513542000000,132000,0.107311,9.31874,35.3982,3.19225e+06,1.13e+08,4000000000,0.02825,28.25,1
10,0,12513543000000,136000,0.108735,9.19665,6.42055,9.70322e+07,6.23e+08,4000000000,0.15575,155.75,1
10,0,12513544000000,140000,0.106714,9.37082,26.3158,5.776e+06,1.52e+08,4000000000,0.038,38,1
10,0,12513545000000,144000,0.10375,9.63855,0,0,0,4000000000,0,0,1
10,0,12513546000000,148000,0.105,9.52381,6.66667,9e+07,6e+08,4000000000,0.15,150,1
10,0,12513547000000,152000,0.103342,9.6766,23.8095,7.056e+06,1.68e+08,4000000000,0.042,42,1
11,0,12513501000000,4000,0.155,6.45161,6.45161,9.61e+07,6.2e+08,4000000000,0.155,155,1
11,0,12513502000000,8000,0.09575,10.4439,27.3973,5.329e+06,1.46e+08,4000000000,0.0365,36.5,1
11,0,12513503000000,12000,0.116333,8.59599,6.34921,9.9225e+07,6.3e+08,4000000000,0.1575,157.5,1
11,1,12513504000000,14000,0.109714,9.11458,14.2857,8.82e+06,1.26e+08,2000000000,0.07,70,0.9
11,0,12513505000000,18000,0.1105,9.04977,8.83002,5.13022e+07,4.53e+08,4000000000,0.11325,113.25,1
11,1,12513506000000,20000,0.1074,9.31099,12.5786,1.13764e+07,1.431e+08,2000000000,0.0795,79.5,0.9
11,0,12513507000000,24000,0.0959167,10.4257,25.974,5.929e+06,1.54e+08,4000000000,0.0385,38.5,1
11,0,12513508000000,28000,0.104571,9.56284,6.38978,9.7969e+07,6.26e+08,4000000000,0.1565,156.5,1
11,0,12513509000000,32000,0.096,10.4167,27.7778,5.184e+06,1.44e+08,4000000000,0.036,36,1
11,0,12513510000000,36000,0.102556,9.75081,6.45161,9.61e+07,6.2e+08,4000000000,0.155,155,1
11,1,12513511000000,38000,0.100632,9.93724,15.1515,7.8408e+06,1.188e+08,2000000000,0.066,66,0.9
11,0,12513512000000,42000,0.101929,9.81079,8.75274,5.22122e+07,4.57e+08,4000000000,0.11425,114.25,1
11,1,12513513000000,44000,0.101545,9.84781,10.6952,1.5736e+07,1.683e+08,2000000000,0.0935,93.5,0.9
11,0,12513514000000,48000,0.096,10.4167,28.5714,4.9e+06,1.4e+08,4000000000,0.035,35,1
11,0,12513515000000,52000,0.100385,9.96169,6.53595,9.3636e+07,6.12e+08,4000000000,0.153,153,1
11,1,12513516000000,54000,0.0997778,10.0223,11.9048,1.27008e+07,1.512e+08,2000000000,0.084,84,0.9
11,0,12513517000000,58000,0.103379,9.67312,6.57895,9.2416e+07,6.08e+08,4000000000,0.152,152,1
11,1,12513518000000,60000,0.102117,9.79272,15.2672,7.72245e+06,1.179e+08,2000000000,0.0655,65.5,0.9
11,0,12513519000000,64000,0.0990469,10.0962,18.8679,1.1236e+07,2.12e+08,4000000000,0.053,53,1
11,1,12513520000000,66000,0.102606,9.74601,4.61894,8.437e+07,3.897e+08,2000000000,0.2165,216.5,0.9
11,1,12513521000000,68000,0.101279,9.87368,17.3913,5.95125e+06,1.035e+08,2000000000,0.0575,57.5,0.9
11,0,12513522000000,72000,0.104667,9.55414,6.16333,1.053e+08,6.49e+08,4000000000,0.16225,162.25,1
11,1,12513523000000,74000,0.103541,9.65805,15.873,7.1442e+06,1.134e+08,2000000000,0.063,63,0.9
11,0,12513524000000,78000,0.106564,9.38402,6.15385,1.05625e+08,6.5e+08,4000000000,0.1625,162.5,1
11,1,12513525000000,80000,0.10575,9.45626,13.5135,9.8568e+06,1.332e+08,2000000000,0.074,74,0.9
11,0,12513526000000,84000,0.102976,9.71098,21.0526,9.025e+06,1.9e+08,4000000000,0.0475,47.5,1
11,1,12513527000000,86000,0.105395,9.48808,4.83092,7.71282e+07,3.726e+08,2000000000,0.207,207,0.9
11,1,12513528000000,88000,0.104455,9.57354,15.625,7.3728e+06,1.152e+08,2000000000,0.064,64,0.9
11,0,12513529000000,92000,0.106957,9.34959,6.17284,1.04976e+08,6.48e+08,4000000000,0.162,162,1
11,1,12513530000000,94000,0.106021,9.43207,15.873,7.1442e+06,1.134e+08,2000000000,0.063,63,0.9
11,0,12513531000000,98000,0.108327,9.23135,6.15385,1.05625e+08,6.5e+08,4000000000,0.1625,162.5,1
11,1,12513532000000,100000,0.10764,9.29023,13.5135,9.8568e+06,1.332e+08,2000000000,0.074,74,0.9
11,0,12513533000000,104000,0.105067,9.51771,24.5399,6.64225e+06,1.63e+08,4000000000,0.04075,40.75,1
11,1,12513534000000,106000,0.107283,9.32114,4.49438,8.91112e+07,4.005e+08,2000000000,0.2225,222.5,0.9
11,1,12513535000000,108000,0.106778,9.36524,12.5,1.152e+07,1.44e+08,2000000000,0.08,80,0.9
11,0,12513536000000,112000,0.108357,9.22874,6.62252,9.1204e+07,6.04e+08,4000000000,0.151,151,1
11,1,12513537000000,114000,0.10757,9.29626,15.748,7.25805e+06,1.143e+08,2000000000,0.0635,63.5,0.9
11,0,12513538000000,118000,0.109424,9.13879,6.16333,1.053e+08,6.49e+08,4000000000,0.16225,162.25,1
11,1,12513539000000,120000,0.10865,9.20387,15.873,7.1442e+06,1.134e+08,2000000000,0.063,63,0.9
11,0,12513540000000,124000,0.106548,9.38541,22.9885,7.569e+06,1.74e+08,4000000000,0.0435,43.5,1
11,0,12513541000000,128000,0.109781,9.10902,4.7619,1.764e+08,8.4e+08,4000000000,0.21,210,1
11,0,12513542000000,132000,0.107311,9.31874,35.3982,3.19225e+06,1.13e+08,4000000000,0.02825,28.25,1
11,0,12513543000000,136000,0.108735,9.19665,6.42055,9.70322e+07,6.23e+08,4000000000,0.15575,155.75,1
11,0,12513544000000,140000,0.106714,9.37082,26.3158,5.776e+06,1.52e+08,4000000000,0.038,38,1
11,0,12513545000000,144000,0.10375,9.63855,0,0,0,4000000000,0,0,1
11,0,12513546000000,148000,0.105,9.52381,6.66667,9e+07,6e+08,4000000000,0.15,150,1
11,0,12513547000000,152000,0.103342,9.6766,23.8095,7.056e+06,1.68e+08,4000000000,0.042,42,1
12,0,12513501000000,4000,0.02925,34.188,34.188,3.42225e+06,1.17e+08,4000000000,0.02925,29.25,1
12,0,12513502000000,8000,0.032875,30.4183,27.3973,5.329e+06,1.46e+08,4000000000,0.0365,36.5,1
12,0,12513503000000,12000,0.0744167,13.4378,6.34921,9.9225e+07,6.3e+08,4000000000,0.1575,157.5,1
12,1,12513504000000,14000,0.0737857,13.5528,14.2857,8.82e+06,1.26e+08,2000000000,0.07,70,0.9
12,0,12513505000000,18000,0.0913889,10.9422,6.53595,9.3636e+07,6.12e+08,4000000000,0.153,153,1
12,1,12513506000000,20000,0.09065,11.0314,11.9048,1.27008e+07,1.512e+08,2000000000,0.084,84,0.9
12,0,12513507000000,24000,0.0925417,10.8059,9.80392,4.1616e+07,4.08e+08,4000000000,0.102,102,1
12,0,12513508000000,28000,0.0864643,11.5655,20,1e+07,2e+08,4000000000,0.05,50,1
12,0,12513509000000,32000,0.0802188,12.4659,27.3973,5.329e+06,1.46e+08,4000000000,0.0365,36.5,1
12,0,12513510000000,36000,0.0888056,11.2606,6.34921,9.9225e+07,6.3e+08,4000000000,0.1575,157.5,1
12,1,12513511000000,38000,0.0878158,11.3875,14.2857,8.82e+06,1.26e+08,2000000000,0.07,70,0.9
12,0,12513512000000,42000,0.0940238,10.6356,6.53595,9.3636e+07,6.12e+08,4000000000,0.153,153,1
12,1,12513513000000,44000,0.0935682,10.6874,11.9048,1.27008e+07,1.512e+08,2000000000,0.084,84,0.9
12,0,12513514000000,48000,0.0932917,10.7191,11.0803,3.25802e+07,3.61e+08,4000000000,0.09025,90.25,1
12,0,12513515000000,52000,0.0908654,11.0053,16.1943,1.52522e+07,2.47e+08,4000000000,0.06175,61.75,1
12,1,12513516000000,54000,0.0899444,11.118,15.1515,7.8408e+06,1.188e+08,2000000000,0.066,66,0.9
12,0,12513517000000,58000,0.0948448,10.5435,6.21118,1.03684e+08,6.44e+08,4000000000,0.161,161,1
12,1,12513518000000,60000,0.0940167,10.6364,14.2857,8.82e+06,1.26e+08,2000000000,0.07,70,0.9
12,0,12513519000000,64000,0.0977031,10.2351,6.53595,9.3636e+07,6.12e+08,4000000000,0.153,153,1
12,1,12513520000000,66000,0.0972879,10.2788,11.9048,1.27008e+07,1.512e+08,2000000000,0.084,84,0.9
12,1,12513521000000,68000,0.0967059,10.3406,12.9032,1.08112e+07,1.395e+08,2000000000,0.0775,77.5,0.9
12,0,12513522000000,72000,0.0975694,10.2491,8.90869,5.04002e+07,4.49e+08,4000000000,0.11225,112.25,1
12,1,12513523000000,74000,0.0971486,10.2935,12.1951,1.21032e+07,1.476e+08,2000000000,0.082,82,0.9
12,0,12513524000000,78000,0.100013,9.99872,6.53595,9.3636e+07,6.12e+08,4000000000,0.153,153,1
12,1,12513525000000,80000,0.0991,10.0908,15.748,7.25805e+06,1.143e+08,2000000000,0.0635,63.5,0.9
12,0,12513526000000,84000,0.102024,9.80163,6.23053,1.03041e+08,6.42e+08,4000000000,0.1605,160.5,1
12,1,12513527000000,86000,0.101314,9.87031,13.986,9.20205e+06,1.287e+08,2000000000,0.0715,71.5,0.9
12,1,12513528000000,88000,0.0996705,10.0331,34.4828,1.5138e+06,5.22e+07,2000000000,0.029,29,0.9
12,0,12513529000000,92000,0.101489,9.85327,7.06714,8.0089e+07,5.66e+08,4000000000,0.1415,141.5,1
12,1,12513530000000,94000,0.100862,9.91457,13.8889,9.3312e+06,1.296e+08,2000000000,0.072,72,0.9
12,0,12513531000000,98000,0.10299,9.7097,6.53595,9.3636e+07,6.12e+08,4000000000,0.153,153,1
12,1,12513532000000,100000,0.10261,9.74564,11.9048,1.27008e+07,1.512e+08,2000000000,0.084,84,0.9
12,0,12513533000000,104000,0.104077,9.60828,7.1048,7.92422e+07,5.63e+08,4000000000,0.14075,140.75,1
12,1,12513534000000,106000,0.102877,9.72031,24.6914,2.95245e+06,7.29e+07,2000000000,0.0405,40.5,0.9
12,1,12513535000000,108000,0.101861,9.81729,20.8333,4.1472e+06,8.64e+07,2000000000,0.048,48,0.9
12,0,12513536000000,112000,0.103973,9.61786,6.21118,1.03684e+08,6.44e+08,4000000000,0.161,161,1
12,1,12513537000000,114000,0.103377,9.67331,14.2857,8.82e+06,1.26e+08,2000000000,0.07,70,0.9
12,0,12513538000000,118000,0.105059,9.51843,6.53595,9.3636e+07,6.12e+08,4000000000,0.153,153,1
12,1,12513539000000,120000,0.104708,9.55034,11.9048,1.27008e+07,1.512e+08,2000000000,0.084,84,0.9
12,0,12513540000000,124000,0.105024,9.52162,8.73362,5.2441e+07,4.58e+08,4000000000,0.1145,114.5,1
12,0,12513541000000,128000,0.102914,9.71685,26.6667,5.625e+06,1.5e+08,4000000000,0.0375,37.5,1
12,0,12513542000000,132000,0.100583,9.942,38.4615,2.704e+06,1.04e+08,4000000000,0.026,26,1
12,0,12513543000000,136000,0.0977132,10.234,333.333,36000,1.2e+07,4000000000,0.003,3,1
12,0,12513544000000,140000,0.0956357,10.4563,40,2.5e+06,1e+08,4000000000,0.025,25,1
12,0,12513545000000,144000,0.0938125,10.6596,33.3333,3.6e+06,1.2e+08,4000000000,0.03,30,1
12,0,12513546000000,148000,0.0913581,10.9459,333.333,36000,1.2e+07,4000000000,0.003,3,1
12,0,12513547000000,152000,0.0897434,11.1429,33.3333,3.6e+06,1.2e+08,4000000000,0.03,30,1
13,0,12513501000000,4000,0.02925,34.188,34.188,3.42225e+06,1.17e+08,4000000000,0.02925,29.25,1
13,0,12513502000000,8000,0.032875,30.4183,27.3973,5.329e+06,1.46e+08,4000000000,0.0365,36.5,1
13,0,12513503000000,12000,0.0744167,13.4378,6.34921,9.9225e+07,6.3e+08,4000000000,0.1575,157.5,1
13,1,12513504000000,14000,0.0737857,13.5528,14.2857,8.82e+06,1.26e+08,2000000000,0.07,70,0.9
13,0,12513505000000,18000,0.0913889,10.9422,6.53595,9.3636e+07,6.12e+08,4000000000,0.153,153,1
13,1,12513506000000,20000,0.09065,11.0314,11.9048,1.27008e+07,1.512e+08,2000000000,0.084,84,0.9
13,0,12513507000000,24000,0.0925417,10.8059,9.80392,4.1616e+07,4.08e+08,4000000000,0.102,102,1
13,0,12513508000000,28000,0.0864643,11.5655,20,1e+07,2e+08,4000000000,0.05,50,1
13,0,12513509000000,32000,0.0802188,12.4659,27.3973,5.329e+06,1.46e+08,4000000000,0.0365,36.5,1
13,0,12513510000000,36000,0.0888056,11.2606,6.34921,9.9225e+07,6.3e+08,4000000000,0.1575,157.5,1
13,1,12513511000000,38000,0.0878158,11.3875,14.2857,8.82e+06,1.26e+08,2000000000,0.07,70,0.9
13,0,12513512000000,42000,0.0940238,10.6356,6.53595,9.3636e+07,6.12e+08,4000000000,0.153,153,1
13,1,12513513000000,44000,0.0935682,10.6874,11.9048,1.27008e+07,1.512e+08,2000000000,0.084,84,0.9
13,0,12513514000000,48000,0.0932917,10.7191,11.0803,3.25802e+07,3.61e+08,4000000000,0.09025,90.25,1
13,0,12513515000000,52000,0.0908654,11.0053,16.1943,1.52522e+07,2.47e+08,4000000000,0.06175,61.75,1
13,1,12513516000000,54000,0.0899444,11.118,15.1515,7.8408e+06,1.188e+08,2000000000,0.066,66,0.9
13,0,12513517000000,58000,0.0948448,10.5435,6.21118,1.03684e+08,6.44e+08,4000000000,0.161,161,1
13,1,12513518000000,60000,0.0940167,10.6364,14.2857,8.82e+06,1.26e+08,2000000000,0.07,70,0.9
13,0,12513519000000,64000,0.0977031,10.2351,6.53595,9.3636e+07,6.12e+08,4000000000,0.153,153,1
13,1,12513520000000,66000,0.0972879,10.2788,11.9048,1.27008e+07,1.512e+08,2000000000,0.084,84,0.9
13,1,12513521000000,68000,0.0967059,10.3406,12.9032,1.08112e+07,1.395e+08,2000000000,0.0775,77.5,0.9
13,0,12513522000000,72000,0.0975694,10.2491,8.90869,5.04002e+07,4.49e+08,4000000000,0.11225,112.25,1
13,1,12513523000000,74000,0.0971486,10.2935,12.1951,1.21032e+07,1.476e+08,2000000000,0.082,82,0.9
13,0,12513524000000,78000,0.100013,9.99872,6.53595,9.3636e+07,6.12e+08,4000000000,0.153,153,1
13,1,12513525000000,80000,0.0991,10.0908,15.748,7.25805e+06,1.143e+08,2000000000,0.0635,63.5,0.9
13,0,12513526000000,84000,0.102024,9.80163,6.23053,1.03041e+08,6.42e+08,4000000000,0.1605,160.5,1
13,1,12513527000000,86000,0.101314,9.87031,13.986,9.20205e+06,1.287e+08,2000000000,0.0715,71.5,0.9
13,1,12513528000000,88000,0.0996705,10.0331,34.4828,1.5138e+06,5.22e+07,2000000000,0.029,29,0.9
13,0,12513529000000,92000,0.101489,9.85327,7.06714,8.0089e+07,5.66e+08,4000000000,0.1415,141.5,1
13,1,12513530000000,94000,0.100862,9.91457,13.8889,9.3312e+06,1.296e+08,2000000000,0.072,72,0.9
13,0,12513531000000,98000,0.10299,9.7097,6.53595,9.3636e+07,6.12e+08,4000000000,0.153,153,1
13,1,12513532000000,100000,0.10261,9.74564,11.9048,1.27008e+07,1.512e+08,2000000000,0.084,84,0.9
13,0,12513533000000,104000,0.104077,9.60828,7.1048,7.92422e+07,5.63e+08,4000000000,0.14075,140.75,1
13,1,12513534000000,106000,0.102877,9.72031,24.6914,2.95245e+06,7.29e+07,2000000000,0.0405,40.5,0.9
13,1,12513535000000,108000,0.101861,9.81729,20.8333,4.1472e+06,8.64e+07,2000000000,0.048,48,0.9
13,0,12513536000000,112000,0.103973,9.61786,6.21118,1.03684e+08,6.44e+08,4000000000,0.161,161,1
13,1,12513537000000,114000,0.103377,9.67331,14.2857,8.82e+06,1.26e+08,2000000000,0.07,70,0.9
13,0,12513538000000,118000,0.105059,9.51843,6.53595,9.3636e+07,6.12e+08,4000000000,0.153,153,1
13,1,12513539000000,120000,0.104708,9.55034,11.9048,1.27008e+07,1.512e+08,2000000000,0.084,84,0.9
13,0,12513540000000,124000,0.105024,9.52162,8.73362,5.2441e+07,4.58e+08,4000000000,0.1145,114.5,1
13,0,12513541000000,128000,0.102914,9.71685,26.6667,5.625e+06,1.5e+08,4000000000,0.0375,37.5,1
13,0,12513542000000,132000,0.100583,9.942,38.4615,2.704e+06,1.04e+08,4000000000,0.026,26,1
13,0,12513543000000,136000,0.0977132,10.234,333.333,36000,1.2e+07,4000000000,0.003,3,1
13,0,12513544000000,140000,0.0956357,10.4563,40,2.5e+06,1e+08,4000000000,0.025,25,1
13,0,12513545000000,144000,0.0938125,10.6596,33.3333,3.6e+06,1.2e+08,4000000000,0.03,30,1
13,0,12513546000000,148000,0.0913581,10.9459,333.333,36000,1.2e+07,4000000000,0.003,3,1
13,0,12513547000000,152000,0.0897434,11.1429,33.3333,3.6e+06,1.2e+08,4000000000,0.03,30,1
14,0,12513501000000,4000,0.02925,34.188,34.188,3.42225e+06,1.17e+08,4000000000,0.02925,29.25,1
14,0,12513502000000,8000,0.032875,30.4183,27.3973,5.329e+06,1.46e+08,4000000000,0.0365,36.5,1
14,0,12513503000000,12000,0.0744167,13.4378,6.34921,9.9225e+07,6.3e+08,4000000000,0.1575,157.5,1
14,1,12513504000000,14000,0.0737857,13.5528,14.2857,8.82e+06,1.26e+08,2000000000,0.07,70,0.9
14,0,12513505000000,18000,0.0913889,10.9422,6.53595,9.3636e+07,6.12e+08,4000000000,0.153,153,1
14,1,12513506000000,20000,0.09065,11.0314,11.9048,1.27008e+07,1.512e+08,2000000000,0.084,84,0.9
14,0,12513507000000,24000,0.0925417,10.8059,9.80392,4.1616e+07,4.08e+08,4000000000,0.102,102,1
14,0,12513508000000,28000,0.0864643,11.5655,20,1e+07,2e+08,4000000000,0.05,50,1
14,0,12513509000000,32000,0.0802188,12.4659,27.3973,5.329e+06,1.46e+08,4000000000,0.0365,36.5,1
14,0,12513510000000,36000,0.0888056,11.2606,6.34921,9.9225e+07,6.3e+08,4000000000,0.1575,157.5,1
14,1,12513511000000,38000,0.0878158,11.3875,14.2857,8.82e+06,1.26e+08,2000000000,0.07,70,0.9
14,0,12513512000000,42000,0.0940238,10.6356,6.53595,9.3636e+07,6.12e+08,4000000000,0.153,153,1
14,1,12513513000000,44000,0.0935682,10.6874,11.9048,1.27008e+07,1.512e+08,2000000000,0.084,84,0.9
14,0,12513514000000,48000,0.0932917,10.7191,11.0803,3.25802e+07,3.61e+08,4000000000,0.09025,90.25,1
14,0,12513515000000,52000,0.0908654,11.0053,16.1943,1.52522e+07,2.47e+08,4000000000,0.06175,61.75,1
14,1,12513516000000,54000,0.0899444,11.118,15.1515,7.8408e+06,1.188e+08,2000000000,0.066,66,0.9
14,0,12513517000000,58000,0.0948448,10.5435,6.21118,1.03684e+08,6.44e+08,4000000000,0.161,161,1
14,1,12513518000000,60000,0.0940167,10.6364,14.2857,8.82e+06,1.26e+08,2000000000,0.07,70,0.9
14,0,12513519000000,64000,0.0977031,10.2351,6.53595,9.3636e+07,6.12e+08,4000000000,0.153,153,1
14,1,12513520000000,66000,0.0972879,10.2788,11.9048,1.27008e+07,1.512e+08,2000000000,0.084,84,0.9
14,1,12513521000000,68000,0.0967059,10.3406,12.9032,1.08112e+07,1.395e+08,2000000000,0.0775,77.5,0.9
14,0,12513522000000,72000,0.0975694,10.2491,8.90869,5.04002e+07,4.49e+08,4000000000,0.11225,112.25,1
14,1,12513523000000,74000,0.0971486,10.2935,12.1951,1.21032e+07,1.476e+08,2000000000,0.082,82,0.9
14,0,12513524000000,78000,0.100013,9.99872,6.53595,9.3636e+07,6.12e+08,4000000000,0.153,153,1
14,1,12513525000000,80000,0.0991,10.0908,15.748,7.25805e+06,1.143e+08,2000000000,0.0635,63.5,0.9
14,0,12513526000000,84000,0.102024,9.80163,6.23053,1.03041e+08,6.42e+08,4000000000,0.1605,160.5,1
14,1,12513527000000,86000,0.101314,9.87031,13.986,9.20205e+06,1.287e+08,2000000000,0.0715,71.5,0.9
14,1,12513528000000,88000,0.0996705,10.0331,34.4828,1.5138e+06,5.22e+07,2000000000,0.029,29,0.9
14,0,12513529000000,92000,0.101489,9.85327,7.06714,8.0089e+07,5.66e+08,4000000000,0.1415,141.5,1
14,1,12513530000000,94000,0.100862,9.91457,13.8889,9.3312e+06,1.296e+08,2000000000,0.072,72,0.9
14,0,12513531000000,98000,0.10299,9.7097,6.53595,9.3636e+07,6.12e+08,4000000000,0.153,153,1
14,1,12513532000000,100000,0.10261,9.74564,11.9048,1.27008e+07,1.512e+08,2000000000,0.084,84,0.9
14,0,12513533000000,104000,0.104077,9.60828,7.1048,7.92422e+07,5.63e+08,4000000000,0.14075,140.75,1
14,1,12513534000000,106000,0.102877,9.72031,24.6914,2.95245e+06,7.29e+07,2000000000,0.0405,40.5,0.9
14,1,12513535000000,108000,0.101861,9.81729,20.8333,4.1472e+06,8.64e+07,2000000000,0.048,48,0.9
14,0,12513536000000,112000,0.103973,9.61786,6.21118,1.03684e+08,6.44e+08,4000000000,0.161,161,1
14,1,12513537000000,114000,0.103377,9.67331,14.2857,8.82e+06,1.26e+08,2000000000,0.07,70,0.9
14,0,12513538000000,118000,0.105059,9.51843,6.53595,9.3636e+07,6.12e+08,4000000000,0.153,153,1
14,1,12513539000000,120000,0.104708,9.55034,11.9048,1.27008e+07,1.512e+08,2000000000,0.084,84,0.9
14,0,12513540000000,124000,0.105024,9.52162,8.73362,5.2441e+07,4.58e+08,4000000000,0.1145,114.5,1
14,0,12513541000000,128000,0.102914,9.71685,26.6667,5.625e+06,1.5e+08,4000000000,0.0375,37.5,1
14,0,12513542000000,132000,0.100583,9.942,38.4615,2.704e+06,1.04e+08,4000000000,0.026,26,1
14,0,12513543000000,136000,0.0977132,10.234,333.333,36000,1.2e+07,4000000000,0.003,3,1
14,0,12513544000000,140000,0.0956357,10.4563,40,2.5e+06,1e+08,4000000000,0.025,25,1
14,0,12513545000000,144000,0.0938125,10.6596,33.3333,3.6e+06,1.2e+08,4000000000,0.03,30,1
14,0,12513546000000,148000,0.0913581,10.9459,333.333,36000,1.2e+07,4000000000,0.003,3,1
14,0,12513547000000,152000,0.0897434,11.1429,33.3333,3.6e+06,1.2e+08,4000000000,0.03,30,1
15,0,12513501000000,4000,0.02925,34.188,34.188,3.42225e+06,1.17e+08,4000000000,0.02925,29.25,1
15,0,12513502000000,8000,0.032875,30.4183,27.3973,5.329e+06,1.46e+08,4000000000,0.0365,36.5,1
15,0,12513503000000,12000,0.0744167,13.4378,6.34921,9.9225e+07,6.3e+08,4000000000,0.1575,157.5,1
15,1,12513504000000,14000,0.0737857,13.5528,14.2857,8.82e+06,1.26e+08,2000000000,0.07,70,0.9
15,0,12513505000000,18000,0.0913889,10.9422,6.53595,9.3636e+07,6.12e+08,4000000000,0.153,153,1
15,1,12513506000000,20000,0.09065,11.0314,11.9048,1.27008e+07,1.512e+08,2000000000,0.084,84,0.9
15,0,12513507000000,24000,0.0925417,10.8059,9.80392,4.1616e+07,4.08e+08,4000000000,0.102,102,1
15,0,12513508000000,28000,0.0864643,11.5655,20,1e+07,2e+08,4000000000,0.05,50,1
15,0,12513509000000,32000,0.0802188,12.4659,27.3973,5.329e+06,1.46e+08,4000000000,0.0365,36.5,1
15,0,12513510000000,36000,0.0888056,11.2606,6.34921,9.9225e+07,6.3e+08,4000000000,0.1575,157.5,1
15,1,12513511000000,38000,0.0878158,11.3875,14.2857,8.82e+06,1.26e+08,2000000000,0.07,70,0.9
15,0,12513512000000,42000,0.0940238,10.6356,6.53595,9.3636e+07,6.12e+08,4000000000,0.153,153,1
15,1,12513513000000,44000,0.0935682,10.6874,11.9048,1.27008e+07,1.512e+08,2000000000,0.084,84,0.9
15,0,12513514000000,48000,0.0932917,10.7191,11.0803,3.25802e+07,3.61e+08,4000000000,0.09025,90.25,1
15,0,12513515000000,52000,0.0908654,11.0053,16.1943,1.52522e+07,2.47e+08,4000000000,0.06175,61.75,1
15,1,12513516000000,54000,0.0899444,11.118,15.1515,7.8408e+06,1.188e+08,2000000000,0.066,66,0.9
15,0,12513517000000,58000,0.0948448,10.5435,6.21118,1.03684e+08,6.44e+08,4000000000,0.161,161,1
15,1,12513518000000,60000,0.0940167,10.6364,14.2857,8.82e+06,1.26e+08,2000000000,0.07,70,0.9
15,0,12513519000000,64000,0.0977031,10.2351,6.53595,9.3636e+07,6.12e+08,4000000000,0.153,153,1
15,1,12513520000000,66000,0.0972879,10.2788,11.9048,1.27008e+07,1.512e+08,2000000000,0.084,84,0.9
15,1,12513521000000,68000,0.0967059,10.3406,12.9032,1.08112e+07,1.395e+08,2000000000,0.0775,77.5,0.9
15,0,12513522000000,72000,0.0975694,10.2491,8.90869,5.04002e+07,4.49e+08,4000000000,0.11225,112.25,1
15,1,12513523000000,74000,0.0971486,10.2935,12.1951,1.21032e+07,1.476e+08,2000000000,0.082,82,0.9
15,0,12513524000000,78000,0.100013,9.99872,6.53595,9.3636e+07,6.12e+08,4000000000,0.153,153,1
15,1,12513525000000,80000,0.0991,10.0908,15.748,7.25805e+06,1.143e+08,2000000000,0.0635,63.5,0.9
15,0,12513526000000,84000,0.102024,9.80163,6.23053,1.03041e+08,6.42e+08,4000000000,0.1605,160.5,1
15,1,12513527000000,86000,0.101314,9.87031,13.986,9.20205e+06,1.287e+08,2000000000,0.0715,71.5,0.9
15,1,12513528000000,88000,0.0996705,10.0331,34.4828,1.5138e+06,5.22e+07,2000000000,0.029,29,0.9
15,0,12513529000000,92000,0.101489,9.85327,7.06714,8.0089e+07,5.66e+08,4000000000,0.1415,141.5,1
15,1,12513530000000,94000,0.100862,9.91457,13.8889,9.3312e+06,1.296e+08,2000000000,0.072,72,0.9
15,0,12513531000000,98000,0.10299,9.7097,6.53595,9.3636e+07,6.12e+08,4000000000,0.153,153,1
15,1,12513532000000,100000,0.10261,9.74564,11.9048,1.27008e+07,1.512e+08,2000000000,0.084,84,0.9
15,0,12513533000000,104000,0.104077,9.60828,7.1048,7.92422e+07,5.63e+08,4000000000,0.14075,140.75,1
15,1,12513534000000,106000,0.102877,9.72031,24.6914,2.95245e+06,7.29e+07,2000000000,0.0405,40.5,0.9
15,1,12513535000000,108000,0.101861,9.81729,20.8333,4.1472e+06,8.64e+07,2000000000,0.048,48,0.9
15,0,12513536000000,112000,0.103973,9.61786,6.21118,1.03684e+08,6.44e+08,4000000000,0.161,161,1
15,1,12513537000000,114000,0.103377,9.67331,14.2857,8.82e+06,1.26e+08,2000000000,0.07,70,0.9
15,0,12513538000000,118000,0.105059,9.51843,6.53595,9.3636e+07,6.12e+08,4000000000,0.153,153,1
15,1,12513539000000,120000,0.104708,9.55034,11.9048,1.27008e+07,1.512e+08,2000000000,0.084,84,0.9
15,0,12513540000000,124000,0.105024,9.52162,8.73362,5.2441e+07,4.58e+08,4000000000,0.1145,114.5,1
15,0,12513541000000,128000,0.102914,9.71685,26.6667,5.625e+06,1.5e+08,4000000000,0.0375,37.5,1
15,0,12513542000000,132000,0.100583,9.942,38.4615,2.704e+06,1.04e+08,4000000000,0.026,26,1
15,0,12513543000000,136000,0.0977132,10.234,333.333,36000,1.2e+07,4000000000,0.003,3,1
15,0,12513544000000,140000,0.0956357,10.4563,40,2.5e+06,1e+08,4000000000,0.025,25,1
15,0,12513545000000,144000,0.0938125,10.6596,33.3333,3.6e+06,1.2e+08,4000000000,0.03,30,1
15,0,12513546000000,148000,0.0913581,10.9459,333.333,36000,1.2e+07,4000000000,0.003,3,1
15,0,12513547000000,152000,0.0897434,11.1429,33.3333,3.6e+06,1.2e+08,4000000000,0.03,30,1
16,0,12513501000000,4000,0.065,15.3846,15.3846,1.69e+07,2.6e+08,4000000000,0.065,65,1
16,0,12513502000000,8000,0.05075,19.7044,27.3973,5.329e+06,1.46e+08,4000000000,0.0365,36.5,1
16,0,12513503000000,12000,0.0863333,11.583,6.34921,9.9225e+07,6.3e+08,4000000000,0.1575,157.5,1
16,1,12513504000000,14000,0.084,11.9048,14.2857,8.82e+06,1.26e+08,2000000000,0.07,70,0.9
16,0,12513505000000,18000,0.0993333,10.0671,6.53595,9.3636e+07,6.12e+08,4000000000,0.153,153,1
16,1,12513506000000,20000,0.0978,10.2249,11.9048,1.27008e+07,1.512e+08,2000000000,0.084,84,0.9
16,0,12513507000000,24000,0.0949167,10.5356,12.4224,2.5921e+07,3.22e+08,4000000000,0.0805,80.5,1
16,0,12513508000000,28000,0.0915714,10.9204,13.986,2.0449e+07,2.86e+08,4000000000,0.0715,71.5,1
16,0,12513509000000,32000,0.0846875,11.8081,27.3973,5.329e+06,1.46e+08,4000000000,0.0365,36.5,1
16,0,12513510000000,36000,0.0927778,10.7784,6.34921,9.9225e+07,6.3e+08,4000000000,0.1575,157.5,1
16,1,12513511000000,38000,0.0915789,10.9195,14.2857,8.82e+06,1.26e+08,2000000000,0.07,70,0.9
16,0,12513512000000,42000,0.0974286,10.2639,6.53595,9.3636e+07,6.12e+08,4000000000,0.153,153,1
16,1,12513513000000,44000,0.0968182,10.3286,11.9048,1.27008e+07,1.512e+08,2000000000,0.084,84,0.9
16,0,12513514000000,48000,0.0937292,10.669,16.7364,1.42802e+07,2.39e+08,4000000000,0.05975,59.75,1
16,0,12513515000000,52000,0.0936154,10.682,10.8401,3.40402e+07,3.69e+08,4000000000,0.09225,92.25,1
16,1,12513516000000,54000,0.0925926,10.8,15.1515,7.8408e+06,1.188e+08,2000000000,0.066,66,0.9
16,0,12513517000000,58000,0.0973103,10.2764,6.21118,1.03684e+08,6.44e+08,4000000000,0.161,161,1
16,1,12513518000000,60000,0.0964,10.3734,14.2857,8.82e+06,1.26e+08,2000000000,0.07,70,0.9
16,0,12513519000000,64000,0.0999375,10.0063,6.53595,9.3636e+07,6.12e+08,4000000000,0.153,153,1
16,1,12513520000000,66000,0.0993939,10.061,12.1951,1.21032e+07,1.476e+08,2000000000,0.082,82,0.9
16,1,12513521000000,68000,0.0973235,10.275,34.4828,1.5138e+06,5.22e+07,2000000000,0.029,29,0.9
16,0,12513522000000,72000,0.0996667,10.0334,7.16846,7.7841e+07,5.58e+08,4000000000,0.1395,139.5,1
16,1,12513523000000,74000,0.0987568,10.1259,15.1515,7.8408e+06,1.188e+08,2000000000,0.066,66,0.9
16,0,12513524000000,78000,0.101949,9.80885,6.21118,1.03684e+08,6.44e+08,4000000000,0.161,161,1
16,1,12513525000000,80000,0.100962,9.90467,16,7.03125e+06,1.125e+08,2000000000,0.0625,62.5,0.9
16,0,12513526000000,84000,0.103488,9.66295,6.49351,9.4864e+07,6.16e+08,4000000000,0.154,154,1
16,1,12513527000000,86000,0.1025,9.7561,16.3934,6.6978e+06,1.098e+08,2000000000,0.061,61,0.9
16,1,12513528000000,88000,0.101148,9.88653,23.2558,3.3282e+06,7.74e+07,2000000000,0.043,43,0.9
16,0,12513529000000,92000,0.103043,9.70464,6.90846,8.38102e+07,5.79e+08,4000000000,0.14475,144.75,1
16,1,12513530000000,94000,0.102202,9.78453,15.748,7.25805e+06,1.143e+08,2000000000,0.0635,63.5,0.9
16,0,12513531000000,98000,0.104653,9.55538,6.16333,1.053e+08,6.49e+08,4000000000,0.16225,162.25,1
16,1,12513532000000,100000,0.10404,9.61169,13.5135,9.8568e+06,1.332e+08,2000000000,0.074,74,0.9
16,0,12513533000000,104000,0.104663,9.55443,8.31601,5.78402e+07,4.81e+08,4000000000,0.12025,120.25,1
16,1,12513534000000,106000,0.103887,9.62586,15.748,7.25805e+06,1.143e+08,2000000000,0.0635,63.5,0.9
16,1,12513535000000,108000,0.103185,9.69131,15.1515,7.8408e+06,1.188e+08,2000000000,0.066,66,0.9
16,0,12513536000000,112000,0.10525,9.50119,6.21118,1.03684e+08,6.44e+08,4000000000,0.161,161,1
16,1,12513537000000,114000,0.104632,9.55734,14.2857,8.82e+06,1.26e+08,2000000000,0.07,70,0.9
16,0,12513538000000,118000,0.106271,9.40989,6.53595,9.3636e+07,6.12e+08,4000000000,0.153,153,1
16,1,12513539000000,120000,0.1059,9.44287,11.9048,1.27008e+07,1.512e+08,2000000000,0.084,84,0.9
16,0,12513540000000,124000,0.1055,9.47867,10.6952,3.4969e+07,3.74e+08,4000000000,0.0935,93.5,1
16,0,12513541000000,128000,0.104031,9.6125,17.094,1.3689e+07,2.34e+08,4000000000,0.0585,58.5,1
16,0,12513542000000,132000,0.101515,9.85075,47.619,1.764e+06,8.4e+07,4000000000,0.021,21,1
16,0,12513543000000,136000,0.0994118,10.0592,33.3333,3.6e+06,1.2e+08,4000000000,0.03,30,1
16,0,12513544000000,140000,0.0966571,10.3458,333.333,36000,1.2e+07,4000000000,0.003,3,1
16,0,12513545000000,144000,0.0948056,10.5479,33.3333,3.6e+06,1.2e+08,4000000000,0.03,30,1
16,0,12513546000000,148000,0.0923243,10.8314,333.333,36000,1.2e+07,4000000000,0.003,3,1
16,0,12513547000000,152000,0.0906842,11.0273,33.3333,3.6e+06,1.2e+08,4000000000,0.03,30,1
17,0,12513501000000,4000,0.065,15.3846,15.3846,1.69e+07,2.6e+08,4000000000,0.065,65,1
17,0,12513502000000,8000,0.05075,19.7044,27.3973,5.329e+06,1.46e+08,4000000000,0.0365,36.5,1
17,0,12513503000000,12000,0.0863333,11.583,6.34921,9.9225e+07,6.3e+08,4000000000,0.1575,157.5,1
17,1,12513504000000,14000,0.084,11.9048,14.2857,8.82e+06,1.26e+08,2000000000,0.07,70,0.9
17,0,12513505000000,18000,0.0993333,10.0671,6.53595,9.3636e+07,6.12e+08,4000000000,0.153,153,1
17,1,12513506000000,20000,0.0978,10.2249,11.9048,1.27008e+07,1.512e+08,2000000000,0.084,84,0.9
17,0,12513507000000,24000,0.0949167,10.5356,12.4224,2.5921e+07,3.22e+08,4000000000,0.0805,80.5,1
17,0,12513508000000,28000,0.0915714,10.9204,13.986,2.0449e+07,2.86e+08,4000000000,0.0715,71.5,1
17,0,12513509000000,32000,0.0846875,11.8081,27.3973,5.329e+06,1.46e+08,4000000000,0.0365,36.5,1
17,0,12513510000000,36000,0.0927778,10.7784,6.34921,9.9225e+07,6.3e+08,4000000000,0.1575,157.5,1
17,1,12513511000000,38000,0.0915789,10.9195,14.2857,8.82e+06,1.26e+08,2000000000,0.07,70,0.9
17,0,12513512000000,42000,0.0974286,10.2639,6.53595,9.3636e+07,6.12e+08,4000000000,0.153,153,1
17,1,12513513000000,44000,0.0968182,10.3286,11.9048,1.27008e+07,1.512e+08,2000000000,0.084,84,0.9
17,0,12513514000000,48000,0.0937292,10.669,16.7364,1.42802e+07,2.39e+08,4000000000,0.05975,59.75,1
17,0,12513515000000,52000,0.0936154,10.682,10.8401,3.40402e+07,3.69e+08,4000000000,0.09225,92.25,1
17,1,12513516000000,54000,0.0925926,10.8,15.1515,7.8408e+06,1.188e+08,2000000000,0.066,66,0.9
17,0,12513517000000,58000,0.0973103,10.2764,6.21118,1.03684e+08,6.44e+08,4000000000,0.161,161,1
17,1,12513518000000,60000,0.0964,10.3734,14.2857,8.82e+06,1.26e+08,2000000000,0.07,70,0.9
17,0,12513519000000,64000,0.0999375,10.0063,6.53595,9.3636e+07,6.12e+08,4000000000,0.153,153,1
17,1,12513520000000,66000,0.0993939,10.061,12.1951,1.21032e+07,1.476e+08,2000000000,0.082,82,0.9
17,1,12513521000000,68000,0.0973235,10.275,34.4828,1.5138e+06,5.22e+07,2000000000,0.029,29,0.9
17,0,12513522000000,72000,0.0996667,10.0334,7.16846,7.7841e+07,5.58e+08,4000000000,0.1395,139.5,1
17,1,12513523000000,74000,0.0987568,10.1259,15.1515,7.8408e+06,1.188e+08,2000000000,0.066,66,0.9
17,0,12513524000000,78000,0.101949,9.80885,6.21118,1.03684e+08,6.44e+08,4000000000,0.161,161,1
17,1,12513525000000,80000,0.100962,9.90467,16,7.03125e+06,1.125e+08,2000000000,0.0625,62.5,0.9
17,0,12513526000000,84000,0.103488,9.66295,6.49351,9.4864e+07,6.16e+08,4000000000,0.154,154,1
17,1,12513527000000,86000,0.1025,9.7561,16.3934,6.6978e+06,1.098e+08,2000000000,0.061,61,0.9
17,1,12513528000000,88000,0.101148,9.88653,23.2558,3.3282e+06,7.74e+07,2000000000,0.043,43,0.9
17,0,12513529000000,92000,0.103043,9.70464,6.90846,8.38102e+07,5.79e+08,4000000000,0.14475,144.75,1
17,1,12513530000000,94000,0.102202,9.78453,15.748,7.25805e+06,1.143e+08,2000000000,0.0635,63.5,0.9
17,0,12513531000000,98000,0.104653,9.55538,6.16333,1.053e+08,6.49e+08,4000000000,0.16225,162.25,1
17,1,12513532000000,100000,0.10404,9.61169,13.5135,9.8568e+06,1.332e+08,2000000000,0.074,74,0.9
17,0,12513533000000,104000,0.104663,9.55443,8.31601,5.78402e+07,4.81e+08,4000000000,0.12025,120.25,1
17,1,12513534000000,106000,0.103887,9.62586,15.748,7.25805e+06,1.143e+08,2000000000,0.0635,63.5,0.9
17,1,12513535000000,108000,0.103185,9.69131,15.1515,7.8408e+06,1.188e+08,2000000000,0.066,66,0.9
17,0,12513536000000,112000,0.10525,9.50119,6.21118,1.03684e+08,6.44e+08,4000000000,0.161,161,1
17,1,12513537000000,114000,0.104632,9.55734,14.2857,8.82e+06,1.26e+08,2000000000,0.07,70,0.9
17,0,12513538000000,118000,0.106271,9.40989,6.53595,9.3636e+07,6.12e+08,4000000000,0.153,153,1
17,1,12513539000000,120000,0.1059,9.44287,11.9048,1.27008e+07,1.512e+08,2000000000,0.084,84,0.9
17,0,12513540000000,124000,0.1055,9.47867,10.6952,3.4969e+07,3.74e+08,4000000000,0.0935,93.5,1
17,0,12513541000000,128000,0.104031,9.6125,17.094,1.3689e+07,2.34e+08,4000000000,0.0585,58.5,1
17,0,12513542000000,132000,0.101515,9.85075,47.619,1.764e+06,8.4e+07,4000000000,0.021,21,1
17,0,12513543000000,136000,0.0994118,10.0592,33.3333,3.6e+06,1.2e+08,4000000000,0.03,30,1
17,0,12513544000000,140000,0.0966571,10.3458,333.333,36000,1.2e+07,4000000000,0.003,3,1
17,0,12513545000000,144000,0.0948056,10.5479,33.3333,3.6e+06,1.2e+08,4000000000,0.03,30,1
17,0,12513546000000,148000,0.0923243,10.8314,333.333,36000,1.2e+07,4000000000,0.003,3,1
17,0,12513547000000,152000,0.0906842,11.0273,33.3333,3.6e+06,1.2e+08,4000000000,0.03,30,1
18,0,12513501000000,4000,0.065,15.3846,15.3846,1.69e+07,2.6e+08,4000000000,0.065,65,1
18,0,12513502000000,8000,0.05075,19.7044,27.3973,5.329e+06,1.46e+08,4000000000,0.0365,36.5,1
18,0,12513503000000,12000,0.0863333,11.583,6.34921,9.9225e+07,6.3e+08,4000000000,0.1575,157.5,1
18,1,12513504000000,14000,0.084,11.9048,14.2857,8.82e+06,1.26e+08,2000000000,0.07,70,0.9
18,0,12513505000000,18000,0.0993333,10.0671,6.53595,9.3636e+07,6.12e+08,4000000000,0.153,153,1
18,1,12513506000000,20000,0.0978,10.2249,11.9048,1.27008e+07,1.512e+08,2000000000,0.084,84,0.9
18,0,12513507000000,24000,0.0949167,10.5356,12.4224,2.5921e+07,3.22e+08,4000000000,0.0805,80.5,1
18,0,12513508000000,28000,0.0915714,10.9204,13.986,2.0449e+07,2.86e+08,4000000000,0.0715,71.5,1
18,0,12513509000000,32000,0.0846875,11.8081,27.3973,5.329e+06,1.46e+08,4000000000,0.0365,36.5,1
18,0,12513510000000,36000,0.0927778,10.7784,6.34921,9.9225e+07,6.3e+08,4000000000,0.1575,157.5,1
18,1,12513511000000,38000,0.0915789,10.9195,14.2857,8.82e+06,1.26e+08,2000000000,0.07,70,0.9
18,0,12513512000000,42000,0.0974286,10.2639,6.53595,9.3636e+07,6.12e+08,4000000000,0.153,153,1
18,1,12513513000000,44000,0.0968182,10.3286,11.9048,1.27008e+07,1.512e+08,2000000000,0.084,84,0.9
18,0,12513514000000,48000,0.0937292,10.669,16.7364,1.42802e+07,2.39e+08,4000000000,0.05975,59.75,1
18,0,12513515000000,52000,0.0936154,10.682,10.8401,3.40402e+07,3.69e+08,4000000000,0.09225,92.25,1
18,1,12513516000000,54000,0.0925926,10.8,15.1515,7.8408e+06,1.188e+08,2000000000,0.066,66,0.9
18,0,12513517000000,58000,0.0973103,10.2764,6.21118,1.03684e+08,6.44e+08,4000000000,0.161,161,1
18,1,12513518000000,60000,0.0964,10.3734,14.2857,8.82e+06,1.26e+08,2000000000,0.07,70,0.9
18,0,12513519000000,64000,0.0999375,10.0063,6.53595,9.3636e+07,6.12e+08,4000000000,0.153,153,1
18,1,12513520000000,66000,0.0993939,10.061,12.1951,1.21032e+07,1.476e+08,2000000000,0.082,82,0.9
18,1,12513521000000,68000,0.0973235,10.275,34.4828,1.5138e+06,5.22e+07,2000000000,0.029,29,0.9
18,0,12513522000000,72000,0.0996667,10.0334,7.16846,7.7841e+07,5.58e+08,4000000000,0.1395,139.5,1
18,1,12513523000000,74000,0.0987568,10.1259,15.1515,7.8408e+06,1.188e+08,2000000000,0.066,66,0.9
18,0,12513524000000,78000,0.101949,9.80885,6.21118,1.03684e+08,6.44e+08,4000000000,0.161,161,1
18,1,12513525000000,80000,0.100962,9.90467,16,7.03125e+06,1.125e+08,2000000000,0.0625,62.5,0.9
18,0,12513526000000,84000,0.103488,9.66295,6.49351,9.4864e+07,6.16e+08,4000000000,0.154,154,1
18,1,12513527000000,86000,0.1025,9.7561,16.3934,6.6978e+06,1.098e+08,2000000000,0.061,61,0.9
18,1,12513528000000,88000,0.101148,9.88653,23.2558,3.3282e+06,7.74e+07,2000000000,0.043,43,0.9
18,0,12513529000000,92000,0.103043,9.70464,6.90846,8.38102e+07,5.79e+08,4000000000,0.14475,144.75,1
18,1,12513530000000,94000,0.102202,9.78453,15.748,7.25805e+06,1.143e+08,2000000000,0.0635,63.5,0.9
18,0,12513531000000,98000,0.104653,9.55538,6.16333,1.053e+08,6.49e+08,4000000000,0.16225,162.25,1
18,1,12513532000000,100000,0.10404,9.61169,13.5135,9.8568e+06,1.332e+08,2000000000,0.074,74,0.9
18,0,12513533000000,104000,0.104663,9.55443,8.31601,5.78402e+07,4.81e+08,4000000000,0.12025,120.25,1
18,1,12513534000000,106000,0.103887,9.62586,15.748,7.25805e+06,1.143e+08,2000000000,0.0635,63.5,0.9
18,1,12513535000000,108000,0.103185,9.69131,15.1515,7.8408e+06,1.188e+08,2000000000,0.066,66,0.9
18,0,12513536000000,112000,0.10525,9.50119,6.21118,1.03684e+08,6.44e+08,4000000000,0.161,161,1
18,1,12513537000000,114000,0.104632,9.55734,14.2857,8.82e+06,1.26e+08,2000000000,0.07,70,0.9
18,0,12513538000000,118000,0.106271,9.40989,6.53595,9.3636e+07,6.12e+08,4000000000,0.153,153,1
18,1,12513539000000,120000,0.1059,9.44287,11.9048,1.27008e+07,1.512e+08,2000000000,0.084,84,0.9
18,0,12513540000000,124000,0.1055,9.47867,10.6952,3.4969e+07,3.74e+08,4000000000,0.0935,93.5,1
18,0,12513541000000,128000,0.104031,9.6125,17.094,1.3689e+07,2.34e+08,4000000000,0.0585,58.5,1
18,0,12513542000000,132000,0.101515,9.85075,47.619,1.764e+06,8.4e+07,4000000000,0.021,21,1
18,0,12513543000000,136000,0.0994118,10.0592,33.3333,3.6e+06,1.2e+08,4000000000,0.03,30,1
18,0,12513544000000,140000,0.0966571,10.3458,333.333,36000,1.2e+07,4000000000,0.003,3,1
18,0,12513545000000,144000,0.0948056,10.5479,33.3333,3.6e+06,1.2e+08,4000000000,0.03,30,1
18,0,12513546000000,148000,0.0923243,10.8314,333.333,36000,1.2e+07,4000000000,0.003,3,1
18,0,12513547000000,152000,0.0906842,11.0273,33.3333,3.6e+06,1.2e+08,4000000000,0.03,30,1
19,0,12513501000000,4000,0.065,15.3846,15.3846,1.69e+07,2.6e+08,4000000000,0.065,65,1
19,0,12513502000000,8000,0.05075,19.7044,27.3973,5.329e+06,1.46e+08,4000000000,0.0365,36.5,1
19,0,12513503000000,12000,0.0863333,11.583,6.34921,9.9225e+07,6.3e+08,4000000000,0.1575,157.5,1
19,1,12513504000000,14000,0.084,11.9048,14.2857,8.82e+06,1.26e+08,2000000000,0.07,70,0.9
19,0,12513505000000,18000,0.0993333,10.0671,6.53595,9.3636e+07,6.12e+08,4000000000,0.153,153,1
19,1,12513506000000,20000,0.0978,10.2249,11.9048,1.27008e+07,1.512e+08,2000000000,0.084,84,0.9
19,0,12513507000000,24000,0.0949167,10.5356,12.4224,2.5921e+07,3.22e+08,4000000000,0.0805,80.5,1
19,0,12513508000000,28000,0.0915714,10.9204,13.986,2.0449e+07,2.86e+08,4000000000,0.0715,71.5,1
19,0,12513509000000,32000,0.0846875,11.8081,27.3973,5.329e+06,1.46e+08,4000000000,0.0365,36.5,1
19,0,12513510000000,36000,0.0927778,10.7784,6.34921,9.9225e+07,6.3e+08,4000000000,0.1575,157.5,1
19,1,12513511000000,38000,0.0915789,10.9195,14.2857,8.82e+06,1.26e+08,2000000000,0.07,70,0.9
19,0,12513512000000,42000,0.0974286,10.2639,6.53595,9.3636e+07,6.12e+08,4000000000,0.153,153,1
19,1,12513513000000,44000,0.0968182,10.3286,11.9048,1.27008e+07,1.512e+08,2000000000,0.084,84,0.9
19,0,12513514000000,48000,0.0937292,10.669,16.7364,1.42802e+07,2.39e+08,4000000000,0.05975,59.75,1
19,0,12513515000000,52000,0.0936154,10.682,10.8401,3.40402e+07,3.69e+08,4000000000,0.09225,92.25,1
19,1,12513516000000,54000,0.0925926,10.8,15.1515,7.8408e+06,1.188e+08,2000000000,0.066,66,0.9
19,0,12513517000000,58000,0.0973103,10.2764,6.21118,1.03684e+08,6.44e+08,4000000000,0.161,161,1
19,1,12513518000000,60000,0.0964,10.3734,14.2857,8.82e+06,1.26e+08,2000000000,0.07,70,0.9
19,0,12513519000000,64000,0.0999375,10.0063,6.53595,9.3636e+07,6.12e+08,4000000000,0.153,153,1
19,1,12513520000000,66000,0.0993939,10.061,12.1951,1.21032e+07,1.476e+08,2000000000,0.082,82,0.9
19,1,12513521000000,68000,0.0973235,10.275,34.4828,1.5138e+06,5.22e+07,2000000000,0.029,29,0.9
19,0,12513522000000,72000,0.0996667,10.0334,7.16846,7.7841e+07,5.58e+08,4000000000,0.1395,139.5,1
19,1,12513523000000,74000,0.0987568,10.1259,15.1515,7.8408e+06,1.188e+08,2000000000,0.066,66,0.9
19,0,12513524000000,78000,0.101949,9.80885,6.21118,1.03684e+08,6.44e+08,4000000000,0.161,161,1
19,1,12513525000000,80000,0.100962,9.90467,16,7.03125e+06,1.125e+08,2000000000,0.0625,62.5,0.9
19,0,12513526000000,84000,0.103488,9.66295,6.49351,9.4864e+07,6.16e+08,4000000000,0.154,154,1
19,1,12513527000000,86000,0.1025,9.7561,16.3934,6.6978e+06,1.098e+08,2000000000,0.061,61,0.9
19,1,12513528000000,88000,0.101148,9.88653,23.2558,3.3282e+06,7.74e+07,2000000000,0.043,43,0.9
19,0,12513529000000,92000,0.103043,9.70464,6.90846,8.38102e+07,5.79e+08,4000000000,0.14475,144.75,1
19,1,12513530000000,94000,0.102202,9.78453,15.748,7.25805e+06,1.143e+08,2000000000,0.0635,63.5,0.9
19,0,12513531000000,98000,0.104653,9.55538,6.16333,1.053e+08,6.49e+08,4000000000,0.16225,162.25,1
19,1,12513532000000,100000,0.10404,9.61169,13.5135,9.8568e+06,1.332e+08,2000000000,0.074,74,0.9
19,0,12513533000000,104000,0.104663,9.55443,8.31601,5.78402e+07,4.81e+08,4000000000,0.12025,120.25,1
19,1,12513534000000,106000,0.103887,9.62586,15.748,7.25805e+06,1.143e+08,2000000000,0.0635,63.5,0.9
19,1,12513535000000,108000,0.103185,9.69131,15.1515,7.8408e+06,1.188e+08,2000000000,0.066,66,0.9
19,0,12513536000000,112000,0.10525,9.50119,6.21118,1.03684e+08,6.44e+08,4000000000,0.161,161,1
19,1,12513537000000,114000,0.104632,9.55734,14.2857,8.82e+06,1.26e+08,2000000000,0.07,70,0.9
19,0,12513538000000,118000,0.106271,9.40989,6.53595,9.3636e+07,6.12e+08,4000000000,0.153,153,1
19,1,12513539000000,120000,0.1059,9.44287,11.9048,1.27008e+07,1.512e+08,2000000000,0.084,84,0.9
19,0,12513540000000,124000,0.1055,9.47867,10.6952,3.4969e+07,3.74e+08,4000000000,0.0935,93.5,1
19,0,12513541000000,128000,0.104031,9.6125,17.094,1.3689e+07,2.34e+08,4000000000,0.0585,58.5,1
19,0,12513542000000,132000,0.101515,9.85075,47.619,1.764e+06,8.4e+07,4000000000,0.021,21,1
19,0,12513543000000,136000,0.0994118,10.0592,33.3333,3.6e+06,1.2e+08,4000000000,0.03,30,1
19,0,12513544000000,140000,0.0966571,10.3458,333.333,36000,1.2e+07,4000000000,0.003,3,1
19,0,12513545000000,144000,0.0948056,10.5479,33.3333,3.6e+06,1.2e+08,4000000000,0.03,30,1
19,0,12513546000000,148000,0.0923243,10.8314,333.333,36000,1.2e+07,4000000000,0.003,3,1
19,0,12513547000000,152000,0.0906842,11.0273,33.3333,3.6e+06,1.2e+08,4000000000,0.03,30,1
20,0,12513501000000,4000,0.095,10.5263,10.5263,3.61e+07,3.8e+08,4000000000,0.095,95,1
20,0,12513502000000,8000,0.06575,15.2091,27.3973,5.329e+06,1.46e+08,4000000000,0.0365,36.5,1
20,0,12513503000000,12000,0.0963333,10.3806,6.34921,9.9225e+07,6.3e+08,4000000000,0.1575,157.5,1
20,1,12513504000000,14000,0.0925714,10.8025,14.2857,8.82e+06,1.26e+08,2000000000,0.07,70,0.9
20,0,12513505000000,18000,0.106,9.43396,6.53595,9.3636e+07,6.12e+08,4000000000,0.153,153,1
20,1,12513506000000,20000,0.1038,9.63391,11.9048,1.27008e+07,1.512e+08,2000000000,0.084,84,0.9
20,0,12513507000000,24000,0.0941667,10.6195,21.7391,8.464e+06,1.84e+08,4000000000,0.046,46,1
20,0,12513508000000,28000,0.0958571,10.4322,9.43396,4.4944e+07,4.24e+08,4000000000,0.106,106,1
20,0,12513509000000,32000,0.0884375,11.3074,27.3973,5.329e+06,1.46e+08,4000000000,0.0365,36.5,1
20,0,12513510000000,36000,0.0961111,10.4046,6.34921,9.9225e+07,6.3e+08,4000000000,0.1575,157.5,1
20,1,12513511000000,38000,0.0947368,10.5556,14.2857,8.82e+06,1.26e+08,2000000000,0.07,70,0.9
20,0,12513512000000,42000,0.100286,9.97151,6.53595,9.3636e+07,6.12e+08,4000000000,0.153,153,1
20,1,12513513000000,44000,0.0995455,10.0457,11.9048,1.27008e+07,1.512e+08,2000000000,0.084,84,0.9
20,0,12513514000000,48000,0.0934375,10.7023,38.0952,2.75625e+06,1.05e+08,4000000000,0.02625,26.25,1
20,0,12513515000000,52000,0.0959231,10.425,7.95229,6.32522e+07,5.03e+08,4000000000,0.12575,125.75,1
20,1,12513516000000,54000,0.0948148,10.5469,15.1515,7.8408e+06,1.188e+08,2000000000,0.066,66,0.9
20,0,12513517000000,58000,0.0993793,10.0625,6.21118,1.03684e+08,6.44e+08,4000000000,0.161,161,1
20,1,12513518000000,60000,0.0984,10.1626,14.2857,8.82e+06,1.26e+08,2000000000,0.07,70,0.9
20,0,12513519000000,64000,0.101562,9.84615,6.71141,8.8804e+07,5.96e+08,4000000000,0.149,149,1
20,1,12513520000000,66000,0.0997273,10.0273,24.3902,3.0258e+06,7.38e+07,2000000000,0.041,41,0.9
20,1,12513521000000,68000,0.0982941,10.1735,19.6078,4.6818e+06,9.18e+07,2000000000,0.051,51,0.9
20,0,12513522000000,72000,0.101278,9.87383,6.57895,9.2416e+07,6.08e+08,4000000000,0.152,152,1
20,1,12513523000000,74000,0.100324,9.96767,15.1515,7.8408e+06,1.188e+08,2000000000,0.066,66,0.9
20,0,12513524000000,78000,0.103436,9.66782,6.21118,1.03684e+08,6.44e+08,4000000000,0.161,161,1
20,1,12513525000000,80000,0.1026,9.74659,14.2857,8.82e+06,1.26e+08,2000000000,0.07,70,0.9
20,0,12513526000000,84000,0.103214,9.68858,8.65801,5.3361e+07,4.62e+08,4000000000,0.1155,115.5,1
20,1,12513527000000,86000,0.102558,9.75057,13.3333,1.0125e+07,1.35e+08,2000000000,0.075,75,0.9
20,1,12513528000000,88000,0.101727,9.83021,15.1515,7.8408e+06,1.188e+08,2000000000,0.066,66,0.9
20,0,12513529000000,92000,0.104348,9.58333,6.17284,1.04976e+08,6.48e+08,4000000000,0.162,162,1
20,1,12513530000000,94000,0.103468,9.66482,15.873,7.1442e+06,1.134e+08,2000000000,0.063,63,0.9
20,0,12513531000000,98000,0.105878,9.44487,6.15385,1.05625e+08,6.5e+08,4000000000,0.1625,162.5,1
20,1,12513532000000,100000,0.10524,9.50209,13.5135,9.8568e+06,1.332e+08,2000000000,0.074,74,0.9
20,0,12513533000000,104000,0.105231,9.50292,9.52381,4.41e+07,4.2e+08,4000000000,0.105,105,1
20,1,12513534000000,106000,0.104981,9.52552,10.8696,1.52352e+07,1.656e+08,2000000000,0.092,92,0.9
20,1,12513535000000,108000,0.104556,9.56429,12.1951,1.21032e+07,1.476e+08,2000000000,0.082,82,0.9
20,0,12513536000000,112000,0.106214,9.41493,6.62252,9.1204e+07,6.04e+08,4000000000,0.151,151,1
20,1,12513537000000,114000,0.105465,9.48183,15.748,7.25805e+06,1.143e+08,2000000000,0.0635,63.5,0.9
20,0,12513538000000,118000,0.10739,9.31187,6.16333,1.053e+08,6.49e+08,4000000000,0.16225,162.25,1
20,1,12513539000000,120000,0.10665,9.37647,15.873,7.1442e+06,1.134e+08,2000000000,0.063,63,0.9
20,0,12513540000000,124000,0.106742,9.36839,9.13242,4.7961e+07,4.38e+08,4000000000,0.1095,109.5,1
20,0,12513541000000,128000,0.105063,9.51814,18.8679,1.1236e+07,2.12e+08,4000000000,0.053,53,1
20,0,12513542000000,132000,0.102333,9.77199,66.6667,900000,6e+07,4000000000,0.015,15,1
20,0,12513543000000,136000,0.0994118,10.0592,333.333,36000,1.2e+07,4000000000,0.003,3,1
20,0,12513544000000,140000,0.0974286,10.2639,33.3333,3.6e+06,1.2e+08,4000000000,0.03,30,1
20,0,12513545000000,144000,0.0948056,10.5479,333.333,36000,1.2e+07,4000000000,0.003,3,1
20,0,12513546000000,148000,0.0930541,10.7464,33.3333,3.6e+06,1.2e+08,4000000000,0.03,30,1
20,0,12513547000000,152000,0.0906842,11.0273,333.333,36000,1.2e+07,4000000000,0.003,3,1
21,0,12513501000000,4000,0.095,10.5263,10.5263,3.61e+07,3.8e+08,4000000000,0.095,95,1
21,0,12513502000000,8000,0.06575,15.2091,27.3973,5.329e+06,1.46e+08,4000000000,0.0365,36.5,1
21,0,12513503000000,12000,0.0963333,10.3806,6.34921,9.9225e+07,6.3e+08,4000000000,0.1575,157.5,1
21,1,12513504000000,14000,0.0925714,10.8025,14.2857,8.82e+06,1.26e+08,2000000000,0.07,70,0.9
21,0,12513505000000,18000,0.106,9.43396,6.53595,9.3636e+07,6.12e+08,4000000000,0.153,153,1
21,1,12513506000000,20000,0.1038,9.63391,11.9048,1.27008e+07,1.512e+08,2000000000,0.084,84,0.9
21,0,12513507000000,24000,0.0941667,10.6195,21.7391,8.464e+06,1.84e+08,4000000000,0.046,46,1
21,0,12513508000000,28000,0.0958571,10.4322,9.43396,4.4944e+07,4.24e+08,4000000000,0.106,106,1
21,0,12513509000000,32000,0.0884375,11.3074,27.3973,5.329e+06,1.46e+08,4000000000,0.0365,36.5,1
21,0,12513510000000,36000,0.0961111,10.4046,6.34921,9.9225e+07,6.3e+08,4000000000,0.1575,157.5,1
21,1,12513511000000,38000,0.0947368,10.5556,14.2857,8.82e+06,1.26e+08,2000000000,0.07,70,0.9
21,0,12513512000000,42000,0.100286,9.97151,6.53595,9.3636e+07,6.12e+08,4000000000,0.153,153,1
21,1,12513513000000,44000,0.0995455,10.0457,11.9048,1.27008e+07,1.512e+08,2000000000,0.084,84,0.9
21,0,12513514000000,48000,0.0934375,10.7023,38.0952,2.75625e+06,1.05e+08,4000000000,0.02625,26.25,1
21,0,12513515000000,52000,0.0959231,10.425,7.95229,6.32522e+07,5.03e+08,4000000000,0.12575,125.75,1
21,1,12513516000000,54000,0.0948148,10.5469,15.1515,7.8408e+06,1.188e+08,2000000000,0.066,66,0.9
21,0,12513517000000,58000,0.0993793,10.0625,6.21118,1.03684e+08,6.44e+08,4000000000,0.161,161,1
21,1,12513518000000,60000,0.0984,10.1626,14.2857,8.82e+06,1.26e+08,2000000000,0.07,70,0.9
21,0,12513519000000,64000,0.101562,9.84615,6.71141,8.8804e+07,5.96e+08,4000000000,0.149,149,1
21,1,12513520000000,66000,0.0997273,10.0273,24.3902,3.0258e+06,7.38e+07,2000000000,0.041,41,0.9
21,1,12513521000000,68000,0.0982941,10.1735,19.6078,4.6818e+06,9.18e+07,2000000000,0.051,51,0.9
21,0,12513522000000,72000,0.101278,9.87383,6.57895,9.2416e+07,6.08e+08,4000000000,0.152,152,1
21,1,12513523000000,74000,0.100324,9.96767,15.1515,7.8408e+06,1.188e+08,2000000000,0.066,66,0.9
21,0,12513524000000,78000,0.103436,9.66782,6.21118,1.03684e+08,6.44e+08,4000000000,0.161,161,1
21,1,12513525000000,80000,0.1026,9.74659,14.2857,8.82e+06,1.26e+08,2000000000,0.07,70,0.9
21,0,12513526000000,84000,0.103214,9.68858,8.65801,5.3361e+07,4.62e+08,4000000000,0.1155,115.5,1
21,1,12513527000000,86000,0.102558,9.75057,13.3333,1.0125e+07,1.35e+08,2000000000,0.075,75,0.9
21,1,12513528000000,88000,0.101727,9.83021,15.1515,7.8408e+06,1.188e+08,2000000000,0.066,66,0.9
21,0,12513529000000,92000,0.104348,9.58333,6.17284,1.04976e+08,6.48e+08,4000000000,0.162,162,1
21,1,12513530000000,94000,0.103468,9.66482,15.873,7.1442e+06,1.134e+08,2000000000,0.063,63,0.9
21,0,12513531000000,98000,0.105878,9.44487,6.15385,1.05625e+08,6.5e+08,4000000000,0.1625,162.5,1
21,1,12513532000000,100000,0.10524,9.50209,13.5135,9.8568e+06,1.332e+08,2000000000,0.074,74,0.9
21,0,12513533000000,104000,0.105231,9.50292,9.52381,4.41e+07,4.2e+08,4000000000,0.105,105,1
21,1,12513534000000,106000,0.104981,9.52552,10.8696,1.52352e+07,1.656e+08,2000000000,0.092,92,0.9
21,1,12513535000000,108000,0.104556,9.56429,12.1951,1.21032e+07,1.476e+08,2000000000,0.082,82,0.9
21,0,12513536000000,112000,0.106214,9.41493,6.62252,9.1204e+07,6.04e+08,4000000000,0.151,151,1
21,1,12513537000000,114000,0.105465,9.48183,15.748,7.25805e+06,1.143e+08,2000000000,0.0635,63.5,0.9
21,0,12513538000000,118000,0.10739,9.31187,6.16333,1.053e+08,6.49e+08,4000000000,0.16225,162.25,1
21,1,12513539000000,120000,0.10665,9.37647,15.873,7.1442e+06,1.134e+08,2000000000,0.063,63,0.9
21,0,12513540000000,124000,0.106742,9.36839,9.13242,4.7961e+07,4.38e+08,4000000000,0.1095,109.5,1
21,0,12513541000000,128000,0.105063,9.51814,18.8679,1.1236e+07,2.12e+08,4000000000,0.053,53,1
21,0,12513542000000,132000,0.102333,9.77199,66.6667,900000,6e+07,4000000000,0.015,15,1
21,0,12513543000000,136000,0.0994118,10.0592,333.333,36000,1.2e+07,4000000000,0.003,3,1
21,0,12513544000000,140000,0.0974286,10.2639,33.3333,3.6e+06,1.2e+08,4000000000,0.03,30,1
21,0,12513545000000,144000,0.0948056,10.5479,333.333,36000,1.2e+07,4000000000,0.003,3,1
21,0,12513546000000,148000,0.0930541,10.7464,33.3333,3.6e+06,1.2e+08,4000000000,0.03,30,1
21,0,12513547000000,152000,0.0906842,11.0273,333.333,36000,1.2e+07,4000000000,0.003,3,1
22,0,12513501000000,4000,0.095,10.5263,10.5263,3.61e+07,3.8e+08,4000000000,0.095,95,1
22,0,12513502000000,8000,0.06575,15.2091,27.3973,5.329e+06,1.46e+08,4000000000,0.0365,36.5,1
22,0,12513503000000,12000,0.0963333,10.3806,6.34921,9.9225e+07,6.3e+08,4000000000,0.1575,157.5,1
22,1,12513504000000,14000,0.0925714,10.8025,14.2857,8.82e+06,1.26e+08,2000000000,0.07,70,0.9
22,0,12513505000000,18000,0.106,9.43396,6.53595,9.3636e+07,6.12e+08,4000000000,0.153,153,1
22,1,12513506000000,20000,0.1038,9.63391,11.9048,1.27008e+07,1.512e+08,2000000000,0.084,84,0.9
22,0,12513507000000,24000,0.0941667,10.6195,21.7391,8.464e+06,1.84e+08,4000000000,0.046,46,1
22,0,12513508000000,28000,0.0958571,10.4322,9.43396,4.4944e+07,4.24e+08,4000000000,0.106,106,1
22,0,12513509000000,32000,0.0884375,11.3074,27.3973,5.329e+06,1.46e+08,4000000000,0.0365,36.5,1
22,0,12513510000000,36000,0.0961111,10.4046,6.34921,9.9225e+07,6.3e+08,4000000000,0.1575,157.5,1
22,1,12513511000000,38000,0.0947368,10.5556,14.2857,8.82e+06,1.26e+08,2000000000,0.07,70,0.9
22,0,12513512000000,42000,0.100286,9.97151,6.53595,9.3636e+07,6.12e+08,4000000000,0.153,153,1
22,1,12513513000000,44000,0.0995455,10.0457,11.9048,1.27008e+07,1.512e+08,2000000000,0.084,84,0.9
22,0,12513514000000,48000,0.0934375,10.7023,38.0952,2.75625e+06,1.05e+08,4000000000,0.02625,26.25,1
22,0,12513515000000,52000,0.0959231,10.425,7.95229,6.32522e+07,5.03e+08,4000000000,0.12575,125.75,1
22,1,12513516000000,54000,0.0948148,10.5469,15.1515,7.8408e+06,1.188e+08,2000000000,0.066,66,0.9
22,0,12513517000000,58000,0.0993793,10.0625,6.21118,1.03684e+08,6.44e+08,4000000000,0.161,161,1
22,1,12513518000000,60000,0.0984,10.1626,14.2857,8.82e+06,1.26e+08,2000000000,0.07,70,0.9
22,0,12513519000000,64000,0.101562,9.84615,6.71141,8.8804e+07,5.96e+08,4000000000,0.149,149,1
22,1,12513520000000,66000,0.0997273,10.0273,24.3902,3.0258e+06,7.38e+07,2000000000,0.041,41,0.9
22,1,12513521000000,68000,0.0982941,10.1735,19.6078,4.6818e+06,9.18e+07,2000000000,0.051,51,0.9
22,0,12513522000000,72000,0.101278,9.87383,6.57895,9.2416e+07,6.08e+08,4000000000,0.152,152,1
22,1,12513523000000,74000,0.100324,9.96767,15.1515,7.8408e+06,1.188e+08,2000000000,0.066,66,0.9
22,0,12513524000000,78000,0.103436,9.66782,6.21118,1.03684e+08,6.44e+08,4000000000,0.161,161,1
22,1,12513525000000,80000,0.1026,9.74659,14.2857,8.82e+06,1.26e+08,2000000000,0.07,70,0.9
22,0,12513526000000,84000,0.103214,9.68858,8.65801,5.3361e+07,4.62e+08,4000000000,0.1155,115.5,1
22,1,12513527000000,86000,0.102558,9.75057,13.3333,1.0125e+07,1.35e+08,2000000000,0.075,75,0.9
22,1,12513528000000,88000,0.101727,9.83021,15.1515,7.8408e+06,1.188e+08,2000000000,0.066,66,0.9
22,0,12513529000000,92000,0.104348,9.58333,6.17284,1.04976e+08,6.48e+08,4000000000,0.162,162,1
22,1,12513530000000,94000,0.103468,9.66482,15.873,7.1442e+06,1.134e+08,2000000000,0.063,63,0.9
22,0,12513531000000,98000,0.105878,9.44487,6.15385,1.05625e+08,6.5e+08,4000000000,0.1625,162.5,1
22,1,12513532000000,100000,0.10524,9.50209,13.5135,9.8568e+06,1.332e+08,2000000000,0.074,74,0.9
22,0,12513533000000,104000,0.105231,9.50292,9.52381,4.41e+07,4.2e+08,4000000000,0.105,105,1
22,1,12513534000000,106000,0.104981,9.52552,10.8696,1.52352e+07,1.656e+08,2000000000,0.092,92,0.9
22,1,12513535000000,108000,0.104556,9.56429,12.1951,1.21032e+07,1.476e+08,2000000000,0.082,82,0.9
22,0,12513536000000,112000,0.106214,9.41493,6.62252,9.1204e+07,6.04e+08,4000000000,0.151,151,1
22,1,12513537000000,114000,0.105465,9.48183,15.748,7.25805e+06,1.143e+08,2000000000,0.0635,63.5,0.9
22,0,12513538000000,118000,0.10739,9.31187,6.16333,1.053e+08,6.49e+08,4000000000,0.16225,162.25,1
22,1,12513539000000,120000,0.10665,9.37647,15.873,7.1442e+06,1.134e+08,2000000000,0.063,63,0.9
22,0,12513540000000,124000,0.106742,9.36839,9.13242,4.7961e+07,4.38e+08,4000000000,0.1095,109.5,1
22,0,12513541000000,128000,0.105063,9.51814,18.8679,1.1236e+07,2.12e+08,4000000000,0.053,53,1
22,0,12513542000000,132000,0.102333,9.77199,66.6667,900000,6e+07,4000000000,0.015,15,1
22,0,12513543000000,136000,0.0994118,10.0592,333.333,36000,1.2e+07,4000000000,0.003,3,1
22,0,12513544000000,140000,0.0974286,10.2639,33.3333,3.6e+06,1.2e+08,4000000000,0.03,30,1
22,0,12513545000000,144000,0.0948056,10.5479,333.333,36000,1.2e+07,4000000000,0.003,3,1
22,0,12513546000000,148000,0.0930541,10.7464,33.3333,3.6e+06,1.2e+08,4000000000,0.03,30,1
22,0,12513547000000,152000,0.0906842,11.0273,333.333,36000,1.2e+07,4000000000,0.003,3,1
23,0,12513501000000,4000,0.095,10.5263,10.5263,3.61e+07,3.8e+08,4000000000,0.095,95,1
23,0,12513502000000,8000,0.06575,15.2091,27.3973,5.329e+06,1.46e+08,4000000000,0.0365,36.5,1
23,0,12513503000000,12000,0.0963333,10.3806,6.34921,9.9225e+07,6.3e+08,4000000000,0.1575,157.5,1
23,1,12513504000000,14000,0.0925714,10.8025,14.2857,8.82e+06,1.26e+08,2000000000,0.07,70,0.9
23,0,12513505000000,18000,0.106,9.43396,6.53595,9.3636e+07,6.12e+08,4000000000,0.153,153,1
23,1,12513506000000,20000,0.1038,9.63391,11.9048,1.27008e+07,1.512e+08,2000000000,0.084,84,0.9
23,0,12513507000000,24000,0.0941667,10.6195,21.7391,8.464e+06,1.84e+08,4000000000,0.046,46,1
23,0,12513508000000,28000,0.0958571,10.4322,9.43396,4.4944e+07,4.24e+08,4000000000,0.106,106,1
23,0,12513509000000,32000,0.0884375,11.3074,27.3973,5.329e+06,1.46e+08,4000000000,0.0365,36.5,1
23,0,12513510000000,36000,0.0961111,10.4046,6.34921,9.9225e+07,6.3e+08,4000000000,0.1575,157.5,1
23,1,12513511000000,38000,0.0947368,10.5556,14.2857,8.82e+06,1.26e+08,2000000000,0.07,70,0.9
23,0,12513512000000,42000,0.100286,9.97151,6.53595,9.3636e+07,6.12e+08,4000000000,0.153,153,1
23,1,12513513000000,44000,0.0995455,10.0457,11.9048,1.27008e+07,1.512e+08,2000000000,0.084,84,0.9
23,0,12513514000000,48000,0.0934375,10.7023,38.0952,2.75625e+06,1.05e+08,4000000000,0.02625,26.25,1
23,0,12513515000000,52000,0.0959231,10.425,7.95229,6.32522e+07,5.03e+08,4000000000,0.12575,125.75,1
23,1,12513516000000,54000,0.0948148,10.5469,15.1515,7.8408e+06,1.188e+08,2000000000,0.066,66,0.9
23,0,12513517000000,58000,0.0993793,10.0625,6.21118,1.03684e+08,6.44e+08,4000000000,0.161,161,1
23,1,12513518000000,60000,0.0984,10.1626,14.2857,8.82e+06,1.26e+08,2000000000,0.07,70,0.9
23,0,12513519000000,64000,0.101562,9.84615,6.71141,8.8804e+07,5.96e+08,4000000000,0.149,149,1
23,1,12513520000000,66000,0.0997273,10.0273,24.3902,3.0258e+06,7.38e+07,2000000000,0.041,41,0.9
23,1,12513521000000,68000,0.0982941,10.1735,19.6078,4.6818e+06,9.18e+07,2000000000,0.051,51,0.9
23,0,12513522000000,72000,0.101278,9.87383,6.57895,9.2416e+07,6.08e+08,4000000000,0.152,152,1
23,1,12513523000000,74000,0.100324,9.96767,15.1515,7.8408e+06,1.188e+08,2000000000,0.066,66,0.9
23,0,12513524000000,78000,0.103436,9.66782,6.21118,1.03684e+08,6.44e+08,4000000000,0.161,161,1
23,1,12513525000000,80000,0.1026,9.74659,14.2857,8.82e+06,1.26e+08,2000000000,0.07,70,0.9
23,0,12513526000000,84000,0.103214,9.68858,8.65801,5.3361e+07,4.62e+08,4000000000,0.1155,115.5,1
23,1,12513527000000,86000,0.102558,9.75057,13.3333,1.0125e+07,1.35e+08,2000000000,0.075,75,0.9
23,1,12513528000000,88000,0.101727,9.83021,15.1515,7.8408e+06,1.188e+08,2000000000,0.066,66,0.9
23,0,12513529000000,92000,0.104348,9.58333,6.17284,1.04976e+08,6.48e+08,4000000000,0.162,162,1
23,1,12513530000000,94000,0.103468,9.66482,15.873,7.1442e+06,1.134e+08,2000000000,0.063,63,0.9
23,0,12513531000000,98000,0.105878,9.44487,6.15385,1.05625e+08,6.5e+08,4000000000,0.1625,162.5,1
23,1,12513532000000,100000,0.10524,9.50209,13.5135,9.8568e+06,1.332e+08,2000000000,0.074,74,0.9
23,0,12513533000000,104000,0.105231,9.50292,9.52381,4.41e+07,4.2e+08,4000000000,0.105,105,1
23,1,12513534000000,106000,0.104981,9.52552,10.8696,1.52352e+07,1.656e+08,2000000000,0.092,92,0.9
23,1,12513535000000,108000,0.104556,9.56429,12.1951,1.21032e+07,1.476e+08,2000000000,0.082,82,0.9
23,0,12513536000000,112000,0.106214,9.41493,6.62252,9.1204e+07,6.04e+08,4000000000,0.151,151,1
23,1,12513537000000,114000,0.105465,9.48183,15.748,7.25805e+06,1.143e+08,2000000000,0.0635,63.5,0.9
23,0,12513538000000,118000,0.10739,9.31187,6.16333,1.053e+08,6.49e+08,4000000000,0.16225,162.25,1
23,1,12513539000000,120000,0.10665,9.37647,15.873,7.1442e+06,1.134e+08,2000000000,0.063,63,0.9
23,0,12513540000000,124000,0.106742,9.36839,9.13242,4.7961e+07,4.38e+08,4000000000,0.1095,109.5,1
23,0,12513541000000,128000,0.105063,9.51814,18.8679,1.1236e+07,2.12e+08,4000000000,0.053,53,1
23,0,12513542000000,132000,0.102333,9.77199,66.6667,900000,6e+07,4000000000,0.015,15,1
23,0,12513543000000,136000,0.0994118,10.0592,333.333,36000,1.2e+07,4000000000,0.003,3,1
23,0,12513544000000,140000,0.0974286,10.2639,33.3333,3.6e+06,1.2e+08,4000000000,0.03,30,1
23,0,12513545000000,144000,0.0948056,10.5479,333.333,36000,1.2e+07,4000000000,0.003,3,1
23,0,12513546000000,148000,0.0930541,10.7464,33.3333,3.6e+06,1.2e+08,4000000000,0.03,30,1
23,0,12513547000000,152000,0.0906842,11.0273,333.333,36000,1.2e+07,4000000000,0.003,3,1
24,0,12513501000000,4000,0.122,8.19672,8.19672,5.9536e+07,4.88e+08,4000000000,0.122,122,1
24,0,12513502000000,8000,0.07925,12.6183,27.3973,5.329e+06,1.46e+08,4000000000,0.0365,36.5,1
24,0,12513503000000,12000,0.105333,9.49367,6.34921,9.9225e+07,6.3e+08,4000000000,0.1575,157.5,1
24,1,12513504000000,14000,0.100286,9.97151,14.2857,8.82e+06,1.26e+08,2000000000,0.07,70,0.9
24,0,12513505000000,18000,0.112,8.92857,6.53595,9.3636e+07,6.12e+08,4000000000,0.153,153,1
24,1,12513506000000,20000,0.1086,9.2081,12.8205,1.09512e+07,1.404e+08,2000000000,0.078,78,0.9
24,0,12513507000000,24000,0.0931667,10.7335,62.5,1.024e+06,6.4e+07,4000000000,0.016,16,1
24,0,12513508000000,28000,0.0997143,10.0287,7.19424,7.7284e+07,5.56e+08,4000000000,0.139,139,1
24,0,12513509000000,32000,0.0918125,10.8918,27.3973,5.329e+06,1.46e+08,4000000000,0.0365,36.5,1
24,0,12513510000000,36000,0.0991111,10.0897,6.34921,9.9225e+07,6.3e+08,4000000000,0.1575,157.5,1
24,1,12513511000000,38000,0.0975789,10.2481,14.2857,8.82e+06,1.26e+08,2000000000,0.07,70,0.9
24,0,12513512000000,42000,0.102857,9.72222,6.53595,9.3636e+07,6.12e+08,4000000000,0.153,153,1
24,1,12513513000000,44000,0.100318,9.96828,21.2766,3.9762e+06,8.46e+07,2000000000,0.047,47,0.9
24,0,12513514000000,48000,0.0935833,10.6857,51.2821,1.521e+06,7.8e+07,4000000000,0.0195,19.5,1
24,0,12513515000000,52000,0.098,10.2041,6.62252,9.1204e+07,6.04e+08,4000000000,0.151,151,1
24,1,12513516000000,54000,0.0968148,10.329,15.1515,7.8408e+06,1.188e+08,2000000000,0.066,66,0.9
24,0,12513517000000,58000,0.101241,9.87738,6.21118,1.03684e+08,6.44e+08,4000000000,0.161,161,1
24,1,12513518000000,60000,0.1002,9.98004,14.2857,8.82e+06,1.26e+08,2000000000,0.07,70,0.9
24,0,12513519000000,64000,0.101484,9.85373,8.28157,5.83222e+07,4.83e+08,4000000000,0.12075,120.75,1
24,1,12513520000000,66000,0.100485,9.95175,14.5985,8.44605e+06,1.233e+08,2000000000,0.0685,68.5,0.9
24,1,12513521000000,68000,0.0998824,10.0118,12.5,1.152e+07,1.44e+08,2000000000,0.08,80,0.9
24,0,12513522000000,72000,0.102778,9.72973,6.57895,9.2416e+07,6.08e+08,4000000000,0.152,152,1
24,1,12513523000000,74000,0.101838,9.81953,14.7059,8.3232e+06,1.224e+08,2000000000,0.068,68,0.9
24,0,12513524000000,78000,0.104872,9.53545,6.21118,1.03684e+08,6.44e+08,4000000000,0.161,161,1
24,1,12513525000000,80000,0.1041,9.60615,13.5135,9.8568e+06,1.332e+08,2000000000,0.074,74,0.9
24,0,12513526000000,84000,0.103619,9.65074,10.6383,3.5344e+07,3.76e+08,4000000000,0.094,94,1
24,1,12513527000000,86000,0.103907,9.62399,8.62069,2.42208e+07,2.088e+08,2000000000,0.116,116,0.9
24,1,12513528000000,88000,0.103364,9.67458,12.5,1.152e+07,1.44e+08,2000000000,0.08,80,0.9
24,0,12513529000000,92000,0.105478,9.48063,6.57895,9.2416e+07,6.08e+08,4000000000,0.152,152,1
24,1,12513530000000,94000,0.104681,9.55285,14.7059,8.3232e+06,1.224e+08,2000000000,0.068,68,0.9
24,0,12513531000000,98000,0.10698,9.34758,6.21118,1.03684e+08,6.44e+08,4000000000,0.161,161,1
24,1,12513532000000,100000,0.10632,9.40557,13.5135,9.8568e+06,1.332e+08,2000000000,0.074,74,0.9
24,0,12513533000000,104000,0.105,9.52381,13.8889,2.0736e+07,2.88e+08,4000000000,0.072,72,1
24,1,12513534000000,106000,0.106113,9.4239,6.09756,4.84128e+07,2.952e+08,2000000000,0.164,164,0.9
24,1,12513535000000,108000,0.105556,9.47368,13.1579,1.03968e+07,1.368e+08,2000000000,0.076,76,0.9
24,0,12513536000000,112000,0.107214,9.32712,6.57895,9.2416e+07,6.08e+08,4000000000,0.152,152,1
24,1,12513537000000,114000,0.106526,9.38735,14.7059,8.3232e+06,1.224e+08,2000000000,0.068,68,0.9
24,0,12513538000000,118000,0.108373,9.2274,6.21118,1.03684e+08,6.44e+08,4000000000,0.161,161,1
24,1,12513539000000,120000,0.1078,9.27644,13.5135,9.8568e+06,1.332e+08,2000000000,0.074,74,0.9
24,0,12513540000000,124000,0.105855,9.4469,21.0526,9.025e+06,1.9e+08,4000000000,0.0475,47.5,1
24,0,12513541000000,128000,0.105813,9.45068,9.56938,4.3681e+07,4.18e+08,4000000000,0.1045,104.5,1
24,0,12513542000000,132000,0.103152,9.69448,55.5556,1.296e+06,7.2e+07,4000000000,0.018,18,1
24,0,12513543000000,136000,0.100206,9.97945,333.333,36000,1.2e+07,4000000000,0.003,3,1
24,0,12513544000000,140000,0.0982,10.1833,33.3333,3.6e+06,1.2e+08,4000000000,0.03,30,1
24,0,12513545000000,144000,0.0955556,10.4651,333.333,36000,1.2e+07,4000000000,0.003,3,1
24,0,12513546000000,148000,0.094,10.6383,26.3158,5.776e+06,1.52e+08,4000000000,0.038,38,1
24,0,12513547000000,152000,0.0915263,10.9258,0,0,0,4000000000,0,0,1
25,0,12513501000000,4000,0.122,8.19672,8.19672,5.9536e+07,4.88e+08,4000000000,0.122,122,1
25,0,12513502000000,8000,0.07925,12.6183,27.3973,5.329e+06,1.46e+08,4000000000,0.0365,36.5,1
25,0,12513503000000,12000,0.105333,9.49367,6.34921,9.9225e+07,6.3e+08,4000000000,0.1575,157.5,1
25,1,12513504000000,14000,0.100286,9.97151,14.2857,8.82e+06,1.26e+08,2000000000,0.07,70,0.9
25,0,12513505000000,18000,0.112,8.92857,6.53595,9.3636e+07,6.12e+08,4000000000,0.153,153,1
25,1,12513506000000,20000,0.1086,9.2081,12.8205,1.09512e+07,1.404e+08,2000000000,0.078,78,0.9
25,0,12513507000000,24000,0.0931667,10.7335,62.5,1.024e+06,6.4e+07,4000000000,0.016,16,1
25,0,12513508000000,28000,0.0997143,10.0287,7.19424,7.7284e+07,5.56e+08,4000000000,0.139,139,1
25,0,12513509000000,32000,0.0918125,10.8918,27.3973,5.329e+06,1.46e+08,4000000000,0.0365,36.5,1
25,0,12513510000000,36000,0.0991111,10.0897,6.34921,9.9225e+07,6.3e+08,4000000000,0.1575,157.5,1
25,1,12513511000000,38000,0.0975789,10.2481,14.2857,8.82e+06,1.26e+08,2000000000,0.07,70,0.9
25,0,12513512000000,42000,0.102857,9.72222,6.53595,9.3636e+07,6.12e+08,4000000000,0.153,153,1
25,1,12513513000000,44000,0.100318,9.96828,21.2766,3.9762e+06,8.46e+07,2000000000,0.047,47,0.9
25,0,12513514000000,48000,0.0935833,10.6857,51.2821,1.521e+06,7.8e+07,4000000000,0.0195,19.5,1
25,0,12513515000000,52000,0.098,10.2041,6.62252,9.1204e+07,6.04e+08,4000000000,0.151,151,1
25,1,12513516000000,54000,0.0968148,10.329,15.1515,7.8408e+06,1.188e+08,2000000000,0.066,66,0.9
25,0,12513517000000,58000,0.101241,9.87738,6.21118,1.03684e+08,6.44e+08,4000000000,0.161,161,1
25,1,12513518000000,60000,0.1002,9.98004,14.2857,8.82e+06,1.26e+08,2000000000,0.07,70,0.9
25,0,12513519000000,64000,0.101484,9.85373,8.28157,5.83222e+07,4.83e+08,4000000000,0.12075,120.75,1
25,1,12513520000000,66000,0.100485,9.95175,14.5985,8.44605e+06,1.233e+08,2000000000,0.0685,68.5,0.9
25,1,12513521000000,68000,0.0998824,10.0118,12.5,1.152e+07,1.44e+08,2000000000,0.08,80,0.9
25,0,12513522000000,72000,0.102778,9.72973,6.57895,9.2416e+07,6.08e+08,4000000000,0.152,152,1
25,1,12513523000000,74000,0.101838,9.81953,14.7059,8.3232e+06,1.224e+08,2000000000,0.068,68,0.9
25,0,12513524000000,78000,0.104872,9.53545,6.21118,1.03684e+08,6.44e+08,4000000000,0.161,161,1
25,1,12513525000000,80000,0.1041,9.60615,13.5135,9.8568e+06,1.332e+08,2000000000,0.074,74,0.9
25,0,12513526000000,84000,0.103619,9.65074,10.6383,3.5344e+07,3.76e+08,4000000000,0.094,94,1
25,1,12513527000000,86000,0.103907,9.62399,8.62069,2.42208e+07,2.088e+08,2000000000,0.116,116,0.9
25,1,12513528000000,88000,0.103364,9.67458,12.5,1.152e+07,1.44e+08,2000000000,0.08,80,0.9
25,0,12513529000000,92000,0.105478,9.48063,6.57895,9.2416e+07,6.08e+08,4000000000,0.152,152,1
25,1,12513530000000,94000,0.104681,9.55285,14.7059,8.3232e+06,1.224e+08,2000000000,0.068,68,0.9
25,0,12513531000000,98000,0.10698,9.34758,6.21118,1.03684e+08,6.44e+08,4000000000,0.161,161,1
25,1,12513532000000,100000,0.10632,9.40557,13.5135,9.8568e+06,1.332e+08,2000000000,0.074,74,0.9
25,0,12513533000000,104000,0.105,9.52381,13.8889,2.0736e+07,2.88e+08,4000000000,0.072,72,1
25,1,12513534000000,106000,0.106113,9.4239,6.09756,4.84128e+07,2.952e+08,2000000000,0.164,164,0.9
25,1,12513535000000,108000,0.105556,9.47368,13.1579,1.03968e+07,1.368e+08,2000000000,0.076,76,0.9
25,0,12513536000000,112000,0.107214,9.32712,6.57895,9.2416e+07,6.08e+08,4000000000,0.152,152,1
25,1,12513537000000,114000,0.106526,9.38735,14.7059,8.3232e+06,1.224e+08,2000000000,0.068,68,0.9
25,0,12513538000000,118000,0.108373,9.2274,6.21118,1.03684e+08,6.44e+08,4000000000,0.161,161,1
25,1,12513539000000,120000,0.1078,9.27644,13.5135,9.8568e+06,1.332e+08,2000000000,0.074,74,0.9
25,0,12513540000000,124000,0.105855,9.4469,21.0526,9.025e+06,1.9e+08,4000000000,0.0475,47.5,1
25,0,12513541000000,128000,0.105813,9.45068,9.56938,4.3681e+07,4.18e+08,4000000000,0.1045,104.5,1
25,0,12513542000000,132000,0.103152,9.69448,55.5556,1.296e+06,7.2e+07,4000000000,0.018,18,1
25,0,12513543000000,136000,0.100206,9.97945,333.333,36000,1.2e+07,4000000000,0.003,3,1
25,0,12513544000000,140000,0.0982,10.1833,33.3333,3.6e+06,1.2e+08,4000000000,0.03,30,1
25,0,12513545000000,144000,0.0955556,10.4651,333.333,36000,1.2e+07,4000000000,0.003,3,1
25,0,12513546000000,148000,0.094,10.6383,26.3158,5.776e+06,1.52e+08,4000000000,0.038,38,1
25,0,12513547000000,152000,0.0915263,10.9258,0,0,0,4000000000,0,0,1
26,0,12513501000000,4000,0.122,8.19672,8.19672,5.9536e+07,4.88e+08,4000000000,0.122,122,1
26,0,12513502000000,8000,0.07925,12.6183,27.3973,5.329e+06,1.46e+08,4000000000,0.0365,36.5,1
26,0,12513503000000,12000,0.105333,9.49367,6.34921,9.9225e+07,6.3e+08,4000000000,0.1575,157.5,1
26,1,12513504000000,14000,0.100286,9.97151,14.2857,8.82e+06,1.26e+08,2000000000,0.07,70,0.9
26,0,12513505000000,18000,0.112,8.92857,6.53595,9.3636e+07,6.12e+08,4000000000,0.153,153,1
26,1,12513506000000,20000,0.1086,9.2081,12.8205,1.09512e+07,1.404e+08,2000000000,0.078,78,0.9
26,0,12513507000000,24000,0.0931667,10.7335,62.5,1.024e+06,6.4e+07,4000000000,0.016,16,1
26,0,12513508000000,28000,0.0997143,10.0287,7.19424,7.7284e+07,5.56e+08,4000000000,0.139,139,1
26,0,12513509000000,32000,0.0918125,10.8918,27.3973,5.329e+06,1.46e+08,4000000000,0.0365,36.5,1
26,0,12513510000000,36000,0.0991111,10.0897,6.34921,9.9225e+07,6.3e+08,4000000000,0.1575,157.5,1
26,1,12513511000000,38000,0.0975789,10.2481,14.2857,8.82e+06,1.26e+08,2000000000,0.07,70,0.9
26,0,12513512000000,42000,0.102857,9.72222,6.53595,9.3636e+07,6.12e+08,4000000000,0.153,153,1
26,1,12513513000000,44000,0.100318,9.96828,21.2766,3.9762e+06,8.46e+07,2000000000,0.047,47,0.9
26,0,12513514000000,48000,0.0935833,10.6857,51.2821,1.521e+06,7.8e+07,4000000000,0.0195,19.5,1
26,0,12513515000000,52000,0.098,10.2041,6.62252,9.1204e+07,6.04e+08,4000000000,0.151,151,1
26,1,12513516000000,54000,0.0968148,10.329,15.1515,7.8408e+06,1.188e+08,2000000000,0.066,66,0.9
26,0,12513517000000,58000,0.101241,9.87738,6.21118,1.03684e+08,6.44e+08,4000000000,0.161,161,1
26,1,12513518000000,60000,0.1002,9.98004,14.2857,8.82e+06,1.26e+08,2000000000,0.07,70,0.9
26,0,12513519000000,64000,0.101484,9.85373,8.28157,5.83222e+07,4.83e+08,4000000000,0.12075,120.75,1
26,1,12513520000000,66000,0.100485,9.95175,14.5985,8.44605e+06,1.233e+08,2000000000,0.0685,68.5,0.9
26,1,12513521000000,68000,0.0998824,10.0118,12.5,1.152e+07,1.44e+08,2000000000,0.08,80,0.9
26,0,12513522000000,72000,0.102778,9.72973,6.57895,9.2416e+07,6.08e+08,4000000000,0.152,152,1
26,1,12513523000000,74000,0.101838,9.81953,14.7059,8.3232e+06,1.224e+08,2000000000,0.068,68,0.9
26,0,12513524000000,78000,0.104872,9.53545,6.21118,1.03684e+08,6.44e+08,4000000000,0.161,161,1
26,1,12513525000000,80000,0.1041,9.60615,13.5135,9.8568e+06,1.332e+08,2000000000,0.074,74,0.9
26,0,12513526000000,84000,0.103619,9.65074,10.6383,3.5344e+07,3.76e+08,4000000000,0.094,94,1
26,1,12513527000000,86000,0.103907,9.62399,8.62069,2.42208e+07,2.088e+08,2000000000,0.116,116,0.9
26,1,12513528000000,88000,0.103364,9.67458,12.5,1.152e+07,1.44e+08,2000000000,0.08,80,0.9
26,0,12513529000000,92000,0.105478,9.48063,6.57895,9.2416e+07,6.08e+08,4000000000,0.152,152,1
26,1,12513530000000,94000,0.104681,9.55285,14.7059,8.3232e+06,1.224e+08,2000000000,0.068,68,0.9
26,0,12513531000000,98000,0.10698,9.34758,6.21118,1.03684e+08,6.44e+08,4000000000,0.161,161,1
26,1,12513532000000,100000,0.10632,9.40557,13.5135,9.8568e+06,1.332e+08,2000000000,0.074,74,0.9
26,0,12513533000000,104000,0.105,9.52381,13.8889,2.0736e+07,2.88e+08,4000000000,0.072,72,1
26,1,12513534000000,106000,0.106113,9.4239,6.09756,4.84128e+07,2.952e+08,2000000000,0.164,164,0.9
26,1,12513535000000,108000,0.105556,9.47368,13.1579,1.03968e+07,1.368e+08,2000000000,0.076,76,0.9
26,0,12513536000000,112000,0.107214,9.32712,6.57895,9.2416e+07,6.08e+08,4000000000,0.152,152,1
26,1,12513537000000,114000,0.106526,9.38735,14.7059,8.3232e+06,1.224e+08,2000000000,0.068,68,0.9
26,0,12513538000000,118000,0.108373,9.2274,6.21118,1.03684e+08,6.44e+08,4000000000,0.161,161,1
26,1,12513539000000,120000,0.1078,9.27644,13.5135,9.8568e+06,1.332e+08,2000000000,0.074,74,0.9
26,0,12513540000000,124000,0.105855,9.4469,21.0526,9.025e+06,1.9e+08,4000000000,0.0475,47.5,1
26,0,12513541000000,128000,0.105813,9.45068,9.56938,4.3681e+07,4.18e+08,4000000000,0.1045,104.5,1
26,0,12513542000000,132000,0.103152,9.69448,55.5556,1.296e+06,7.2e+07,4000000000,0.018,18,1
26,0,12513543000000,136000,0.100206,9.97945,333.333,36000,1.2e+07,4000000000,0.003,3,1
26,0,12513544000000,140000,0.0982,10.1833,33.3333,3.6e+06,1.2e+08,4000000000,0.03,30,1
26,0,12513545000000,144000,0.0955556,10.4651,333.333,36000,1.2e+07,4000000000,0.003,3,1
26,0,12513546000000,148000,0.0938919,10.6505,29.4118,4.624e+06,1.36e+08,4000000000,0.034,34,1
26,0,12513547000000,152000,0.0915,10.929,333.333,36000,1.2e+07,4000000000,0.003,3,1
27,0,12513501000000,4000,0.122,8.19672,8.19672,5.9536e+07,4.88e+08,4000000000,0.122,122,1
27,0,12513502000000,8000,0.07925,12.6183,27.3973,5.329e+06,1.46e+08,4000000000,0.0365,36.5,1
27,0,12513503000000,12000,0.105333,9.49367,6.34921,9.9225e+07,6.3e+08,4000000000,0.1575,157.5,1
27,1,12513504000000,14000,0.100286,9.97151,14.2857,8.82e+06,1.26e+08,2000000000,0.07,70,0.9
27,0,12513505000000,18000,0.112,8.92857,6.53595,9.3636e+07,6.12e+08,4000000000,0.153,153,1
27,1,12513506000000,20000,0.1086,9.2081,12.8205,1.09512e+07,1.404e+08,2000000000,0.078,78,0.9
27,0,12513507000000,24000,0.0931667,10.7335,62.5,1.024e+06,6.4e+07,4000000000,0.016,16,1
27,0,12513508000000,28000,0.0997143,10.0287,7.19424,7.7284e+07,5.56e+08,4000000000,0.139,139,1
27,0,12513509000000,32000,0.0918125,10.8918,27.3973,5.329e+06,1.46e+08,4000000000,0.0365,36.5,1
27,0,12513510000000,36000,0.0991111,10.0897,6.34921,9.9225e+07,6.3e+08,4000000000,0.1575,157.5,1
27,1,12513511000000,38000,0.0975789,10.2481,14.2857,8.82e+06,1.26e+08,2000000000,0.07,70,0.9
27,0,12513512000000,42000,0.102857,9.72222,6.53595,9.3636e+07,6.12e+08,4000000000,0.153,153,1
27,1,12513513000000,44000,0.100318,9.96828,21.2766,3.9762e+06,8.46e+07,2000000000,0.047,47,0.9
27,0,12513514000000,48000,0.0935833,10.6857,51.2821,1.521e+06,7.8e+07,4000000000,0.0195,19.5,1
27,0,12513515000000,52000,0.098,10.2041,6.62252,9.1204e+07,6.04e+08,4000000000,0.151,151,1
27,1,12513516000000,54000,0.0968148,10.329,15.1515,7.8408e+06,1.188e+08,2000000000,0.066,66,0.9
27,0,12513517000000,58000,0.101241,9.87738,6.21118,1.03684e+08,6.44e+08,4000000000,0.161,161,1
27,1,12513518000000,60000,0.1002,9.98004,14.2857,8.82e+06,1.26e+08,2000000000,0.07,70,0.9
27,0,12513519000000,64000,0.101484,9.85373,8.28157,5.83222e+07,4.83e+08,4000000000,0.12075,120.75,1
27,1,12513520000000,66000,0.100485,9.95175,14.5985,8.44605e+06,1.233e+08,2000000000,0.0685,68.5,0.9
27,1,12513521000000,68000,0.0998824,10.0118,12.5,1.152e+07,1.44e+08,2000000000,0.08,80,0.9
27,0,12513522000000,72000,0.102778,9.72973,6.57895,9.2416e+07,6.08e+08,4000000000,0.152,152,1
27,1,12513523000000,74000,0.101838,9.81953,14.7059,8.3232e+06,1.224e+08,2000000000,0.068,68,0.9
27,0,12513524000000,78000,0.104872,9.53545,6.21118,1.03684e+08,6.44e+08,4000000000,0.161,161,1
27,1,12513525000000,80000,0.1041,9.60615,13.5135,9.8568e+06,1.332e+08,2000000000,0.074,74,0.9
27,0,12513526000000,84000,0.103619,9.65074,10.6383,3.5344e+07,3.76e+08,4000000000,0.094,94,1
27,1,12513527000000,86000,0.103907,9.62399,8.62069,2.42208e+07,2.088e+08,2000000000,0.116,116,0.9
27,1,12513528000000,88000,0.103364,9.67458,12.5,1.152e+07,1.44e+08,2000000000,0.08,80,0.9
27,0,12513529000000,92000,0.105478,9.48063,6.57895,9.2416e+07,6.08e+08,4000000000,0.152,152,1
27,1,12513530000000,94000,0.104681,9.55285,14.7059,8.3232e+06,1.224e+08,2000000000,0.068,68,0.9
27,0,12513531000000,98000,0.10698,9.34758,6.21118,1.03684e+08,6.44e+08,4000000000,0.161,161,1
27,1,12513532000000,100000,0.10632,9.40557,13.5135,9.8568e+06,1.332e+08,2000000000,0.074,74,0.9
27,0,12513533000000,104000,0.105,9.52381,13.8889,2.0736e+07,2.88e+08,4000000000,0.072,72,1
27,1,12513534000000,106000,0.106113,9.4239,6.09756,4.84128e+07,2.952e+08,2000000000,0.164,164,0.9
27,1,12513535000000,108000,0.105556,9.47368,13.1579,1.03968e+07,1.368e+08,2000000000,0.076,76,0.9
27,0,12513536000000,112000,0.107214,9.32712,6.57895,9.2416e+07,6.08e+08,4000000000,0.152,152,1
27,1,12513537000000,114000,0.106526,9.38735,14.7059,8.3232e+06,1.224e+08,2000000000,0.068,68,0.9
27,0,12513538000000,118000,0.108373,9.2274,6.21118,1.03684e+08,6.44e+08,4000000000,0.161,161,1
27,1,12513539000000,120000,0.1078,9.27644,13.5135,9.8568e+06,1.332e+08,2000000000,0.074,74,0.9
27,0,12513540000000,124000,0.105855,9.4469,21.0526,9.025e+06,1.9e+08,4000000000,0.0475,47.5,1
27,0,12513541000000,128000,0.105813,9.45068,9.56938,4.3681e+07,4.18e+08,4000000000,0.1045,104.5,1
27,0,12513542000000,132000,0.103788,9.63504,25.641,6.084e+06,1.56e+08,4000000000,0.039,39,1
27,0,12513543000000,136000,0.100824,9.91832,333.333,36000,1.2e+07,4000000000,0.003,3,1
27,0,12513544000000,140000,0.0988,10.1215,33.3333,3.6e+06,1.2e+08,4000000000,0.03,30,1
27,0,12513545000000,144000,0.0961389,10.4016,333.333,36000,1.2e+07,4000000000,0.003,3,1
27,0,12513546000000,148000,0.0943514,10.5987,33.3333,3.6e+06,1.2e+08,4000000000,0.03,30,1
27,0,12513547000000,152000,0.0919474,10.8758,333.333,36000,1.2e+07,4000000000,0.003,3,1
28,0,12513501000000,4000,0.14275,7.00525,7.00525,8.15102e+07,5.71e+08,4000000000,0.14275,142.75,1
28,0,12513502000000,8000,0.089625,11.1576,27.3973,5.329e+06,1.46e+08,4000000000,0.0365,36.5,1
28,0,12513503000000,12000,0.11225,8.90869,6.34921,9.9225e+07,6.3e+08,4000000000,0.1575,157.5,1
28,1,12513504000000,14000,0.106214,9.41493,14.2857,8.82e+06,1.26e+08,2000000000,0.07,70,0.9
28,0,12513505000000,18000,0.114389,8.74211,6.99301,8.1796e+07,5.72e+08,4000000000,0.143,143,1
28,1,12513506000000,20000,0.10675,9.36768,26.3158,2.5992e+06,6.84e+07,2000000000,0.038,38,0.9
28,0,12513507000000,24000,0.0944583,10.5867,30.303,4.356e+06,1.32e+08,4000000000,0.033,33,1
28,0,12513508000000,28000,0.102679,9.73913,6.57895,9.2416e+07,6.08e+08,4000000000,0.152,152,1
28,0,12513509000000,32000,0.0948438,10.5437,25,6.4e+06,1.6e+08,4000000000,0.04,40,1
28,0,12513510000000,36000,0.100972,9.90371,6.66667,9e+07,6e+08,4000000000,0.15,150,1
28,1,12513511000000,38000,0.100079,9.99211,11.9048,1.27008e+07,1.512e+08,2000000000,0.084,84,0.9
28,0,12513512000000,42000,0.0986667,10.1351,11.7302,2.90703e+07,3.41e+08,4000000000,0.08525,85.25,1
28,1,12513513000000,44000,0.100341,9.96602,7.38007,3.30485e+07,2.439e+08,2000000000,0.1355,135.5,0.9
28,0,12513514000000,48000,0.0952292,10.501,25.641,6.084e+06,1.56e+08,4000000000,0.039,39,1
28,0,12513515000000,52000,0.0996731,10.0328,6.53595,9.3636e+07,6.12e+08,4000000000,0.153,153,1
28,1,12513516000000,54000,0.0988704,10.1143,12.8205,1.09512e+07,1.404e+08,2000000000,0.078,78,0.9
28,0,12513517000000,58000,0.102741,9.73318,6.45161,9.61e+07,6.2e+08,4000000000,0.155,155,1
28,1,12513518000000,60000,0.101783,9.82479,13.5135,9.8568e+06,1.332e+08,2000000000,0.074,74,0.9
28,0,12513519000000,64000,0.0999219,10.0078,13.8889,2.0736e+07,2.88e+08,4000000000,0.072,72,1
28,1,12513520000000,66000,0.101864,9.81705,6.09756,4.84128e+07,2.952e+08,2000000000,0.164,164,0.9
28,1,12513521000000,68000,0.101103,9.89091,13.1579,1.03968e+07,1.368e+08,2000000000,0.076,76,0.9
28,0,12513522000000,72000,0.103875,9.62696,6.62252,9.1204e+07,6.04e+08,4000000000,0.151,151,1
28,1,12513523000000,74000,0.103284,9.68206,12.1951,1.21032e+07,1.476e+08,2000000000,0.082,82,0.9
28,0,12513524000000,78000,0.105833,9.44882,6.53595,9.3636e+07,6.12e+08,4000000000,0.153,153,1
28,1,12513525000000,80000,0.104838,9.53857,15.1515,7.8408e+06,1.188e+08,2000000000,0.066,66,0.9
28,0,12513526000000,84000,0.102976,9.71098,15.2091,1.72922e+07,2.63e+08,4000000000,0.06575,65.75,1
28,1,12513527000000,86000,0.105012,9.52275,5.24934,6.53224e+07,3.429e+08,2000000000,0.1905,190.5,0.9
28,1,12513528000000,88000,0.104307,9.5871,13.5135,9.8568e+06,1.332e+08,2000000000,0.074,74,0.9
28,0,12513529000000,92000,0.106337,9.40407,6.62252,9.1204e+07,6.04e+08,4000000000,0.151,151,1
28,1,12513530000000,94000,0.105819,9.45009,12.1951,1.21032e+07,1.476e+08,2000000000,0.082,82,0.9
28,0,12513531000000,98000,0.107745,9.28118,6.53595,9.3636e+07,6.12e+08,4000000000,0.153,153,1
28,1,12513532000000,100000,0.10691,9.35366,15.1515,7.8408e+06,1.188e+08,2000000000,0.066,66,0.9
28,0,12513533000000,104000,0.104731,9.54829,19.9005,1.01002e+07,2.01e+08,4000000000,0.05025,50.25,1
28,1,12513534000000,106000,0.106745,9.3681,4.72813,8.0518e+07,3.807e+08,2000000000,0.2115,211.5,0.9
28,1,12513535000000,108000,0.106324,9.40521,11.9048,1.27008e+07,1.512e+08,2000000000,0.084,84,0.9
28,0,12513536000000,112000,0.10792,9.26615,6.62252,9.1204e+07,6.04e+08,4000000000,0.151,151,1
28,1,12513537000000,114000,0.107465,9.30536,12.1951,1.21032e+07,1.476e+08,2000000000,0.082,82,0.9
28,0,12513538000000,118000,0.109008,9.1736,6.53595,9.3636e+07,6.12e+08,4000000000,0.153,153,1
28,1,12513539000000,120000,0.108283,9.23503,15.2672,7.72245e+06,1.179e+08,2000000000,0.0655,65.5,0.9
28,0,12513540000000,124000,0.105685,9.46204,36.036,3.08025e+06,1.11e+08,4000000000,0.02775,27.75,1
28,0,12513541000000,128000,0.109398,9.1409,4.45434,2.01601e+08,8.98e+08,4000000000,0.2245,224.5,1
28,0,12513542000000,132000,0.106939,9.35109,35.3982,3.19225e+06,1.13e+08,4000000000,0.02825,28.25,1
28,0,12513543000000,136000,0.108346,9.22973,6.46204,9.57902e+07,6.19e+08,4000000000,0.15475,154.75,1
28,0,12513544000000,140000,0.106271,9.40987,27.972,5.11225e+06,1.43e+08,4000000000,0.03575,35.75,1
28,0,12513545000000,144000,0.103326,9.67807,4000,250,1e+06,4000000000,0.00025,0.25,1
28,0,12513546000000,148000,0.104669,9.55393,6.53595,9.3636e+07,6.12e+08,4000000000,0.153,153,1
28,0,12513547000000,152000,0.10302,9.70688,23.8095,7.056e+06,1.68e+08,4000000000,0.042,42,1
29,0,12513501000000,4000,0.14275,7.00525,7.00525,8.15102e+07,5.71e+08,4000000000,0.14275,142.75,1
29,0,12513502000000,8000,0.089625,11.1576,27.3973,5.329e+06,1.46e+08,4000000000,0.0365,36.5,1
29,0,12513503000000,12000,0.11225,8.90869,6.34921,9.9225e+07,6.3e+08,4000000000,0.1575,157.5,1
29,1,12513504000000,14000,0.106214,9.41493,14.2857,8.82e+06,1.26e+08,2000000000,0.07,70,0.9
29,0,12513505000000,18000,0.114389,8.74211,6.99301,8.1796e+07,5.72e+08,4000000000,0.143,143,1
29,1,12513506000000,20000,0.10675,9.36768,26.3158,2.5992e+06,6.84e+07,2000000000,0.038,38,0.9
29,0,12513507000000,24000,0.0944583,10.5867,30.303,4.356e+06,1.32e+08,4000000000,0.033,33,1
29,0,12513508000000,28000,0.102679,9.73913,6.57895,9.2416e+07,6.08e+08,4000000000,0.152,152,1
29,0,12513509000000,32000,0.0948438,10.5437,25,6.4e+06,1.6e+08,4000000000,0.04,40,1
29,0,12513510000000,36000,0.100972,9.90371,6.66667,9e+07,6e+08,4000000000,0.15,150,1
29,1,12513511000000,38000,0.100079,9.99211,11.9048,1.27008e+07,1.512e+08,2000000000,0.084,84,0.9
29,0,12513512000000,42000,0.0986667,10.1351,11.7302,2.90703e+07,3.41e+08,4000000000,0.08525,85.25,1
29,1,12513513000000,44000,0.100341,9.96602,7.38007,3.30485e+07,2.439e+08,2000000000,0.1355,135.5,0.9
29,0,12513514000000,48000,0.0952292,10.501,25.641,6.084e+06,1.56e+08,4000000000,0.039,39,1
29,0,12513515000000,52000,0.0996731,10.0328,6.53595,9.3636e+07,6.12e+08,4000000000,0.153,153,1
29,1,12513516000000,54000,0.0988704,10.1143,12.8205,1.09512e+07,1.404e+08,2000000000,0.078,78,0.9
29,0,12513517000000,58000,0.102741,9.73318,6.45161,9.61e+07,6.2e+08,4000000000,0.155,155,1
29,1,12513518000000,60000,0.101783,9.82479,13.5135,9.8568e+06,1.332e+08,2000000000,0.074,74,0.9
29,0,12513519000000,64000,0.0999219,10.0078,13.8889,2.0736e+07,2.88e+08,4000000000,0.072,72,1
29,1,12513520000000,66000,0.101864,9.81705,6.09756,4.84128e+07,2.952e+08,2000000000,0.164,164,0.9
29,1,12513521000000,68000,0.101103,9.89091,13.1579,1.03968e+07,1.368e+08,2000000000,0.076,76,0.9
29,0,12513522000000,72000,0.103875,9.62696,6.62252,9.1204e+07,6.04e+08,4000000000,0.151,151,1
29,1,12513523000000,74000,0.103284,9.68206,12.1951,1.21032e+07,1.476e+08,2000000000,0.082,82,0.9
29,0,12513524000000,78000,0.105833,9.44882,6.53595,9.3636e+07,6.12e+08,4000000000,0.153,153,1
29,1,12513525000000,80000,0.104838,9.53857,15.1515,7.8408e+06,1.188e+08,2000000000,0.066,66,0.9
29,0,12513526000000,84000,0.102976,9.71098,15.2091,1.72922e+07,2.63e+08,4000000000,0.06575,65.75,1
29,1,12513527000000,86000,0.105012,9.52275,5.24934,6.53224e+07,3.429e+08,2000000000,0.1905,190.5,0.9
29,1,12513528000000,88000,0.104307,9.5871,13.5135,9.8568e+06,1.332e+08,2000000000,0.074,74,0.9
29,0,12513529000000,92000,0.106337,9.40407,6.62252,9.1204e+07,6.04e+08,4000000000,0.151,151,1
29,1,12513530000000,94000,0.105819,9.45009,12.1951,1.21032e+07,1.476e+08,2000000000,0.082,82,0.9
29,0,12513531000000,98000,0.107745,9.28118,6.53595,9.3636e+07,6.12e+08,4000000000,0.153,153,1
29,1,12513532000000,100000,0.10691,9.35366,15.1515,7.8408e+06,1.188e+08,2000000000,0.066,66,0.9
29,0,12513533000000,104000,0.104731,9.54829,19.9005,1.01002e+07,2.01e+08,4000000000,0.05025,50.25,1
29,1,12513534000000,106000,0.106745,9.3681,4.72813,8.0518e+07,3.807e+08,2000000000,0.2115,211.5,0.9
29,1,12513535000000,108000,0.106324,9.40521,11.9048,1.27008e+07,1.512e+08,2000000000,0.084,84,0.9
29,0,12513536000000,112000,0.10792,9.26615,6.62252,9.1204e+07,6.04e+08,4000000000,0.151,151,1
29,1,12513537000000,114000,0.107465,9.30536,12.1951,1.21032e+07,1.476e+08,2000000000,0.082,82,0.9
29,0,12513538000000,118000,0.109008,9.1736,6.53595,9.3636e+07,6.12e+08,4000000000,0.153,153,1
29,1,12513539000000,120000,0.108283,9.23503,15.2672,7.72245e+06,1.179e+08,2000000000,0.0655,65.5,0.9
29,0,12513540000000,124000,0.105685,9.46204,36.036,3.08025e+06,1.11e+08,4000000000,0.02775,27.75,1
29,0,12513541000000,128000,0.109398,9.1409,4.45434,2.01601e+08,8.98e+08,4000000000,0.2245,224.5,1
29,0,12513542000000,132000,0.106939,9.35109,35.3982,3.19225e+06,1.13e+08,4000000000,0.02825,28.25,1
29,0,12513543000000,136000,0.108346,9.22973,6.46204,9.57902e+07,6.19e+08,4000000000,0.15475,154.75,1
29,0,12513544000000,140000,0.106271,9.40987,27.972,5.11225e+06,1.43e+08,4000000000,0.03575,35.75,1
29,0,12513545000000,144000,0.103326,9.67807,4000,250,1e+06,4000000000,0.00025,0.25,1
29,0,12513546000000,148000,0.104669,9.55393,6.53595,9.3636e+07,6.12e+08,4000000000,0.153,153,1
29,0,12513547000000,152000,0.10302,9.70688,23.8095,7.056e+06,1.68e+08,4000000000,0.042,42,1
30,0,12513501000000,4000,0.14275,7.00525,7.00525,8.15102e+07,5.71e+08,4000000000,0.14275,142.75,1
30,0,12513502000000,8000,0.089625,11.1576,27.3973,5.329e+06,1.46e+08,4000000000,0.0365,36.5,1
30,0,12513503000000,12000,0.11225,8.90869,6.34921,9.9225e+07,6.3e+08,4000000000,0.1575,157.5,1
30,1,12513504000000,14000,0.106214,9.41493,14.2857,8.82e+06,1.26e+08,2000000000,0.07,70,0.9
30,0,12513505000000,18000,0.114389,8.74211,6.99301,8.1796e+07,5.72e+08,4000000000,0.143,143,1
30,1,12513506000000,20000,0.10675,9.36768,26.3158,2.5992e+06,6.84e+07,2000000000,0.038,38,0.9
30,0,12513507000000,24000,0.0944583,10.5867,30.303,4.356e+06,1.32e+08,4000000000,0.033,33,1
30,0,12513508000000,28000,0.102679,9.73913,6.57895,9.2416e+07,6.08e+08,4000000000,0.152,152,1
30,0,12513509000000,32000,0.0948438,10.5437,25,6.4e+06,1.6e+08,4000000000,0.04,40,1
30,0,12513510000000,36000,0.100972,9.90371,6.66667,9e+07,6e+08,4000000000,0.15,150,1
30,1,12513511000000,38000,0.100079,9.99211,11.9048,1.27008e+07,1.512e+08,2000000000,0.084,84,0.9
30,0,12513512000000,42000,0.0986667,10.1351,11.7302,2.90703e+07,3.41e+08,4000000000,0.08525,85.25,1
30,1,12513513000000,44000,0.100341,9.96602,7.38007,3.30485e+07,2.439e+08,2000000000,0.1355,135.5,0.9
30,0,12513514000000,48000,0.0952292,10.501,25.641,6.084e+06,1.56e+08,4000000000,0.039,39,1
30,0,12513515000000,52000,0.0996731,10.0328,6.53595,9.3636e+07,6.12e+08,4000000000,0.153,153,1
30,1,12513516000000,54000,0.0988704,10.1143,12.8205,1.09512e+07,1.404e+08,2000000000,0.078,78,0.9
30,0,12513517000000,58000,0.102741,9.73318,6.45161,9.61e+07,6.2e+08,4000000000,0.155,155,1
30,1,12513518000000,60000,0.101783,9.82479,13.5135,9.8568e+06,1.332e+08,2000000000,0.074,74,0.9
30,0,12513519000000,64000,0.0999219,10.0078,13.8889,2.0736e+07,2.88e+08,4000000000,0.072,72,1
30,1,12513520000000,66000,0.101864,9.81705,6.09756,4.84128e+07,2.952e+08,2000000000,0.164,164,0.9
30,1,12513521000000,68000,0.101103,9.89091,13.1579,1.03968e+07,1.368e+08,2000000000,0.076,76,0.9
30,0,12513522000000,72000,0.103875,9.62696,6.62252,9.1204e+07,6.04e+08,4000000000,0.151,151,1
30,1,12513523000000,74000,0.103284,9.68206,12.1951,1.21032e+07,1.476e+08,2000000000,0.082,82,0.9
30,0,12513524000000,78000,0.105833,9.44882,6.53595,9.3636e+07,6.12e+08,4000000000,0.153,153,1
30,1,12513525000000,80000,0.104838,9.53857,15.1515,7.8408e+06,1.188e+08,2000000000,0.066,66,0.9
30,0,12513526000000,84000,0.102976,9.71098,15.2091,1.72922e+07,2.63e+08,4000000000,0.06575,65.75,1
30,1,12513527000000,86000,0.105012,9.52275,5.24934,6.53224e+07,3.429e+08,2000000000,0.1905,190.5,0.9
30,1,12513528000000,88000,0.104307,9.5871,13.5135,9.8568e+06,1.332e+08,2000000000,0.074,74,0.9
30,0,12513529000000,92000,0.106337,9.40407,6.62252,9.1204e+07,6.04e+08,4000000000,0.151,151,1
30,1,12513530000000,94000,0.105819,9.45009,12.1951,1.21032e+07,1.476e+08,2000000000,0.082,82,0.9
30,0,12513531000000,98000,0.107745,9.28118,6.53595,9.3636e+07,6.12e+08,4000000000,0.153,153,1
30,1,12513532000000,100000,0.10691,9.35366,15.1515,7.8408e+06,1.188e+08,2000000000,0.066,66,0.9
30,0,12513533000000,104000,0.104731,9.54829,19.9005,1.01002e+07,2.01e+08,4000000000,0.05025,50.25,1
30,1,12513534000000,106000,0.106745,9.3681,4.72813,8.0518e+07,3.807e+08,2000000000,0.2115,211.5,0.9
30,1,12513535000000,108000,0.106324,9.40521,11.9048,1.27008e+07,1.512e+08,2000000000,0.084,84,0.9
30,0,12513536000000,112000,0.10792,9.26615,6.62252,9.1204e+07,6.04e+08,4000000000,0.151,151,1
30,1,12513537000000,114000,0.107465,9.30536,12.1951,1.21032e+07,1.476e+08,2000000000,0.082,82,0.9
30,0,12513538000000,118000,0.109008,9.1736,6.53595,9.3636e+07,6.12e+08,4000000000,0.153,153,1
30,1,12513539000000,120000,0.108283,9.23503,15.2672,7.72245e+06,1.179e+08,2000000000,0.0655,65.5,0.9
30,0,12513540000000,124000,0.105685,9.46204,36.036,3.08025e+06,1.11e+08,4000000000,0.02775,27.75,1
30,0,12513541000000,128000,0.109398,9.1409,4.45434,2.01601e+08,8.98e+08,4000000000,0.2245,224.5,1
30,0,12513542000000,132000,0.106939,9.35109,35.3982,3.19225e+06,1.13e+08,4000000000,0.02825,28.25,1
30,0,12513543000000,136000,0.108346,9.22973,6.46204,9.57902e+07,6.19e+08,4000000000,0.15475,154.75,1
30,0,12513544000000,140000,0.106271,9.40987,27.972,5.11225e+06,1.43e+08,4000000000,0.03575,35.75,1
30,0,12513545000000,144000,0.103326,9.67807,4000,250,1e+06,4000000000,0.00025,0.25,1
30,0,12513546000000,148000,0.104669,9.55393,6.53595,9.3636e+07,6.12e+08,4000000000,0.153,153,1
30,0,12513547000000,152000,0.10302,9.70688,23.8095,7.056e+06,1.68e+08,4000000000,0.042,42,1
31,0,12513501000000,4000,0.14275,7.00525,7.00525,8.15102e+07,5.71e+08,4000000000,0.14275,142.75,1
31,0,12513502000000,8000,0.089625,11.1576,27.3973,5.329e+06,1.46e+08,4000000000,0.0365,36.5,1
31,0,12513503000000,12000,0.11225,8.90869,6.34921,9.9225e+07,6.3e+08,4000000000,0.1575,157.5,1
31,1,12513504000000,14000,0.106214,9.41493,14.2857,8.82e+06,1.26e+08,2000000000,0.07,70,0.9
31,0,12513505000000,18000,0.114389,8.74211,6.99301,8.1796e+07,5.72e+08,4000000000,0.143,143,1
31,1,12513506000000,20000,0.10675,9.36768,26.3158,2.5992e+06,6.84e+07,2000000000,0.038,38,0.9
31,0,12513507000000,24000,0.0944583,10.5867,30.303,4.356e+06,1.32e+08,4000000000,0.033,33,1
31,0,12513508000000,28000,0.102679,9.73913,6.57895,9.2416e+07,6.08e+08,4000000000,0.152,152,1
31,0,12513509000000,32000,0.0948438,10.5437,25,6.4e+06,1.6e+08,4000000000,0.04,40,1
31,0,12513510000000,36000,0.100972,9.90371,6.66667,9e+07,6e+08,4000000000,0.15,150,1
31,1,12513511000000,38000,0.100079,9.99211,11.9048,1.27008e+07,1.512e+08,2000000000,0.084,84,0.9
31,0,12513512000000,42000,0.0986667,10.1351,11.7302,2.90703e+07,3.41e+08,4000000000,0.08525,85.25,1
31,1,12513513000000,44000,0.100341,9.96602,7.38007,3.30485e+07,2.439e+08,2000000000,0.1355,135.5,0.9
31,0,12513514000000,48000,0.0952292,10.501,25.641,6.084e+06,1.56e+08,4000000000,0.039,39,1
31,0,12513515000000,52000,0.0996731,10.0328,6.53595,9.3636e+07,6.12e+08,4000000000,0.153,153,1
31,1,12513516000000,54000,0.0988704,10.1143,12.8205,1.09512e+07,1.404e+08,2000000000,0.078,78,0.9
31,0,12513517000000,58000,0.102741,9.73318,6.45161,9.61e+07,6.2e+08,4000000000,0.155,155,1
31,1,12513518000000,60000,0.101783,9.82479,13.5135,9.8568e+06,1.332e+08,2000000000,0.074,74,0.9
31,0,12513519000000,64000,0.0999219,10.0078,13.8889,2.0736e+07,2.88e+08,4000000000,0.072,72,1
31,1,12513520000000,66000,0.101864,9.81705,6.09756,4.84128e+07,2.952e+08,2000000000,0.164,164,0.9
31,1,12513521000000,68000,0.101103,9.89091,13.1579,1.03968e+07,1.368e+08,2000000000,0.076,76,0.9
31,0,12513522000000,72000,0.103875,9.62696,6.62252,9.1204e+07,6.04e+08,4000000000,0.151,151,1
31,1,12513523000000,74000,0.103284,9.68206,12.1951,1.21032e+07,1.476e+08,2000000000,0.082,82,0.9
31,0,12513524000000,78000,0.105833,9.44882,6.53595,9.3636e+07,6.12e+08,4000000000,0.153,153,1
31,1,12513525000000,80000,0.104838,9.53857,15.1515,7.8408e+06,1.188e+08,2000000000,0.066,66,0.9
31,0,12513526000000,84000,0.102976,9.71098,15.2091,1.72922e+07,2.63e+08,4000000000,0.06575,65.75,1
31,1,12513527000000,86000,0.105012,9.52275,5.24934,6.53224e+07,3.429e+08,2000000000,0.1905,190.5,0.9
31,1,12513528000000,88000,0.104307,9.5871,13.5135,9.8568e+06,1.332e+08,2000000000,0.074,74,0.9
31,0,12513529000000,92000,0.106337,9.40407,6.62252,9.1204e+07,6.04e+08,4000000000,0.151,151,1
31,1,12513530000000,94000,0.105819,9.45009,12.1951,1.21032e+07,1.476e+08,2000000000,0.082,82,0.9
31,0,12513531000000,98000,0.107745,9.28118,6.53595,9.3636e+07,6.12e+08,4000000000,0.153,153,1
31,1,12513532000000,100000,0.10691,9.35366,15.1515,7.8408e+06,1.188e+08,2000000000,0.066,66,0.9
31,0,12513533000000,104000,0.104731,9.54829,19.9005,1.01002e+07,2.01e+08,4000000000,0.05025,50.25,1
31,1,12513534000000,106000,0.106745,9.3681,4.72813,8.0518e+07,3.807e+08,2000000000,0.2115,211.5,0.9
31,1,12513535000000,108000,0.106324,9.40521,11.9048,1.27008e+07,1.512e+08,2000000000,0.084,84,0.9
31,0,12513536000000,112000,0.10792,9.26615,6.62252,9.1204e+07,6.04e+08,4000000000,0.151,151,1
31,1,12513537000000,114000,0.107465,9.30536,12.1951,1.21032e+07,1.476e+08,2000000000,0.082,82,0.9
31,0,12513538000000,118000,0.109008,9.1736,6.53595,9.3636e+07,6.12e+08,4000000000,0.153,153,1
31,1,12513539000000,120000,0.108283,9.23503,15.2672,7.72245e+06,1.179e+08,2000000000,0.0655,65.5,0.9
31,0,12513540000000,124000,0.105685,9.46204,36.036,3.08025e+06,1.11e+08,4000000000,0.02775,27.75,1
31,0,12513541000000,128000,0.109398,9.1409,4.45434,2.01601e+08,8.98e+08,4000000000,0.2245,224.5,1
31,0,12513542000000,132000,0.106939,9.35109,35.3982,3.19225e+06,1.13e+08,4000000000,0.02825,28.25,1
31,0,12513543000000,136000,0.108346,9.22973,6.46204,9.57902e+07,6.19e+08,4000000000,0.15475,154.75,1
31,0,12513544000000,140000,0.106271,9.40987,27.972,5.11225e+06,1.43e+08,4000000000,0.03575,35.75,1
31,0,12513545000000,144000,0.103326,9.67807,4000,250,1e+06,4000000000,0.00025,0.25,1
31,0,12513546000000,148000,0.104669,9.55393,6.53595,9.3636e+07,6.12e+08,4000000000,0.153,153,1
31,0,12513547000000,152000,0.10302,9.70688,23.8095,7.056e+06,1.68e+08,4000000000,0.042,42,1
32,0,12513501000000,4000,0.03825,26.1438,26.1438,5.85225e+06,1.53e+08,4000000000,0.03825,38.25,1
32,0,12513502000000,8000,0.037375,26.7559,27.3973,5.329e+06,1.46e+08,4000000000,0.0365,36.5,1
32,0,12513503000000,12000,0.0774167,12.9171,6.34921,9.9225e+07,6.3e+08,4000000000,0.1575,157.5,1
32,1,12513504000000,14000,0.0763571,13.0964,14.2857,8.82e+06,1.26e+08,2000000000,0.07,70,0.9
32,0,12513505000000,18000,0.0933889,10.7079,6.53595,9.3636e+07,6.12e+08,4000000000,0.153,153,1
32,1,12513506000000,20000,0.09245,10.8167,11.9048,1.27008e+07,1.512e+08,2000000000,0.084,84,0.9
32,0,12513507000000,24000,0.0925417,10.8059,10.7527,3.4596e+07,3.72e+08,4000000000,0.093,93,1
32,0,12513508000000,28000,0.08775,11.396,16.9492,1.3924e+07,2.36e+08,4000000000,0.059,59,1
32,0,12513509000000,32000,0.0813438,12.2935,27.3973,5.329e+06,1.46e+08,4000000000,0.0365,36.5,1
32,0,12513510000000,36000,0.0898056,11.1352,6.34921,9.9225e+07,6.3e+08,4000000000,0.1575,157.5,1
32,1,12513511000000,38000,0.0887632,11.2659,14.2857,8.82e+06,1.26e+08,2000000000,0.07,70,0.9
32,0,12513512000000,42000,0.094881,10.5395,6.53595,9.3636e+07,6.12e+08,4000000000,0.153,153,1
32,1,12513513000000,44000,0.0943864,10.5948,11.9048,1.27008e+07,1.512e+08,2000000000,0.084,84,0.9
32,0,12513514000000,48000,0.0933125,10.7167,12.2699,2.6569e+07,3.26e+08,4000000000,0.0815,81.5,1
32,0,12513515000000,52000,0.0915577,10.9221,14.1844,1.9881e+07,2.82e+08,4000000000,0.0705,70.5,1
32,1,12513516000000,54000,0.0906111,11.0362,15.1515,7.8408e+06,1.188e+08,2000000000,0.066,66,0.9
32,0,12513517000000,58000,0.0954655,10.475,6.21118,1.03684e+08,6.44e+08,4000000000,0.161,161,1
32,1,12513518000000,60000,0.0946167,10.569,14.2857,8.82e+06,1.26e+08,2000000000,0.07,70,0.9
32,0,12513519000000,64000,0.0982656,10.1765,6.53595,9.3636e+07,6.12e+08,4000000000,0.153,153,1
32,1,12513520000000,66000,0.0978333,10.2215,11.9048,1.27008e+07,1.512e+08,2000000000,0.084,84,0.9
32,1,12513521000000,68000,0.0967941,10.3312,16,7.03125e+06,1.125e+08,2000000000,0.0625,62.5,0.9
32,0,12513522000000,72000,0.098125,10.1911,8.28157,5.83222e+07,4.83e+08,4000000000,0.12075,120.75,1
32,1,12513523000000,74000,0.0972568,10.2821,15.1515,7.8408e+06,1.188e+08,2000000000,0.066,66,0.9
32,0,12513524000000,78000,0.100526,9.94771,6.21118,1.03684e+08,6.44e+08,4000000000,0.161,161,1
32,1,12513525000000,80000,0.0997625,10.0238,14.2857,8.82e+06,1.26e+08,2000000000,0.07,70,0.9
32,0,12513526000000,84000,0.102298,9.7754,6.53595,9.3636e+07,6.12e+08,4000000000,0.153,153,1
32,1,12513527000000,86000,0.101698,9.83307,13.0719,1.0534e+07,1.377e+08,2000000000,0.0765,76.5,0.9
32,1,12513528000000,88000,0.0998864,10.0114,45.4545,871200,3.96e+07,2000000000,0.022,22,0.9
32,0,12513529000000,92000,0.10188,9.81543,6.86106,8.49722e+07,5.83e+08,4000000000,0.14575,145.75,1
32,1,12513530000000,94000,0.101117,9.88953,15.1515,7.8408e+06,1.188e+08,2000000000,0.066,66,0.9
32,0,12513531000000,98000,0.103561,9.65612,6.21118,1.03684e+08,6.44e+08,4000000000,0.161,161,1
32,1,12513532000000,100000,0.10274,9.73331,16,7.03125e+06,1.125e+08,2000000000,0.0625,62.5,0.9
32,0,12513533000000,104000,0.104452,9.57378,6.79117,8.67302e+07,5.89e+08,4000000000,0.14725,147.25,1
32,1,12513534000000,106000,0.103509,9.66096,18.3486,5.34645e+06,9.81e+07,2000000000,0.0545,54.5,0.9
32,1,12513535000000,108000,0.102435,9.76227,21.978,3.72645e+06,8.19e+07,2000000000,0.0455,45.5,0.9
32,0,12513536000000,112000,0.104152,9.60137,6.64452,9.0601e+07,6.02e+08,4000000000,0.1505,150.5,1
32,1,12513537000000,114000,0.103482,9.66347,15.1515,7.8408e+06,1.188e+08,2000000000,0.066,66,0.9
32,0,12513538000000,118000,0.105466,9.48172,6.17284,1.04976e+08,6.48e+08,4000000000,0.162,162,1
32,1,12513539000000,120000,0.104758,9.54578,15.873,7.1442e+06,1.134e+08,2000000000,0.063,63,0.9
32,0,12513540000000,124000,0.106565,9.38399,6.22084,1.03362e+08,6.43e+08,4000000000,0.16075,160.75,1
32,0,12513541000000,128000,0.103359,9.67498,250,64000,1.6e+07,4000000000,0.004,4,1
32,0,12513542000000,132000,0.100614,9.93901,78.4314,650250,5.1e+07,4000000000,0.01275,12.75,1
32,0,12513543000000,136000,0.0977426,10.2309,333.333,36000,1.2e+07,4000000000,0.003,3,1
32,0,12513544000000,140000,0.0958071,10.4376,33.3333,3.6e+06,1.2e+08,4000000000,0.03,30,1
32,0,12513545000000,144000,0.0932292,10.7263,333.333,36000,1.2e+07,4000000000,0.003,3,1
32,0,12513546000000,148000,0.0915203,10.9265,33.3333,3.6e+06,1.2e+08,4000000000,0.03,30,1
32,0,12513547000000,152000,0.0891908,11.2119,333.333,36000,1.2e+07,4000000000,0.003,3,1
33,0,12513501000000,4000,0.03825,26.1438,26.1438,5.85225e+06,1.53e+08,4000000000,0.03825,38.25,1
33,0,12513502000000,8000,0.037375,26.7559,27.3973,5.329e+06,1.46e+08,4000000000,0.0365,36.5,1
33,0,12513503000000,12000,0.0774167,12.9171,6.34921,9.9225e+07,6.3e+08,4000000000,0.1575,157.5,1
33,1,12513504000000,14000,0.0763571,13.0964,14.2857,8.82e+06,1.26e+08,2000000000,0.07,70,0.9
33,0,12513505000000,18000,0.0933889,10.7079,6.53595,9.3636e+07,6.12e+08,4000000000,0.153,153,1
33,1,12513506000000,20000,0.09245,10.8167,11.9048,1.27008e+07,1.512e+08,2000000000,0.084,84,0.9
33,0,12513507000000,24000,0.0925417,10.8059,10.7527,3.4596e+07,3.72e+08,4000000000,0.093,93,1
33,0,12513508000000,28000,0.08775,11.396,16.9492,1.3924e+07,2.36e+08,4000000000,0.059,59,1
33,0,12513509000000,32000,0.0813438,12.2935,27.3973,5.329e+06,1.46e+08,4000000000,0.0365,36.5,1
33,0,12513510000000,36000,0.0898056,11.1352,6.34921,9.9225e+07,6.3e+08,4000000000,0.1575,157.5,1
33,1,12513511000000,38000,0.0887632,11.2659,14.2857,8.82e+06,1.26e+08,2000000000,0.07,70,0.9
33,0,12513512000000,42000,0.094881,10.5395,6.53595,9.3636e+07,6.12e+08,4000000000,0.153,153,1
33,1,12513513000000,44000,0.0943864,10.5948,11.9048,1.27008e+07,1.512e+08,2000000000,0.084,84,0.9
33,0,12513514000000,48000,0.0933125,10.7167,12.2699,2.6569e+07,3.26e+08,4000000000,0.0815,81.5,1
33,0,12513515000000,52000,0.0915577,10.9221,14.1844,1.9881e+07,2.82e+08,4000000000,0.0705,70.5,1
33,1,12513516000000,54000,0.0906111,11.0362,15.1515,7.8408e+06,1.188e+08,2000000000,0.066,66,0.9
33,0,12513517000000,58000,0.0954655,10.475,6.21118,1.03684e+08,6.44e+08,4000000000,0.161,161,1
33,1,12513518000000,60000,0.0946167,10.569,14.2857,8.82e+06,1.26e+08,2000000000,0.07,70,0.9
33,0,12513519000000,64000,0.0982656,10.1765,6.53595,9.3636e+07,6.12e+08,4000000000,0.153,153,1
33,1,12513520000000,66000,0.0978333,10.2215,11.9048,1.27008e+07,1.512e+08,2000000000,0.084,84,0.9
33,1,12513521000000,68000,0.0967941,10.3312,16,7.03125e+06,1.125e+08,2000000000,0.0625,62.5,0.9
33,0,12513522000000,72000,0.098125,10.1911,8.28157,5.83222e+07,4.83e+08,4000000000,0.12075,120.75,1
33,1,12513523000000,74000,0.0972568,10.2821,15.1515,7.8408e+06,1.188e+08,2000000000,0.066,66,0.9
33,0,12513524000000,78000,0.100526,9.94771,6.21118,1.03684e+08,6.44e+08,4000000000,0.161,161,1
33,1,12513525000000,80000,0.0997625,10.0238,14.2857,8.82e+06,1.26e+08,2000000000,0.07,70,0.9
33,0,12513526000000,84000,0.102298,9.7754,6.53595,9.3636e+07,6.12e+08,4000000000,0.153,153,1
33,1,12513527000000,86000,0.101698,9.83307,13.0719,1.0534e+07,1.377e+08,2000000000,0.0765,76.5,0.9
33,1,12513528000000,88000,0.0998864,10.0114,45.4545,871200,3.96e+07,2000000000,0.022,22,0.9
33,0,12513529000000,92000,0.10188,9.81543,6.86106,8.49722e+07,5.83e+08,4000000000,0.14575,145.75,1
33,1,12513530000000,94000,0.101117,9.88953,15.1515,7.8408e+06,1.188e+08,2000000000,0.066,66,0.9
33,0,12513531000000,98000,0.103561,9.65612,6.21118,1.03684e+08,6.44e+08,4000000000,0.161,161,1
33,1,12513532000000,100000,0.10274,9.73331,16,7.03125e+06,1.125e+08,2000000000,0.0625,62.5,0.9
33,0,12513533000000,104000,0.104452,9.57378,6.79117,8.67302e+07,5.89e+08,4000000000,0.14725,147.25,1
33,1,12513534000000,106000,0.103509,9.66096,18.3486,5.34645e+06,9.81e+07,2000000000,0.0545,54.5,0.9
33,1,12513535000000,108000,0.102435,9.76227,21.978,3.72645e+06,8.19e+07,2000000000,0.0455,45.5,0.9
33,0,12513536000000,112000,0.104152,9.60137,6.64452,9.0601e+07,6.02e+08,4000000000,0.1505,150.5,1
33,1,12513537000000,114000,0.103482,9.66347,15.1515,7.8408e+06,1.188e+08,2000000000,0.066,66,0.9
33,0,12513538000000,118000,0.105466,9.48172,6.17284,1.04976e+08,6.48e+08,4000000000,0.162,162,1
33,1,12513539000000,120000,0.104758,9.54578,15.873,7.1442e+06,1.134e+08,2000000000,0.063,63,0.9
33,0,12513540000000,124000,0.106565,9.38399,6.22084,1.03362e+08,6.43e+08,4000000000,0.16075,160.75,1
33,0,12513541000000,128000,0.103359,9.67498,250,64000,1.6e+07,4000000000,0.004,4,1
33,0,12513542000000,132000,0.100614,9.93901,78.4314,650250,5.1e+07,4000000000,0.01275,12.75,1
33,0,12513543000000,136000,0.0977426,10.2309,333.333,36000,1.2e+07,4000000000,0.003,3,1
33,0,12513544000000,140000,0.0958071,10.4376,33.3333,3.6e+06,1.2e+08,4000000000,0.03,30,1
33,0,12513545000000,144000,0.0932292,10.7263,333.333,36000,1.2e+07,4000000000,0.003,3,1
33,0,12513546000000,148000,0.0915203,10.9265,33.3333,3.6e+06,1.2e+08,4000000000,0.03,30,1
33,0,12513547000000,152000,0.0891908,11.2119,333.333,36000,1.2e+07,4000000000,0.003,3,1
34,0,12513501000000,4000,0.03825,26.1438,26.1438,5.85225e+06,1.53e+08,4000000000,0.03825,38.25,1
34,0,12513502000000,8000,0.037375,26.7559,27.3973,5.329e+06,1.46e+08,4000000000,0.0365,36.5,1
34,0,12513503000000,12000,0.0774167,12.9171,6.34921,9.9225e+07,6.3e+08,4000000000,0.1575,157.5,1
34,1,12513504000000,14000,0.0763571,13.0964,14.2857,8.82e+06,1.26e+08,2000000000,0.07,70,0.9
34,0,12513505000000,18000,0.0933889,10.7079,6.53595,9.3636e+07,6.12e+08,4000000000,0.153,153,1
34,1,12513506000000,20000,0.09245,10.8167,11.9048,1.27008e+07,1.512e+08,2000000000,0.084,84,0.9
34,0,12513507000000,24000,0.0925417,10.8059,10.7527,3.4596e+07,3.72e+08,4000000000,0.093,93,1
34,0,12513508000000,28000,0.08775,11.396,16.9492,1.3924e+07,2.36e+08,4000000000,0.059,59,1
34,0,12513509000000,32000,0.0813438,12.2935,27.3973,5.329e+06,1.46e+08,4000000000,0.0365,36.5,1
34,0,12513510000000,36000,0.0898056,11.1352,6.34921,9.9225e+07,6.3e+08,4000000000,0.1575,157.5,1
34,1,12513511000000,38000,0.0887632,11.2659,14.2857,8.82e+06,1.26e+08,2000000000,0.07,70,0.9
34,0,12513512000000,42000,0.094881,10.5395,6.53595,9.3636e+07,6.12e+08,4000000000,0.153,153,1
34,1,12513513000000,44000,0.0943864,10.5948,11.9048,1.27008e+07,1.512e+08,2000000000,0.084,84,0.9
34,0,12513514000000,48000,0.0933125,10.7167,12.2699,2.6569e+07,3.26e+08,4000000000,0.0815,81.5,1
34,0,12513515000000,52000,0.0915577,10.9221,14.1844,1.9881e+07,2.82e+08,4000000000,0.0705,70.5,1
34,1,12513516000000,54000,0.0906111,11.0362,15.1515,7.8408e+06,1.188e+08,2000000000,0.066,66,0.9
34,0,12513517000000,58000,0.0954655,10.475,6.21118,1.03684e+08,6.44e+08,4000000000,0.161,161,1
34,1,12513518000000,60000,0.0946167,10.569,14.2857,8.82e+06,1.26e+08,2000000000,0.07,70,0.9
34,0,12513519000000,64000,0.0982656,10.1765,6.53595,9.3636e+07,6.12e+08,4000000000,0.153,153,1
34,1,12513520000000,66000,0.0978333,10.2215,11.9048,1.27008e+07,1.512e+08,2000000000,0.084,84,0.9
34,1,12513521000000,68000,0.0967941,10.3312,16,7.03125e+06,1.125e+08,2000000000,0.0625,62.5,0.9
34,0,12513522000000,72000,0.098125,10.1911,8.28157,5.83222e+07,4.83e+08,4000000000,0.12075,120.75,1
34,1,12513523000000,74000,0.0972568,10.2821,15.1515,7.8408e+06,1.188e+08,2000000000,0.066,66,0.9
34,0,12513524000000,78000,0.100526,9.94771,6.21118,1.03684e+08,6.44e+08,4000000000,0.161,161,1
34,1,12513525000000,80000,0.0997625,10.0238,14.2857,8.82e+06,1.26e+08,2000000000,0.07,70,0.9
34,0,12513526000000,84000,0.102298,9.7754,6.53595,9.3636e+07,6.12e+08,4000000000,0.153,153,1
34,1,12513527000000,86000,0.101698,9.83307,13.0719,1.0534e+07,1.377e+08,2000000000,0.0765,76.5,0.9
34,1,12513528000000,88000,0.0998864,10.0114,45.4545,871200,3.96e+07,2000000000,0.022,22,0.9
34,0,12513529000000,92000,0.10188,9.81543,6.86106,8.49722e+07,5.83e+08,4000000000,0.14575,145.75,1
34,1,12513530000000,94000,0.101117,9.88953,15.1515,7.8408e+06,1.188e+08,2000000000,0.066,66,0.9
34,0,12513531000000,98000,0.103561,9.65612,6.21118,1.03684e+08,6.44e+08,4000000000,0.161,161,1
34,1,12513532000000,100000,0.10274,9.73331,16,7.03125e+06,1.125e+08,2000000000,0.0625,62.5,0.9
34,0,12513533000000,104000,0.104452,9.57378,6.79117,8.67302e+07,5.89e+08,4000000000,0.14725,147.25,1
34,1,12513534000000,106000,0.103509,9.66096,18.3486,5.34645e+06,9.81e+07,2000000000,0.0545,54.5,0.9
34,1,12513535000000,108000,0.102435,9.76227,21.978,3.72645e+06,8.19e+07,2000000000,0.0455,45.5,0.9
34,0,12513536000000,112000,0.104152,9.60137,6.64452,9.0601e+07,6.02e+08,4000000000,0.1505,150.5,1
34,1,12513537000000,114000,0.103482,9.66347,15.1515,7.8408e+06,1.188e+08,2000000000,0.066,66,0.9
34,0,12513538000000,118000,0.105466,9.48172,6.17284,1.04976e+08,6.48e+08,4000000000,0.162,162,1
34,1,12513539000000,120000,0.104758,9.54578,15.873,7.1442e+06,1.134e+08,2000000000,0.063,63,0.9
34,0,12513540000000,124000,0.106565,9.38399,6.22084,1.03362e+08,6.43e+08,4000000000,0.16075,160.75,1
34,0,12513541000000,128000,0.103359,9.67498,250,64000,1.6e+07,4000000000,0.004,4,1
34,0,12513542000000,132000,0.100614,9.93901,78.4314,650250,5.1e+07,4000000000,0.01275,12.75,1
34,0,12513543000000,136000,0.0977426,10.2309,333.333,36000,1.2e+07,4000000000,0.003,3,1
34,0,12513544000000,140000,0.0958071,10.4376,33.3333,3.6e+06,1.2e+08,4000000000,0.03,30,1
34,0,12513545000000,144000,0.0932292,10.7263,333.333,36000,1.2e+07,4000000000,0.003,3,1
34,0,12513546000000,148000,0.0915203,10.9265,33.3333,3.6e+06,1.2e+08,4000000000,0.03,30,1
34,0,12513547000000,152000,0.0891908,11.2119,333.333,36000,1.2e+07,4000000000,0.003,3,1
35,0,12513501000000,4000,0.03825,26.1438,26.1438,5.85225e+06,1.53e+08,4000000000,0.03825,38.25,1
35,0,12513502000000,8000,0.037375,26.7559,27.3973,5.329e+06,1.46e+08,4000000000,0.0365,36.5,1
35,0,12513503000000,12000,0.0774167,12.9171,6.34921,9.9225e+07,6.3e+08,4000000000,0.1575,157.5,1
35,1,12513504000000,14000,0.0763571,13.0964,14.2857,8.82e+06,1.26e+08,2000000000,0.07,70,0.9
35,0,12513505000000,18000,0.0933889,10.7079,6.53595,9.3636e+07,6.12e+08,4000000000,0.153,153,1
35,1,12513506000000,20000,0.09245,10.8167,11.9048,1.27008e+07,1.512e+08,2000000000,0.084,84,0.9
35,0,12513507000000,24000,0.0925417,10.8059,10.7527,3.4596e+07,3.72e+08,4000000000,0.093,93,1
35,0,12513508000000,28000,0.08775,11.396,16.9492,1.3924e+07,2.36e+08,4000000000,0.059,59,1
35,0,12513509000000,32000,0.0813438,12.2935,27.3973,5.329e+06,1.46e+08,4000000000,0.0365,36.5,1
35,0,12513510000000,36000,0.0898056,11.1352,6.34921,9.9225e+07,6.3e+08,4000000000,0.1575,157.5,1
35,1,12513511000000,38000,0.0887632,11.2659,14.2857,8.82e+06,1.26e+08,2000000000,0.07,70,0.9
35,0,12513512000000,42000,0.094881,10.5395,6.53595,9.3636e+07,6.12e+08,4000000000,0.153,153,1
35,1,12513513000000,44000,0.0943864,10.5948,11.9048,1.27008e+07,1.512e+08,2000000000,0.084,84,0.9
35,0,12513514000000,48000,0.0933125,10.7167,12.2699,2.6569e+07,3.26e+08,4000000000,0.0815,81.5,1
35,0,12513515000000,52000,0.0915577,10.9221,14.1844,1.9881e+07,2.82e+08,4000000000,0.0705,70.5,1
35,1,12513516000000,54000,0.0906111,11.0362,15.1515,7.8408e+06,1.188e+08,2000000000,0.066,66,0.9
35,0,12513517000000,58000,0.0954655,10.475,6.21118,1.03684e+08,6.44e+08,4000000000,0.161,161,1
35,1,12513518000000,60000,0.0946167,10.569,14.2857,8.82e+06,1.26e+08,2000000000,0.07,70,0.9
35,0,12513519000000,64000,0.0982656,10.1765,6.53595,9.3636e+07,6.12e+08,4000000000,0.153,153,1
35,1,12513520000000,66000,0.0978333,10.2215,11.9048,1.27008e+07,1.512e+08,2000000000,0.084,84,0.9
35,1,12513521000000,68000,0.0967941,10.3312,16,7.03125e+06,1.125e+08,2000000000,0.0625,62.5,0.9
35,0,12513522000000,72000,0.098125,10.1911,8.28157,5.83222e+07,4.83e+08,4000000000,0.12075,120.75,1
35,1,12513523000000,74000,0.0972568,10.2821,15.1515,7.8408e+06,1.188e+08,2000000000,0.066,66,0.9
35,0,12513524000000,78000,0.100526,9.94771,6.21118,1.03684e+08,6.44e+08,4000000000,0.161,161,1
35,1,12513525000000,80000,0.0997625,10.0238,14.2857,8.82e+06,1.26e+08,2000000000,0.07,70,0.9
35,0,12513526000000,84000,0.102298,9.7754,6.53595,9.3636e+07,6.12e+08,4000000000,0.153,153,1
35,1,12513527000000,86000,0.101698,9.83307,13.0719,1.0534e+07,1.377e+08,2000000000,0.0765,76.5,0.9
35,1,12513528000000,88000,0.0998864,10.0114,45.4545,871200,3.96e+07,2000000000,0.022,22,0.9
35,0,12513529000000,92000,0.10188,9.81543,6.86106,8.49722e+07,5.83e+08,4000000000,0.14575,145.75,1
35,1,12513530000000,94000,0.101117,9.88953,15.1515,7.8408e+06,1.188e+08,2000000000,0.066,66,0.9
35,0,12513531000000,98000,0.103561,9.65612,6.21118,1.03684e+08,6.44e+08,4000000000,0.161,161,1
35,1,12513532000000,100000,0.10274,9.73331,16,7.03125e+06,1.125e+08,2000000000,0.0625,62.5,0.9
35,0,12513533000000,104000,0.104452,9.57378,6.79117,8.67302e+07,5.89e+08,4000000000,0.14725,147.25,1
35,1,12513534000000,106000,0.103509,9.66096,18.3486,5.34645e+06,9.81e+07,2000000000,0.0545,54.5,0.9
35,1,12513535000000,108000,0.102435,9.76227,21.978,3.72645e+06,8.19e+07,2000000000,0.0455,45.5,0.9
35,0,12513536000000,112000,0.104152,9.60137,6.64452,9.0601e+07,6.02e+08,4000000000,0.1505,150.5,1
35,1,12513537000000,114000,0.103482,9.66347,15.1515,7.8408e+06,1.188e+08,2000000000,0.066,66,0.9
35,0,12513538000000,118000,0.105466,9.48172,6.17284,1.04976e+08,6.48e+08,4000000000,0.162,162,1
35,1,12513539000000,120000,0.104758,9.54578,15.873,7.1442e+06,1.134e+08,2000000000,0.063,63,0.9
35,0,12513540000000,124000,0.106565,9.38399,6.22084,1.03362e+08,6.43e+08,4000000000,0.16075,160.75,1
35,0,12513541000000,128000,0.103359,9.67498,250,64000,1.6e+07,4000000000,0.004,4,1
35,0,12513542000000,132000,0.100614,9.93901,78.4314,650250,5.1e+07,4000000000,0.01275,12.75,1
35,0,12513543000000,136000,0.0977426,10.2309,333.333,36000,1.2e+07,4000000000,0.003,3,1
35,0,12513544000000,140000,0.0958071,10.4376,33.3333,3.6e+06,1.2e+08,4000000000,0.03,30,1
35,0,12513545000000,144000,0.0932292,10.7263,333.333,36000,1.2e+07,4000000000,0.003,3,1
35,0,12513546000000,148000,0.0915203,10.9265,33.3333,3.6e+06,1.2e+08,4000000000,0.03,30,1
35,0,12513547000000,152000,0.0891908,11.2119,333.333,36000,1.2e+07,4000000000,0.003,3,1
36,0,12513501000000,4000,0.0205,48.7805,48.7805,1.681e+06,8.2e+07,4000000000,0.0205,20.5,1
36,0,12513502000000,8000,0.02675,37.3832,30.303,4.356e+06,1.32e+08,4000000000,0.033,33,1
36,0,12513503000000,12000,0.0703333,14.218,6.34921,9.9225e+07,6.3e+08,4000000000,0.1575,157.5,1
36,1,12513504000000,14000,0.0702857,14.2276,14.2857,8.82e+06,1.26e+08,2000000000,0.07,70,0.9
36,0,12513505000000,18000,0.0886667,11.2782,6.53595,9.3636e+07,6.12e+08,4000000000,0.153,153,1
36,1,12513506000000,20000,0.0882,11.3379,11.9048,1.27008e+07,1.512e+08,2000000000,0.084,84,0.9
36,0,12513507000000,24000,0.093875,10.6525,8.17996,5.97802e+07,4.89e+08,4000000000,0.12225,122.25,1
36,0,12513508000000,28000,0.0847143,11.8044,33.6134,3.54025e+06,1.19e+08,4000000000,0.02975,29.75,1
36,0,12513509000000,32000,0.0786875,12.7085,27.3973,5.329e+06,1.46e+08,4000000000,0.0365,36.5,1
36,0,12513510000000,36000,0.0874444,11.4358,6.34921,9.9225e+07,6.3e+08,4000000000,0.1575,157.5,1
36,1,12513511000000,38000,0.0865263,11.5572,14.2857,8.82e+06,1.26e+08,2000000000,0.07,70,0.9
36,0,12513512000000,42000,0.0928571,10.7692,6.53595,9.3636e+07,6.12e+08,4000000000,0.153,153,1
36,1,12513513000000,44000,0.0924545,10.8161,11.9048,1.27008e+07,1.512e+08,2000000000,0.084,84,0.9
36,0,12513514000000,48000,0.09325,10.7239,9.80392,4.1616e+07,4.08e+08,4000000000,0.102,102,1
36,0,12513515000000,52000,0.0899231,11.1206,20,1e+07,2e+08,4000000000,0.05,50,1
36,1,12513516000000,54000,0.089037,11.2313,15.1515,7.8408e+06,1.188e+08,2000000000,0.066,66,0.9
36,0,12513517000000,58000,0.094,10.6383,6.21118,1.03684e+08,6.44e+08,4000000000,0.161,161,1
36,1,12513518000000,60000,0.0932,10.7296,14.2857,8.82e+06,1.26e+08,2000000000,0.07,70,0.9
36,0,12513519000000,64000,0.0969375,10.3159,6.53595,9.3636e+07,6.12e+08,4000000000,0.153,153,1
36,1,12513520000000,66000,0.0965455,10.3578,11.9048,1.27008e+07,1.512e+08,2000000000,0.084,84,0.9
36,1,12513521000000,68000,0.0971176,10.2968,8.62069,2.42208e+07,2.088e+08,2000000000,0.116,116,0.9
36,0,12513522000000,72000,0.0968889,10.3211,10.7527,3.4596e+07,3.72e+08,4000000000,0.093,93,1
36,1,12513523000000,74000,0.0964865,10.3641,12.1951,1.21032e+07,1.476e+08,2000000000,0.082,82,0.9
36,0,12513524000000,78000,0.0993846,10.0619,6.53595,9.3636e+07,6.12e+08,4000000000,0.153,153,1
36,1,12513525000000,80000,0.0984875,10.1536,15.748,7.25805e+06,1.143e+08,2000000000,0.0635,63.5,0.9
36,0,12513526000000,84000,0.101524,9.84991,6.16333,1.053e+08,6.49e+08,4000000000,0.16225,162.25,1
36,1,12513527000000,86000,0.100884,9.9124,13.5135,9.8568e+06,1.332e+08,2000000000,0.074,74,0.9
36,1,12513528000000,88000,0.0998864,10.0114,17.5439,5.8482e+06,1.026e+08,2000000000,0.057,57,0.9
36,0,12513529000000,92000,0.101,9.90099,7.96813,6.3001e+07,5.02e+08,4000000000,0.1255,125.5,1
36,1,12513530000000,94000,0.10034,9.96607,14.2857,8.82e+06,1.26e+08,2000000000,0.07,70,0.9
36,0,12513531000000,98000,0.10249,9.75707,6.53595,9.3636e+07,6.12e+08,4000000000,0.153,153,1
36,1,12513532000000,100000,0.10212,9.7924,11.9048,1.27008e+07,1.512e+08,2000000000,0.084,84,0.9
36,0,12513533000000,104000,0.103788,9.63498,6.87285,8.4681e+07,5.82e+08,4000000000,0.1455,145.5,1
36,1,12513534000000,106000,0.102623,9.74444,23.8095,3.1752e+06,7.56e+07,2000000000,0.042,42,0.9
36,1,12513535000000,108000,0.101556,9.84683,22.2222,3.645e+06,8.1e+07,2000000000,0.045,45,0.9
36,0,12513536000000,112000,0.103571,9.65517,6.32911,9.9856e+07,6.32e+08,4000000000,0.158,158,1
36,1,12513537000000,114000,0.103053,9.70378,13.5135,9.8568e+06,1.332e+08,2000000000,0.074,74,0.9
36,0,12513538000000,118000,0.104644,9.5562,6.66667,9e+07,6e+08,4000000000,0.15,150,1
36,1,12513539000000,120000,0.1043,9.58773,11.9048,1.27008e+07,1.512e+08,2000000000,0.084,84,0.9
36,0,12513540000000,124000,0.105016,9.52235,7.90514,6.4009e+07,5.06e+08,4000000000,0.1265,126.5,1
36,0,12513541000000,128000,0.102531,9.75312,39.2157,2.601e+06,1.02e+08,4000000000,0.0255,25.5,1
36,0,12513542000000,132000,0.100061,9.99394,47.619,1.764e+06,8.4e+07,4000000000,0.021,21,1
36,0,12513543000000,136000,0.098,10.2041,33.3333,3.6e+06,1.2e+08,4000000000,0.03,30,1
36,0,12513544000000,140000,0.0952857,10.4948,333.333,36000,1.2e+07,4000000000,0.003,3,1
36,0,12513545000000,144000,0.0934722,10.6984,33.3333,3.6e+06,1.2e+08,4000000000,0.03,30,1
36,0,12513546000000,148000,0.091027,10.9857,333.333,36000,1.2e+07,4000000000,0.003,3,1
36,0,12513547000000,152000,0.0894211,11.183,33.3333,3.6e+06,1.2e+08,4000000000,0.03,30,1
37,0,12513501000000,4000,0.0205,48.7805,48.7805,1.681e+06,8.2e+07,4000000000,0.0205,20.5,1
37,0,12513502000000,8000,0.02675,37.3832,30.303,4.356e+06,1.32e+08,4000000000,0.033,33,1
37,0,12513503000000,12000,0.0703333,14.218,6.34921,9.9225e+07,6.3e+08,4000000000,0.1575,157.5,1
37,1,12513504000000,14000,0.0702857,14.2276,14.2857,8.82e+06,1.26e+08,2000000000,0.07,70,0.9
37,0,12513505000000,18000,0.0886667,11.2782,6.53595,9.3636e+07,6.12e+08,4000000000,0.153,153,1
37,1,12513506000000,20000,0.0882,11.3379,11.9048,1.27008e+07,1.512e+08,2000000000,0.084,84,0.9
37,0,12513507000000,24000,0.093875,10.6525,8.17996,5.97802e+07,4.89e+08,4000000000,0.12225,122.25,1
37,0,12513508000000,28000,0.0847143,11.8044,33.6134,3.54025e+06,1.19e+08,4000000000,0.02975,29.75,1
37,0,12513509000000,32000,0.0786875,12.7085,27.3973,5.329e+06,1.46e+08,4000000000,0.0365,36.5,1
37,0,12513510000000,36000,0.0874444,11.4358,6.34921,9.9225e+07,6.3e+08,4000000000,0.1575,157.5,1
37,1,12513511000000,38000,0.0865263,11.5572,14.2857,8.82e+06,1.26e+08,2000000000,0.07,70,0.9
37,0,12513512000000,42000,0.0928571,10.7692,6.53595,9.3636e+07,6.12e+08,4000000000,0.153,153,1
37,1,12513513000000,44000,0.0924545,10.8161,11.9048,1.27008e+07,1.512e+08,2000000000,0.084,84,0.9
37,0,12513514000000,48000,0.09325,10.7239,9.80392,4.1616e+07,4.08e+08,4000000000,0.102,102,1
37,0,12513515000000,52000,0.0899231,11.1206,20,1e+07,2e+08,4000000000,0.05,50,1
37,1,12513516000000,54000,0.089037,11.2313,15.1515,7.8408e+06,1.188e+08,2000000000,0.066,66,0.9
37,0,12513517000000,58000,0.094,10.6383,6.21118,1.03684e+08,6.44e+08,4000000000,0.161,161,1
37,1,12513518000000,60000,0.0932,10.7296,14.2857,8.82e+06,1.26e+08,2000000000,0.07,70,0.9
37,0,12513519000000,64000,0.0969375,10.3159,6.53595,9.3636e+07,6.12e+08,4000000000,0.153,153,1
37,1,12513520000000,66000,0.0965455,10.3578,11.9048,1.27008e+07,1.512e+08,2000000000,0.084,84,0.9
37,1,12513521000000,68000,0.0971176,10.2968,8.62069,2.42208e+07,2.088e+08,2000000000,0.116,116,0.9
37,0,12513522000000,72000,0.0968889,10.3211,10.7527,3.4596e+07,3.72e+08,4000000000,0.093,93,1
37,1,12513523000000,74000,0.0964865,10.3641,12.1951,1.21032e+07,1.476e+08,2000000000,0.082,82,0.9
37,0,12513524000000,78000,0.0993846,10.0619,6.53595,9.3636e+07,6.12e+08,4000000000,0.153,153,1
37,1,12513525000000,80000,0.0984875,10.1536,15.748,7.25805e+06,1.143e+08,2000000000,0.0635,63.5,0.9
37,0,12513526000000,84000,0.101524,9.84991,6.16333,1.053e+08,6.49e+08,4000000000,0.16225,162.25,1
37,1,12513527000000,86000,0.100884,9.9124,13.5135,9.8568e+06,1.332e+08,2000000000,0.074,74,0.9
37,1,12513528000000,88000,0.0998864,10.0114,17.5439,5.8482e+06,1.026e+08,2000000000,0.057,57,0.9
37,0,12513529000000,92000,0.101,9.90099,7.96813,6.3001e+07,5.02e+08,4000000000,0.1255,125.5,1
37,1,12513530000000,94000,0.10034,9.96607,14.2857,8.82e+06,1.26e+08,2000000000,0.07,70,0.9
37,0,12513531000000,98000,0.10249,9.75707,6.53595,9.3636e+07,6.12e+08,4000000000,0.153,153,1
37,1,12513532000000,100000,0.10212,9.7924,11.9048,1.27008e+07,1.512e+08,2000000000,0.084,84,0.9
37,0,12513533000000,104000,0.103788,9.63498,6.87285,8.4681e+07,5.82e+08,4000000000,0.1455,145.5,1
37,1,12513534000000,106000,0.102623,9.74444,23.8095,3.1752e+06,7.56e+07,2000000000,0.042,42,0.9
37,1,12513535000000,108000,0.101556,9.84683,22.2222,3.645e+06,8.1e+07,2000000000,0.045,45,0.9
37,0,12513536000000,112000,0.103571,9.65517,6.32911,9.9856e+07,6.32e+08,4000000000,0.158,158,1
37,1,12513537000000,114000,0.103053,9.70378,13.5135,9.8568e+06,1.332e+08,2000000000,0.074,74,0.9
37,0,12513538000000,118000,0.104644,9.5562,6.66667,9e+07,6e+08,4000000000,0.15,150,1
37,1,12513539000000,120000,0.1043,9.58773,11.9048,1.27008e+07,1.512e+08,2000000000,0.084,84,0.9
37,0,12513540000000,124000,0.105016,9.52235,7.90514,6.4009e+07,5.06e+08,4000000000,0.1265,126.5,1
37,0,12513541000000,128000,0.102531,9.75312,39.2157,2.601e+06,1.02e+08,4000000000,0.0255,25.5,1
37,0,12513542000000,132000,0.100061,9.99394,47.619,1.764e+06,8.4e+07,4000000000,0.021,21,1
37,0,12513543000000,136000,0.098,10.2041,33.3333,3.6e+06,1.2e+08,4000000000,0.03,30,1
37,0,12513544000000,140000,0.0952857,10.4948,333.333,36000,1.2e+07,4000000000,0.003,3,1
37,0,12513545000000,144000,0.0934722,10.6984,33.3333,3.6e+06,1.2e+08,4000000000,0.03,30,1
37,0,12513546000000,148000,0.091027,10.9857,333.333,36000,1.2e+07,4000000000,0.003,3,1
37,0,12513547000000,152000,0.0894211,11.183,33.3333,3.6e+06,1.2e+08,4000000000,0.03,30,1
38,0,12513501000000,4000,0.0205,48.7805,48.7805,1.681e+06,8.2e+07,4000000000,0.0205,20.5,1
38,0,12513502000000,8000,0.02675,37.3832,30.303,4.356e+06,1.32e+08,4000000000,0.033,33,1
38,0,12513503000000,12000,0.0703333,14.218,6.34921,9.9225e+07,6.3e+08,4000000000,0.1575,157.5,1
38,1,12513504000000,14000,0.0702857,14.2276,14.2857,8.82e+06,1.26e+08,2000000000,0.07,70,0.9
38,0,12513505000000,18000,0.0886667,11.2782,6.53595,9.3636e+07,6.12e+08,4000000000,0.153,153,1
38,1,12513506000000,20000,0.0882,11.3379,11.9048,1.27008e+07,1.512e+08,2000000000,0.084,84,0.9
38,0,12513507000000,24000,0.093875,10.6525,8.17996,5.97802e+07,4.89e+08,4000000000,0.12225,122.25,1
38,0,12513508000000,28000,0.0847143,11.8044,33.6134,3.54025e+06,1.19e+08,4000000000,0.02975,29.75,1
38,0,12513509000000,32000,0.0786875,12.7085,27.3973,5.329e+06,1.46e+08,4000000000,0.0365,36.5,1
38,0,12513510000000,36000,0.0874444,11.4358,6.34921,9.9225e+07,6.3e+08,4000000000,0.1575,157.5,1
38,1,12513511000000,38000,0.0865263,11.5572,14.2857,8.82e+06,1.26e+08,2000000000,0.07,70,0.9
38,0,12513512000000,42000,0.0928571,10.7692,6.53595,9.3636e+07,6.12e+08,4000000000,0.153,153,1
38,1,12513513000000,44000,0.0924545,10.8161,11.9048,1.27008e+07,1.512e+08,2000000000,0.084,84,0.9
38,0,12513514000000,48000,0.09325,10.7239,9.80392,4.1616e+07,4.08e+08,4000000000,0.102,102,1
38,0,12513515000000,52000,0.0899231,11.1206,20,1e+07,2e+08,4000000000,0.05,50,1
38,1,12513516000000,54000,0.089037,11.2313,15.1515,7.8408e+06,1.188e+08,2000000000,0.066,66,0.9
38,0,12513517000000,58000,0.094,10.6383,6.21118,1.03684e+08,6.44e+08,4000000000,0.161,161,1
38,1,12513518000000,60000,0.0932,10.7296,14.2857,8.82e+06,1.26e+08,2000000000,0.07,70,0.9
38,0,12513519000000,64000,0.0969375,10.3159,6.53595,9.3636e+07,6.12e+08,4000000000,0.153,153,1
38,1,12513520000000,66000,0.0965455,10.3578,11.9048,1.27008e+07,1.512e+08,2000000000,0.084,84,0.9
38,1,12513521000000,68000,0.0971176,10.2968,8.62069,2.42208e+07,2.088e+08,2000000000,0.116,116,0.9
38,0,12513522000000,72000,0.0968889,10.3211,10.7527,3.4596e+07,3.72e+08,4000000000,0.093,93,1
38,1,12513523000000,74000,0.0964865,10.3641,12.1951,1.21032e+07,1.476e+08,2000000000,0.082,82,0.9
38,0,12513524000000,78000,0.0993846,10.0619,6.53595,9.3636e+07,6.12e+08,4000000000,0.153,153,1
38,1,12513525000000,80000,0.0984875,10.1536,15.748,7.25805e+06,1.143e+08,2000000000,0.0635,63.5,0.9
38,0,12513526000000,84000,0.101524,9.84991,6.16333,1.053e+08,6.49e+08,4000000000,0.16225,162.25,1
38,1,12513527000000,86000,0.100884,9.9124,13.5135,9.8568e+06,1.332e+08,2000000000,0.074,74,0.9
38,1,12513528000000,88000,0.0998864,10.0114,17.5439,5.8482e+06,1.026e+08,2000000000,0.057,57,0.9
38,0,12513529000000,92000,0.101,9.90099,7.96813,6.3001e+07,5.02e+08,4000000000,0.1255,125.5,1
38,1,12513530000000,94000,0.10034,9.96607,14.2857,8.82e+06,1.26e+08,2000000000,0.07,70,0.9
38,0,12513531000000,98000,0.10249,9.75707,6.53595,9.3636e+07,6.12e+08,4000000000,0.153,153,1
38,1,12513532000000,100000,0.10212,9.7924,11.9048,1.27008e+07,1.512e+08,2000000000,0.084,84,0.9
38,0,12513533000000,104000,0.103788,9.63498,6.87285,8.4681e+07,5.82e+08,4000000000,0.1455,145.5,1
38,1,12513534000000,106000,0.102623,9.74444,23.8095,3.1752e+06,7.56e+07,2000000000,0.042,42,0.9
38,1,12513535000000,108000,0.101556,9.84683,22.2222,3.645e+06,8.1e+07,2000000000,0.045,45,0.9
38,0,12513536000000,112000,0.103571,9.65517,6.32911,9.9856e+07,6.32e+08,4000000000,0.158,158,1
38,1,12513537000000,114000,0.103053,9.70378,13.5135,9.8568e+06,1.332e+08,2000000000,0.074,74,0.9
38,0,12513538000000,118000,0.104644,9.5562,6.66667,9e+07,6e+08,4000000000,0.15,150,1
38,1,12513539000000,120000,0.1043,9.58773,11.9048,1.27008e+07,1.512e+08,2000000000,0.084,84,0.9
38,0,12513540000000,124000,0.105016,9.52235,7.90514,6.4009e+07,5.06e+08,4000000000,0.1265,126.5,1
38,0,12513541000000,128000,0.102531,9.75312,39.2157,2.601e+06,1.02e+08,4000000000,0.0255,25.5,1
38,0,12513542000000,132000,0.100061,9.99394,47.619,1.764e+06,8.4e+07,4000000000,0.021,21,1
38,0,12513543000000,136000,0.098,10.2041,33.3333,3.6e+06,1.2e+08,4000000000,0.03,30,1
38,0,12513544000000,140000,0.0952857,10.4948,333.333,36000,1.2e+07,4000000000,0.003,3,1
38,0,12513545000000,144000,0.0934722,10.6984,33.3333,3.6e+06,1.2e+08,4000000000,0.03,30,1
38,0,12513546000000,148000,0.091027,10.9857,333.333,36000,1.2e+07,4000000000,0.003,3,1
38,0,12513547000000,152000,0.0894211,11.183,33.3333,3.6e+06,1.2e+08,4000000000,0.03,30,1
39,0,12513501000000,4000,0.0205,48.7805,48.7805,1.681e+06,8.2e+07,4000000000,0.0205,20.5,1
39,0,12513502000000,8000,0.02675,37.3832,30.303,4.356e+06,1.32e+08,4000000000,0.033,33,1
39,0,12513503000000,12000,0.0703333,14.218,6.34921,9.9225e+07,6.3e+08,4000000000,0.1575,157.5,1
39,1,12513504000000,14000,0.0702857,14.2276,14.2857,8.82e+06,1.26e+08,2000000000,0.07,70,0.9
39,0,12513505000000,18000,0.0886667,11.2782,6.53595,9.3636e+07,6.12e+08,4000000000,0.153,153,1
39,1,12513506000000,20000,0.0882,11.3379,11.9048,1.27008e+07,1.512e+08,2000000000,0.084,84,0.9
39,0,12513507000000,24000,0.093875,10.6525,8.17996,5.97802e+07,4.89e+08,4000000000,0.12225,122.25,1
39,0,12513508000000,28000,0.0847143,11.8044,33.6134,3.54025e+06,1.19e+08,4000000000,0.02975,29.75,1
39,0,12513509000000,32000,0.0786875,12.7085,27.3973,5.329e+06,1.46e+08,4000000000,0.0365,36.5,1
39,0,12513510000000,36000,0.0874444,11.4358,6.34921,9.9225e+07,6.3e+08,4000000000,0.1575,157.5,1
39,1,12513511000000,38000,0.0865263,11.5572,14.2857,8.82e+06,1.26e+08,2000000000,0.07,70,0.9
39,0,12513512000000,42000,0.0928571,10.7692,6.53595,9.3636e+07,6.12e+08,4000000000,0.153,153,1
39,1,12513513000000,44000,0.0924545,10.8161,11.9048,1.27008e+07,1.512e+08,2000000000,0.084,84,0.9
39,0,12513514000000,48000,0.09325,10.7239,9.80392,4.1616e+07,4.08e+08,4000000000,0.102,102,1
39,0,12513515000000,52000,0.0899231,11.1206,20,1e+07,2e+08,4000000000,0.05,50,1
39,1,12513516000000,54000,0.089037,11.2313,15.1515,7.8408e+06,1.188e+08,2000000000,0.066,66,0.9
39,0,12513517000000,58000,0.094,10.6383,6.21118,1.03684e+08,6.44e+08,4000000000,0.161,161,1
39,1,12513518000000,60000,0.0932,10.7296,14.2857,8.82e+06,1.26e+08,2000000000,0.07,70,0.9
39,0,12513519000000,64000,0.0969375,10.3159,6.53595,9.3636e+07,6.12e+08,4000000000,0.153,153,1
39,1,12513520000000,66000,0.0965455,10.3578,11.9048,1.27008e+07,1.512e+08,2000000000,0.084,84,0.9
39,1,12513521000000,68000,0.0971176,10.2968,8.62069,2.42208e+07,2.088e+08,2000000000,0.116,116,0.9
39,0,12513522000000,72000,0.0968889,10.3211,10.7527,3.4596e+07,3.72e+08,4000000000,0.093,93,1
39,1,12513523000000,74000,0.0964865,10.3641,12.1951,1.21032e+07,1.476e+08,2000000000,0.082,82,0.9
39,0,12513524000000,78000,0.0993846,10.0619,6.53595,9.3636e+07,6.12e+08,4000000000,0.153,153,1
39,1,12513525000000,80000,0.0984875,10.1536,15.748,7.25805e+06,1.143e+08,2000000000,0.0635,63.5,0.9
39,0,12513526000000,84000,0.101524,9.84991,6.16333,1.053e+08,6.49e+08,4000000000,0.16225,162.25,1
39,1,12513527000000,86000,0.100884,9.9124,13.5135,9.8568e+06,1.332e+08,2000000000,0.074,74,0.9
39,1,12513528000000,88000,0.0998864,10.0114,17.5439,5.8482e+06,1.026e+08,2000000000,0.057,57,0.9
39,0,12513529000000,92000,0.101,9.90099,7.96813,6.3001e+07,5.02e+08,4000000000,0.1255,125.5,1
39,1,12513530000000,94000,0.10034,9.96607,14.2857,8.82e+06,1.26e+08,2000000000,0.07,70,0.9
39,0,12513531000000,98000,0.10249,9.75707,6.53595,9.3636e+07,6.12e+08,4000000000,0.153,153,1
39,1,12513532000000,100000,0.10212,9.7924,11.9048,1.27008e+07,1.512e+08,2000000000,0.084,84,0.9
39,0,12513533000000,104000,0.103788,9.63498,6.87285,8.4681e+07,5.82e+08,4000000000,0.1455,145.5,1
39,1,12513534000000,106000,0.102623,9.74444,23.8095,3.1752e+06,7.56e+07,2000000000,0.042,42,0.9
39,1,12513535000000,108000,0.101556,9.84683,22.2222,3.645e+06,8.1e+07,2000000000,0.045,45,0.9
39,0,12513536000000,112000,0.103571,9.65517,6.32911,9.9856e+07,6.32e+08,4000000000,0.158,158,1
39,1,12513537000000,114000,0.103053,9.70378,13.5135,9.8568e+06,1.332e+08,2000000000,0.074,74,0.9
39,0,12513538000000,118000,0.104644,9.5562,6.66667,9e+07,6e+08,4000000000,0.15,150,1
39,1,12513539000000,120000,0.1043,9.58773,11.9048,1.27008e+07,1.512e+08,2000000000,0.084,84,0.9
39,0,12513540000000,124000,0.105016,9.52235,7.90514,6.4009e+07,5.06e+08,4000000000,0.1265,126.5,1
39,0,12513541000000,128000,0.102531,9.75312,39.2157,2.601e+06,1.02e+08,4000000000,0.0255,25.5,1
39,0,12513542000000,132000,0.100061,9.99394,47.619,1.764e+06,8.4e+07,4000000000,0.021,21,1
39,0,12513543000000,136000,0.098,10.2041,33.3333,3.6e+06,1.2e+08,4000000000,0.03,30,1
39,0,12513544000000,140000,0.0952857,10.4948,333.333,36000,1.2e+07,4000000000,0.003,3,1
39,0,12513545000000,144000,0.0934722,10.6984,33.3333,3.6e+06,1.2e+08,4000000000,0.03,30,1
39,0,12513546000000,148000,0.091027,10.9857,333.333,36000,1.2e+07,4000000000,0.003,3,1
39,0,12513547000000,152000,0.0894211,11.183,33.3333,3.6e+06,1.2e+08,4000000000,0.03,30,1
