CU,clock,Cycles,IPC,IPC_delta,CPI,CPI_delta,Frequency,Voltage,EDP,ED2P,Sensitivity
0,10205500000000,15545,0.0732068,0.0732068,13.6599,13.6599,4000000000.0,1.0,3.41498e-09,1.16621e-17,0.0
0,10205501000000,19545,0.0912765,0.1615,10.9557,6.19195,4000000000.0,1.0,1.54799e-09,2.39627e-18,4.0
0,10205502000000,21545,0.0835461,0.008,11.9694,125.0,2000000000.0,0.9,5.0625e-08,3.16406e-15,1.4
0,11206193000000,40620,0.0572132,0.0274705,17.4785,36.4027,4000000000.0,1.0,9.10067e-09,8.28222e-17,0.708069
0,11206194000000,42620,0.0545284,0.0,18.3391,0.0,2000000000.0,0.9,0.0,0.0,1.11184
0,11206195000000,43620,0.0532783,0.0,18.7694,0.0,1000000000.0,0.8,0.0,0.0,0.485009
0,11222906000000,46129,0.0509441,0.0103627,19.6294,96.5,1000000000.0,0.8,6.176e-08,5.95984e-15,1.18632
0,11222907000000,50129,0.0486345,0.022,20.5615,45.4545,4000000000.0,1.0,1.13636e-08,1.29132e-16,4.0
0,11222908000000,54129,0.0455394,0.00675,21.959,148.148,4000000000.0,1.0,3.7037e-08,1.37174e-15,4.0
0,11222909000000,58129,0.0452442,0.04125,22.1023,24.2424,4000000000.0,1.0,6.06061e-09,3.67309e-17,3.83846
0,11222910000000,60129,0.0441384,0.012,22.656,83.3333,2000000000.0,0.9,3.375e-08,1.40625e-15,0.732809
0,11222911000000,61129,0.0461647,0.168,21.6616,5.95238,1000000000.0,0.8,3.80952e-09,2.26757e-17,1.43188
0,11222912000000,63129,0.0450823,0.012,22.1817,83.3333,2000000000.0,0.9,3.375e-08,1.40625e-15,0.872617
0,11222913000000,64129,0.0461258,0.112,21.6799,8.92857,1000000000.0,0.8,5.71429e-09,5.10204e-17,1.12072
0,11222914000000,68129,0.0442396,0.014,22.6042,71.4286,4000000000.0,1.0,1.78571e-08,3.18878e-16,2.3566
0,11222915000000,70129,0.0433202,0.012,23.0839,83.3333,2000000000.0,0.9,3.375e-08,1.40625e-15,1.31919
0,11222916000000,72129,0.0444481,0.084,22.4981,11.9048,2000000000.0,0.9,4.82143e-09,2.8699e-17,1.33359
0,11222917000000,76129,0.042428,0.006,23.5693,166.667,4000000000.0,1.0,4.16667e-08,1.73611e-15,1.03478
0,11222918000000,78129,0.0434922,0.084,22.9926,11.9048,2000000000.0,0.9,4.82143e-09,2.8699e-17,1.35074
0,11222919000000,82129,0.0416662,0.006,24.0003,166.667,4000000000.0,1.0,4.16667e-08,1.73611e-15,1.05537
0,11222920000000,84129,0.0426726,0.084,23.4343,11.9048,2000000000.0,0.9,4.82143e-09,2.8699e-17,1.35065
0,11222921000000,88129,0.0407357,0.0,24.5485,0.0,4000000000.0,1.0,0.0,0.0,1.05537
0,11222922000000,89129,0.0406826,0.036,24.5805,27.7778,1000000000.0,0.8,1.77778e-08,4.93827e-16,0.698295
0,11222923000000,91129,0.0415016,0.078,24.0955,12.8205,2000000000.0,0.9,5.19231e-09,3.3284e-17,1.13188
0,11222924000000,95129,0.0398827,0.003,25.0735,333.333,4000000000.0,1.0,8.33333e-08,6.94444e-15,0.810005
0,11222925000000,96129,0.0413403,0.18,24.1895,5.55556,1000000000.0,0.8,3.55556e-09,1.97531e-17,1.05822
0,11222926000000,100129,0.0398086,0.003,25.1202,333.333,4000000000.0,1.0,8.33333e-08,6.94444e-15,0.733775
0,11222927000000,101129,0.0411949,0.18,24.2748,5.55556,1000000000.0,0.8,3.55556e-09,1.97531e-17,0.870394
0,11222928000000,105129,0.0397417,0.003,25.1625,333.333,4000000000.0,1.0,8.33333e-08,6.94444e-15,0.733775
0,11222929000000,106129,0.0395839,0.023,25.2628,43.4783,1000000000.0,0.8,2.78261e-08,1.20983e-15,0.870394
0,11222930000000,108129,0.0403037,0.0785,24.8116,12.7389,2000000000.0,0.9,5.15924e-09,3.28614e-17,1.45372
0,11222931000000,110129,0.0397897,0.012,25.1321,83.3333,2000000000.0,0.9,3.375e-08,1.40625e-15,1.24083e-05
0,11222932000000,112129,0.0405783,0.084,24.6437,11.9048,2000000000.0,0.9,4.82143e-09,2.8699e-17,1.28125
0,11222933000000,116129,0.0393872,0.006,25.3889,166.667,4000000000.0,1.0,4.16667e-08,1.73611e-15,1.03478
0,11222934000000,118129,0.0401426,0.084,24.9112,11.9048,2000000000.0,0.9,4.82143e-09,2.8699e-17,1.35074
0,11222935000000,122129,0.0390243,0.006,25.6251,166.667,4000000000.0,1.0,4.16667e-08,1.73611e-15,1.05537
0,11222936000000,124129,0.0394589,0.066,25.3428,15.1515,2000000000.0,0.9,6.13636e-09,4.64876e-17,1.35065
0,11222937000000,128129,0.0385081,0.009,25.9686,111.111,4000000000.0,1.0,2.77778e-08,7.71605e-16,1.37615
0,11222938000000,132129,0.0375239,0.006,26.6497,166.667,4000000000.0,1.0,4.16667e-08,1.73611e-15,1.55174
0,11222939000000,134129,0.0382169,0.084,26.1664,11.9048,2000000000.0,0.9,4.82143e-09,2.8699e-17,1.46477
0,11222940000000,138129,0.037284,0.006,26.8212,166.667,4000000000.0,1.0,4.16667e-08,1.73611e-15,1.05537
0,11222941000000,140129,0.0379507,0.084,26.3499,11.9048,2000000000.0,0.9,4.82143e-09,2.8699e-17,1.35065
0,11222942000000,144129,0.037064,0.006,26.9803,166.667,4000000000.0,1.0,4.16667e-08,1.73611e-15,1.05537
0,11222943000000,146129,0.0372753,0.0525,26.8274,19.0476,2000000000.0,0.9,7.71429e-09,7.34694e-17,1.36145
0,11222944000000,150129,0.0367018,0.01575,27.2466,63.4921,4000000000.0,1.0,1.5873e-08,2.51953e-16,1.05142
0,11222945000000,154129,0.035905,0.006,27.8513,166.667,4000000000.0,1.0,4.16667e-08,1.73611e-15,1.44942
0,11222946000000,155129,0.0367565,0.168,27.2061,5.95238,1000000000.0,0.8,3.80952e-09,2.26757e-17,0.992085
0,11222947000000,159129,0.035908,0.003,27.849,333.333,4000000000.0,1.0,8.33333e-08,6.94444e-15,0.624605
0,11222948000000,160129,0.0368078,0.18,27.1681,5.55556,1000000000.0,0.8,3.55556e-09,1.97531e-17,0.870393
0,11222949000000,164129,0.0359839,0.003,27.7902,333.333,4000000000.0,1.0,8.33333e-08,6.94444e-15,0.733775
0,11222950000000,165129,0.036856,0.18,27.1326,5.55556,1000000000.0,0.8,3.55556e-09,1.97531e-17,0.870394
0,11222951000000,169129,0.0359844,0.0,27.7898,0.0,4000000000.0,1.0,0.0,0.0,0.733775
0,11222952000000,170129,0.0358434,0.012,27.8991,83.3333,1000000000.0,0.8,5.33333e-08,4.44444e-15,0.520857
0,11222953000000,174129,0.0371564,0.093,26.9133,10.7527,4000000000.0,1.0,2.68817e-09,7.22627e-18,3.17186
0,11222954000000,176129,0.0373647,0.0555,26.7633,18.018,2000000000.0,0.9,7.2973e-09,6.57414e-17,4.99346
0,11222955000000,178129,0.0394321,0.2215,25.3601,4.51467,2000000000.0,0.9,1.82844e-09,4.1274100000000006e-18,4.3624
0,11222956000000,179129,0.0401833,0.174,24.8859,5.74713,1000000000.0,0.8,3.67816e-09,2.11389e-17,1.59522
0,11222957000000,180129,0.0408374,0.158,24.4874,6.32911,1000000000.0,0.8,4.05063e-09,2.56369e-17,0.391686
0,11222958000000,181129,0.0439797,0.61,22.7378,1.63934,1000000000.0,0.8,1.04918e-09,1.7199700000000001e-18,0.429987
0,11222959000000,182129,0.0445289,0.144,22.4573,6.94444,1000000000.0,0.8,4.44444e-09,3.08642e-17,0.496129
0,11222960000000,183129,0.0452796,0.182,22.085,5.49451,1000000000.0,0.8,3.51648e-09,1.93213e-17,0.326511
0,11222961000000,184129,0.0474559,0.446,21.0722,2.24215,1000000000.0,0.8,1.43498e-09,3.2174400000000004e-18,0.77413
0,11222962000000,185129,0.0478153,0.114,20.9138,8.77193,1000000000.0,0.8,5.61404e-09,4.92459e-17,0.613969
0,11222963000000,186129,0.0499224,0.44,20.0311,2.27273,1000000000.0,0.8,1.45455e-09,3.3057900000000004e-18,0.166182
0,11222964000000,187129,0.0507564,0.206,19.7019,4.85437,1000000000.0,0.8,3.1068e-09,1.50815e-17,0.421266
0,11222965000000,188129,0.0512733,0.148,19.5033,6.75676,1000000000.0,0.8,4.32432e-09,2.92184e-17,0.534721
0,11222966000000,189129,0.054291,0.622,18.4193,1.60772,1000000000.0,0.8,1.02894e-09,1.6542400000000001e-18,0.32793
0,11222967000000,190129,0.0546366,0.12,18.3028,8.33333,1000000000.0,0.8,5.33333e-09,4.44444e-17,0.541748
0,11222968000000,191129,0.0551408,0.151,18.1354,6.62252,1000000000.0,0.8,4.23841e-09,2.80689e-17,0.565243
0,11222969000000,192129,0.0574302,0.495,17.4125,2.0202,1000000000.0,0.8,1.29293e-09,2.61198e-18,0.610101
0,11222970000000,193129,0.0578991,0.148,17.2714,6.75676,1000000000.0,0.8,4.32432e-09,2.92184e-17,0.608068
0,11222971000000,194129,0.0594914,0.367,16.8092,2.7248,1000000000.0,0.8,1.74387e-09,4.75169e-18,0.274117
0,11222972000000,195129,0.0605241,0.261,16.5224,3.83142,1000000000.0,0.8,2.45211e-09,9.395050000000001e-18,0.767465
0,11222973000000,196129,0.0607967,0.114,16.4483,8.77193,1000000000.0,0.8,5.61404e-09,4.92459e-17,0.63606
0,11222974000000,197129,0.0636132,0.616,15.72,1.62338,1000000000.0,0.8,1.03896e-09,1.6866300000000001e-18,0.135818
0,11222975000000,198129,0.0639482,0.13,15.6376,7.69231,1000000000.0,0.8,4.92308e-09,3.78698e-17,0.473908
0,11222976000000,199129,0.0640841,0.091,15.6045,10.989,1000000000.0,0.8,7.03297e-09,7.72854e-17,0.702273
0,11222977000000,200129,0.066687,0.585,14.9954,1.7094,1000000000.0,0.8,1.09402e-09,1.8701100000000003e-18,0.505576
0,11222978000000,201129,0.0669222,0.114,14.9427,8.77193,1000000000.0,0.8,5.61404e-09,4.92459e-17,0.570994
0,11222979000000,202129,0.0682485,0.335,14.6523,2.98507,1000000000.0,0.8,1.91045e-09,5.70283e-18,0.277763
0,11222980000000,203129,0.0694436,0.311,14.4002,3.21543,1000000000.0,0.8,2.05788e-09,6.61697e-18,0.49726
0,11222981000000,204129,0.0698284,0.148,14.3208,6.75676,1000000000.0,0.8,4.32432e-09,2.92184e-17,0.620686
0,11222982000000,205129,0.0721692,0.55,13.8563,1.81818,1000000000.0,0.8,1.16364e-09,2.1157e-18,0.252069
0,11222983000000,206129,0.0723673,0.113,13.8184,8.84956,1000000000.0,0.8,5.66372e-09,5.01214e-17,0.630613
0,11222984000000,207129,0.0724138,0.082,13.8095,12.1951,1000000000.0,0.8,7.80488e-09,9.51814e-17,0.66158
0,11222985000000,208129,0.0751553,0.643,13.3058,1.55521,1000000000.0,0.8,9.95334e-10,1.5479500000000001e-18,0.379401
0,11222986000000,209129,0.0755036,0.148,13.2444,6.75676,1000000000.0,0.8,4.32432e-09,2.92184e-17,0.759045
0,11222987000000,210129,0.0763864,0.261,13.0913,3.83142,1000000000.0,0.8,2.45211e-09,9.395050000000001e-18,0.430726
0,11222988000000,211129,0.0777629,0.367,12.8596,2.7248,1000000000.0,0.8,1.74387e-09,4.75169e-18,0.754161
0,11222989000000,212129,0.0779337,0.114,12.8314,8.77193,1000000000.0,0.8,5.61404e-09,4.92459e-17,0.495533
0,11222990000000,213129,0.0799891,0.516,12.5017,1.93798,1000000000.0,0.8,1.24031e-09,2.4037e-18,0.400222
0,11222991000000,214129,0.0802227,0.13,12.4653,7.69231,1000000000.0,0.8,4.92308e-09,3.78698e-17,0.422369
0,11222992000000,215129,0.0805377,0.148,12.4165,6.75676,1000000000.0,0.8,4.32432e-09,2.92184e-17,0.667053
0,11222993000000,216129,0.0830708,0.628,12.0379,1.59236,1000000000.0,0.8,1.01911e-09,1.62278e-18,0.280291
0,11222994000000,217129,0.0832132,0.114,12.0173,8.77193,1000000000.0,0.8,5.61404e-09,4.92459e-17,0.334236
0,11222995000000,218129,0.0838907,0.231,11.9203,4.329,1000000000.0,0.8,2.77056e-09,1.19938e-17,0.516057
0,11222996000000,219129,0.0854017,0.415,11.7094,2.40964,1000000000.0,0.8,1.54217e-09,3.7160700000000006e-18,0.624032
0,11222997000000,220129,0.0856861,0.148,11.6705,6.75676,1000000000.0,0.8,4.32432e-09,2.92184e-17,0.43745
0,11222998000000,221129,0.087302,0.443,11.4545,2.25734,1000000000.0,0.8,1.4447e-09,3.2611600000000003e-18,0.340335
0,11222999000000,223129,0.0873306,0.0905,11.4507,11.0497,2000000000.0,0.9,4.47514e-09,2.47245e-17,0.625564
0,11223000000000,224129,0.0874675,0.118,11.4328,8.47458,1000000000.0,0.8,5.42373e-09,4.59638e-17,0.61265
0,11223001000000,225129,0.0899484,0.646,11.1175,1.54799,1000000000.0,0.8,9.90712e-10,1.5336100000000002e-18,0.241469
0,11223002000000,227129,0.0895614,0.046,11.1655,21.7391,2000000000.0,0.9,8.80435e-09,9.56994e-17,0.377385
0,11223003000000,229129,0.0904076,0.1865,11.061,5.36193,2000000000.0,0.9,2.17158e-09,5.82194e-18,0.512968
0,11223004000000,230129,0.0923265,0.532,10.8311,1.8797,1000000000.0,0.8,1.20301e-09,2.2612900000000003e-18,1.0175
0,11223005000000,232129,0.0921815,0.0755,10.8482,13.245,2000000000.0,0.9,5.36424e-09,3.55248e-17,15.2546
0,11223006000000,233129,0.0922794,0.115,10.8367,8.69565,1000000000.0,0.8,5.56522e-09,4.83932e-17,0.420619
0,11223007000000,234129,0.0944864,0.609,10.5835,1.64204,1000000000.0,0.8,1.0509e-09,1.7256200000000001e-18,0.0749383
0,11223008000000,235129,0.0945651,0.113,10.5747,8.84956,1000000000.0,0.8,5.66372e-09,5.01214e-17,0.408054
0,11223009000000,236129,0.0942747,0.026,10.6073,38.4615,1000000000.0,0.8,2.46154e-08,9.46746e-16,0.415583
0,11223010000000,237129,0.0965297,0.629,10.3595,1.58983,1000000000.0,0.8,1.01749e-09,1.6176300000000002e-18,0.664518
0,11223011000000,238129,0.0966367,0.122,10.348,8.19672,1000000000.0,0.8,5.2459e-09,4.29992e-17,0.118244
0,11223012000000,239129,0.0967888,0.133,10.3318,7.5188,1000000000.0,0.8,4.81203e-09,3.61807e-17,0.134492
0,11223013000000,240129,0.098522,0.513,10.15,1.94932,1000000000.0,0.8,1.24756e-09,2.4319e-18,0.958565
0,11223014000000,241129,0.0987936,0.164,10.1221,6.09756,1000000000.0,0.8,3.90244e-09,2.37954e-17,0.679488
0,11223015000000,242129,0.0994098,0.248,10.0594,4.03226,1000000000.0,0.8,2.58065e-09,1.04058e-17,0.765123
0,11223016000000,243129,0.100465,0.356,9.9537,2.80899,1000000000.0,0.8,1.79775e-09,5.0498700000000004e-18,0.772392
0,11223017000000,244129,0.100725,0.164,9.92798,6.09756,1000000000.0,0.8,3.90244e-09,2.37954e-17,0.60636
0,11223018000000,245129,0.101906,0.39,9.81301,2.5641,1000000000.0,0.8,1.64103e-09,4.20776e-18,0.690173
0,11223019000000,246129,0.102361,0.214,9.76935,4.6729,1000000000.0,0.8,2.99065e-09,1.3975e-17,0.744351
0,11223020000000,247129,0.10261,0.164,9.7456,6.09756,1000000000.0,0.8,3.90244e-09,2.37954e-17,0.612695
0,11223021000000,248129,0.104309,0.524,9.58693,1.9084,1000000000.0,0.8,1.22137e-09,2.33087e-18,0.722783
0,11223022000000,249129,0.104211,0.08,9.59591,12.5,1000000000.0,0.8,8e-09,1e-16,0.73715
0,11223023000000,250129,0.10445,0.164,9.57395,6.09756,1000000000.0,0.8,3.90244e-09,2.37954e-17,0.746539
0,11223024000000,251129,0.106439,0.604,9.39502,1.65563,1000000000.0,0.8,1.0596e-09,1.75431e-18,0.665194
0,11223025000000,252129,0.106557,0.136,9.38469,7.35294,1000000000.0,0.8,4.70588e-09,3.46021e-17,0.575654
0,11223026000000,253129,0.106246,0.028,9.4121,35.7143,1000000000.0,0.8,2.28571e-08,8.16327e-16,0.911416
0,11223027000000,254129,0.108205,0.604,9.24173,1.65563,1000000000.0,0.8,1.0596e-09,1.75431e-18,0.623491
0,11223028000000,255129,0.108424,0.164,9.22309,6.09756,1000000000.0,0.8,3.90244e-09,2.37954e-17,0.730638
0,11223029000000,256129,0.108707,0.181,9.19904,5.52486,1000000000.0,0.8,3.53591e-09,1.95354e-17,0.718538
0,11223030000000,257129,0.109929,0.423,9.09676,2.36407,1000000000.0,0.8,1.513e-09,3.5768400000000006e-18,1.28691
0,11223031000000,258129,0.110139,0.164,9.07946,6.09756,1000000000.0,0.8,3.90244e-09,2.37954e-17,0.596685
0,11223032000000,259129,0.110956,0.322,9.01256,3.10559,1000000000.0,0.8,1.98758e-09,6.1726e-18,0.676475
0,11223033000000,260129,0.111614,0.282,8.95946,3.5461,1000000000.0,0.8,2.2695e-09,8.04788e-18,0.975317
0,11223034000000,261129,0.111814,0.164,8.94339,6.09756,1000000000.0,0.8,3.90244e-09,2.37954e-17,0.565762
0,11223035000000,262129,0.113131,0.457,8.83929,2.18818,1000000000.0,0.8,1.40044e-09,3.06441e-18,0.655467
0,11223036000000,263129,0.11326,0.147,8.82924,6.80272,1000000000.0,0.8,4.35374e-09,2.96173e-17,0.855147
0,11223037000000,264129,0.113452,0.164,8.81429,6.09756,1000000000.0,0.8,3.90244e-09,2.37954e-17,0.69746
0,11223038000000,265129,0.115231,0.585,8.67824,1.7094,1000000000.0,0.8,1.09402e-09,1.8701100000000003e-18,0.647482
0,11223039000000,266129,0.115042,0.065,8.69248,15.3846,1000000000.0,0.8,9.84615e-09,1.51479e-16,0.792308
0,11223040000000,267129,0.115053,0.118,8.69164,8.47458,1000000000.0,0.8,5.42373e-09,4.59638e-17,0.278206
0,11223041000000,268129,0.116877,0.604,8.55603,1.65563,1000000000.0,0.8,1.0596e-09,1.75431e-18,0.76609
0,11223042000000,269129,0.117052,0.164,8.54324,6.09756,1000000000.0,0.8,3.90244e-09,2.37954e-17,0.455073
0,11223043000000,270129,0.116933,0.085,8.5519,11.7647,1000000000.0,0.8,7.52941e-09,8.85813e-17,0.660936
0,11223044000000,271129,0.118416,0.519,8.44481,1.92678,1000000000.0,0.8,1.23314e-09,2.37599e-18,0.823119
0,11223045000000,272129,0.118583,0.164,8.43288,6.09756,1000000000.0,0.8,3.90244e-09,2.37954e-17,0.514453
0,11223046000000,273129,0.119083,0.255,8.39751,3.92157,1000000000.0,0.8,2.5098e-09,9.84237e-18,0.649925
0,11223047000000,274129,0.119922,0.349,8.33878,2.86533,1000000000.0,0.8,1.83381e-09,5.254470000000001e-18,0.905884
0,11223048000000,275129,0.120082,0.164,8.32765,6.09756,1000000000.0,0.8,3.90244e-09,2.37954e-17,0.275572
0,11223049000000,276129,0.121088,0.398,8.25843,2.51256,1000000000.0,0.8,1.60804e-09,4.0403e-18,1.04158
0,11223050000000,277129,0.121395,0.206,8.23759,4.85437,1000000000.0,0.8,3.1068e-09,1.50815e-17,0.904103
0,11223051000000,278129,0.121548,0.164,8.22721,6.09756,1000000000.0,0.8,3.90244e-09,2.37954e-17,0.258322
0,11223052000000,279129,0.123029,0.535,8.12816,1.86916,1000000000.0,0.8,1.19626e-09,2.236e-18,0.892637
0,11223053000000,280129,0.122836,0.069,8.14092,14.4928,1000000000.0,0.8,9.27536e-09,1.34426e-16,0.852192
0,11223054000000,281129,0.122983,0.164,8.13123,6.09756,1000000000.0,0.8,3.90244e-09,2.37954e-17,0.334077
0,11223055000000,282129,0.124688,0.604,8.02004,1.65563,1000000000.0,0.8,1.0596e-09,1.75431e-18,0.874907
0,11223056000000,283129,0.124766,0.147,8.01498,6.80272,1000000000.0,0.8,4.35374e-09,2.96173e-17,0.284972
0,11223057000000,284129,0.124426,0.028,8.03691,35.7143,1000000000.0,0.8,2.28571e-08,8.16327e-16,1.27873
0,11223058000000,285129,0.126378,0.681,7.91278,1.46843,1000000000.0,0.8,9.39794e-10,1.38002e-18,1.40788
0,11223059000000,286129,0.126957,0.292,7.8767,3.42466,1000000000.0,0.8,2.19178e-09,7.5061e-18,0.417961
0,11223060000000,287129,0.126915,0.115,7.87928,8.69565,1000000000.0,0.8,5.56522e-09,4.83932e-17,0.521621
0,11223061000000,288129,0.127905,0.412,7.81833,2.42718,1000000000.0,0.8,1.5534e-09,3.77038e-18,0.28832
0,11223062000000,289129,0.128143,0.197,7.80375,5.07614,1000000000.0,0.8,3.24873e-09,1.6491e-17,0.129682
0,11223063000000,290129,0.128212,0.148,7.79959,6.75676,1000000000.0,0.8,4.32432e-09,2.92184e-17,0.61193
0,11223064000000,291129,0.129918,0.625,7.69714,1.6,1000000000.0,0.8,1.024e-09,1.6384e-18,0.402506
0,11223065000000,292129,0.129874,0.117,7.69976,8.54701,1000000000.0,0.8,5.47009e-09,4.67529e-17,0.279615
0,11223066000000,293129,0.129984,0.162,7.69327,6.17284,1000000000.0,0.8,3.95062e-09,2.43865e-17,0.393826
0,11223067000000,294129,0.131187,0.484,7.62269,2.06612,1000000000.0,0.8,1.32231e-09,2.7320500000000004e-18,0.76637
0,11223068000000,295129,0.131244,0.148,7.61938,6.75676,1000000000.0,0.8,4.32432e-09,2.92184e-17,0.300651
0,11223069000000,296129,0.132071,0.376,7.5717,2.65957,1000000000.0,0.8,1.70213e-09,4.526940000000001e-18,0.384985
0,11223070000000,297129,0.132474,0.252,7.54863,3.96825,1000000000.0,0.8,2.53968e-09,1.00781e-17,0.843351
0,11223071000000,298129,0.132412,0.114,7.55216,8.77193,1000000000.0,0.8,5.61404e-09,4.92459e-17,0.24089
0,11223072000000,299129,0.134046,0.621,7.46013,1.61031,1000000000.0,0.8,1.0306e-09,1.6595700000000002e-18,0.535749
0,11223073000000,300129,0.134056,0.137,7.45959,7.29927,1000000000.0,0.8,4.67153e-09,3.40988e-17,0.688757
0,11223074000000,301129,0.133899,0.087,7.46829,11.4943,1000000000.0,0.8,7.35632e-09,8.45554e-17,0.581713
0,11223075000000,302129,0.135366,0.577,7.38738,1.7331,1000000000.0,0.8,1.10919e-09,1.92233e-18,0.649507
0,11223076000000,303129,0.135296,0.114,7.39123,8.77193,1000000000.0,0.8,5.61404e-09,4.92459e-17,0.461445
0,11223077000000,304129,0.135982,0.344,7.35393,2.90698,1000000000.0,0.8,1.86047e-09,5.408330000000001e-18,0.222501
0,11223078000000,305129,0.136526,0.302,7.32462,3.31126,1000000000.0,0.8,2.11921e-09,7.01724e-18,0.858978
0,11223079000000,306129,0.136563,0.148,7.32261,6.75676,1000000000.0,0.8,4.32432e-09,2.92184e-17,0.429916
0,11223080000000,307129,0.137936,0.558,7.24976,1.79211,1000000000.0,0.8,1.14695e-09,2.0554700000000004e-18,0.270159
0,11223081000000,308129,0.137874,0.119,7.253,8.40336,1000000000.0,0.8,5.37815e-09,4.51945e-17,0.873297
0,11223082000000,309129,0.137677,0.077,7.26337,12.987,1000000000.0,0.8,8.31169e-09,1.07944e-16,0.412424
0,11223083000000,310129,0.139278,0.634,7.17991,1.57729,1000000000.0,0.8,1.00946e-09,1.5922100000000002e-18,0.364892
0,11223084000000,311129,0.139306,0.148,7.17846,6.75676,1000000000.0,0.8,4.32432e-09,2.92184e-17,0.340951
0,11223085000000,312129,0.139721,0.269,7.15712,3.71747,1000000000.0,0.8,2.37918e-09,8.844540000000001e-18,0.26806
0,11223086000000,313129,0.140421,0.359,7.12142,2.78552,1000000000.0,0.8,1.78273e-09,4.9658200000000004e-18,0.871447
0,11223087000000,314129,0.140337,0.114,7.12569,8.77193,1000000000.0,0.8,5.61404e-09,4.92459e-17,0.273769
0,11223088000000,315129,0.141561,0.526,7.06409,1.90114,1000000000.0,0.8,1.21673e-09,2.31317e-18,0.226154
0,11223089000000,316129,0.141493,0.12,7.06749,8.33333,1000000000.0,0.8,5.33333e-09,4.44444e-17,0.861161
0,11223090000000,317129,0.141513,0.148,7.06647,6.75676,1000000000.0,0.8,4.32432e-09,2.92184e-17,0.283312
0,11223091000000,318129,0.143043,0.628,6.99092,1.59236,1000000000.0,0.8,1.01911e-09,1.62278e-18,0.455219
0,11223092000000,319129,0.142952,0.114,6.99537,8.77193,1000000000.0,0.8,5.61404e-09,4.92459e-17,0.328878
0,11223093000000,320129,0.143258,0.241,6.98042,4.14938,1000000000.0,0.8,2.6556e-09,1.10191e-17,0.260765
0,11223094000000,321129,0.144073,0.405,6.94093,2.46914,1000000000.0,0.8,1.58025e-09,3.90184e-18,0.836596
0,11223095000000,322129,0.144085,0.148,6.94034,6.75676,1000000000.0,0.8,4.32432e-09,2.92184e-17,0.464324
0,11223096000000,323129,0.145041,0.453,6.8946,2.20751,1000000000.0,0.8,1.4128e-09,3.1187700000000003e-18,0.244076
0,11223097000000,324129,0.145134,0.175,6.8902,5.71429,1000000000.0,0.8,3.65714e-09,2.0898e-17,0.907401
0,11223098000000,325129,0.145038,0.114,6.89475,8.77193,1000000000.0,0.8,5.61404e-09,4.92459e-17,0.291213
0,11223099000000,326129,0.146574,0.646,6.8225,1.54799,1000000000.0,0.8,9.90712e-10,1.5336100000000002e-18,0.196167
0,11223100000000,327129,0.146578,0.148,6.82229,6.75676,1000000000.0,0.8,4.32432e-09,2.92184e-17,0.481037
0,11223101000000,328129,0.146595,0.152,6.82153,6.57895,1000000000.0,0.8,4.21053e-09,2.77008e-17,0.344353
0,11223102000000,329129,0.147596,0.476,6.77527,2.10084,1000000000.0,0.8,1.34454e-09,2.8246600000000003e-18,0.925579
0,11223103000000,330129,0.147494,0.114,6.77994,8.77193,1000000000.0,0.8,5.61404e-09,4.92459e-17,0.227208
0,11223104000000,331129,0.148317,0.42,6.74232,2.38095,1000000000.0,0.8,1.52381e-09,3.62812e-18,0.220209
0,11223105000000,332129,0.148551,0.226,6.73171,4.42478,1000000000.0,0.8,2.83186e-09,1.25303e-17,0.774674
0,11223106000000,333129,0.148549,0.148,6.73178,6.75676,1000000000.0,0.8,4.32432e-09,2.92184e-17,0.604977
0,11223107000000,334129,0.149936,0.612,6.66951,1.63399,1000000000.0,0.8,1.04575e-09,1.7087400000000001e-18,0.32341
0,11223108000000,335129,0.149874,0.129,6.67229,7.75194,1000000000.0,0.8,4.96124e-09,3.84592e-17,0.496491
0,11223109000000,336129,0.149788,0.121,6.67611,8.26446,1000000000.0,0.8,5.28926e-09,4.37129e-17,0.388656
0,11223110000000,337000,0.151009,0.622273,6.62213,1.60701,1000000000.0,0.8,1.02849e-09,1.65279e-18,0.942856
0,11223111000000,337000,0.151009,,6.62213,0.0,1000000000.0,0.8,0.0,0.0,0.0
0,11223112000000,337000,0.151009,,6.62213,0.0,1000000000.0,0.8,0.0,0.0,0.0
0,11223113000000,337000,0.151009,,6.62213,0.0,1000000000.0,0.8,0.0,0.0,0.0
0,11223114000000,337000,0.151009,,6.62213,0.0,1000000000.0,0.8,0.0,0.0,0.0
0,11223115000000,337000,0.151009,,6.62213,0.0,1000000000.0,0.8,0.0,0.0,0.0
1,10205500000000,15545,0.0737858,0.0737858,13.5527,13.5527,4000000000.0,1.0,3.38819e-09,1.14798e-17,0.0
1,10205501000000,19545,0.091123,0.1585,10.9742,6.30915,4000000000.0,1.0,1.57729e-09,2.4878300000000003e-18,4.0
1,10205502000000,21545,0.0834068,0.008,11.9894,125.0,2000000000.0,0.9,5.0625e-08,3.16406e-15,0.98
1,11206193000000,40336,0.0587069,0.0303869,17.0338,32.9089,4000000000.0,1.0,8.22723e-09,6.76874e-17,0.547824
1,11206194000000,42336,0.0559335,0.0,17.8784,0.0,2000000000.0,0.9,0.0,0.0,1.01646
1,11206195000000,43336,0.0546428,0.0,18.3007,0.0,1000000000.0,0.8,0.0,0.0,0.237654
1,11222906000000,45565,0.0525403,0.0116644,19.033,85.7308,1000000000.0,0.8,5.48677e-08,4.70385e-15,0.581296
1,11222907000000,49565,0.0500757,0.022,19.9698,45.4545,4000000000.0,1.0,1.13636e-08,1.29132e-16,4.0
1,11222908000000,53565,0.0468403,0.00675,21.3491,148.148,4000000000.0,1.0,3.7037e-08,1.37174e-15,4.0
1,11222909000000,57565,0.0464518,0.04125,21.5277,24.2424,4000000000.0,1.0,6.06061e-09,3.67309e-17,3.34057
1,11222910000000,59565,0.0452951,0.012,22.0775,83.3333,2000000000.0,0.9,3.375e-08,1.40625e-15,1.06681
1,11222911000000,60565,0.0473211,0.168,21.1322,5.95238,1000000000.0,0.8,3.80952e-09,2.26757e-17,0.998477
1,11222912000000,62565,0.046192,0.012,21.6488,83.3333,2000000000.0,0.9,3.375e-08,1.40625e-15,1.06957
1,11222913000000,63565,0.0472272,0.112,21.1742,8.92857,1000000000.0,0.8,5.71429e-09,5.10204e-17,0.923769
1,11222914000000,67565,0.0452601,0.014,22.0945,71.4286,4000000000.0,1.0,1.78571e-08,3.18878e-16,2.48687
1,11222915000000,69565,0.0443039,0.012,22.5714,83.3333,2000000000.0,0.9,3.375e-08,1.40625e-15,1.4118
1,11222916000000,71565,0.0454133,0.084,22.02,11.9048,2000000000.0,0.9,4.82143e-09,2.8699e-17,0.974878
1,11222917000000,75565,0.0433269,0.006,23.0803,166.667,4000000000.0,1.0,4.16667e-08,1.73611e-15,1.37577
1,11222918000000,77565,0.0443757,0.084,22.5349,11.9048,2000000000.0,0.9,4.82143e-09,2.8699e-17,1.02576
1,11222919000000,81565,0.0424937,0.006,23.5329,166.667,4000000000.0,1.0,4.16667e-08,1.73611e-15,1.38072
1,11222920000000,83565,0.0434871,0.084,22.9953,11.9048,2000000000.0,0.9,4.82143e-09,2.8699e-17,1.02574
1,11222921000000,87565,0.0415006,0.0,24.096,0.0,4000000000.0,1.0,0.0,0.0,1.38072
1,11222922000000,88565,0.0414385,0.036,24.1322,27.7778,1000000000.0,0.8,1.77778e-08,4.93827e-16,0.167661
1,11222923000000,90565,0.0422459,0.078,23.6709,12.8205,2000000000.0,0.9,5.19231e-09,3.3284e-17,1.06915
1,11222924000000,94565,0.0405858,0.003,24.6391,333.333,4000000000.0,1.0,8.33333e-08,6.94444e-15,1.31504
1,11222925000000,95565,0.0420447,0.18,23.7842,5.55556,1000000000.0,0.8,3.55556e-09,1.97531e-17,0.604801
1,11222926000000,99565,0.0404761,0.003,24.706,333.333,4000000000.0,1.0,8.33333e-08,6.94444e-15,1.04446
1,11222927000000,100565,0.0418635,0.18,23.8872,5.55556,1000000000.0,0.8,3.55556e-09,1.97531e-17,0.559705
1,11222928000000,104565,0.0403768,0.003,24.7667,333.333,4000000000.0,1.0,8.33333e-08,6.94444e-15,1.04446
1,11222929000000,105565,0.0402122,0.023,24.8681,43.4783,1000000000.0,0.8,2.78261e-08,1.20983e-15,0.559705
1,11222930000000,107565,0.0409241,0.0785,24.4355,12.7389,2000000000.0,0.9,5.15924e-09,3.28614e-17,1.45372
1,11222931000000,109565,0.0403961,0.012,24.7549,83.3333,2000000000.0,0.9,3.375e-08,1.40625e-15,1.24083e-05
1,11222932000000,111565,0.0411778,0.084,24.2849,11.9048,2000000000.0,0.9,4.82143e-09,2.8699e-17,0.962311
1,11222933000000,115565,0.0399602,0.006,25.0249,166.667,4000000000.0,1.0,4.16667e-08,1.73611e-15,1.37577
1,11222934000000,117565,0.0407094,0.084,24.5644,11.9048,2000000000.0,0.9,4.82143e-09,2.8699e-17,1.02576
1,11222935000000,121565,0.0395673,0.006,25.2734,166.667,4000000000.0,1.0,4.16667e-08,1.73611e-15,1.38072
1,11222936000000,123565,0.0399951,0.066,25.003,15.1515,2000000000.0,0.9,6.13636e-09,4.64876e-17,1.02574
1,11222937000000,127565,0.0390232,0.009,25.6258,111.111,4000000000.0,1.0,2.77778e-08,7.71605e-16,1.48123
1,11222938000000,131565,0.0380192,0.006,26.3025,166.667,4000000000.0,1.0,4.16667e-08,1.73611e-15,1.64052
1,11222939000000,133565,0.0387077,0.084,25.8346,11.9048,2000000000.0,0.9,4.82143e-09,2.8699e-17,1.05314
1,11222940000000,137565,0.0377567,0.006,26.4854,166.667,4000000000.0,1.0,4.16667e-08,1.73611e-15,1.38072
1,11222941000000,139565,0.0384194,0.084,26.0285,11.9048,2000000000.0,0.9,4.82143e-09,2.8699e-17,1.02574
1,11222942000000,143565,0.0375161,0.006,26.6552,166.667,4000000000.0,1.0,4.16667e-08,1.73611e-15,1.38072
1,11222943000000,145565,0.037722,0.0525,26.5097,19.0476,2000000000.0,0.9,7.71429e-09,7.34694e-17,1.02833
1,11222944000000,149565,0.0371344,0.01575,26.9292,63.4921,4000000000.0,1.0,1.5873e-08,2.51953e-16,1.39698
1,11222945000000,153565,0.0363234,0.006,27.5305,166.667,4000000000.0,1.0,4.16667e-08,1.73611e-15,1.4706
1,11222946000000,154565,0.0371753,0.168,26.8996,5.95238,1000000000.0,0.8,3.80952e-09,2.26757e-17,0.939646
1,11222947000000,158565,0.0363132,0.003,27.5382,333.333,4000000000.0,1.0,8.33333e-08,6.94444e-15,1.01002
1,11222948000000,159565,0.0372137,0.18,26.8718,5.55556,1000000000.0,0.8,3.55556e-09,1.97531e-17,0.559705
1,11222949000000,163565,0.036377,0.003,27.4899,333.333,4000000000.0,1.0,8.33333e-08,6.94444e-15,1.04446
1,11222950000000,164565,0.0372497,0.18,26.8458,5.55556,1000000000.0,0.8,3.55556e-09,1.97531e-17,0.559705
1,11222951000000,168565,0.0363658,0.0,27.4984,0.0,4000000000.0,1.0,0.0,0.0,1.04446
1,11222952000000,169565,0.0362221,0.012,27.6075,83.3333,1000000000.0,0.8,5.33333e-08,4.44444e-15,0.125058
1,11222953000000,173565,0.0375306,0.093,26.6449,10.7527,4000000000.0,1.0,2.68817e-09,7.22627e-18,3.1895
1,11222954000000,175565,0.0377353,0.0555,26.5004,18.018,2000000000.0,0.9,7.2973e-09,6.57414e-17,4.7853
1,11222955000000,177565,0.0398051,0.2215,25.1224,4.51467,2000000000.0,0.9,1.82844e-09,4.1274100000000006e-18,2.99571
1,11222956000000,178565,0.0405567,0.174,24.6569,5.74713,1000000000.0,0.8,3.67816e-09,2.11389e-17,1.78676
1,11222957000000,179565,0.0412107,0.158,24.2655,6.32911,1000000000.0,0.8,4.05063e-09,2.56369e-17,0.334857
1,11222958000000,180565,0.0443608,0.61,22.5424,1.63934,1000000000.0,0.8,1.04918e-09,1.7199700000000001e-18,0.474635
1,11222959000000,181565,0.0449095,0.144,22.267,6.94444,1000000000.0,0.8,4.44444e-09,3.08642e-17,0.504538
1,11222960000000,182565,0.0456604,0.182,21.9008,5.49451,1000000000.0,0.8,3.51648e-09,1.93213e-17,0.278812
1,11222961000000,183565,0.0478414,0.446,20.9024,2.24215,1000000000.0,0.8,1.43498e-09,3.2174400000000004e-18,1.05698
1,11222962000000,184565,0.0481998,0.114,20.747,8.77193,1000000000.0,0.8,5.61404e-09,4.92459e-17,0.561289
1,11222963000000,185565,0.0503112,0.44,19.8763,2.27273,1000000000.0,0.8,1.45455e-09,3.3057900000000004e-18,0.15563
1,11222964000000,186565,0.0511457,0.206,19.552,4.85437,1000000000.0,0.8,3.1068e-09,1.50815e-17,0.683954
1,11222965000000,187565,0.0516621,0.148,19.3566,6.75676,1000000000.0,0.8,4.32432e-09,2.92184e-17,0.383317
1,11222966000000,188565,0.0546867,0.622,18.286,1.60772,1000000000.0,0.8,1.02894e-09,1.6542400000000001e-18,0.258328
1,11222967000000,189565,0.0550313,0.12,18.1715,8.33333,1000000000.0,0.8,5.33333e-09,4.44444e-17,0.418938
1,11222968000000,190565,0.0555349,0.151,18.0067,6.62252,1000000000.0,0.8,4.23841e-09,2.80689e-17,0.417443
1,11222969000000,191565,0.0578289,0.495,17.2924,2.0202,1000000000.0,0.8,1.29293e-09,2.61198e-18,1.11586
1,11222970000000,192565,0.0582972,0.148,17.1535,6.75676,1000000000.0,0.8,4.32432e-09,2.92184e-17,0.613143
1,11222971000000,193565,0.059892,0.367,16.6967,2.7248,1000000000.0,0.8,1.74387e-09,4.75169e-18,0.276679
1,11222972000000,194565,0.0609257,0.261,16.4134,3.83142,1000000000.0,0.8,2.45211e-09,9.395050000000001e-18,0.902593
1,11222973000000,195565,0.061197,0.114,16.3407,8.77193,1000000000.0,0.8,5.61404e-09,4.92459e-17,0.529718
1,11222974000000,196565,0.0640195,0.616,15.6202,1.62338,1000000000.0,0.8,1.03896e-09,1.6866300000000001e-18,0.163718
1,11222975000000,197565,0.0643535,0.13,15.5392,7.69231,1000000000.0,0.8,4.92308e-09,3.78698e-17,0.660323
1,11222976000000,198565,0.0644877,0.091,15.5068,10.989,1000000000.0,0.8,7.03297e-09,7.72854e-17,0.573498
1,11222977000000,199565,0.0670959,0.585,14.904,1.7094,1000000000.0,0.8,1.09402e-09,1.8701100000000003e-18,0.693158
1,11222978000000,200565,0.0673298,0.114,14.8523,8.77193,1000000000.0,0.8,5.61404e-09,4.92459e-17,0.592511
1,11222979000000,201565,0.0686578,0.335,14.565,2.98507,1000000000.0,0.8,1.91045e-09,5.70283e-18,0.193865
1,11222980000000,202565,0.0698541,0.311,14.3155,3.21543,1000000000.0,0.8,2.05788e-09,6.61697e-18,0.917959
1,11222981000000,203565,0.070238,0.148,14.2373,6.75676,1000000000.0,0.8,4.32432e-09,2.92184e-17,0.565613
1,11222982000000,204565,0.0725833,0.55,13.7773,1.81818,1000000000.0,0.8,1.16364e-09,2.1157e-18,0.25156
1,11222983000000,205565,0.0727799,0.113,13.7401,8.84956,1000000000.0,0.8,5.66372e-09,5.01214e-17,0.808641
1,11222984000000,206565,0.0728245,0.082,13.7316,12.1951,1000000000.0,0.8,7.80488e-09,9.51814e-17,0.541483
1,11222985000000,207565,0.0755715,0.643,13.2325,1.55521,1000000000.0,0.8,9.95334e-10,1.5479500000000001e-18,0.562674
1,11222986000000,208565,0.0759188,0.148,13.172,6.75676,1000000000.0,0.8,4.32432e-09,2.92184e-17,0.621083
1,11222987000000,209565,0.0768019,0.261,13.0205,3.83142,1000000000.0,0.8,2.45211e-09,9.395050000000001e-18,0.371562
1,11222988000000,210565,0.0781801,0.367,12.791,2.7248,1000000000.0,0.8,1.74387e-09,4.75169e-18,0.941336
1,11222989000000,211565,0.0783494,0.114,12.7633,8.77193,1000000000.0,0.8,5.61404e-09,4.92459e-17,0.430458
1,11222990000000,212565,0.0804083,0.516,12.4365,1.93798,1000000000.0,0.8,1.24031e-09,2.4037e-18,0.226295
1,11222991000000,213565,0.0806406,0.13,12.4007,7.69231,1000000000.0,0.8,4.92308e-09,3.78698e-17,0.793985
1,11222992000000,214565,0.0809545,0.148,12.3526,6.75676,1000000000.0,0.8,4.32432e-09,2.92184e-17,0.59313
1,11222993000000,215565,0.0834922,0.628,11.9772,1.59236,1000000000.0,0.8,1.01911e-09,1.62278e-18,0.282498
1,11222994000000,216565,0.0836331,0.114,11.957,8.77193,1000000000.0,0.8,5.61404e-09,4.92459e-17,0.448936
1,11222995000000,217565,0.0843104,0.231,11.8609,4.329,1000000000.0,0.8,2.77056e-09,1.19938e-17,0.293328
1,11222996000000,218565,0.0858234,0.415,11.6518,2.40964,1000000000.0,0.8,1.54217e-09,3.7160700000000006e-18,0.765381
1,11222997000000,219565,0.0861066,0.148,11.6135,6.75676,1000000000.0,0.8,4.32432e-09,2.92184e-17,0.392538
1,11222998000000,220565,0.0877247,0.443,11.3993,2.25734,1000000000.0,0.8,1.4447e-09,3.2611600000000003e-18,0.298871
1,11222999000000,222565,0.0877496,0.0905,11.3961,11.0497,2000000000.0,0.9,4.47514e-09,2.47245e-17,0.804495
1,11223000000000,223565,0.087885,0.118,11.3785,8.47458,1000000000.0,0.8,5.42373e-09,4.59638e-17,0.536543
1,11223001000000,224565,0.0903703,0.646,11.0656,1.54799,1000000000.0,0.8,9.90712e-10,1.5336100000000002e-18,0.192592
1,11223002000000,226565,0.0899786,0.046,11.1138,21.7391,2000000000.0,0.9,8.80435e-09,9.56994e-17,0.596579
1,11223003000000,228565,0.0908232,0.1865,11.0104,5.36193,2000000000.0,0.9,2.17158e-09,5.82194e-18,0.3734
1,11223004000000,229565,0.092745,0.532,10.7823,1.8797,1000000000.0,0.8,1.20301e-09,2.2612900000000003e-18,1.07152
1,11223005000000,231565,0.092596,0.0755,10.7996,13.245,2000000000.0,0.9,5.36424e-09,3.55248e-17,15.2546
1,11223006000000,232565,0.0926924,0.115,10.7884,8.69565,1000000000.0,0.8,5.56522e-09,4.83932e-17,0.420619
1,11223007000000,233565,0.0949029,0.609,10.5371,1.64204,1000000000.0,0.8,1.0509e-09,1.7256200000000001e-18,0.0958712
1,11223008000000,234565,0.0949801,0.113,10.5285,8.84956,1000000000.0,0.8,5.66372e-09,5.01214e-17,0.52451
1,11223009000000,235565,0.0946872,0.026,10.5611,38.4615,1000000000.0,0.8,2.46154e-08,9.46746e-16,0.504747
1,11223010000000,236565,0.0969459,0.629,10.315,1.58983,1000000000.0,0.8,1.01749e-09,1.6176300000000002e-18,0.838664
1,11223011000000,237565,0.0970513,0.122,10.3038,8.19672,1000000000.0,0.8,5.2459e-09,4.29992e-17,0.267986
1,11223012000000,238565,0.097202,0.133,10.2879,7.5188,1000000000.0,0.8,4.81203e-09,3.61807e-17,0.179818
1,11223013000000,239565,0.0989377,0.513,10.1074,1.94932,1000000000.0,0.8,1.24756e-09,2.4319e-18,1.16071
1,11223014000000,240565,0.0992081,0.164,10.0798,6.09756,1000000000.0,0.8,3.90244e-09,2.37954e-17,0.673994
1,11223015000000,241565,0.0998241,0.248,10.0176,4.03226,1000000000.0,0.8,2.58065e-09,1.04058e-17,0.853918
1,11223016000000,242565,0.10088,0.356,9.91275,2.80899,1000000000.0,0.8,1.79775e-09,5.0498700000000004e-18,0.88649
1,11223017000000,243565,0.101139,0.164,9.88735,6.09756,1000000000.0,0.8,3.90244e-09,2.37954e-17,0.519972
1,11223018000000,244565,0.10232,0.39,9.77322,2.5641,1000000000.0,0.8,1.64103e-09,4.20776e-18,0.823847
1,11223019000000,245565,0.102775,0.214,9.72997,4.6729,1000000000.0,0.8,2.99065e-09,1.3975e-17,0.847253
1,11223020000000,246565,0.103024,0.164,9.70652,6.09756,1000000000.0,0.8,3.90244e-09,2.37954e-17,0.476287
1,11223021000000,247565,0.104724,0.524,9.54891,1.9084,1000000000.0,0.8,1.22137e-09,2.33087e-18,0.831676
1,11223022000000,248565,0.104625,0.08,9.55799,12.5,1000000000.0,0.8,8e-09,1e-16,0.737688
1,11223023000000,249565,0.104862,0.164,9.5363,6.09756,1000000000.0,0.8,3.90244e-09,2.37954e-17,0.712363
1,11223024000000,250565,0.106855,0.604,9.35852,1.65563,1000000000.0,0.8,1.0596e-09,1.75431e-18,0.817849
1,11223025000000,251565,0.10697,0.136,9.34838,7.35294,1000000000.0,0.8,4.70588e-09,3.46021e-17,0.574876
1,11223026000000,252565,0.106658,0.028,9.37579,35.7143,1000000000.0,0.8,2.28571e-08,8.16327e-16,1.07998
1,11223027000000,253565,0.108619,0.604,9.20648,1.65563,1000000000.0,0.8,1.0596e-09,1.75431e-18,0.788409
1,11223028000000,254565,0.108837,0.164,9.18808,6.09756,1000000000.0,0.8,3.90244e-09,2.37954e-17,0.712076
1,11223029000000,255565,0.109119,0.181,9.16431,5.52486,1000000000.0,0.8,3.53591e-09,1.95354e-17,0.830657
1,11223030000000,256565,0.110342,0.423,9.0627,2.36407,1000000000.0,0.8,1.513e-09,3.5768400000000006e-18,1.23784
1,11223031000000,257565,0.110551,0.164,9.04562,6.09756,1000000000.0,0.8,3.90244e-09,2.37954e-17,0.56078
1,11223032000000,258565,0.111369,0.322,8.9792,3.10559,1000000000.0,0.8,1.98758e-09,6.1726e-18,0.820557
1,11223033000000,259565,0.112026,0.282,8.92651,3.5461,1000000000.0,0.8,2.2695e-09,8.04788e-18,0.978186
1,11223034000000,260565,0.112225,0.164,8.91064,6.09756,1000000000.0,0.8,3.90244e-09,2.37954e-17,0.550893
1,11223035000000,261565,0.113543,0.457,8.8072,2.18818,1000000000.0,0.8,1.40044e-09,3.06441e-18,0.815514
1,11223036000000,262565,0.113671,0.147,8.79733,6.80272,1000000000.0,0.8,4.35374e-09,2.96173e-17,0.847505
1,11223037000000,263565,0.113862,0.164,8.78257,6.09756,1000000000.0,0.8,3.90244e-09,2.37954e-17,0.688765
1,11223038000000,264565,0.115643,0.585,8.64733,1.7094,1000000000.0,0.8,1.09402e-09,1.8701100000000003e-18,0.813596
1,11223039000000,265565,0.115452,0.065,8.66161,15.3846,1000000000.0,0.8,9.84615e-09,1.51479e-16,0.814266
1,11223040000000,266565,0.115462,0.118,8.66089,8.47458,1000000000.0,0.8,5.42373e-09,4.59638e-17,0.266015
1,11223041000000,267565,0.117287,0.604,8.52607,1.65563,1000000000.0,0.8,1.0596e-09,1.75431e-18,0.710486
1,11223042000000,268565,0.117461,0.164,8.51344,6.09756,1000000000.0,0.8,3.90244e-09,2.37954e-17,0.483408
1,11223043000000,269565,0.117341,0.085,8.52218,11.7647,1000000000.0,0.8,7.52941e-09,8.85813e-17,0.816827
1,11223044000000,270565,0.118825,0.519,8.41571,1.92678,1000000000.0,0.8,1.23314e-09,2.37599e-18,0.836434
1,11223045000000,271565,0.118992,0.164,8.40394,6.09756,1000000000.0,0.8,3.90244e-09,2.37954e-17,0.658361
1,11223046000000,272565,0.119491,0.255,8.36885,3.92157,1000000000.0,0.8,2.5098e-09,9.84237e-18,0.814183
1,11223047000000,273565,0.12033,0.349,8.3105,2.86533,1000000000.0,0.8,1.83381e-09,5.254470000000001e-18,0.926139
1,11223048000000,274565,0.120489,0.164,8.29953,6.09756,1000000000.0,0.8,3.90244e-09,2.37954e-17,0.269533
1,11223049000000,275565,0.121496,0.398,8.23073,2.51256,1000000000.0,0.8,1.60804e-09,4.0403e-18,0.90822
1,11223050000000,276565,0.121801,0.206,8.21009,4.85437,1000000000.0,0.8,3.1068e-09,1.50815e-17,0.959855
1,11223051000000,277565,0.121953,0.164,8.19985,6.09756,1000000000.0,0.8,3.90244e-09,2.37954e-17,0.270407
1,11223052000000,278565,0.123436,0.535,8.10135,1.86916,1000000000.0,0.8,1.19626e-09,2.236e-18,0.872458
1,11223053000000,279565,0.123241,0.069,8.11415,14.4928,1000000000.0,0.8,9.27536e-09,1.34426e-16,0.911238
1,11223054000000,280565,0.123387,0.164,8.1046,6.09756,1000000000.0,0.8,3.90244e-09,2.37954e-17,0.339098
1,11223055000000,281565,0.125094,0.604,7.99401,1.65563,1000000000.0,0.8,1.0596e-09,1.75431e-18,0.868201
1,11223056000000,282565,0.125171,0.147,7.98906,6.80272,1000000000.0,0.8,4.35374e-09,2.96173e-17,0.346546
1,11223057000000,283565,0.124829,0.028,8.01099,35.7143,1000000000.0,0.8,2.28571e-08,8.16327e-16,1.24162
1,11223058000000,284565,0.126783,0.681,7.88749,1.46843,1000000000.0,0.8,9.39794e-10,1.38002e-18,1.48295
1,11223059000000,285565,0.127362,0.292,7.85166,3.42466,1000000000.0,0.8,2.19178e-09,7.5061e-18,0.417961
1,11223060000000,286565,0.127318,0.115,7.85432,8.69565,1000000000.0,0.8,5.56522e-09,4.83932e-17,0.521621
1,11223061000000,287565,0.128308,0.412,7.79372,2.42718,1000000000.0,0.8,1.5534e-09,3.77038e-18,0.243414
1,11223062000000,288565,0.128546,0.197,7.77929,5.07614,1000000000.0,0.8,3.24873e-09,1.6491e-17,0.313809
1,11223063000000,289565,0.128614,0.148,7.77523,6.75676,1000000000.0,0.8,4.32432e-09,2.92184e-17,0.542058
1,11223064000000,290565,0.130322,0.625,7.6733,1.6,1000000000.0,0.8,1.024e-09,1.6384e-18,0.325595
1,11223065000000,291565,0.130276,0.117,7.676,8.54701,1000000000.0,0.8,5.47009e-09,4.67529e-17,0.40542
1,11223066000000,292565,0.130385,0.162,7.66961,6.17284,1000000000.0,0.8,3.95062e-09,2.43865e-17,0.354211
1,11223067000000,293565,0.131589,0.484,7.5994,2.06612,1000000000.0,0.8,1.32231e-09,2.7320500000000004e-18,1.15573
1,11223068000000,294565,0.131645,0.148,7.59619,6.75676,1000000000.0,0.8,4.32432e-09,2.92184e-17,0.482801
1,11223069000000,295565,0.132472,0.376,7.54878,2.65957,1000000000.0,0.8,1.70213e-09,4.526940000000001e-18,0.312625
1,11223070000000,296565,0.132875,0.252,7.52588,3.96825,1000000000.0,0.8,2.53968e-09,1.00781e-17,0.865111
1,11223071000000,297565,0.132811,0.114,7.52948,8.77193,1000000000.0,0.8,5.61404e-09,4.92459e-17,0.271566
1,11223072000000,298565,0.134446,0.621,7.43791,1.61031,1000000000.0,0.8,1.0306e-09,1.6595700000000002e-18,0.29559
1,11223073000000,299565,0.134455,0.137,7.43743,7.29927,1000000000.0,0.8,4.67153e-09,3.40988e-17,0.735518
1,11223074000000,300565,0.134297,0.087,7.44618,11.4943,1000000000.0,0.8,7.35632e-09,8.45554e-17,0.570244
1,11223075000000,301565,0.135765,0.577,7.36566,1.7331,1000000000.0,0.8,1.10919e-09,1.92233e-18,0.63628
1,11223076000000,302565,0.135693,0.114,7.36957,8.77193,1000000000.0,0.8,5.61404e-09,4.92459e-17,0.54531
1,11223077000000,303565,0.136379,0.344,7.33249,2.90698,1000000000.0,0.8,1.86047e-09,5.408330000000001e-18,0.17931
1,11223078000000,304565,0.136923,0.302,7.30337,3.31126,1000000000.0,0.8,2.11921e-09,7.01724e-18,0.891101
1,11223079000000,305565,0.136959,0.148,7.30143,6.75676,1000000000.0,0.8,4.32432e-09,2.92184e-17,0.526664
1,11223080000000,306565,0.138333,0.558,7.22894,1.79211,1000000000.0,0.8,1.14695e-09,2.0554700000000004e-18,0.279421
1,11223081000000,307565,0.13827,0.119,7.23223,8.40336,1000000000.0,0.8,5.37815e-09,4.51945e-17,0.911788
1,11223082000000,308565,0.138071,0.077,7.24263,12.987,1000000000.0,0.8,8.31169e-09,1.07944e-16,0.357917
1,11223083000000,309565,0.139673,0.634,7.15956,1.57729,1000000000.0,0.8,1.00946e-09,1.5922100000000002e-18,0.368992
1,11223084000000,310565,0.1397,0.148,7.15818,6.75676,1000000000.0,0.8,4.32432e-09,2.92184e-17,0.385468
1,11223085000000,311565,0.140115,0.269,7.13698,3.71747,1000000000.0,0.8,2.37918e-09,8.844540000000001e-18,0.296145
1,11223086000000,312565,0.140816,0.359,7.10149,2.78552,1000000000.0,0.8,1.78273e-09,4.9658200000000004e-18,0.901041
1,11223087000000,313565,0.14073,0.114,7.10581,8.77193,1000000000.0,0.8,5.61404e-09,4.92459e-17,0.29934
1,11223088000000,314565,0.141955,0.526,7.0445,1.90114,1000000000.0,0.8,1.21673e-09,2.31317e-18,0.168372
1,11223089000000,315565,0.141885,0.12,7.04795,8.33333,1000000000.0,0.8,5.33333e-09,4.44444e-17,0.923899
1,11223090000000,316565,0.141905,0.148,7.04699,6.75676,1000000000.0,0.8,4.32432e-09,2.92184e-17,0.242524
1,11223091000000,317565,0.143435,0.628,6.97179,1.59236,1000000000.0,0.8,1.01911e-09,1.62278e-18,0.295105
1,11223092000000,318565,0.143343,0.114,6.97628,8.77193,1000000000.0,0.8,5.61404e-09,4.92459e-17,0.394767
1,11223093000000,319565,0.143648,0.241,6.96144,4.14938,1000000000.0,0.8,2.6556e-09,1.10191e-17,0.222018
1,11223094000000,320565,0.144464,0.405,6.92216,2.46914,1000000000.0,0.8,1.58025e-09,3.90184e-18,0.761608
1,11223095000000,321565,0.144475,0.148,6.92163,6.75676,1000000000.0,0.8,4.32432e-09,2.92184e-17,0.477951
1,11223096000000,322565,0.145431,0.453,6.87611,2.20751,1000000000.0,0.8,1.4128e-09,3.1187700000000003e-18,0.264408
1,11223097000000,323565,0.145523,0.175,6.87179,5.71429,1000000000.0,0.8,3.65714e-09,2.0898e-17,0.922257
1,11223098000000,324565,0.145425,0.114,6.87638,8.77193,1000000000.0,0.8,5.61404e-09,4.92459e-17,0.280911
1,11223099000000,325565,0.146963,0.646,6.80444,1.54799,1000000000.0,0.8,9.90712e-10,1.5336100000000002e-18,0.212702
1,11223100000000,326565,0.146966,0.148,6.80429,6.75676,1000000000.0,0.8,4.32432e-09,2.92184e-17,0.600413
1,11223101000000,327565,0.146982,0.152,6.80358,6.57895,1000000000.0,0.8,4.21053e-09,2.77008e-17,0.386538
1,11223102000000,328565,0.147983,0.476,6.75754,2.10084,1000000000.0,0.8,1.34454e-09,2.8246600000000003e-18,1.02323
1,11223103000000,329565,0.14788,0.114,6.76225,8.77193,1000000000.0,0.8,5.61404e-09,4.92459e-17,0.277899
1,11223104000000,330565,0.148703,0.42,6.72481,2.38095,1000000000.0,0.8,1.52381e-09,3.62812e-18,0.17017
1,11223105000000,331565,0.148936,0.226,6.71429,4.42478,1000000000.0,0.8,2.83186e-09,1.25303e-17,0.737498
1,11223106000000,332565,0.148933,0.148,6.71442,6.75676,1000000000.0,0.8,4.32432e-09,2.92184e-17,0.619666
1,11223107000000,333565,0.150322,0.612,6.65241,1.63399,1000000000.0,0.8,1.04575e-09,1.7087400000000001e-18,0.272058
1,11223108000000,334565,0.150258,0.129,6.65523,7.75194,1000000000.0,0.8,4.96124e-09,3.84592e-17,0.539137
1,11223109000000,335565,0.150171,0.121,6.65909,8.26446,1000000000.0,0.8,5.28926e-09,4.37129e-17,0.3603
1,11223110000000,336436,0.151393,0.622273,6.60533,1.60701,1000000000.0,0.8,1.02849e-09,1.65279e-18,1.15671
1,11223111000000,336436,0.151393,,6.60533,0.0,1000000000.0,0.8,0.0,0.0,0.0
1,11223112000000,336436,0.151393,,6.60533,0.0,1000000000.0,0.8,0.0,0.0,0.0
1,11223113000000,336436,0.151393,,6.60533,0.0,1000000000.0,0.8,0.0,0.0,0.0
1,11223114000000,336436,0.151393,,6.60533,0.0,1000000000.0,0.8,0.0,0.0,0.0
1,11223115000000,336436,0.151393,,6.60533,0.0,1000000000.0,0.8,0.0,0.0,0.0
2,10205500000000,15545,0.0742361,0.0742361,13.4705,13.4705,4000000000.0,1.0,3.36763e-09,1.1341e-17,0.0
2,10205501000000,19545,0.0919417,0.16075,10.8765,6.22084,4000000000.0,1.0,1.55521e-09,2.4186800000000002e-18,4.0
2,10205502000000,21545,0.0834068,0.0,11.9894,0.0,2000000000.0,0.9,0.0,0.0,0.643
2,11206193000000,40088,0.0662542,0.0463248,15.0934,21.5867,4000000000.0,1.0,5.39668e-09,2.91242e-17,0.383477
2,11206194000000,42088,0.0631059,0.0,15.8464,0.0,2000000000.0,0.9,0.0,0.0,0.95184
2,11206195000000,43027,0.0617752,0.00212993,16.1877,469.5,1000000000.0,0.8,3.0048e-07,1.41075e-13,0.116451
2,11222906000000,45107,0.0594586,0.0115385,16.8184,86.6667,1000000000.0,0.8,5.54667e-08,4.80711e-15,0.0
2,11222907000000,49107,0.0564074,0.022,17.7282,45.4545,4000000000.0,1.0,1.13636e-08,1.29132e-16,4.0
2,11222908000000,53107,0.0526673,0.00675,18.9871,148.148,4000000000.0,1.0,3.7037e-08,1.37174e-15,4.0
2,11222909000000,57107,0.0518675,0.04125,19.2799,24.2424,4000000000.0,1.0,6.06061e-09,3.67309e-17,3.22102
2,11222910000000,59107,0.0505186,0.012,19.7947,83.3333,2000000000.0,0.9,3.375e-08,1.40625e-15,1.30061
2,11222911000000,60107,0.0524731,0.168,19.0574,5.95238,1000000000.0,0.8,3.80952e-09,2.26757e-17,0.894417
2,11222912000000,62107,0.0511698,0.012,19.5428,83.3333,2000000000.0,0.9,3.375e-08,1.40625e-15,1.11686
2,11222913000000,63107,0.0521337,0.112,19.1815,8.92857,1000000000.0,0.8,5.71429e-09,5.10204e-17,0.87648
2,11222914000000,67107,0.0498607,0.014,20.0559,71.4286,4000000000.0,1.0,1.78571e-08,3.18878e-16,2.51815
2,11222915000000,69107,0.048765,0.012,20.5065,83.3333,2000000000.0,0.9,3.375e-08,1.40625e-15,1.45718
2,11222916000000,71107,0.049756,0.084,20.0981,11.9048,2000000000.0,0.9,4.82143e-09,2.8699e-17,0.888751
2,11222917000000,75107,0.0474257,0.006,21.0856,166.667,4000000000.0,1.0,4.16667e-08,1.73611e-15,1.45765
2,11222918000000,77107,0.0483743,0.084,20.6721,11.9048,2000000000.0,0.9,4.82143e-09,2.8699e-17,0.947731
2,11222919000000,81107,0.0462845,0.006,21.6055,166.667,4000000000.0,1.0,4.16667e-08,1.73611e-15,1.45883
2,11222920000000,83107,0.0471922,0.084,21.19,11.9048,2000000000.0,0.9,4.82143e-09,2.8699e-17,0.947725
2,11222921000000,87107,0.0450251,0.0,22.2098,0.0,4000000000.0,1.0,0.0,0.0,1.45883
2,11222922000000,88107,0.0449227,0.036,22.2605,27.7778,1000000000.0,0.8,1.77778e-08,4.93827e-16,0.0402553
2,11222923000000,90107,0.0456568,0.078,21.9025,12.8205,2000000000.0,0.9,5.19231e-09,3.3284e-17,1.05409
2,11222924000000,94107,0.0438437,0.003,22.8083,333.333,4000000000.0,1.0,8.33333e-08,6.94444e-15,1.4363
2,11222925000000,95107,0.0452753,0.18,22.0871,5.55556,1000000000.0,0.8,3.55556e-09,1.97531e-17,0.495936
2,11222926000000,99107,0.0435691,0.003,22.9521,333.333,4000000000.0,1.0,8.33333e-08,6.94444e-15,1.11906
2,11222927000000,100107,0.0449319,0.18,22.2559,5.55556,1000000000.0,0.8,3.55556e-09,1.97531e-17,0.485108
2,11222928000000,104107,0.0433208,0.003,23.0836,333.333,4000000000.0,1.0,8.33333e-08,6.94444e-15,1.11906
2,11222929000000,105107,0.0431275,0.023,23.1871,43.4783,1000000000.0,0.8,2.78261e-08,1.20983e-15,0.485108
2,11222930000000,107107,0.043788,0.0785,22.8373,12.7389,2000000000.0,0.9,5.15924e-09,3.28614e-17,1.45372
2,11222931000000,109107,0.0432053,0.012,23.1453,83.3333,2000000000.0,0.9,3.375e-08,1.40625e-15,1.24083e-05
2,11222932000000,111107,0.0439396,0.084,22.7585,11.9048,2000000000.0,0.9,4.82143e-09,2.8699e-17,0.885734
2,11222933000000,115107,0.0426212,0.006,23.4625,166.667,4000000000.0,1.0,4.16667e-08,1.73611e-15,1.45765
2,11222934000000,117107,0.0433279,0.084,23.0798,11.9048,2000000000.0,0.9,4.82143e-09,2.8699e-17,0.947731
2,11222935000000,121107,0.042095,0.006,23.7558,166.667,4000000000.0,1.0,4.16667e-08,1.73611e-15,1.45883
2,11222936000000,123107,0.0424834,0.066,23.5386,15.1515,2000000000.0,0.9,6.13636e-09,4.64876e-17,0.947725
2,11222937000000,127107,0.0414297,0.009,24.1373,111.111,4000000000.0,1.0,2.77778e-08,7.71605e-16,1.50646
2,11222938000000,131107,0.0403487,0.006,24.7839,166.667,4000000000.0,1.0,4.16667e-08,1.73611e-15,1.68402
2,11222939000000,133107,0.0410046,0.084,24.3875,11.9048,2000000000.0,0.9,4.82143e-09,2.8699e-17,0.954304
2,11222940000000,137107,0.0399834,0.006,25.0104,166.667,4000000000.0,1.0,4.16667e-08,1.73611e-15,1.45883
2,11222941000000,139107,0.0406162,0.084,24.6207,11.9048,2000000000.0,0.9,4.82143e-09,2.8699e-17,0.947725
2,11222942000000,143107,0.0396487,0.006,25.2215,166.667,4000000000.0,1.0,4.16667e-08,1.73611e-15,1.45883
2,11222943000000,145107,0.0398258,0.0525,25.1094,19.0476,2000000000.0,0.9,7.71429e-09,7.34694e-17,0.948348
2,11222944000000,149107,0.0391799,0.01575,25.5233,63.4921,4000000000.0,1.0,1.5873e-08,2.51953e-16,1.47995
2,11222945000000,153107,0.0383131,0.006,26.1008,166.667,4000000000.0,1.0,4.16667e-08,1.73611e-15,1.47787
2,11222946000000,154107,0.0391546,0.168,25.5398,5.95238,1000000000.0,0.8,3.80952e-09,2.26757e-17,0.927055
2,11222947000000,158107,0.0382399,0.003,26.1507,333.333,4000000000.0,1.0,8.33333e-08,6.94444e-15,1.10256
2,11222948000000,159107,0.0391309,0.18,25.5553,5.55556,1000000000.0,0.8,3.55556e-09,1.97531e-17,0.485108
2,11222949000000,163107,0.0382448,0.003,26.1473,333.333,4000000000.0,1.0,8.33333e-08,6.94444e-15,1.11906
2,11222950000000,164107,0.0391086,0.18,25.5698,5.55556,1000000000.0,0.8,3.55556e-09,1.97531e-17,0.485108
2,11222951000000,168107,0.0381781,0.0,26.1931,0.0,4000000000.0,1.0,0.0,0.0,1.11906
2,11222952000000,169107,0.0380233,0.012,26.2997,83.3333,1000000000.0,0.8,5.33333e-08,4.44444e-15,0.0300264
2,11222953000000,173107,0.0392936,0.093,25.4494,10.7527,4000000000.0,1.0,2.68817e-09,7.22627e-18,3.19374
2,11222954000000,175107,0.0394787,0.0555,25.3301,18.018,2000000000.0,0.9,7.2973e-09,6.57414e-17,4.63959
2,11222955000000,177107,0.0415342,0.2215,24.0765,4.51467,2000000000.0,0.9,1.82844e-09,4.1274100000000006e-18,2.97706
2,11222956000000,178107,0.042278,0.174,23.653,5.74713,1000000000.0,0.8,3.67816e-09,2.11389e-17,1.83043
2,11222957000000,179107,0.0429241,0.158,23.297,6.32911,1000000000.0,0.8,4.05063e-09,2.56369e-17,0.325414
2,11222958000000,180107,0.0460726,0.61,21.7049,1.63934,1000000000.0,0.8,1.04918e-09,1.7199700000000001e-18,0.488867
2,11222959000000,181107,0.0466133,0.144,21.4531,6.94444,1000000000.0,0.8,4.44444e-09,3.08642e-17,0.512168
2,11222960000000,182107,0.0473568,0.182,21.1163,5.49451,1000000000.0,0.8,3.51648e-09,1.93213e-17,0.261408
2,11222961000000,183107,0.0495339,0.446,20.1882,2.24215,1000000000.0,0.8,1.43498e-09,3.2174400000000004e-18,1.06126
2,11222962000000,184107,0.049884,0.114,20.0465,8.77193,1000000000.0,0.8,5.61404e-09,4.92459e-17,0.568602
2,11222963000000,185107,0.0519916,0.44,19.2339,2.27273,1000000000.0,0.8,1.45455e-09,3.3057900000000004e-18,0.155166
2,11222964000000,186107,0.0528191,0.206,18.9326,4.85437,1000000000.0,0.8,3.1068e-09,1.50815e-17,0.719109
2,11222965000000,187107,0.0533278,0.148,18.752,6.75676,1000000000.0,0.8,4.32432e-09,2.92184e-17,0.33438
2,11222966000000,188107,0.0563509,0.622,17.7459,1.60772,1000000000.0,0.8,1.02894e-09,1.6542400000000001e-18,0.243526
2,11222967000000,189107,0.0566875,0.12,17.6406,8.33333,1000000000.0,0.8,5.33333e-09,4.44444e-17,0.42356
2,11222968000000,190107,0.0571836,0.151,17.4875,6.62252,1000000000.0,0.8,4.23841e-09,2.80689e-17,0.389102
2,11222969000000,191107,0.0594745,0.495,16.8139,2.0202,1000000000.0,0.8,1.29293e-09,2.61198e-18,1.17626
2,11222970000000,192107,0.0599353,0.148,16.6846,6.75676,1000000000.0,0.8,4.32432e-09,2.92184e-17,0.65118
2,11222971000000,193107,0.0615255,0.367,16.2534,2.7248,1000000000.0,0.8,1.74387e-09,4.75169e-18,0.277215
2,11222972000000,194107,0.0625531,0.261,15.9864,3.83142,1000000000.0,0.8,2.45211e-09,9.395050000000001e-18,0.904463
2,11222973000000,195107,0.0628168,0.114,15.9193,8.77193,1000000000.0,0.8,5.61404e-09,4.92459e-17,0.528688
2,11222974000000,196107,0.0656376,0.616,15.2352,1.62338,1000000000.0,0.8,1.03896e-09,1.6866300000000001e-18,0.172566
2,11222975000000,197107,0.0659642,0.13,15.1597,7.69231,1000000000.0,0.8,4.92308e-09,3.78698e-17,0.695054
2,11222976000000,198107,0.0660905,0.091,15.1308,10.989,1000000000.0,0.8,7.03297e-09,7.72854e-17,0.539611
2,11222977000000,199107,0.0686967,0.585,14.5567,1.7094,1000000000.0,0.8,1.09402e-09,1.8701100000000003e-18,0.717702
2,11222978000000,200107,0.0689231,0.114,14.5089,8.77193,1000000000.0,0.8,5.61404e-09,4.92459e-17,0.607985
2,11222979000000,201107,0.0702462,0.335,14.2356,2.98507,1000000000.0,0.8,1.91045e-09,5.70283e-18,0.175848
2,11222980000000,202107,0.0714374,0.311,13.9983,3.21543,1000000000.0,0.8,2.05788e-09,6.61697e-18,0.967454
2,11222981000000,203107,0.0718144,0.148,13.9248,6.75676,1000000000.0,0.8,4.32432e-09,2.92184e-17,0.565239
2,11222982000000,204107,0.0741572,0.55,13.4849,1.81818,1000000000.0,0.8,1.16364e-09,2.1157e-18,0.251629
2,11222983000000,205107,0.0743466,0.113,13.4505,8.84956,1000000000.0,0.8,5.66372e-09,5.01214e-17,0.814824
2,11222984000000,206107,0.0743837,0.082,13.4438,12.1951,1000000000.0,0.8,7.80488e-09,9.51814e-17,0.542385
2,11222985000000,207107,0.0771292,0.643,12.9653,1.55521,1000000000.0,0.8,9.95334e-10,1.5479500000000001e-18,0.572934
2,11222986000000,208107,0.0774698,0.148,12.9083,6.75676,1000000000.0,0.8,4.32432e-09,2.92184e-17,0.639239
2,11222987000000,209107,0.0783474,0.261,12.7637,3.83142,1000000000.0,0.8,2.45211e-09,9.395050000000001e-18,0.348095
2,11222988000000,210107,0.0797213,0.367,12.5437,2.7248,1000000000.0,0.8,1.74387e-09,4.75169e-18,0.943927
2,11222989000000,211107,0.0798837,0.114,12.5182,8.77193,1000000000.0,0.8,5.61404e-09,4.92459e-17,0.429828
2,11222990000000,212107,0.0819398,0.516,12.2041,1.93798,1000000000.0,0.8,1.24031e-09,2.4037e-18,0.180109
2,11222991000000,213107,0.0821653,0.13,12.1706,7.69231,1000000000.0,0.8,4.92308e-09,3.78698e-17,0.837705
2,11222992000000,214107,0.0824728,0.148,12.1252,6.75676,1000000000.0,0.8,4.32432e-09,2.92184e-17,0.592414
2,11222993000000,215107,0.0850089,0.628,11.7635,1.59236,1000000000.0,0.8,1.01911e-09,1.62278e-18,0.27336
2,11222994000000,216107,0.085143,0.114,11.7449,8.77193,1000000000.0,0.8,5.61404e-09,4.92459e-17,0.450747
2,11222995000000,217107,0.0858148,0.231,11.653,4.329,1000000000.0,0.8,2.77056e-09,1.19938e-17,0.239404
2,11222996000000,218107,0.0873241,0.415,11.4516,2.40964,1000000000.0,0.8,1.54217e-09,3.7160700000000006e-18,0.78201
2,11222997000000,219107,0.087601,0.148,11.4154,6.75676,1000000000.0,0.8,4.32432e-09,2.92184e-17,0.392103
2,11222998000000,220107,0.0892157,0.443,11.2088,2.25734,1000000000.0,0.8,1.4447e-09,3.2611600000000003e-18,0.283931
2,11222999000000,222107,0.0892273,0.0905,11.2073,11.0497,2000000000.0,0.9,4.47514e-09,2.47245e-17,0.806972
2,11223000000000,223107,0.0893562,0.118,11.1912,8.47458,1000000000.0,0.8,5.42373e-09,4.59638e-17,0.535806
2,11223001000000,224107,0.0918401,0.646,10.8885,1.54799,1000000000.0,0.8,9.90712e-10,1.5336100000000002e-18,0.160278
2,11223002000000,226107,0.0914346,0.046,10.9368,21.7391,2000000000.0,0.9,8.80435e-09,9.56994e-17,0.651529
2,11223003000000,228107,0.0922681,0.1865,10.838,5.36193,2000000000.0,0.9,2.17158e-09,5.82194e-18,0.288346
2,11223004000000,229107,0.0941874,0.532,10.6171,1.8797,1000000000.0,0.8,1.20301e-09,2.2612900000000003e-18,1.08443
2,11223005000000,231107,0.0940257,0.0755,10.6354,13.245,2000000000.0,0.9,5.36424e-09,3.55248e-17,15.2546
2,11223006000000,232107,0.0941161,0.115,10.6252,8.69565,1000000000.0,0.8,5.56522e-09,4.83932e-17,0.420619
2,11223007000000,233107,0.0963249,0.609,10.3815,1.64204,1000000000.0,0.8,1.0509e-09,1.7256200000000001e-18,0.0960808
2,11223008000000,234107,0.0963961,0.113,10.3739,8.84956,1000000000.0,0.8,5.66372e-09,5.01214e-17,0.566316
2,11223009000000,235107,0.0960967,0.026,10.4062,38.4615,1000000000.0,0.8,2.46154e-08,9.46746e-16,0.52431
2,11223010000000,236107,0.0983537,0.629,10.1674,1.58983,1000000000.0,0.8,1.01749e-09,1.6176300000000002e-18,0.860572
2,11223011000000,237107,0.0984534,0.122,10.1571,8.19672,1000000000.0,0.8,5.2459e-09,4.29992e-17,0.279943
2,11223012000000,238107,0.0985985,0.133,10.1421,7.5188,1000000000.0,0.8,4.81203e-09,3.61807e-17,0.197246
2,11223013000000,239107,0.100332,0.513,9.96694,1.94932,1000000000.0,0.8,1.24756e-09,2.4319e-18,1.11922
2,11223014000000,240107,0.100597,0.164,9.94067,6.09756,1000000000.0,0.8,3.90244e-09,2.37954e-17,0.675768
2,11223015000000,241107,0.101208,0.248,9.88062,4.03226,1000000000.0,0.8,2.58065e-09,1.04058e-17,0.875237
2,11223016000000,242107,0.102261,0.356,9.77894,2.80899,1000000000.0,0.8,1.79775e-09,5.0498700000000004e-18,0.886869
2,11223017000000,243107,0.102515,0.164,9.75471,6.09756,1000000000.0,0.8,3.90244e-09,2.37954e-17,0.498584
2,11223018000000,244107,0.103692,0.39,9.64392,2.5641,1000000000.0,0.8,1.64103e-09,4.20776e-18,0.855941
2,11223019000000,245107,0.104142,0.214,9.60225,4.6729,1000000000.0,0.8,2.99065e-09,1.3975e-17,0.847595
2,11223020000000,246107,0.104385,0.164,9.57988,6.09756,1000000000.0,0.8,3.90244e-09,2.37954e-17,0.415373
2,11223021000000,247107,0.106084,0.524,9.42653,1.9084,1000000000.0,0.8,1.22137e-09,2.33087e-18,0.857821
2,11223022000000,248107,0.105978,0.08,9.43588,12.5,1000000000.0,0.8,8e-09,1e-16,0.73769
2,11223023000000,249107,0.106211,0.164,9.41519,6.09756,1000000000.0,0.8,3.90244e-09,2.37954e-17,0.755163
2,11223024000000,250107,0.108202,0.604,9.242,1.65563,1000000000.0,0.8,1.0596e-09,1.75431e-18,0.854501
2,11223025000000,251107,0.108312,0.136,9.23255,7.35294,1000000000.0,0.8,4.70588e-09,3.46021e-17,0.574874
2,11223026000000,252107,0.107994,0.028,9.25979,35.7143,1000000000.0,0.8,2.28571e-08,8.16327e-16,1.12016
2,11223027000000,253107,0.109953,0.604,9.09475,1.65563,1000000000.0,0.8,1.0596e-09,1.75431e-18,0.789527
2,11223028000000,254107,0.110166,0.164,9.0772,6.09756,1000000000.0,0.8,3.90244e-09,2.37954e-17,0.712014
2,11223029000000,255107,0.110444,0.181,9.05437,5.52486,1000000000.0,0.8,3.53591e-09,1.95354e-17,0.857577
2,11223030000000,256107,0.111664,0.423,8.95542,2.36407,1000000000.0,0.8,1.513e-09,3.5768400000000006e-18,1.23767
2,11223031000000,257107,0.111868,0.164,8.93912,6.09756,1000000000.0,0.8,3.90244e-09,2.37954e-17,0.560283
2,11223032000000,258107,0.112682,0.322,8.87454,3.10559,1000000000.0,0.8,1.98758e-09,6.1726e-18,0.855152
2,11223033000000,259107,0.113335,0.282,8.82337,3.5461,1000000000.0,0.8,2.2695e-09,8.04788e-18,0.978196
2,11223034000000,260107,0.11353,0.164,8.80823,6.09756,1000000000.0,0.8,3.90244e-09,2.37954e-17,0.550792
2,11223035000000,261107,0.114846,0.457,8.70734,2.18818,1000000000.0,0.8,1.40044e-09,3.06441e-18,0.853941
2,11223036000000,262107,0.114968,0.147,8.69805,6.80272,1000000000.0,0.8,4.35374e-09,2.96173e-17,0.847479
2,11223037000000,263107,0.115155,0.164,8.68397,6.09756,1000000000.0,0.8,3.90244e-09,2.37954e-17,0.68444
2,11223038000000,264107,0.116934,0.585,8.55186,1.7094,1000000000.0,0.8,1.09402e-09,1.8701100000000003e-18,0.85348
2,11223039000000,265107,0.116738,0.065,8.56621,15.3846,1000000000.0,0.8,9.84615e-09,1.51479e-16,0.814339
2,11223040000000,266107,0.116743,0.118,8.56586,8.47458,1000000000.0,0.8,5.42373e-09,4.59638e-17,0.262749
2,11223041000000,267107,0.118567,0.604,8.43407,1.65563,1000000000.0,0.8,1.0596e-09,1.75431e-18,0.703944
2,11223042000000,268107,0.118736,0.164,8.42203,6.09756,1000000000.0,0.8,3.90244e-09,2.37954e-17,0.483502
2,11223043000000,269107,0.118611,0.085,8.43093,11.7647,1000000000.0,0.8,7.52941e-09,8.85813e-17,0.854256
2,11223044000000,270107,0.120093,0.519,8.32687,1.92678,1000000000.0,0.8,1.23314e-09,2.37599e-18,0.836479
2,11223045000000,271107,0.120255,0.164,8.31566,6.09756,1000000000.0,0.8,3.90244e-09,2.37954e-17,0.681652
2,11223046000000,272107,0.12075,0.255,8.28155,3.92157,1000000000.0,0.8,2.5098e-09,9.84237e-18,0.853621
2,11223047000000,273107,0.121586,0.349,8.22463,2.86533,1000000000.0,0.8,1.83381e-09,5.254470000000001e-18,0.926207
2,11223048000000,274107,0.121741,0.164,8.21417,6.09756,1000000000.0,0.8,3.90244e-09,2.37954e-17,0.269474
2,11223049000000,275107,0.122745,0.398,8.14697,2.51256,1000000000.0,0.8,1.60804e-09,4.0403e-18,0.8762
2,11223050000000,276107,0.123047,0.206,8.12701,4.85437,1000000000.0,0.8,3.1068e-09,1.50815e-17,0.96004
2,11223051000000,277107,0.123194,0.164,8.11726,6.09756,1000000000.0,0.8,3.90244e-09,2.37954e-17,0.270464
2,11223052000000,278107,0.124675,0.535,8.02085,1.86916,1000000000.0,0.8,1.19626e-09,2.236e-18,0.867613
2,11223053000000,279107,0.124476,0.069,8.03371,14.4928,1000000000.0,0.8,9.27536e-09,1.34426e-16,0.911434
2,11223054000000,280107,0.124617,0.164,8.02461,6.09756,1000000000.0,0.8,3.90244e-09,2.37954e-17,0.344789
2,11223055000000,281107,0.126322,0.604,7.91628,1.65563,1000000000.0,0.8,1.0596e-09,1.75431e-18,0.866591
2,11223056000000,282107,0.126395,0.147,7.91169,6.80272,1000000000.0,0.8,4.35374e-09,2.96173e-17,0.34675
2,11223057000000,283107,0.126048,0.028,7.9335,35.7143,1000000000.0,0.8,2.28571e-08,8.16327e-16,1.23271
2,11223058000000,284107,0.128001,0.681,7.81243,1.46843,1000000000.0,0.8,9.39794e-10,1.38002e-18,1.4832
2,11223059000000,285107,0.128576,0.292,7.77748,3.42466,1000000000.0,0.8,2.19178e-09,7.5061e-18,0.417961
2,11223060000000,286107,0.128529,0.115,7.78036,8.69565,1000000000.0,0.8,5.56522e-09,4.83932e-17,0.521621
2,11223061000000,287107,0.129516,0.412,7.72104,2.42718,1000000000.0,0.8,1.5534e-09,3.77038e-18,0.242244
2,11223062000000,288107,0.12975,0.197,7.70711,5.07614,1000000000.0,0.8,3.24873e-09,1.6491e-17,0.442698
2,11223063000000,289107,0.129814,0.148,7.70336,6.75676,1000000000.0,0.8,4.32432e-09,2.92184e-17,0.541585
2,11223064000000,290107,0.13152,0.625,7.60338,1.6,1000000000.0,0.8,1.024e-09,1.6384e-18,0.295164
2,11223065000000,291107,0.131471,0.117,7.60627,8.54701,1000000000.0,0.8,5.47009e-09,4.67529e-17,0.413943
2,11223066000000,292107,0.131575,0.162,7.60022,6.17284,1000000000.0,0.8,3.95062e-09,2.43865e-17,0.344738
2,11223067000000,293107,0.132777,0.484,7.5314,2.06612,1000000000.0,0.8,1.32231e-09,2.7320500000000004e-18,1.19898
2,11223068000000,294107,0.132829,0.148,7.52846,6.75676,1000000000.0,0.8,4.32432e-09,2.92184e-17,0.563581
2,11223069000000,295107,0.133653,0.376,7.48205,2.65957,1000000000.0,0.8,1.70213e-09,4.526940000000001e-18,0.291938
2,11223070000000,296107,0.134053,0.252,7.45974,3.96825,1000000000.0,0.8,2.53968e-09,1.00781e-17,0.865734
2,11223071000000,297107,0.133985,0.114,7.4635,8.77193,1000000000.0,0.8,5.61404e-09,4.92459e-17,0.286794
2,11223072000000,298107,0.135619,0.621,7.37359,1.61031,1000000000.0,0.8,1.0306e-09,1.6595700000000002e-18,0.217898
2,11223073000000,299107,0.135624,0.137,7.37334,7.29927,1000000000.0,0.8,4.67153e-09,3.40988e-17,0.742712
2,11223074000000,300107,0.135462,0.087,7.38216,11.4943,1000000000.0,0.8,7.35632e-09,8.45554e-17,0.569678
2,11223075000000,301107,0.136928,0.577,7.3031,1.7331,1000000000.0,0.8,1.10919e-09,1.92233e-18,0.649106
2,11223076000000,302107,0.136852,0.114,7.30715,8.77193,1000000000.0,0.8,5.61404e-09,4.92459e-17,0.579072
2,11223077000000,303107,0.137536,0.344,7.27085,2.90698,1000000000.0,0.8,1.86047e-09,5.408330000000001e-18,0.170179
2,11223078000000,304107,0.138076,0.302,7.24237,3.31126,1000000000.0,0.8,2.11921e-09,7.01724e-18,0.898358
2,11223079000000,305107,0.138109,0.148,7.24066,6.75676,1000000000.0,0.8,4.32432e-09,2.92184e-17,0.563121
2,11223080000000,306107,0.139481,0.558,7.16945,1.79211,1000000000.0,0.8,1.14695e-09,2.0554700000000004e-18,0.274605
2,11223081000000,307107,0.139414,0.119,7.17288,8.40336,1000000000.0,0.8,5.37815e-09,4.51945e-17,0.912321
2,11223082000000,308107,0.139211,0.077,7.18332,12.987,1000000000.0,0.8,8.31169e-09,1.07944e-16,0.358514
2,11223083000000,309107,0.140812,0.634,7.10166,1.57729,1000000000.0,0.8,1.00946e-09,1.5922100000000002e-18,0.355372
2,11223084000000,310107,0.140835,0.148,7.10049,6.75676,1000000000.0,0.8,4.32432e-09,2.92184e-17,0.390373
2,11223085000000,311107,0.141247,0.269,7.07979,3.71747,1000000000.0,0.8,2.37918e-09,8.844540000000001e-18,0.303536
2,11223086000000,312107,0.141945,0.359,7.04499,2.78552,1000000000.0,0.8,1.78273e-09,4.9658200000000004e-18,0.900757
2,11223087000000,313107,0.141856,0.114,7.04942,8.77193,1000000000.0,0.8,5.61404e-09,4.92459e-17,0.304521
2,11223088000000,314107,0.143079,0.526,6.98916,1.90114,1000000000.0,0.8,1.21673e-09,2.31317e-18,0.160889
2,11223089000000,315107,0.143005,0.12,6.99274,8.33333,1000000000.0,0.8,5.33333e-09,4.44444e-17,0.93137
2,11223090000000,316107,0.143021,0.148,6.99197,6.75676,1000000000.0,0.8,4.32432e-09,2.92184e-17,0.241834
2,11223091000000,317107,0.144551,0.628,6.91799,1.59236,1000000000.0,0.8,1.01911e-09,1.62278e-18,0.255718
2,11223092000000,318107,0.144455,0.114,6.92259,8.77193,1000000000.0,0.8,5.61404e-09,4.92459e-17,0.399573
2,11223093000000,319107,0.144757,0.241,6.90812,4.14938,1000000000.0,0.8,2.6556e-09,1.10191e-17,0.212174
2,11223094000000,320107,0.14557,0.405,6.86954,2.46914,1000000000.0,0.8,1.58025e-09,3.90184e-18,0.75296
2,11223095000000,321107,0.145578,0.148,6.86919,6.75676,1000000000.0,0.8,4.32432e-09,2.92184e-17,0.472535
2,11223096000000,322107,0.146532,0.453,6.82445,2.20751,1000000000.0,0.8,1.4128e-09,3.1187700000000003e-18,0.267427
2,11223097000000,323107,0.14662,0.175,6.82034,5.71429,1000000000.0,0.8,3.65714e-09,2.0898e-17,0.922463
2,11223098000000,324107,0.14652,0.114,6.82503,8.77193,1000000000.0,0.8,5.61404e-09,4.92459e-17,0.280841
2,11223099000000,325107,0.148056,0.646,6.75421,1.54799,1000000000.0,0.8,9.90712e-10,1.5336100000000002e-18,0.218863
2,11223100000000,326107,0.148056,0.148,6.75421,6.75676,1000000000.0,0.8,4.32432e-09,2.92184e-17,0.646996
2,11223101000000,327107,0.148068,0.152,6.75366,6.57895,1000000000.0,0.8,4.21053e-09,2.77008e-17,0.397971
2,11223102000000,328107,0.149067,0.476,6.70838,2.10084,1000000000.0,0.8,1.34454e-09,2.8246600000000003e-18,1.02374
2,11223103000000,329107,0.148961,0.114,6.71318,8.77193,1000000000.0,0.8,5.61404e-09,4.92459e-17,0.284079
2,11223104000000,330107,0.149782,0.42,6.67638,2.38095,1000000000.0,0.8,1.52381e-09,3.62812e-18,0.160626
2,11223105000000,331107,0.150012,0.226,6.66614,4.42478,1000000000.0,0.8,2.83186e-09,1.25303e-17,0.733124
2,11223106000000,332107,0.150006,0.148,6.66641,6.75676,1000000000.0,0.8,4.32432e-09,2.92184e-17,0.619808
2,11223107000000,333107,0.151393,0.612,6.60533,1.63399,1000000000.0,0.8,1.04575e-09,1.7087400000000001e-18,0.257485
2,11223108000000,334107,0.151326,0.129,6.60826,7.75194,1000000000.0,0.8,4.96124e-09,3.84592e-17,0.539717
2,11223109000000,335107,0.151235,0.121,6.61221,8.26446,1000000000.0,0.8,5.28926e-09,4.37129e-17,0.351344
2,11223110000000,335978,0.152456,0.622273,6.55925,1.60701,1000000000.0,0.8,1.02849e-09,1.65279e-18,1.18201
2,11223111000000,335978,0.152456,,6.55925,0.0,1000000000.0,0.8,0.0,0.0,0.0
2,11223112000000,335978,0.152456,,6.55925,0.0,1000000000.0,0.8,0.0,0.0,0.0
2,11223113000000,335978,0.152456,,6.55925,0.0,1000000000.0,0.8,0.0,0.0,0.0
2,11223114000000,335978,0.152456,,6.55925,0.0,1000000000.0,0.8,0.0,0.0,0.0
2,11223115000000,335978,0.152456,,6.55925,0.0,1000000000.0,0.8,0.0,0.0,0.0
3,10205500000000,15545,0.0752654,0.0752654,13.2863,13.2863,4000000000.0,1.0,3.32158e-09,1.10329e-17,0.0
3,10205501000000,19545,0.0919417,0.15675,10.8765,6.37959,4000000000.0,1.0,1.5949e-09,2.54369e-18,4.0
3,10205502000000,21545,0.0834068,0.0,11.9894,0.0,2000000000.0,0.9,0.0,0.0,0.7501
3,11206193000000,39808,0.0715434,0.057548,13.9775,17.3768,4000000000.0,1.0,4.3442e-09,1.8872e-17,0.268434
3,11206194000000,41808,0.0681209,0.0,14.6798,0.0,2000000000.0,0.9,0.0,0.0,0.90107
3,11206195000000,42537,0.0670005,0.00274348,14.9253,364.5,1000000000.0,0.8,2.3328e-07,8.50306e-14,0.0570608
3,11222906000000,44617,0.0644149,0.0115385,15.5244,86.6667,1000000000.0,0.8,5.54667e-08,4.80711e-15,0.0
3,11222907000000,48617,0.0609252,0.022,16.4136,45.4545,4000000000.0,1.0,1.13636e-08,1.29132e-16,4.0
3,11222908000000,52617,0.0568067,0.00675,17.6035,148.148,4000000000.0,1.0,3.7037e-08,1.37174e-15,4.0
3,11222909000000,56617,0.0557076,0.04125,17.9509,24.2424,4000000000.0,1.0,6.06061e-09,3.67309e-17,3.19232
3,11222910000000,58617,0.0542164,0.012,18.4446,83.3333,2000000000.0,0.9,3.375e-08,1.40625e-15,1.46428
3,11222911000000,59617,0.0561249,0.168,17.8174,5.95238,1000000000.0,0.8,3.80952e-09,2.26757e-17,0.869433
3,11222912000000,61617,0.0546927,0.012,18.284,83.3333,2000000000.0,0.9,3.375e-08,1.40625e-15,1.12821
3,11222913000000,62617,0.0556079,0.112,17.9831,8.92857,1000000000.0,0.8,5.71429e-09,5.10204e-17,0.865126
3,11222914000000,66617,0.0531096,0.014,18.829,71.4286,4000000000.0,1.0,1.78571e-08,3.18878e-16,2.52566
3,11222915000000,68617,0.0519113,0.012,19.2636,83.3333,2000000000.0,0.9,3.375e-08,1.40625e-15,1.47942
3,11222916000000,70617,0.0528201,0.084,18.9322,11.9048,2000000000.0,0.9,4.82143e-09,2.8699e-17,0.868072
3,11222917000000,74617,0.0503103,0.006,19.8767,166.667,4000000000.0,1.0,4.16667e-08,1.73611e-15,1.4773
3,11222918000000,76617,0.0511897,0.084,19.5352,11.9048,2000000000.0,0.9,4.82143e-09,2.8699e-17,0.928996
3,11222919000000,80617,0.0489475,0.006,20.4301,166.667,4000000000.0,1.0,4.16667e-08,1.73611e-15,1.47759
3,11222920000000,82617,0.049796,0.084,20.0819,11.9048,2000000000.0,0.9,4.82143e-09,2.8699e-17,0.928995
3,11222921000000,86617,0.0474964,0.0,21.0542,0.0,4000000000.0,1.0,0.0,0.0,1.47759
3,11222922000000,87617,0.0473652,0.036,21.1125,27.7778,1000000000.0,0.8,1.77778e-08,4.93827e-16,0.0096653
3,11222923000000,89617,0.0480489,0.078,20.8121,12.8205,2000000000.0,0.9,5.19231e-09,3.3284e-17,1.05048
3,11222924000000,93617,0.0461241,0.003,21.6806,333.333,4000000000.0,1.0,8.33333e-08,6.94444e-15,1.46541
3,11222925000000,94617,0.047539,0.18,21.0353,5.55556,1000000000.0,0.8,3.55556e-09,1.97531e-17,0.469797
3,11222926000000,98617,0.0457325,0.003,21.8663,333.333,4000000000.0,1.0,8.33333e-08,6.94444e-15,1.13697
3,11222927000000,99617,0.0470803,0.18,21.2403,5.55556,1000000000.0,0.8,3.55556e-09,1.97531e-17,0.467198
3,11222928000000,103617,0.0453787,0.003,22.0368,333.333,4000000000.0,1.0,8.33333e-08,6.94444e-15,1.13697
3,11222929000000,104617,0.0451647,0.023,22.1412,43.4783,1000000000.0,0.8,2.78261e-08,1.20983e-15,0.467198
3,11222930000000,106617,0.0457901,0.0785,21.8388,12.7389,2000000000.0,0.9,5.15924e-09,3.28614e-17,1.45372
3,11222931000000,108617,0.0451679,0.012,22.1396,83.3333,2000000000.0,0.9,3.375e-08,1.40625e-15,1.24083e-05
3,11222932000000,110617,0.04587,0.084,21.8007,11.9048,2000000000.0,0.9,4.82143e-09,2.8699e-17,0.867348
3,11222933000000,114617,0.0444786,0.006,22.4827,166.667,4000000000.0,1.0,4.16667e-08,1.73611e-15,1.4773
3,11222934000000,116617,0.0451564,0.084,22.1453,11.9048,2000000000.0,0.9,4.82143e-09,2.8699e-17,0.928996
3,11222935000000,120617,0.0438578,0.006,22.8009,166.667,4000000000.0,1.0,4.16667e-08,1.73611e-15,1.47759
3,11222936000000,122617,0.044219,0.066,22.6147,15.1515,2000000000.0,0.9,6.13636e-09,4.64876e-17,0.928995
3,11222937000000,126617,0.0431064,0.009,23.1984,111.111,4000000000.0,1.0,2.77778e-08,7.71605e-16,1.51251
3,11222938000000,130617,0.04197,0.006,23.8265,166.667,4000000000.0,1.0,4.16667e-08,1.73611e-15,1.70534
3,11222939000000,132617,0.0426039,0.084,23.472,11.9048,2000000000.0,0.9,4.82143e-09,2.8699e-17,0.930575
3,11222940000000,136617,0.0415322,0.006,24.0777,166.667,4000000000.0,1.0,4.16667e-08,1.73611e-15,1.47759
3,11222941000000,138617,0.0421449,0.084,23.7277,11.9048,2000000000.0,0.9,4.82143e-09,2.8699e-17,0.928995
3,11222942000000,142617,0.0411311,0.006,24.3125,166.667,4000000000.0,1.0,4.16667e-08,1.73611e-15,1.47759
3,11222943000000,144617,0.0412884,0.0525,24.2199,19.0476,2000000000.0,0.9,7.71429e-09,7.34694e-17,0.929145
3,11222944000000,148617,0.040601,0.01575,24.6299,63.4921,4000000000.0,1.0,1.5873e-08,2.51953e-16,1.49987
3,11222945000000,152617,0.0396941,0.006,25.1926,166.667,4000000000.0,1.0,4.16667e-08,1.73611e-15,1.48036
3,11222946000000,153617,0.0405294,0.168,24.6735,5.95238,1000000000.0,0.8,3.80952e-09,2.26757e-17,0.924032
3,11222947000000,157617,0.0395769,0.003,25.2672,333.333,4000000000.0,1.0,8.33333e-08,6.94444e-15,1.12478
3,11222948000000,158617,0.0404622,0.18,24.7144,5.55556,1000000000.0,0.8,3.55556e-09,1.97531e-17,0.467198
3,11222949000000,162617,0.0395408,0.003,25.2904,333.333,4000000000.0,1.0,8.33333e-08,6.94444e-15,1.13697
3,11222950000000,163617,0.0403992,0.18,24.753,5.55556,1000000000.0,0.8,3.55556e-09,1.97531e-17,0.467198
3,11222951000000,167617,0.0394351,0.0,25.3581,0.0,4000000000.0,1.0,0.0,0.0,1.13697
3,11222952000000,168617,0.0392724,0.012,25.4632,83.3333,1000000000.0,0.8,5.33333e-08,4.44444e-15,0.00720933
3,11222953000000,172617,0.0405174,0.093,24.6807,10.7527,4000000000.0,1.0,2.68817e-09,7.22627e-18,3.19476
3,11222954000000,174617,0.0406891,0.0555,24.5766,18.018,2000000000.0,0.9,7.2973e-09,6.57414e-17,4.53759
3,11222955000000,176617,0.0427365,0.2215,23.3992,4.51467,2000000000.0,0.9,1.82844e-09,4.1274100000000006e-18,2.97687
3,11222956000000,177617,0.0434756,0.174,23.0014,5.74713,1000000000.0,0.8,3.67816e-09,2.11389e-17,1.83871
3,11222957000000,178617,0.0441167,0.158,22.6671,6.32911,1000000000.0,0.8,4.05063e-09,2.56369e-17,0.323316
3,11222958000000,179617,0.0472672,0.61,21.1563,1.63934,1000000000.0,0.8,1.04918e-09,1.7199700000000001e-18,0.494005
3,11222959000000,180617,0.0478028,0.144,20.9193,6.94444,1000000000.0,0.8,4.44444e-09,3.08642e-17,0.51593
3,11222960000000,181617,0.0485417,0.182,20.6008,5.49451,1000000000.0,0.8,3.51648e-09,1.93213e-17,0.254314
3,11222961000000,182617,0.0507182,0.446,19.7168,2.24215,1000000000.0,0.8,1.43498e-09,3.2174400000000004e-18,1.06141
3,11222962000000,183617,0.0510628,0.114,19.5837,8.77193,1000000000.0,0.8,5.61404e-09,4.92459e-17,0.574332
3,11222963000000,184617,0.0531695,0.44,18.8078,2.27273,1000000000.0,0.8,1.45455e-09,3.3057900000000004e-18,0.155267
3,11222964000000,185617,0.0539929,0.206,18.521,4.85437,1000000000.0,0.8,3.1068e-09,1.50815e-17,0.725327
3,11222965000000,186617,0.0544966,0.148,18.3498,6.75676,1000000000.0,0.8,4.32432e-09,2.92184e-17,0.310646
3,11222966000000,187617,0.0575214,0.622,17.3848,1.60772,1000000000.0,0.8,1.02894e-09,1.6542400000000001e-18,0.241308
3,11222967000000,188617,0.0578527,0.12,17.2853,8.33333,1000000000.0,0.8,5.33333e-09,4.44444e-17,0.425142
3,11222968000000,189617,0.0583439,0.151,17.1397,6.62252,1000000000.0,0.8,4.23841e-09,2.80689e-17,0.379872
3,11222969000000,190617,0.0606347,0.495,16.4922,2.0202,1000000000.0,0.8,1.29293e-09,2.61198e-18,1.18381
3,11222970000000,191617,0.0610906,0.148,16.3691,6.75676,1000000000.0,0.8,4.32432e-09,2.92184e-17,0.67052
3,11222971000000,192617,0.0626788,0.367,15.9544,2.7248,1000000000.0,0.8,1.74387e-09,4.75169e-18,0.27729
3,11222972000000,193617,0.0637031,0.261,15.6978,3.83142,1000000000.0,0.8,2.45211e-09,9.395050000000001e-18,0.904489
3,11222973000000,194617,0.0639615,0.114,15.6344,8.77193,1000000000.0,0.8,5.61404e-09,4.92459e-17,0.528678
3,11222974000000,195617,0.0667836,0.616,14.9737,1.62338,1000000000.0,0.8,1.03896e-09,1.6866300000000001e-18,0.175539
3,11222975000000,196617,0.0671051,0.13,14.902,7.69231,1000000000.0,0.8,4.92308e-09,3.78698e-17,0.705303
3,11222976000000,197617,0.067226,0.091,14.8752,10.989,1000000000.0,0.8,7.03297e-09,7.72854e-17,0.519782
3,11222977000000,198617,0.0698329,0.585,14.3199,1.7094,1000000000.0,0.8,1.09402e-09,1.8701100000000003e-18,0.726141
3,11222978000000,199617,0.0700542,0.114,14.2747,8.77193,1000000000.0,0.8,5.61404e-09,4.92459e-17,0.615942
3,11222979000000,200617,0.0713748,0.335,14.0105,2.98507,1000000000.0,0.8,1.91045e-09,5.70283e-18,0.170427
3,11222980000000,201617,0.0725633,0.311,13.7811,3.21543,1000000000.0,0.8,2.05788e-09,6.61697e-18,0.973277
3,11222981000000,202617,0.0729356,0.148,13.7107,6.75676,1000000000.0,0.8,4.32432e-09,2.92184e-17,0.565236
3,11222982000000,203617,0.0752786,0.55,13.284,1.81818,1000000000.0,0.8,1.16364e-09,2.1157e-18,0.251779
3,11222983000000,204617,0.0754629,0.113,13.2515,8.84956,1000000000.0,0.8,5.66372e-09,5.01214e-17,0.815803
3,11222984000000,205617,0.0754947,0.082,13.246,12.1951,1000000000.0,0.8,7.80488e-09,9.51814e-17,0.54384
3,11222985000000,206617,0.0782414,0.643,12.781,1.55521,1000000000.0,0.8,9.95334e-10,1.5479500000000001e-18,0.572828
3,11222986000000,207617,0.0785774,0.148,12.7263,6.75676,1000000000.0,0.8,4.32432e-09,2.92184e-17,0.658452
3,11222987000000,208617,0.0794518,0.261,12.5862,3.83142,1000000000.0,0.8,2.45211e-09,9.395050000000001e-18,0.335979
3,11222988000000,209617,0.0808236,0.367,12.3726,2.7248,1000000000.0,0.8,1.74387e-09,4.75169e-18,0.943963
3,11222989000000,210617,0.0809811,0.114,12.3486,8.77193,1000000000.0,0.8,5.61404e-09,4.92459e-17,0.429821
3,11222990000000,211617,0.0830368,0.516,12.0429,1.93798,1000000000.0,0.8,1.24031e-09,2.4037e-18,0.165004
3,11222991000000,212617,0.0832577,0.13,12.0109,7.69231,1000000000.0,0.8,4.92308e-09,3.78698e-17,0.842849
3,11222992000000,213617,0.0835608,0.148,11.9673,6.75676,1000000000.0,0.8,4.32432e-09,2.92184e-17,0.592407
3,11222993000000,214617,0.0860976,0.628,11.6147,1.59236,1000000000.0,0.8,1.01911e-09,1.62278e-18,0.264399
3,11222994000000,215617,0.086227,0.114,11.5973,8.77193,1000000000.0,0.8,5.61404e-09,4.92459e-17,0.450826
3,11222995000000,216617,0.0868953,0.231,11.5081,4.329,1000000000.0,0.8,2.77056e-09,1.19938e-17,0.222235
3,11222996000000,217617,0.088403,0.415,11.3118,2.40964,1000000000.0,0.8,1.54217e-09,3.7160700000000006e-18,0.783967
3,11222997000000,218617,0.0886756,0.148,11.2771,6.75676,1000000000.0,0.8,4.32432e-09,2.92184e-17,0.392099
3,11222998000000,219617,0.090289,0.443,11.0755,2.25734,1000000000.0,0.8,1.4447e-09,3.2611600000000003e-18,0.276856
3,11222999000000,221617,0.0902909,0.0905,11.0753,11.0497,2000000000.0,0.9,4.47514e-09,2.47245e-17,0.807006
3,11223000000000,222617,0.0904154,0.118,11.0601,8.47458,1000000000.0,0.8,5.42373e-09,4.59638e-17,0.535799
3,11223001000000,223617,0.0928999,0.646,10.7643,1.54799,1000000000.0,0.8,9.90712e-10,1.5336100000000002e-18,0.144356
3,11223002000000,225617,0.0924842,0.046,10.8127,21.7391,2000000000.0,0.9,8.80435e-09,9.56994e-17,0.672425
3,11223003000000,227617,0.0933103,0.1865,10.7169,5.36193,2000000000.0,0.9,2.17158e-09,5.82194e-18,0.231844
3,11223004000000,228617,0.0952291,0.532,10.501,1.8797,1000000000.0,0.8,1.20301e-09,2.2612900000000003e-18,1.08753
3,11223005000000,230617,0.095058,0.0755,10.5199,13.245,2000000000.0,0.9,5.36424e-09,3.55248e-17,15.2546
3,11223006000000,231617,0.0951441,0.115,10.5104,8.69565,1000000000.0,0.8,5.56522e-09,4.83932e-17,0.420619
3,11223007000000,232617,0.0973532,0.609,10.2719,1.64204,1000000000.0,0.8,1.0509e-09,1.7256200000000001e-18,0.0960644
3,11223008000000,233617,0.0974201,0.113,10.2648,8.84956,1000000000.0,0.8,5.66372e-09,5.01214e-17,0.594205
3,11223009000000,234617,0.0971157,0.026,10.297,38.4615,1000000000.0,0.8,2.46154e-08,9.46746e-16,0.528781
3,11223010000000,235617,0.0993731,0.629,10.0631,1.58983,1000000000.0,0.8,1.01749e-09,1.6176300000000002e-18,0.863232
3,11223011000000,236617,0.0994688,0.122,10.0534,8.19672,1000000000.0,0.8,5.2459e-09,4.29992e-17,0.280913
3,11223012000000,237617,0.0996099,0.133,10.0392,7.5188,1000000000.0,0.8,4.81203e-09,3.61807e-17,0.206445
3,11223013000000,238617,0.101342,0.513,9.86755,1.94932,1000000000.0,0.8,1.24756e-09,2.4319e-18,1.08236
3,11223014000000,239617,0.101604,0.164,9.84215,6.09756,1000000000.0,0.8,3.90244e-09,2.37954e-17,0.676176
3,11223015000000,240617,0.102212,0.248,9.78357,4.03226,1000000000.0,0.8,2.58065e-09,1.04058e-17,0.880356
3,11223016000000,241617,0.103263,0.356,9.68405,2.80899,1000000000.0,0.8,1.79775e-09,5.0498700000000004e-18,0.88687
3,11223017000000,242617,0.103513,0.164,9.66063,6.09756,1000000000.0,0.8,3.90244e-09,2.37954e-17,0.484154
3,11223018000000,243617,0.104689,0.39,9.55211,2.5641,1000000000.0,0.8,1.64103e-09,4.20776e-18,0.863647
3,11223019000000,244617,0.105136,0.214,9.51151,4.6729,1000000000.0,0.8,2.99065e-09,1.3975e-17,0.847597
3,11223020000000,245617,0.105375,0.164,9.48988,6.09756,1000000000.0,0.8,3.90244e-09,2.37954e-17,0.373069
3,11223021000000,246617,0.107073,0.524,9.33943,1.9084,1000000000.0,0.8,1.22137e-09,2.33087e-18,0.864099
3,11223022000000,247617,0.106964,0.08,9.34898,12.5,1000000000.0,0.8,8e-09,1e-16,0.73769
3,11223023000000,248617,0.107193,0.164,9.32897,6.09756,1000000000.0,0.8,3.90244e-09,2.37954e-17,0.786047
3,11223024000000,249617,0.109183,0.604,9.15891,1.65563,1000000000.0,0.8,1.0596e-09,1.75431e-18,0.863302
3,11223025000000,250617,0.10929,0.136,9.14995,7.35294,1000000000.0,0.8,4.70588e-09,3.46021e-17,0.574874
3,11223026000000,251617,0.108967,0.028,9.17707,35.7143,1000000000.0,0.8,2.28571e-08,8.16327e-16,1.12961
3,11223027000000,252617,0.110927,0.604,9.01495,1.65563,1000000000.0,0.8,1.0596e-09,1.75431e-18,0.789535
3,11223028000000,253617,0.111136,0.164,8.99798,6.09756,1000000000.0,0.8,3.90244e-09,2.37954e-17,0.712014
3,11223029000000,254617,0.11141,0.181,8.97582,5.52486,1000000000.0,0.8,3.53591e-09,1.95354e-17,0.86404
3,11223030000000,255617,0.112629,0.423,8.87867,2.36407,1000000000.0,0.8,1.513e-09,3.5768400000000006e-18,1.23767
3,11223031000000,256617,0.11283,0.164,8.86292,6.09756,1000000000.0,0.8,3.90244e-09,2.37954e-17,0.560277
3,11223032000000,257617,0.113642,0.322,8.7996,3.10559,1000000000.0,0.8,1.98758e-09,6.1726e-18,0.863458
3,11223033000000,258617,0.114293,0.282,8.74948,3.5461,1000000000.0,0.8,2.2695e-09,8.04788e-18,0.978196
3,11223034000000,259617,0.114484,0.164,8.73484,6.09756,1000000000.0,0.8,3.90244e-09,2.37954e-17,0.550792
3,11223035000000,260617,0.115798,0.457,8.63571,2.18818,1000000000.0,0.8,1.40044e-09,3.06441e-18,0.863167
3,11223036000000,261617,0.115918,0.147,8.62682,6.80272,1000000000.0,0.8,4.35374e-09,2.96173e-17,0.847479
3,11223037000000,262617,0.116101,0.164,8.61322,6.09756,1000000000.0,0.8,3.90244e-09,2.37954e-17,0.68143
3,11223038000000,263617,0.117879,0.585,8.48325,1.7094,1000000000.0,0.8,1.09402e-09,1.8701100000000003e-18,0.863057
3,11223039000000,264617,0.11768,0.065,8.49766,15.3846,1000000000.0,0.8,9.84615e-09,1.51479e-16,0.814339
3,11223040000000,265617,0.117681,0.118,8.49757,8.47458,1000000000.0,0.8,5.42373e-09,4.59638e-17,0.260786
3,11223041000000,266617,0.119505,0.604,8.36787,1.65563,1000000000.0,0.8,1.0596e-09,1.75431e-18,0.703174
3,11223042000000,267617,0.119671,0.164,8.35624,6.09756,1000000000.0,0.8,3.90244e-09,2.37954e-17,0.483502
3,11223043000000,268617,0.119542,0.085,8.36526,11.7647,1000000000.0,0.8,7.52941e-09,8.85813e-17,0.863243
3,11223044000000,269617,0.121024,0.519,8.26286,1.92678,1000000000.0,0.8,1.23314e-09,2.37599e-18,0.836479
3,11223045000000,270617,0.121182,0.164,8.25203,6.09756,1000000000.0,0.8,3.90244e-09,2.37954e-17,0.685869
3,11223046000000,271617,0.121675,0.255,8.21861,3.92157,1000000000.0,0.8,2.5098e-09,9.84237e-18,0.86309
3,11223047000000,272617,0.122509,0.349,8.16267,2.86533,1000000000.0,0.8,1.83381e-09,5.254470000000001e-18,0.926207
3,11223048000000,273617,0.122661,0.164,8.15258,6.09756,1000000000.0,0.8,3.90244e-09,2.37954e-17,0.269474
3,11223049000000,274617,0.123663,0.398,8.08648,2.51256,1000000000.0,0.8,1.60804e-09,4.0403e-18,0.868511
3,11223050000000,275617,0.123962,0.206,8.067,4.85437,1000000000.0,0.8,3.1068e-09,1.50815e-17,0.96004
3,11223051000000,276617,0.124107,0.164,8.05759,6.09756,1000000000.0,0.8,3.90244e-09,2.37954e-17,0.270465
3,11223052000000,277617,0.125587,0.535,7.96263,1.86916,1000000000.0,0.8,1.19626e-09,2.236e-18,0.86645
3,11223053000000,278617,0.125384,0.069,7.97553,14.4928,1000000000.0,0.8,9.27536e-09,1.34426e-16,0.911435
3,11223054000000,279617,0.125522,0.164,7.96675,6.09756,1000000000.0,0.8,3.90244e-09,2.37954e-17,0.348788
3,11223055000000,280617,0.127227,0.604,7.85998,1.65563,1000000000.0,0.8,1.0596e-09,1.75431e-18,0.866204
3,11223056000000,281617,0.127297,0.147,7.85564,6.80272,1000000000.0,0.8,4.35374e-09,2.96173e-17,0.346751
3,11223057000000,282617,0.126946,0.028,7.87739,35.7143,1000000000.0,0.8,2.28571e-08,8.16327e-16,1.23057
3,11223058000000,283617,0.128899,0.681,7.758,1.46843,1000000000.0,0.8,9.39794e-10,1.38002e-18,1.4832
3,11223059000000,284617,0.129472,0.292,7.72366,3.42466,1000000000.0,0.8,2.19178e-09,7.5061e-18,0.417961
3,11223060000000,285617,0.129422,0.115,7.72669,8.69565,1000000000.0,0.8,5.56522e-09,4.83932e-17,0.521621
3,11223061000000,286617,0.130407,0.412,7.66827,2.42718,1000000000.0,0.8,1.5534e-09,3.77038e-18,0.242096
3,11223062000000,287617,0.130639,0.197,7.65468,5.07614,1000000000.0,0.8,3.24873e-09,1.6491e-17,0.53292
3,11223063000000,288617,0.130699,0.148,7.65116,6.75676,1000000000.0,0.8,4.32432e-09,2.92184e-17,0.541581
3,11223064000000,289617,0.132406,0.625,7.55253,1.6,1000000000.0,0.8,1.024e-09,1.6384e-18,0.279482
3,11223065000000,290617,0.132353,0.117,7.55556,8.54701,1000000000.0,0.8,5.47009e-09,4.67529e-17,0.415689
3,11223066000000,291617,0.132455,0.162,7.54976,6.17284,1000000000.0,0.8,3.95062e-09,2.43865e-17,0.341438
3,11223067000000,292617,0.133656,0.484,7.4819,2.06612,1000000000.0,0.8,1.32231e-09,2.7320500000000004e-18,1.2028
3,11223068000000,293617,0.133705,0.148,7.47916,6.75676,1000000000.0,0.8,4.32432e-09,2.92184e-17,0.619674
3,11223069000000,294617,0.134527,0.376,7.43344,2.65957,1000000000.0,0.8,1.70213e-09,4.526940000000001e-18,0.284651
3,11223070000000,295617,0.134925,0.252,7.41155,3.96825,1000000000.0,0.8,2.53968e-09,1.00781e-17,0.86582
3,11223071000000,296617,0.134854,0.114,7.41542,8.77193,1000000000.0,0.8,5.61404e-09,4.92459e-17,0.297393
3,11223072000000,297617,0.136487,0.621,7.32668,1.61031,1000000000.0,0.8,1.0306e-09,1.6595700000000002e-18,0.19266
3,11223073000000,298617,0.136489,0.137,7.32659,7.29927,1000000000.0,0.8,4.67153e-09,3.40988e-17,0.744461
3,11223074000000,299617,0.136324,0.087,7.33546,11.4943,1000000000.0,0.8,7.35632e-09,8.45554e-17,0.569492
3,11223075000000,300617,0.13779,0.577,7.25742,1.7331,1000000000.0,0.8,1.10919e-09,1.92233e-18,0.659478
3,11223076000000,301617,0.137711,0.114,7.26158,8.77193,1000000000.0,0.8,5.61404e-09,4.92459e-17,0.597519
3,11223077000000,302617,0.138393,0.344,7.22581,2.90698,1000000000.0,0.8,1.86047e-09,5.408330000000001e-18,0.167326
3,11223078000000,303617,0.138932,0.302,7.19779,3.31126,1000000000.0,0.8,2.11921e-09,7.01724e-18,0.900916
3,11223079000000,304617,0.138961,0.148,7.19624,6.75676,1000000000.0,0.8,4.32432e-09,2.92184e-17,0.580878
3,11223080000000,305617,0.140333,0.558,7.12593,1.79211,1000000000.0,0.8,1.14695e-09,2.0554700000000004e-18,0.268521
3,11223081000000,306617,0.140263,0.119,7.12947,8.40336,1000000000.0,0.8,5.37815e-09,4.51945e-17,0.912328
3,11223082000000,307617,0.140057,0.077,7.13994,12.987,1000000000.0,0.8,8.31169e-09,1.07944e-16,0.359307
3,11223083000000,308617,0.141658,0.634,7.05927,1.57729,1000000000.0,0.8,1.00946e-09,1.5922100000000002e-18,0.347531
3,11223084000000,309617,0.141678,0.148,7.05825,6.75676,1000000000.0,0.8,4.32432e-09,2.92184e-17,0.390931
3,11223085000000,310617,0.142088,0.269,7.03788,3.71747,1000000000.0,0.8,2.37918e-09,8.844540000000001e-18,0.305765
3,11223086000000,311617,0.142784,0.359,7.00357,2.78552,1000000000.0,0.8,1.78273e-09,4.9658200000000004e-18,0.900587
3,11223087000000,312617,0.142692,0.114,7.00809,8.77193,1000000000.0,0.8,5.61404e-09,4.92459e-17,0.308025
3,11223088000000,313617,0.143914,0.526,6.94858,1.90114,1000000000.0,0.8,1.21673e-09,2.31317e-18,0.158961
3,11223089000000,314617,0.143838,0.12,6.95225,8.33333,1000000000.0,0.8,5.33333e-09,4.44444e-17,0.932254
3,11223090000000,315617,0.143852,0.148,6.95161,6.75676,1000000000.0,0.8,4.32432e-09,2.92184e-17,0.241482
3,11223091000000,316617,0.145381,0.628,6.87849,1.59236,1000000000.0,0.8,1.01911e-09,1.62278e-18,0.2456
3,11223092000000,317617,0.145282,0.114,6.88317,8.77193,1000000000.0,0.8,5.61404e-09,4.92459e-17,0.400574
3,11223093000000,318617,0.145582,0.241,6.86897,4.14938,1000000000.0,0.8,2.6556e-09,1.10191e-17,0.208834
3,11223094000000,319617,0.146394,0.405,6.83088,2.46914,1000000000.0,0.8,1.58025e-09,3.90184e-18,0.751952
3,11223095000000,320617,0.146399,0.148,6.83065,6.75676,1000000000.0,0.8,4.32432e-09,2.92184e-17,0.468642
3,11223096000000,321617,0.147352,0.453,6.78646,2.20751,1000000000.0,0.8,1.4128e-09,3.1187700000000003e-18,0.266848
3,11223097000000,322617,0.147438,0.175,6.78251,5.71429,1000000000.0,0.8,3.65714e-09,2.0898e-17,0.922466
3,11223098000000,323617,0.147335,0.114,6.78727,8.77193,1000000000.0,0.8,5.61404e-09,4.92459e-17,0.28084
3,11223099000000,324617,0.148871,0.646,6.71723,1.54799,1000000000.0,0.8,9.90712e-10,1.5336100000000002e-18,0.221954
3,11223100000000,325617,0.148868,0.148,6.71735,6.75676,1000000000.0,0.8,4.32432e-09,2.92184e-17,0.668612
3,11223101000000,326617,0.148878,0.152,6.71692,6.57895,1000000000.0,0.8,4.21053e-09,2.77008e-17,0.401629
3,11223102000000,327617,0.149876,0.476,6.67217,2.10084,1000000000.0,0.8,1.34454e-09,2.8246600000000003e-18,1.02354
3,11223103000000,328617,0.149767,0.114,6.67704,8.77193,1000000000.0,0.8,5.61404e-09,4.92459e-17,0.287222
3,11223104000000,329617,0.150587,0.42,6.64068,2.38095,1000000000.0,0.8,1.52381e-09,3.62812e-18,0.15776
3,11223105000000,330617,0.150815,0.226,6.63064,4.42478,1000000000.0,0.8,2.83186e-09,1.25303e-17,0.732609
3,11223106000000,331617,0.150807,0.148,6.63101,6.75676,1000000000.0,0.8,4.32432e-09,2.92184e-17,0.619809
3,11223107000000,332617,0.152193,0.612,6.5706,1.63399,1000000000.0,0.8,1.04575e-09,1.7087400000000001e-18,0.252417
3,11223108000000,333617,0.152124,0.129,6.5736,7.75194,1000000000.0,0.8,4.96124e-09,3.84592e-17,0.539722
3,11223109000000,334617,0.152031,0.121,6.57763,8.26446,1000000000.0,0.8,5.28926e-09,4.37129e-17,0.348366
3,11223110000000,335488,0.153251,0.622273,6.52523,1.60701,1000000000.0,0.8,1.02849e-09,1.65279e-18,1.185
3,11223111000000,335488,0.153251,,6.52523,0.0,1000000000.0,0.8,0.0,0.0,0.0
3,11223112000000,335488,0.153251,,6.52523,0.0,1000000000.0,0.8,0.0,0.0,0.0
3,11223113000000,335488,0.153251,,6.52523,0.0,1000000000.0,0.8,0.0,0.0,0.0
3,11223114000000,335488,0.153251,,6.52523,0.0,1000000000.0,0.8,0.0,0.0,0.0
3,11223115000000,335488,0.153251,,6.52523,0.0,1000000000.0,0.8,0.0,0.0,0.0
4,10205500000000,15545,0.069733,0.069733,14.3404,14.3404,4000000000.0,1.0,3.5851e-09,1.2853e-17,0.0
4,10205501000000,19545,0.0862113,0.15025,11.5994,6.65557,4000000000.0,1.0,1.66389e-09,2.76854e-18,4.0
4,10205502000000,21545,0.078951,0.008,12.6661,125.0,2000000000.0,0.9,5.0625e-08,3.16406e-15,1.11829
4,11206193000000,41736,0.0532873,0.0259026,18.7662,38.6061,4000000000.0,1.0,9.65153e-09,9.3152e-17,0.487904
4,11206194000000,43736,0.0508506,0.0,19.6655,0.0,2000000000.0,0.9,0.0,0.0,0.859107
4,11206195000000,44736,0.0497139,0.0,20.1151,0.0,1000000000.0,0.8,0.0,0.0,0.0279598
4,11222906000000,47175,0.0482035,0.0205002,20.7454,48.78,1000000000.0,0.8,3.12192e-08,1.52287e-15,0.573722
4,11222907000000,51175,0.0456864,0.016,21.8884,62.5,4000000000.0,1.0,1.5625e-08,2.44141e-16,4.0
4,11222908000000,55175,0.0428636,0.00675,23.3298,148.148,4000000000.0,1.0,3.7037e-08,1.37174e-15,4.0
4,11222909000000,59175,0.0427545,0.04125,23.3893,24.2424,4000000000.0,1.0,6.06061e-09,3.67309e-17,3.18543
4,11222910000000,61175,0.0417491,0.012,23.9526,83.3333,2000000000.0,0.9,3.375e-08,1.40625e-15,1.57884
4,11222911000000,62175,0.0437797,0.168,22.8417,5.95238,1000000000.0,0.8,3.80952e-09,2.26757e-17,0.863434
4,11222912000000,64175,0.0427892,0.012,23.3704,83.3333,2000000000.0,0.9,3.375e-08,1.40625e-15,1.13094
4,11222913000000,65175,0.0438512,0.112,22.8044,8.92857,1000000000.0,0.8,5.71429e-09,5.10204e-17,0.8624
4,11222914000000,69175,0.042125,0.014,23.7388,71.4286,4000000000.0,1.0,1.78571e-08,3.18878e-16,2.52746
4,11222915000000,71175,0.0412785,0.012,24.2257,83.3333,2000000000.0,0.9,3.375e-08,1.40625e-15,1.49031
4,11222916000000,73175,0.0424462,0.084,23.5592,11.9048,2000000000.0,0.9,4.82143e-09,2.8699e-17,0.863107
4,11222917000000,77175,0.0405572,0.006,24.6565,166.667,4000000000.0,1.0,4.16667e-08,1.73611e-15,1.48202
4,11222918000000,79175,0.0416546,0.084,24.007,11.9048,2000000000.0,0.9,4.82143e-09,2.8699e-17,0.924498
4,11222919000000,83175,0.0399399,0.006,25.0376,166.667,4000000000.0,1.0,4.16667e-08,1.73611e-15,1.48209
4,11222920000000,85175,0.0409745,0.084,24.4054,11.9048,2000000000.0,0.9,4.82143e-09,2.8699e-17,0.924498
4,11222921000000,89175,0.0391365,0.0,25.5516,0.0,4000000000.0,1.0,0.0,0.0,1.48209
4,11222922000000,90175,0.0391017,0.036,25.5743,27.7778,1000000000.0,0.8,1.77778e-08,4.93827e-16,0.00232064
4,11222923000000,92175,0.0399458,0.078,25.0339,12.8205,2000000000.0,0.9,5.19231e-09,3.3284e-17,1.04961
4,11222924000000,96175,0.0384091,0.003,26.0355,333.333,4000000000.0,1.0,8.33333e-08,6.94444e-15,1.4724
4,11222925000000,97175,0.0398662,0.18,25.0839,5.55556,1000000000.0,0.8,3.55556e-09,1.97531e-17,0.463521
4,11222926000000,101175,0.0384087,0.003,26.0358,333.333,4000000000.0,1.0,8.33333e-08,6.94444e-15,1.14127
4,11222927000000,102175,0.0397945,0.18,25.1291,5.55556,1000000000.0,0.8,3.55556e-09,1.97531e-17,0.462897
4,11222928000000,106175,0.0384083,0.003,26.036,333.333,4000000000.0,1.0,8.33333e-08,6.94444e-15,1.14127
4,11222929000000,107175,0.0382645,0.023,26.1339,43.4783,1000000000.0,0.8,2.78261e-08,1.20983e-15,0.462897
4,11222930000000,109175,0.0390016,0.0785,25.64,12.7389,2000000000.0,0.9,5.15924e-09,3.28614e-17,1.45372
4,11222931000000,111175,0.0385159,0.012,25.9633,83.3333,2000000000.0,0.9,3.375e-08,1.40625e-15,1.24083e-05
4,11222932000000,113175,0.0393196,0.084,25.4326,11.9048,2000000000.0,0.9,4.82143e-09,2.8699e-17,0.862933
4,11222933000000,117175,0.0381822,0.006,26.1902,166.667,4000000000.0,1.0,4.16667e-08,1.73611e-15,1.48202
4,11222934000000,119175,0.0389511,0.084,25.6732,11.9048,2000000000.0,0.9,4.82143e-09,2.8699e-17,0.924498
4,11222935000000,123175,0.0378811,0.006,26.3984,166.667,4000000000.0,1.0,4.16667e-08,1.73611e-15,1.48209
4,11222936000000,125175,0.0383303,0.066,26.089,15.1515,2000000000.0,0.9,6.13636e-09,4.64876e-17,0.924498
4,11222937000000,129175,0.0374221,0.009,26.7222,111.111,4000000000.0,1.0,2.77778e-08,7.71605e-16,1.51412
4,11222938000000,133175,0.0364783,0.006,27.4135,166.667,4000000000.0,1.0,4.16667e-08,1.73611e-15,1.7332
4,11222939000000,135175,0.0371814,0.084,26.8951,11.9048,2000000000.0,0.9,4.82143e-09,2.8699e-17,0.924877
4,11222940000000,139175,0.0362853,0.006,27.5594,166.667,4000000000.0,1.0,4.16667e-08,1.73611e-15,1.48209
4,11222941000000,141175,0.0369612,0.084,27.0554,11.9048,2000000000.0,0.9,4.82143e-09,2.8699e-17,0.924498
4,11222942000000,145175,0.0361081,0.006,27.6946,166.667,4000000000.0,1.0,4.16667e-08,1.73611e-15,1.48209
4,11222943000000,147175,0.0363309,0.0525,27.5248,19.0476,2000000000.0,0.9,7.71429e-09,7.34694e-17,0.924534
4,11222944000000,151175,0.0357863,0.01575,27.9436,63.4921,4000000000.0,1.0,1.5873e-08,2.51953e-16,1.50466
4,11222945000000,155175,0.0350185,0.006,28.5563,166.667,4000000000.0,1.0,4.16667e-08,1.73611e-15,1.48121
4,11222946000000,156175,0.03587,0.168,27.8784,5.95238,1000000000.0,0.8,3.80952e-09,2.26757e-17,0.923306
4,11222947000000,160175,0.0350492,0.003,28.5314,333.333,4000000000.0,1.0,8.33333e-08,6.94444e-15,1.13012
4,11222948000000,161175,0.0359485,0.18,27.8176,5.55556,1000000000.0,0.8,3.55556e-09,1.97531e-17,0.462897
4,11222949000000,165175,0.0351506,0.003,28.449,333.333,4000000000.0,1.0,8.33333e-08,6.94444e-15,1.14127
4,11222950000000,166175,0.0360223,0.18,27.7606,5.55556,1000000000.0,0.8,3.55556e-09,1.97531e-17,0.462897
4,11222951000000,170175,0.0351756,0.0,28.4288,0.0,4000000000.0,1.0,0.0,0.0,1.14127
4,11222952000000,171175,0.0350402,0.012,28.5387,83.3333,1000000000.0,0.8,5.33333e-08,4.44444e-15,0.00173096
4,11222953000000,175175,0.0363636,0.093,27.5,10.7527,4000000000.0,1.0,2.68817e-09,7.22627e-18,3.195
4,11222954000000,177175,0.0365797,0.0555,27.3376,18.018,2000000000.0,0.9,7.2973e-09,6.57414e-17,4.46619
4,11222955000000,179175,0.0391907,0.2705,25.5162,3.69686,2000000000.0,0.9,1.49723e-09,2.7675200000000004e-18,2.96792
4,11222956000000,180175,0.039445,0.085,25.3518,11.7647,1000000000.0,0.8,7.52941e-09,8.85813e-17,1.17691
4,11222957000000,181175,0.0398289,0.109,25.1074,9.17431,1000000000.0,0.8,5.87156e-09,5.38675e-17,0.775086
4,11222958000000,182175,0.0431563,0.646,23.1716,1.54799,1000000000.0,0.8,9.90712e-10,1.5336100000000002e-18,0.352761
4,11222959000000,183175,0.0435431,0.114,22.9658,8.77193,1000000000.0,0.8,5.61404e-09,4.92459e-17,0.580149
4,11222960000000,184175,0.044626,0.243,22.4084,4.11523,1000000000.0,0.8,2.63374e-09,1.08385e-17,0.226887
4,11222961000000,185175,0.0466046,0.411,21.4571,2.43309,1000000000.0,0.8,1.55718e-09,3.78875e-18,0.941046
4,11222962000000,186175,0.0469666,0.114,21.2917,8.77193,1000000000.0,0.8,5.61404e-09,4.92459e-17,0.533436
4,11222963000000,187175,0.0491305,0.452,20.354,2.21239,1000000000.0,0.8,1.41593e-09,3.1325900000000004e-18,0.153538
4,11222964000000,188175,0.0499429,0.202,20.0229,4.9505,1000000000.0,0.8,3.16832e-09,1.56847e-17,0.785035
4,11222965000000,189175,0.0502815,0.114,19.888,8.77193,1000000000.0,0.8,5.61404e-09,4.92459e-17,0.308208
4,11222966000000,190175,0.0533929,0.642,18.7291,1.55763,1000000000.0,0.8,9.96885e-10,1.55278e-18,0.16979
4,11222967000000,191175,0.0537413,0.12,18.6077,8.33333,1000000000.0,0.8,5.33333e-09,4.44444e-17,0.525413
4,11222968000000,192175,0.0540653,0.116,18.4962,8.62069,1000000000.0,0.8,5.51724e-09,4.75624e-17,0.456234
4,11222969000000,193175,0.0566015,0.544,17.6674,1.83824,1000000000.0,0.8,1.17647e-09,2.1626300000000003e-18,1.2324
4,11222970000000,194175,0.0568971,0.114,17.5756,8.77193,1000000000.0,0.8,5.61404e-09,4.92459e-17,0.650751
4,11222971000000,195175,0.0583271,0.336,17.1447,2.97619,1000000000.0,0.8,1.90476e-09,5.668930000000001e-18,0.202518
4,11222972000000,196175,0.0596508,0.318,16.7642,3.14465,1000000000.0,0.8,2.01258e-09,6.3288600000000005e-18,0.892913
4,11222973000000,197175,0.0599265,0.114,16.6871,8.77193,1000000000.0,0.8,5.61404e-09,4.92459e-17,0.577053
4,11222974000000,198175,0.0623994,0.55,16.0258,1.81818,1000000000.0,0.8,1.16364e-09,2.1157e-18,0.173858
4,11222975000000,199175,0.0626183,0.106,15.9698,9.43396,1000000000.0,0.8,6.03774e-09,5.69598e-17,0.826339
4,11222976000000,200175,0.062865,0.112,15.9071,8.92857,1000000000.0,0.8,5.71429e-09,5.10204e-17,0.404904
4,11222977000000,201175,0.0658034,0.654,15.1968,1.52905,1000000000.0,0.8,9.78593e-10,1.4963200000000001e-18,0.60298
4,11222978000000,202175,0.0660418,0.114,15.1419,8.77193,1000000000.0,0.8,5.61404e-09,4.92459e-17,0.625861
4,11222979000000,203175,0.066834,0.227,14.9624,4.40529,1000000000.0,0.8,2.81938e-09,1.24202e-17,0.216375
4,11222980000000,204175,0.068598,0.427,14.5777,2.34192,1000000000.0,0.8,1.49883e-09,3.51014e-18,0.828264
4,11222981000000,205175,0.0688193,0.114,14.5308,8.77193,1000000000.0,0.8,5.61404e-09,4.92459e-17,0.529902
4,11222982000000,206175,0.0706196,0.44,14.1604,2.27273,1000000000.0,0.8,1.45455e-09,3.3057900000000004e-18,0.187145
4,11222983000000,207175,0.0713117,0.214,14.0229,4.6729,1000000000.0,0.8,2.99065e-09,1.3975e-17,0.748079
4,11222984000000,208175,0.0715168,0.114,13.9827,8.77193,1000000000.0,0.8,5.61404e-09,4.92459e-17,0.508582
4,11222985000000,209175,0.0742106,0.635,13.4752,1.5748,1000000000.0,0.8,1.00787e-09,1.5872e-18,0.535498
4,11222986000000,210175,0.0744427,0.123,13.4331,8.13008,1000000000.0,0.8,5.20325e-09,4.23029e-17,0.689291
4,11222987000000,211175,0.074578,0.103,13.4088,9.70874,1000000000.0,0.8,6.21359e-09,6.03261e-17,0.480799
4,11222988000000,212175,0.0768705,0.561,13.0089,1.78253,1000000000.0,0.8,1.14082e-09,2.0335500000000002e-18,0.666812
4,11222989000000,213175,0.0770447,0.114,12.9795,8.77193,1000000000.0,0.8,5.61404e-09,4.92459e-17,0.474912
4,11222990000000,214175,0.0781837,0.321,12.7904,3.11526,1000000000.0,0.8,1.99377e-09,6.21112e-18,0.187232
4,11222991000000,215175,0.079368,0.333,12.5995,3.003,1000000000.0,0.8,1.92192e-09,5.77154e-18,0.860559
4,11222992000000,216175,0.0795282,0.114,12.5742,8.77193,1000000000.0,0.8,5.61404e-09,4.92459e-17,0.558919
4,11222993000000,217175,0.0816346,0.537,12.2497,1.8622,1000000000.0,0.8,1.19181e-09,2.21938e-18,0.231029
4,11222994000000,218175,0.0817967,0.117,12.2254,8.54701,1000000000.0,0.8,5.47009e-09,4.67529e-17,0.84091
4,11222995000000,219175,0.0819437,0.114,12.2035,8.77193,1000000000.0,0.8,5.61404e-09,4.92459e-17,0.264016
4,11222996000000,220175,0.0845418,0.654,11.8285,1.52905,1000000000.0,0.8,9.78593e-10,1.4963200000000001e-18,0.252192
4,11222997000000,221175,0.084675,0.114,11.8099,8.77193,1000000000.0,0.8,5.61404e-09,4.92459e-17,0.444526
4,11222998000000,222175,0.0852436,0.211,11.7311,4.73934,1000000000.0,0.8,3.03318e-09,1.43752e-17,0.278245
4,11222999000000,224175,0.0864592,0.2215,11.5661,4.51467,2000000000.0,0.9,1.82844e-09,4.1274100000000006e-18,0.849309
4,11223000000000,225175,0.0866171,0.122,11.5451,8.19672,1000000000.0,0.8,5.2459e-09,4.29992e-17,0.501006
4,11223001000000,226175,0.0888118,0.583,11.2598,1.71527,1000000000.0,0.8,1.09777e-09,1.8829700000000003e-18,0.143605
4,11223002000000,228175,0.0887258,0.079,11.2707,12.6582,2000000000.0,0.9,5.12658e-09,3.24467e-17,0.688057
4,11223003000000,230175,0.0882676,0.036,11.3292,27.7778,2000000000.0,0.9,1.125e-08,1.5625e-16,0.197732
4,11223004000000,231175,0.0908489,0.685,11.0073,1.45985,1000000000.0,0.8,9.34307e-10,1.3639500000000002e-18,2.02631
4,11223005000000,233175,0.0913391,0.148,10.9482,6.75676,2000000000.0,0.9,2.73649e-09,9.244890000000001e-18,15.2546
4,11223006000000,234175,0.0914402,0.115,10.9361,8.69565,1000000000.0,0.8,5.56522e-09,4.83932e-17,0.420619
4,11223007000000,235175,0.0936409,0.609,10.6791,1.64204,1000000000.0,0.8,1.0509e-09,1.7256200000000001e-18,0.0965129
4,11223008000000,236175,0.0937737,0.125,10.664,8.0,1000000000.0,0.8,5.12e-09,4.096e-17,0.612639
4,11223009000000,237175,0.0935427,0.039,10.6903,25.641,1000000000.0,0.8,1.64103e-08,4.20776e-16,1.23626
4,11223010000000,238175,0.0956859,0.604,10.4509,1.65563,1000000000.0,0.8,1.0596e-09,1.75431e-18,1.02012
4,11223011000000,239175,0.0959716,0.164,10.4198,6.09756,1000000000.0,0.8,3.90244e-09,2.37954e-17,0.302678
4,11223012000000,240175,0.0957927,0.053,10.4392,18.8679,1000000000.0,0.8,1.20755e-08,2.27839e-16,0.842154
4,11223013000000,241175,0.0976801,0.551,10.2375,1.81488,1000000000.0,0.8,1.16152e-09,2.1080300000000003e-18,1.18098
4,11223014000000,242175,0.097954,0.164,10.2089,6.09756,1000000000.0,0.8,3.90244e-09,2.37954e-17,0.624894
4,11223015000000,243175,0.0982955,0.181,10.1734,5.52486,1000000000.0,0.8,3.53591e-09,1.95354e-17,0.926386
4,11223016000000,244175,0.0996253,0.423,10.0376,2.36407,1000000000.0,0.8,1.513e-09,3.5768400000000006e-18,1.00521
4,11223017000000,245175,0.0998226,0.148,10.0178,6.75676,1000000000.0,0.8,4.32432e-09,2.92184e-17,0.455572
4,11223018000000,246175,0.100855,0.354,9.91522,2.82486,1000000000.0,0.8,1.80791e-09,5.1070900000000006e-18,0.389232
4,11223019000000,247175,0.101556,0.274,9.84682,3.64964,1000000000.0,0.8,2.33577e-09,8.524690000000001e-18,0.793045
4,11223020000000,248175,0.101606,0.114,9.84197,8.77193,1000000000.0,0.8,5.61404e-09,4.92459e-17,0.378183
4,11223021000000,249175,0.10318,0.494,9.69175,2.02429,1000000000.0,0.8,1.29555e-09,2.62256e-18,0.290125
4,11223022000000,250175,0.103376,0.152,9.67346,6.57895,1000000000.0,0.8,4.21053e-09,2.77008e-17,0.836414
4,11223023000000,251175,0.103553,0.148,9.65686,6.75676,1000000000.0,0.8,4.32432e-09,2.92184e-17,0.815492
4,11223024000000,252175,0.105558,0.609,9.4735,1.64204,1000000000.0,0.8,1.0509e-09,1.7256200000000001e-18,0.44464
4,11223025000000,253175,0.105512,0.094,9.4776,10.6383,1000000000.0,0.8,6.80851e-09,7.2431e-17,0.685595
4,11223026000000,254175,0.10525,0.039,9.50116,25.641,1000000000.0,0.8,1.64103e-08,4.20776e-16,0.442602
4,11223027000000,255175,0.107369,0.646,9.31364,1.54799,1000000000.0,0.8,9.90712e-10,1.5336100000000002e-18,0.562353
4,11223028000000,256175,0.107528,0.148,9.2999,6.75676,1000000000.0,0.8,4.32432e-09,2.92184e-17,0.686347
4,11223029000000,257175,0.107596,0.125,9.29403,8.0,1000000000.0,0.8,5.12e-09,4.096e-17,0.417688
4,11223030000000,258175,0.109128,0.503,9.16359,1.98807,1000000000.0,0.8,1.27237e-09,2.52955e-18,0.822057
4,11223031000000,259175,0.109146,0.114,9.16201,8.77193,1000000000.0,0.8,5.61404e-09,4.92459e-17,0.590324
4,11223032000000,260175,0.109849,0.292,9.10339,3.42466,1000000000.0,0.8,2.19178e-09,7.5061e-18,0.24646
4,11223033000000,261175,0.110784,0.354,9.02658,2.82486,1000000000.0,0.8,1.80791e-09,5.1070900000000006e-18,0.940637
4,11223034000000,262175,0.110926,0.148,9.01503,6.75676,1000000000.0,0.8,4.32432e-09,2.92184e-17,0.545772
4,11223035000000,263175,0.112116,0.424,8.91937,2.35849,1000000000.0,0.8,1.50943e-09,3.5599900000000006e-18,0.378306
4,11223036000000,264175,0.112463,0.204,8.89179,4.90196,1000000000.0,0.8,3.13725e-09,1.53787e-17,0.830382
4,11223037000000,265175,0.112469,0.114,8.89133,8.77193,1000000000.0,0.8,5.61404e-09,4.92459e-17,0.49136
4,11223038000000,266175,0.114132,0.555,8.76181,1.8018,1000000000.0,0.8,1.15315e-09,2.0777500000000004e-18,0.405473
4,11223039000000,267175,0.114098,0.105,8.76443,9.52381,1000000000.0,0.8,6.09524e-09,5.80499e-17,0.81574
4,11223040000000,268175,0.114172,0.134,8.75874,7.46269,1000000000.0,0.8,4.77612e-09,3.56427e-17,0.345438
4,11223041000000,269175,0.116081,0.628,8.6147,1.59236,1000000000.0,0.8,1.01911e-09,1.62278e-18,0.52902
4,11223042000000,270175,0.116073,0.114,8.61527,8.77193,1000000000.0,0.8,5.61404e-09,4.92459e-17,0.518987
4,11223043000000,271175,0.115874,0.062,8.6301,16.129,1000000000.0,0.8,1.03226e-08,1.66493e-16,0.36749
4,11223044000000,272175,0.117593,0.584,8.50387,1.71233,1000000000.0,0.8,1.09589e-09,1.8765200000000002e-18,0.573805
4,11223045000000,273175,0.117705,0.148,8.49583,6.75676,1000000000.0,0.8,4.32432e-09,2.92184e-17,0.61721
4,11223046000000,274175,0.118092,0.224,8.46794,4.46429,1000000000.0,0.8,2.85714e-09,1.27551e-17,0.389194
4,11223047000000,275175,0.119131,0.404,8.39409,2.47525,1000000000.0,0.8,1.58416e-09,3.92118e-18,0.919556
4,11223048000000,276175,0.119113,0.114,8.3954,8.77193,1000000000.0,0.8,5.61404e-09,4.92459e-17,0.253165
4,11223049000000,277175,0.11996,0.354,8.33609,2.82486,1000000000.0,0.8,1.80791e-09,5.1070900000000006e-18,0.25722
4,11223050000000,278175,0.120579,0.292,8.29333,3.42466,1000000000.0,0.8,2.19178e-09,7.5061e-18,0.878939
4,11223051000000,279175,0.120677,0.148,8.28658,6.75676,1000000000.0,0.8,4.32432e-09,2.92184e-17,0.40572
4,11223052000000,280175,0.122031,0.5,8.19465,2.0,1000000000.0,0.8,1.28e-09,2.56e-18,0.405012
4,11223053000000,281175,0.122052,0.128,8.19322,7.8125,1000000000.0,0.8,5e-09,3.90625e-17,0.918181
4,11223054000000,282175,0.122024,0.114,8.19514,8.77193,1000000000.0,0.8,5.61404e-09,4.92459e-17,0.481853
4,11223055000000,283175,0.123807,0.627,8.0771,1.5949,1000000000.0,0.8,1.02073e-09,1.6279600000000002e-18,0.521817
4,11223056000000,284175,0.123881,0.145,8.07224,6.89655,1000000000.0,0.8,4.41379e-09,3.044e-17,0.618642
4,11223057000000,285175,0.123524,0.022,8.09558,45.4545,1000000000.0,0.8,2.90909e-08,1.32231e-15,0.757191
4,11223058000000,286175,0.125444,0.673,7.97167,1.48588,1000000000.0,0.8,9.50966e-10,1.4130200000000002e-18,1.03841
4,11223059000000,287175,0.126146,0.327,7.92732,3.0581,1000000000.0,0.8,1.95719e-09,5.9852800000000006e-18,0.304957
4,11223060000000,288175,0.126107,0.115,7.92975,8.69565,1000000000.0,0.8,5.56522e-09,4.83932e-17,0.521621
4,11223061000000,289175,0.126889,0.352,7.88093,2.84091,1000000000.0,0.8,1.81818e-09,5.165290000000001e-18,0.243036
4,11223062000000,290175,0.127337,0.257,7.85318,3.89105,1000000000.0,0.8,2.49027e-09,9.689780000000001e-18,0.590235
4,11223063000000,291175,0.127408,0.148,7.84881,6.75676,1000000000.0,0.8,4.32432e-09,2.92184e-17,0.453324
4,11223064000000,292175,0.129008,0.595,7.75144,1.68067,1000000000.0,0.8,1.07563e-09,1.8077800000000003e-18,0.272632
4,11223065000000,293175,0.129029,0.135,7.75021,7.40741,1000000000.0,0.8,4.74074e-09,3.51166e-17,0.767661
4,11223066000000,294175,0.128896,0.09,7.75819,11.1111,1000000000.0,0.8,7.11111e-09,7.90123e-17,0.292056
4,11223067000000,295175,0.130384,0.568,7.66967,1.76056,1000000000.0,0.8,1.12676e-09,1.98373e-18,0.634389
4,11223068000000,296175,0.130443,0.148,7.66617,6.75676,1000000000.0,0.8,4.32432e-09,2.92184e-17,0.614922
4,11223069000000,297175,0.131068,0.316,7.62965,3.16456,1000000000.0,0.8,2.02532e-09,6.4092300000000005e-18,0.292594
4,11223070000000,298175,0.131674,0.312,7.59449,3.20513,1000000000.0,0.8,2.05128e-09,6.574620000000001e-18,0.931459
4,11223071000000,299175,0.131615,0.114,7.5979,8.77193,1000000000.0,0.8,5.61404e-09,4.92459e-17,0.434464
4,11223072000000,300175,0.133072,0.569,7.51471,1.75747,1000000000.0,0.8,1.12478e-09,1.97677e-18,0.182088
4,11223073000000,301175,0.132956,0.098,7.52129,10.2041,1000000000.0,0.8,6.53061e-09,6.66389e-17,0.776019
4,11223074000000,302175,0.132936,0.127,7.5224,7.87402,1000000000.0,0.8,5.03937e-09,3.96801e-17,0.319622
4,11223075000000,303175,0.134569,0.628,7.43112,1.59236,1000000000.0,0.8,1.01911e-09,1.62278e-18,0.518748
4,11223076000000,304175,0.134502,0.114,7.43486,8.77193,1000000000.0,0.8,5.61404e-09,4.92459e-17,0.633627
4,11223077000000,305175,0.134991,0.284,7.40788,3.52113,1000000000.0,0.8,2.25352e-09,7.93493e-18,0.182367
4,11223078000000,306175,0.135733,0.362,7.36741,2.76243,1000000000.0,0.8,1.76796e-09,4.88386e-18,0.882277
4,11223079000000,307175,0.135773,0.148,7.36525,6.75676,1000000000.0,0.8,4.32432e-09,2.92184e-17,0.534442
4,11223080000000,308175,0.136938,0.495,7.30255,2.0202,1000000000.0,0.8,1.29293e-09,2.61198e-18,0.267826
4,11223081000000,309175,0.136926,0.133,7.30323,7.5188,1000000000.0,0.8,4.81203e-09,3.61807e-17,0.923801
4,11223082000000,310175,0.136852,0.114,7.30718,8.77193,1000000000.0,0.8,5.61404e-09,4.92459e-17,0.642703
4,11223083000000,311175,0.138488,0.646,7.22084,1.54799,1000000000.0,0.8,9.90712e-10,1.5336100000000002e-18,0.293261
4,11223084000000,312175,0.138518,0.148,7.21925,6.75676,1000000000.0,0.8,4.32432e-09,2.92184e-17,0.536483
4,11223085000000,313175,0.138747,0.21,7.20738,4.7619,1000000000.0,0.8,3.04762e-09,1.45125e-17,0.335557
4,11223086000000,314175,0.139636,0.418,7.1615,2.39234,1000000000.0,0.8,1.5311e-09,3.66292e-18,1.00039
4,11223087000000,315175,0.139554,0.114,7.16567,8.77193,1000000000.0,0.8,5.61404e-09,4.92459e-17,0.337658
4,11223088000000,316175,0.140574,0.462,7.11369,2.1645,1000000000.0,0.8,1.38528e-09,2.9984400000000003e-18,0.161135
4,11223089000000,317175,0.140711,0.184,7.10677,5.43478,1000000000.0,0.8,3.47826e-09,1.89036e-17,0.834808
4,11223090000000,318175,0.140734,0.148,7.10561,6.75676,1000000000.0,0.8,4.32432e-09,2.92184e-17,0.194355
4,11223091000000,319175,0.142261,0.628,7.02936,1.59236,1000000000.0,0.8,1.01911e-09,1.62278e-18,0.244894
4,11223092000000,320175,0.142172,0.114,7.03372,8.77193,1000000000.0,0.8,5.61404e-09,4.92459e-17,0.391945
4,11223093000000,321175,0.142284,0.178,7.02821,5.61798,1000000000.0,0.8,3.59551e-09,2.01995e-17,0.260418
4,11223094000000,322175,0.143295,0.468,6.97862,2.13675,1000000000.0,0.8,1.36752e-09,2.92205e-18,0.886092
4,11223095000000,323175,0.143309,0.148,6.97791,6.75676,1000000000.0,0.8,4.32432e-09,2.92184e-17,0.452649
4,11223096000000,324175,0.144073,0.391,6.94091,2.55754,1000000000.0,0.8,1.63683e-09,4.18626e-18,0.272854
4,11223097000000,325175,0.144359,0.237,6.92717,4.21941,1000000000.0,0.8,2.70042e-09,1.13942e-17,0.900875
4,11223098000000,326175,0.144266,0.114,6.93163,8.77193,1000000000.0,0.8,5.61404e-09,4.92459e-17,0.27892
4,11223099000000,327175,0.145742,0.627,6.86146,1.5949,1000000000.0,0.8,1.02073e-09,1.6279600000000002e-18,0.213958
4,11223100000000,328175,0.145739,0.145,6.86157,6.89655,1000000000.0,0.8,4.41379e-09,3.044e-17,0.708922
4,11223101000000,329175,0.145549,0.083,6.87055,12.0482,1000000000.0,0.8,7.71084e-09,9.29017e-17,0.691026
4,11223102000000,330175,0.146825,0.567,6.81082,1.76367,1000000000.0,0.8,1.12875e-09,1.9907400000000002e-18,0.941284
4,11223103000000,331175,0.146726,0.114,6.81542,8.77193,1000000000.0,0.8,5.61404e-09,4.92459e-17,0.333928
4,11223104000000,332175,0.147356,0.356,6.78628,2.80899,1000000000.0,0.8,1.79775e-09,5.0498700000000004e-18,0.165182
4,11223105000000,333175,0.147784,0.29,6.76662,3.44828,1000000000.0,0.8,2.2069e-09,7.60999e-18,0.832771
4,11223106000000,334175,0.147785,0.148,6.76659,6.75676,1000000000.0,0.8,4.32432e-09,2.92184e-17,0.626398
4,11223107000000,335175,0.149039,0.568,6.70967,1.76056,1000000000.0,0.8,1.12676e-09,1.98373e-18,0.253222
4,11223108000000,336175,0.148988,0.132,6.71196,7.57576,1000000000.0,0.8,4.84848e-09,3.67309e-17,0.842275
4,11223109000000,337175,0.148751,0.069,6.72266,14.4928,1000000000.0,0.8,9.27536e-09,1.34426e-16,0.239945
4,11223110000000,338128,0.150209,0.666317,6.65737,1.50079,1000000000.0,0.8,9.60504e-10,1.4415100000000001e-18,0.446185
4,11223111000000,338128,0.150209,,6.65737,0.0,1000000000.0,0.8,0.0,0.0,0.0
4,11223112000000,338128,0.150209,,6.65737,0.0,1000000000.0,0.8,0.0,0.0,0.0
4,11223113000000,338128,0.150209,,6.65737,0.0,1000000000.0,0.8,0.0,0.0,0.0
4,11223114000000,338128,0.150209,,6.65737,0.0,1000000000.0,0.8,0.0,0.0,0.0
4,11223115000000,338128,0.150209,,6.65737,0.0,1000000000.0,0.8,0.0,0.0,0.0
5,10205500000000,15545,0.0703763,0.0703763,14.2093,14.2093,4000000000.0,1.0,3.55233e-09,1.26191e-17,0.0
5,10205501000000,19545,0.0862113,0.14775,11.5994,6.76819,4000000000.0,1.0,1.69205e-09,2.8630200000000003e-18,4.0
5,10205502000000,21545,0.078951,0.008,12.6661,125.0,2000000000.0,0.9,5.0625e-08,3.16406e-15,1.04718
5,11206193000000,41456,0.0571208,0.0334991,17.5068,29.8516,4000000000.0,1.0,7.46289e-09,5.56948e-17,0.641533
5,11206194000000,43456,0.0544919,0.0,18.3514,0.0,2000000000.0,0.9,0.0,0.0,0.844715
5,11206195000000,44456,0.0532662,0.0,18.7736,0.0,1000000000.0,0.8,0.0,0.0,0.0137003
5,11222906000000,46615,0.0518717,0.0231589,19.2783,43.18,1000000000.0,0.8,2.76352e-08,1.19329e-15,0.281124
5,11222907000000,50615,0.0490368,0.016,20.3928,62.5,4000000000.0,1.0,1.5625e-08,2.44141e-16,4.0
5,11222908000000,54615,0.0459398,0.00675,21.7676,148.148,4000000000.0,1.0,3.7037e-08,1.37174e-15,4.0
5,11222909000000,58615,0.0456197,0.04125,21.9203,24.2424,4000000000.0,1.0,6.06061e-09,3.67309e-17,3.18371
5,11222910000000,60615,0.0445104,0.012,22.4666,83.3333,2000000000.0,0.9,3.375e-08,1.40625e-15,1.65903
5,11222911000000,61615,0.0465146,0.168,21.4986,5.95238,1000000000.0,0.8,3.80952e-09,2.26757e-17,0.861994
5,11222912000000,63615,0.0454295,0.012,22.0121,83.3333,2000000000.0,0.9,3.375e-08,1.40625e-15,1.13159
5,11222913000000,64615,0.0464598,0.112,21.524,8.92857,1000000000.0,0.8,5.71429e-09,5.10204e-17,0.861745
5,11222914000000,68615,0.0445675,0.014,22.4379,71.4286,4000000000.0,1.0,1.78571e-08,3.18878e-16,2.52599
5,11222915000000,70615,0.0436451,0.012,22.9121,83.3333,2000000000.0,0.9,3.375e-08,1.40625e-15,1.49565
5,11222916000000,72615,0.0447566,0.084,22.3431,11.9048,2000000000.0,0.9,4.82143e-09,2.8699e-17,0.861915
5,11222917000000,76615,0.0427331,0.006,23.401,166.667,4000000000.0,1.0,4.16667e-08,1.73611e-15,1.48316
5,11222918000000,78615,0.043783,0.084,22.8399,11.9048,2000000000.0,0.9,4.82143e-09,2.8699e-17,0.923418
5,11222919000000,82615,0.0419536,0.006,23.8358,166.667,4000000000.0,1.0,4.16667e-08,1.73611e-15,1.48317
5,11222920000000,84615,0.0429475,0.084,23.2843,11.9048,2000000000.0,0.9,4.82143e-09,2.8699e-17,0.923418
5,11222921000000,88615,0.0410089,0.0,24.385,0.0,4000000000.0,1.0,0.0,0.0,1.48317
5,11222922000000,89615,0.040953,0.036,24.4183,27.7778,1000000000.0,0.8,1.77778e-08,4.93827e-16,0.000557185
5,11222923000000,91615,0.0417617,0.078,23.9454,12.8205,2000000000.0,0.9,5.19231e-09,3.3284e-17,1.0494
5,11222924000000,95615,0.0401401,0.003,24.9127,333.333,4000000000.0,1.0,8.33333e-08,6.94444e-15,1.47408
5,11222925000000,96615,0.0415877,0.18,24.0455,5.55556,1000000000.0,0.8,3.55556e-09,1.97531e-17,0.462015
5,11222926000000,100615,0.0400537,0.003,24.9665,333.333,4000000000.0,1.0,8.33333e-08,6.94444e-15,1.1423
5,11222927000000,101615,0.0414309,0.18,24.1366,5.55556,1000000000.0,0.8,3.55556e-09,1.97531e-17,0.461865
5,11222928000000,105615,0.0399754,0.003,25.0154,333.333,4000000000.0,1.0,8.33333e-08,6.94444e-15,1.1423
5,11222929000000,106615,0.0398162,0.023,25.1154,43.4783,1000000000.0,0.8,2.78261e-08,1.20983e-15,0.461865
5,11222930000000,108615,0.0405285,0.0785,24.674,12.7389,2000000000.0,0.9,5.15924e-09,3.28614e-17,1.45372
5,11222931000000,110615,0.0400127,0.012,24.9921,83.3333,2000000000.0,0.9,3.375e-08,1.40625e-15,1.24083e-05
5,11222932000000,112615,0.0407939,0.084,24.5135,11.9048,2000000000.0,0.9,4.82143e-09,2.8699e-17,0.861873
5,11222933000000,116615,0.0396004,0.006,25.2523,166.667,4000000000.0,1.0,4.16667e-08,1.73611e-15,1.48316
5,11222934000000,118615,0.040349,0.084,24.7837,11.9048,2000000000.0,0.9,4.82143e-09,2.8699e-17,0.923418
5,11222935000000,122615,0.0392285,0.006,25.4917,166.667,4000000000.0,1.0,4.16667e-08,1.73611e-15,1.48317
5,11222936000000,124615,0.0396581,0.066,25.2155,15.1515,2000000000.0,0.9,6.13636e-09,4.64876e-17,0.923418
5,11222937000000,128615,0.0387047,0.009,25.8367,111.111,4000000000.0,1.0,2.77778e-08,7.71605e-16,1.51346
5,11222938000000,132615,0.0377182,0.006,26.5124,166.667,4000000000.0,1.0,4.16667e-08,1.73611e-15,1.79385
5,11222939000000,134615,0.0384058,0.084,26.0377,11.9048,2000000000.0,0.9,4.82143e-09,2.8699e-17,0.923509
5,11222940000000,138615,0.0374707,0.006,26.6875,166.667,4000000000.0,1.0,4.16667e-08,1.73611e-15,1.48317
5,11222941000000,140615,0.0381325,0.084,26.2244,11.9048,2000000000.0,0.9,4.82143e-09,2.8699e-17,0.923418
5,11222942000000,144615,0.0372437,0.006,26.8502,166.667,4000000000.0,1.0,4.16667e-08,1.73611e-15,1.48317
5,11222943000000,146615,0.0374518,0.0525,26.701,19.0476,2000000000.0,0.9,7.71429e-09,7.34694e-17,0.923427
5,11222944000000,150615,0.0368755,0.01575,27.1183,63.4921,4000000000.0,1.0,1.5873e-08,2.51953e-16,1.5058
5,11222945000000,154615,0.0360767,0.006,27.7187,166.667,4000000000.0,1.0,4.16667e-08,1.73611e-15,1.48151
5,11222946000000,155615,0.0369245,0.168,27.0823,5.95238,1000000000.0,0.8,3.80952e-09,2.26757e-17,0.923132
5,11222947000000,159615,0.0360743,0.003,27.7206,333.333,4000000000.0,1.0,8.33333e-08,6.94444e-15,1.1314
5,11222948000000,160615,0.0369704,0.18,27.0487,5.55556,1000000000.0,0.8,3.55556e-09,1.97531e-17,0.461865
5,11222949000000,164615,0.0361449,0.003,27.6664,333.333,4000000000.0,1.0,8.33333e-08,6.94444e-15,1.1423
5,11222950000000,165615,0.0370136,0.18,27.0171,5.55556,1000000000.0,0.8,3.55556e-09,1.97531e-17,0.461865
5,11222951000000,169615,0.0361407,0.0,27.6697,0.0,4000000000.0,1.0,0.0,0.0,1.1423
5,11222952000000,170615,0.0359992,0.012,27.7784,83.3333,1000000000.0,0.8,5.33333e-08,4.44444e-15,0.000415604
5,11222953000000,174615,0.0373049,0.093,26.8061,10.7527,4000000000.0,1.0,2.68817e-09,7.22627e-18,3.19506
5,11222954000000,176615,0.037511,0.0555,26.6589,18.018,2000000000.0,0.9,7.2973e-09,6.57414e-17,4.41143
5,11222955000000,178615,0.0401198,0.2705,24.9253,3.69686,2000000000.0,0.9,1.49723e-09,2.7675200000000004e-18,2.96713
5,11222956000000,179615,0.0403697,0.085,24.7711,11.7647,1000000000.0,0.8,7.52941e-09,8.85813e-17,1.2322
5,11222957000000,180615,0.0407497,0.109,24.5401,9.17431,1000000000.0,0.8,5.87156e-09,5.38675e-17,0.693248
5,11222958000000,181615,0.0440823,0.646,22.6849,1.54799,1000000000.0,0.8,9.90712e-10,1.5336100000000002e-18,0.312904
5,11222959000000,182615,0.0444651,0.114,22.4895,8.77193,1000000000.0,0.8,5.61404e-09,4.92459e-17,0.599282
5,11222960000000,183615,0.0455464,0.243,21.9556,4.11523,1000000000.0,0.8,2.63374e-09,1.08385e-17,0.220498
5,11222961000000,184615,0.0475259,0.411,21.0411,2.43309,1000000000.0,0.8,1.55718e-09,3.78875e-18,0.770799
5,11222962000000,185615,0.0478841,0.114,20.8838,8.77193,1000000000.0,0.8,5.61404e-09,4.92459e-17,0.507089
5,11222963000000,186615,0.0500496,0.452,19.9802,2.21239,1000000000.0,0.8,1.41593e-09,3.1325900000000004e-18,0.147974
5,11222964000000,187615,0.0508595,0.202,19.662,4.9505,1000000000.0,0.8,3.16832e-09,1.56847e-17,0.795273
5,11222965000000,188615,0.0511942,0.114,19.5335,8.77193,1000000000.0,0.8,5.61404e-09,4.92459e-17,0.30711
5,11222966000000,189615,0.05431,0.642,18.4128,1.55763,1000000000.0,0.8,9.96885e-10,1.55278e-18,0.138059
5,11222967000000,190615,0.0546547,0.12,18.2967,8.33333,1000000000.0,0.8,5.33333e-09,4.44444e-17,0.573012
5,11222968000000,191615,0.0549748,0.116,18.1901,8.62069,1000000000.0,0.8,5.51724e-09,4.75624e-17,0.432651
5,11222969000000,192615,0.0575137,0.544,17.3872,1.83824,1000000000.0,0.8,1.17647e-09,2.1626300000000003e-18,1.3601
5,11222970000000,193615,0.0578054,0.114,17.2994,8.77193,1000000000.0,0.8,5.61404e-09,4.92459e-17,0.64692
5,11222971000000,194615,0.0592349,0.336,16.8819,2.97619,1000000000.0,0.8,1.90476e-09,5.668930000000001e-18,0.183554
5,11222972000000,195615,0.0605577,0.318,16.5132,3.14465,1000000000.0,0.8,2.01258e-09,6.3288600000000005e-18,0.905406
5,11222973000000,196615,0.0608295,0.114,16.4394,8.77193,1000000000.0,0.8,5.61404e-09,4.92459e-17,0.550552
5,11222974000000,197615,0.0633049,0.55,15.7966,1.81818,1000000000.0,0.8,1.16364e-09,2.1157e-18,0.158338
5,11222975000000,198615,0.0635199,0.106,15.7431,9.43396,1000000000.0,0.8,6.03774e-09,5.69598e-17,0.865652
5,11222976000000,199615,0.0637627,0.112,15.6831,8.92857,1000000000.0,0.8,5.71429e-09,5.10204e-17,0.468101
5,11222977000000,200615,0.0667049,0.654,14.9914,1.52905,1000000000.0,0.8,9.78593e-10,1.4963200000000001e-18,0.425649
5,11222978000000,201615,0.0669395,0.114,14.9389,8.77193,1000000000.0,0.8,5.61404e-09,4.92459e-17,0.646054
5,11222979000000,202615,0.0677294,0.227,14.7646,4.40529,1000000000.0,0.8,2.81938e-09,1.24202e-17,0.224085
5,11222980000000,203615,0.0694939,0.427,14.3898,2.34192,1000000000.0,0.8,1.49883e-09,3.51014e-18,0.777208
5,11222981000000,204615,0.0697114,0.114,14.3449,8.77193,1000000000.0,0.8,5.61404e-09,4.92459e-17,0.542941
5,11222982000000,205615,0.0715123,0.44,13.9836,2.27273,1000000000.0,0.8,1.45455e-09,3.3057900000000004e-18,0.161526
5,11222983000000,206615,0.0722019,0.214,13.85,4.6729,1000000000.0,0.8,2.99065e-09,1.3975e-17,0.705138
5,11222984000000,207615,0.0724032,0.114,13.8115,8.77193,1000000000.0,0.8,5.61404e-09,4.92459e-17,0.449248
5,11222985000000,208615,0.0751001,0.635,13.3156,1.5748,1000000000.0,0.8,1.00787e-09,1.5872e-18,0.415586
5,11222986000000,209615,0.0753286,0.123,13.2752,8.13008,1000000000.0,0.8,5.20325e-09,4.23029e-17,0.733992
5,11222987000000,210615,0.07546,0.103,13.2521,9.70874,1000000000.0,0.8,6.21359e-09,6.03261e-17,0.456596
5,11222988000000,211615,0.0777544,0.561,12.861,1.78253,1000000000.0,0.8,1.14082e-09,2.0335500000000002e-18,0.823873
5,11222989000000,212615,0.0779249,0.114,12.8329,8.77193,1000000000.0,0.8,5.61404e-09,4.92459e-17,0.577307
5,11222990000000,213615,0.0790628,0.321,12.6482,3.11526,1000000000.0,0.8,1.99377e-09,6.21112e-18,0.183536
5,11222991000000,214615,0.080246,0.333,12.4617,3.003,1000000000.0,0.8,1.92192e-09,5.77154e-18,0.919704
5,11222992000000,215615,0.0804026,0.114,12.4374,8.77193,1000000000.0,0.8,5.61404e-09,4.92459e-17,0.53798
5,11222993000000,216615,0.0825104,0.537,12.1197,1.8622,1000000000.0,0.8,1.19181e-09,2.21938e-18,0.17557
5,11222994000000,217615,0.0826689,0.117,12.0964,8.54701,1000000000.0,0.8,5.47009e-09,4.67529e-17,0.924535
5,11222995000000,218615,0.0828122,0.114,12.0755,8.77193,1000000000.0,0.8,5.61404e-09,4.92459e-17,0.241426
5,11222996000000,219615,0.0854131,0.654,11.7078,1.52905,1000000000.0,0.8,9.78593e-10,1.4963200000000001e-18,0.179674
5,11222997000000,220615,0.0855427,0.114,11.6901,8.77193,1000000000.0,0.8,5.61404e-09,4.92459e-17,0.554927
5,11222998000000,221615,0.0861088,0.211,11.6132,4.73934,1000000000.0,0.8,3.03318e-09,1.43752e-17,0.266578
5,11222999000000,223615,0.0873197,0.2215,11.4522,4.51467,2000000000.0,0.9,1.82844e-09,4.1274100000000006e-18,0.875858
5,11223000000000,224615,0.0874741,0.122,11.432,8.19672,1000000000.0,0.8,5.2459e-09,4.29992e-17,0.512281
5,11223001000000,225615,0.0896705,0.583,11.1519,1.71527,1000000000.0,0.8,1.09777e-09,1.8829700000000003e-18,0.132348
5,11223002000000,227615,0.0895767,0.079,11.1636,12.6582,2000000000.0,0.9,5.12658e-09,3.24467e-17,0.729586
5,11223003000000,229615,0.08911,0.036,11.2221,27.7778,2000000000.0,0.9,1.125e-08,1.5625e-16,0.288516
5,11223004000000,230615,0.0916939,0.685,10.9058,1.45985,1000000000.0,0.8,9.34307e-10,1.3639500000000002e-18,2.16079
5,11223005000000,232615,0.0921781,0.148,10.8486,6.75676,2000000000.0,0.9,2.73649e-09,9.244890000000001e-18,15.2546
5,11223006000000,233615,0.0922758,0.115,10.8371,8.69565,1000000000.0,0.8,5.56522e-09,4.83932e-17,0.420619
5,11223007000000,234615,0.0944782,0.609,10.5845,1.64204,1000000000.0,0.8,1.0509e-09,1.7256200000000001e-18,0.0867015
5,11223008000000,235615,0.0946077,0.125,10.57,8.0,1000000000.0,0.8,5.12e-09,4.096e-17,0.627179
5,11223009000000,236615,0.0943727,0.039,10.5963,25.641,1000000000.0,0.8,1.64103e-08,4.20776e-16,1.2925
5,11223010000000,237615,0.0965175,0.604,10.3608,1.65563,1000000000.0,0.8,1.0596e-09,1.75431e-18,0.874595
5,11223011000000,238615,0.0968003,0.164,10.3305,6.09756,1000000000.0,0.8,3.90244e-09,2.37954e-17,0.306162
5,11223012000000,239615,0.0966175,0.053,10.3501,18.8679,1000000000.0,0.8,1.20755e-08,2.27839e-16,0.960778
5,11223013000000,240615,0.0985059,0.551,10.1517,1.81488,1000000000.0,0.8,1.16152e-09,2.1080300000000003e-18,1.14529
5,11223014000000,241615,0.098777,0.164,10.1238,6.09756,1000000000.0,0.8,3.90244e-09,2.37954e-17,0.632418
5,11223015000000,242615,0.0991159,0.181,10.0892,5.52486,1000000000.0,0.8,3.53591e-09,1.95354e-17,0.939399
5,11223016000000,243615,0.100445,0.423,9.95566,2.36407,1000000000.0,0.8,1.513e-09,3.5768400000000006e-18,1.04296
5,11223017000000,244615,0.10064,0.148,9.93643,6.75676,1000000000.0,0.8,4.32432e-09,2.92184e-17,0.461186
5,11223018000000,245615,0.101671,0.354,9.83562,2.82486,1000000000.0,0.8,1.80791e-09,5.1070900000000006e-18,0.300453
5,11223019000000,246615,0.10237,0.274,9.76848,3.64964,1000000000.0,0.8,2.33577e-09,8.524690000000001e-18,0.820869
5,11223020000000,247615,0.102417,0.114,9.764,8.77193,1000000000.0,0.8,5.61404e-09,4.92459e-17,0.376492
5,11223021000000,248615,0.103992,0.494,9.61611,2.02429,1000000000.0,0.8,1.29555e-09,2.62256e-18,0.187469
5,11223022000000,249615,0.104184,0.152,9.59836,6.57895,1000000000.0,0.8,4.21053e-09,2.77008e-17,0.816607
5,11223023000000,250615,0.104359,0.148,9.58228,6.75676,1000000000.0,0.8,4.32432e-09,2.92184e-17,0.674694
5,11223024000000,251615,0.106365,0.609,9.4016,1.64204,1000000000.0,0.8,1.0509e-09,1.7256200000000001e-18,0.329665
5,11223025000000,252615,0.106316,0.094,9.40593,10.6383,1000000000.0,0.8,6.80851e-09,7.2431e-17,0.703335
5,11223026000000,253615,0.106051,0.039,9.42947,25.641,1000000000.0,0.8,1.64103e-08,4.20776e-16,0.373107
5,11223027000000,254615,0.108171,0.646,9.24461,1.54799,1000000000.0,0.8,9.90712e-10,1.5336100000000002e-18,0.363897
5,11223028000000,255615,0.108327,0.148,9.23131,6.75676,1000000000.0,0.8,4.32432e-09,2.92184e-17,0.692504
5,11223029000000,256615,0.108392,0.125,9.22578,8.0,1000000000.0,0.8,5.12e-09,4.096e-17,0.352788
5,11223030000000,257615,0.109924,0.503,9.09722,1.98807,1000000000.0,0.8,1.27237e-09,2.52955e-18,0.918791
5,11223031000000,258615,0.109939,0.114,9.09591,8.77193,1000000000.0,0.8,5.61404e-09,4.92459e-17,0.633597
5,11223032000000,259615,0.110641,0.292,9.03826,3.42466,1000000000.0,0.8,2.19178e-09,7.5061e-18,0.181557
5,11223033000000,260615,0.111575,0.354,8.96262,2.82486,1000000000.0,0.8,1.80791e-09,5.1070900000000006e-18,0.90683
5,11223034000000,261615,0.111714,0.148,8.95145,6.75676,1000000000.0,0.8,4.32432e-09,2.92184e-17,0.5217
5,11223035000000,262615,0.112903,0.424,8.85717,2.35849,1000000000.0,0.8,1.50943e-09,3.5599900000000006e-18,0.289456
5,11223036000000,263615,0.113248,0.204,8.83014,4.90196,1000000000.0,0.8,3.13725e-09,1.53787e-17,0.841373
5,11223037000000,264615,0.113251,0.114,8.82992,8.77193,1000000000.0,0.8,5.61404e-09,4.92459e-17,0.423396
5,11223038000000,265615,0.114914,0.555,8.70213,1.8018,1000000000.0,0.8,1.15315e-09,2.0777500000000004e-18,0.233363
5,11223039000000,266615,0.114877,0.105,8.70494,9.52381,1000000000.0,0.8,6.09524e-09,5.80499e-17,0.810113
5,11223040000000,267615,0.114949,0.134,8.69953,7.46269,1000000000.0,0.8,4.77612e-09,3.56427e-17,0.441887
5,11223041000000,268615,0.116859,0.628,8.55734,1.59236,1000000000.0,0.8,1.01911e-09,1.62278e-18,0.423009
5,11223042000000,269615,0.116848,0.114,8.55812,8.77193,1000000000.0,0.8,5.61404e-09,4.92459e-17,0.546795
5,11223043000000,270615,0.116645,0.062,8.57299,16.129,1000000000.0,0.8,1.03226e-08,1.66493e-16,0.350434
5,11223044000000,271615,0.118366,0.584,8.44837,1.71233,1000000000.0,0.8,1.09589e-09,1.8765200000000002e-18,0.573049
5,11223045000000,272615,0.118475,0.148,8.44062,6.75676,1000000000.0,0.8,4.32432e-09,2.92184e-17,0.617533
5,11223046000000,273615,0.11886,0.224,8.41323,4.46429,1000000000.0,0.8,2.85714e-09,1.27551e-17,0.313536
5,11223047000000,274615,0.119899,0.404,8.34037,2.47525,1000000000.0,0.8,1.58416e-09,3.92118e-18,0.962154
5,11223048000000,275615,0.119877,0.114,8.34186,8.77193,1000000000.0,0.8,5.61404e-09,4.92459e-17,0.256927
5,11223049000000,276615,0.120724,0.354,8.28337,2.82486,1000000000.0,0.8,1.80791e-09,5.1070900000000006e-18,0.177531
5,11223050000000,277615,0.121341,0.292,8.24126,3.42466,1000000000.0,0.8,2.19178e-09,7.5061e-18,0.896397
5,11223051000000,278615,0.121436,0.148,8.23476,6.75676,1000000000.0,0.8,4.32432e-09,2.92184e-17,0.504109
5,11223052000000,279615,0.12279,0.5,8.14397,2.0,1000000000.0,0.8,1.28e-09,2.56e-18,0.305445
5,11223053000000,280615,0.122809,0.128,8.14274,7.8125,1000000000.0,0.8,5e-09,3.90625e-17,0.922107
5,11223054000000,281615,0.122778,0.114,8.14481,8.77193,1000000000.0,0.8,5.61404e-09,4.92459e-17,0.490785
5,11223055000000,282615,0.124562,0.627,8.02815,1.5949,1000000000.0,0.8,1.02073e-09,1.6279600000000002e-18,0.289617
5,11223056000000,283615,0.124634,0.145,8.02351,6.89655,1000000000.0,0.8,4.41379e-09,3.044e-17,0.678462
5,11223057000000,284615,0.124273,0.022,8.04679,45.4545,1000000000.0,0.8,2.90909e-08,1.32231e-15,0.616132
5,11223058000000,285615,0.126194,0.673,7.92428,1.48588,1000000000.0,0.8,9.50966e-10,1.4130200000000002e-18,0.895207
5,11223059000000,286615,0.126895,0.327,7.88053,3.0581,1000000000.0,0.8,1.95719e-09,5.9852800000000006e-18,0.304957
5,11223060000000,287615,0.126854,0.115,7.8831,8.69565,1000000000.0,0.8,5.56522e-09,4.83932e-17,0.521621
5,11223061000000,288615,0.127634,0.352,7.83492,2.84091,1000000000.0,0.8,1.81818e-09,5.165290000000001e-18,0.241638
5,11223062000000,289615,0.12808,0.257,7.8076,3.89105,1000000000.0,0.8,2.49027e-09,9.689780000000001e-18,0.672791
5,11223063000000,290615,0.128149,0.148,7.80342,6.75676,1000000000.0,0.8,4.32432e-09,2.92184e-17,0.410133
5,11223064000000,291615,0.12975,0.595,7.70714,1.68067,1000000000.0,0.8,1.07563e-09,1.8077800000000003e-18,0.267061
5,11223065000000,292615,0.129768,0.135,7.70607,7.40741,1000000000.0,0.8,4.74074e-09,3.51166e-17,0.773899
5,11223066000000,293615,0.129632,0.09,7.71412,11.1111,1000000000.0,0.8,7.11111e-09,7.90123e-17,0.263675
5,11223067000000,294615,0.13112,0.568,7.62659,1.76056,1000000000.0,0.8,1.12676e-09,1.98373e-18,0.620047
5,11223068000000,295615,0.131177,0.148,7.62327,6.75676,1000000000.0,0.8,4.32432e-09,2.92184e-17,0.622013
5,11223069000000,296615,0.1318,0.316,7.58723,3.16456,1000000000.0,0.8,2.02532e-09,6.4092300000000005e-18,0.294084
5,11223070000000,297615,0.132406,0.312,7.55253,3.20513,1000000000.0,0.8,2.05128e-09,6.574620000000001e-18,0.964168
5,11223071000000,298615,0.132344,0.114,7.55605,8.77193,1000000000.0,0.8,5.61404e-09,4.92459e-17,0.521483
5,11223072000000,299615,0.133802,0.569,7.47375,1.75747,1000000000.0,0.8,1.12478e-09,1.97677e-18,0.169444
5,11223073000000,300615,0.133683,0.098,7.4804,10.2041,1000000000.0,0.8,6.53061e-09,6.66389e-17,0.791816
5,11223074000000,301615,0.13366,0.127,7.48164,7.87402,1000000000.0,0.8,5.03937e-09,3.96801e-17,0.379024
5,11223075000000,302615,0.135294,0.628,7.39131,1.59236,1000000000.0,0.8,1.01911e-09,1.62278e-18,0.436653
5,11223076000000,303615,0.135224,0.114,7.39514,8.77193,1000000000.0,0.8,5.61404e-09,4.92459e-17,0.656506
5,11223077000000,304615,0.135712,0.284,7.36853,3.52113,1000000000.0,0.8,2.25352e-09,7.93493e-18,0.18377
5,11223078000000,305615,0.136453,0.362,7.32855,2.76243,1000000000.0,0.8,1.76796e-09,4.88386e-18,0.843309
5,11223079000000,306615,0.13649,0.148,7.32652,6.75676,1000000000.0,0.8,4.32432e-09,2.92184e-17,0.516322
5,11223080000000,307615,0.137656,0.495,7.26449,2.0202,1000000000.0,0.8,1.29293e-09,2.61198e-18,0.265512
5,11223081000000,308615,0.137641,0.133,7.26529,7.5188,1000000000.0,0.8,4.81203e-09,3.61807e-17,0.930865
5,11223082000000,309615,0.137564,0.114,7.26932,8.77193,1000000000.0,0.8,5.61404e-09,4.92459e-17,0.548429
5,11223083000000,310615,0.139201,0.646,7.18384,1.54799,1000000000.0,0.8,9.90712e-10,1.5336100000000002e-18,0.292859
5,11223084000000,311615,0.139229,0.148,7.18239,6.75676,1000000000.0,0.8,4.32432e-09,2.92184e-17,0.621716
5,11223085000000,312615,0.139456,0.21,7.17073,4.7619,1000000000.0,0.8,3.04762e-09,1.45125e-17,0.344774
5,11223086000000,313615,0.140344,0.418,7.12535,2.39234,1000000000.0,0.8,1.5311e-09,3.66292e-18,1.05347
5,11223087000000,314615,0.14026,0.114,7.1296,8.77193,1000000000.0,0.8,5.61404e-09,4.92459e-17,0.374556
5,11223088000000,315615,0.14128,0.462,7.07816,2.1645,1000000000.0,0.8,1.38528e-09,2.9984400000000003e-18,0.156888
5,11223089000000,316615,0.141415,0.184,7.0714,5.43478,1000000000.0,0.8,3.47826e-09,1.89036e-17,0.777246
5,11223090000000,317615,0.141435,0.148,7.07037,6.75676,1000000000.0,0.8,4.32432e-09,2.92184e-17,0.204956
5,11223091000000,318615,0.142963,0.628,6.99484,1.59236,1000000000.0,0.8,1.01911e-09,1.62278e-18,0.244539
5,11223092000000,319615,0.142872,0.114,6.99928,8.77193,1000000000.0,0.8,5.61404e-09,4.92459e-17,0.404046
5,11223093000000,320615,0.142981,0.178,6.99391,5.61798,1000000000.0,0.8,3.59551e-09,2.01995e-17,0.27119
5,11223094000000,321615,0.143992,0.468,6.94483,2.13675,1000000000.0,0.8,1.36752e-09,2.92205e-18,1.04296
5,11223095000000,322615,0.144004,0.148,6.94423,6.75676,1000000000.0,0.8,4.32432e-09,2.92184e-17,0.454863
5,11223096000000,323615,0.144768,0.391,6.90762,2.55754,1000000000.0,0.8,1.63683e-09,4.18626e-18,0.274106
5,11223097000000,324615,0.145052,0.237,6.89409,4.21941,1000000000.0,0.8,2.70042e-09,1.13942e-17,0.923104
5,11223098000000,325615,0.144956,0.114,6.89862,8.77193,1000000000.0,0.8,5.61404e-09,4.92459e-17,0.300326
5,11223099000000,326615,0.146432,0.627,6.82909,1.5949,1000000000.0,0.8,1.02073e-09,1.6279600000000002e-18,0.193439
5,11223100000000,327615,0.146428,0.145,6.8293,6.89655,1000000000.0,0.8,4.41379e-09,3.044e-17,0.729703
5,11223101000000,328615,0.146235,0.083,6.83831,12.0482,1000000000.0,0.8,7.71084e-09,9.29017e-17,0.667275
5,11223102000000,329615,0.147511,0.567,6.77913,1.76367,1000000000.0,0.8,1.12875e-09,1.9907400000000002e-18,0.723315
5,11223103000000,330615,0.14741,0.114,6.78379,8.77193,1000000000.0,0.8,5.61404e-09,4.92459e-17,0.352733
5,11223104000000,331615,0.148039,0.356,6.75497,2.80899,1000000000.0,0.8,1.79775e-09,5.0498700000000004e-18,0.164032
5,11223105000000,332615,0.148466,0.29,6.73555,3.44828,1000000000.0,0.8,2.2069e-09,7.60999e-18,0.905344
5,11223106000000,333615,0.148465,0.148,6.73561,6.75676,1000000000.0,0.8,4.32432e-09,2.92184e-17,0.627549
5,11223107000000,334615,0.149718,0.568,6.67921,1.76056,1000000000.0,0.8,1.12676e-09,1.98373e-18,0.252844
5,11223108000000,335615,0.149666,0.132,6.68156,7.57576,1000000000.0,0.8,4.84848e-09,3.67309e-17,0.855472
5,11223109000000,336615,0.149426,0.069,6.69228,14.4928,1000000000.0,0.8,9.27536e-09,1.34426e-16,0.247996
5,11223110000000,337568,0.150885,0.666317,6.62756,1.50079,1000000000.0,0.8,9.60504e-10,1.4415100000000001e-18,0.370558
5,11223111000000,337568,0.150885,,6.62756,0.0,1000000000.0,0.8,0.0,0.0,0.0
5,11223112000000,337568,0.150885,,6.62756,0.0,1000000000.0,0.8,0.0,0.0,0.0
5,11223113000000,337568,0.150885,,6.62756,0.0,1000000000.0,0.8,0.0,0.0,0.0
5,11223114000000,337568,0.150885,,6.62756,0.0,1000000000.0,0.8,0.0,0.0,0.0
5,11223115000000,337568,0.150885,,6.62756,0.0,1000000000.0,0.8,0.0,0.0,0.0
6,10205500000000,15545,0.0717272,0.0717272,13.9417,13.9417,4000000000.0,1.0,3.48543e-09,1.21482e-17,0.0
6,10205501000000,19545,0.0886672,0.1545,11.2781,6.47249,4000000000.0,1.0,1.61812e-09,2.6183200000000004e-18,4.0
6,10205502000000,21545,0.0811789,0.008,12.3185,125.0,2000000000.0,0.9,5.0625e-08,3.16406e-15,0.958056
6,11206193000000,41176,0.066835,0.0510927,14.9622,19.5723,4000000000.0,1.0,4.89307e-09,2.39421e-17,0.749073
6,11206194000000,43176,0.0637391,0.0,15.689,0.0,2000000000.0,0.9,0.0,0.0,0.830202
6,11206195000000,43975,0.0626265,0.00250313,15.9677,399.5,1000000000.0,0.8,2.5568e-07,1.02144e-13,0.00671314
6,11222906000000,46055,0.0608403,0.0230769,16.4365,43.3333,1000000000.0,0.8,2.77333e-08,1.20178e-15,0.0
6,11222907000000,50055,0.057257,0.016,17.4651,62.5,4000000000.0,1.0,1.5625e-08,2.44141e-16,4.0
6,11222908000000,54055,0.0535196,0.00675,18.6848,148.148,4000000000.0,1.0,3.7037e-08,1.37174e-15,4.0
6,11222909000000,58055,0.0526742,0.04125,18.9846,24.2424,4000000000.0,1.0,6.06061e-09,3.67309e-17,3.18329
6,11222910000000,60055,0.0513196,0.012,19.4857,83.3333,2000000000.0,0.9,3.375e-08,1.40625e-15,1.71517
6,11222911000000,61055,0.0532307,0.168,18.7862,5.95238,1000000000.0,0.8,3.80952e-09,2.26757e-17,0.861648
6,11222912000000,63055,0.0519229,0.012,19.2593,83.3333,2000000000.0,0.9,3.375e-08,1.40625e-15,1.13175
6,11222913000000,64055,0.0528608,0.112,18.9176,8.92857,1000000000.0,0.8,5.71429e-09,5.10204e-17,0.861588
6,11222914000000,68055,0.0505767,0.014,19.7719,71.4286,4000000000.0,1.0,1.78571e-08,3.18878e-16,2.52564
6,11222915000000,70055,0.0494754,0.012,20.2121,83.3333,2000000000.0,0.9,3.375e-08,1.40625e-15,1.49827
6,11222916000000,72055,0.0504337,0.084,19.828,11.9048,2000000000.0,0.9,4.82143e-09,2.8699e-17,0.861629
6,11222917000000,76055,0.0480968,0.006,20.7914,166.667,4000000000.0,1.0,4.16667e-08,1.73611e-15,1.48343
6,11222918000000,78055,0.0490167,0.084,20.4012,11.9048,2000000000.0,0.9,4.82143e-09,2.8699e-17,0.923159
6,11222919000000,82055,0.0469197,0.006,21.313,166.667,4000000000.0,1.0,4.16667e-08,1.73611e-15,1.48343
6,11222920000000,84055,0.047802,0.084,20.9196,11.9048,2000000000.0,0.9,4.82143e-09,2.8699e-17,0.923159
6,11222921000000,88055,0.0456306,0.0,21.9151,0.0,4000000000.0,1.0,0.0,0.0,1.48343
6,11222922000000,89055,0.0455224,0.036,21.9672,27.7778,1000000000.0,0.8,1.77778e-08,4.93827e-16,0.00013378
6,11222923000000,91055,0.0462358,0.078,21.6283,12.8205,2000000000.0,0.9,5.19231e-09,3.3284e-17,1.04935
6,11222924000000,95055,0.0444164,0.003,22.5142,333.333,4000000000.0,1.0,8.33333e-08,6.94444e-15,1.47448
6,11222925000000,96055,0.0458279,0.18,21.8208,5.55556,1000000000.0,0.8,3.55556e-09,1.97531e-17,0.461653
6,11222926000000,100055,0.0441157,0.003,22.6676,333.333,4000000000.0,1.0,8.33333e-08,6.94444e-15,1.14255
6,11222927000000,101055,0.0454604,0.18,21.9972,5.55556,1000000000.0,0.8,3.55556e-09,1.97531e-17,0.461617
6,11222928000000,105055,0.0438437,0.003,22.8083,333.333,4000000000.0,1.0,8.33333e-08,6.94444e-15,1.14255
6,11222929000000,106055,0.0436472,0.023,22.911,43.4783,1000000000.0,0.8,2.78261e-08,1.20983e-15,0.461617
6,11222930000000,108055,0.0442923,0.0785,22.5773,12.7389,2000000000.0,0.9,5.15924e-09,3.28614e-17,1.45372
6,11222931000000,110055,0.0437054,0.012,22.8805,83.3333,2000000000.0,0.9,3.375e-08,1.40625e-15,1.24083e-05
6,11222932000000,112055,0.0444246,0.084,22.51,11.9048,2000000000.0,0.9,4.82143e-09,2.8699e-17,0.861619
6,11222933000000,116055,0.0431003,0.006,23.2017,166.667,4000000000.0,1.0,4.16667e-08,1.73611e-15,1.48343
6,11222934000000,118055,0.0437931,0.084,22.8346,11.9048,2000000000.0,0.9,4.82143e-09,2.8699e-17,0.923159
6,11222935000000,122055,0.0425546,0.006,23.4992,166.667,4000000000.0,1.0,4.16667e-08,1.73611e-15,1.48343
6,11222936000000,124055,0.0429326,0.066,23.2923,15.1515,2000000000.0,0.9,6.13636e-09,4.64876e-17,0.923159
6,11222937000000,128055,0.0418726,0.009,23.8819,111.111,4000000000.0,1.0,2.77778e-08,7.71605e-16,1.51331
6,11222938000000,132055,0.040786,0.006,24.5182,166.667,4000000000.0,1.0,4.16667e-08,1.73611e-15,1.82358
6,11222939000000,134055,0.0414308,0.084,24.1367,11.9048,2000000000.0,0.9,4.82143e-09,2.8699e-17,0.923181
6,11222940000000,138055,0.0404042,0.006,24.7499,166.667,4000000000.0,1.0,4.16667e-08,1.73611e-15,1.48343
6,11222941000000,140055,0.0410267,0.084,24.3743,11.9048,2000000000.0,0.9,4.82143e-09,2.8699e-17,0.923159
6,11222942000000,144055,0.0400541,0.006,24.9662,166.667,4000000000.0,1.0,4.16667e-08,1.73611e-15,1.48343
6,11222943000000,146055,0.0402246,0.0525,24.8604,19.0476,2000000000.0,0.9,7.71429e-09,7.34694e-17,0.923161
6,11222944000000,150055,0.0395722,0.01575,25.2703,63.4921,4000000000.0,1.0,1.5873e-08,2.51953e-16,1.50608
6,11222945000000,154055,0.0387005,0.006,25.8395,166.667,4000000000.0,1.0,4.16667e-08,1.73611e-15,1.48161
6,11222946000000,155055,0.0395344,0.168,25.2945,5.95238,1000000000.0,0.8,3.80952e-09,2.26757e-17,0.92309
6,11222947000000,159055,0.0386156,0.003,25.8963,333.333,4000000000.0,1.0,8.33333e-08,6.94444e-15,1.1317
6,11222948000000,160055,0.0394989,0.18,25.3171,5.55556,1000000000.0,0.8,3.55556e-09,1.97531e-17,0.461617
6,11222949000000,164055,0.038609,0.003,25.9007,333.333,4000000000.0,1.0,8.33333e-08,6.94444e-15,1.14255
6,11222950000000,165055,0.0394656,0.18,25.3385,5.55556,1000000000.0,0.8,3.55556e-09,1.97531e-17,0.461617
6,11222951000000,169055,0.0385318,0.0,25.9526,0.0,4000000000.0,1.0,0.0,0.0,1.14255
6,11222952000000,170055,0.0383758,0.012,26.0581,83.3333,1000000000.0,0.8,5.33333e-08,4.44444e-15,9.97865e-05
6,11222953000000,174055,0.0396312,0.093,25.2327,10.7527,4000000000.0,1.0,2.68817e-09,7.22627e-18,3.19508
6,11222954000000,176055,0.0398114,0.0555,25.1184,18.018,2000000000.0,0.9,7.2973e-09,6.57414e-17,4.3731
6,11222955000000,178055,0.0424026,0.2705,23.5834,3.69686,2000000000.0,0.9,1.49723e-09,2.7675200000000004e-18,2.96664
6,11222956000000,179055,0.0426405,0.085,23.4519,11.7647,1000000000.0,0.8,7.52941e-09,8.85813e-17,1.2408
6,11222957000000,180055,0.0430091,0.109,23.2509,9.17431,1000000000.0,0.8,5.87156e-09,5.38675e-17,0.65323
6,11222958000000,181055,0.0463395,0.646,21.5799,1.54799,1000000000.0,0.8,9.90712e-10,1.5336100000000002e-18,0.314282
6,11222959000000,182055,0.0467112,0.114,21.4082,8.77193,1000000000.0,0.8,5.61404e-09,4.92459e-17,0.619327
6,11222960000000,183055,0.0477835,0.243,20.9277,4.11523,1000000000.0,0.8,2.63374e-09,1.08385e-17,0.217976
6,11222961000000,184055,0.0497569,0.411,20.0977,2.43309,1000000000.0,0.8,1.55718e-09,3.78875e-18,0.752444
6,11222962000000,185055,0.050104,0.114,19.9585,8.77193,1000000000.0,0.8,5.61404e-09,4.92459e-17,0.488426
6,11222963000000,186055,0.0522641,0.452,19.1336,2.21239,1000000000.0,0.8,1.41593e-09,3.1325900000000004e-18,0.144729
6,11222964000000,187055,0.0530646,0.202,18.845,4.9505,1000000000.0,0.8,3.16832e-09,1.56847e-17,0.796477
6,11222965000000,188055,0.0533886,0.114,18.7306,8.77193,1000000000.0,0.8,5.61404e-09,4.92459e-17,0.307104
6,11222966000000,189055,0.0565021,0.642,17.6985,1.55763,1000000000.0,0.8,9.96885e-10,1.55278e-18,0.130858
6,11222967000000,190055,0.0568362,0.12,17.5944,8.33333,1000000000.0,0.8,5.33333e-09,4.44444e-17,0.613945
6,11222968000000,191055,0.0571458,0.116,17.4991,8.62069,1000000000.0,0.8,5.51724e-09,4.75624e-17,0.429718
6,11222969000000,192055,0.0596808,0.544,16.7558,1.83824,1000000000.0,0.8,1.17647e-09,2.1626300000000003e-18,1.37523
6,11222970000000,193055,0.0599622,0.114,16.6772,8.77193,1000000000.0,0.8,5.61404e-09,4.92459e-17,0.633016
6,11222971000000,194055,0.0613847,0.336,16.2907,2.97619,1000000000.0,0.8,1.90476e-09,5.668930000000001e-18,0.176309
6,11222972000000,195055,0.0627003,0.318,15.9489,3.14465,1000000000.0,0.8,2.01258e-09,6.3288600000000005e-18,0.908545
6,11222973000000,196055,0.0629619,0.114,15.8826,8.77193,1000000000.0,0.8,5.61404e-09,4.92459e-17,0.525807
6,11222974000000,197055,0.0654335,0.55,15.2827,1.81818,1000000000.0,0.8,1.16364e-09,2.1157e-18,0.148792
6,11222975000000,198055,0.0656383,0.106,15.235,9.43396,1000000000.0,0.8,6.03774e-09,5.69598e-17,0.868785
6,11222976000000,199055,0.0658712,0.112,15.1811,8.92857,1000000000.0,0.8,5.71429e-09,5.10204e-17,0.506616
6,11222977000000,200055,0.0688111,0.654,14.5325,1.52905,1000000000.0,0.8,9.78593e-10,1.4963200000000001e-18,0.324868
6,11222978000000,201055,0.0690358,0.114,14.4852,8.77193,1000000000.0,0.8,5.61404e-09,4.92459e-17,0.654116
6,11222979000000,202055,0.0698176,0.227,14.323,4.40529,1000000000.0,0.8,2.81938e-09,1.24202e-17,0.225067
6,11222980000000,203055,0.0715767,0.427,13.971,2.34192,1000000000.0,0.8,1.49883e-09,3.51014e-18,0.771202
6,11222981000000,204055,0.0717846,0.114,13.9306,8.77193,1000000000.0,0.8,5.61404e-09,4.92459e-17,0.543067
6,11222982000000,205055,0.0735803,0.44,13.5906,2.27273,1000000000.0,0.8,1.45455e-09,3.3057900000000004e-18,0.153959
6,11222983000000,206055,0.0742617,0.214,13.4659,4.6729,1000000000.0,0.8,2.99065e-09,1.3975e-17,0.702892
6,11222984000000,207055,0.0744536,0.114,13.4312,8.77193,1000000000.0,0.8,5.61404e-09,4.92459e-17,0.395618
6,11222985000000,208055,0.0771479,0.635,12.9621,1.5748,1000000000.0,0.8,1.00787e-09,1.5872e-18,0.327084
6,11222986000000,209055,0.0773672,0.123,12.9254,8.13008,1000000000.0,0.8,5.20325e-09,4.23029e-17,0.739323
6,11222987000000,210055,0.0774892,0.103,12.905,9.70874,1000000000.0,0.8,6.21359e-09,6.03261e-17,0.442902
6,11222988000000,211055,0.0797802,0.561,12.5344,1.78253,1000000000.0,0.8,1.14082e-09,2.0335500000000002e-18,0.84382
6,11222989000000,212055,0.0799415,0.114,12.5091,8.77193,1000000000.0,0.8,5.61404e-09,4.92459e-17,0.605451
6,11222990000000,213055,0.081073,0.321,12.3346,3.11526,1000000000.0,0.8,1.99377e-09,6.21112e-18,0.179294
6,11222991000000,214055,0.0822499,0.333,12.1581,3.003,1000000000.0,0.8,1.92192e-09,5.77154e-18,0.925444
6,11222992000000,215055,0.0823975,0.114,12.1363,8.77193,1000000000.0,0.8,5.61404e-09,4.92459e-17,0.509189
6,11222993000000,216055,0.0845016,0.537,11.8341,1.8622,1000000000.0,0.8,1.19181e-09,2.21938e-18,0.159721
6,11222994000000,217055,0.0846514,0.117,11.8132,8.54701,1000000000.0,0.8,5.47009e-09,4.67529e-17,0.934373
6,11222995000000,218055,0.0847859,0.114,11.7944,8.77193,1000000000.0,0.8,5.61404e-09,4.92459e-17,0.241319
6,11222996000000,219055,0.0873844,0.654,11.4437,1.52905,1000000000.0,0.8,9.78593e-10,1.4963200000000001e-18,0.154028
6,11222997000000,220055,0.0875054,0.114,11.4279,8.77193,1000000000.0,0.8,5.61404e-09,4.92459e-17,0.595066
6,11222998000000,221055,0.0880641,0.211,11.3554,4.73934,1000000000.0,0.8,3.03318e-09,1.43752e-17,0.259086
6,11222999000000,223055,0.0892605,0.2215,11.2032,4.51467,2000000000.0,0.9,1.82844e-09,4.1274100000000006e-18,0.878981
6,11223000000000,224055,0.0894066,0.122,11.1849,8.19672,1000000000.0,0.8,5.2459e-09,4.29992e-17,0.512358
6,11223001000000,225055,0.0915998,0.583,10.9171,1.71527,1000000000.0,0.8,1.09777e-09,1.8829700000000003e-18,0.130862
6,11223002000000,227055,0.0914888,0.079,10.9303,12.6582,2000000000.0,0.9,5.12658e-09,3.24467e-17,0.733485
6,11223003000000,229055,0.0910043,0.036,10.9885,27.7778,2000000000.0,0.9,1.125e-08,1.5625e-16,0.356598
6,11223004000000,230055,0.0935863,0.685,10.6853,1.45985,1000000000.0,0.8,9.34307e-10,1.3639500000000002e-18,2.19179
6,11223005000000,232055,0.0940553,0.148,10.632,6.75676,2000000000.0,0.9,2.73649e-09,9.244890000000001e-18,15.2546
6,11223006000000,233055,0.0941452,0.115,10.6219,8.69565,1000000000.0,0.8,5.56522e-09,4.83932e-17,0.420619
6,11223007000000,234055,0.0963449,0.609,10.3794,1.64204,1000000000.0,0.8,1.0509e-09,1.7256200000000001e-18,0.0865901
6,11223008000000,235055,0.0964668,0.125,10.3663,8.0,1000000000.0,0.8,5.12e-09,4.096e-17,0.637395
6,11223009000000,236055,0.0962233,0.039,10.3925,25.641,1000000000.0,0.8,1.64103e-08,4.20776e-16,1.30593
6,11223010000000,237055,0.0983654,0.604,10.1662,1.65563,1000000000.0,0.8,1.0596e-09,1.75431e-18,0.87258
6,11223011000000,238055,0.0986411,0.164,10.1378,6.09756,1000000000.0,0.8,3.90244e-09,2.37954e-17,0.306174
6,11223012000000,239055,0.0984501,0.053,10.1574,18.8679,1000000000.0,0.8,1.20755e-08,2.27839e-16,0.98926
6,11223013000000,240055,0.100335,0.551,9.96658,1.81488,1000000000.0,0.8,1.16152e-09,2.1080300000000003e-18,1.14517
6,11223014000000,241055,0.100599,0.164,9.94041,6.09756,1000000000.0,0.8,3.90244e-09,2.37954e-17,0.634311
6,11223015000000,242055,0.100932,0.181,9.9077,5.52486,1000000000.0,0.8,3.53591e-09,1.95354e-17,0.942523
6,11223016000000,243055,0.102257,0.423,9.77931,2.36407,1000000000.0,0.8,1.513e-09,3.5768400000000006e-18,1.04309
6,11223017000000,244055,0.102444,0.148,9.76142,6.75676,1000000000.0,0.8,4.32432e-09,2.92184e-17,0.462549
6,11223018000000,245055,0.103471,0.354,9.66458,2.82486,1000000000.0,0.8,1.80791e-09,5.1070900000000006e-18,0.277225
6,11223019000000,246055,0.104164,0.274,9.60027,3.64964,1000000000.0,0.8,2.33577e-09,8.524690000000001e-18,0.821254
6,11223020000000,247055,0.104204,0.114,9.59661,8.77193,1000000000.0,0.8,5.61404e-09,4.92459e-17,0.376468
6,11223021000000,248055,0.105775,0.494,9.45404,2.02429,1000000000.0,0.8,1.29555e-09,2.62256e-18,0.168125
6,11223022000000,249055,0.105961,0.152,9.43748,6.57895,1000000000.0,0.8,4.21053e-09,2.77008e-17,0.816506
6,11223023000000,250055,0.106129,0.148,9.42253,6.75676,1000000000.0,0.8,4.32432e-09,2.92184e-17,0.565148
6,11223024000000,251055,0.108132,0.609,9.24798,1.64204,1000000000.0,0.8,1.0509e-09,1.7256200000000001e-18,0.2903
6,11223025000000,252055,0.108076,0.094,9.25278,10.6383,1000000000.0,0.8,6.80851e-09,7.2431e-17,0.70618
6,11223026000000,253055,0.107803,0.039,9.27621,25.641,1000000000.0,0.8,1.64103e-08,4.20776e-16,0.367223
6,11223027000000,254055,0.109921,0.646,9.09744,1.54799,1000000000.0,0.8,9.90712e-10,1.5336100000000002e-18,0.341269
6,11223028000000,255055,0.11007,0.148,9.0851,6.75676,1000000000.0,0.8,4.32432e-09,2.92184e-17,0.693758
6,11223029000000,256055,0.110129,0.125,9.08029,8.0,1000000000.0,0.8,5.12e-09,4.096e-17,0.338792
6,11223030000000,257055,0.111657,0.503,8.956,1.98807,1000000000.0,0.8,1.27237e-09,2.52955e-18,0.920938
6,11223031000000,258055,0.111666,0.114,8.95527,8.77193,1000000000.0,0.8,5.61404e-09,4.92459e-17,0.65744
6,11223032000000,259055,0.112362,0.292,8.89979,3.42466,1000000000.0,0.8,2.19178e-09,7.5061e-18,0.169231
6,11223033000000,260055,0.113291,0.354,8.82679,2.82486,1000000000.0,0.8,1.80791e-09,5.1070900000000006e-18,0.902912
6,11223034000000,261055,0.113424,0.148,8.81645,6.75676,1000000000.0,0.8,4.32432e-09,2.92184e-17,0.492846
6,11223035000000,262055,0.11461,0.424,8.72528,2.35849,1000000000.0,0.8,1.50943e-09,3.5599900000000006e-18,0.266934
6,11223036000000,263055,0.114949,0.204,8.69948,4.90196,1000000000.0,0.8,3.13725e-09,1.53787e-17,0.841071
6,11223037000000,264055,0.114946,0.114,8.69976,8.77193,1000000000.0,0.8,5.61404e-09,4.92459e-17,0.372763
6,11223038000000,265055,0.116606,0.555,8.57589,1.8018,1000000000.0,0.8,1.15315e-09,2.0777500000000004e-18,0.194694
6,11223039000000,266055,0.116562,0.105,8.5791,9.52381,1000000000.0,0.8,6.09524e-09,5.80499e-17,0.807304
6,11223040000000,267055,0.116628,0.134,8.5743,7.46269,1000000000.0,0.8,4.77612e-09,3.56427e-17,0.522103
6,11223041000000,268055,0.118535,0.628,8.4363,1.59236,1000000000.0,0.8,1.01911e-09,1.62278e-18,0.393
6,11223042000000,269055,0.118519,0.114,8.4375,8.77193,1000000000.0,0.8,5.61404e-09,4.92459e-17,0.551098
6,11223043000000,270055,0.118309,0.062,8.45243,16.129,1000000000.0,0.8,1.03226e-08,1.66493e-16,0.348616
6,11223044000000,271055,0.120027,0.584,8.33144,1.71233,1000000000.0,0.8,1.09589e-09,1.8765200000000002e-18,0.560921
6,11223045000000,272055,0.12013,0.148,8.32431,6.75676,1000000000.0,0.8,4.32432e-09,2.92184e-17,0.618824
6,11223046000000,273055,0.120511,0.224,8.29803,4.46429,1000000000.0,0.8,2.85714e-09,1.27551e-17,0.296437
6,11223047000000,274055,0.121545,0.404,8.22741,2.47525,1000000000.0,0.8,1.58416e-09,3.92118e-18,0.962744
6,11223048000000,275055,0.121518,0.114,8.22927,8.77193,1000000000.0,0.8,5.61404e-09,4.92459e-17,0.256964
6,11223049000000,276055,0.12236,0.354,8.17263,2.82486,1000000000.0,0.8,1.80791e-09,5.1070900000000006e-18,0.161819
6,11223050000000,277055,0.122972,0.292,8.13193,3.42466,1000000000.0,0.8,2.19178e-09,7.5061e-18,0.894631
6,11223051000000,278055,0.123062,0.148,8.12599,6.75676,1000000000.0,0.8,4.32432e-09,2.92184e-17,0.571775
6,11223052000000,279055,0.124413,0.5,8.03776,2.0,1000000000.0,0.8,1.28e-09,2.56e-18,0.276181
6,11223053000000,280055,0.124426,0.128,8.03693,7.8125,1000000000.0,0.8,5e-09,3.90625e-17,0.922162
6,11223054000000,281055,0.124388,0.114,8.03933,8.77193,1000000000.0,0.8,5.61404e-09,4.92459e-17,0.490871
6,11223055000000,282055,0.12617,0.627,7.92579,1.5949,1000000000.0,0.8,1.02073e-09,1.6279600000000002e-18,0.239328
6,11223056000000,283055,0.126237,0.145,7.92161,6.89655,1000000000.0,0.8,4.41379e-09,3.044e-17,0.706528
6,11223057000000,284055,0.12587,0.022,7.94471,45.4545,1000000000.0,0.8,2.90909e-08,1.32231e-15,0.60963
6,11223058000000,285055,0.127789,0.673,7.82538,1.48588,1000000000.0,0.8,9.50966e-10,1.4130200000000002e-18,0.873201
6,11223059000000,286055,0.128486,0.327,7.78296,3.0581,1000000000.0,0.8,1.95719e-09,5.9852800000000006e-18,0.304957
6,11223060000000,287055,0.128439,0.115,7.78581,8.69565,1000000000.0,0.8,5.56522e-09,4.83932e-17,0.521621
6,11223061000000,288055,0.129215,0.352,7.73905,2.84091,1000000000.0,0.8,1.81818e-09,5.165290000000001e-18,0.241669
6,11223062000000,289055,0.129657,0.257,7.71266,3.89105,1000000000.0,0.8,2.49027e-09,9.689780000000001e-18,0.732006
6,11223063000000,290055,0.12972,0.148,7.7089,6.75676,1000000000.0,0.8,4.32432e-09,2.92184e-17,0.379901
6,11223064000000,291055,0.131319,0.595,7.61505,1.68067,1000000000.0,0.8,1.07563e-09,1.8077800000000003e-18,0.26285
6,11223065000000,292055,0.131331,0.135,7.61432,7.40741,1000000000.0,0.8,4.74074e-09,3.51166e-17,0.773777
6,11223066000000,293055,0.13119,0.09,7.62251,11.1111,1000000000.0,0.8,7.11111e-09,7.90123e-17,0.264783
6,11223067000000,294055,0.132676,0.568,7.53717,1.76056,1000000000.0,0.8,1.12676e-09,1.98373e-18,0.617638
6,11223068000000,295055,0.132728,0.148,7.53422,6.75676,1000000000.0,0.8,4.32432e-09,2.92184e-17,0.618284
6,11223069000000,296055,0.133347,0.316,7.49924,3.16456,1000000000.0,0.8,2.02532e-09,6.4092300000000005e-18,0.293646
6,11223070000000,297055,0.133948,0.312,7.46557,3.20513,1000000000.0,0.8,2.05128e-09,6.574620000000001e-18,0.964621
6,11223071000000,298055,0.133881,0.114,7.4693,8.77193,1000000000.0,0.8,5.61404e-09,4.92459e-17,0.559499
6,11223072000000,299055,0.135336,0.569,7.389,1.75747,1000000000.0,0.8,1.12478e-09,1.97677e-18,0.165866
6,11223073000000,300055,0.135212,0.098,7.3958,10.2041,1000000000.0,0.8,6.53061e-09,6.66389e-17,0.792389
6,11223074000000,301055,0.135185,0.127,7.39729,7.87402,1000000000.0,0.8,5.03937e-09,3.96801e-17,0.439591
6,11223075000000,302055,0.136816,0.628,7.30908,1.59236,1000000000.0,0.8,1.01911e-09,1.62278e-18,0.416942
6,11223076000000,303055,0.136741,0.114,7.3131,8.77193,1000000000.0,0.8,5.61404e-09,4.92459e-17,0.660469
6,11223077000000,304055,0.137225,0.284,7.28729,3.52113,1000000000.0,0.8,2.25352e-09,7.93493e-18,0.184022
6,11223078000000,305055,0.137962,0.362,7.24837,2.76243,1000000000.0,0.8,1.76796e-09,4.88386e-18,0.838791
6,11223079000000,306055,0.137995,0.148,7.24665,6.75676,1000000000.0,0.8,4.32432e-09,2.92184e-17,0.494174
6,11223080000000,307055,0.139157,0.495,7.1861,2.0202,1000000000.0,0.8,1.29293e-09,2.61198e-18,0.263267
6,11223081000000,308055,0.139137,0.133,7.18714,7.5188,1000000000.0,0.8,4.81203e-09,3.61807e-17,0.930963
6,11223082000000,309055,0.139056,0.114,7.19134,8.77193,1000000000.0,0.8,5.61404e-09,4.92459e-17,0.4784
6,11223083000000,310055,0.140691,0.646,7.10777,1.54799,1000000000.0,0.8,9.90712e-10,1.5336100000000002e-18,0.285164
6,11223084000000,311055,0.140715,0.148,7.10658,6.75676,1000000000.0,0.8,4.32432e-09,2.92184e-17,0.658726
6,11223085000000,312055,0.140937,0.21,7.09538,4.7619,1000000000.0,0.8,3.04762e-09,1.45125e-17,0.347143
6,11223086000000,313055,0.141822,0.418,7.05111,2.39234,1000000000.0,0.8,1.5311e-09,3.66292e-18,1.05416
6,11223087000000,314055,0.141733,0.114,7.05551,8.77193,1000000000.0,0.8,5.61404e-09,4.92459e-17,0.398114
6,11223088000000,315055,0.14275,0.462,7.00527,2.1645,1000000000.0,0.8,1.38528e-09,2.9984400000000003e-18,0.155722
6,11223089000000,316055,0.14288,0.184,6.99887,5.43478,1000000000.0,0.8,3.47826e-09,1.89036e-17,0.770529
6,11223090000000,317055,0.142896,0.148,6.99808,6.75676,1000000000.0,0.8,4.32432e-09,2.92184e-17,0.205148
6,11223091000000,318055,0.144422,0.628,6.92417,1.59236,1000000000.0,0.8,1.01911e-09,1.62278e-18,0.244228
6,11223092000000,319055,0.144326,0.114,6.92875,8.77193,1000000000.0,0.8,5.61404e-09,4.92459e-17,0.403745
6,11223093000000,320055,0.144431,0.178,6.9237,5.61798,1000000000.0,0.8,3.59551e-09,2.01995e-17,0.273697
6,11223094000000,321055,0.145439,0.468,6.87572,2.13675,1000000000.0,0.8,1.36752e-09,2.92205e-18,1.06143
6,11223095000000,322055,0.145447,0.148,6.87535,6.75676,1000000000.0,0.8,4.32432e-09,2.92184e-17,0.456504
6,11223096000000,323055,0.146207,0.391,6.8396,2.55754,1000000000.0,0.8,1.63683e-09,4.18626e-18,0.27396
6,11223097000000,324055,0.146487,0.237,6.82652,4.21941,1000000000.0,0.8,2.70042e-09,1.13942e-17,0.923344
6,11223098000000,325055,0.146388,0.114,6.83118,8.77193,1000000000.0,0.8,5.61404e-09,4.92459e-17,0.313842
6,11223099000000,326055,0.147862,0.627,6.76308,1.5949,1000000000.0,0.8,1.02073e-09,1.6279600000000002e-18,0.18796
6,11223100000000,327055,0.147853,0.145,6.76348,6.89655,1000000000.0,0.8,4.41379e-09,3.044e-17,0.732475
6,11223101000000,328055,0.147655,0.083,6.77254,12.0482,1000000000.0,0.8,7.71084e-09,9.29017e-17,0.665775
6,11223102000000,329055,0.14893,0.567,6.71459,1.76367,1000000000.0,0.8,1.12875e-09,1.9907400000000002e-18,0.713198
6,11223103000000,330055,0.148824,0.114,6.71936,8.77193,1000000000.0,0.8,5.61404e-09,4.92459e-17,0.353533
6,11223104000000,331055,0.149449,0.356,6.69122,2.80899,1000000000.0,0.8,1.79775e-09,5.0498700000000004e-18,0.163651
6,11223105000000,332055,0.149873,0.29,6.67233,3.44828,1000000000.0,0.8,2.2069e-09,7.60999e-18,0.913882
6,11223106000000,333055,0.149867,0.148,6.67258,6.75676,1000000000.0,0.8,4.32432e-09,2.92184e-17,0.62756
6,11223107000000,334055,0.151119,0.568,6.61731,1.76056,1000000000.0,0.8,1.12676e-09,1.98373e-18,0.252215
6,11223108000000,335055,0.151062,0.132,6.61981,7.57576,1000000000.0,0.8,4.84848e-09,3.67309e-17,0.855655
6,11223109000000,336055,0.150818,0.069,6.63053,14.4928,1000000000.0,0.8,9.27536e-09,1.34426e-16,0.259123
6,11223110000000,337008,0.152275,0.666317,6.56705,1.50079,1000000000.0,0.8,9.60504e-10,1.4415100000000001e-18,0.335244
6,11223111000000,337008,0.152275,,6.56705,0.0,1000000000.0,0.8,0.0,0.0,0.0
6,11223112000000,337008,0.152275,,6.56705,0.0,1000000000.0,0.8,0.0,0.0,0.0
6,11223113000000,337008,0.152275,,6.56705,0.0,1000000000.0,0.8,0.0,0.0,0.0
6,11223114000000,337008,0.152275,,6.56705,0.0,1000000000.0,0.8,0.0,0.0,0.0
6,11223115000000,337008,0.152275,,6.56705,0.0,1000000000.0,0.8,0.0,0.0,0.0
7,10205500000000,15545,0.0731425,0.0731425,13.6719,13.6719,4000000000.0,1.0,3.41799e-09,1.16826e-17,0.0
7,10205501000000,19545,0.0886672,0.149,11.2781,6.71141,4000000000.0,1.0,1.67785e-09,2.81519e-18,4.0
7,10205502000000,21545,0.0811789,0.008,12.3185,125.0,2000000000.0,0.9,5.0625e-08,3.16406e-15,0.670639
7,11206193000000,40896,0.0719875,0.0617539,13.8913,16.1933,4000000000.0,1.0,4.04833e-09,1.63889e-17,0.824351
7,11206194000000,42896,0.0686311,0.0,14.5707,0.0,2000000000.0,0.9,0.0,0.0,0.815461
7,11206195000000,43415,0.0678567,0.00385356,14.7369,259.5,1000000000.0,0.8,1.6608e-07,4.30978e-14,0.00328944
7,11222906000000,45495,0.0658094,0.0230769,15.1954,43.3333,1000000000.0,0.8,2.77333e-08,1.20178e-15,0.0
7,11222907000000,49495,0.061784,0.016,16.1854,62.5,4000000000.0,1.0,1.5625e-08,2.44141e-16,4.0
7,11222908000000,53495,0.0576689,0.00675,17.3404,148.148,4000000000.0,1.0,3.7037e-08,1.37174e-15,4.0
7,11222909000000,57495,0.0565267,0.04125,17.6908,24.2424,4000000000.0,1.0,6.06061e-09,3.67309e-17,3.1832
7,11222910000000,59495,0.0550298,0.012,18.172,83.3333,2000000000.0,0.9,3.375e-08,1.40625e-15,1.75447
7,11222911000000,60495,0.0568973,0.168,17.5755,5.95238,1000000000.0,0.8,3.80952e-09,2.26757e-17,0.861565
7,11222912000000,62495,0.0554604,0.012,18.0309,83.3333,2000000000.0,0.9,3.375e-08,1.40625e-15,1.13179
7,11222913000000,63495,0.0563509,0.112,17.7459,8.92857,1000000000.0,0.8,5.71429e-09,5.10204e-17,0.86155
7,11222914000000,67495,0.053841,0.014,18.5732,71.4286,4000000000.0,1.0,1.78571e-08,3.18878e-16,2.52555
7,11222915000000,69495,0.0526369,0.012,18.9981,83.3333,2000000000.0,0.9,3.375e-08,1.40625e-15,1.49955
7,11222916000000,71495,0.0535142,0.084,18.6866,11.9048,2000000000.0,0.9,4.82143e-09,2.8699e-17,0.86156
7,11222917000000,75495,0.0509968,0.006,19.6091,166.667,4000000000.0,1.0,4.16667e-08,1.73611e-15,1.48349
7,11222918000000,77495,0.0518485,0.084,19.287,11.9048,2000000000.0,0.9,4.82143e-09,2.8699e-17,0.923097
7,11222919000000,81495,0.0495981,0.006,20.162,166.667,4000000000.0,1.0,4.16667e-08,1.73611e-15,1.48349
7,11222920000000,83495,0.0504222,0.084,19.8325,11.9048,2000000000.0,0.9,4.82143e-09,2.8699e-17,0.923097
7,11222921000000,87495,0.048117,0.0,20.7827,0.0,4000000000.0,1.0,0.0,0.0,1.48349
7,11222922000000,88495,0.0479801,0.036,20.842,27.7778,1000000000.0,0.8,1.77778e-08,4.93827e-16,3.21206e-05
7,11222923000000,90495,0.0486436,0.078,20.5577,12.8205,2000000000.0,0.9,5.19231e-09,3.3284e-17,1.04934
7,11222924000000,94495,0.0467115,0.003,21.408,333.333,4000000000.0,1.0,8.33333e-08,6.94444e-15,1.47458
7,11222925000000,95495,0.0481072,0.18,20.7869,5.55556,1000000000.0,0.8,3.55556e-09,1.97531e-17,0.461566
7,11222926000000,99495,0.0462938,0.003,21.6012,333.333,4000000000.0,1.0,8.33333e-08,6.94444e-15,1.14261
7,11222927000000,100495,0.0476243,0.18,20.9977,5.55556,1000000000.0,0.8,3.55556e-09,1.97531e-17,0.461557
7,11222928000000,104495,0.0459161,0.003,21.7789,333.333,4000000000.0,1.0,8.33333e-08,6.94444e-15,1.14261
7,11222929000000,105495,0.0456988,0.023,21.8824,43.4783,1000000000.0,0.8,2.78261e-08,1.20983e-15,0.461557
7,11222930000000,107495,0.0463091,0.0785,21.594,12.7389,2000000000.0,0.9,5.15924e-09,3.28614e-17,1.45372
7,11222931000000,109495,0.0456825,0.012,21.8902,83.3333,2000000000.0,0.9,3.375e-08,1.40625e-15,1.24083e-05
7,11222932000000,111495,0.0463698,0.084,21.5658,11.9048,2000000000.0,0.9,4.82143e-09,2.8699e-17,0.861558
7,11222933000000,115495,0.0449716,0.006,22.2362,166.667,4000000000.0,1.0,4.16667e-08,1.73611e-15,1.48349
7,11222934000000,117495,0.045636,0.084,21.9125,11.9048,2000000000.0,0.9,4.82143e-09,2.8699e-17,0.923097
7,11222935000000,121495,0.044331,0.006,22.5576,166.667,4000000000.0,1.0,4.16667e-08,1.73611e-15,1.48349
7,11222936000000,123495,0.044682,0.066,22.3804,15.1515,2000000000.0,0.9,6.13636e-09,4.64876e-17,0.923097
7,11222937000000,127495,0.0435625,0.009,22.9555,111.111,4000000000.0,1.0,2.77778e-08,7.71605e-16,1.51327
7,11222938000000,131495,0.0424199,0.006,23.5739,166.667,4000000000.0,1.0,4.16667e-08,1.73611e-15,1.83814
7,11222939000000,133495,0.0430428,0.084,23.2327,11.9048,2000000000.0,0.9,4.82143e-09,2.8699e-17,0.923102
7,11222940000000,137495,0.0419652,0.006,23.8293,166.667,4000000000.0,1.0,4.16667e-08,1.73611e-15,1.48349
7,11222941000000,139495,0.0425678,0.084,23.4919,11.9048,2000000000.0,0.9,4.82143e-09,2.8699e-17,0.923097
7,11222942000000,143495,0.0415485,0.006,24.0683,166.667,4000000000.0,1.0,4.16667e-08,1.73611e-15,1.48349
7,11222943000000,145495,0.041699,0.0525,23.9814,19.0476,2000000000.0,0.9,7.71429e-09,7.34694e-17,0.923097
7,11222944000000,149495,0.0410047,0.01575,24.3874,63.4921,4000000000.0,1.0,1.5873e-08,2.51953e-16,1.50615
7,11222945000000,153495,0.0400925,0.006,24.9423,166.667,4000000000.0,1.0,4.16667e-08,1.73611e-15,1.48164
7,11222946000000,154495,0.0409204,0.168,24.4377,5.95238,1000000000.0,0.8,3.80952e-09,2.26757e-17,0.92308
7,11222947000000,158495,0.0399634,0.003,25.0229,333.333,4000000000.0,1.0,8.33333e-08,6.94444e-15,1.13178
7,11222948000000,159495,0.0408414,0.18,24.485,5.55556,1000000000.0,0.8,3.55556e-09,1.97531e-17,0.461557
7,11222949000000,163495,0.0399156,0.003,25.0529,333.333,4000000000.0,1.0,8.33333e-08,6.94444e-15,1.14261
7,11222950000000,164495,0.0407672,0.18,24.5295,5.55556,1000000000.0,0.8,3.55556e-09,1.97531e-17,0.461557
7,11222951000000,168495,0.0397994,0.0,25.126,0.0,4000000000.0,1.0,0.0,0.0,1.14261
7,11222952000000,169495,0.0396354,0.012,25.23,83.3333,1000000000.0,0.8,5.33333e-08,4.44444e-15,2.39587e-05
7,11222953000000,173495,0.0408657,0.093,24.4704,10.7527,4000000000.0,1.0,2.68817e-09,7.22627e-18,3.19508
7,11222954000000,175495,0.0410325,0.0555,24.3709,18.018,2000000000.0,0.9,7.2973e-09,6.57414e-17,4.34626
7,11222955000000,177495,0.0436181,0.2705,22.9262,3.69686,2000000000.0,0.9,1.49723e-09,2.7675200000000004e-18,2.96651
7,11222956000000,178495,0.04385,0.085,22.805,11.7647,1000000000.0,0.8,7.52941e-09,8.85813e-17,1.24219
7,11222957000000,179495,0.0442129,0.109,22.6178,9.17431,1000000000.0,0.8,5.87156e-09,5.38675e-17,0.620295
7,11222958000000,180495,0.047547,0.646,21.0318,1.54799,1000000000.0,0.8,9.90712e-10,1.5336100000000002e-18,0.316111
7,11222959000000,181495,0.0479132,0.114,20.8711,8.77193,1000000000.0,0.8,5.61404e-09,4.92459e-17,0.630406
7,11222960000000,182495,0.0489822,0.243,20.4156,4.11523,1000000000.0,0.8,2.63374e-09,1.08385e-17,0.215735
7,11222961000000,183495,0.0509551,0.411,19.6251,2.43309,1000000000.0,0.8,1.55718e-09,3.78875e-18,0.751456
7,11222962000000,184495,0.0512968,0.114,19.4944,8.77193,1000000000.0,0.8,5.61404e-09,4.92459e-17,0.47536
7,11222963000000,185495,0.053457,0.452,18.7066,2.21239,1000000000.0,0.8,1.41593e-09,3.1325900000000004e-18,0.142496
7,11222964000000,186495,0.0542535,0.202,18.432,4.9505,1000000000.0,0.8,3.16832e-09,1.56847e-17,0.796619
7,11222965000000,187495,0.0545721,0.114,18.3244,8.77193,1000000000.0,0.8,5.61404e-09,4.92459e-17,0.307104
7,11222966000000,188495,0.0576885,0.642,17.3345,1.55763,1000000000.0,0.8,9.96885e-10,1.55278e-18,0.127043
7,11222967000000,189495,0.0580174,0.12,17.2362,8.33333,1000000000.0,0.8,5.33333e-09,4.44444e-17,0.643473
7,11222968000000,190495,0.0583217,0.116,17.1463,8.62069,1000000000.0,0.8,5.51724e-09,4.75624e-17,0.429275
7,11222969000000,191495,0.060858,0.544,16.4317,1.83824,1000000000.0,0.8,1.17647e-09,2.1626300000000003e-18,1.37703
7,11222970000000,192495,0.0611341,0.114,16.3575,8.77193,1000000000.0,0.8,5.61404e-09,4.92459e-17,0.622966
7,11222971000000,193495,0.0625546,0.336,15.986,2.97619,1000000000.0,0.8,1.90476e-09,5.668930000000001e-18,0.171734
7,11222972000000,194495,0.063868,0.318,15.6573,3.14465,1000000000.0,0.8,2.01258e-09,6.3288600000000005e-18,0.910082
7,11222973000000,195495,0.0641244,0.114,15.5947,8.77193,1000000000.0,0.8,5.61404e-09,4.92459e-17,0.5084
7,11222974000000,196495,0.0665971,0.55,15.0157,1.81818,1000000000.0,0.8,1.16364e-09,2.1157e-18,0.14202
7,11222975000000,197495,0.0667966,0.106,14.9708,9.43396,1000000000.0,0.8,6.03774e-09,5.69598e-17,0.86811
7,11222976000000,198495,0.0670244,0.112,14.9199,8.92857,1000000000.0,0.8,5.71429e-09,5.10204e-17,0.525562
7,11222977000000,199495,0.0699667,0.654,14.2925,1.52905,1000000000.0,0.8,9.78593e-10,1.4963200000000001e-18,0.260942
7,11222978000000,200495,0.0701863,0.114,14.2478,8.77193,1000000000.0,0.8,5.61404e-09,4.92459e-17,0.659274
7,11222979000000,201495,0.0709645,0.227,14.0915,4.40529,1000000000.0,0.8,2.81938e-09,1.24202e-17,0.224539
7,11222980000000,202495,0.0727228,0.427,13.7508,2.34192,1000000000.0,0.8,1.49883e-09,3.51014e-18,0.770495
7,11222981000000,203495,0.0729256,0.114,13.7126,8.77193,1000000000.0,0.8,5.61404e-09,4.92459e-17,0.543068
7,11222982000000,204495,0.0747207,0.44,13.3832,2.27273,1000000000.0,0.8,1.45455e-09,3.3057900000000004e-18,0.149425
7,11222983000000,205495,0.0753984,0.214,13.2629,4.6729,1000000000.0,0.8,2.99065e-09,1.3975e-17,0.704592
7,11222984000000,206495,0.0755854,0.114,13.2301,8.77193,1000000000.0,0.8,5.61404e-09,4.92459e-17,0.35796
7,11222985000000,207495,0.0782814,0.635,12.7744,1.5748,1000000000.0,0.8,1.00787e-09,1.5872e-18,0.264933
7,11222986000000,208495,0.0784959,0.123,12.7395,8.13008,1000000000.0,0.8,5.20325e-09,4.23029e-17,0.739943
7,11222987000000,209495,0.0786129,0.103,12.7206,9.70874,1000000000.0,0.8,6.21359e-09,6.03261e-17,0.433544
7,11222988000000,210495,0.0809045,0.561,12.3602,1.78253,1000000000.0,0.8,1.14082e-09,2.0335500000000002e-18,0.846769
7,11222989000000,211495,0.081061,0.114,12.3364,8.77193,1000000000.0,0.8,5.61404e-09,4.92459e-17,0.61453
7,11222990000000,212495,0.0821902,0.321,12.1669,3.11526,1000000000.0,0.8,1.99377e-09,6.21112e-18,0.175586
7,11222991000000,213495,0.0833649,0.333,11.9954,3.003,1000000000.0,0.8,1.92192e-09,5.77154e-18,0.925192
7,11222992000000,214495,0.0835078,0.114,11.9749,8.77193,1000000000.0,0.8,5.61404e-09,4.92459e-17,0.488839
7,11222993000000,215495,0.0856122,0.537,11.6806,1.8622,1000000000.0,0.8,1.19181e-09,2.21938e-18,0.149767
7,11222994000000,216495,0.0857572,0.117,11.6608,8.54701,1000000000.0,0.8,5.47009e-09,4.67529e-17,0.935531
7,11222995000000,217495,0.085887,0.114,11.6432,8.77193,1000000000.0,0.8,5.61404e-09,4.92459e-17,0.241319
7,11222996000000,218495,0.0884872,0.654,11.3011,1.52905,1000000000.0,0.8,9.78593e-10,1.4963200000000001e-18,0.14161
7,11222997000000,219495,0.0886034,0.114,11.2863,8.77193,1000000000.0,0.8,5.61404e-09,4.92459e-17,0.619279
7,11222998000000,220495,0.0891585,0.211,11.216,4.73934,1000000000.0,0.8,3.03318e-09,1.43752e-17,0.252716
7,11222999000000,222495,0.0903481,0.2215,11.0683,4.51467,2000000000.0,0.9,1.82844e-09,4.1274100000000006e-18,0.879349
7,11223000000000,223495,0.0904897,0.122,11.051,8.19672,1000000000.0,0.8,5.2459e-09,4.29992e-17,0.512358
7,11223001000000,224495,0.0926836,0.583,10.7894,1.71527,1000000000.0,0.8,1.09777e-09,1.8829700000000003e-18,0.129769
7,11223002000000,226495,0.0925627,0.079,10.8035,12.6582,2000000000.0,0.9,5.12658e-09,3.24467e-17,0.73346
7,11223003000000,228495,0.0920677,0.036,10.8616,27.7778,2000000000.0,0.9,1.125e-08,1.5625e-16,0.4043
7,11223004000000,229495,0.0946513,0.685,10.5651,1.45985,1000000000.0,0.8,9.34307e-10,1.3639500000000002e-18,2.20984
7,11223005000000,231495,0.0951122,0.148,10.5139,6.75676,2000000000.0,0.9,2.73649e-09,9.244890000000001e-18,15.2546
7,11223006000000,232495,0.0951977,0.115,10.5045,8.69565,1000000000.0,0.8,5.56522e-09,4.83932e-17,0.420619
7,11223007000000,233495,0.0973982,0.609,10.2671,1.64204,1000000000.0,0.8,1.0509e-09,1.7256200000000001e-18,0.0865944
7,11223008000000,234495,0.0975159,0.125,10.2547,8.0,1000000000.0,0.8,5.12e-09,4.096e-17,0.644554
7,11223009000000,235495,0.0972675,0.039,10.2809,25.641,1000000000.0,0.8,1.64103e-08,4.20776e-16,1.30911
7,11223010000000,236495,0.0994101,0.604,10.0593,1.65563,1000000000.0,0.8,1.0596e-09,1.75431e-18,0.872552
7,11223011000000,237495,0.0996821,0.164,10.0319,6.09756,1000000000.0,0.8,3.90244e-09,2.37954e-17,0.306174
7,11223012000000,238495,0.0994864,0.053,10.0516,18.8679,1000000000.0,0.8,1.20755e-08,2.27839e-16,0.996098
7,11223013000000,239495,0.101372,0.551,9.86469,1.81488,1000000000.0,0.8,1.16152e-09,2.1080300000000003e-18,1.14517
7,11223014000000,240495,0.101632,0.164,9.83942,6.09756,1000000000.0,0.8,3.90244e-09,2.37954e-17,0.636194
7,11223015000000,241495,0.101961,0.181,9.8077,5.52486,1000000000.0,0.8,3.53591e-09,1.95354e-17,0.943274
7,11223016000000,242495,0.103285,0.423,9.68199,2.36407,1000000000.0,0.8,1.513e-09,3.5768400000000006e-18,1.04309
7,11223017000000,243495,0.103468,0.148,9.6648,6.75676,1000000000.0,0.8,4.32432e-09,2.92184e-17,0.463198
7,11223018000000,244495,0.104493,0.354,9.57003,2.82486,1000000000.0,0.8,1.80791e-09,5.1070900000000006e-18,0.27031
7,11223019000000,245495,0.105183,0.274,9.5072,3.64964,1000000000.0,0.8,2.33577e-09,8.524690000000001e-18,0.82126
7,11223020000000,246495,0.105219,0.114,9.50397,8.77193,1000000000.0,0.8,5.61404e-09,4.92459e-17,0.376468
7,11223021000000,247495,0.10679,0.494,9.36417,2.02429,1000000000.0,0.8,1.29555e-09,2.62256e-18,0.163072
7,11223022000000,248495,0.106972,0.152,9.34824,6.57895,1000000000.0,0.8,4.21053e-09,2.77008e-17,0.817586
7,11223023000000,249495,0.107136,0.148,9.33389,6.75676,1000000000.0,0.8,4.32432e-09,2.92184e-17,0.488359
7,11223024000000,250495,0.10914,0.609,9.16255,1.64204,1000000000.0,0.8,1.0509e-09,1.7256200000000001e-18,0.272618
7,11223025000000,251495,0.10908,0.094,9.16761,10.6383,1000000000.0,0.8,6.80851e-09,7.2431e-17,0.706843
7,11223026000000,252495,0.108802,0.039,9.19099,25.641,1000000000.0,0.8,1.64103e-08,4.20776e-16,0.366353
7,11223027000000,253495,0.110921,0.646,9.0154,1.54799,1000000000.0,0.8,9.90712e-10,1.5336100000000002e-18,0.337879
7,11223028000000,254495,0.111067,0.148,9.00357,6.75676,1000000000.0,0.8,4.32432e-09,2.92184e-17,0.694182
7,11223029000000,255495,0.111122,0.125,8.99915,8.0,1000000000.0,0.8,5.12e-09,4.096e-17,0.336541
7,11223030000000,256495,0.112649,0.503,8.8771,1.98807,1000000000.0,0.8,1.27237e-09,2.52955e-18,0.921161
7,11223031000000,257495,0.112655,0.114,8.87669,8.77193,1000000000.0,0.8,5.61404e-09,4.92459e-17,0.673676
7,11223032000000,258495,0.113348,0.292,8.82235,3.42466,1000000000.0,0.8,2.19178e-09,7.5061e-18,0.16622
7,11223033000000,259495,0.114276,0.354,8.75076,2.82486,1000000000.0,0.8,1.80791e-09,5.1070900000000006e-18,0.902454
7,11223034000000,260495,0.114405,0.148,8.74086,6.75676,1000000000.0,0.8,4.32432e-09,2.92184e-17,0.472531
7,11223035000000,261495,0.115589,0.424,8.65133,2.35849,1000000000.0,0.8,1.50943e-09,3.5599900000000006e-18,0.260694
7,11223036000000,262495,0.115926,0.204,8.62619,4.90196,1000000000.0,0.8,3.13725e-09,1.53787e-17,0.840958
7,11223037000000,263495,0.115919,0.114,8.62674,8.77193,1000000000.0,0.8,5.61404e-09,4.92459e-17,0.337291
7,11223038000000,264495,0.117579,0.555,8.50494,1.8018,1000000000.0,0.8,1.15315e-09,2.0777500000000004e-18,0.183216
7,11223039000000,265495,0.117531,0.105,8.50836,9.52381,1000000000.0,0.8,6.09524e-09,5.80499e-17,0.805779
7,11223040000000,266495,0.117593,0.134,8.50389,7.46269,1000000000.0,0.8,4.77612e-09,3.56427e-17,0.578429
7,11223041000000,267495,0.119501,0.628,8.36811,1.59236,1000000000.0,0.8,1.01911e-09,1.62278e-18,0.384232
7,11223042000000,268495,0.119481,0.114,8.36954,8.77193,1000000000.0,0.8,5.61404e-09,4.92459e-17,0.552098
7,11223043000000,269495,0.119268,0.062,8.38451,16.129,1000000000.0,0.8,1.03226e-08,1.66493e-16,0.348238
7,11223044000000,270495,0.120986,0.584,8.26545,1.71233,1000000000.0,0.8,1.09589e-09,1.8765200000000002e-18,0.552838
7,11223045000000,271495,0.121085,0.148,8.25865,6.75676,1000000000.0,0.8,4.32432e-09,2.92184e-17,0.619337
7,11223046000000,272495,0.121463,0.224,8.23297,4.46429,1000000000.0,0.8,2.85714e-09,1.27551e-17,0.293078
7,11223047000000,273495,0.122496,0.404,8.16354,2.47525,1000000000.0,0.8,1.58416e-09,3.92118e-18,0.962752
7,11223048000000,274495,0.122465,0.114,8.16561,8.77193,1000000000.0,0.8,5.61404e-09,4.92459e-17,0.256964
7,11223049000000,275495,0.123305,0.354,8.10995,2.82486,1000000000.0,0.8,1.80791e-09,5.1070900000000006e-18,0.157783
7,11223050000000,276495,0.123915,0.292,8.07002,3.42466,1000000000.0,0.8,2.19178e-09,7.5061e-18,0.89251
7,11223051000000,277495,0.124002,0.148,8.06437,6.75676,1000000000.0,0.8,4.32432e-09,2.92184e-17,0.61913
7,11223052000000,278495,0.125352,0.5,7.97751,2.0,1000000000.0,0.8,1.28e-09,2.56e-18,0.265404
7,11223053000000,279495,0.125362,0.128,7.97691,7.8125,1000000000.0,0.8,5e-09,3.90625e-17,0.922162
7,11223054000000,280495,0.125321,0.114,7.97949,8.77193,1000000000.0,0.8,5.61404e-09,4.92459e-17,0.490872
7,11223055000000,281495,0.127104,0.627,7.8676,1.5949,1000000000.0,0.8,1.02073e-09,1.6279600000000002e-18,0.224248
7,11223056000000,282495,0.127167,0.145,7.86368,6.89655,1000000000.0,0.8,4.41379e-09,3.044e-17,0.720132
7,11223057000000,283495,0.126796,0.022,7.88669,45.4545,1000000000.0,0.8,2.90909e-08,1.32231e-15,0.610395
7,11223058000000,284495,0.128716,0.673,7.76905,1.48588,1000000000.0,0.8,9.50966e-10,1.4130200000000002e-18,0.863085
7,11223059000000,285495,0.12941,0.327,7.72736,3.0581,1000000000.0,0.8,1.95719e-09,5.9852800000000006e-18,0.304957
7,11223060000000,286495,0.12936,0.115,7.73036,8.69565,1000000000.0,0.8,5.56522e-09,4.83932e-17,0.521621
7,11223061000000,287495,0.130134,0.352,7.68436,2.84091,1000000000.0,0.8,1.81818e-09,5.165290000000001e-18,0.241682
7,11223062000000,288495,0.130574,0.257,7.65848,3.89105,1000000000.0,0.8,2.49027e-09,9.689780000000001e-18,0.773684
7,11223063000000,289495,0.130634,0.148,7.65495,6.75676,1000000000.0,0.8,4.32432e-09,2.92184e-17,0.358738
7,11223064000000,290495,0.132233,0.595,7.56241,1.68067,1000000000.0,0.8,1.07563e-09,1.8077800000000003e-18,0.259828
7,11223065000000,291495,0.132242,0.135,7.56187,7.40741,1000000000.0,0.8,4.74074e-09,3.51166e-17,0.773725
7,11223066000000,292495,0.132098,0.09,7.57014,11.1111,1000000000.0,0.8,7.11111e-09,7.90123e-17,0.265831
7,11223067000000,293495,0.133583,0.568,7.48597,1.76056,1000000000.0,0.8,1.12676e-09,1.98373e-18,0.616833
7,11223068000000,294495,0.133632,0.148,7.48323,6.75676,1000000000.0,0.8,4.32432e-09,2.92184e-17,0.61623
7,11223069000000,295495,0.134249,0.316,7.44883,3.16456,1000000000.0,0.8,2.02532e-09,6.4092300000000005e-18,0.292984
7,11223070000000,296495,0.134849,0.312,7.41571,3.20513,1000000000.0,0.8,2.05128e-09,6.574620000000001e-18,0.964627
7,11223071000000,297495,0.134779,0.114,7.41957,8.77193,1000000000.0,0.8,5.61404e-09,4.92459e-17,0.578082
7,11223072000000,298495,0.136233,0.569,7.34034,1.75747,1000000000.0,0.8,1.12478e-09,1.97677e-18,0.164656
7,11223073000000,299495,0.136106,0.098,7.34723,10.2041,1000000000.0,0.8,6.53061e-09,6.66389e-17,0.791826
7,11223074000000,300495,0.136075,0.127,7.34886,7.87402,1000000000.0,0.8,5.03937e-09,3.96801e-17,0.482251
7,11223075000000,301495,0.137707,0.628,7.26179,1.59236,1000000000.0,0.8,1.01911e-09,1.62278e-18,0.412209
7,11223076000000,302495,0.137629,0.114,7.26593,8.77193,1000000000.0,0.8,5.61404e-09,4.92459e-17,0.6614
7,11223077000000,303495,0.138111,0.284,7.24055,3.52113,1000000000.0,0.8,2.25352e-09,7.93493e-18,0.184013
7,11223078000000,304495,0.138846,0.362,7.20221,2.76243,1000000000.0,0.8,1.76796e-09,4.88386e-18,0.838291
7,11223079000000,305495,0.138876,0.148,7.20066,6.75676,1000000000.0,0.8,4.32432e-09,2.92184e-17,0.478578
7,11223080000000,306495,0.140038,0.495,7.14091,2.0202,1000000000.0,0.8,1.29293e-09,2.61198e-18,0.261544
7,11223081000000,307495,0.140015,0.133,7.14208,7.5188,1000000000.0,0.8,4.81203e-09,3.61807e-17,0.930964
7,11223082000000,308495,0.139931,0.114,7.14638,8.77193,1000000000.0,0.8,5.61404e-09,4.92459e-17,0.429324
7,11223083000000,309495,0.141566,0.646,7.06384,1.54799,1000000000.0,0.8,9.90712e-10,1.5336100000000002e-18,0.282228
7,11223084000000,310495,0.141587,0.148,7.0628,6.75676,1000000000.0,0.8,4.32432e-09,2.92184e-17,0.676296
7,11223085000000,311495,0.141806,0.21,7.05187,4.7619,1000000000.0,0.8,3.04762e-09,1.45125e-17,0.34782
7,11223086000000,312495,0.14269,0.418,7.00819,2.39234,1000000000.0,0.8,1.5311e-09,3.66292e-18,1.05415
7,11223087000000,313495,0.142599,0.114,7.01268,8.77193,1000000000.0,0.8,5.61404e-09,4.92459e-17,0.414583
7,11223088000000,314495,0.143614,0.462,6.96309,2.1645,1000000000.0,0.8,1.38528e-09,2.9984400000000003e-18,0.155306
7,11223089000000,315495,0.143742,0.184,6.95689,5.43478,1000000000.0,0.8,3.47826e-09,1.89036e-17,0.769742
7,11223090000000,316495,0.143756,0.148,6.95624,6.75676,1000000000.0,0.8,4.32432e-09,2.92184e-17,0.205212
7,11223091000000,317495,0.145281,0.628,6.88321,1.59236,1000000000.0,0.8,1.01911e-09,1.62278e-18,0.243994
7,11223092000000,318495,0.145183,0.114,6.88787,8.77193,1000000000.0,0.8,5.61404e-09,4.92459e-17,0.403628
7,11223093000000,319495,0.145286,0.178,6.883,5.61798,1000000000.0,0.8,3.59551e-09,2.01995e-17,0.274243
7,11223094000000,320495,0.146292,0.468,6.83562,2.13675,1000000000.0,0.8,1.36752e-09,2.92205e-18,1.0636
7,11223095000000,321495,0.146298,0.148,6.83537,6.75676,1000000000.0,0.8,4.32432e-09,2.92184e-17,0.457654
7,11223096000000,322495,0.147057,0.391,6.80011,2.55754,1000000000.0,0.8,1.63683e-09,4.18626e-18,0.273611
7,11223097000000,323495,0.147335,0.237,6.78727,4.21941,1000000000.0,0.8,2.70042e-09,1.13942e-17,0.92333
7,11223098000000,324495,0.147232,0.114,6.79201,8.77193,1000000000.0,0.8,5.61404e-09,4.92459e-17,0.323294
7,11223099000000,325495,0.148706,0.627,6.72469,1.5949,1000000000.0,0.8,1.02073e-09,1.6279600000000002e-18,0.186132
7,11223100000000,326495,0.148694,0.145,6.7252,6.89655,1000000000.0,0.8,4.41379e-09,3.044e-17,0.732945
7,11223101000000,327495,0.148494,0.083,6.73428,12.0482,1000000000.0,0.8,7.71084e-09,9.29017e-17,0.665597
7,11223102000000,328495,0.149768,0.567,6.677,1.76367,1000000000.0,0.8,1.12875e-09,1.9907400000000002e-18,0.709578
7,11223103000000,329495,0.149659,0.114,6.68184,8.77193,1000000000.0,0.8,5.61404e-09,4.92459e-17,0.353849
7,11223104000000,330495,0.150284,0.356,6.65408,2.80899,1000000000.0,0.8,1.79775e-09,5.0498700000000004e-18,0.163472
7,11223105000000,331495,0.150705,0.29,6.63547,3.44828,1000000000.0,0.8,2.2069e-09,7.60999e-18,0.914887
7,11223106000000,332495,0.150697,0.148,6.63583,6.75676,1000000000.0,0.8,4.32432e-09,2.92184e-17,0.62756
7,11223107000000,333495,0.151948,0.568,6.58119,1.76056,1000000000.0,0.8,1.12676e-09,1.98373e-18,0.251687
7,11223108000000,334495,0.151889,0.132,6.58377,7.57576,1000000000.0,0.8,4.84848e-09,3.67309e-17,0.855657
7,11223109000000,335495,0.151642,0.069,6.5945,14.4928,1000000000.0,0.8,9.27536e-09,1.34426e-16,0.26695
7,11223110000000,336448,0.153099,0.666317,6.5317,1.50079,1000000000.0,0.8,9.60504e-10,1.4415100000000001e-18,0.323204
7,11223111000000,336448,0.153099,,6.5317,0.0,1000000000.0,0.8,0.0,0.0,0.0
7,11223112000000,336448,0.153099,,6.5317,0.0,1000000000.0,0.8,0.0,0.0,0.0
7,11223113000000,336448,0.153099,,6.5317,0.0,1000000000.0,0.8,0.0,0.0,0.0
7,11223114000000,336448,0.153099,,6.5317,0.0,1000000000.0,0.8,0.0,0.0,0.0
7,11223115000000,336448,0.153099,,6.5317,0.0,1000000000.0,0.8,0.0,0.0,0.0
8,10205500000000,15545,0.0662592,0.0662592,15.0922,15.0922,4000000000.0,1.0,3.77306e-09,1.4236e-17,0.0
8,10205501000000,19545,0.0845229,0.1555,11.8311,6.43087,4000000000.0,1.0,1.60772e-09,2.58475e-18,4.0
8,10205502000000,20968,0.0788821,0.00140548,12.6771,711.5,2000000000.0,0.9,2.88157e-07,1.02512e-13,1.05014
8,11206193000000,38661,0.0562841,0.0295032,17.767,33.8946,4000000000.0,1.0,8.47366e-09,7.18029e-17,0.0
8,11206194000000,40661,0.0535157,0.0,18.6861,0.0,2000000000.0,0.9,0.0,0.0,0.815461
8,11206195000000,41661,0.0522311,0.0,19.1457,0.0,1000000000.0,0.8,0.0,0.0,0.00161183
8,11222906000000,44030,0.0505564,0.021106,19.7799,47.38,1000000000.0,0.8,3.03232e-08,1.43671e-15,0.538407
8,11222907000000,48030,0.0476785,0.016,20.9738,62.5,4000000000.0,1.0,1.5625e-08,2.44141e-16,4.0
8,11222908000000,52030,0.044532,0.00675,22.4558,148.148,4000000000.0,1.0,3.7037e-08,1.37174e-15,4.0
8,11222909000000,56030,0.0442977,0.04125,22.5745,24.2424,4000000000.0,1.0,6.06061e-09,3.67309e-17,3.18317
8,11222910000000,58030,0.0431846,0.012,23.1564,83.3333,2000000000.0,0.9,3.375e-08,1.40625e-15,1.78197
8,11222911000000,59030,0.045299,0.168,22.0755,5.95238,1000000000.0,0.8,3.80952e-09,2.26757e-17,0.861545
8,11222912000000,61030,0.0442078,0.012,22.6205,83.3333,2000000000.0,0.9,3.375e-08,1.40625e-15,1.1318
8,11222913000000,62030,0.0453007,0.112,22.0747,8.92857,1000000000.0,0.8,5.71429e-09,5.10204e-17,0.861541
8,11222914000000,66030,0.0434045,0.014,23.0391,71.4286,4000000000.0,1.0,1.78571e-08,3.18878e-16,2.52553
8,11222915000000,68030,0.0424813,0.012,23.5398,83.3333,2000000000.0,0.9,3.375e-08,1.40625e-15,1.50018
8,11222916000000,70030,0.043667,0.084,22.9006,11.9048,2000000000.0,0.9,4.82143e-09,2.8699e-17,0.861544
8,11222917000000,74030,0.0416318,0.006,24.0201,166.667,4000000000.0,1.0,4.16667e-08,1.73611e-15,1.48351
8,11222918000000,76030,0.0427463,0.084,23.3938,11.9048,2000000000.0,0.9,4.82143e-09,2.8699e-17,0.923082
8,11222919000000,80030,0.0409097,0.006,24.4441,166.667,4000000000.0,1.0,4.16667e-08,1.73611e-15,1.48351
8,11222920000000,82030,0.0419603,0.084,23.8321,11.9048,2000000000.0,0.9,4.82143e-09,2.8699e-17,0.923082
8,11222921000000,86030,0.0400093,0.0,24.9942,0.0,4000000000.0,1.0,0.0,0.0,1.48351
8,11222922000000,87030,0.0399632,0.036,25.023,27.7778,1000000000.0,0.8,1.77778e-08,4.93827e-16,7.71216e-06
8,11222923000000,89030,0.0408177,0.078,24.4992,12.8205,2000000000.0,0.9,5.19231e-09,3.3284e-17,1.04933
8,11222924000000,93030,0.0391917,0.003,25.5156,333.333,4000000000.0,1.0,8.33333e-08,6.94444e-15,1.4746
8,11222925000000,94030,0.0406891,0.18,24.5766,5.55556,1000000000.0,0.8,3.55556e-09,1.97531e-17,0.461545
8,11222926000000,98030,0.0391513,0.003,25.5419,333.333,4000000000.0,1.0,8.33333e-08,6.94444e-15,1.14263
8,11222927000000,99030,0.0405736,0.18,24.6466,5.55556,1000000000.0,0.8,3.55556e-09,1.97531e-17,0.461543
8,11222928000000,103030,0.0391148,0.003,25.5658,333.333,4000000000.0,1.0,8.33333e-08,6.94444e-15,1.14263
8,11222929000000,104030,0.0389599,0.023,25.6674,43.4783,1000000000.0,0.8,2.78261e-08,1.20983e-15,0.461543
8,11222930000000,106030,0.0397057,0.0785,25.1853,12.7389,2000000000.0,0.9,5.15924e-09,3.28614e-17,1.45372
8,11222931000000,108030,0.0391928,0.012,25.5149,83.3333,2000000000.0,0.9,3.375e-08,1.40625e-15,1.24083e-05
8,11222932000000,110030,0.0400073,0.084,24.9955,11.9048,2000000000.0,0.9,4.82143e-09,2.8699e-17,0.861543
8,11222933000000,114030,0.0388143,0.006,25.7637,166.667,4000000000.0,1.0,4.16667e-08,1.73611e-15,1.48351
8,11222934000000,116030,0.0395932,0.084,25.2569,11.9048,2000000000.0,0.9,4.82143e-09,2.8699e-17,0.923082
8,11222935000000,120030,0.0384737,0.006,25.9918,166.667,4000000000.0,1.0,4.16667e-08,1.73611e-15,1.48351
8,11222936000000,122030,0.0389249,0.066,25.6905,15.1515,2000000000.0,0.9,6.13636e-09,4.64876e-17,0.923082
8,11222937000000,126030,0.0379751,0.009,26.3331,111.111,4000000000.0,1.0,2.77778e-08,7.71605e-16,1.51326
8,11222938000000,130030,0.0369915,0.006,27.0333,166.667,4000000000.0,1.0,4.16667e-08,1.73611e-15,1.84528
8,11222939000000,132030,0.0377036,0.084,26.5227,11.9048,2000000000.0,0.9,4.82143e-09,2.8699e-17,0.923083
8,11222940000000,136030,0.0367713,0.006,27.1951,166.667,4000000000.0,1.0,4.16667e-08,1.73611e-15,1.48351
8,11222941000000,138030,0.0374556,0.084,26.6983,11.9048,2000000000.0,0.9,4.82143e-09,2.8699e-17,0.923082
8,11222942000000,142030,0.0365697,0.006,27.345,166.667,4000000000.0,1.0,4.16667e-08,1.73611e-15,1.48351
8,11222943000000,144030,0.0367909,0.0525,27.1806,19.0476,2000000000.0,0.9,7.71429e-09,7.34694e-17,0.923082
8,11222944000000,148030,0.0362224,0.01575,27.6072,63.4921,4000000000.0,1.0,1.5873e-08,2.51953e-16,1.50616
8,11222945000000,152030,0.0354272,0.006,28.2269,166.667,4000000000.0,1.0,4.16667e-08,1.73611e-15,1.48165
8,11222946000000,153030,0.0362935,0.168,27.5531,5.95238,1000000000.0,0.8,3.80952e-09,2.26757e-17,0.923078
8,11222947000000,157030,0.0354455,0.003,28.2124,333.333,4000000000.0,1.0,8.33333e-08,6.94444e-15,1.1318
8,11222948000000,158030,0.0363602,0.18,27.5026,5.55556,1000000000.0,0.8,3.55556e-09,1.97531e-17,0.461543
8,11222949000000,162030,0.0355366,0.003,28.14,333.333,4000000000.0,1.0,8.33333e-08,6.94444e-15,1.14263
8,11222950000000,163030,0.0364227,0.18,27.4554,5.55556,1000000000.0,0.8,3.55556e-09,1.97531e-17,0.461543
8,11222951000000,167030,0.0355505,0.0,28.129,0.0,4000000000.0,1.0,0.0,0.0,1.14263
8,11222952000000,168030,0.0354103,0.012,28.2403,83.3333,1000000000.0,0.8,5.33333e-08,4.44444e-15,5.75249e-06
8,11222953000000,172030,0.0367494,0.093,27.2113,10.7527,4000000000.0,1.0,2.68817e-09,7.22627e-18,3.19508
8,11222954000000,174030,0.0369649,0.0555,27.0527,18.018,2000000000.0,0.9,7.2973e-09,6.57414e-17,4.32748
8,11222955000000,176030,0.0400386,0.3075,24.9759,3.25203,2000000000.0,0.9,1.31707e-09,2.1415800000000004e-18,2.96079
8,11222956000000,177030,0.0402474,0.077,24.8463,12.987,1000000000.0,0.8,8.31169e-09,1.07944e-16,0.51434
8,11222957000000,178030,0.0404145,0.07,24.7436,14.2857,1000000000.0,0.8,9.14286e-09,1.30612e-16,0.896167
8,11222958000000,179030,0.0436463,0.619,22.9114,1.61551,1000000000.0,0.8,1.03393e-09,1.6703200000000001e-18,0.383702
8,11222959000000,180030,0.0440371,0.114,22.7081,8.77193,1000000000.0,0.8,5.61404e-09,4.92459e-17,0.627301
8,11222960000000,181030,0.0454013,0.291,22.0258,3.43643,1000000000.0,0.8,2.19931e-09,7.55778e-18,0.190005
8,11222961000000,182030,0.0471461,0.363,21.2107,2.75482,1000000000.0,0.8,1.76309e-09,4.85698e-18,0.848223
8,11222962000000,183030,0.0475113,0.114,21.0476,8.77193,1000000000.0,0.8,5.61404e-09,4.92459e-17,0.478376
8,11222963000000,184030,0.049981,0.502,20.0076,1.99203,1000000000.0,0.8,1.2749e-09,2.53964e-18,0.135466
8,11222964000000,185030,0.0505323,0.152,19.7893,6.57895,1000000000.0,0.8,4.21053e-09,2.77008e-17,0.722876
8,11222965000000,186030,0.0508735,0.114,19.6566,8.77193,1000000000.0,0.8,5.61404e-09,4.92459e-17,0.335384
8,11222966000000,187030,0.0540983,0.654,18.4849,1.52905,1000000000.0,0.8,9.78593e-10,1.4963200000000001e-18,0.122255
8,11222967000000,188030,0.0544168,0.114,18.3767,8.77193,1000000000.0,0.8,5.61404e-09,4.92459e-17,0.639063
8,11222968000000,189030,0.0550653,0.177,18.1602,5.64972,1000000000.0,0.8,3.61582e-09,2.04284e-17,0.279341
8,11222969000000,190030,0.0572857,0.477,17.4564,2.09644,1000000000.0,0.8,1.34172e-09,2.81283e-18,1.25154
8,11222970000000,191030,0.0575826,0.114,17.3664,8.77193,1000000000.0,0.8,5.61404e-09,4.92459e-17,0.66464
8,11222971000000,192030,0.0593293,0.393,16.8551,2.54453,1000000000.0,0.8,1.6285e-09,4.1437600000000005e-18,0.158119
8,11222972000000,193030,0.060374,0.261,16.5634,3.83142,1000000000.0,0.8,2.45211e-09,9.395050000000001e-18,0.849191
8,11222973000000,194030,0.0606504,0.114,16.4879,8.77193,1000000000.0,0.8,5.61404e-09,4.92459e-17,0.607299
8,11222974000000,195030,0.0634466,0.606,15.7613,1.65017,1000000000.0,0.8,1.05611e-09,1.7427500000000002e-18,0.133709
8,11222975000000,196030,0.0636739,0.108,15.705,9.25926,1000000000.0,0.8,5.92593e-09,5.48697e-17,0.779388
8,11222976000000,197030,0.0637213,0.073,15.6933,13.6986,1000000000.0,0.8,8.76712e-09,1.20098e-16,0.374381
8,11222977000000,198030,0.0666061,0.635,15.0136,1.5748,1000000000.0,0.8,1.00787e-09,1.5872e-18,0.303946
8,11222978000000,199030,0.0668442,0.114,14.9602,8.77193,1000000000.0,0.8,5.61404e-09,4.92459e-17,0.65778
8,11222979000000,200030,0.0678948,0.277,14.7287,3.61011,1000000000.0,0.8,2.31047e-09,8.341040000000001e-18,0.195855
8,11222980000000,201030,0.0694324,0.377,14.4025,2.65252,1000000000.0,0.8,1.69761e-09,4.50295e-18,0.818842
8,11222981000000,202030,0.069653,0.114,14.3569,8.77193,1000000000.0,0.8,5.61404e-09,4.92459e-17,0.518445
8,11222982000000,203030,0.0717135,0.488,13.9444,2.04918,1000000000.0,0.8,1.31148e-09,2.6874500000000003e-18,0.140523
8,11222983000000,204030,0.0721757,0.166,13.8551,6.0241,1000000000.0,0.8,3.85542e-09,2.32254e-17,0.80074
8,11222984000000,205030,0.0723797,0.114,13.816,8.77193,1000000000.0,0.8,5.61404e-09,4.92459e-17,0.375724
8,11222985000000,206030,0.0752026,0.654,13.2974,1.52905,1000000000.0,0.8,9.78593e-10,1.4963200000000001e-18,0.218919
8,11222986000000,207030,0.07539,0.114,13.2644,8.77193,1000000000.0,0.8,5.61404e-09,4.92459e-17,0.702509
8,11222987000000,208030,0.0757968,0.16,13.1932,6.25,1000000000.0,0.8,4e-09,2.5e-17,0.300408
8,11222988000000,209030,0.0777974,0.494,12.8539,2.02429,1000000000.0,0.8,1.29555e-09,2.62256e-18,1.30999
8,11222989000000,210030,0.0779698,0.114,12.8255,8.77193,1000000000.0,0.8,5.61404e-09,4.92459e-17,0.623788
8,11222990000000,211030,0.0793868,0.377,12.5965,2.65252,1000000000.0,0.8,1.69761e-09,4.50295e-18,0.161189
8,11222991000000,212030,0.0803188,0.277,12.4504,3.61011,1000000000.0,0.8,2.31047e-09,8.341040000000001e-18,0.935147
8,11222992000000,213030,0.0804769,0.114,12.4259,8.77193,1000000000.0,0.8,5.61404e-09,4.92459e-17,0.458837
8,11222993000000,214030,0.0828622,0.591,12.0682,1.69205,1000000000.0,0.8,1.08291e-09,1.83234e-18,0.139237
8,11222994000000,215030,0.0829512,0.102,12.0553,9.80392,1000000000.0,0.8,6.27451e-09,6.15148e-17,0.846872
8,11222995000000,216030,0.0829237,0.077,12.0593,12.987,1000000000.0,0.8,8.31169e-09,1.07944e-16,0.27549
8,11222996000000,217030,0.0855458,0.652,11.6896,1.53374,1000000000.0,0.8,9.81595e-10,1.5055100000000001e-18,0.363666
8,11222997000000,218030,0.0856763,0.114,11.6718,8.77193,1000000000.0,0.8,5.61404e-09,4.92459e-17,0.631827
8,11222998000000,219030,0.0864904,0.264,11.562,3.78788,1000000000.0,0.8,2.42424e-09,9.18274e-18,0.214857
8,11222999000000,221030,0.0875085,0.199,11.4275,5.02513,2000000000.0,0.9,2.03518e-09,5.11351e-18,0.866173
8,11223000000000,222030,0.0876278,0.114,11.4119,8.77193,1000000000.0,0.8,5.61404e-09,4.92459e-17,0.53476
8,11223001000000,223030,0.0900013,0.617,11.1109,1.62075,1000000000.0,0.8,1.03728e-09,1.6811600000000002e-18,0.142628
8,11223002000000,225030,0.0900413,0.0945,11.106,10.582,2000000000.0,0.9,4.28571e-09,2.26757e-17,0.757243
8,11223003000000,227030,0.0896533,0.046,11.1541,21.7391,2000000000.0,0.9,8.80435e-09,9.56994e-17,0.487483
8,11223004000000,228030,0.0920844,0.644,10.8596,1.5528,1000000000.0,0.8,9.93789e-10,1.5431500000000001e-18,2.08355
8,11223005000000,230030,0.0923793,0.126,10.8249,7.93651,2000000000.0,0.9,3.21429e-09,1.27551e-17,15.2546
8,11223006000000,231030,0.0924772,0.115,10.8135,8.69565,1000000000.0,0.8,5.56522e-09,4.83932e-17,0.420619
8,11223007000000,232030,0.0946429,0.595,10.566,1.68067,1000000000.0,0.8,1.07563e-09,1.8077800000000003e-18,0.0863152
8,11223008000000,233030,0.0948547,0.144,10.5424,6.94444,1000000000.0,0.8,4.44444e-09,3.08642e-17,0.667274
8,11223009000000,234030,0.0945263,0.018,10.5791,55.5556,1000000000.0,0.8,3.55556e-08,1.97531e-15,0.961459
8,11223010000000,235030,0.0967962,0.628,10.331,1.59236,1000000000.0,0.8,1.01911e-09,1.62278e-18,0.979009
8,11223011000000,236030,0.096869,0.114,10.3232,8.77193,1000000000.0,0.8,5.61404e-09,4.92459e-17,0.388237
8,11223012000000,237030,0.0968654,0.096,10.3236,10.4167,1000000000.0,0.8,6.66667e-09,6.94444e-17,0.281518
8,11223013000000,238030,0.0987691,0.55,10.1246,1.81818,1000000000.0,0.8,1.16364e-09,2.1157e-18,0.907803
8,11223014000000,239030,0.098975,0.148,10.1036,6.75676,1000000000.0,0.8,4.32432e-09,2.92184e-17,0.623275
8,11223015000000,240030,0.0994042,0.202,10.0599,4.9505,1000000000.0,0.8,3.16832e-09,1.56847e-17,0.415785
8,11223016000000,241030,0.100759,0.426,9.92465,2.34742,1000000000.0,0.8,1.50235e-09,3.526640000000001e-18,1.01524
8,11223017000000,242030,0.100814,0.114,9.91926,8.77193,1000000000.0,0.8,5.61404e-09,4.92459e-17,0.501541
8,11223018000000,243030,0.10186,0.355,9.81741,2.8169,1000000000.0,0.8,1.80282e-09,5.07836e-18,0.192767
8,11223019000000,244030,0.102635,0.291,9.74327,3.43643,1000000000.0,0.8,2.19931e-09,7.55778e-18,0.925961
8,11223020000000,245030,0.10282,0.148,9.72573,6.75676,1000000000.0,0.8,4.32432e-09,2.92184e-17,0.477142
8,11223021000000,246030,0.104382,0.487,9.58023,2.05339,1000000000.0,0.8,1.31417e-09,2.6985e-18,0.22703
8,11223022000000,247030,0.10453,0.141,9.56665,7.0922,1000000000.0,0.8,4.53901e-09,3.21915e-17,0.80876
8,11223023000000,248030,0.104568,0.114,9.56316,8.77193,1000000000.0,0.8,5.61404e-09,4.92459e-17,0.510397
8,11223024000000,249030,0.10665,0.623,9.37648,1.60514,1000000000.0,0.8,1.02729e-09,1.64894e-18,0.260073
8,11223025000000,250030,0.106783,0.14,9.36477,7.14286,1000000000.0,0.8,4.57143e-09,3.26531e-17,0.720954
8,11223026000000,251030,0.106481,0.031,9.39132,32.2581,1000000000.0,0.8,2.06452e-08,6.65973e-16,0.575732
8,11223027000000,252030,0.108551,0.628,9.2123,1.59236,1000000000.0,0.8,1.01911e-09,1.62278e-18,0.616264
8,11223028000000,253030,0.108572,0.114,9.21047,8.77193,1000000000.0,0.8,5.61404e-09,4.92459e-17,0.722987
8,11223029000000,254030,0.108747,0.153,9.19566,6.53595,1000000000.0,0.8,4.18301e-09,2.73399e-17,0.225291
8,11223030000000,255030,0.110254,0.493,9.06999,2.0284,1000000000.0,0.8,1.29817e-09,2.63321e-18,1.36054
8,11223031000000,256030,0.110401,0.148,9.05788,6.75676,1000000000.0,0.8,4.32432e-09,2.92184e-17,0.729152
8,11223032000000,257030,0.111073,0.283,9.00312,3.53357,1000000000.0,0.8,2.26148e-09,7.99111e-18,0.2536
8,11223033000000,258030,0.111979,0.345,8.93023,2.89855,1000000000.0,0.8,1.85507e-09,5.37702e-18,0.903459
8,11223034000000,259030,0.111987,0.114,8.92961,8.77193,1000000000.0,0.8,5.61404e-09,4.92459e-17,0.467394
8,11223035000000,260030,0.113218,0.432,8.83254,2.31481,1000000000.0,0.8,1.48148e-09,3.4293600000000003e-18,0.19234
8,11223036000000,261030,0.113604,0.214,8.80252,4.6729,1000000000.0,0.8,2.99065e-09,1.3975e-17,0.820882
8,11223037000000,262030,0.113735,0.148,8.79236,6.75676,1000000000.0,0.8,4.32432e-09,2.92184e-17,0.339386
8,11223038000000,263030,0.115405,0.553,8.66513,1.80832,1000000000.0,0.8,1.15732e-09,2.0928100000000003e-18,0.229068
8,11223039000000,264030,0.115404,0.115,8.66524,8.69565,1000000000.0,0.8,5.56522e-09,4.83932e-17,0.868932
8,11223040000000,265030,0.115247,0.074,8.67699,13.5135,1000000000.0,0.8,8.64865e-09,1.16874e-16,0.429822
8,11223041000000,266030,0.117242,0.646,8.52934,1.54799,1000000000.0,0.8,9.90712e-10,1.5336100000000002e-18,0.523151
8,11223042000000,267030,0.117358,0.148,8.52096,6.75676,1000000000.0,0.8,4.32432e-09,2.92184e-17,0.600597
8,11223043000000,268030,0.117091,0.046,8.54034,21.7391,1000000000.0,0.8,1.3913e-08,3.02457e-16,0.448377
8,11223044000000,269030,0.118819,0.582,8.41613,1.71821,1000000000.0,0.8,1.09966e-09,1.8894400000000002e-18,0.654383
8,11223045000000,270030,0.118802,0.114,8.41739,8.77193,1000000000.0,0.8,5.61404e-09,4.92459e-17,0.628407
8,11223046000000,271030,0.119216,0.231,8.38817,4.329,1000000000.0,0.8,2.77056e-09,1.19938e-17,0.211857
8,11223047000000,272030,0.120303,0.415,8.31235,2.40964,1000000000.0,0.8,1.54217e-09,3.7160700000000006e-18,0.863368
8,11223048000000,273030,0.120404,0.148,8.30535,6.75676,1000000000.0,0.8,4.32432e-09,2.92184e-17,0.255597
8,11223049000000,274030,0.121249,0.352,8.24746,2.84091,1000000000.0,0.8,1.81818e-09,5.165290000000001e-18,0.237975
8,11223050000000,275030,0.121812,0.276,8.20936,3.62319,1000000000.0,0.8,2.31884e-09,8.4016e-18,0.909314
8,11223051000000,276030,0.121784,0.114,8.21127,8.77193,1000000000.0,0.8,5.61404e-09,4.92459e-17,0.539887
8,11223052000000,277030,0.123156,0.502,8.11976,1.99203,1000000000.0,0.8,1.2749e-09,2.53964e-18,0.20795
8,11223053000000,278030,0.123231,0.144,8.11482,6.94444,1000000000.0,0.8,4.44444e-09,3.08642e-17,0.92007
8,11223054000000,279030,0.12332,0.148,8.10898,6.75676,1000000000.0,0.8,4.32432e-09,2.92184e-17,0.446419
8,11223055000000,280030,0.125072,0.614,7.99537,1.62866,1000000000.0,0.8,1.04235e-09,1.6976300000000001e-18,0.240252
8,11223056000000,281030,0.124983,0.1,8.00108,10.0,1000000000.0,0.8,6.4e-09,6.4e-17,0.711332
8,11223057000000,282030,0.124639,0.028,8.02316,35.7143,1000000000.0,0.8,2.28571e-08,8.16327e-16,0.560534
8,11223058000000,283030,0.12663,0.688,7.89704,1.45349,1000000000.0,0.8,9.30233e-10,1.35208e-18,0.331649
8,11223059000000,284030,0.127374,0.338,7.8509,2.95858,1000000000.0,0.8,1.89349e-09,5.6020400000000004e-18,0.245522
8,11223060000000,285030,0.12733,0.115,7.85358,8.69565,1000000000.0,0.8,5.56522e-09,4.83932e-17,0.521621
8,11223061000000,286030,0.128109,0.35,7.80586,2.85714,1000000000.0,0.8,1.82857e-09,5.2244900000000005e-18,0.241068
8,11223062000000,287030,0.128565,0.259,7.77817,3.861,1000000000.0,0.8,2.47104e-09,9.5407e-18,0.795661
8,11223063000000,288030,0.128632,0.148,7.77409,6.75676,1000000000.0,0.8,4.32432e-09,2.92184e-17,0.342953
8,11223064000000,289030,0.130246,0.595,7.67778,1.68067,1000000000.0,0.8,1.07563e-09,1.8077800000000003e-18,0.257695
8,11223065000000,290030,0.130262,0.135,7.67681,7.40741,1000000000.0,0.8,4.74074e-09,3.51166e-17,0.773712
8,11223066000000,291030,0.130124,0.09,7.68497,11.1111,1000000000.0,0.8,7.11111e-09,7.90123e-17,0.26656
8,11223067000000,292030,0.131623,0.568,7.59743,1.76056,1000000000.0,0.8,1.12676e-09,1.98373e-18,0.616472
8,11223068000000,293030,0.131679,0.148,7.59421,6.75676,1000000000.0,0.8,4.32432e-09,2.92184e-17,0.615422
8,11223069000000,294030,0.132306,0.316,7.55822,3.16456,1000000000.0,0.8,2.02532e-09,6.4092300000000005e-18,0.292435
8,11223070000000,295030,0.132915,0.312,7.52359,3.20513,1000000000.0,0.8,2.05128e-09,6.574620000000001e-18,0.964627
8,11223071000000,296030,0.132851,0.114,7.52721,8.77193,1000000000.0,0.8,5.61404e-09,4.92459e-17,0.587188
8,11223072000000,297030,0.13432,0.569,7.44492,1.75747,1000000000.0,0.8,1.12478e-09,1.97677e-18,0.164238
8,11223073000000,298030,0.134198,0.098,7.45168,10.2041,1000000000.0,0.8,6.53061e-09,6.66389e-17,0.791452
8,11223074000000,299030,0.134174,0.127,7.45302,7.87402,1000000000.0,0.8,5.03937e-09,3.96801e-17,0.512116
8,11223075000000,300030,0.13582,0.628,7.3627,1.59236,1000000000.0,0.8,1.01911e-09,1.62278e-18,0.411073
8,11223076000000,301030,0.135747,0.114,7.36663,8.77193,1000000000.0,0.8,5.61404e-09,4.92459e-17,0.661623
8,11223077000000,302030,0.136238,0.284,7.34009,3.52113,1000000000.0,0.8,2.25352e-09,7.93493e-18,0.183986
8,11223078000000,303030,0.136983,0.362,7.30017,2.76243,1000000000.0,0.8,1.76796e-09,4.88386e-18,0.838249
8,11223079000000,304030,0.137019,0.148,7.29824,6.75676,1000000000.0,0.8,4.32432e-09,2.92184e-17,0.467659
8,11223080000000,305030,0.138193,0.495,7.23626,2.0202,1000000000.0,0.8,1.29293e-09,2.61198e-18,0.260303
8,11223081000000,306030,0.138176,0.133,7.23715,7.5188,1000000000.0,0.8,4.81203e-09,3.61807e-17,0.930964
8,11223082000000,307030,0.138097,0.114,7.24127,8.77193,1000000000.0,0.8,5.61404e-09,4.92459e-17,0.39497
8,11223083000000,308030,0.139746,0.646,7.15583,1.54799,1000000000.0,0.8,9.90712e-10,1.5336100000000002e-18,0.28121
8,11223084000000,309030,0.139773,0.148,7.15447,6.75676,1000000000.0,0.8,4.32432e-09,2.92184e-17,0.684838
8,11223085000000,310030,0.139999,0.21,7.14289,4.7619,1000000000.0,0.8,3.04762e-09,1.45125e-17,0.348059
8,11223086000000,311030,0.140893,0.418,7.09758,2.39234,1000000000.0,0.8,1.5311e-09,3.66292e-18,1.05415
8,11223087000000,312030,0.140807,0.114,7.10192,8.77193,1000000000.0,0.8,5.61404e-09,4.92459e-17,0.426112
8,11223088000000,313030,0.141833,0.462,7.05054,2.1645,1000000000.0,0.8,1.38528e-09,2.9984400000000003e-18,0.155156
8,11223089000000,314030,0.141967,0.184,7.04387,5.43478,1000000000.0,0.8,3.47826e-09,1.89036e-17,0.76965
8,11223090000000,315030,0.141986,0.148,7.04292,6.75676,1000000000.0,0.8,4.32432e-09,2.92184e-17,0.205256
8,11223091000000,316030,0.143524,0.628,6.96746,1.59236,1000000000.0,0.8,1.01911e-09,1.62278e-18,0.243827
8,11223092000000,317030,0.143431,0.114,6.97198,8.77193,1000000000.0,0.8,5.61404e-09,4.92459e-17,0.4036
8,11223093000000,318030,0.14354,0.178,6.9667,5.61798,1000000000.0,0.8,3.59551e-09,2.01995e-17,0.274354
8,11223094000000,319030,0.144557,0.468,6.91769,2.13675,1000000000.0,0.8,1.36752e-09,2.92205e-18,1.06386
8,11223095000000,320030,0.144568,0.148,6.91717,6.75676,1000000000.0,0.8,4.32432e-09,2.92184e-17,0.458459
8,11223096000000,321030,0.145335,0.391,6.88064,2.55754,1000000000.0,0.8,1.63683e-09,4.18626e-18,0.273309
8,11223097000000,322030,0.14562,0.237,6.86719,4.21941,1000000000.0,0.8,2.70042e-09,1.13942e-17,0.923326
8,11223098000000,323030,0.145522,0.114,6.87181,8.77193,1000000000.0,0.8,5.61404e-09,4.92459e-17,0.329909
8,11223099000000,324030,0.147011,0.628,6.80221,1.59236,1000000000.0,0.8,1.01911e-09,1.62278e-18,0.18557
8,11223100000000,325030,0.147002,0.144,6.80264,6.94444,1000000000.0,0.8,4.44444e-09,3.08642e-17,0.732822
8,11223101000000,326030,0.146812,0.085,6.81145,11.7647,1000000000.0,0.8,7.52941e-09,8.85813e-17,0.667373
8,11223102000000,327030,0.14809,0.565,6.75263,1.76991,1000000000.0,0.8,1.13274e-09,2.0048600000000003e-18,0.730252
8,11223103000000,328030,0.147986,0.114,6.75737,8.77193,1000000000.0,0.8,5.61404e-09,4.92459e-17,0.353359
8,11223104000000,329030,0.148619,0.356,6.72863,2.80899,1000000000.0,0.8,1.79775e-09,5.0498700000000004e-18,0.163396
8,11223105000000,330030,0.149047,0.29,6.70929,3.44828,1000000000.0,0.8,2.2069e-09,7.60999e-18,0.915005
8,11223106000000,331030,0.149044,0.148,6.70943,6.75676,1000000000.0,0.8,4.32432e-09,2.92184e-17,0.62756
8,11223107000000,332030,0.150306,0.568,6.65311,1.76056,1000000000.0,0.8,1.12676e-09,1.98373e-18,0.251297
8,11223108000000,333030,0.150251,0.132,6.65554,7.57576,1000000000.0,0.8,4.84848e-09,3.67309e-17,0.855657
8,11223109000000,334030,0.150007,0.069,6.66633,14.4928,1000000000.0,0.8,9.27536e-09,1.34426e-16,0.272428
8,11223110000000,334983,0.151476,0.666317,6.60169,1.50079,1000000000.0,0.8,9.60504e-10,1.4415100000000001e-18,0.319495
8,11223111000000,334983,0.151476,,6.60169,0.0,1000000000.0,0.8,0.0,0.0,0.0
8,11223112000000,334983,0.151476,,6.60169,0.0,1000000000.0,0.8,0.0,0.0,0.0
8,11223113000000,334983,0.151476,,6.60169,0.0,1000000000.0,0.8,0.0,0.0,0.0
8,11223114000000,334983,0.151476,,6.60169,0.0,1000000000.0,0.8,0.0,0.0,0.0
8,11223115000000,334983,0.151476,,6.60169,0.0,1000000000.0,0.8,0.0,0.0,0.0
9,10205500000000,15545,0.0667739,0.0667739,14.9759,14.9759,4000000000.0,1.0,3.74398e-09,1.40174e-17,0.0
9,10205501000000,19545,0.0845229,0.1535,11.8311,6.51466,4000000000.0,1.0,1.62866e-09,2.65255e-18,4.0
9,10205502000000,20828,0.0794123,0.00155885,12.5925,641.5,2000000000.0,0.9,2.59807e-07,8.33333e-14,1.05014
9,11206193000000,38521,0.0602269,0.037642,16.6039,26.5661,4000000000.0,1.0,6.64152e-09,4.41097e-17,0.0
9,11206194000000,40521,0.0572543,0.0,17.4659,0.0,2000000000.0,0.9,0.0,0.0,0.815461
9,11206195000000,41521,0.0558753,0.0,17.897,0.0,1000000000.0,0.8,0.0,0.0,0.000789795
9,11222906000000,43610,0.0543453,0.0239349,18.4008,41.78,1000000000.0,0.8,2.67392e-08,1.11716e-15,0.26382
9,11222907000000,47610,0.0511237,0.016,19.5604,62.5,4000000000.0,1.0,1.5625e-08,2.44141e-16,4.0
9,11222908000000,51610,0.0476846,0.00675,20.9711,148.148,4000000000.0,1.0,3.7037e-08,1.37174e-15,4.0
9,11222909000000,55610,0.0472217,0.04125,21.1767,24.2424,4000000000.0,1.0,6.06061e-09,3.67309e-17,3.18323
9,11222910000000,57610,0.045999,0.012,21.7396,83.3333,2000000000.0,0.9,3.375e-08,1.40625e-15,1.80123
9,11222911000000,58610,0.0480805,0.168,20.7984,5.95238,1000000000.0,0.8,3.80952e-09,2.26757e-17,0.86154
9,11222912000000,60610,0.04689,0.012,21.3265,83.3333,2000000000.0,0.9,3.375e-08,1.40625e-15,1.1318
9,11222913000000,61610,0.0479468,0.112,20.8565,8.92857,1000000000.0,0.8,5.71429e-09,5.10204e-17,0.861539
9,11222914000000,65610,0.0458772,0.014,21.7973,71.4286,4000000000.0,1.0,1.78571e-08,3.18878e-16,2.52552
9,11222915000000,67610,0.044875,0.012,22.2841,83.3333,2000000000.0,0.9,3.375e-08,1.40625e-15,1.50049
9,11222916000000,69610,0.0459991,0.084,21.7395,11.9048,2000000000.0,0.9,4.82143e-09,2.8699e-17,0.86154
9,11222917000000,73610,0.0438256,0.006,22.8177,166.667,4000000000.0,1.0,4.16667e-08,1.73611e-15,1.48351
9,11222918000000,75610,0.0448882,0.084,22.2775,11.9048,2000000000.0,0.9,4.82143e-09,2.8699e-17,0.923078
9,11222919000000,79610,0.0429343,0.006,23.2914,166.667,4000000000.0,1.0,4.16667e-08,1.73611e-15,1.48351
9,11222920000000,81610,0.0439407,0.084,22.7579,11.9048,2000000000.0,0.9,4.82143e-09,2.8699e-17,0.923078
9,11222921000000,85610,0.0418876,0.0,23.8734,0.0,4000000000.0,1.0,0.0,0.0,1.48351
9,11222922000000,86610,0.0418197,0.036,23.9122,27.7778,1000000000.0,0.8,1.77778e-08,4.93827e-16,1.85169e-06
9,11222923000000,88610,0.0426363,0.078,23.4542,12.8205,2000000000.0,0.9,5.19231e-09,3.3284e-17,1.04933
9,11222924000000,92610,0.0409243,0.003,24.4354,333.333,4000000000.0,1.0,8.33333e-08,6.94444e-15,1.47461
9,11222925000000,93610,0.04241,0.18,23.5793,5.55556,1000000000.0,0.8,3.55556e-09,1.97531e-17,0.46154
9,11222926000000,97610,0.040795,0.003,24.5128,333.333,4000000000.0,1.0,8.33333e-08,6.94444e-15,1.14263
9,11222927000000,98610,0.0422067,0.18,23.6929,5.55556,1000000000.0,0.8,3.55556e-09,1.97531e-17,0.46154
9,11222928000000,102610,0.0406783,0.003,24.5831,333.333,4000000000.0,1.0,8.33333e-08,6.94444e-15,1.14263
9,11222929000000,103610,0.0405077,0.023,24.6867,43.4783,1000000000.0,0.8,2.78261e-08,1.20983e-15,0.46154
9,11222930000000,105610,0.0412272,0.0785,24.2559,12.7389,2000000000.0,0.9,5.15924e-09,3.28614e-17,1.45372
9,11222931000000,107610,0.040684,0.012,24.5797,83.3333,2000000000.0,0.9,3.375e-08,1.40625e-15,1.24083e-05
9,11222932000000,109610,0.0414743,0.084,24.1113,11.9048,2000000000.0,0.9,4.82143e-09,2.8699e-17,0.86154
9,11222933000000,113610,0.0402253,0.006,24.86,166.667,4000000000.0,1.0,4.16667e-08,1.73611e-15,1.48351
9,11222934000000,115610,0.0409826,0.084,24.4006,11.9048,2000000000.0,0.9,4.82143e-09,2.8699e-17,0.923078
9,11222935000000,119610,0.0398127,0.006,25.1176,166.667,4000000000.0,1.0,4.16667e-08,1.73611e-15,1.48351
9,11222936000000,121610,0.0402434,0.066,24.8488,15.1515,2000000000.0,0.9,6.13636e-09,4.64876e-17,0.923078
9,11222937000000,125610,0.0392485,0.009,25.4787,111.111,4000000000.0,1.0,2.77778e-08,7.71605e-16,1.51326
9,11222938000000,129610,0.0382224,0.006,26.1627,166.667,4000000000.0,1.0,4.16667e-08,1.73611e-15,1.84877
9,11222939000000,131610,0.038918,0.084,25.695,11.9048,2000000000.0,0.9,4.82143e-09,2.8699e-17,0.923078
9,11222940000000,135610,0.0379471,0.006,26.3525,166.667,4000000000.0,1.0,4.16667e-08,1.73611e-15,1.48351
9,11222941000000,137610,0.0386164,0.084,25.8957,11.9048,2000000000.0,0.9,4.82143e-09,2.8699e-17,0.923078
9,11222942000000,141610,0.0376951,0.006,26.5287,166.667,4000000000.0,1.0,4.16667e-08,1.73611e-15,1.48351
9,11222943000000,143610,0.0379013,0.0525,26.3843,19.0476,2000000000.0,0.9,7.71429e-09,7.34694e-17,0.923078
9,11222944000000,147610,0.037301,0.01575,26.8089,63.4921,4000000000.0,1.0,1.5873e-08,2.51953e-16,1.50617
9,11222945000000,151610,0.0364752,0.006,27.4159,166.667,4000000000.0,1.0,4.16667e-08,1.73611e-15,1.48166
9,11222946000000,152610,0.037337,0.168,26.7831,5.95238,1000000000.0,0.8,3.80952e-09,2.26757e-17,0.923077
9,11222947000000,156610,0.03646,0.003,27.4273,333.333,4000000000.0,1.0,8.33333e-08,6.94444e-15,1.1318
9,11222948000000,157610,0.0373707,0.18,26.7589,5.55556,1000000000.0,0.8,3.55556e-09,1.97531e-17,0.46154
9,11222949000000,161610,0.03652,0.003,27.3822,333.333,4000000000.0,1.0,8.33333e-08,6.94444e-15,1.14263
9,11222950000000,162610,0.0374024,0.18,26.7363,5.55556,1000000000.0,0.8,3.55556e-09,1.97531e-17,0.46154
9,11222951000000,166610,0.0365044,0.0,27.3939,0.0,4000000000.0,1.0,0.0,0.0,1.14263
9,11222952000000,167610,0.0363582,0.012,27.5041,83.3333,1000000000.0,0.8,5.33333e-08,4.44444e-15,1.38117e-06
9,11222953000000,171610,0.0376785,0.093,26.5404,10.7527,4000000000.0,1.0,2.68817e-09,7.22627e-18,3.19508
9,11222954000000,173610,0.0378838,0.0555,26.3965,18.018,2000000000.0,0.9,7.2973e-09,6.57414e-17,4.31104
9,11222955000000,175610,0.0409544,0.3075,24.4174,3.25203,2000000000.0,0.9,1.31707e-09,2.1415800000000004e-18,2.96106
9,11222956000000,176610,0.0411585,0.077,24.2963,12.987,1000000000.0,0.8,8.31169e-09,1.07944e-16,0.484568
9,11222957000000,177610,0.0413209,0.07,24.2008,14.2857,1000000000.0,0.8,9.14286e-09,1.30612e-16,0.8295
9,11222958000000,178610,0.0445552,0.619,22.4441,1.61551,1000000000.0,0.8,1.03393e-09,1.6703200000000001e-18,0.385648
9,11222959000000,179610,0.0449418,0.114,22.251,8.77193,1000000000.0,0.8,5.61404e-09,4.92459e-17,0.615023
9,11222960000000,180610,0.0463042,0.291,21.5963,3.43643,1000000000.0,0.8,2.19931e-09,7.55778e-18,0.183188
9,11222961000000,181610,0.048048,0.363,20.8125,2.75482,1000000000.0,0.8,1.76309e-09,4.85698e-18,0.94296
9,11222962000000,182610,0.0484092,0.114,20.6572,8.77193,1000000000.0,0.8,5.61404e-09,4.92459e-17,0.468151
9,11222963000000,183610,0.0508796,0.502,19.6542,1.99203,1000000000.0,0.8,1.2749e-09,2.53964e-18,0.133476
9,11222964000000,184610,0.0514273,0.152,19.4449,6.57895,1000000000.0,0.8,4.21053e-09,2.77008e-17,0.773689
9,11222965000000,185610,0.0517645,0.114,19.3183,8.77193,1000000000.0,0.8,5.61404e-09,4.92459e-17,0.326731
9,11222966000000,186610,0.0549917,0.654,18.1846,1.52905,1000000000.0,0.8,9.78593e-10,1.4963200000000001e-18,0.121982
9,11222967000000,187610,0.0553062,0.114,18.0811,8.77193,1000000000.0,0.8,5.61404e-09,4.92459e-17,0.642005
9,11222968000000,188610,0.0559514,0.177,17.8726,5.64972,1000000000.0,0.8,3.61582e-09,2.04284e-17,0.281408
9,11222969000000,189610,0.058172,0.477,17.1904,2.09644,1000000000.0,0.8,1.34172e-09,2.81283e-18,1.08261
9,11222970000000,190610,0.0584649,0.114,17.1043,8.77193,1000000000.0,0.8,5.61404e-09,4.92459e-17,0.675092
9,11222971000000,191610,0.0602108,0.393,16.6083,2.54453,1000000000.0,0.8,1.6285e-09,4.1437600000000005e-18,0.153697
9,11222972000000,192610,0.0612533,0.261,16.3256,3.83142,1000000000.0,0.8,2.45211e-09,9.395050000000001e-18,0.801121
9,11222973000000,193610,0.0615257,0.114,16.2534,8.77193,1000000000.0,0.8,5.61404e-09,4.92459e-17,0.677996
9,11222974000000,194610,0.0643235,0.606,15.5464,1.65017,1000000000.0,0.8,1.05611e-09,1.7427500000000002e-18,0.130247
9,11222975000000,195610,0.0645468,0.108,15.4926,9.25926,1000000000.0,0.8,5.92593e-09,5.48697e-17,0.757283
9,11222976000000,196610,0.0645898,0.073,15.4823,13.6986,1000000000.0,0.8,8.76712e-09,1.20098e-16,0.387879
9,11222977000000,197610,0.0674763,0.635,14.82,1.5748,1000000000.0,0.8,1.00787e-09,1.5872e-18,0.354124
9,11222978000000,198610,0.0677106,0.114,14.7687,8.77193,1000000000.0,0.8,5.61404e-09,4.92459e-17,0.647277
9,11222979000000,199610,0.0687591,0.277,14.5435,3.61011,1000000000.0,0.8,2.31047e-09,8.341040000000001e-18,0.188759
9,11222980000000,200610,0.0702956,0.377,14.2256,2.65252,1000000000.0,0.8,1.69761e-09,4.50295e-18,0.856034
9,11222981000000,201610,0.0705124,0.114,14.1819,8.77193,1000000000.0,0.8,5.61404e-09,4.92459e-17,0.481341
9,11222982000000,202610,0.0725729,0.488,13.7792,2.04918,1000000000.0,0.8,1.31148e-09,2.6874500000000003e-18,0.137415
9,11222983000000,203610,0.0730318,0.166,13.6927,6.0241,1000000000.0,0.8,3.85542e-09,2.32254e-17,0.856736
9,11222984000000,204610,0.073232,0.114,13.6552,8.77193,1000000000.0,0.8,5.61404e-09,4.92459e-17,0.372848
9,11222985000000,205610,0.0760566,0.654,13.1481,1.52905,1000000000.0,0.8,9.78593e-10,1.4963200000000001e-18,0.189503
9,11222986000000,206610,0.0762403,0.114,13.1164,8.77193,1000000000.0,0.8,5.61404e-09,4.92459e-17,0.687305
9,11222987000000,207610,0.0766437,0.16,13.0474,6.25,1000000000.0,0.8,4e-09,2.5e-17,0.316199
9,11222988000000,208610,0.0786444,0.494,12.7155,2.02429,1000000000.0,0.8,1.29555e-09,2.62256e-18,1.26561
9,11222989000000,209610,0.078813,0.114,12.6883,8.77193,1000000000.0,0.8,5.61404e-09,4.92459e-17,0.59995
9,11222990000000,210610,0.0802289,0.377,12.4643,2.65252,1000000000.0,0.8,1.69761e-09,4.50295e-18,0.156646
9,11222991000000,211610,0.0811587,0.277,12.3215,3.61011,1000000000.0,0.8,2.31047e-09,8.341040000000001e-18,0.875748
9,11222992000000,212610,0.0813132,0.114,12.2981,8.77193,1000000000.0,0.8,5.61404e-09,4.92459e-17,0.438438
9,11222993000000,213610,0.0836993,0.591,11.9475,1.69205,1000000000.0,0.8,1.08291e-09,1.83234e-18,0.134302
9,11222994000000,214610,0.0837845,0.102,11.9354,9.80392,1000000000.0,0.8,6.27451e-09,6.15148e-17,0.821301
9,11222995000000,215610,0.0837531,0.077,11.9399,12.987,1000000000.0,0.8,8.31169e-09,1.07944e-16,0.328989
9,11222996000000,216610,0.0863764,0.652,11.5772,1.53374,1000000000.0,0.8,9.81595e-10,1.5055100000000001e-18,0.575415
9,11222997000000,217610,0.0865034,0.114,11.5602,8.77193,1000000000.0,0.8,5.61404e-09,4.92459e-17,0.627041
9,11222998000000,218610,0.0873153,0.264,11.4527,3.78788,1000000000.0,0.8,2.42424e-09,9.18274e-18,0.203669
9,11222999000000,220610,0.0883278,0.199,11.3215,5.02513,2000000000.0,0.9,2.03518e-09,5.11351e-18,0.830919
9,11223000000000,221610,0.0884437,0.114,11.3066,8.77193,1000000000.0,0.8,5.61404e-09,4.92459e-17,0.535988
9,11223001000000,222610,0.090818,0.617,11.011,1.62075,1000000000.0,0.8,1.03728e-09,1.6811600000000002e-18,0.164491
9,11223002000000,224610,0.0908508,0.0945,11.0071,10.582,2000000000.0,0.9,4.28571e-09,2.26757e-17,0.750635
9,11223003000000,226610,0.090455,0.046,11.0552,21.7391,2000000000.0,0.9,8.80435e-09,9.56994e-17,0.507347
9,11223004000000,227610,0.092887,0.644,10.7658,1.5528,1000000000.0,0.8,9.93789e-10,1.5431500000000001e-18,2.07975
9,11223005000000,229610,0.0931754,0.126,10.7324,7.93651,2000000000.0,0.9,3.21429e-09,1.27551e-17,15.2546
9,11223006000000,230610,0.09327,0.115,10.7216,8.69565,1000000000.0,0.8,5.56522e-09,4.83932e-17,0.420619
9,11223007000000,231610,0.0954363,0.595,10.4782,1.68067,1000000000.0,0.8,1.07563e-09,1.8077800000000003e-18,0.0913862
9,11223008000000,232610,0.0956451,0.144,10.4553,6.94444,1000000000.0,0.8,4.44444e-09,3.08642e-17,0.66958
9,11223009000000,233610,0.0953127,0.018,10.4918,55.5556,1000000000.0,0.8,3.55556e-08,1.97531e-15,0.787249
9,11223010000000,234610,0.0975832,0.628,10.2477,1.59236,1000000000.0,0.8,1.01911e-09,1.62278e-18,0.858549
9,11223011000000,235610,0.0976529,0.114,10.2404,8.77193,1000000000.0,0.8,5.61404e-09,4.92459e-17,0.390564
9,11223012000000,236610,0.0976459,0.096,10.2411,10.4167,1000000000.0,0.8,6.66667e-09,6.94444e-17,0.23478
9,11223013000000,237610,0.0995497,0.55,10.0452,1.81818,1000000000.0,0.8,1.16364e-09,2.1157e-18,0.990953
9,11223014000000,238610,0.0997527,0.148,10.0248,6.75676,1000000000.0,0.8,4.32432e-09,2.92184e-17,0.622723
9,11223015000000,239610,0.100179,0.202,9.98209,4.9505,1000000000.0,0.8,3.16832e-09,1.56847e-17,0.328312
9,11223016000000,240610,0.101534,0.426,9.84896,2.34742,1000000000.0,0.8,1.50235e-09,3.526640000000001e-18,1.01237
9,11223017000000,241610,0.101585,0.114,9.84395,8.77193,1000000000.0,0.8,5.61404e-09,4.92459e-17,0.507813
9,11223018000000,242610,0.10263,0.355,9.74376,2.8169,1000000000.0,0.8,1.80282e-09,5.07836e-18,0.162947
9,11223019000000,243610,0.103403,0.291,9.6709,3.43643,1000000000.0,0.8,2.19931e-09,7.55778e-18,0.853839
9,11223020000000,244610,0.103585,0.148,9.65388,6.75676,1000000000.0,0.8,4.32432e-09,2.92184e-17,0.554378
9,11223021000000,245610,0.105146,0.487,9.51055,2.05339,1000000000.0,0.8,1.31417e-09,2.6985e-18,0.245087
9,11223022000000,246610,0.105292,0.141,9.49742,7.0922,1000000000.0,0.8,4.53901e-09,3.21915e-17,0.813333
9,11223023000000,247610,0.105327,0.114,9.49425,8.77193,1000000000.0,0.8,5.61404e-09,4.92459e-17,0.471526
9,11223024000000,248610,0.107409,0.623,9.31019,1.60514,1000000000.0,0.8,1.02729e-09,1.64894e-18,0.213291
9,11223025000000,249610,0.10754,0.14,9.29889,7.14286,1000000000.0,0.8,4.57143e-09,3.26531e-17,0.725203
9,11223026000000,250610,0.107234,0.031,9.32537,32.2581,1000000000.0,0.8,2.06452e-08,6.65973e-16,0.568485
9,11223027000000,251610,0.109304,0.628,9.14879,1.59236,1000000000.0,0.8,1.01911e-09,1.62278e-18,0.642942
9,11223028000000,252610,0.109323,0.114,9.14723,8.77193,1000000000.0,0.8,5.61404e-09,4.92459e-17,0.734564
9,11223029000000,253610,0.109495,0.153,9.13285,6.53595,1000000000.0,0.8,4.18301e-09,2.73399e-17,0.204412
9,11223030000000,254610,0.111001,0.493,9.00892,2.0284,1000000000.0,0.8,1.29817e-09,2.63321e-18,1.20291
9,11223031000000,255610,0.111146,0.148,8.99718,6.75676,1000000000.0,0.8,4.32432e-09,2.92184e-17,0.701467
9,11223032000000,256610,0.111816,0.283,8.9433,3.53357,1000000000.0,0.8,2.26148e-09,7.99111e-18,0.266704
9,11223033000000,257610,0.112721,0.345,8.87148,2.89855,1000000000.0,0.8,1.85507e-09,5.37702e-18,0.899247
9,11223034000000,258610,0.112726,0.114,8.87109,8.77193,1000000000.0,0.8,5.61404e-09,4.92459e-17,0.457606
9,11223035000000,259610,0.113956,0.432,8.77535,2.31481,1000000000.0,0.8,1.48148e-09,3.4293600000000003e-18,0.161956
9,11223036000000,260610,0.114339,0.214,8.74589,4.6729,1000000000.0,0.8,2.99065e-09,1.3975e-17,0.776445
9,11223037000000,261610,0.114468,0.148,8.73606,6.75676,1000000000.0,0.8,4.32432e-09,2.92184e-17,0.33922
9,11223038000000,262610,0.116138,0.553,8.61045,1.80832,1000000000.0,0.8,1.15732e-09,2.0928100000000003e-18,0.245848
9,11223039000000,263610,0.116134,0.115,8.61077,8.69565,1000000000.0,0.8,5.56522e-09,4.83932e-17,0.883778
9,11223040000000,264610,0.115974,0.074,8.62259,13.5135,1000000000.0,0.8,8.64865e-09,1.16874e-16,0.451123
9,11223041000000,265610,0.11797,0.646,8.47673,1.54799,1000000000.0,0.8,9.90712e-10,1.5336100000000002e-18,0.456076
9,11223042000000,266610,0.118083,0.148,8.46865,6.75676,1000000000.0,0.8,4.32432e-09,2.92184e-17,0.640779
9,11223043000000,267610,0.117813,0.046,8.48801,21.7391,1000000000.0,0.8,1.3913e-08,3.02457e-16,0.408018
9,11223044000000,268610,0.119541,0.582,8.36531,1.71821,1000000000.0,0.8,1.09966e-09,1.8894400000000002e-18,0.362559
9,11223045000000,269610,0.119521,0.114,8.36675,8.77193,1000000000.0,0.8,5.61404e-09,4.92459e-17,0.623431
9,11223046000000,270610,0.119933,0.231,8.33801,4.329,1000000000.0,0.8,2.77056e-09,1.19938e-17,0.189882
9,11223047000000,271610,0.121019,0.415,8.26316,2.40964,1000000000.0,0.8,1.54217e-09,3.7160700000000006e-18,0.778779
9,11223048000000,272610,0.121118,0.148,8.25641,6.75676,1000000000.0,0.8,4.32432e-09,2.92184e-17,0.255764
9,11223049000000,273610,0.121962,0.352,8.19928,2.84091,1000000000.0,0.8,1.81818e-09,5.165290000000001e-18,0.254316
9,11223050000000,274610,0.122523,0.276,8.16174,3.62319,1000000000.0,0.8,2.31884e-09,8.4016e-18,0.932124
9,11223051000000,275610,0.122492,0.114,8.1638,8.77193,1000000000.0,0.8,5.61404e-09,4.92459e-17,0.553914
9,11223052000000,276610,0.123864,0.502,8.07338,1.99203,1000000000.0,0.8,1.2749e-09,2.53964e-18,0.177136
9,11223053000000,277610,0.123936,0.144,8.06865,6.94444,1000000000.0,0.8,4.44444e-09,3.08642e-17,0.893
9,11223054000000,278610,0.124023,0.148,8.06303,6.75676,1000000000.0,0.8,4.32432e-09,2.92184e-17,0.444697
9,11223055000000,279610,0.125775,0.614,7.95069,1.62866,1000000000.0,0.8,1.04235e-09,1.6976300000000001e-18,0.253181
9,11223056000000,280610,0.125683,0.1,7.9565,10.0,1000000000.0,0.8,6.4e-09,6.4e-17,0.71995
9,11223057000000,281610,0.125336,0.028,7.97852,35.7143,1000000000.0,0.8,2.28571e-08,8.16327e-16,0.569195
9,11223058000000,282610,0.127327,0.688,7.85377,1.45349,1000000000.0,0.8,9.30233e-10,1.35208e-18,0.318923
9,11223059000000,283610,0.12807,0.338,7.80822,2.95858,1000000000.0,0.8,1.89349e-09,5.6020400000000004e-18,0.245522
9,11223060000000,284610,0.128024,0.115,7.81102,8.69565,1000000000.0,0.8,5.56522e-09,4.83932e-17,0.521621
9,11223061000000,285610,0.128802,0.35,7.76388,2.85714,1000000000.0,0.8,1.82857e-09,5.2244900000000005e-18,0.241854
9,11223062000000,286610,0.129256,0.259,7.7366,3.861,1000000000.0,0.8,2.47104e-09,9.5407e-18,0.816806
9,11223063000000,287610,0.129321,0.148,7.7327,6.75676,1000000000.0,0.8,4.32432e-09,2.92184e-17,0.332022
9,11223064000000,288610,0.130934,0.595,7.63741,1.68067,1000000000.0,0.8,1.07563e-09,1.8077800000000003e-18,0.256198
9,11223065000000,289610,0.130949,0.135,7.63659,7.40741,1000000000.0,0.8,4.74074e-09,3.51166e-17,0.773709
9,11223066000000,290610,0.130808,0.09,7.64482,11.1111,1000000000.0,0.8,7.11111e-09,7.90123e-17,0.267067
9,11223067000000,291610,0.132307,0.568,7.55819,1.76056,1000000000.0,0.8,1.12676e-09,1.98373e-18,0.616299
9,11223068000000,292610,0.13236,0.148,7.55513,6.75676,1000000000.0,0.8,4.32432e-09,2.92184e-17,0.61513
9,11223069000000,293610,0.132986,0.316,7.51959,3.16456,1000000000.0,0.8,2.02532e-09,6.4092300000000005e-18,0.292031
9,11223070000000,294610,0.133594,0.312,7.48539,3.20513,1000000000.0,0.8,2.05128e-09,6.574620000000001e-18,0.964627
9,11223071000000,295610,0.133527,0.114,7.48911,8.77193,1000000000.0,0.8,5.61404e-09,4.92459e-17,0.591649
9,11223072000000,296610,0.134995,0.569,7.40766,1.75747,1000000000.0,0.8,1.12478e-09,1.97677e-18,0.164093
9,11223073000000,297610,0.134871,0.098,7.41448,10.2041,1000000000.0,0.8,6.53061e-09,6.66389e-17,0.791256
9,11223074000000,298610,0.134845,0.127,7.41593,7.87402,1000000000.0,0.8,5.03937e-09,3.96801e-17,0.533022
9,11223075000000,299610,0.136491,0.628,7.3265,1.59236,1000000000.0,0.8,1.01911e-09,1.62278e-18,0.4108
9,11223076000000,300610,0.136416,0.114,7.33052,8.77193,1000000000.0,0.8,5.61404e-09,4.92459e-17,0.661677
9,11223077000000,301610,0.136905,0.284,7.30432,3.52113,1000000000.0,0.8,2.25352e-09,7.93493e-18,0.183971
9,11223078000000,302610,0.137649,0.362,7.26485,2.76243,1000000000.0,0.8,1.76796e-09,4.88386e-18,0.838251
9,11223079000000,303610,0.137683,0.148,7.26305,6.75676,1000000000.0,0.8,4.32432e-09,2.92184e-17,0.460017
9,11223080000000,304610,0.138856,0.495,7.20169,2.0202,1000000000.0,0.8,1.29293e-09,2.61198e-18,0.259425
9,11223081000000,305610,0.138837,0.133,7.20269,7.5188,1000000000.0,0.8,4.81203e-09,3.61807e-17,0.930964
9,11223082000000,306610,0.138756,0.114,7.20689,8.77193,1000000000.0,0.8,5.61404e-09,4.92459e-17,0.370922
9,11223083000000,307610,0.140405,0.646,7.12225,1.54799,1000000000.0,0.8,9.90712e-10,1.5336100000000002e-18,0.280861
9,11223084000000,308610,0.14043,0.148,7.121,6.75676,1000000000.0,0.8,4.32432e-09,2.92184e-17,0.689016
9,11223085000000,309610,0.140654,0.21,7.10963,4.7619,1000000000.0,0.8,3.04762e-09,1.45125e-17,0.34817
9,11223086000000,310610,0.141547,0.418,7.06478,2.39234,1000000000.0,0.8,1.5311e-09,3.66292e-18,1.05415
9,11223087000000,311610,0.141459,0.114,7.06919,8.77193,1000000000.0,0.8,5.61404e-09,4.92459e-17,0.434181
9,11223088000000,312610,0.142484,0.462,7.01832,2.1645,1000000000.0,0.8,1.38528e-09,2.9984400000000003e-18,0.155103
9,11223089000000,313610,0.142617,0.184,7.01181,5.43478,1000000000.0,0.8,3.47826e-09,1.89036e-17,0.769639
9,11223090000000,314610,0.142634,0.148,7.01096,6.75676,1000000000.0,0.8,4.32432e-09,2.92184e-17,0.205287
9,11223091000000,315610,0.144172,0.628,6.93618,1.59236,1000000000.0,0.8,1.01911e-09,1.62278e-18,0.243709
9,11223092000000,316610,0.144076,0.114,6.94077,8.77193,1000000000.0,0.8,5.61404e-09,4.92459e-17,0.403593
9,11223093000000,317610,0.144183,0.178,6.93562,5.61798,1000000000.0,0.8,3.59551e-09,2.01995e-17,0.274374
9,11223094000000,318610,0.145199,0.468,6.88708,2.13675,1000000000.0,0.8,1.36752e-09,2.92205e-18,1.06389
9,11223095000000,319610,0.145208,0.148,6.88666,6.75676,1000000000.0,0.8,4.32432e-09,2.92184e-17,0.459022
9,11223096000000,320610,0.145975,0.391,6.85049,2.55754,1000000000.0,0.8,1.63683e-09,4.18626e-18,0.273083
9,11223097000000,321610,0.146258,0.237,6.83724,4.21941,1000000000.0,0.8,2.70042e-09,1.13942e-17,0.923325
9,11223098000000,322610,0.146158,0.114,6.84192,8.77193,1000000000.0,0.8,5.61404e-09,4.92459e-17,0.334541
9,11223099000000,323610,0.147647,0.628,6.77292,1.59236,1000000000.0,0.8,1.01911e-09,1.62278e-18,0.185533
9,11223100000000,324610,0.147636,0.144,6.77343,6.94444,1000000000.0,0.8,4.44444e-09,3.08642e-17,0.732596
9,11223101000000,325610,0.147443,0.085,6.78227,11.7647,1000000000.0,0.8,7.52941e-09,8.85813e-17,0.668064
9,11223102000000,326610,0.148722,0.565,6.72397,1.76991,1000000000.0,0.8,1.13274e-09,2.0048600000000003e-18,0.730773
9,11223103000000,327610,0.148616,0.114,6.72876,8.77193,1000000000.0,0.8,5.61404e-09,4.92459e-17,0.353256
9,11223104000000,328610,0.149247,0.356,6.70031,2.80899,1000000000.0,0.8,1.79775e-09,5.0498700000000004e-18,0.163367
9,11223105000000,329610,0.149674,0.29,6.68119,3.44828,1000000000.0,0.8,2.2069e-09,7.60999e-18,0.915019
9,11223106000000,330610,0.149669,0.148,6.68142,6.75676,1000000000.0,0.8,4.32432e-09,2.92184e-17,0.62756
9,11223107000000,331610,0.15093,0.568,6.62557,1.76056,1000000000.0,0.8,1.12676e-09,1.98373e-18,0.251018
9,11223108000000,332610,0.150873,0.132,6.62807,7.57576,1000000000.0,0.8,4.84848e-09,3.67309e-17,0.855657
9,11223109000000,333610,0.150628,0.069,6.63887,14.4928,1000000000.0,0.8,9.27536e-09,1.34426e-16,0.276263
9,11223110000000,334563,0.152097,0.666317,6.57476,1.50079,1000000000.0,0.8,9.60504e-10,1.4415100000000001e-18,0.31846
9,11223111000000,334563,0.152097,,6.57476,0.0,1000000000.0,0.8,0.0,0.0,0.0
9,11223112000000,334563,0.152097,,6.57476,0.0,1000000000.0,0.8,0.0,0.0,0.0
9,11223113000000,334563,0.152097,,6.57476,0.0,1000000000.0,0.8,0.0,0.0,0.0
9,11223114000000,334563,0.152097,,6.57476,0.0,1000000000.0,0.8,0.0,0.0,0.0
9,11223115000000,334563,0.152097,,6.57476,0.0,1000000000.0,0.8,0.0,0.0,0.0
10,10205500000000,15545,0.0670955,0.0670955,14.9041,14.9041,4000000000.0,1.0,3.72603e-09,1.38833e-17,0.0
10,10205501000000,19545,0.0845229,0.15225,11.8311,6.56814,4000000000.0,1.0,1.64204e-09,2.69628e-18,4.0
10,10205502000000,20686,0.0799575,0.00175285,12.5067,570.5,2000000000.0,0.9,2.31053e-07,6.59077e-14,1.05014
10,11206193000000,38379,0.0692045,0.0566326,14.4499,17.6577,4000000000.0,1.0,4.41442e-09,1.94871e-17,0.0
10,11206194000000,40379,0.0657768,0.0,15.2029,0.0,2000000000.0,0.9,0.0,0.0,0.815461
10,11206195000000,41038,0.0647692,0.0030349,15.4394,329.5,1000000000.0,0.8,2.1088e-07,6.9485e-14,0.000386999
10,11222906000000,43118,0.062758,0.0230769,15.9342,43.3333,1000000000.0,0.8,2.77333e-08,1.20178e-15,0.0
10,11222907000000,47118,0.0587886,0.016,17.0101,62.5,4000000000.0,1.0,1.5625e-08,2.44141e-16,4.0
10,11222908000000,51118,0.0547165,0.00675,18.276,148.148,4000000000.0,1.0,3.7037e-08,1.37174e-15,4.0
10,11222909000000,55118,0.0537393,0.04125,18.6084,24.2424,4000000000.0,1.0,6.06061e-09,3.67309e-17,3.18324
10,11222910000000,57118,0.0522777,0.012,19.1286,83.3333,2000000000.0,0.9,3.375e-08,1.40625e-15,1.8147
10,11222911000000,58118,0.0542689,0.168,18.4268,5.95238,1000000000.0,0.8,3.80952e-09,2.26757e-17,0.861539
10,11222912000000,60118,0.0528627,0.012,18.9169,83.3333,2000000000.0,0.9,3.375e-08,1.40625e-15,1.1318
10,11222913000000,61118,0.0538303,0.112,18.5769,8.92857,1000000000.0,0.8,5.71429e-09,5.10204e-17,0.861539
10,11222914000000,65118,0.0513836,0.014,19.4614,71.4286,4000000000.0,1.0,1.78571e-08,3.18878e-16,2.52552
10,11222915000000,67118,0.0502101,0.012,19.9163,83.3333,2000000000.0,0.9,3.375e-08,1.40625e-15,1.50064
10,11222916000000,69118,0.0511878,0.084,19.5359,11.9048,2000000000.0,0.9,4.82143e-09,2.8699e-17,0.861539
10,11222917000000,73118,0.0487158,0.006,20.5272,166.667,4000000000.0,1.0,4.16667e-08,1.73611e-15,1.48351
10,11222918000000,75118,0.0496552,0.084,20.1389,11.9048,2000000000.0,0.9,4.82143e-09,2.8699e-17,0.923077
10,11222919000000,79118,0.0474481,0.006,21.0757,166.667,4000000000.0,1.0,4.16667e-08,1.73611e-15,1.48351
10,11222920000000,81118,0.0483493,0.084,20.6828,11.9048,2000000000.0,0.9,4.82143e-09,2.8699e-17,0.923077
10,11222921000000,85118,0.0460772,0.0,21.7027,0.0,4000000000.0,1.0,0.0,0.0,1.48351
10,11222922000000,86118,0.0459602,0.036,21.758,27.7778,1000000000.0,0.8,1.77778e-08,4.93827e-16,4.44591e-07
10,11222923000000,88118,0.0466874,0.078,21.4191,12.8205,2000000000.0,0.9,5.19231e-09,3.3284e-17,1.04933
10,11222924000000,92118,0.0447904,0.003,22.3262,333.333,4000000000.0,1.0,8.33333e-08,6.94444e-15,1.47461
10,11222925000000,93118,0.0462424,0.18,21.6252,5.55556,1000000000.0,0.8,3.55556e-09,1.97531e-17,0.461539
10,11222926000000,97118,0.0444614,0.003,22.4914,333.333,4000000000.0,1.0,8.33333e-08,6.94444e-15,1.14263
10,11222927000000,98118,0.0458428,0.18,21.8137,5.55556,1000000000.0,0.8,3.55556e-09,1.97531e-17,0.461539
10,11222928000000,102118,0.0441646,0.003,22.6426,333.333,4000000000.0,1.0,8.33333e-08,6.94444e-15,1.14263
10,11222929000000,103118,0.0439593,0.023,22.7483,43.4783,1000000000.0,0.8,2.78261e-08,1.20983e-15,0.461539
10,11222930000000,105118,0.0446165,0.0785,22.4132,12.7389,2000000000.0,0.9,5.15924e-09,3.28614e-17,1.45372
10,11222931000000,107118,0.0440075,0.012,22.7234,83.3333,2000000000.0,0.9,3.375e-08,1.40625e-15,1.24083e-05
10,11222932000000,109118,0.0447406,0.084,22.3511,11.9048,2000000000.0,0.9,4.82143e-09,2.8699e-17,0.861539
10,11222933000000,113118,0.0433706,0.006,23.0571,166.667,4000000000.0,1.0,4.16667e-08,1.73611e-15,1.48351
10,11222934000000,115118,0.0440765,0.084,22.6878,11.9048,2000000000.0,0.9,4.82143e-09,2.8699e-17,0.923077
10,11222935000000,119118,0.0427979,0.006,23.3656,166.667,4000000000.0,1.0,4.16667e-08,1.73611e-15,1.48351
10,11222936000000,121118,0.043181,0.066,23.1583,15.1515,2000000000.0,0.9,6.13636e-09,4.64876e-17,0.923077
10,11222937000000,125118,0.0420883,0.009,23.7596,111.111,4000000000.0,1.0,2.77778e-08,7.71605e-16,1.51326
10,11222938000000,129118,0.0409703,0.006,24.4079,166.667,4000000000.0,1.0,4.16667e-08,1.73611e-15,1.85049
10,11222939000000,131118,0.0416266,0.084,24.0231,11.9048,2000000000.0,0.9,4.82143e-09,2.8699e-17,0.923077
10,11222940000000,135118,0.0405719,0.006,24.6476,166.667,4000000000.0,1.0,4.16667e-08,1.73611e-15,1.48351
10,11222941000000,137118,0.0412054,0.084,24.2687,11.9048,2000000000.0,0.9,4.82143e-09,2.8699e-17,0.923077
10,11222942000000,141118,0.0402075,0.006,24.871,166.667,4000000000.0,1.0,4.16667e-08,1.73611e-15,1.48351
10,11222943000000,143118,0.0403793,0.0525,24.7652,19.0476,2000000000.0,0.9,7.71429e-09,7.34694e-17,0.923077
10,11222944000000,147118,0.0397096,0.01575,25.1828,63.4921,4000000000.0,1.0,1.5873e-08,2.51953e-16,1.50617
10,11222945000000,151118,0.0388173,0.006,25.7617,166.667,4000000000.0,1.0,4.16667e-08,1.73611e-15,1.48166
10,11222946000000,152118,0.0396666,0.168,25.2101,5.95238,1000000000.0,0.8,3.80952e-09,2.26757e-17,0.923077
10,11222947000000,156118,0.0387271,0.003,25.8217,333.333,4000000000.0,1.0,8.33333e-08,6.94444e-15,1.1318
10,11222948000000,157118,0.0396263,0.18,25.2358,5.55556,1000000000.0,0.8,3.55556e-09,1.97531e-17,0.461539
10,11222949000000,161118,0.038717,0.003,25.8285,333.333,4000000000.0,1.0,8.33333e-08,6.94444e-15,1.14263
10,11222950000000,162118,0.0395884,0.18,25.2599,5.55556,1000000000.0,0.8,3.55556e-09,1.97531e-17,0.461539
10,11222951000000,166118,0.0386352,0.0,25.8831,0.0,4000000000.0,1.0,0.0,0.0,1.14263
10,11222952000000,167118,0.0384758,0.012,25.9904,83.3333,1000000000.0,0.8,5.33333e-08,4.44444e-15,3.3162e-07
10,11222953000000,171118,0.0397503,0.093,25.157,10.7527,4000000000.0,1.0,2.68817e-09,7.22627e-18,3.19508
10,11222954000000,173118,0.0399323,0.0555,25.0424,18.018,2000000000.0,0.9,7.2973e-09,6.57414e-17,4.29953
10,11222955000000,175118,0.0429882,0.3075,23.2622,3.25203,2000000000.0,0.9,1.31707e-09,2.1415800000000004e-18,2.96075
10,11222956000000,176118,0.0431813,0.077,23.1582,12.987,1000000000.0,0.8,8.31169e-09,1.07944e-16,0.479472
10,11222957000000,177118,0.0433327,0.07,23.0773,14.2857,1000000000.0,0.8,9.14286e-09,1.30612e-16,0.841591
10,11222958000000,178118,0.0465646,0.619,21.4755,1.61551,1000000000.0,0.8,1.03393e-09,1.6703200000000001e-18,0.40026
10,11222959000000,179118,0.0469411,0.114,21.3033,8.77193,1000000000.0,0.8,5.61404e-09,4.92459e-17,0.614011
10,11222960000000,180118,0.0482961,0.291,20.7056,3.43643,1000000000.0,0.8,2.19931e-09,7.55778e-18,0.180942
10,11222961000000,181118,0.0500337,0.363,19.9865,2.75482,1000000000.0,0.8,1.76309e-09,4.85698e-18,0.954632
10,11222962000000,182118,0.0503849,0.114,19.8472,8.77193,1000000000.0,0.8,5.61404e-09,4.92459e-17,0.462445
10,11222963000000,183118,0.0528512,0.502,18.9211,1.99203,1000000000.0,0.8,1.2749e-09,2.53964e-18,0.132407
10,11222964000000,184118,0.0533897,0.152,18.7302,6.57895,1000000000.0,0.8,4.21053e-09,2.77008e-17,0.779724
10,11222965000000,185118,0.0537171,0.114,18.616,8.77193,1000000000.0,0.8,5.61404e-09,4.92459e-17,0.322125
10,11222966000000,186118,0.0569424,0.654,17.5616,1.52905,1000000000.0,0.8,9.78593e-10,1.4963200000000001e-18,0.120751
10,11222967000000,187118,0.0572473,0.114,17.4681,8.77193,1000000000.0,0.8,5.61404e-09,4.92459e-17,0.652671
10,11222968000000,188118,0.0578839,0.177,17.276,5.64972,1000000000.0,0.8,3.61582e-09,2.04284e-17,0.282014
10,11222969000000,189118,0.0601,0.477,16.6389,2.09644,1000000000.0,0.8,1.34172e-09,2.81283e-18,1.06237
10,11222970000000,190118,0.0603836,0.114,16.5608,8.77193,1000000000.0,0.8,5.61404e-09,4.92459e-17,0.704971
10,11222971000000,191118,0.0621239,0.393,16.0969,2.54453,1000000000.0,0.8,1.6285e-09,4.1437600000000005e-18,0.151598
10,11222972000000,192118,0.0631591,0.261,15.833,3.83142,1000000000.0,0.8,2.45211e-09,9.395050000000001e-18,0.796746
10,11222973000000,193118,0.0634224,0.114,15.7673,8.77193,1000000000.0,0.8,5.61404e-09,4.92459e-17,0.719261
10,11222974000000,194118,0.0662175,0.606,15.1018,1.65017,1000000000.0,0.8,1.05611e-09,1.7427500000000002e-18,0.127713
10,11222975000000,195118,0.0664316,0.108,15.0531,9.25926,1000000000.0,0.8,5.92593e-09,5.48697e-17,0.755027
10,11222976000000,196118,0.0664651,0.073,15.0455,13.6986,1000000000.0,0.8,8.76712e-09,1.20098e-16,0.395662
10,11222977000000,197118,0.0693493,0.635,14.4198,1.5748,1000000000.0,0.8,1.00787e-09,1.5872e-18,0.363714
10,11222978000000,198118,0.0695747,0.114,14.373,8.77193,1000000000.0,0.8,5.61404e-09,4.92459e-17,0.646671
10,11222979000000,199118,0.0706164,0.277,14.161,3.61011,1000000000.0,0.8,2.31047e-09,8.341040000000001e-18,0.186755
10,11222980000000,200118,0.0721474,0.377,13.8605,2.65252,1000000000.0,0.8,1.69761e-09,4.50295e-18,0.861592
10,11222981000000,201118,0.0723555,0.114,13.8206,8.77193,1000000000.0,0.8,5.61404e-09,4.92459e-17,0.463502
10,11222982000000,202118,0.074412,0.488,13.4387,2.04918,1000000000.0,0.8,1.31148e-09,2.6874500000000003e-18,0.135635
10,11222983000000,203118,0.0748629,0.166,13.3578,6.0241,1000000000.0,0.8,3.85542e-09,2.32254e-17,0.863323
10,11222984000000,204118,0.0750546,0.114,13.3236,8.77193,1000000000.0,0.8,5.61404e-09,4.92459e-17,0.372829
10,11222985000000,205118,0.0778771,0.654,12.8407,1.52905,1000000000.0,0.8,9.78593e-10,1.4963200000000001e-18,0.168054
10,11222986000000,206118,0.0780524,0.114,12.8119,8.77193,1000000000.0,0.8,5.61404e-09,4.92459e-17,0.685439
10,11222987000000,207118,0.078448,0.16,12.7473,6.25,1000000000.0,0.8,4e-09,2.5e-17,0.318389
10,11222988000000,208118,0.0804447,0.494,12.4309,2.02429,1000000000.0,0.8,1.29555e-09,2.62256e-18,1.26039
10,11222989000000,209118,0.0806052,0.114,12.4061,8.77193,1000000000.0,0.8,5.61404e-09,4.92459e-17,0.59962
10,11222990000000,210118,0.0820158,0.377,12.1928,2.65252,1000000000.0,0.8,1.69761e-09,4.50295e-18,0.154577
10,11222991000000,211118,0.0829394,0.277,12.057,3.61011,1000000000.0,0.8,2.31047e-09,8.341040000000001e-18,0.868737
10,11222992000000,212118,0.0830858,0.114,12.0357,8.77193,1000000000.0,0.8,5.61404e-09,4.92459e-17,0.437192
10,11222993000000,213118,0.0854691,0.591,11.7001,1.69205,1000000000.0,0.8,1.08291e-09,1.83234e-18,0.130818
10,11222994000000,214118,0.0855463,0.102,11.6896,9.80392,1000000000.0,0.8,6.27451e-09,6.15148e-17,0.818928
10,11222995000000,215118,0.0855066,0.077,11.695,12.987,1000000000.0,0.8,8.31169e-09,1.07944e-16,0.374749
10,11222996000000,216118,0.0881278,0.652,11.3472,1.53374,1000000000.0,0.8,9.81595e-10,1.5055100000000001e-18,0.610402
10,11222997000000,217118,0.0882469,0.114,11.3318,8.77193,1000000000.0,0.8,5.61404e-09,4.92459e-17,0.63039
10,11222998000000,218118,0.0890527,0.264,11.2293,3.78788,1000000000.0,0.8,2.42424e-09,9.18274e-18,0.199367
10,11222999000000,220118,0.0900517,0.199,11.1047,5.02513,2000000000.0,0.9,2.03518e-09,5.11351e-18,0.826772
10,11223000000000,221118,0.09016,0.114,11.0914,8.77193,1000000000.0,0.8,5.61404e-09,4.92459e-17,0.535996
10,11223001000000,222118,0.0925319,0.617,10.8071,1.62075,1000000000.0,0.8,1.03728e-09,1.6811600000000002e-18,0.171603
10,11223002000000,224118,0.0925495,0.0945,10.805,10.582,2000000000.0,0.9,4.28571e-09,2.26757e-17,0.751516
10,11223003000000,226118,0.0921377,0.046,10.8533,21.7391,2000000000.0,0.9,8.80435e-09,9.56994e-17,0.50774
10,11223004000000,227118,0.0945676,0.644,10.5744,1.5528,1000000000.0,0.8,9.93789e-10,1.5431500000000001e-18,2.07974
10,11223005000000,229118,0.094842,0.126,10.5439,7.93651,2000000000.0,0.9,3.21429e-09,1.27551e-17,15.2546
10,11223006000000,230118,0.0949296,0.115,10.5341,8.69565,1000000000.0,0.8,5.56522e-09,4.83932e-17,0.420619
10,11223007000000,231118,0.0970933,0.595,10.2994,1.68067,1000000000.0,0.8,1.07563e-09,1.8077800000000003e-18,0.0914412
10,11223008000000,232118,0.0972953,0.144,10.278,6.94444,1000000000.0,0.8,4.44444e-09,3.08642e-17,0.672382
10,11223009000000,233118,0.0969552,0.018,10.314,55.5556,1000000000.0,0.8,3.55556e-08,1.97531e-15,0.76946
10,11223010000000,234118,0.0992235,0.628,10.0783,1.59236,1000000000.0,0.8,1.01911e-09,1.62278e-18,0.835063
10,11223011000000,235118,0.0992863,0.114,10.0719,8.77193,1000000000.0,0.8,5.61404e-09,4.92459e-17,0.391169
10,11223012000000,236118,0.0992724,0.096,10.0733,10.4167,1000000000.0,0.8,6.66667e-09,6.94444e-17,0.226104
10,11223013000000,237118,0.101173,0.55,9.88404,1.81818,1000000000.0,0.8,1.16364e-09,2.1157e-18,1.00015
10,11223014000000,238118,0.10137,0.148,9.86486,6.75676,1000000000.0,0.8,4.32432e-09,2.92184e-17,0.617685
10,11223015000000,239118,0.101791,0.202,9.82408,4.9505,1000000000.0,0.8,3.16832e-09,1.56847e-17,0.307531
10,11223016000000,240118,0.103141,0.426,9.69547,2.34742,1000000000.0,0.8,1.50235e-09,3.526640000000001e-18,1.01284
10,11223017000000,241118,0.103186,0.114,9.69124,8.77193,1000000000.0,0.8,5.61404e-09,4.92459e-17,0.512441
10,11223018000000,242118,0.104226,0.355,9.59453,2.8169,1000000000.0,0.8,1.80282e-09,5.07836e-18,0.15738
10,11223019000000,243118,0.104994,0.291,9.52433,3.43643,1000000000.0,0.8,2.19931e-09,7.55778e-18,0.841343
10,11223020000000,244118,0.10517,0.148,9.50837,6.75676,1000000000.0,0.8,4.32432e-09,2.92184e-17,0.60748
10,11223021000000,245118,0.106728,0.487,9.3696,2.05339,1000000000.0,0.8,1.31417e-09,2.6985e-18,0.249338
10,11223022000000,246118,0.106867,0.141,9.35739,7.0922,1000000000.0,0.8,4.53901e-09,3.21915e-17,0.813443
10,11223023000000,247118,0.106896,0.114,9.35486,8.77193,1000000000.0,0.8,5.61404e-09,4.92459e-17,0.446823
10,11223024000000,248118,0.108976,0.623,9.1763,1.60514,1000000000.0,0.8,1.02729e-09,1.64894e-18,0.210049
10,11223025000000,249118,0.109101,0.14,9.16583,7.14286,1000000000.0,0.8,4.57143e-09,3.26531e-17,0.731575
10,11223026000000,250118,0.108789,0.031,9.19214,32.2581,1000000000.0,0.8,2.06452e-08,6.65973e-16,0.568388
10,11223027000000,251118,0.110856,0.628,9.02069,1.59236,1000000000.0,0.8,1.01911e-09,1.62278e-18,0.643696
10,11223028000000,252118,0.110869,0.114,9.01968,8.77193,1000000000.0,0.8,5.61404e-09,4.92459e-17,0.73561
10,11223029000000,253118,0.111035,0.153,9.00616,6.53595,1000000000.0,0.8,4.18301e-09,2.73399e-17,0.199801
10,11223030000000,254118,0.112538,0.493,8.88587,2.0284,1000000000.0,0.8,1.29817e-09,2.63321e-18,1.18451
10,11223031000000,255118,0.112677,0.148,8.8749,6.75676,1000000000.0,0.8,4.32432e-09,2.92184e-17,0.691255
10,11223032000000,256118,0.113342,0.283,8.82283,3.53357,1000000000.0,0.8,2.26148e-09,7.99111e-18,0.271249
10,11223033000000,257118,0.114243,0.345,8.75325,2.89855,1000000000.0,0.8,1.85507e-09,5.37702e-18,0.899276
10,11223034000000,258118,0.114242,0.114,8.75332,8.77193,1000000000.0,0.8,5.61404e-09,4.92459e-17,0.454289
10,11223035000000,259118,0.115469,0.432,8.66036,2.31481,1000000000.0,0.8,1.48148e-09,3.4293600000000003e-18,0.157269
10,11223036000000,260118,0.115847,0.214,8.63204,4.6729,1000000000.0,0.8,2.99065e-09,1.3975e-17,0.771217
10,11223037000000,261118,0.115971,0.148,8.62288,6.75676,1000000000.0,0.8,4.32432e-09,2.92184e-17,0.339219
10,11223038000000,262118,0.117638,0.553,8.50066,1.80832,1000000000.0,0.8,1.15732e-09,2.0928100000000003e-18,0.248532
10,11223039000000,263118,0.117628,0.115,8.50139,8.69565,1000000000.0,0.8,5.56522e-09,4.83932e-17,0.883984
10,11223040000000,264118,0.117463,0.074,8.51334,13.5135,1000000000.0,0.8,8.64865e-09,1.16874e-16,0.464648
10,11223041000000,265118,0.119456,0.646,8.37127,1.54799,1000000000.0,0.8,9.90712e-10,1.5336100000000002e-18,0.430971
10,11223042000000,266118,0.119564,0.148,8.36376,6.75676,1000000000.0,0.8,4.32432e-09,2.92184e-17,0.66487
10,11223043000000,267118,0.119288,0.046,8.38307,21.7391,1000000000.0,0.8,1.3913e-08,3.02457e-16,0.400366
10,11223044000000,268118,0.121014,0.582,8.26351,1.71821,1000000000.0,0.8,1.09966e-09,1.8894400000000002e-18,0.358804
10,11223045000000,269118,0.120988,0.114,8.26529,8.77193,1000000000.0,0.8,5.61404e-09,4.92459e-17,0.623658
10,11223046000000,270118,0.121395,0.231,8.23757,4.329,1000000000.0,0.8,2.77056e-09,1.19938e-17,0.185409
10,11223047000000,271118,0.122478,0.415,8.16473,2.40964,1000000000.0,0.8,1.54217e-09,3.7160700000000006e-18,0.768828
10,11223048000000,272118,0.122572,0.148,8.15848,6.75676,1000000000.0,0.8,4.32432e-09,2.92184e-17,0.255765
10,11223049000000,273118,0.123412,0.352,8.10295,2.84091,1000000000.0,0.8,1.81818e-09,5.165290000000001e-18,0.25925
10,11223050000000,274118,0.123969,0.276,8.06656,3.62319,1000000000.0,0.8,2.31884e-09,8.4016e-18,0.932439
10,11223051000000,275118,0.123932,0.114,8.06892,8.77193,1000000000.0,0.8,5.61404e-09,4.92459e-17,0.565182
10,11223052000000,276118,0.125302,0.502,7.98075,1.99203,1000000000.0,0.8,1.2749e-09,2.53964e-18,0.173039
10,11223053000000,277118,0.125369,0.144,7.97646,6.94444,1000000000.0,0.8,4.44444e-09,3.08642e-17,0.889821
10,11223054000000,278118,0.12545,0.148,7.97128,6.75676,1000000000.0,0.8,4.32432e-09,2.92184e-17,0.438356
10,11223055000000,279118,0.127201,0.614,7.86159,1.62866,1000000000.0,0.8,1.04235e-09,1.6976300000000001e-18,0.25265
10,11223056000000,280118,0.127104,0.1,7.8676,10.0,1000000000.0,0.8,6.4e-09,6.4e-17,0.720377
10,11223057000000,281118,0.126751,0.028,7.88948,35.7143,1000000000.0,0.8,2.28571e-08,8.16327e-16,0.56755
10,11223058000000,282118,0.12874,0.688,7.76757,1.45349,1000000000.0,0.8,9.30233e-10,1.35208e-18,0.308388
10,11223059000000,283118,0.12948,0.338,7.72323,2.95858,1000000000.0,0.8,1.89349e-09,5.6020400000000004e-18,0.245522
10,11223060000000,284118,0.129429,0.115,7.72627,8.69565,1000000000.0,0.8,5.56522e-09,4.83932e-17,0.521621
10,11223061000000,285118,0.130202,0.35,7.68036,2.85714,1000000000.0,0.8,1.82857e-09,5.2244900000000005e-18,0.241832
10,11223062000000,286118,0.130652,0.259,7.6539,3.861,1000000000.0,0.8,2.47104e-09,9.5407e-18,0.831607
10,11223063000000,287118,0.130713,0.148,7.65036,6.75676,1000000000.0,0.8,4.32432e-09,2.92184e-17,0.324373
10,11223064000000,288118,0.132324,0.595,7.55719,1.68067,1000000000.0,0.8,1.07563e-09,1.8077800000000003e-18,0.255148
10,11223065000000,289118,0.132334,0.135,7.55666,7.40741,1000000000.0,0.8,4.74074e-09,3.51166e-17,0.773709
10,11223066000000,290118,0.132188,0.09,7.56501,11.1111,1000000000.0,0.8,7.11111e-09,7.90123e-17,0.267419
10,11223067000000,291118,0.133685,0.568,7.48029,1.76056,1000000000.0,0.8,1.12676e-09,1.98373e-18,0.616215
10,11223068000000,292118,0.133734,0.148,7.47755,6.75676,1000000000.0,0.8,4.32432e-09,2.92184e-17,0.615027
10,11223069000000,293118,0.134355,0.316,7.44294,3.16456,1000000000.0,0.8,2.02532e-09,6.4092300000000005e-18,0.291742
10,11223070000000,294118,0.134959,0.312,7.40963,3.20513,1000000000.0,0.8,2.05128e-09,6.574620000000001e-18,0.964627
10,11223071000000,295118,0.134888,0.114,7.41353,8.77193,1000000000.0,0.8,5.61404e-09,4.92459e-17,0.593835
10,11223072000000,296118,0.136354,0.569,7.33383,1.75747,1000000000.0,0.8,1.12478e-09,1.97677e-18,0.164044
10,11223073000000,297118,0.136225,0.098,7.34078,10.2041,1000000000.0,0.8,6.53061e-09,6.66389e-17,0.791159
10,11223074000000,298118,0.136194,0.127,7.34245,7.87402,1000000000.0,0.8,5.03937e-09,3.96801e-17,0.547656
10,11223075000000,299118,0.137839,0.628,7.25486,1.59236,1000000000.0,0.8,1.01911e-09,1.62278e-18,0.410734
10,11223076000000,300118,0.137759,0.114,7.25905,8.77193,1000000000.0,0.8,5.61404e-09,4.92459e-17,0.661689
10,11223077000000,301118,0.138245,0.284,7.23354,3.52113,1000000000.0,0.8,2.25352e-09,7.93493e-18,0.183964
10,11223078000000,302118,0.138985,0.362,7.195,2.76243,1000000000.0,0.8,1.76796e-09,4.88386e-18,0.838255
10,11223079000000,303118,0.139015,0.148,7.19346,6.75676,1000000000.0,0.8,4.32432e-09,2.92184e-17,0.454667
10,11223080000000,304118,0.140186,0.495,7.13339,2.0202,1000000000.0,0.8,1.29293e-09,2.61198e-18,0.258808
10,11223081000000,305118,0.140162,0.133,7.13459,7.5188,1000000000.0,0.8,4.81203e-09,3.61807e-17,0.930964
10,11223082000000,306118,0.140077,0.114,7.13895,8.77193,1000000000.0,0.8,5.61404e-09,4.92459e-17,0.354088
10,11223083000000,307118,0.141724,0.646,7.05597,1.54799,1000000000.0,0.8,9.90712e-10,1.5336100000000002e-18,0.280741
10,11223084000000,308118,0.141744,0.148,7.05495,6.75676,1000000000.0,0.8,4.32432e-09,2.92184e-17,0.691062
10,11223085000000,309118,0.141965,0.21,7.04398,4.7619,1000000000.0,0.8,3.04762e-09,1.45125e-17,0.348234
10,11223086000000,310118,0.142855,0.418,7.00009,2.39234,1000000000.0,0.8,1.5311e-09,3.66292e-18,1.05415
10,11223087000000,311118,0.142763,0.114,7.00464,8.77193,1000000000.0,0.8,5.61404e-09,4.92459e-17,0.43983
10,11223088000000,312118,0.143785,0.462,6.95481,2.1645,1000000000.0,0.8,1.38528e-09,2.9984400000000003e-18,0.155084
10,11223089000000,313118,0.143914,0.184,6.9486,5.43478,1000000000.0,0.8,3.47826e-09,1.89036e-17,0.769638
10,11223090000000,314118,0.143927,0.148,6.94798,6.75676,1000000000.0,0.8,4.32432e-09,2.92184e-17,0.205308
10,11223091000000,315118,0.145463,0.628,6.8746,1.59236,1000000000.0,0.8,1.01911e-09,1.62278e-18,0.243626
10,11223092000000,316118,0.145363,0.114,6.87931,8.77193,1000000000.0,0.8,5.61404e-09,4.92459e-17,0.403591
10,11223093000000,317118,0.145466,0.178,6.87444,5.61798,1000000000.0,0.8,3.59551e-09,2.01995e-17,0.274376
10,11223094000000,318118,0.14648,0.468,6.82686,2.13675,1000000000.0,0.8,1.36752e-09,2.92205e-18,1.06389
10,11223095000000,319118,0.146485,0.148,6.82664,6.75676,1000000000.0,0.8,4.32432e-09,2.92184e-17,0.459416
10,11223096000000,320118,0.147249,0.391,6.79123,2.55754,1000000000.0,0.8,1.63683e-09,4.18626e-18,0.272921
10,11223097000000,321118,0.147528,0.237,6.77836,4.21941,1000000000.0,0.8,2.70042e-09,1.13942e-17,0.923325
10,11223098000000,322118,0.147424,0.114,6.78315,8.77193,1000000000.0,0.8,5.61404e-09,4.92459e-17,0.337782
10,11223099000000,323118,0.148912,0.628,6.7154,1.59236,1000000000.0,0.8,1.01911e-09,1.62278e-18,0.185506
10,11223100000000,324118,0.148896,0.144,6.71608,6.94444,1000000000.0,0.8,4.44444e-09,3.08642e-17,0.732585
10,11223101000000,325118,0.1487,0.085,6.72496,11.7647,1000000000.0,0.8,7.52941e-09,8.85813e-17,0.668461
10,11223102000000,326118,0.149976,0.565,6.66772,1.76991,1000000000.0,0.8,1.13274e-09,2.0048600000000003e-18,0.730191
10,11223103000000,327118,0.149866,0.114,6.67261,8.77193,1000000000.0,0.8,5.61404e-09,4.92459e-17,0.353254
10,11223104000000,328118,0.150495,0.356,6.64475,2.80899,1000000000.0,0.8,1.79775e-09,5.0498700000000004e-18,0.163356
10,11223105000000,329118,0.150919,0.29,6.62609,3.44828,1000000000.0,0.8,2.2069e-09,7.60999e-18,0.91502
10,11223106000000,330118,0.15091,0.148,6.62648,6.75676,1000000000.0,0.8,4.32432e-09,2.92184e-17,0.62756
10,11223107000000,331118,0.152169,0.568,6.57163,1.76056,1000000000.0,0.8,1.12676e-09,1.98373e-18,0.250822
10,11223108000000,332118,0.152109,0.132,6.57425,7.57576,1000000000.0,0.8,4.84848e-09,3.67309e-17,0.855657
10,11223109000000,333118,0.151859,0.069,6.58505,14.4928,1000000000.0,0.8,9.27536e-09,1.34426e-16,0.278948
10,11223110000000,334071,0.153327,0.666317,6.52202,1.50079,1000000000.0,0.8,9.60504e-10,1.4415100000000001e-18,0.318224
10,11223111000000,334071,0.153327,,6.52202,0.0,1000000000.0,0.8,0.0,0.0,0.0
10,11223112000000,334071,0.153327,,6.52202,0.0,1000000000.0,0.8,0.0,0.0,0.0
10,11223113000000,334071,0.153327,,6.52202,0.0,1000000000.0,0.8,0.0,0.0,0.0
10,11223114000000,334071,0.153327,,6.52202,0.0,1000000000.0,0.8,0.0,0.0,0.0
10,11223115000000,334071,0.153327,,6.52202,0.0,1000000000.0,0.8,0.0,0.0,0.0
11,10205500000000,15545,0.0685108,0.0685108,14.5962,14.5962,4000000000.0,1.0,3.64906e-09,1.33156e-17,0.0
11,10205501000000,19545,0.0845229,0.14675,11.8311,6.81431,4000000000.0,1.0,1.70358e-09,2.9021800000000004e-18,4.0
11,10205502000000,20546,0.0805023,0.001998,12.422,500.5,2000000000.0,0.9,2.02702e-07,5.07263e-14,1.05014
11,11206193000000,38239,0.0744789,0.0674843,13.4266,14.8183,4000000000.0,1.0,3.70456e-09,1.37238e-17,0.0
11,11206194000000,40239,0.0707771,0.0,14.1289,0.0,2000000000.0,0.9,0.0,0.0,0.815461
11,11206195000000,40688,0.0700452,0.00445434,14.2765,224.5,1000000000.0,0.8,1.4368e-07,3.22562e-14,0.00018963
11,11222906000000,42768,0.0677609,0.0230769,14.7578,43.3333,1000000000.0,0.8,2.77333e-08,1.20178e-15,0.0
11,11222907000000,46768,0.0633339,0.016,15.7893,62.5,4000000000.0,1.0,1.5625e-08,2.44141e-16,4.0
11,11222908000000,50768,0.0588757,0.00675,16.9849,148.148,4000000000.0,1.0,3.7037e-08,1.37174e-15,4.0
11,11222909000000,54768,0.0575884,0.04125,17.3646,24.2424,4000000000.0,1.0,6.06061e-09,3.67309e-17,3.18325
11,11222910000000,56768,0.0559822,0.012,17.8628,83.3333,2000000000.0,0.9,3.375e-08,1.40625e-15,1.82414
11,11222911000000,57768,0.0579213,0.168,17.2648,5.95238,1000000000.0,0.8,3.80952e-09,2.26757e-17,0.861539
11,11222912000000,59768,0.0563847,0.012,17.7353,83.3333,2000000000.0,0.9,3.375e-08,1.40625e-15,1.1318
11,11222913000000,60768,0.0572999,0.112,17.452,8.92857,1000000000.0,0.8,5.71429e-09,5.10204e-17,0.861539
11,11222914000000,64768,0.0546257,0.014,18.3064,71.4286,4000000000.0,1.0,1.78571e-08,3.18878e-16,2.52552
11,11222915000000,66768,0.0533489,0.012,18.7445,83.3333,2000000000.0,0.9,3.375e-08,1.40625e-15,1.50071
11,11222916000000,68768,0.0542403,0.084,18.4365,11.9048,2000000000.0,0.9,4.82143e-09,2.8699e-17,0.861539
11,11222917000000,72768,0.0515886,0.006,19.3841,166.667,4000000000.0,1.0,4.16667e-08,1.73611e-15,1.48351
11,11222918000000,74768,0.0524556,0.084,19.0637,11.9048,2000000000.0,0.9,4.82143e-09,2.8699e-17,0.923077
11,11222919000000,78768,0.0500965,0.006,19.9615,166.667,4000000000.0,1.0,4.16667e-08,1.73611e-15,1.48351
11,11222920000000,80768,0.050936,0.084,19.6325,11.9048,2000000000.0,0.9,4.82143e-09,2.8699e-17,0.923077
11,11222921000000,84768,0.0485325,0.0,20.6048,0.0,4000000000.0,1.0,0.0,0.0,1.48351
11,11222922000000,85768,0.0483863,0.036,20.667,27.7778,1000000000.0,0.8,1.77778e-08,4.93827e-16,1.06746e-07
11,11222923000000,87768,0.0490612,0.078,20.3827,12.8205,2000000000.0,0.9,5.19231e-09,3.3284e-17,1.04933
11,11222924000000,91768,0.0470534,0.003,21.2524,333.333,4000000000.0,1.0,8.33333e-08,6.94444e-15,1.47461
11,11222925000000,92768,0.0484865,0.18,20.6243,5.55556,1000000000.0,0.8,3.55556e-09,1.97531e-17,0.461539
11,11222926000000,96768,0.0466063,0.003,21.4563,333.333,4000000000.0,1.0,8.33333e-08,6.94444e-15,1.14263
11,11222927000000,97768,0.0479707,0.18,20.8461,5.55556,1000000000.0,0.8,3.55556e-09,1.97531e-17,0.461539
11,11222928000000,101768,0.0462031,0.003,21.6436,333.333,4000000000.0,1.0,8.33333e-08,6.94444e-15,1.14263
11,11222929000000,102768,0.0459773,0.023,21.7498,43.4783,1000000000.0,0.8,2.78261e-08,1.20983e-15,0.461539
11,11222930000000,104768,0.0465982,0.0785,21.4601,12.7389,2000000000.0,0.9,5.15924e-09,3.28614e-17,1.45372
11,11222931000000,106768,0.0459501,0.012,21.7627,83.3333,2000000000.0,0.9,3.375e-08,1.40625e-15,1.24083e-05
11,11222932000000,108768,0.0466497,0.084,21.4363,11.9048,2000000000.0,0.9,4.82143e-09,2.8699e-17,0.861539
11,11222933000000,112768,0.0452079,0.006,22.12,166.667,4000000000.0,1.0,4.16667e-08,1.73611e-15,1.48351
11,11222934000000,114768,0.0458839,0.084,21.7942,11.9048,2000000000.0,0.9,4.82143e-09,2.8699e-17,0.923077
11,11222935000000,118768,0.0445406,0.006,22.4514,166.667,4000000000.0,1.0,4.16667e-08,1.73611e-15,1.48351
11,11222936000000,120768,0.044896,0.066,22.2737,15.1515,2000000000.0,0.9,6.13636e-09,4.64876e-17,0.923077
11,11222937000000,124768,0.0437452,0.009,22.8597,111.111,4000000000.0,1.0,2.77778e-08,7.71605e-16,1.51326
11,11222938000000,128768,0.0425727,0.006,23.4892,166.667,4000000000.0,1.0,4.16667e-08,1.73611e-15,1.85133
11,11222939000000,130768,0.0432063,0.084,23.1448,11.9048,2000000000.0,0.9,4.82143e-09,2.8699e-17,0.923077
11,11222940000000,134768,0.042102,0.006,23.7519,166.667,4000000000.0,1.0,4.16667e-08,1.73611e-15,1.48351
11,11222941000000,136768,0.0427147,0.084,23.4112,11.9048,2000000000.0,0.9,4.82143e-09,2.8699e-17,0.923077
11,11222942000000,140768,0.0416714,0.006,23.9973,166.667,4000000000.0,1.0,4.16667e-08,1.73611e-15,1.48351
11,11222943000000,142768,0.0418231,0.0525,23.9102,19.0476,2000000000.0,0.9,7.71429e-09,7.34694e-17,0.923077
11,11222944000000,146768,0.0411125,0.01575,24.3235,63.4921,4000000000.0,1.0,1.5873e-08,2.51953e-16,1.50617
11,11222945000000,150768,0.0401809,0.006,24.8874,166.667,4000000000.0,1.0,4.16667e-08,1.73611e-15,1.48166
11,11222946000000,151768,0.0410231,0.168,24.3765,5.95238,1000000000.0,0.8,3.80952e-09,2.26757e-17,0.923077
11,11222947000000,155768,0.0400467,0.003,24.9708,333.333,4000000000.0,1.0,8.33333e-08,6.94444e-15,1.1318
11,11222948000000,156768,0.0409395,0.18,24.4263,5.55556,1000000000.0,0.8,3.55556e-09,1.97531e-17,0.461539
11,11222949000000,160768,0.0399955,0.003,25.0028,333.333,4000000000.0,1.0,8.33333e-08,6.94444e-15,1.14263
11,11222950000000,161768,0.040861,0.18,24.4732,5.55556,1000000000.0,0.8,3.55556e-09,1.97531e-17,0.461539
11,11222951000000,165768,0.039875,0.0,25.0784,0.0,4000000000.0,1.0,0.0,0.0,1.14263
11,11222952000000,166768,0.0397079,0.012,25.1839,83.3333,1000000000.0,0.8,5.33333e-08,4.44444e-15,7.96219e-08
11,11222953000000,170768,0.0409562,0.093,24.4164,10.7527,4000000000.0,1.0,2.68817e-09,7.22627e-18,3.19508
11,11222954000000,172768,0.0411245,0.0555,24.3164,18.018,2000000000.0,0.9,7.2973e-09,6.57414e-17,4.29147
11,11222955000000,174768,0.0441728,0.3075,22.6383,3.25203,2000000000.0,0.9,1.31707e-09,2.1415800000000004e-18,2.96067
11,11222956000000,175768,0.0443596,0.077,22.543,12.987,1000000000.0,0.8,8.31169e-09,1.07944e-16,0.478625
11,11222957000000,176768,0.0445047,0.07,22.4696,14.2857,1000000000.0,0.8,9.14286e-09,1.30612e-16,0.842117
11,11222958000000,177768,0.0477364,0.619,20.9484,1.61551,1000000000.0,0.8,1.03393e-09,1.6703200000000001e-18,0.409191
11,11222959000000,178768,0.048107,0.114,20.787,8.77193,1000000000.0,0.8,5.61404e-09,4.92459e-17,0.613928
11,11222960000000,179768,0.0494582,0.291,20.2191,3.43643,1000000000.0,0.8,2.19931e-09,7.55778e-18,0.180003
11,11222961000000,180768,0.0511927,0.363,19.534,2.75482,1000000000.0,0.8,1.76309e-09,4.85698e-18,0.956373
11,11222962000000,181768,0.0515382,0.114,19.4031,8.77193,1000000000.0,0.8,5.61404e-09,4.92459e-17,0.458465
11,11222963000000,182768,0.0540029,0.502,18.5175,1.99203,1000000000.0,0.8,1.2749e-09,2.53964e-18,0.131799
11,11222964000000,183768,0.0545362,0.152,18.3365,6.57895,1000000000.0,0.8,4.21053e-09,2.77008e-17,0.780474
11,11222965000000,184768,0.054858,0.114,18.2289,8.77193,1000000000.0,0.8,5.61404e-09,4.92459e-17,0.31892
11,11222966000000,185768,0.0580832,0.654,17.2167,1.52905,1000000000.0,0.8,9.78593e-10,1.4963200000000001e-18,0.11993
11,11222967000000,186768,0.0583826,0.114,17.1284,8.77193,1000000000.0,0.8,5.61404e-09,4.92459e-17,0.661176
11,11222968000000,187768,0.0590143,0.177,16.945,5.64972,1000000000.0,0.8,3.61582e-09,2.04284e-17,0.282144
11,11222969000000,188768,0.0612286,0.477,16.3322,2.09644,1000000000.0,0.8,1.34172e-09,2.81283e-18,1.05997
11,11222970000000,189768,0.0615067,0.114,16.2584,8.77193,1000000000.0,0.8,5.61404e-09,4.92459e-17,0.726198
11,11222971000000,190768,0.0632444,0.393,15.8117,2.54453,1000000000.0,0.8,1.6285e-09,4.1437600000000005e-18,0.150406
11,11222972000000,191768,0.0642756,0.261,15.558,3.83142,1000000000.0,0.8,2.45211e-09,9.395050000000001e-18,0.797128
11,11222973000000,192768,0.0645335,0.114,15.4958,8.77193,1000000000.0,0.8,5.61404e-09,4.92459e-17,0.739545
11,11222974000000,193768,0.0673279,0.606,14.8527,1.65017,1000000000.0,0.8,1.05611e-09,1.7427500000000002e-18,0.126023
11,11222975000000,194768,0.0675368,0.108,14.8068,9.25926,1000000000.0,0.8,5.92593e-09,5.48697e-17,0.755093
11,11222976000000,195768,0.0675647,0.073,14.8006,13.6986,1000000000.0,0.8,8.76712e-09,1.20098e-16,0.401093
11,11222977000000,196768,0.0704484,0.635,14.1948,1.5748,1000000000.0,0.8,1.00787e-09,1.5872e-18,0.365604
11,11222978000000,197768,0.0706687,0.114,14.1505,8.77193,1000000000.0,0.8,5.61404e-09,4.92459e-17,0.646636
11,11222979000000,198768,0.0717067,0.277,13.9457,3.61011,1000000000.0,0.8,2.31047e-09,8.341040000000001e-18,0.186088
11,11222980000000,199768,0.073235,0.377,13.6547,2.65252,1000000000.0,0.8,1.69761e-09,4.50295e-18,0.863074
11,11222981000000,200768,0.073438,0.114,13.6169,8.77193,1000000000.0,0.8,5.61404e-09,4.92459e-17,0.454764
11,11222982000000,201768,0.0754926,0.488,13.2463,2.04918,1000000000.0,0.8,1.31148e-09,2.6874500000000003e-18,0.134542
11,11222983000000,202768,0.075939,0.166,13.1685,6.0241,1000000000.0,0.8,3.85542e-09,2.32254e-17,0.864098
11,11222984000000,203768,0.0761258,0.114,13.1362,8.77193,1000000000.0,0.8,5.61404e-09,4.92459e-17,0.372828
11,11222985000000,204768,0.0789479,0.654,12.6666,1.52905,1000000000.0,0.8,9.78593e-10,1.4963200000000001e-18,0.153082
11,11222986000000,205768,0.0791182,0.114,12.6393,8.77193,1000000000.0,0.8,5.61404e-09,4.92459e-17,0.685212
11,11222987000000,206768,0.0795094,0.16,12.5771,6.25,1000000000.0,0.8,4e-09,2.5e-17,0.317452
11,11222988000000,207768,0.0815044,0.494,12.2693,2.02429,1000000000.0,0.8,1.29555e-09,2.62256e-18,1.25977
11,11222989000000,208768,0.08166,0.114,12.2459,8.77193,1000000000.0,0.8,5.61404e-09,4.92459e-17,0.599615
11,11222990000000,209768,0.083068,0.377,12.0383,2.65252,1000000000.0,0.8,1.69761e-09,4.50295e-18,0.153431
11,11222991000000,210768,0.0839881,0.277,11.9065,3.61011,1000000000.0,0.8,2.31047e-09,8.341040000000001e-18,0.867911
11,11222992000000,211768,0.0841298,0.114,11.8864,8.77193,1000000000.0,0.8,5.61404e-09,4.92459e-17,0.436408
11,11222993000000,212768,0.0865121,0.591,11.5591,1.69205,1000000000.0,0.8,1.08291e-09,1.83234e-18,0.128471
11,11222994000000,213768,0.0865845,0.102,11.5494,9.80392,1000000000.0,0.8,6.27451e-09,6.15148e-17,0.819093
11,11222995000000,214768,0.0865399,0.077,11.5554,12.987,1000000000.0,0.8,8.31169e-09,1.07944e-16,0.406862
11,11222996000000,215768,0.0891606,0.652,11.2157,1.53374,1000000000.0,0.8,9.81595e-10,1.5055100000000001e-18,0.616138
11,11222997000000,216768,0.0892752,0.114,11.2013,8.77193,1000000000.0,0.8,5.61404e-09,4.92459e-17,0.633531
11,11222998000000,217768,0.0900775,0.264,11.1015,3.78788,1000000000.0,0.8,2.42424e-09,9.18274e-18,0.197226
11,11222999000000,219768,0.0910688,0.199,10.9807,5.02513,2000000000.0,0.9,2.03518e-09,5.11351e-18,0.826284
11,11223000000000,220768,0.0911726,0.114,10.9682,8.77193,1000000000.0,0.8,5.61404e-09,4.92459e-17,0.535996
11,11223001000000,221768,0.0935437,0.617,10.6902,1.62075,1000000000.0,0.8,1.03728e-09,1.6811600000000002e-18,0.174038
11,11223002000000,223768,0.0935523,0.0945,10.6892,10.582,2000000000.0,0.9,4.28571e-09,2.26757e-17,0.752441
11,11223003000000,225768,0.093131,0.046,10.7376,21.7391,2000000000.0,0.9,8.80435e-09,9.56994e-17,0.507748
11,11223004000000,226768,0.0955602,0.644,10.4646,1.5528,1000000000.0,0.8,9.93789e-10,1.5431500000000001e-18,2.07974
11,11223005000000,228768,0.0958263,0.126,10.4355,7.93651,2000000000.0,0.9,3.21429e-09,1.27551e-17,15.2546
11,11223006000000,229768,0.0959098,0.115,10.4265,8.69565,1000000000.0,0.8,5.56522e-09,4.83932e-17,0.420619
11,11223007000000,230768,0.0980725,0.595,10.1965,1.68067,1000000000.0,0.8,1.07563e-09,1.8077800000000003e-18,0.0914383
11,11223008000000,231768,0.0982707,0.144,10.176,6.94444,1000000000.0,0.8,4.44444e-09,3.08642e-17,0.674401
11,11223009000000,232768,0.0979258,0.018,10.2118,55.5556,1000000000.0,0.8,3.55556e-08,1.97531e-15,0.769261
11,11223010000000,233768,0.100193,0.628,9.9807,1.59236,1000000000.0,0.8,1.01911e-09,1.62278e-18,0.829499
11,11223011000000,234768,0.100252,0.114,9.97485,8.77193,1000000000.0,0.8,5.61404e-09,4.92459e-17,0.391315
11,11223012000000,235768,0.100234,0.096,9.97664,10.4167,1000000000.0,0.8,6.66667e-09,6.94444e-17,0.22416
11,11223013000000,236768,0.102134,0.55,9.79108,1.81818,1000000000.0,0.8,1.16364e-09,2.1157e-18,1.00089
11,11223014000000,237768,0.102327,0.148,9.77263,6.75676,1000000000.0,0.8,4.32432e-09,2.92184e-17,0.613652
11,11223015000000,238768,0.102744,0.202,9.73292,4.9505,1000000000.0,0.8,3.16832e-09,1.56847e-17,0.302696
11,11223016000000,239768,0.104092,0.426,9.60686,2.34742,1000000000.0,0.8,1.50235e-09,3.526640000000001e-18,1.01297
11,11223017000000,240768,0.104133,0.114,9.60306,8.77193,1000000000.0,0.8,5.61404e-09,4.92459e-17,0.515685
11,11223018000000,241768,0.105171,0.355,9.50832,2.8169,1000000000.0,0.8,1.80282e-09,5.07836e-18,0.15581
11,11223019000000,242768,0.105937,0.291,9.43961,3.43643,1000000000.0,0.8,2.19931e-09,7.55778e-18,0.837907
11,11223020000000,243768,0.106109,0.148,9.42426,6.75676,1000000000.0,0.8,4.32432e-09,2.92184e-17,0.644642
11,11223021000000,244768,0.107665,0.487,9.28805,2.05339,1000000000.0,0.8,1.31417e-09,2.6985e-18,0.2503
11,11223022000000,245768,0.107801,0.141,9.27636,7.0922,1000000000.0,0.8,4.53901e-09,3.21915e-17,0.813456
11,11223023000000,246768,0.107826,0.114,9.2742,8.77193,1000000000.0,0.8,5.61404e-09,4.92459e-17,0.429554
11,11223024000000,247768,0.109905,0.623,9.09875,1.60514,1000000000.0,0.8,1.02729e-09,1.64894e-18,0.209643
11,11223025000000,248768,0.110026,0.14,9.08874,7.14286,1000000000.0,0.8,4.57143e-09,3.26531e-17,0.735191
11,11223026000000,249768,0.10971,0.031,9.11496,32.2581,1000000000.0,0.8,2.06452e-08,6.65973e-16,0.568407
11,11223027000000,250768,0.111777,0.628,8.94641,1.59236,1000000000.0,0.8,1.01911e-09,1.62278e-18,0.643717
11,11223028000000,251768,0.111785,0.114,8.94571,8.77193,1000000000.0,0.8,5.61404e-09,4.92459e-17,0.735837
11,11223029000000,252768,0.111949,0.153,8.93268,6.53595,1000000000.0,0.8,4.18301e-09,2.73399e-17,0.198388
11,11223030000000,253768,0.11345,0.493,8.81445,2.0284,1000000000.0,0.8,1.29817e-09,2.63321e-18,1.18241
11,11223031000000,254768,0.113586,0.148,8.80393,6.75676,1000000000.0,0.8,4.32432e-09,2.92184e-17,0.686317
11,11223032000000,255768,0.114248,0.283,8.75288,3.53357,1000000000.0,0.8,2.26148e-09,7.99111e-18,0.27332
11,11223033000000,256768,0.115147,0.345,8.68457,2.89855,1000000000.0,0.8,1.85507e-09,5.37702e-18,0.899298
11,11223034000000,257768,0.115142,0.114,8.68491,8.77193,1000000000.0,0.8,5.61404e-09,4.92459e-17,0.452678
11,11223035000000,258768,0.116367,0.432,8.59352,2.31481,1000000000.0,0.8,1.48148e-09,3.4293600000000003e-18,0.156044
11,11223036000000,259768,0.116743,0.214,8.56585,4.6729,1000000000.0,0.8,2.99065e-09,1.3975e-17,0.770602
11,11223037000000,260768,0.116862,0.148,8.55707,6.75676,1000000000.0,0.8,4.32432e-09,2.92184e-17,0.339219
11,11223038000000,261768,0.118529,0.553,8.43678,1.80832,1000000000.0,0.8,1.15732e-09,2.0928100000000003e-18,0.248235
11,11223039000000,262768,0.118515,0.115,8.43774,8.69565,1000000000.0,0.8,5.56522e-09,4.83932e-17,0.883987
11,11223040000000,263768,0.118346,0.074,8.44977,13.5135,1000000000.0,0.8,8.64865e-09,1.16874e-16,0.474107
11,11223041000000,264768,0.120339,0.646,8.30984,1.54799,1000000000.0,0.8,9.90712e-10,1.5336100000000002e-18,0.419717
11,11223042000000,265768,0.120443,0.148,8.30266,6.75676,1000000000.0,0.8,4.32432e-09,2.92184e-17,0.677175
11,11223043000000,266768,0.120164,0.046,8.32194,21.7391,1000000000.0,0.8,1.3913e-08,3.02457e-16,0.399954
11,11223044000000,267768,0.121889,0.582,8.20418,1.71821,1000000000.0,0.8,1.09966e-09,1.8894400000000002e-18,0.35882
11,11223045000000,268768,0.12186,0.114,8.20616,8.77193,1000000000.0,0.8,5.61404e-09,4.92459e-17,0.62382
11,11223046000000,269768,0.122264,0.231,8.179,4.329,1000000000.0,0.8,2.77056e-09,1.19938e-17,0.184039
11,11223047000000,270768,0.123345,0.415,8.10731,2.40964,1000000000.0,0.8,1.54217e-09,3.7160700000000006e-18,0.767657
11,11223048000000,271768,0.123436,0.148,8.10135,6.75676,1000000000.0,0.8,4.32432e-09,2.92184e-17,0.255765
11,11223049000000,272768,0.124274,0.352,8.04673,2.84091,1000000000.0,0.8,1.81818e-09,5.165290000000001e-18,0.261141
11,11223050000000,273768,0.124828,0.276,8.011,3.62319,1000000000.0,0.8,2.31884e-09,8.4016e-18,0.932444
11,11223051000000,274768,0.124789,0.114,8.01353,8.77193,1000000000.0,0.8,5.61404e-09,4.92459e-17,0.573089
11,11223052000000,275768,0.126157,0.502,7.92665,1.99203,1000000000.0,0.8,1.2749e-09,2.53964e-18,0.172079
11,11223053000000,276768,0.126221,0.144,7.9226,6.94444,1000000000.0,0.8,4.44444e-09,3.08642e-17,0.889448
11,11223054000000,277768,0.1263,0.148,7.91768,6.75676,1000000000.0,0.8,4.32432e-09,2.92184e-17,0.433868
11,11223055000000,278768,0.128049,0.614,7.8095,1.62866,1000000000.0,0.8,1.04235e-09,1.6976300000000001e-18,0.249977
11,11223056000000,279768,0.127949,0.1,7.81562,10.0,1000000000.0,0.8,6.4e-09,6.4e-17,0.720457
11,11223057000000,280768,0.127593,0.028,7.83743,35.7143,1000000000.0,0.8,2.28571e-08,8.16327e-16,0.566412
11,11223058000000,281768,0.129582,0.688,7.71713,1.45349,1000000000.0,0.8,9.30233e-10,1.35208e-18,0.301367
11,11223059000000,282768,0.130319,0.338,7.67349,2.95858,1000000000.0,0.8,1.89349e-09,5.6020400000000004e-18,0.245522
11,11223060000000,283768,0.130265,0.115,7.67667,8.69565,1000000000.0,0.8,5.56522e-09,4.83932e-17,0.521621
11,11223061000000,284768,0.131036,0.35,7.63146,2.85714,1000000000.0,0.8,1.82857e-09,5.2244900000000005e-18,0.241824
11,11223062000000,285768,0.131484,0.259,7.60547,3.861,1000000000.0,0.8,2.47104e-09,9.5407e-18,0.841967
11,11223063000000,286768,0.131542,0.148,7.60214,6.75676,1000000000.0,0.8,4.32432e-09,2.92184e-17,0.319018
11,11223064000000,287768,0.133152,0.595,7.51019,1.68067,1000000000.0,0.8,1.07563e-09,1.8077800000000003e-18,0.254414
11,11223065000000,288768,0.133159,0.135,7.50983,7.40741,1000000000.0,0.8,4.74074e-09,3.51166e-17,0.773708
11,11223066000000,289768,0.13301,0.09,7.51824,11.1111,1000000000.0,0.8,7.11111e-09,7.90123e-17,0.267665
11,11223067000000,290768,0.134506,0.568,7.43462,1.76056,1000000000.0,0.8,1.12676e-09,1.98373e-18,0.616174
11,11223068000000,291768,0.134552,0.148,7.43206,6.75676,1000000000.0,0.8,4.32432e-09,2.92184e-17,0.614992
11,11223069000000,292768,0.135172,0.316,7.39799,3.16456,1000000000.0,0.8,2.02532e-09,6.4092300000000005e-18,0.291539
11,11223070000000,293768,0.135774,0.312,7.36519,3.20513,1000000000.0,0.8,2.05128e-09,6.574620000000001e-18,0.964627
11,11223071000000,294768,0.1357,0.114,7.3692,8.77193,1000000000.0,0.8,5.61404e-09,4.92459e-17,0.594907
11,11223072000000,295768,0.137165,0.569,7.29049,1.75747,1000000000.0,0.8,1.12478e-09,1.97677e-18,0.164027
11,11223073000000,296768,0.137033,0.098,7.29751,10.2041,1000000000.0,0.8,6.53061e-09,6.66389e-17,0.791111
11,11223074000000,297768,0.136999,0.127,7.29931,7.87402,1000000000.0,0.8,5.03937e-09,3.96801e-17,0.5579
11,11223075000000,298768,0.138643,0.628,7.21279,1.59236,1000000000.0,0.8,1.01911e-09,1.62278e-18,0.410719
11,11223076000000,299768,0.13856,0.114,7.21706,8.77193,1000000000.0,0.8,5.61404e-09,4.92459e-17,0.661692
11,11223077000000,300768,0.139044,0.284,7.19197,3.52113,1000000000.0,0.8,2.25352e-09,7.93493e-18,0.183962
11,11223078000000,301768,0.139783,0.362,7.15395,2.76243,1000000000.0,0.8,1.76796e-09,4.88386e-18,0.838258
11,11223079000000,302768,0.13981,0.148,7.15256,6.75676,1000000000.0,0.8,4.32432e-09,2.92184e-17,0.450922
11,11223080000000,303768,0.140979,0.495,7.09324,2.0202,1000000000.0,0.8,1.29293e-09,2.61198e-18,0.258376
11,11223081000000,304768,0.140953,0.133,7.09456,7.5188,1000000000.0,0.8,4.81203e-09,3.61807e-17,0.930964
11,11223082000000,305768,0.140865,0.114,7.099,8.77193,1000000000.0,0.8,5.61404e-09,4.92459e-17,0.342304
11,11223083000000,306768,0.142512,0.646,7.01697,1.54799,1000000000.0,0.8,9.90712e-10,1.5336100000000002e-18,0.2807
11,11223084000000,307768,0.142529,0.148,7.01609,6.75676,1000000000.0,0.8,4.32432e-09,2.92184e-17,0.692065
11,11223085000000,308768,0.142748,0.21,7.00535,4.7619,1000000000.0,0.8,3.04762e-09,1.45125e-17,0.348276
11,11223086000000,309768,0.143637,0.418,6.96202,2.39234,1000000000.0,0.8,1.5311e-09,3.66292e-18,1.05415
11,11223087000000,310768,0.143541,0.114,6.96664,8.77193,1000000000.0,0.8,5.61404e-09,4.92459e-17,0.443784
11,11223088000000,311768,0.144563,0.462,6.91742,2.1645,1000000000.0,0.8,1.38528e-09,2.9984400000000003e-18,0.155078
11,11223089000000,312768,0.144689,0.184,6.91139,5.43478,1000000000.0,0.8,3.47826e-09,1.89036e-17,0.769637
11,11223090000000,313768,0.144699,0.148,6.91088,6.75676,1000000000.0,0.8,4.32432e-09,2.92184e-17,0.205323
11,11223091000000,314768,0.146235,0.628,6.83832,1.59236,1000000000.0,0.8,1.01911e-09,1.62278e-18,0.243569
11,11223092000000,315768,0.146133,0.114,6.8431,8.77193,1000000000.0,0.8,5.61404e-09,4.92459e-17,0.403591
11,11223093000000,316768,0.146233,0.178,6.83839,5.61798,1000000000.0,0.8,3.59551e-09,2.01995e-17,0.274376
11,11223094000000,317768,0.147246,0.468,6.79137,2.13675,1000000000.0,0.8,1.36752e-09,2.92205e-18,1.06389
11,11223095000000,318768,0.147248,0.148,6.79126,6.75676,1000000000.0,0.8,4.32432e-09,2.92184e-17,0.459692
11,11223096000000,319768,0.14801,0.391,6.75628,2.55754,1000000000.0,0.8,1.63683e-09,4.18626e-18,0.272807
11,11223097000000,320768,0.148288,0.237,6.74364,4.21941,1000000000.0,0.8,2.70042e-09,1.13942e-17,0.923325
11,11223098000000,321768,0.148181,0.114,6.74849,8.77193,1000000000.0,0.8,5.61404e-09,4.92459e-17,0.340051
11,11223099000000,322768,0.149668,0.628,6.68146,1.59236,1000000000.0,0.8,1.01911e-09,1.62278e-18,0.185497
11,11223100000000,323768,0.14965,0.144,6.68224,6.94444,1000000000.0,0.8,4.44444e-09,3.08642e-17,0.732592
11,11223101000000,324768,0.149451,0.085,6.69114,11.7647,1000000000.0,0.8,7.52941e-09,8.85813e-17,0.668733
11,11223102000000,325768,0.150727,0.565,6.63452,1.76991,1000000000.0,0.8,1.13274e-09,2.0048600000000003e-18,0.729894
11,11223103000000,326768,0.150615,0.114,6.63947,8.77193,1000000000.0,0.8,5.61404e-09,4.92459e-17,0.353254
11,11223104000000,327768,0.151241,0.356,6.61196,2.80899,1000000000.0,0.8,1.79775e-09,5.0498700000000004e-18,0.163352
11,11223105000000,328768,0.151663,0.29,6.59356,3.44828,1000000000.0,0.8,2.2069e-09,7.60999e-18,0.91502
11,11223106000000,329768,0.151652,0.148,6.59404,6.75676,1000000000.0,0.8,4.32432e-09,2.92184e-17,0.62756
11,11223107000000,330768,0.152911,0.568,6.53976,1.76056,1000000000.0,0.8,1.12676e-09,1.98373e-18,0.250685
11,11223108000000,331768,0.152848,0.132,6.54246,7.57576,1000000000.0,0.8,4.84848e-09,3.67309e-17,0.855657
11,11223109000000,332768,0.152596,0.069,6.55326,14.4928,1000000000.0,0.8,9.27536e-09,1.34426e-16,0.280827
11,11223110000000,333721,0.154063,0.666317,6.49086,1.50079,1000000000.0,0.8,9.60504e-10,1.4415100000000001e-18,0.318202
11,11223111000000,333721,0.154063,,6.49086,0.0,1000000000.0,0.8,0.0,0.0,0.0
11,11223112000000,333721,0.154063,,6.49086,0.0,1000000000.0,0.8,0.0,0.0,0.0
11,11223113000000,333721,0.154063,,6.49086,0.0,1000000000.0,0.8,0.0,0.0,0.0
11,11223114000000,333721,0.154063,,6.49086,0.0,1000000000.0,0.8,0.0,0.0,0.0
11,11223115000000,333721,0.154063,,6.49086,0.0,1000000000.0,0.8,0.0,0.0,0.0
12,10205500000000,15545,0.0625281,0.0625281,15.9928,15.9928,4000000000.0,1.0,3.9982e-09,1.59856e-17,0.0
12,10205501000000,19545,0.0796112,0.146,12.5611,6.84932,4000000000.0,1.0,1.71233e-09,2.9320700000000004e-18,4.0
12,10205502000000,21514,0.072418,0.00101574,13.8087,984.5,2000000000.0,0.9,3.98723e-07,1.96271e-13,0.977955
12,11206193000000,39207,0.054276,0.0322161,18.4243,31.0404,4000000000.0,1.0,7.76009e-09,6.0219e-17,0.0
12,11206194000000,41207,0.0516417,0.0,19.3642,0.0,2000000000.0,0.9,0.0,0.0,0.815461
12,11206195000000,42207,0.0504182,0.0,19.8341,0.0,1000000000.0,0.8,0.0,0.0,9.29185e-05
12,11222906000000,44506,0.0489372,0.0217486,20.4343,45.98,1000000000.0,0.8,2.94272e-08,1.35306e-15,0.536372
12,11222907000000,48506,0.0462211,0.016,21.6351,62.5,4000000000.0,1.0,1.5625e-08,2.44141e-16,4.0
12,11222908000000,52506,0.0432141,0.00675,23.1406,148.148,4000000000.0,1.0,3.7037e-08,1.37174e-15,4.0
12,11222909000000,56506,0.0430751,0.04125,23.2153,24.2424,4000000000.0,1.0,6.06061e-09,3.67309e-17,3.18325
12,11222910000000,58506,0.0420128,0.012,23.8023,83.3333,2000000000.0,0.9,3.375e-08,1.40625e-15,1.83074
12,11222911000000,59506,0.04413,0.168,22.6603,5.95238,1000000000.0,0.8,3.80952e-09,2.26757e-17,0.861538
12,11222912000000,61506,0.0430852,0.012,23.2098,83.3333,2000000000.0,0.9,3.375e-08,1.40625e-15,1.1318
12,11222913000000,62506,0.0441878,0.112,22.6307,8.92857,1000000000.0,0.8,5.71429e-09,5.10204e-17,0.861538
12,11222914000000,66506,0.0423721,0.014,23.6004,71.4286,4000000000.0,1.0,1.78571e-08,3.18878e-16,2.52552
12,11222915000000,68506,0.0414854,0.012,24.1049,83.3333,2000000000.0,0.9,3.375e-08,1.40625e-15,1.50075
12,11222916000000,70506,0.0426914,0.084,23.4239,11.9048,2000000000.0,0.9,4.82143e-09,2.8699e-17,0.861538
12,11222917000000,74506,0.0407216,0.006,24.557,166.667,4000000000.0,1.0,4.16667e-08,1.73611e-15,1.48351
12,11222918000000,76506,0.0418529,0.084,23.8932,11.9048,2000000000.0,0.9,4.82143e-09,2.8699e-17,0.923077
12,11222919000000,80506,0.0400715,0.006,24.9554,166.667,4000000000.0,1.0,4.16667e-08,1.73611e-15,1.48351
12,11222920000000,82506,0.0411364,0.084,24.3094,11.9048,2000000000.0,0.9,4.82143e-09,2.8699e-17,0.923077
12,11222921000000,86506,0.0392343,0.0,25.4879,0.0,4000000000.0,1.0,0.0,0.0,1.48351
12,11222922000000,87506,0.0391973,0.036,25.512,27.7778,1000000000.0,0.8,1.77778e-08,4.93827e-16,2.56298e-08
12,11222923000000,89506,0.0400644,0.078,24.9598,12.8205,2000000000.0,0.9,5.19231e-09,3.3284e-17,1.04933
12,11222924000000,93506,0.0384788,0.003,25.9883,333.333,4000000000.0,1.0,8.33333e-08,6.94444e-15,1.47461
12,11222925000000,94506,0.0399763,0.18,25.0148,5.55556,1000000000.0,0.8,3.55556e-09,1.97531e-17,0.461538
12,11222926000000,98506,0.0384748,0.003,25.991,333.333,4000000000.0,1.0,8.33333e-08,6.94444e-15,1.14263
12,11222927000000,99506,0.0398971,0.18,25.0645,5.55556,1000000000.0,0.8,3.55556e-09,1.97531e-17,0.461538
12,11222928000000,103506,0.0384712,0.003,25.9935,333.333,4000000000.0,1.0,8.33333e-08,6.94444e-15,1.14263
12,11222929000000,104506,0.0383423,0.025,26.0809,40.0,1000000000.0,0.8,2.56e-08,1.024e-15,0.461538
12,11222930000000,106506,0.0390776,0.0775,25.5901,12.9032,2000000000.0,0.9,5.22581e-09,3.37149e-17,1.03076
12,11222931000000,108506,0.0385785,0.012,25.9212,83.3333,2000000000.0,0.9,3.375e-08,1.40625e-15,1.24083e-05
12,11222932000000,110506,0.0394006,0.084,25.3803,11.9048,2000000000.0,0.9,4.82143e-09,2.8699e-17,0.861538
12,11222933000000,114506,0.0382338,0.006,26.1549,166.667,4000000000.0,1.0,4.16667e-08,1.73611e-15,1.48351
12,11222934000000,116506,0.0390194,0.084,25.6282,11.9048,2000000000.0,0.9,4.82143e-09,2.8699e-17,0.923077
12,11222935000000,120506,0.0379234,0.006,26.3689,166.667,4000000000.0,1.0,4.16667e-08,1.73611e-15,1.48351
12,11222936000000,122506,0.0384063,0.0675,26.0374,14.8148,2000000000.0,0.9,6e-09,4.44444e-17,0.923077
12,11222937000000,126506,0.0374528,0.00825,26.7003,121.212,4000000000.0,1.0,3.0303e-08,9.18274e-16,1.59516
12,11222938000000,130506,0.0364887,0.006,27.4057,166.667,4000000000.0,1.0,4.16667e-08,1.73611e-15,1.85091
12,11222939000000,132506,0.0372059,0.084,26.8775,11.9048,2000000000.0,0.9,4.82143e-09,2.8699e-17,0.923077
12,11222940000000,136506,0.0362914,0.006,27.5547,166.667,4000000000.0,1.0,4.16667e-08,1.73611e-15,1.48351
12,11222941000000,138506,0.0369803,0.084,27.0414,11.9048,2000000000.0,0.9,4.82143e-09,2.8699e-17,0.923077
12,11222942000000,142506,0.0361108,0.006,27.6926,166.667,4000000000.0,1.0,4.16667e-08,1.73611e-15,1.48351
12,11222943000000,144506,0.0363376,0.0525,27.5197,19.0476,2000000000.0,0.9,7.71429e-09,7.34694e-17,0.923077
12,11222944000000,148506,0.0357831,0.01575,27.9462,63.4921,4000000000.0,1.0,1.5873e-08,2.51953e-16,1.50617
12,11222945000000,152506,0.0350019,0.006,28.5699,166.667,4000000000.0,1.0,4.16667e-08,1.73611e-15,1.48166
12,11222946000000,153506,0.0358683,0.168,27.8798,5.95238,1000000000.0,0.8,3.80952e-09,2.26757e-17,0.923077
12,11222947000000,157506,0.0350336,0.003,28.544,333.333,4000000000.0,1.0,8.33333e-08,6.94444e-15,1.1318
12,11222948000000,158506,0.0359482,0.18,27.8178,5.55556,1000000000.0,0.8,3.55556e-09,1.97531e-17,0.461538
12,11222949000000,162506,0.0351372,0.003,28.4599,333.333,4000000000.0,1.0,8.33333e-08,6.94444e-15,1.14263
12,11222950000000,163506,0.0360231,0.18,27.7599,5.55556,1000000000.0,0.8,3.55556e-09,1.97531e-17,0.461538
12,11222951000000,167506,0.0351629,0.0,28.439,0.0,4000000000.0,1.0,0.0,0.0,1.14263
12,11222952000000,168506,0.0350255,0.012,28.5507,83.3333,1000000000.0,0.8,5.33333e-08,4.44444e-15,1.91172e-08
12,11222953000000,172506,0.0363697,0.093,27.4954,10.7527,4000000000.0,1.0,2.68817e-09,7.22627e-18,3.19508
12,11222954000000,174506,0.036589,0.0555,27.3306,18.018,2000000000.0,0.9,7.2973e-09,6.57414e-17,4.28583
12,11222955000000,176506,0.03967,0.3085,25.2079,3.24149,2000000000.0,0.9,1.3128e-09,2.12772e-18,2.95384
12,11222956000000,177506,0.0401113,0.118,24.9306,8.47458,1000000000.0,0.8,5.42373e-09,4.59638e-17,0.485
12,11222957000000,178506,0.0408558,0.173,24.4763,5.78035,1000000000.0,0.8,3.69942e-09,2.13839e-17,0.449533
12,11222958000000,179506,0.0432632,0.473,23.1143,2.11416,1000000000.0,0.8,1.35307e-09,2.8606e-18,0.773378
12,11222959000000,180506,0.0436551,0.114,22.9069,8.77193,1000000000.0,0.8,5.61404e-09,4.92459e-17,0.670804
12,11222960000000,181506,0.0455853,0.394,21.9369,2.53807,1000000000.0,0.8,1.62437e-09,4.1227600000000004e-18,0.155452
12,11222961000000,182506,0.0467601,0.26,21.3858,3.84615,1000000000.0,0.8,2.46154e-09,9.467460000000001e-18,0.835563
12,11222962000000,183506,0.0471265,0.114,21.2195,8.77193,1000000000.0,0.8,5.61404e-09,4.92459e-17,0.604928
12,11222963000000,184506,0.0501718,0.609,19.9315,1.64204,1000000000.0,0.8,1.0509e-09,1.7256200000000001e-18,0.123953
12,11222964000000,185506,0.0504997,0.111,19.8021,9.00901,1000000000.0,0.8,5.76577e-09,5.19438e-17,0.722414
12,11222965000000,186506,0.0506096,0.071,19.7591,14.0845,1000000000.0,0.8,9.01408e-09,1.26959e-16,0.439222
12,11222966000000,187506,0.0537049,0.631,18.6203,1.58479,1000000000.0,0.8,1.01426e-09,1.60739e-18,0.280106
12,11222967000000,188506,0.0540248,0.114,18.51,8.77193,1000000000.0,0.8,5.61404e-09,4.92459e-17,0.661064
12,11222968000000,189506,0.0552225,0.281,18.1086,3.55872,1000000000.0,0.8,2.27758e-09,8.10527e-18,0.207207
12,11222969000000,190506,0.0568906,0.373,17.5776,2.68097,1000000000.0,0.8,1.71582e-09,4.6000500000000004e-18,0.972842
12,11222970000000,191506,0.0571888,0.114,17.4859,8.77193,1000000000.0,0.8,5.61404e-09,4.92459e-17,0.623019
12,11222971000000,192506,0.0594423,0.491,16.823,2.03666,1000000000.0,0.8,1.30346e-09,2.6547100000000003e-18,0.136871
12,11222972000000,193506,0.0599775,0.163,16.6729,6.13497,1000000000.0,0.8,3.92638e-09,2.40882e-17,0.846583
12,11222973000000,194506,0.0602552,0.114,16.5961,8.77193,1000000000.0,0.8,5.61404e-09,4.92459e-17,0.73406
12,11222974000000,195506,0.0632922,0.654,15.7997,1.52905,1000000000.0,0.8,9.78593e-10,1.4963200000000001e-18,0.119733
12,11222975000000,196506,0.0635502,0.114,15.7356,8.77193,1000000000.0,0.8,5.61404e-09,4.92459e-17,0.677515
12,11222976000000,197506,0.0640639,0.165,15.6094,6.06061,1000000000.0,0.8,3.87879e-09,2.35078e-17,0.481232
12,11222977000000,198506,0.0662045,0.489,15.1047,2.04499,1000000000.0,0.8,1.30879e-09,2.6764700000000004e-18,0.627302
12,11222978000000,199506,0.0664441,0.114,15.0502,8.77193,1000000000.0,0.8,5.61404e-09,4.92459e-17,0.704017
12,11222979000000,200506,0.0680079,0.38,14.7042,2.63158,1000000000.0,0.8,1.68421e-09,4.4321300000000005e-18,0.158935
12,11222980000000,201506,0.0690302,0.274,14.4864,3.64964,1000000000.0,0.8,2.33577e-09,8.524690000000001e-18,0.902852
12,11222981000000,202506,0.0692523,0.114,14.44,8.77193,1000000000.0,0.8,5.61404e-09,4.92459e-17,0.457889
12,11222982000000,203506,0.0718259,0.593,13.9226,1.68634,1000000000.0,0.8,1.07926e-09,1.82e-18,0.125897
12,11222983000000,204506,0.0719832,0.104,13.8921,9.61538,1000000000.0,0.8,6.15385e-09,5.91716e-17,0.735236
12,11222984000000,205506,0.0720028,0.076,13.8884,13.1579,1000000000.0,0.8,8.42105e-09,1.10803e-16,0.403594
12,11222985000000,206506,0.0747969,0.649,13.3695,1.54083,1000000000.0,0.8,9.86133e-10,1.5194600000000002e-18,0.338264
12,11222986000000,207506,0.0749858,0.114,13.3359,8.77193,1000000000.0,0.8,5.61404e-09,4.92459e-17,0.690286
12,11222987000000,208506,0.0759019,0.266,13.1749,3.7594,1000000000.0,0.8,2.40602e-09,9.045170000000001e-18,0.223852
12,11222988000000,209506,0.0773916,0.388,12.9213,2.57732,1000000000.0,0.8,1.64948e-09,4.2512500000000004e-18,1.13016
12,11222989000000,210506,0.0775655,0.114,12.8923,8.77193,1000000000.0,0.8,5.61404e-09,4.92459e-17,0.581254
12,11222990000000,211506,0.0794635,0.479,12.5844,2.08768,1000000000.0,0.8,1.33612e-09,2.7893900000000002e-18,0.13888
12,11222991000000,212506,0.079913,0.175,12.5136,5.71429,1000000000.0,0.8,3.65714e-09,2.0898e-17,0.801642
12,11222992000000,213506,0.0800727,0.114,12.4887,8.77193,1000000000.0,0.8,5.61404e-09,4.92459e-17,0.422483
12,11222993000000,214506,0.0827436,0.653,12.0855,1.53139,1000000000.0,0.8,9.80092e-10,1.5009100000000002e-18,0.121463
12,11222994000000,215506,0.0828933,0.115,12.0637,8.69565,1000000000.0,0.8,5.56522e-09,4.83932e-17,0.640475
12,11222995000000,216506,0.0831801,0.145,12.0221,6.89655,1000000000.0,0.8,4.41379e-09,3.044e-17,0.355726
12,11222996000000,217506,0.0851379,0.509,11.7457,1.96464,1000000000.0,0.8,1.25737e-09,2.4702700000000003e-18,0.629749
12,11222997000000,218506,0.08527,0.114,11.7275,8.77193,1000000000.0,0.8,5.61404e-09,4.92459e-17,0.66103
12,11222998000000,219506,0.0865398,0.364,11.5554,2.74725,1000000000.0,0.8,1.75824e-09,4.8303300000000004e-18,0.165721
12,11222999000000,221506,0.0870496,0.143,11.4877,6.99301,2000000000.0,0.9,2.83217e-09,9.902680000000001e-18,0.809655
12,11223000000000,222506,0.0871887,0.118,11.4694,8.47458,1000000000.0,0.8,5.42373e-09,4.59638e-17,0.537252
12,11223001000000,223506,0.0896889,0.646,11.1497,1.54799,1000000000.0,0.8,9.90712e-10,1.5336100000000002e-18,0.179366
12,11223002000000,225506,0.0896562,0.086,11.1537,11.6279,2000000000.0,0.9,4.7093e-09,2.73797e-17,0.676077
12,11223003000000,227506,0.089668,0.091,11.1523,10.989,2000000000.0,0.9,4.45055e-09,2.44536e-17,1.13198
12,11223004000000,228506,0.0911223,0.422,10.9743,2.36967,1000000000.0,0.8,1.51659e-09,3.5938100000000006e-18,2.04187
12,11223005000000,230506,0.0907265,0.0455,11.0221,21.978,2000000000.0,0.9,8.9011e-09,9.78143e-17,0.73498
12,11223006000000,231506,0.0905981,0.061,11.0378,16.3934,1000000000.0,0.8,1.04918e-08,1.71997e-16,0.461561
12,11223007000000,232506,0.0902729,0.015,11.0775,66.6667,1000000000.0,0.8,4.26667e-08,2.84444e-15,0.0368535
12,11223008000000,233506,0.0905116,0.146,11.0483,6.84932,1000000000.0,0.8,4.38356e-09,3.00244e-17,2.21288
12,11223009000000,234506,0.0908036,0.159,11.0128,6.28931,1000000000.0,0.8,4.02516e-09,2.53155e-17,1.35136
12,11223010000000,235506,0.0904181,0.0,11.0597,0.0,1000000000.0,0.8,0.0,0.0,0.266079
12,11223011000000,236506,0.0905643,0.125,11.0419,8.0,1000000000.0,0.8,5.12e-09,4.096e-17,0.200969
12,11223012000000,237506,0.0904103,0.054,11.0607,18.5185,1000000000.0,0.8,1.18519e-08,2.19479e-16,0.268932
12,11223013000000,238506,0.0911256,0.261,10.9739,3.83142,1000000000.0,0.8,2.45211e-09,9.395050000000001e-18,0.237065
12,11223014000000,239506,0.0921939,0.347,10.8467,2.88184,1000000000.0,0.8,1.84438e-09,5.31522e-18,0.719772
12,11223015000000,240506,0.0922721,0.111,10.8375,9.00901,1000000000.0,0.8,5.76577e-09,5.19438e-17,0.31507
12,11223016000000,241506,0.0940929,0.532,10.6278,1.8797,1000000000.0,0.8,1.20301e-09,2.2612900000000003e-18,0.289649
12,11223017000000,242506,0.0942203,0.125,10.6134,8.0,1000000000.0,0.8,5.12e-09,4.096e-17,0.68754
12,11223018000000,243506,0.0942893,0.111,10.6057,9.00901,1000000000.0,0.8,5.76577e-09,5.19438e-17,0.282808
12,11223019000000,244506,0.0965907,0.657,10.353,1.52207,1000000000.0,0.8,9.74125e-10,1.48269e-18,0.335924
12,11223020000000,245506,0.0966494,0.111,10.3467,9.00901,1000000000.0,0.8,5.76577e-09,5.19438e-17,0.578268
12,11223021000000,246506,0.097166,0.224,10.2917,4.46429,1000000000.0,0.8,2.85714e-09,1.27551e-17,0.230417
12,11223022000000,247506,0.0985229,0.433,10.1499,2.30947,1000000000.0,0.8,1.47806e-09,3.4135300000000004e-18,0.769487
12,11223023000000,248506,0.0985731,0.111,10.1448,9.00901,1000000000.0,0.8,5.76577e-09,5.19438e-17,0.400748
12,11223024000000,249506,0.0999655,0.446,10.0034,2.24215,1000000000.0,0.8,1.43498e-09,3.2174400000000004e-18,0.212731
12,11223025000000,250506,0.100409,0.211,9.95929,4.73934,1000000000.0,0.8,3.03318e-09,1.43752e-17,0.742707
12,11223026000000,251506,0.100451,0.111,9.95511,9.00901,1000000000.0,0.8,5.76577e-09,5.19438e-17,0.258224
12,11223027000000,252506,0.102611,0.646,9.7455,1.54799,1000000000.0,0.8,9.90712e-10,1.5336100000000002e-18,0.218336
12,11223028000000,253506,0.102688,0.122,9.73825,8.19672,1000000000.0,0.8,5.2459e-09,4.29992e-17,0.713103
12,11223029000000,254506,0.102787,0.128,9.72882,7.8125,1000000000.0,0.8,5e-09,3.90625e-17,0.346242
12,11223030000000,255506,0.104455,0.529,9.57346,1.89036,1000000000.0,0.8,1.20983e-09,2.2870100000000004e-18,1.1842
12,11223031000000,256506,0.104481,0.111,9.57112,9.00901,1000000000.0,0.8,5.76577e-09,5.19438e-17,0.668022
12,11223032000000,257506,0.105458,0.356,9.48247,2.80899,1000000000.0,0.8,1.79775e-09,5.0498700000000004e-18,0.181048
12,11223033000000,258506,0.106214,0.301,9.41494,3.32226,1000000000.0,0.8,2.12625e-09,7.06394e-18,0.876979
12,11223034000000,259506,0.106233,0.111,9.41331,9.00901,1000000000.0,0.8,5.76577e-09,5.19438e-17,0.457023
12,11223035000000,260506,0.108055,0.581,9.25454,1.72117,1000000000.0,0.8,1.10155e-09,1.8959500000000003e-18,0.146608
12,11223036000000,261506,0.10807,0.112,9.25325,8.92857,1000000000.0,0.8,5.71429e-09,5.10204e-17,0.764992
12,11223037000000,262506,0.107959,0.079,9.26274,12.6582,1000000000.0,0.8,8.10127e-09,1.02548e-16,0.349793
12,11223038000000,263506,0.110028,0.653,9.08861,1.53139,1000000000.0,0.8,9.80092e-10,1.5009100000000002e-18,0.387627
12,11223039000000,264506,0.110032,0.111,9.0883,9.00901,1000000000.0,0.8,5.76577e-09,5.19438e-17,0.680375
12,11223040000000,265506,0.110642,0.272,9.03819,3.67647,1000000000.0,0.8,2.35294e-09,8.650520000000001e-18,0.363753
12,11223041000000,266506,0.111671,0.385,8.95487,2.5974,1000000000.0,0.8,1.66234e-09,4.3177600000000005e-18,0.447751
12,11223042000000,267506,0.111669,0.111,8.95507,9.00901,1000000000.0,0.8,5.76577e-09,5.19438e-17,0.621791
12,11223043000000,268506,0.113089,0.493,8.84261,2.0284,1000000000.0,0.8,1.29817e-09,2.63321e-18,0.177196
12,11223044000000,269506,0.113278,0.164,8.82787,6.09756,1000000000.0,0.8,3.90244e-09,2.37954e-17,0.597173
12,11223045000000,270506,0.113269,0.111,8.82852,9.00901,1000000000.0,0.8,5.76577e-09,5.19438e-17,0.587979
12,11223046000000,271506,0.115272,0.657,8.67514,1.52207,1000000000.0,0.8,9.74125e-10,1.48269e-18,0.14122
12,11223047000000,272506,0.115256,0.111,8.67632,9.00901,1000000000.0,0.8,5.76577e-09,5.19438e-17,0.509022
12,11223048000000,273506,0.115522,0.188,8.65635,5.31915,1000000000.0,0.8,3.40426e-09,1.81077e-17,0.244961
12,11223049000000,274506,0.11681,0.469,8.56092,2.1322,1000000000.0,0.8,1.36461e-09,2.9096100000000004e-18,0.726443
12,11223050000000,275506,0.116789,0.111,8.56247,9.00901,1000000000.0,0.8,5.76577e-09,5.19438e-17,0.571731
12,11223051000000,276506,0.117831,0.405,8.48673,2.46914,1000000000.0,0.8,1.58025e-09,3.90184e-18,0.213127
12,11223052000000,277506,0.118315,0.252,8.45205,3.96825,1000000000.0,0.8,2.53968e-09,1.00781e-17,0.558521
12,11223053000000,278506,0.118288,0.111,8.45392,9.00901,1000000000.0,0.8,5.76577e-09,5.19438e-17,0.587869
12,11223054000000,279506,0.120101,0.625,8.32631,1.6,1000000000.0,0.8,1.024e-09,1.6384e-18,0.18095
12,11223055000000,280506,0.120133,0.129,8.32411,7.75194,1000000000.0,0.8,4.96124e-09,3.84592e-17,0.522558
12,11223056000000,281506,0.120015,0.087,8.33228,11.4943,1000000000.0,0.8,7.35632e-09,8.45554e-17,0.562993
12,11223057000000,282506,0.121658,0.584,8.21979,1.71233,1000000000.0,0.8,1.09589e-09,1.8765200000000002e-18,0.42102
12,11223058000000,283506,0.12162,0.111,8.22233,9.00901,1000000000.0,0.8,5.76577e-09,5.19438e-17,0.475538
12,11223059000000,284506,0.122317,0.32,8.17546,3.125,1000000000.0,0.8,2e-09,6.25e-18,0.544468
12,11223060000000,285506,0.123069,0.337,8.12551,2.96736,1000000000.0,0.8,1.89911e-09,5.63534e-18,0.951567
12,11223061000000,286506,0.123027,0.111,8.12829,9.00901,1000000000.0,0.8,5.76577e-09,5.19438e-17,0.36981
12,11223062000000,287506,0.124484,0.542,8.03314,1.84502,1000000000.0,0.8,1.18081e-09,2.1786200000000004e-18,0.32161
12,11223063000000,288506,0.125315,0.364,7.97992,2.74725,1000000000.0,0.8,1.75824e-09,4.8303300000000004e-18,0.576653
12,11223064000000,289506,0.124882,0.0,8.00758,0.0,1000000000.0,0.8,0.0,0.0,0.160051
12,11223065000000,290506,0.124627,0.051,8.02392,19.6078,1000000000.0,0.8,1.2549e-08,2.46059e-16,0.175528
12,11223066000000,291506,0.125315,0.325,7.97991,3.07692,1000000000.0,0.8,1.96923e-09,6.059170000000001e-18,0.0684581
12,11223067000000,292506,0.125057,0.05,7.99634,20.0,1000000000.0,0.8,1.28e-08,2.56e-16,0.484423
12,11223068000000,293506,0.125282,0.191,7.982,5.2356,1000000000.0,0.8,3.35079e-09,1.75434e-17,0.228756
12,11223069000000,294506,0.125342,0.143,7.97817,6.99301,1000000000.0,0.8,4.47552e-09,3.12974e-17,0.324035
12,11223070000000,295506,0.125087,0.05,7.99443,20.0,1000000000.0,0.8,1.28e-08,2.56e-16,0.382947
12,11223071000000,296506,0.125792,0.334,7.94965,2.99401,1000000000.0,0.8,1.91617e-09,5.73703e-18,0.231606
12,11223072000000,297506,0.125537,0.05,7.96578,20.0,1000000000.0,0.8,1.28e-08,2.56e-16,0.209258
12,11223073000000,298506,0.126235,0.334,7.92171,2.99401,1000000000.0,0.8,1.91617e-09,5.73703e-18,0.249865
12,11223074000000,299506,0.125981,0.05,7.93772,20.0,1000000000.0,0.8,1.28e-08,2.56e-16,0.214856
12,11223075000000,300506,0.126264,0.211,7.91993,4.73934,1000000000.0,0.8,3.03318e-09,1.43752e-17,0.329395
12,11223076000000,301506,0.126253,0.123,7.92061,8.13008,1000000000.0,0.8,5.20325e-09,4.23029e-17,0.382229
12,11223077000000,302506,0.126001,0.05,7.93646,20.0,1000000000.0,0.8,1.28e-08,2.56e-16,0.294087
12,11223078000000,303506,0.126686,0.334,7.89352,2.99401,1000000000.0,0.8,1.91617e-09,5.73703e-18,0.160745
12,11223079000000,304506,0.126434,0.05,7.90925,20.0,1000000000.0,0.8,1.28e-08,2.56e-16,0.3291
12,11223080000000,305506,0.127114,0.334,7.86697,2.99401,1000000000.0,0.8,1.91617e-09,5.73703e-18,0.0950664
12,11223081000000,306506,0.126862,0.05,7.88257,20.0,1000000000.0,0.8,1.28e-08,2.56e-16,0.42963
12,11223082000000,307506,0.127211,0.234,7.86098,4.2735,1000000000.0,0.8,2.73504e-09,1.16882e-17,0.127148
12,11223083000000,308506,0.127122,0.1,7.86644,10.0,1000000000.0,0.8,6.4e-09,6.4e-17,0.13631
12,11223084000000,309506,0.126873,0.05,7.88189,20.0,1000000000.0,0.8,1.28e-08,2.56e-16,0.476869
12,11223085000000,310506,0.12754,0.334,7.84066,2.99401,1000000000.0,0.8,1.91617e-09,5.73703e-18,0.126971
12,11223086000000,311506,0.127291,0.05,7.856,20.0,1000000000.0,0.8,1.28e-08,2.56e-16,0.538017
12,11223087000000,312506,0.127953,0.334,7.81539,2.99401,1000000000.0,0.8,1.91617e-09,5.73703e-18,0.157692
12,11223088000000,313506,0.127704,0.05,7.8306,20.0,1000000000.0,0.8,1.28e-08,2.56e-16,0.165204
12,11223089000000,314506,0.128099,0.252,7.80644,3.96825,1000000000.0,0.8,2.53968e-09,1.00781e-17,0.209838
12,11223090000000,315506,0.127988,0.093,7.81323,10.7527,1000000000.0,0.8,6.88172e-09,7.3997e-17,0.139828
12,11223091000000,316506,0.127707,0.039,7.83043,25.641,1000000000.0,0.8,1.64103e-08,4.20776e-16,0.319026
12,11223092000000,317506,0.128357,0.334,7.79079,2.99401,1000000000.0,0.8,1.91617e-09,5.73703e-18,0.348736
12,11223093000000,318506,0.128111,0.05,7.80575,20.0,1000000000.0,0.8,1.28e-08,2.56e-16,0.335025
12,11223094000000,319506,0.128755,0.334,7.76669,2.99401,1000000000.0,0.8,1.91617e-09,5.73703e-18,0.125415
12,11223095000000,320506,0.128509,0.05,7.78154,20.0,1000000000.0,0.8,1.28e-08,2.56e-16,0.28111
12,11223096000000,321506,0.128965,0.275,7.75405,3.63636,1000000000.0,0.8,2.32727e-09,8.46281e-18,0.097149
12,11223097000000,322506,0.128841,0.089,7.7615,11.236,1000000000.0,0.8,7.19101e-09,8.07979e-17,0.500264
12,11223098000000,323506,0.128576,0.043,7.77752,23.2558,1000000000.0,0.8,1.48837e-08,3.46133e-16,0.322037
12,11223099000000,324506,0.129138,0.311,7.74366,3.21543,1000000000.0,0.8,2.05788e-09,6.61697e-18,0.137574
12,11223100000000,325506,0.128895,0.05,7.75827,20.0,1000000000.0,0.8,1.28e-08,2.56e-16,0.45526
12,11223101000000,326506,0.129511,0.33,7.72137,3.0303,1000000000.0,0.8,1.93939e-09,5.87695e-18,0.0890124
12,11223102000000,327506,0.12928,0.054,7.73514,18.5185,1000000000.0,0.8,1.18519e-08,2.19479e-16,0.339509
12,11223103000000,328506,0.129778,0.293,7.70544,3.41297,1000000000.0,0.8,2.1843e-09,7.45495e-18,0.185739
12,11223104000000,329506,0.129649,0.087,7.71316,11.4943,1000000000.0,0.8,7.35632e-09,8.45554e-17,0.314442
12,11223105000000,330506,0.129402,0.048,7.72788,20.8333,1000000000.0,0.8,1.33333e-08,2.77778e-16,0.266601
12,11223106000000,331506,0.129886,0.29,7.69906,3.44828,1000000000.0,0.8,2.2069e-09,7.60999e-18,0.191422
12,11223107000000,332506,0.129646,0.05,7.71332,20.0,1000000000.0,0.8,1.28e-08,2.56e-16,0.283057
12,11223108000000,333263,0.130293,0.414795,7.67498,2.41083,1000000000.0,0.8,1.54293e-09,3.71974e-18,0.232086
12,11223109000000,333263,0.130293,,7.67498,0.0,1000000000.0,0.8,0.0,0.0,0.0
12,11223110000000,333263,0.130293,,7.67498,0.0,1000000000.0,0.8,0.0,0.0,0.0
12,11223111000000,333263,0.130293,,7.67498,0.0,1000000000.0,0.8,0.0,0.0,0.0
12,11223112000000,333263,0.130293,,7.67498,0.0,1000000000.0,0.8,0.0,0.0,0.0
12,11223113000000,333263,0.130293,,7.67498,0.0,1000000000.0,0.8,0.0,0.0,0.0
12,11223114000000,333263,0.130293,,7.67498,0.0,1000000000.0,0.8,0.0,0.0,0.0
12,11223115000000,333263,0.130293,,7.67498,0.0,1000000000.0,0.8,0.0,0.0,0.0
13,10205500000000,15545,0.0635574,0.0635574,15.7338,15.7338,4000000000.0,1.0,3.93345e-09,1.5472e-17,0.0
13,10205501000000,19545,0.082067,0.154,12.1852,6.49351,4000000000.0,1.0,1.62338e-09,2.6353500000000004e-18,4.0
13,10205502000000,21388,0.0750888,0.00108519,13.3176,921.5,2000000000.0,0.9,3.73208e-07,1.71955e-13,0.931779
13,11206193000000,39081,0.0618203,0.0457808,16.1759,21.8432,4000000000.0,1.0,5.4608e-09,2.98204e-17,0.0
13,11206194000000,41081,0.0588106,0.0,17.0037,0.0,2000000000.0,0.9,0.0,0.0,0.815461
13,11206195000000,41950,0.05764,0.0023015,17.349,434.5,1000000000.0,0.8,2.7808e-07,1.20826e-13,4.55301e-05
13,11222906000000,44030,0.0560073,0.0230769,17.8548,43.3333,1000000000.0,0.8,2.77333e-08,1.20178e-15,0.0
13,11222907000000,48030,0.0526754,0.016,18.9842,62.5,4000000000.0,1.0,1.5625e-08,2.44141e-16,4.0
13,11222908000000,52030,0.0491447,0.00675,20.3481,148.148,4000000000.0,1.0,3.7037e-08,1.37174e-15,4.0
13,11222909000000,56030,0.0485811,0.04125,20.5841,24.2424,4000000000.0,1.0,6.06061e-09,3.67309e-17,3.18325
13,11222910000000,58030,0.0473204,0.012,21.1326,83.3333,2000000000.0,0.9,3.375e-08,1.40625e-15,1.83537
13,11222911000000,59030,0.0493647,0.168,20.2574,5.95238,1000000000.0,0.8,3.80952e-09,2.26757e-17,0.861538
13,11222912000000,61030,0.0481403,0.012,20.7726,83.3333,2000000000.0,0.9,3.375e-08,1.40625e-15,1.1318
13,11222913000000,62030,0.0491698,0.112,20.3377,8.92857,1000000000.0,0.8,5.71429e-09,5.10204e-17,0.861538
13,11222914000000,66030,0.0470392,0.014,21.2589,71.4286,4000000000.0,1.0,1.78571e-08,3.18878e-16,2.52365
13,11222915000000,68030,0.0460091,0.012,21.7348,83.3333,2000000000.0,0.9,3.375e-08,1.40625e-15,1.50077
13,11222916000000,70030,0.0470941,0.084,21.2341,11.9048,2000000000.0,0.9,4.82143e-09,2.8699e-17,0.861538
13,11222917000000,74030,0.0448737,0.006,22.2848,166.667,4000000000.0,1.0,4.16667e-08,1.73611e-15,1.48351
13,11222918000000,76030,0.0459029,0.084,21.7851,11.9048,2000000000.0,0.9,4.82143e-09,2.8699e-17,0.923077
13,11222919000000,80030,0.0439085,0.006,22.7746,166.667,4000000000.0,1.0,4.16667e-08,1.73611e-15,1.48351
13,11222920000000,82030,0.044886,0.084,22.2787,11.9048,2000000000.0,0.9,4.82143e-09,2.8699e-17,0.923077
13,11222921000000,86030,0.042799,0.0,23.365,0.0,4000000000.0,1.0,0.0,0.0,1.48351
13,11222922000000,87030,0.0427209,0.036,23.4077,27.7778,1000000000.0,0.8,1.77778e-08,4.93827e-16,6.15371e-09
13,11222923000000,89030,0.0435134,0.078,22.9814,12.8205,2000000000.0,0.9,5.19231e-09,3.3284e-17,1.04933
13,11222924000000,93030,0.0417715,0.003,23.9398,333.333,4000000000.0,1.0,8.33333e-08,6.94444e-15,1.47461
13,11222925000000,94030,0.0432415,0.18,23.1259,5.55556,1000000000.0,0.8,3.55556e-09,1.97531e-17,0.461538
13,11222926000000,98030,0.0415995,0.003,24.0387,333.333,4000000000.0,1.0,8.33333e-08,6.94444e-15,1.14263
13,11222927000000,99030,0.0429971,0.18,23.2574,5.55556,1000000000.0,0.8,3.55556e-09,1.97531e-17,0.461538
13,11222928000000,103030,0.0414442,0.003,24.1288,333.333,4000000000.0,1.0,8.33333e-08,6.94444e-15,1.14263
13,11222929000000,104030,0.0412862,0.025,24.2212,40.0,1000000000.0,0.8,2.56e-08,1.024e-15,0.461538
13,11222930000000,106030,0.0419693,0.0775,23.827,12.9032,2000000000.0,0.9,5.22581e-09,3.37149e-17,1.03076
13,11222931000000,108030,0.0414144,0.012,24.1462,83.3333,2000000000.0,0.9,3.375e-08,1.40625e-15,1.24083e-05
13,11222932000000,110030,0.0421885,0.084,23.7031,11.9048,2000000000.0,0.9,4.82143e-09,2.8699e-17,0.861538
13,11222933000000,114030,0.0409191,0.006,24.4385,166.667,4000000000.0,1.0,4.16667e-08,1.73611e-15,1.48351
13,11222934000000,116030,0.0416616,0.084,24.0029,11.9048,2000000000.0,0.9,4.82143e-09,2.8699e-17,0.923077
13,11222935000000,120030,0.0404732,0.006,24.7077,166.667,4000000000.0,1.0,4.16667e-08,1.73611e-15,1.48351
13,11222936000000,122030,0.0409162,0.0675,24.4402,14.8148,2000000000.0,0.9,6e-09,4.44444e-17,0.923077
13,11222937000000,126030,0.0398794,0.00825,25.0756,121.212,4000000000.0,1.0,3.0303e-08,9.18274e-16,1.59597
13,11222938000000,130030,0.0388372,0.006,25.7485,166.667,4000000000.0,1.0,4.16667e-08,1.73611e-15,1.84849
13,11222939000000,132030,0.0395213,0.084,25.3028,11.9048,2000000000.0,0.9,4.82143e-09,2.8699e-17,0.923077
13,11222940000000,136030,0.0385356,0.006,25.95,166.667,4000000000.0,1.0,4.16667e-08,1.73611e-15,1.48351
13,11222941000000,138030,0.0391944,0.084,25.5139,11.9048,2000000000.0,0.9,4.82143e-09,2.8699e-17,0.923077
13,11222942000000,142030,0.0382595,0.006,26.1373,166.667,4000000000.0,1.0,4.16667e-08,1.73611e-15,1.48351
13,11222943000000,144030,0.0384573,0.0525,26.0029,19.0476,2000000000.0,0.9,7.71429e-09,7.34694e-17,0.923077
13,11222944000000,148030,0.0378437,0.01575,26.4245,63.4921,4000000000.0,1.0,1.5873e-08,2.51953e-16,1.50617
13,11222945000000,152030,0.0370059,0.006,27.0228,166.667,4000000000.0,1.0,4.16667e-08,1.73611e-15,1.48166
13,11222946000000,153030,0.0378619,0.168,26.4118,5.95238,1000000000.0,0.8,3.80952e-09,2.26757e-17,0.923077
13,11222947000000,157030,0.0369738,0.003,27.0462,333.333,4000000000.0,1.0,8.33333e-08,6.94444e-15,1.1318
13,11222948000000,158030,0.0378789,0.18,26.3999,5.55556,1000000000.0,0.8,3.55556e-09,1.97531e-17,0.461538
13,11222949000000,162030,0.0370178,0.003,27.014,333.333,4000000000.0,1.0,8.33333e-08,6.94444e-15,1.14263
13,11222950000000,163030,0.0378949,0.18,26.3888,5.55556,1000000000.0,0.8,3.55556e-09,1.97531e-17,0.461538
13,11222951000000,167030,0.0369874,0.0,27.0363,0.0,4000000000.0,1.0,0.0,0.0,1.14263
13,11222952000000,168030,0.0368387,0.012,27.1454,83.3333,1000000000.0,0.8,5.33333e-08,4.44444e-15,4.59004e-09
13,11222953000000,172030,0.0381445,0.093,26.2161,10.7527,4000000000.0,1.0,2.68817e-09,7.22627e-18,3.19508
13,11222954000000,174030,0.038344,0.0555,26.0797,18.018,2000000000.0,0.9,7.2973e-09,6.57414e-17,4.27764
13,11222955000000,176030,0.0414134,0.3085,24.1468,3.24149,2000000000.0,0.9,1.3128e-09,2.12772e-18,2.95675
13,11222956000000,177030,0.041846,0.118,23.8971,8.47458,1000000000.0,0.8,5.42373e-09,4.59638e-17,0.426735
13,11222957000000,178030,0.0425827,0.173,23.4837,5.78035,1000000000.0,0.8,3.69942e-09,2.13839e-17,0.321378
13,11222958000000,179030,0.0449869,0.473,22.2287,2.11416,1000000000.0,0.8,1.35307e-09,2.8606e-18,1.09742
13,11222959000000,180030,0.0453702,0.114,22.0409,8.77193,1000000000.0,0.8,5.61404e-09,4.92459e-17,0.671453
13,11222960000000,181030,0.047296,0.394,21.1434,2.53807,1000000000.0,0.8,1.62437e-09,4.1227600000000004e-18,0.149806
13,11222961000000,182030,0.0484645,0.26,20.6336,3.84615,1000000000.0,0.8,2.46154e-09,9.467460000000001e-18,0.785951
13,11222962000000,183030,0.0488226,0.114,20.4823,8.77193,1000000000.0,0.8,5.61404e-09,4.92459e-17,0.667856
13,11222963000000,184030,0.0518665,0.609,19.2803,1.64204,1000000000.0,0.8,1.0509e-09,1.7256200000000001e-18,0.123144
13,11222964000000,185030,0.0521861,0.111,19.1622,9.00901,1000000000.0,0.8,5.76577e-09,5.19438e-17,0.686873
13,11222965000000,186030,0.0522873,0.071,19.1251,14.0845,1000000000.0,0.8,9.01408e-09,1.26959e-16,0.436801
13,11222966000000,187030,0.0553815,0.631,18.0566,1.58479,1000000000.0,0.8,1.01426e-09,1.60739e-18,0.359702
13,11222967000000,188030,0.0556932,0.114,17.9555,8.77193,1000000000.0,0.8,5.61404e-09,4.92459e-17,0.637222
13,11222968000000,189030,0.0568852,0.281,17.5793,3.55872,1000000000.0,0.8,2.27758e-09,8.10527e-18,0.189506
13,11222969000000,190030,0.0585487,0.373,17.0798,2.68097,1000000000.0,0.8,1.71582e-09,4.6000500000000004e-18,0.876306
13,11222970000000,191030,0.0588389,0.114,16.9956,8.77193,1000000000.0,0.8,5.61404e-09,4.92459e-17,0.513776
13,11222971000000,192030,0.0610894,0.491,16.3694,2.03666,1000000000.0,0.8,1.30346e-09,2.6547100000000003e-18,0.133958
13,11222972000000,193030,0.0616174,0.163,16.2292,6.13497,1000000000.0,0.8,3.92638e-09,2.40882e-17,0.872598
13,11222973000000,194030,0.0618873,0.114,16.1584,8.77193,1000000000.0,0.8,5.61404e-09,4.92459e-17,0.605607
13,11222974000000,195030,0.0649233,0.654,15.4028,1.52905,1000000000.0,0.8,9.78593e-10,1.4963200000000001e-18,0.120388
13,11222975000000,196030,0.0651737,0.114,15.3436,8.77193,1000000000.0,0.8,5.61404e-09,4.92459e-17,0.668924
13,11222976000000,197030,0.0656804,0.165,15.2253,6.06061,1000000000.0,0.8,3.87879e-09,2.35078e-17,0.444867
13,11222977000000,198030,0.067818,0.489,14.7453,2.04499,1000000000.0,0.8,1.30879e-09,2.6764700000000004e-18,1.03513
13,11222978000000,199030,0.06805,0.114,14.6951,8.77193,1000000000.0,0.8,5.61404e-09,4.92459e-17,0.703685
13,11222979000000,200030,0.0696096,0.38,14.3658,2.63158,1000000000.0,0.8,1.68421e-09,4.4321300000000005e-18,0.152746
13,11222980000000,201030,0.0706263,0.274,14.159,3.64964,1000000000.0,0.8,2.33577e-09,8.524690000000001e-18,0.887992
13,11222981000000,202030,0.070841,0.114,14.1161,8.77193,1000000000.0,0.8,5.61404e-09,4.92459e-17,0.438506
13,11222982000000,203030,0.0734128,0.593,13.6216,1.68634,1000000000.0,0.8,1.07926e-09,1.82e-18,0.124636
13,11222983000000,204030,0.0735627,0.104,13.5938,9.61538,1000000000.0,0.8,6.15385e-09,5.91716e-17,0.705987
13,11222984000000,205030,0.0735746,0.076,13.5916,13.1579,1000000000.0,0.8,8.42105e-09,1.10803e-16,0.391395
13,11222985000000,206030,0.0763675,0.649,13.0946,1.54083,1000000000.0,0.8,9.86133e-10,1.5194600000000002e-18,0.553149
13,11222986000000,207030,0.0765493,0.114,13.0635,8.77193,1000000000.0,0.8,5.61404e-09,4.92459e-17,0.66669
13,11222987000000,208030,0.07746,0.266,12.9099,3.7594,1000000000.0,0.8,2.40602e-09,9.045170000000001e-18,0.200945
13,11222988000000,209030,0.0789456,0.388,12.6669,2.57732,1000000000.0,0.8,1.64948e-09,4.2512500000000004e-18,0.890728
13,11222989000000,210030,0.0791125,0.114,12.6402,8.77193,1000000000.0,0.8,5.61404e-09,4.92459e-17,0.57883
13,11222990000000,211030,0.0810074,0.479,12.3445,2.08768,1000000000.0,0.8,1.33612e-09,2.7893900000000002e-18,0.135698
13,11222991000000,212030,0.0814507,0.175,12.2774,5.71429,1000000000.0,0.8,3.65714e-09,2.0898e-17,0.802967
13,11222992000000,213030,0.0816035,0.114,12.2544,8.77193,1000000000.0,0.8,5.61404e-09,4.92459e-17,0.380682
13,11222993000000,214030,0.0842732,0.653,11.8662,1.53139,1000000000.0,0.8,9.80092e-10,1.5009100000000002e-18,0.121403
13,11222994000000,215030,0.0844161,0.115,11.8461,8.69565,1000000000.0,0.8,5.56522e-09,4.83932e-17,0.643547
13,11222995000000,216030,0.0846966,0.145,11.8069,6.89655,1000000000.0,0.8,4.41379e-09,3.044e-17,0.353849
13,11222996000000,217030,0.0866516,0.509,11.5405,1.96464,1000000000.0,0.8,1.25737e-09,2.4702700000000003e-18,1.27102
13,11222997000000,218030,0.086777,0.114,11.5238,8.77193,1000000000.0,0.8,5.61404e-09,4.92459e-17,0.64916
13,11222998000000,219030,0.0880427,0.364,11.3581,2.74725,1000000000.0,0.8,1.75824e-09,4.8303300000000004e-18,0.158014
13,11222999000000,221030,0.08854,0.143,11.2943,6.99301,2000000000.0,0.9,2.83217e-09,9.902680000000001e-18,0.849112
13,11223000000000,222030,0.0886727,0.118,11.2774,8.47458,1000000000.0,0.8,5.42373e-09,4.59638e-17,0.523263
13,11223001000000,223030,0.0911716,0.646,10.9683,1.54799,1000000000.0,0.8,9.90712e-10,1.5336100000000002e-18,0.178405
13,11223002000000,225030,0.0911256,0.086,10.9739,11.6279,2000000000.0,0.9,4.7093e-09,2.73797e-17,0.679048
13,11223003000000,227030,0.0911245,0.091,10.974,10.989,2000000000.0,0.9,4.45055e-09,2.44536e-17,1.43308
13,11223004000000,228030,0.0925755,0.422,10.802,2.36967,1000000000.0,0.8,1.51659e-09,3.5938100000000006e-18,2.08675
13,11223005000000,230030,0.0921662,0.0455,10.85,21.978,2000000000.0,0.9,8.9011e-09,9.78143e-17,0.690926
13,11223006000000,231030,0.0920313,0.061,10.8659,16.3934,1000000000.0,0.8,1.04918e-08,1.71997e-16,0.458176
13,11223007000000,232030,0.0916993,0.015,10.9052,66.6667,1000000000.0,0.8,4.26667e-08,2.84444e-15,0.0354602
13,11223008000000,233030,0.0919324,0.146,10.8776,6.84932,1000000000.0,0.8,4.38356e-09,3.00244e-17,2.13647
13,11223009000000,234030,0.0922189,0.159,10.8438,6.28931,1000000000.0,0.8,4.02516e-09,2.53155e-17,1.31926
13,11223010000000,235030,0.0918266,0.0,10.8901,0.0,1000000000.0,0.8,0.0,0.0,0.135944
13,11223011000000,236030,0.0919671,0.125,10.8735,8.0,1000000000.0,0.8,5.12e-09,4.096e-17,0.027696
13,11223012000000,237030,0.0918069,0.054,10.8924,18.5185,1000000000.0,0.8,1.18519e-08,2.19479e-16,0.290526
13,11223013000000,238030,0.0925177,0.261,10.8087,3.83142,1000000000.0,0.8,2.45211e-09,9.395050000000001e-18,0.0433327
13,11223014000000,239030,0.0935824,0.347,10.6858,2.88184,1000000000.0,0.8,1.84438e-09,5.31522e-18,0.793548
13,11223015000000,240030,0.093655,0.111,10.6775,9.00901,1000000000.0,0.8,5.76577e-09,5.19438e-17,0.322866
13,11223016000000,241030,0.0954736,0.532,10.4741,1.8797,1000000000.0,0.8,1.20301e-09,2.2612900000000003e-18,0.1876
13,11223017000000,242030,0.0955956,0.125,10.4607,8.0,1000000000.0,0.8,5.12e-09,4.096e-17,0.889199
13,11223018000000,243030,0.095659,0.111,10.4538,9.00901,1000000000.0,0.8,5.76577e-09,5.19438e-17,0.287799
13,11223019000000,244030,0.0979593,0.657,10.2083,1.52207,1000000000.0,0.8,9.74125e-10,1.48269e-18,0.236333
13,11223020000000,245030,0.0980125,0.111,10.2028,9.00901,1000000000.0,0.8,5.76577e-09,5.19438e-17,0.693586
13,11223021000000,246030,0.0985246,0.224,10.1498,4.46429,1000000000.0,0.8,2.85714e-09,1.27551e-17,0.221539
13,11223022000000,247030,0.0998786,0.433,10.0122,2.30947,1000000000.0,0.8,1.47806e-09,3.4135300000000004e-18,0.732698
13,11223023000000,248030,0.0999234,0.111,10.0077,9.00901,1000000000.0,0.8,5.76577e-09,5.19438e-17,0.450494
13,11223024000000,249030,0.101313,0.446,9.87039,2.24215,1000000000.0,0.8,1.43498e-09,3.2174400000000004e-18,0.188655
13,11223025000000,250030,0.101752,0.211,9.82784,4.73934,1000000000.0,0.8,3.03318e-09,1.43752e-17,0.761008
13,11223026000000,251030,0.101789,0.111,9.82428,9.00901,1000000000.0,0.8,5.76577e-09,5.19438e-17,0.27138
13,11223027000000,252030,0.103948,0.646,9.6202,1.54799,1000000000.0,0.8,9.90712e-10,1.5336100000000002e-18,0.166309
13,11223028000000,253030,0.104019,0.122,9.6136,8.19672,1000000000.0,0.8,5.2459e-09,4.29992e-17,0.731524
13,11223029000000,254030,0.104114,0.128,9.60489,7.8125,1000000000.0,0.8,5e-09,3.90625e-17,0.360831
13,11223030000000,255030,0.10578,0.529,9.45361,1.89036,1000000000.0,0.8,1.20983e-09,2.2870100000000004e-18,1.23054
13,11223031000000,256030,0.1058,0.111,9.45179,9.00901,1000000000.0,0.8,5.76577e-09,5.19438e-17,0.666514
13,11223032000000,257030,0.106774,0.356,9.36562,2.80899,1000000000.0,0.8,1.79775e-09,5.0498700000000004e-18,0.164088
13,11223033000000,258030,0.107526,0.301,9.30005,3.32226,1000000000.0,0.8,2.12625e-09,7.06394e-18,0.87034
13,11223034000000,259030,0.10754,0.111,9.29889,9.00901,1000000000.0,0.8,5.76577e-09,5.19438e-17,0.449237
13,11223035000000,260030,0.10936,0.581,9.14407,1.72117,1000000000.0,0.8,1.10155e-09,1.8959500000000003e-18,0.137095
13,11223036000000,261030,0.109371,0.112,9.14323,8.92857,1000000000.0,0.8,5.71429e-09,5.10204e-17,0.787813
13,11223037000000,262030,0.109255,0.079,9.15293,12.6582,1000000000.0,0.8,8.10127e-09,1.02548e-16,0.426898
13,11223038000000,263030,0.111322,0.653,8.98296,1.53139,1000000000.0,0.8,9.80092e-10,1.5009100000000002e-18,0.64239
13,11223039000000,264030,0.111321,0.111,8.98306,9.00901,1000000000.0,0.8,5.76577e-09,5.19438e-17,0.621807
13,11223040000000,265030,0.111927,0.272,8.9344,3.67647,1000000000.0,0.8,2.35294e-09,8.650520000000001e-18,0.307712
13,11223041000000,266030,0.112953,0.385,8.85321,2.5974,1000000000.0,0.8,1.66234e-09,4.3177600000000005e-18,0.804833
13,11223042000000,267030,0.112946,0.111,8.85378,9.00901,1000000000.0,0.8,5.76577e-09,5.19438e-17,0.538073
13,11223043000000,268030,0.114364,0.493,8.74401,2.0284,1000000000.0,0.8,1.29817e-09,2.63321e-18,0.146871
13,11223044000000,269030,0.114549,0.164,8.72992,6.09756,1000000000.0,0.8,3.90244e-09,2.37954e-17,0.869533
13,11223045000000,270030,0.114535,0.111,8.73092,9.00901,1000000000.0,0.8,5.76577e-09,5.19438e-17,0.475849
13,11223046000000,271030,0.116537,0.657,8.58097,1.52207,1000000000.0,0.8,9.74125e-10,1.48269e-18,0.129311
13,11223047000000,272030,0.116517,0.111,8.58247,9.00901,1000000000.0,0.8,5.76577e-09,5.19438e-17,0.610522
13,11223048000000,273030,0.116778,0.188,8.56323,5.31915,1000000000.0,0.8,3.40426e-09,1.81077e-17,0.238547
13,11223049000000,274030,0.118064,0.469,8.47,2.1322,1000000000.0,0.8,1.36461e-09,2.9096100000000004e-18,0.927418
13,11223050000000,275030,0.118038,0.111,8.47185,9.00901,1000000000.0,0.8,5.76577e-09,5.19438e-17,0.42583
13,11223051000000,276030,0.119078,0.405,8.39788,2.46914,1000000000.0,0.8,1.58025e-09,3.90184e-18,0.181391
13,11223052000000,277030,0.119557,0.252,8.36418,3.96825,1000000000.0,0.8,2.53968e-09,1.00781e-17,0.767789
13,11223053000000,278030,0.119527,0.111,8.36633,9.00901,1000000000.0,0.8,5.76577e-09,5.19438e-17,0.49679
13,11223054000000,279030,0.121338,0.625,8.24143,1.6,1000000000.0,0.8,1.024e-09,1.6384e-18,0.156833
13,11223055000000,280030,0.121366,0.129,8.23957,7.75194,1000000000.0,0.8,4.96124e-09,3.84592e-17,0.759979
13,11223056000000,281030,0.121243,0.087,8.24788,11.4943,1000000000.0,0.8,7.35632e-09,8.45554e-17,0.445928
13,11223057000000,282030,0.122884,0.584,8.13775,1.71233,1000000000.0,0.8,1.09589e-09,1.8765200000000002e-18,0.648919
13,11223058000000,283030,0.122842,0.111,8.14053,9.00901,1000000000.0,0.8,5.76577e-09,5.19438e-17,0.58295
13,11223059000000,284030,0.123536,0.32,8.09479,3.125,1000000000.0,0.8,2e-09,6.25e-18,0.396691
13,11223060000000,285030,0.124285,0.337,8.04601,2.96736,1000000000.0,0.8,1.89911e-09,5.63534e-18,0.954584
13,11223061000000,286030,0.124239,0.111,8.04902,9.00901,1000000000.0,0.8,5.76577e-09,5.19438e-17,0.402447
13,11223062000000,287030,0.125694,0.542,7.95582,1.84502,1000000000.0,0.8,1.18081e-09,2.1786200000000004e-18,0.223346
13,11223063000000,288030,0.12623,0.28,7.92205,3.57143,1000000000.0,0.8,2.28571e-09,8.163270000000001e-18,0.821312
13,11223064000000,289030,0.125862,0.02,7.94519,50.0,1000000000.0,0.8,3.2e-08,1.6e-15,0.205359
13,11223065000000,290030,0.126021,0.172,7.93516,5.81395,1000000000.0,0.8,3.72093e-09,2.16333e-17,0.0426513
13,11223066000000,291030,0.125712,0.036,7.95468,27.7778,1000000000.0,0.8,1.77778e-08,4.93827e-16,0.0393298
13,11223067000000,292030,0.125699,0.122,7.95549,8.19672,1000000000.0,0.8,5.2459e-09,4.29992e-17,0.725592
13,11223068000000,293030,0.125386,0.034,7.97534,29.4118,1000000000.0,0.8,1.88235e-08,5.53633e-16,0.234403
13,11223069000000,294030,0.125082,0.036,7.99473,27.7778,1000000000.0,0.8,1.77778e-08,4.93827e-16,0.329915
13,11223070000000,295030,0.125187,0.156,7.98803,6.41026,1000000000.0,0.8,4.10256e-09,2.62985e-17,0.644099
13,11223071000000,296030,0.124886,0.036,8.0073,27.7778,1000000000.0,0.8,1.77778e-08,4.93827e-16,0.397115
13,11223072000000,297030,0.124991,0.156,8.00059,6.41026,1000000000.0,0.8,4.10256e-09,2.62985e-17,0.624884
13,11223073000000,298030,0.124692,0.036,8.01975,27.7778,1000000000.0,0.8,1.77778e-08,4.93827e-16,0.414844
13,11223074000000,299030,0.124797,0.156,8.01302,6.41026,1000000000.0,0.8,4.10256e-09,2.62985e-17,0.649755
13,11223075000000,300030,0.124501,0.036,8.03207,27.7778,1000000000.0,0.8,1.77778e-08,4.93827e-16,0.40863
13,11223076000000,301030,0.124529,0.133,8.03025,7.5188,1000000000.0,0.8,4.81203e-09,3.61807e-17,0.715995
13,11223077000000,302030,0.124243,0.038,8.04877,26.3158,1000000000.0,0.8,1.68421e-08,4.43213e-16,0.150624
13,11223078000000,303030,0.123932,0.03,8.06897,33.3333,1000000000.0,0.8,2.13333e-08,7.11111e-16,0.216308
13,11223079000000,304030,0.124007,0.147,8.06403,6.80272,1000000000.0,0.8,4.35374e-09,2.96173e-17,0.213371
13,11223080000000,305030,0.123719,0.036,8.08283,27.7778,1000000000.0,0.8,1.77778e-08,4.93827e-16,0.119425
13,11223081000000,306030,0.123824,0.156,8.07595,6.41026,1000000000.0,0.8,4.10256e-09,2.62985e-17,0.694695
13,11223082000000,307030,0.123538,0.036,8.09465,27.7778,1000000000.0,0.8,1.77778e-08,4.93827e-16,0.403852
13,11223083000000,308030,0.123644,0.156,8.08775,6.41026,1000000000.0,0.8,4.10256e-09,2.62985e-17,0.691571
13,11223084000000,309030,0.12336,0.036,8.10634,27.7778,1000000000.0,0.8,1.77778e-08,4.93827e-16,0.47021
13,11223085000000,310030,0.123424,0.143,8.10218,6.99301,1000000000.0,0.8,4.47552e-09,3.12974e-17,0.591204
13,11223086000000,311030,0.123149,0.038,8.12025,26.3158,1000000000.0,0.8,1.68421e-08,4.43213e-16,0.246531
13,11223087000000,312030,0.122863,0.034,8.13913,29.4118,1000000000.0,0.8,1.88235e-08,5.53633e-16,0.362337
13,11223088000000,313030,0.122896,0.133,8.13699,7.5188,1000000000.0,0.8,4.81203e-09,3.61807e-17,0.349488
13,11223089000000,314030,0.122619,0.036,8.15535,27.7778,1000000000.0,0.8,1.77778e-08,4.93827e-16,0.136842
13,11223090000000,315030,0.122725,0.156,8.14831,6.41026,1000000000.0,0.8,4.10256e-09,2.62985e-17,0.6981
13,11223091000000,316030,0.12245,0.036,8.16657,27.7778,1000000000.0,0.8,1.77778e-08,4.93827e-16,0.483206
13,11223092000000,317030,0.122556,0.156,8.15952,6.41026,1000000000.0,0.8,4.10256e-09,2.62985e-17,0.602799
13,11223093000000,318030,0.122284,0.036,8.17768,27.7778,1000000000.0,0.8,1.77778e-08,4.93827e-16,0.451147
13,11223094000000,319030,0.122377,0.152,8.17146,6.57895,1000000000.0,0.8,4.21053e-09,2.77008e-17,0.616264
13,11223095000000,320030,0.122114,0.038,8.1891,26.3158,1000000000.0,0.8,1.68421e-08,4.43213e-16,0.35939
13,11223096000000,321030,0.121845,0.036,8.20713,27.7778,1000000000.0,0.8,1.77778e-08,4.93827e-16,0.647413
13,11223097000000,322030,0.121846,0.122,8.2071,8.19672,1000000000.0,0.8,5.2459e-09,4.29992e-17,0.283266
13,11223098000000,323030,0.12158,0.036,8.22503,27.7778,1000000000.0,0.8,1.77778e-08,4.93827e-16,0.334126
13,11223099000000,324030,0.121686,0.156,8.21785,6.41026,1000000000.0,0.8,4.10256e-09,2.62985e-17,0.584404
13,11223100000000,325030,0.121423,0.036,8.2357,27.7778,1000000000.0,0.8,1.77778e-08,4.93827e-16,0.469742
13,11223101000000,326030,0.121529,0.156,8.22851,6.41026,1000000000.0,0.8,4.10256e-09,2.62985e-17,0.591662
13,11223102000000,327030,0.121267,0.036,8.24626,27.7778,1000000000.0,0.8,1.77778e-08,4.93827e-16,0.479068
13,11223103000000,328030,0.121373,0.156,8.23906,6.41026,1000000000.0,0.8,4.10256e-09,2.62985e-17,0.60625
13,11223104000000,329030,0.121114,0.036,8.25671,27.7778,1000000000.0,0.8,1.77778e-08,4.93827e-16,0.495327
13,11223105000000,330030,0.120886,0.046,8.27226,21.7391,1000000000.0,0.8,1.3913e-08,3.02457e-16,0.646328
13,11223106000000,330227,0.121062,0.416244,8.26022,2.40244,1000000000.0,0.8,1.53756e-09,3.6939e-18,0.386111
13,11223107000000,330227,0.121062,,8.26022,0.0,1000000000.0,0.8,0.0,0.0,0.0
13,11223108000000,330227,0.121062,,8.26022,0.0,1000000000.0,0.8,0.0,0.0,0.0
13,11223109000000,330227,0.121062,,8.26022,0.0,1000000000.0,0.8,0.0,0.0,0.0
13,11223110000000,330227,0.121062,,8.26022,0.0,1000000000.0,0.8,0.0,0.0,0.0
13,11223111000000,330227,0.121062,,8.26022,0.0,1000000000.0,0.8,0.0,0.0,0.0
13,11223112000000,330227,0.121062,,8.26022,0.0,1000000000.0,0.8,0.0,0.0,0.0
13,11223113000000,330227,0.121062,,8.26022,0.0,1000000000.0,0.8,0.0,0.0,0.0
13,11223114000000,330227,0.121062,,8.26022,0.0,1000000000.0,0.8,0.0,0.0,0.0
13,11223115000000,330227,0.121062,,8.26022,0.0,1000000000.0,0.8,0.0,0.0,0.0
14,10205500000000,15545,0.0640077,0.0640077,15.6231,15.6231,4000000000.0,1.0,3.90578e-09,1.52551e-17,0.0
14,10205501000000,19545,0.082067,0.15225,12.1852,6.56814,4000000000.0,1.0,1.64204e-09,2.69628e-18,4.0
14,10205502000000,21248,0.0755836,0.0011744,13.2304,851.5,2000000000.0,0.9,3.44858e-07,1.46823e-13,0.931779
14,11206193000000,38941,0.0669731,0.0566326,14.9314,17.6577,4000000000.0,1.0,4.41442e-09,1.94871e-17,0.0
14,11206194000000,40941,0.0637014,0.0,15.6982,0.0,2000000000.0,0.9,0.0,0.0,0.815461
14,11206195000000,41530,0.0628461,0.00339559,15.9119,294.5,1000000000.0,0.8,1.8848e-07,5.55074e-14,2.23097e-05
14,11222906000000,43610,0.0609493,0.0230769,16.4071,43.3333,1000000000.0,0.8,2.77333e-08,1.20178e-15,0.0
14,11222907000000,47610,0.0571729,0.016,17.4908,62.5,4000000000.0,1.0,1.5625e-08,2.44141e-16,4.0
14,11222908000000,51610,0.0532649,0.00675,18.7741,148.148,4000000000.0,1.0,3.7037e-08,1.37174e-15,4.0
14,11222909000000,55610,0.0524006,0.04125,19.0837,24.2424,4000000000.0,1.0,6.06061e-09,3.67309e-17,3.18325
14,11222910000000,57610,0.0509981,0.012,19.6086,83.3333,2000000000.0,0.9,3.375e-08,1.40625e-15,1.8386
14,11222911000000,58610,0.0529944,0.168,18.8699,5.95238,1000000000.0,0.8,3.80952e-09,2.26757e-17,0.861538
14,11222912000000,60610,0.0516416,0.012,19.3642,83.3333,2000000000.0,0.9,3.375e-08,1.40625e-15,1.1318
14,11222913000000,61610,0.0526213,0.112,19.0037,8.92857,1000000000.0,0.8,5.71429e-09,5.10204e-17,0.861538
14,11222914000000,65610,0.0502667,0.014,19.8939,71.4286,4000000000.0,1.0,1.78571e-08,3.18878e-16,2.52321
14,11222915000000,67610,0.0491347,0.012,20.3522,83.3333,2000000000.0,0.9,3.375e-08,1.40625e-15,1.50077
14,11222916000000,69610,0.0501365,0.084,19.9456,11.9048,2000000000.0,0.9,4.82143e-09,2.8699e-17,0.861538
14,11222917000000,73610,0.0477381,0.006,20.9476,166.667,4000000000.0,1.0,4.16667e-08,1.73611e-15,1.48351
14,11222918000000,75610,0.0486973,0.084,20.535,11.9048,2000000000.0,0.9,4.82143e-09,2.8699e-17,0.923077
14,11222919000000,79610,0.0465519,0.006,21.4814,166.667,4000000000.0,1.0,4.16667e-08,1.73611e-15,1.48351
14,11222920000000,81610,0.0474697,0.084,21.0661,11.9048,2000000000.0,0.9,4.82143e-09,2.8699e-17,0.923077
14,11222921000000,85610,0.0452517,0.0,22.0986,0.0,4000000000.0,1.0,0.0,0.0,1.48351
14,11222922000000,86610,0.0451449,0.036,22.1509,27.7778,1000000000.0,0.8,1.77778e-08,4.93827e-16,1.47751e-09
14,11222923000000,88610,0.0458865,0.078,21.7929,12.8205,2000000000.0,0.9,5.19231e-09,3.3284e-17,1.04933
14,11222924000000,92610,0.0440341,0.003,22.7097,333.333,4000000000.0,1.0,8.33333e-08,6.94444e-15,1.47461
14,11222925000000,93610,0.0454866,0.18,21.9845,5.55556,1000000000.0,0.8,3.55556e-09,1.97531e-17,0.461538
14,11222926000000,97610,0.0437455,0.003,22.8595,333.333,4000000000.0,1.0,8.33333e-08,6.94444e-15,1.14263
14,11222927000000,98610,0.0451273,0.18,22.1596,5.55556,1000000000.0,0.8,3.55556e-09,1.97531e-17,0.461538
14,11222928000000,102610,0.043485,0.003,22.9964,333.333,4000000000.0,1.0,8.33333e-08,6.94444e-15,1.14263
14,11222929000000,103610,0.0433066,0.025,23.0912,40.0,1000000000.0,0.8,2.56e-08,1.024e-15,0.461538
14,11222930000000,105610,0.0439542,0.0775,22.751,12.9032,2000000000.0,0.9,5.22581e-09,3.37149e-17,1.03076
14,11222931000000,107610,0.0433603,0.012,23.0626,83.3333,2000000000.0,0.9,3.375e-08,1.40625e-15,1.24083e-05
14,11222932000000,109610,0.0441018,0.084,22.6748,11.9048,2000000000.0,0.9,4.82143e-09,2.8699e-17,0.861538
14,11222933000000,113610,0.0427603,0.006,23.3862,166.667,4000000000.0,1.0,4.16667e-08,1.73611e-15,1.48351
14,11222934000000,115610,0.0434737,0.084,23.0024,11.9048,2000000000.0,0.9,4.82143e-09,2.8699e-17,0.923077
14,11222935000000,119610,0.0422206,0.006,23.6851,166.667,4000000000.0,1.0,4.16667e-08,1.73611e-15,1.48351
14,11222936000000,121610,0.0426363,0.0675,23.4542,14.8148,2000000000.0,0.9,6e-09,4.44444e-17,0.923077
14,11222937000000,125610,0.0415413,0.00825,24.0724,121.212,4000000000.0,1.0,3.0303e-08,9.18274e-16,1.59616
14,11222938000000,129610,0.0404444,0.006,24.7253,166.667,4000000000.0,1.0,4.16667e-08,1.73611e-15,1.8473
14,11222939000000,131610,0.0411063,0.084,24.3272,11.9048,2000000000.0,0.9,4.82143e-09,2.8699e-17,0.923077
14,11222940000000,135610,0.0400708,0.006,24.9558,166.667,4000000000.0,1.0,4.16667e-08,1.73611e-15,1.48351
14,11222941000000,137610,0.0407093,0.084,24.5644,11.9048,2000000000.0,0.9,4.82143e-09,2.8699e-17,0.923077
14,11222942000000,141610,0.0397288,0.006,25.1706,166.667,4000000000.0,1.0,4.16667e-08,1.73611e-15,1.48351
14,11222943000000,143610,0.0399067,0.0525,25.0585,19.0476,2000000000.0,0.9,7.71429e-09,7.34694e-17,0.923077
14,11222944000000,147610,0.0392521,0.01575,25.4764,63.4921,4000000000.0,1.0,1.5873e-08,2.51953e-16,1.50617
14,11222945000000,151610,0.0383748,0.006,26.0588,166.667,4000000000.0,1.0,4.16667e-08,1.73611e-15,1.48166
14,11222946000000,152610,0.0392242,0.168,25.4945,5.95238,1000000000.0,0.8,3.80952e-09,2.26757e-17,0.923077
14,11222947000000,156610,0.038299,0.003,26.1104,333.333,4000000000.0,1.0,8.33333e-08,6.94444e-15,1.1318
14,11222948000000,157610,0.039198,0.18,25.5115,5.55556,1000000000.0,0.8,3.55556e-09,1.97531e-17,0.461538
14,11222949000000,161610,0.0383021,0.003,26.1082,333.333,4000000000.0,1.0,8.33333e-08,6.94444e-15,1.14263
14,11222950000000,162610,0.0391735,0.18,25.5275,5.55556,1000000000.0,0.8,3.55556e-09,1.97531e-17,0.461538
14,11222951000000,166610,0.038233,0.0,26.1554,0.0,4000000000.0,1.0,0.0,0.0,1.14263
14,11222952000000,167610,0.0380765,0.012,26.2629,83.3333,1000000000.0,0.8,5.33333e-08,4.44444e-15,1.10207e-09
14,11222953000000,171610,0.0393567,0.093,25.4086,10.7527,4000000000.0,1.0,2.68817e-09,7.22627e-18,3.19508
14,11222954000000,173610,0.0395427,0.0555,25.2891,18.018,2000000000.0,0.9,7.2973e-09,6.57414e-17,4.27191
14,11222955000000,175610,0.0426058,0.3085,23.471,3.24149,2000000000.0,0.9,1.3128e-09,2.12772e-18,2.95642
14,11222956000000,176610,0.0430327,0.118,23.2382,8.47458,1000000000.0,0.8,5.42373e-09,4.59638e-17,0.416986
14,11222957000000,177610,0.0437644,0.173,22.8496,5.78035,1000000000.0,0.8,3.69942e-09,2.13839e-17,0.291373
14,11222958000000,178610,0.0461676,0.473,21.6602,2.11416,1000000000.0,0.8,1.35307e-09,2.8606e-18,1.13652
14,11222959000000,179610,0.0465453,0.114,21.4844,8.77193,1000000000.0,0.8,5.61404e-09,4.92459e-17,0.693177
14,11222960000000,180610,0.0484691,0.394,20.6317,2.53807,1000000000.0,0.8,1.62437e-09,4.1227600000000004e-18,0.148215
14,11222961000000,181610,0.0496338,0.26,20.1475,3.84615,1000000000.0,0.8,2.46154e-09,9.467460000000001e-18,0.780728
14,11222962000000,182610,0.0499863,0.114,20.0055,8.77193,1000000000.0,0.8,5.61404e-09,4.92459e-17,0.71305
14,11222963000000,183610,0.0530309,0.609,18.8569,1.64204,1000000000.0,0.8,1.0509e-09,1.7256200000000001e-18,0.122555
14,11222964000000,184610,0.0533449,0.111,18.7459,9.00901,1000000000.0,0.8,5.76577e-09,5.19438e-17,0.682692
14,11222965000000,185610,0.05344,0.071,18.7126,14.0845,1000000000.0,0.8,9.01408e-09,1.26959e-16,0.440869
14,11222966000000,186610,0.056535,0.631,17.6882,1.58479,1000000000.0,0.8,1.01426e-09,1.60739e-18,0.375394
14,11222967000000,187610,0.0568413,0.114,17.5928,8.77193,1000000000.0,0.8,5.61404e-09,4.92459e-17,0.635863
14,11222968000000,188610,0.0580298,0.281,17.2325,3.55872,1000000000.0,0.8,2.27758e-09,8.10527e-18,0.185183
14,11222969000000,189610,0.0596909,0.373,16.753,2.68097,1000000000.0,0.8,1.71582e-09,4.6000500000000004e-18,0.869436
14,11222970000000,190610,0.0599759,0.114,16.6734,8.77193,1000000000.0,0.8,5.61404e-09,4.92459e-17,0.476609
14,11222971000000,191610,0.0622254,0.491,16.0706,2.03666,1000000000.0,0.8,1.30346e-09,2.6547100000000003e-18,0.132874
14,11222972000000,192610,0.0627486,0.163,15.9366,6.13497,1000000000.0,0.8,3.92638e-09,2.40882e-17,0.877179
14,11222973000000,193610,0.0630133,0.114,15.8697,8.77193,1000000000.0,0.8,5.61404e-09,4.92459e-17,0.516953
14,11222974000000,194610,0.06605,0.654,15.14,1.52905,1000000000.0,0.8,9.78593e-10,1.4963200000000001e-18,0.119582
14,11222975000000,195610,0.0662952,0.114,15.0841,8.77193,1000000000.0,0.8,5.61404e-09,4.92459e-17,0.672248
14,11222976000000,196610,0.0667972,0.165,14.9707,6.06061,1000000000.0,0.8,3.87879e-09,2.35078e-17,0.408036
14,11222977000000,197610,0.0689338,0.489,14.5067,2.04499,1000000000.0,0.8,1.30879e-09,2.6764700000000004e-18,1.08406
14,11222978000000,198610,0.0691607,0.114,14.4591,8.77193,1000000000.0,0.8,5.61404e-09,4.92459e-17,0.720292
14,11222979000000,199610,0.0707179,0.38,14.1407,2.63158,1000000000.0,0.8,1.68421e-09,4.4321300000000005e-18,0.151104
14,11222980000000,200610,0.0717312,0.274,13.9409,3.64964,1000000000.0,0.8,2.33577e-09,8.524690000000001e-18,0.886244
14,11222981000000,201610,0.0719409,0.114,13.9003,8.77193,1000000000.0,0.8,5.61404e-09,4.92459e-17,0.438414
14,11222982000000,202610,0.0745126,0.593,13.4205,1.68634,1000000000.0,0.8,1.07926e-09,1.82e-18,0.123855
14,11222983000000,203610,0.0746574,0.104,13.3945,9.61538,1000000000.0,0.8,6.15385e-09,5.91716e-17,0.702546
14,11222984000000,204610,0.074664,0.076,13.3933,13.1579,1000000000.0,0.8,8.42105e-09,1.10803e-16,0.40021
14,11222985000000,205610,0.0774573,0.649,12.9103,1.54083,1000000000.0,0.8,9.86133e-10,1.5194600000000002e-18,0.590902
14,11222986000000,206610,0.0776342,0.114,12.8809,8.77193,1000000000.0,0.8,5.61404e-09,4.92459e-17,0.663889
14,11222987000000,207610,0.0785415,0.266,12.7321,3.7594,1000000000.0,0.8,2.40602e-09,9.045170000000001e-18,0.194877
14,11222988000000,208610,0.0800249,0.388,12.4961,2.57732,1000000000.0,0.8,1.64948e-09,4.2512500000000004e-18,0.862558
14,11222989000000,209610,0.080187,0.114,12.4708,8.77193,1000000000.0,0.8,5.61404e-09,4.92459e-17,0.578813
14,11222990000000,210610,0.0820806,0.479,12.1831,2.08768,1000000000.0,0.8,1.33612e-09,2.7893900000000002e-18,0.134573
14,11222991000000,211610,0.0825197,0.175,12.1183,5.71429,1000000000.0,0.8,3.65714e-09,2.0898e-17,0.804566
14,11222992000000,212610,0.0826678,0.114,12.0966,8.77193,1000000000.0,0.8,5.61404e-09,4.92459e-17,0.351531
14,11222993000000,213610,0.0853378,0.653,11.7181,1.53139,1000000000.0,0.8,9.80092e-10,1.5009100000000002e-18,0.120351
14,11222994000000,214610,0.085476,0.115,11.6992,8.69565,1000000000.0,0.8,5.56522e-09,4.83932e-17,0.655564
14,11222995000000,215610,0.0857521,0.145,11.6615,6.89655,1000000000.0,0.8,4.41379e-09,3.044e-17,0.363161
14,11222996000000,216610,0.087706,0.509,11.4017,1.96464,1000000000.0,0.8,1.25737e-09,2.4702700000000003e-18,1.34646
14,11222997000000,217610,0.0878268,0.114,11.386,8.77193,1000000000.0,0.8,5.61404e-09,4.92459e-17,0.648995
14,11222998000000,218610,0.0890902,0.364,11.2246,2.74725,1000000000.0,0.8,1.75824e-09,4.8303300000000004e-18,0.155696
14,11222999000000,220610,0.0895789,0.143,11.1633,6.99301,2000000000.0,0.9,2.83217e-09,9.902680000000001e-18,0.853754
14,11223000000000,221610,0.0897071,0.118,11.1474,8.47458,1000000000.0,0.8,5.42373e-09,4.59638e-17,0.523128
14,11223001000000,222610,0.0922061,0.646,10.8453,1.54799,1000000000.0,0.8,9.90712e-10,1.5336100000000002e-18,0.178264
14,11223002000000,224610,0.0921508,0.086,10.8518,11.6279,2000000000.0,0.9,4.7093e-09,2.73797e-17,0.683034
14,11223003000000,226610,0.0921407,0.091,10.853,10.989,2000000000.0,0.9,4.45055e-09,2.44536e-17,1.50538
14,11223004000000,227610,0.0935899,0.422,10.6849,2.36967,1000000000.0,0.8,1.51659e-09,3.5938100000000006e-18,2.0869
14,11223005000000,229610,0.093171,0.0455,10.733,21.978,2000000000.0,0.9,8.9011e-09,9.78143e-17,0.692068
14,11223006000000,230610,0.0930315,0.061,10.749,16.3934,1000000000.0,0.8,1.04918e-08,1.71997e-16,0.44385
14,11223007000000,231610,0.0926946,0.015,10.7881,66.6667,1000000000.0,0.8,4.26667e-08,2.84444e-15,0.0352963
14,11223008000000,232610,0.0929238,0.146,10.7615,6.84932,1000000000.0,0.8,4.38356e-09,3.00244e-17,2.12014
14,11223009000000,233610,0.0932066,0.159,10.7289,6.28931,1000000000.0,0.8,4.02516e-09,2.53155e-17,1.3105
14,11223010000000,234610,0.0928093,0.0,10.7748,0.0,1000000000.0,0.8,0.0,0.0,0.109194
14,11223011000000,235610,0.092946,0.125,10.7589,8.0,1000000000.0,0.8,5.12e-09,4.096e-17,0.00546477
14,11223012000000,236610,0.0927814,0.054,10.778,18.5185,1000000000.0,0.8,1.18519e-08,2.19479e-16,0.296079
14,11223013000000,237610,0.0934893,0.261,10.6964,3.83142,1000000000.0,0.8,2.45211e-09,9.395050000000001e-18,0.00836643
14,11223014000000,238610,0.0945518,0.347,10.5762,2.88184,1000000000.0,0.8,1.84438e-09,5.31522e-18,0.80632
14,11223015000000,239610,0.0946204,0.111,10.5685,9.00901,1000000000.0,0.8,5.76577e-09,5.19438e-17,0.323985
14,11223016000000,240610,0.0964382,0.532,10.3693,1.8797,1000000000.0,0.8,1.20301e-09,2.2612900000000003e-18,0.159338
14,11223017000000,241610,0.0965564,0.125,10.3566,8.0,1000000000.0,0.8,5.12e-09,4.096e-17,0.912924
14,11223018000000,242610,0.096616,0.111,10.3503,9.00901,1000000000.0,0.8,5.76577e-09,5.19438e-17,0.287823
14,11223019000000,243610,0.0989163,0.657,10.1096,1.52207,1000000000.0,0.8,9.74125e-10,1.48269e-18,0.197549
14,11223020000000,244610,0.0989657,0.111,10.1045,9.00901,1000000000.0,0.8,5.76577e-09,5.19438e-17,0.712492
14,11223021000000,245610,0.0994748,0.224,10.0528,4.46429,1000000000.0,0.8,2.85714e-09,1.27551e-17,0.214938
14,11223022000000,246610,0.100827,0.433,9.91796,2.30947,1000000000.0,0.8,1.47806e-09,3.4135300000000004e-18,0.72707
14,11223023000000,247610,0.100868,0.111,9.91392,9.00901,1000000000.0,0.8,5.76577e-09,5.19438e-17,0.46302
14,11223024000000,248610,0.102257,0.446,9.77932,2.24215,1000000000.0,0.8,1.43498e-09,3.2174400000000004e-18,0.171126
14,11223025000000,249610,0.102692,0.211,9.73784,4.73934,1000000000.0,0.8,3.03318e-09,1.43752e-17,0.761362
14,11223026000000,250610,0.102725,0.111,9.7347,9.00901,1000000000.0,0.8,5.76577e-09,5.19438e-17,0.274252
14,11223027000000,251610,0.104885,0.646,9.53429,1.54799,1000000000.0,0.8,9.90712e-10,1.5336100000000002e-18,0.148399
14,11223028000000,252610,0.104952,0.122,9.52814,8.19672,1000000000.0,0.8,5.2459e-09,4.29992e-17,0.73311
14,11223029000000,253610,0.105043,0.128,9.51989,7.8125,1000000000.0,0.8,5e-09,3.90625e-17,0.361988
14,11223030000000,254610,0.106708,0.529,9.37134,1.89036,1000000000.0,0.8,1.20983e-09,2.2870100000000004e-18,1.236
14,11223031000000,255610,0.106725,0.111,9.36987,9.00901,1000000000.0,0.8,5.76577e-09,5.19438e-17,0.656687
14,11223032000000,256610,0.107697,0.356,9.28535,2.80899,1000000000.0,0.8,1.79775e-09,5.0498700000000004e-18,0.156955
14,11223033000000,257610,0.108447,0.301,9.2211,3.32226,1000000000.0,0.8,2.12625e-09,7.06394e-18,0.869559
14,11223034000000,258610,0.108457,0.111,9.22027,9.00901,1000000000.0,0.8,5.76577e-09,5.19438e-17,0.449161
14,11223035000000,259610,0.110277,0.581,9.06808,1.72117,1000000000.0,0.8,1.10155e-09,1.8959500000000003e-18,0.131662
14,11223036000000,260610,0.110284,0.112,9.06753,8.92857,1000000000.0,0.8,5.71429e-09,5.10204e-17,0.790387
14,11223037000000,261610,0.110164,0.079,9.07738,12.6582,1000000000.0,0.8,8.10127e-09,1.02548e-16,0.477918
14,11223038000000,262610,0.112231,0.653,8.91019,1.53139,1000000000.0,0.8,9.80092e-10,1.5009100000000002e-18,0.671337
14,11223039000000,263610,0.112226,0.111,8.91056,9.00901,1000000000.0,0.8,5.76577e-09,5.19438e-17,0.624454
14,11223040000000,264610,0.11283,0.272,8.86288,3.67647,1000000000.0,0.8,2.35294e-09,8.650520000000001e-18,0.267201
14,11223041000000,265610,0.113855,0.385,8.78311,2.5974,1000000000.0,0.8,1.66234e-09,4.3177600000000005e-18,0.850237
14,11223042000000,266610,0.113844,0.111,8.78394,9.00901,1000000000.0,0.8,5.76577e-09,5.19438e-17,0.503684
14,11223043000000,267610,0.115261,0.493,8.67596,2.0284,1000000000.0,0.8,1.29817e-09,2.63321e-18,0.137801
14,11223044000000,268610,0.115442,0.164,8.66232,6.09756,1000000000.0,0.8,3.90244e-09,2.37954e-17,0.90689
14,11223045000000,269610,0.115426,0.111,8.66356,9.00901,1000000000.0,0.8,5.76577e-09,5.19438e-17,0.431937
14,11223046000000,270610,0.117427,0.657,8.51591,1.52207,1000000000.0,0.8,9.74125e-10,1.48269e-18,0.126069
14,11223047000000,271610,0.117404,0.111,8.51762,9.00901,1000000000.0,0.8,5.76577e-09,5.19438e-17,0.666592
14,11223048000000,272610,0.117663,0.188,8.49888,5.31915,1000000000.0,0.8,3.40426e-09,1.81077e-17,0.237441
14,11223049000000,273610,0.118947,0.469,8.40713,2.1322,1000000000.0,0.8,1.36461e-09,2.9096100000000004e-18,0.951063
14,11223050000000,274610,0.118918,0.111,8.40917,9.00901,1000000000.0,0.8,5.76577e-09,5.19438e-17,0.423811
14,11223051000000,275610,0.119956,0.405,8.33641,2.46914,1000000000.0,0.8,1.58025e-09,3.90184e-18,0.166439
14,11223052000000,276610,0.120433,0.252,8.30337,3.96825,1000000000.0,0.8,2.53968e-09,1.00781e-17,0.792409
14,11223053000000,277610,0.120399,0.111,8.30571,9.00901,1000000000.0,0.8,5.76577e-09,5.19438e-17,0.495908
14,11223054000000,278610,0.12221,0.625,8.18262,1.6,1000000000.0,0.8,1.024e-09,1.6384e-18,0.144691
14,11223055000000,279610,0.122235,0.129,8.18099,7.75194,1000000000.0,0.8,4.96124e-09,3.84592e-17,0.788632
14,11223056000000,280610,0.122109,0.087,8.18941,11.4943,1000000000.0,0.8,7.35632e-09,8.45554e-17,0.376717
14,11223057000000,281610,0.123749,0.584,8.08086,1.71233,1000000000.0,0.8,1.09589e-09,1.8765200000000002e-18,0.668007
14,11223058000000,282610,0.123704,0.111,8.08381,9.00901,1000000000.0,0.8,5.76577e-09,5.19438e-17,0.615995
14,11223059000000,283610,0.124396,0.32,8.03883,3.125,1000000000.0,0.8,2e-09,6.25e-18,0.318842
14,11223060000000,284610,0.125143,0.337,7.99085,2.96736,1000000000.0,0.8,1.89911e-09,5.63534e-18,0.954944
14,11223061000000,285610,0.125094,0.111,7.99401,9.00901,1000000000.0,0.8,5.76577e-09,5.19438e-17,0.408983
14,11223062000000,286610,0.126548,0.542,7.90212,1.84502,1000000000.0,0.8,1.18081e-09,2.1786200000000004e-18,0.186508
14,11223063000000,287610,0.127082,0.28,7.86895,3.57143,1000000000.0,0.8,2.28571e-09,8.163270000000001e-18,0.857089
14,11223064000000,288610,0.126711,0.02,7.89199,50.0,1000000000.0,0.8,3.2e-08,1.6e-15,0.208604
14,11223065000000,289610,0.126867,0.172,7.88226,5.81395,1000000000.0,0.8,3.72093e-09,2.16333e-17,0.0426513
14,11223066000000,290610,0.126554,0.036,7.90173,27.7778,1000000000.0,0.8,1.77778e-08,4.93827e-16,0.0393298
14,11223067000000,291610,0.126539,0.122,7.90271,8.19672,1000000000.0,0.8,5.2459e-09,4.29992e-17,0.822962
14,11223068000000,292610,0.126223,0.034,7.92251,29.4118,1000000000.0,0.8,1.88235e-08,5.53633e-16,0.263919
14,11223069000000,293610,0.125915,0.036,7.94184,27.7778,1000000000.0,0.8,1.77778e-08,4.93827e-16,0.479217
14,11223070000000,294610,0.126017,0.156,7.93541,6.41026,1000000000.0,0.8,4.10256e-09,2.62985e-17,0.803396
14,11223071000000,295610,0.125713,0.036,7.95463,27.7778,1000000000.0,0.8,1.77778e-08,4.93827e-16,0.634965
14,11223072000000,296610,0.125815,0.156,7.94818,6.41026,1000000000.0,0.8,4.10256e-09,2.62985e-17,0.798782
14,11223073000000,297610,0.125513,0.036,7.96729,27.7778,1000000000.0,0.8,1.77778e-08,4.93827e-16,0.638607
14,11223074000000,298610,0.125615,0.156,7.96081,6.41026,1000000000.0,0.8,4.10256e-09,2.62985e-17,0.804754
14,11223075000000,299610,0.125316,0.036,7.97981,27.7778,1000000000.0,0.8,1.77778e-08,4.93827e-16,0.636943
14,11223076000000,300610,0.125342,0.133,7.97818,7.5188,1000000000.0,0.8,4.81203e-09,3.61807e-17,0.81449
14,11223077000000,301610,0.125052,0.038,7.99666,26.3158,1000000000.0,0.8,1.68421e-08,4.43213e-16,0.229132
14,11223078000000,302610,0.124738,0.03,8.0168,33.3333,1000000000.0,0.8,2.13333e-08,7.11111e-16,0.416825
14,11223079000000,303610,0.124811,0.147,8.01209,6.80272,1000000000.0,0.8,4.35374e-09,2.96173e-17,0.486984
14,11223080000000,304610,0.12452,0.036,8.03085,27.7778,1000000000.0,0.8,1.77778e-08,4.93827e-16,0.267004
14,11223081000000,305610,0.124623,0.156,8.02421,6.41026,1000000000.0,0.8,4.10256e-09,2.62985e-17,0.815544
14,11223082000000,306610,0.124334,0.036,8.04286,27.7778,1000000000.0,0.8,1.77778e-08,4.93827e-16,0.635077
14,11223083000000,307610,0.124437,0.156,8.03621,6.41026,1000000000.0,0.8,4.10256e-09,2.62985e-17,0.814794
14,11223084000000,308610,0.12415,0.036,8.05476,27.7778,1000000000.0,0.8,1.77778e-08,4.93827e-16,0.651009
14,11223085000000,309610,0.124211,0.143,8.05081,6.99301,1000000000.0,0.8,4.47552e-09,3.12974e-17,0.790696
14,11223086000000,310610,0.123934,0.038,8.06884,26.3158,1000000000.0,0.8,1.68421e-08,4.43213e-16,0.355142
14,11223087000000,311610,0.123645,0.034,8.08767,29.4118,1000000000.0,0.8,1.88235e-08,5.53633e-16,0.641509
14,11223088000000,312610,0.123675,0.133,8.08572,7.5188,1000000000.0,0.8,4.81203e-09,3.61807e-17,0.550972
14,11223089000000,313610,0.123395,0.036,8.10404,27.7778,1000000000.0,0.8,1.77778e-08,4.93827e-16,0.331959
14,11223090000000,314610,0.123499,0.156,8.09724,6.41026,1000000000.0,0.8,4.10256e-09,2.62985e-17,0.816361
14,11223091000000,315610,0.123222,0.036,8.11545,27.7778,1000000000.0,0.8,1.77778e-08,4.93827e-16,0.65413
14,11223092000000,316610,0.123325,0.156,8.10864,6.41026,1000000000.0,0.8,4.10256e-09,2.62985e-17,0.79348
14,11223093000000,317610,0.12305,0.036,8.12676,27.7778,1000000000.0,0.8,1.77778e-08,4.93827e-16,0.647832
14,11223094000000,318610,0.123141,0.152,8.12076,6.57895,1000000000.0,0.8,4.21053e-09,2.77008e-17,0.796713
14,11223095000000,319610,0.122875,0.038,8.13837,26.3158,1000000000.0,0.8,1.68421e-08,4.43213e-16,0.516137
14,11223096000000,320610,0.122604,0.036,8.15635,27.7778,1000000000.0,0.8,1.77778e-08,4.93827e-16,0.948688
14,11223097000000,321610,0.122602,0.122,8.15648,8.19672,1000000000.0,0.8,5.2459e-09,4.29992e-17,0.354669
14,11223098000000,322610,0.122333,0.036,8.17438,27.7778,1000000000.0,0.8,1.77778e-08,4.93827e-16,0.446133
14,11223099000000,323610,0.122438,0.156,8.16743,6.41026,1000000000.0,0.8,4.10256e-09,2.62985e-17,0.789063
14,11223100000000,324610,0.122171,0.036,8.18523,27.7778,1000000000.0,0.8,1.77778e-08,4.93827e-16,0.651101
14,11223101000000,325610,0.122275,0.156,8.17828,6.41026,1000000000.0,0.8,4.10256e-09,2.62985e-17,0.790806
14,11223102000000,326610,0.122011,0.036,8.19598,27.7778,1000000000.0,0.8,1.77778e-08,4.93827e-16,0.654642
14,11223103000000,327610,0.122115,0.156,8.18902,6.41026,1000000000.0,0.8,4.10256e-09,2.62985e-17,0.794308
14,11223104000000,328610,0.121853,0.036,8.20663,27.7778,1000000000.0,0.8,1.77778e-08,4.93827e-16,0.65704
14,11223105000000,329610,0.121623,0.046,8.22216,21.7391,1000000000.0,0.8,1.3913e-08,3.02457e-16,0.803931
14,11223106000000,329807,0.121799,0.416244,8.21028,2.40244,1000000000.0,0.8,1.53756e-09,3.6939e-18,0.41667
14,11223107000000,329807,0.121799,,8.21028,0.0,1000000000.0,0.8,0.0,0.0,0.0
14,11223108000000,329807,0.121799,,8.21028,0.0,1000000000.0,0.8,0.0,0.0,0.0
14,11223109000000,329807,0.121799,,8.21028,0.0,1000000000.0,0.8,0.0,0.0,0.0
14,11223110000000,329807,0.121799,,8.21028,0.0,1000000000.0,0.8,0.0,0.0,0.0
14,11223111000000,329807,0.121799,,8.21028,0.0,1000000000.0,0.8,0.0,0.0,0.0
14,11223112000000,329807,0.121799,,8.21028,0.0,1000000000.0,0.8,0.0,0.0,0.0
14,11223113000000,329807,0.121799,,8.21028,0.0,1000000000.0,0.8,0.0,0.0,0.0
14,11223114000000,329807,0.121799,,8.21028,0.0,1000000000.0,0.8,0.0,0.0,0.0
14,11223115000000,329807,0.121799,,8.21028,0.0,1000000000.0,0.8,0.0,0.0,0.0
15,10205500000000,15545,0.065037,0.065037,15.3759,15.3759,4000000000.0,1.0,3.84397e-09,1.47761e-17,0.0
15,10205501000000,19545,0.082067,0.14825,12.1852,6.74536,4000000000.0,1.0,1.68634e-09,2.8437400000000002e-18,4.0
15,10205502000000,21108,0.0760849,0.00127959,13.1432,781.5,2000000000.0,0.9,3.16508e-07,1.23675e-13,0.931779
15,11206193000000,38801,0.0734002,0.0701973,13.6239,14.2456,4000000000.0,1.0,3.56139e-09,1.26835e-17,0.0
15,11206194000000,40801,0.0698022,0.0,14.3262,0.0,2000000000.0,0.9,0.0,0.0,0.815461
15,11206195000000,41180,0.0692084,0.00527704,14.4491,189.5,1000000000.0,0.8,1.2128e-07,2.29826e-14,1.09318e-05
15,11222906000000,43260,0.0669903,0.0230769,14.9275,43.3333,1000000000.0,0.8,2.77333e-08,1.20178e-15,0.0
15,11222907000000,47260,0.0626746,0.016,15.9554,62.5,4000000000.0,1.0,1.5625e-08,2.44141e-16,4.0
15,11222908000000,51260,0.0583106,0.00675,17.1495,148.148,4000000000.0,1.0,3.7037e-08,1.37174e-15,4.0
15,11222909000000,55260,0.0570756,0.04125,17.5206,24.2424,4000000000.0,1.0,6.06061e-09,3.67309e-17,3.18325
15,11222910000000,57260,0.0555012,0.012,18.0176,83.3333,2000000000.0,0.9,3.375e-08,1.40625e-15,1.84087
15,11222911000000,58260,0.0574322,0.168,17.4118,5.95238,1000000000.0,0.8,3.80952e-09,2.26757e-17,0.861538
15,11222912000000,60260,0.0559243,0.012,17.8813,83.3333,2000000000.0,0.9,3.375e-08,1.40625e-15,1.1318
15,11222913000000,61260,0.0568397,0.112,17.5933,8.92857,1000000000.0,0.8,5.71429e-09,5.10204e-17,0.861538
15,11222914000000,65260,0.0542139,0.014,18.4454,71.4286,4000000000.0,1.0,1.78571e-08,3.18878e-16,2.5231
15,11222915000000,67260,0.0529587,0.012,18.8827,83.3333,2000000000.0,0.9,3.375e-08,1.40625e-15,1.50078
15,11222916000000,69260,0.053855,0.084,18.5684,11.9048,2000000000.0,0.9,4.82143e-09,2.8699e-17,0.861538
15,11222917000000,73260,0.0512422,0.006,19.5152,166.667,4000000000.0,1.0,4.16667e-08,1.73611e-15,1.48351
15,11222918000000,75260,0.0521127,0.084,19.1892,11.9048,2000000000.0,0.9,4.82143e-09,2.8699e-17,0.923077
15,11222919000000,79260,0.0497855,0.006,20.0862,166.667,4000000000.0,1.0,4.16667e-08,1.73611e-15,1.48351
15,11222920000000,81260,0.0506276,0.084,19.7521,11.9048,2000000000.0,0.9,4.82143e-09,2.8699e-17,0.923077
15,11222921000000,85260,0.0482524,0.0,20.7244,0.0,4000000000.0,1.0,0.0,0.0,1.48351
15,11222922000000,86260,0.0481104,0.036,20.7855,27.7778,1000000000.0,0.8,1.77778e-08,4.93827e-16,3.54749e-10
15,11222923000000,88260,0.0487877,0.078,20.497,12.8205,2000000000.0,0.9,5.19231e-09,3.3284e-17,1.04933
15,11222924000000,92260,0.0468025,0.003,21.3664,333.333,4000000000.0,1.0,8.33333e-08,6.94444e-15,1.47461
15,11222925000000,93260,0.0482308,0.18,20.7337,5.55556,1000000000.0,0.8,3.55556e-09,1.97531e-17,0.461538
15,11222926000000,97260,0.0463706,0.003,21.5654,333.333,4000000000.0,1.0,8.33333e-08,6.94444e-15,1.14263
15,11222927000000,98260,0.0477305,0.18,20.951,5.55556,1000000000.0,0.8,3.55556e-09,1.97531e-17,0.461538
15,11222928000000,102260,0.0459808,0.003,21.7482,333.333,4000000000.0,1.0,8.33333e-08,6.94444e-15,1.14263
15,11222929000000,103260,0.0457776,0.025,21.8447,40.0,1000000000.0,0.8,2.56e-08,1.024e-15,0.461538
15,11222930000000,105260,0.0463804,0.0775,21.5608,12.9032,2000000000.0,0.9,5.22581e-09,3.37149e-17,1.03076
15,11222931000000,107260,0.0457393,0.012,21.863,83.3333,2000000000.0,0.9,3.375e-08,1.40625e-15,1.24083e-05
15,11222932000000,109260,0.0464397,0.084,21.5333,11.9048,2000000000.0,0.9,4.82143e-09,2.8699e-17,0.861538
15,11222933000000,113260,0.0450115,0.006,22.2166,166.667,4000000000.0,1.0,4.16667e-08,1.73611e-15,1.48351
15,11222934000000,115260,0.045688,0.084,21.8876,11.9048,2000000000.0,0.9,4.82143e-09,2.8699e-17,0.923077
15,11222935000000,119260,0.0443569,0.006,22.5444,166.667,4000000000.0,1.0,4.16667e-08,1.73611e-15,1.48351
15,11222936000000,121260,0.0447386,0.0675,22.3521,14.8148,2000000000.0,0.9,6e-09,4.44444e-17,0.923077
15,11222937000000,125260,0.0435734,0.00825,22.9498,121.212,4000000000.0,1.0,3.0303e-08,9.18274e-16,1.5962
15,11222938000000,129260,0.0424106,0.006,23.579,166.667,4000000000.0,1.0,4.16667e-08,1.73611e-15,1.84671
15,11222939000000,131260,0.0430443,0.084,23.2319,11.9048,2000000000.0,0.9,4.82143e-09,2.8699e-17,0.923077
15,11222940000000,135260,0.0419488,0.006,23.8386,166.667,4000000000.0,1.0,4.16667e-08,1.73611e-15,1.48351
15,11222941000000,137260,0.0425616,0.084,23.4954,11.9048,2000000000.0,0.9,4.82143e-09,2.8699e-17,0.923077
15,11222942000000,141260,0.0415263,0.006,24.0811,166.667,4000000000.0,1.0,4.16667e-08,1.73611e-15,1.48351
15,11222943000000,143260,0.0416795,0.0525,23.9926,19.0476,2000000000.0,0.9,7.71429e-09,7.34694e-17,0.923077
15,11222944000000,147260,0.0409751,0.01575,24.405,63.4921,4000000000.0,1.0,1.5873e-08,2.51953e-16,1.50617
15,11222945000000,151260,0.0400502,0.006,24.9686,166.667,4000000000.0,1.0,4.16667e-08,1.73611e-15,1.48166
15,11222946000000,152260,0.0408906,0.168,24.4555,5.95238,1000000000.0,0.8,3.80952e-09,2.26757e-17,0.923077
15,11222947000000,156260,0.0399206,0.003,25.0497,333.333,4000000000.0,1.0,8.33333e-08,6.94444e-15,1.1318
15,11222948000000,157260,0.0408114,0.18,24.503,5.55556,1000000000.0,0.8,3.55556e-09,1.97531e-17,0.461538
15,11222949000000,161260,0.0398735,0.003,25.0793,333.333,4000000000.0,1.0,8.33333e-08,6.94444e-15,1.14263
15,11222950000000,162260,0.0407371,0.18,24.5477,5.55556,1000000000.0,0.8,3.55556e-09,1.97531e-17,0.461538
15,11222951000000,166260,0.039757,0.0,25.1528,0.0,4000000000.0,1.0,0.0,0.0,1.14263
15,11222952000000,167260,0.0395911,0.012,25.2582,83.3333,1000000000.0,0.8,5.33333e-08,4.44444e-15,2.64607e-10
15,11222953000000,171260,0.0408385,0.093,24.4867,10.7527,4000000000.0,1.0,2.68817e-09,7.22627e-18,3.19508
15,11222954000000,173260,0.0410077,0.0555,24.3856,18.018,2000000000.0,0.9,7.2973e-09,6.57414e-17,4.2679
15,11222955000000,175260,0.0440603,0.3085,22.6962,3.24149,2000000000.0,0.9,1.3128e-09,2.12772e-18,2.95633
15,11222956000000,176260,0.0444797,0.118,22.4821,8.47458,1000000000.0,0.8,5.42373e-09,4.59638e-17,0.415361
15,11222957000000,177260,0.0452048,0.173,22.1216,5.78035,1000000000.0,0.8,3.69942e-09,2.13839e-17,0.28477
15,11222958000000,178260,0.0476046,0.473,21.0064,2.11416,1000000000.0,0.8,1.35307e-09,2.8606e-18,1.14159
15,11222959000000,179260,0.047975,0.114,20.8442,8.77193,1000000000.0,0.8,5.61404e-09,4.92459e-17,0.708678
15,11222960000000,180260,0.0498946,0.394,20.0423,2.53807,1000000000.0,0.8,1.62437e-09,4.1227600000000004e-18,0.147736
15,11222961000000,181260,0.0510537,0.26,19.5872,3.84615,1000000000.0,0.8,2.46154e-09,9.467460000000001e-18,0.780544
15,11222962000000,182260,0.0513991,0.114,19.4556,8.77193,1000000000.0,0.8,5.61404e-09,4.92459e-17,0.735334
15,11222963000000,183260,0.0544418,0.609,18.3682,1.64204,1000000000.0,0.8,1.0509e-09,1.7256200000000001e-18,0.122325
15,11222964000000,184260,0.0547487,0.111,18.2653,9.00901,1000000000.0,0.8,5.76577e-09,5.19438e-17,0.6822
15,11222965000000,185260,0.0548364,0.071,18.236,14.0845,1000000000.0,0.8,9.01408e-09,1.26959e-16,0.442914
15,11222966000000,186260,0.0579298,0.631,17.2623,1.58479,1000000000.0,0.8,1.01426e-09,1.60739e-18,0.380173
15,11222967000000,187260,0.0582292,0.114,17.1735,8.77193,1000000000.0,0.8,5.61404e-09,4.92459e-17,0.635787
15,11222968000000,188260,0.0594125,0.281,16.8315,3.55872,1000000000.0,0.8,2.27758e-09,8.10527e-18,0.18414
15,11222969000000,189260,0.0610694,0.373,16.3748,2.68097,1000000000.0,0.8,1.71582e-09,4.6000500000000004e-18,0.87177
15,11222970000000,190260,0.0613476,0.114,16.3005,8.77193,1000000000.0,0.8,5.61404e-09,4.92459e-17,0.463865
15,11222971000000,191260,0.0635941,0.491,15.7247,2.03666,1000000000.0,0.8,1.30346e-09,2.6547100000000003e-18,0.132446
15,11222972000000,192260,0.0641111,0.163,15.5979,6.13497,1000000000.0,0.8,3.92638e-09,2.40882e-17,0.878782
15,11222973000000,193260,0.0643692,0.114,15.5354,8.77193,1000000000.0,0.8,5.61404e-09,4.92459e-17,0.454907
15,11222974000000,194260,0.0674045,0.654,14.8358,1.52905,1000000000.0,0.8,9.78593e-10,1.4963200000000001e-18,0.119118
15,11222975000000,195260,0.0676431,0.114,14.7835,8.77193,1000000000.0,0.8,5.61404e-09,4.92459e-17,0.675729
15,11222976000000,196260,0.0681392,0.165,14.6758,6.06061,1000000000.0,0.8,3.87879e-09,2.35078e-17,0.378487
15,11222977000000,197260,0.0702727,0.489,14.2303,2.04499,1000000000.0,0.8,1.30879e-09,2.6764700000000004e-18,1.09048
15,11222978000000,198260,0.0704933,0.114,14.1857,8.77193,1000000000.0,0.8,5.61404e-09,4.92459e-17,0.732251
15,11222979000000,199260,0.0720466,0.38,13.8799,2.63158,1000000000.0,0.8,1.68421e-09,4.4321300000000005e-18,0.150664
15,11222980000000,200260,0.073055,0.274,13.6883,3.64964,1000000000.0,0.8,2.33577e-09,8.524690000000001e-18,0.886038
15,11222981000000,201260,0.0732585,0.114,13.6503,8.77193,1000000000.0,0.8,5.61404e-09,4.92459e-17,0.438414
15,11222982000000,202260,0.0758281,0.593,13.1877,1.68634,1000000000.0,0.8,1.07926e-09,1.82e-18,0.123502
15,11222983000000,203260,0.0759667,0.104,13.1637,9.61538,1000000000.0,0.8,6.15385e-09,5.91716e-17,0.702141
15,11222984000000,204260,0.0759669,0.076,13.1636,13.1579,1000000000.0,0.8,8.42105e-09,1.10803e-16,0.405248
15,11222985000000,205260,0.0787586,0.649,12.697,1.54083,1000000000.0,0.8,9.86133e-10,1.5194600000000002e-18,0.598393
15,11222986000000,206260,0.0789295,0.114,12.6695,8.77193,1000000000.0,0.8,5.61404e-09,4.92459e-17,0.663558
15,11222987000000,207260,0.0798321,0.266,12.5263,3.7594,1000000000.0,0.8,2.40602e-09,9.045170000000001e-18,0.193065
15,11222988000000,208260,0.0813118,0.388,12.2983,2.57732,1000000000.0,0.8,1.64948e-09,4.2512500000000004e-18,0.859244
15,11222989000000,209260,0.081468,0.114,12.2748,8.77193,1000000000.0,0.8,5.61404e-09,4.92459e-17,0.578813
15,11222990000000,210260,0.0833587,0.479,11.9963,2.08768,1000000000.0,0.8,1.33612e-09,2.7893900000000002e-18,0.134145
15,11222991000000,211260,0.0837925,0.175,11.9342,5.71429,1000000000.0,0.8,3.65714e-09,2.0898e-17,0.805765
15,11222992000000,212260,0.0839348,0.114,11.914,8.77193,1000000000.0,0.8,5.61404e-09,4.92459e-17,0.331126
15,11222993000000,213260,0.0866032,0.653,11.5469,1.53139,1000000000.0,0.8,9.80092e-10,1.5009100000000002e-18,0.119727
15,11222994000000,214260,0.0867357,0.115,11.5293,8.69565,1000000000.0,0.8,5.56522e-09,4.83932e-17,0.665199
15,11222995000000,215260,0.0870064,0.145,11.4934,6.89655,1000000000.0,0.8,4.41379e-09,3.044e-17,0.36511
15,11222996000000,216260,0.0889577,0.509,11.2413,1.96464,1000000000.0,0.8,1.25737e-09,2.4702700000000003e-18,1.35534
15,11222997000000,217260,0.089073,0.114,11.2267,8.77193,1000000000.0,0.8,5.61404e-09,4.92459e-17,0.648993
15,11222998000000,218260,0.0903326,0.364,11.0702,2.74725,1000000000.0,0.8,1.75824e-09,4.8303300000000004e-18,0.154872
15,11222999000000,220260,0.0908109,0.143,11.0119,6.99301,2000000000.0,0.9,2.83217e-09,9.902680000000001e-18,0.8543
15,11223000000000,221260,0.0909337,0.118,10.997,8.47458,1000000000.0,0.8,5.42373e-09,4.59638e-17,0.523126
15,11223001000000,222260,0.0934311,0.646,10.7031,1.54799,1000000000.0,0.8,9.90712e-10,1.5336100000000002e-18,0.178232
15,11223002000000,224260,0.0933648,0.086,10.7107,11.6279,2000000000.0,0.9,4.7093e-09,2.73797e-17,0.68609
15,11223003000000,226260,0.0933439,0.091,10.7131,10.989,2000000000.0,0.9,4.45055e-09,2.44536e-17,1.52274
15,11223004000000,227260,0.0947901,0.422,10.5496,2.36967,1000000000.0,0.8,1.51659e-09,3.5938100000000006e-18,2.0869
15,11223005000000,229260,0.0943601,0.0455,10.5977,21.978,2000000000.0,0.9,8.9011e-09,9.78143e-17,0.693309
15,11223006000000,230260,0.0942152,0.061,10.614,16.3934,1000000000.0,0.8,1.04918e-08,1.71997e-16,0.43095
15,11223007000000,231260,0.0938727,0.015,10.6527,66.6667,1000000000.0,0.8,4.26667e-08,2.84444e-15,0.035277
15,11223008000000,232260,0.0940971,0.146,10.6273,6.84932,1000000000.0,0.8,4.38356e-09,3.00244e-17,2.11631
15,11223009000000,233260,0.0943754,0.159,10.596,6.28931,1000000000.0,0.8,4.02516e-09,2.53155e-17,1.30822
15,11223010000000,234260,0.0940237,0.012,10.6356,83.3333,1000000000.0,0.8,5.33333e-08,4.44444e-15,0.104974
15,11223011000000,235260,0.0942362,0.144,10.6116,6.94444,1000000000.0,0.8,4.44444e-09,3.08642e-17,0.398132
15,11223012000000,236260,0.0949378,0.26,10.5332,3.84615,1000000000.0,0.8,2.46154e-09,9.467460000000001e-18,0.310069
15,11223013000000,237260,0.0961013,0.371,10.4057,2.69542,1000000000.0,0.8,1.72507e-09,4.64978e-18,0.388026
15,11223014000000,238260,0.0961639,0.111,10.3989,9.00901,1000000000.0,0.8,5.76577e-09,5.19438e-17,0.471823
15,11223015000000,239260,0.0978768,0.506,10.2169,1.97628,1000000000.0,0.8,1.26482e-09,2.49965e-18,0.215117
15,11223016000000,240260,0.0980979,0.151,10.1939,6.62252,1000000000.0,0.8,4.23841e-09,2.80689e-17,0.45167
15,11223017000000,241260,0.0981514,0.111,10.1883,9.00901,1000000000.0,0.8,5.76577e-09,5.19438e-17,0.601908
15,11223018000000,242260,0.100458,0.657,9.95439,1.52207,1000000000.0,0.8,9.74125e-10,1.48269e-18,0.150885
15,11223019000000,243260,0.100502,0.111,9.9501,9.00901,1000000000.0,0.8,5.76577e-09,5.19438e-17,0.596871
15,11223020000000,244260,0.100905,0.199,9.91033,5.02513,1000000000.0,0.8,3.21608e-09,1.61612e-17,0.565035
15,11223021000000,245260,0.102361,0.458,9.76937,2.18341,1000000000.0,0.8,1.39738e-09,3.0510500000000004e-18,0.6388
15,11223022000000,246260,0.102396,0.111,9.76602,9.00901,1000000000.0,0.8,5.76577e-09,5.19438e-17,0.436007
15,11223023000000,247260,0.103688,0.422,9.64428,2.36967,1000000000.0,0.8,1.51659e-09,3.5938100000000006e-18,0.402922
15,11223024000000,248260,0.104217,0.235,9.59533,4.25532,1000000000.0,0.8,2.7234e-09,1.1589e-17,0.466908
15,11223025000000,249260,0.104245,0.111,9.59283,9.00901,1000000000.0,0.8,5.76577e-09,5.19438e-17,0.582906
15,11223026000000,250260,0.106357,0.633,9.40226,1.57978,1000000000.0,0.8,1.01106e-09,1.5972500000000001e-18,0.13768
15,11223027000000,251260,0.10644,0.127,9.395,7.87402,1000000000.0,0.8,5.03937e-09,3.96801e-17,0.451762
15,11223028000000,252260,0.106418,0.101,9.39691,9.90099,1000000000.0,0.8,6.33663e-09,6.27389e-17,0.653773
15,11223029000000,253260,0.108225,0.564,9.24003,1.77305,1000000000.0,0.8,1.13475e-09,2.01197e-18,0.710192
15,11223030000000,254260,0.108236,0.111,9.2391,9.00901,1000000000.0,0.8,5.76577e-09,5.19438e-17,0.497499
15,11223031000000,255260,0.109124,0.335,9.16388,2.98507,1000000000.0,0.8,1.91045e-09,5.70283e-18,0.379765
15,11223032000000,256260,0.109955,0.322,9.09465,3.10559,1000000000.0,0.8,1.98758e-09,6.1726e-18,0.586777
15,11223033000000,257260,0.109959,0.111,9.09432,9.00901,1000000000.0,0.8,5.76577e-09,5.19438e-17,0.511169
15,11223034000000,258260,0.111678,0.554,8.9543,1.80505,1000000000.0,0.8,1.15523e-09,2.0852600000000003e-18,0.236454
15,11223035000000,259260,0.111687,0.114,8.95358,8.77193,1000000000.0,0.8,5.61404e-09,4.92459e-17,0.520905
15,11223036000000,260260,0.111642,0.1,8.95719,10.0,1000000000.0,0.8,6.4e-09,6.4e-17,0.707342
15,11223037000000,261260,0.11373,0.657,8.79278,1.52207,1000000000.0,0.8,9.74125e-10,1.48269e-18,0.317395
15,11223038000000,262260,0.113719,0.111,8.79359,9.00901,1000000000.0,0.8,5.76577e-09,5.19438e-17,0.174741
15,11223039000000,263260,0.114225,0.247,8.75461,4.04858,1000000000.0,0.8,2.59109e-09,1.04903e-17,0.534485
15,11223040000000,264260,0.115345,0.41,8.66966,2.43902,1000000000.0,0.8,1.56098e-09,3.80726e-18,0.494862
15,11223041000000,265260,0.115328,0.111,8.67089,9.00901,1000000000.0,0.8,5.76577e-09,5.19438e-17,0.472605
15,11223042000000,266260,0.116657,0.469,8.57216,2.1322,1000000000.0,0.8,1.36461e-09,2.9096100000000004e-18,0.316207
15,11223043000000,267260,0.116924,0.188,8.55259,5.31915,1000000000.0,0.8,3.40426e-09,1.81077e-17,0.476661
15,11223044000000,268260,0.116902,0.111,8.55421,9.00901,1000000000.0,0.8,5.76577e-09,5.19438e-17,0.587683
15,11223045000000,269260,0.1189,0.655,8.41043,1.52672,1000000000.0,0.8,9.77099e-10,1.4917500000000002e-18,0.361256
15,11223046000000,270260,0.118878,0.113,8.41198,8.84956,1000000000.0,0.8,5.66372e-09,5.01214e-17,0.478671
15,11223047000000,271260,0.11903,0.16,8.40126,6.25,1000000000.0,0.8,4e-09,2.5e-17,0.619607
15,11223048000000,272260,0.120418,0.497,8.30441,2.01207,1000000000.0,0.8,1.28773e-09,2.591e-18,0.816882
15,11223049000000,273260,0.120384,0.111,8.30679,9.00901,1000000000.0,0.8,5.76577e-09,5.19438e-17,0.53683
15,11223050000000,274260,0.121345,0.384,8.24099,2.60417,1000000000.0,0.8,1.66667e-09,4.3402800000000005e-18,0.306221
15,11223051000000,275260,0.121896,0.273,8.20374,3.663,1000000000.0,0.8,2.34432e-09,8.58726e-18,0.580785
15,11223052000000,276260,0.121856,0.111,8.20639,9.00901,1000000000.0,0.8,5.76577e-09,5.19438e-17,0.492387
15,11223053000000,277260,0.123595,0.604,8.09093,1.65563,1000000000.0,0.8,1.0596e-09,1.75431e-18,0.319969
15,11223054000000,278260,0.123611,0.128,8.08989,7.8125,1000000000.0,0.8,5e-09,3.90625e-17,0.464039
15,11223055000000,279260,0.123415,0.069,8.10271,14.4928,1000000000.0,0.8,9.27536e-09,1.34426e-16,0.568365
15,11223056000000,280260,0.125202,0.624,7.98712,1.60256,1000000000.0,0.8,1.02564e-09,1.64366e-18,0.314392
15,11223057000000,281260,0.125151,0.111,7.99034,9.00901,1000000000.0,0.8,5.76577e-09,5.19438e-17,0.635214
15,11223058000000,282260,0.125753,0.295,7.95211,3.38983,1000000000.0,0.8,2.16949e-09,7.35421e-18,0.430433
15,11223059000000,283260,0.126587,0.362,7.89971,2.76243,1000000000.0,0.8,1.76796e-09,4.88386e-18,0.584695
15,11223060000000,284260,0.126532,0.111,7.90314,9.00901,1000000000.0,0.8,5.76577e-09,5.19438e-17,0.508917
15,11223061000000,285260,0.127908,0.519,7.81813,1.92678,1000000000.0,0.8,1.23314e-09,2.37599e-18,0.155271
15,11223062000000,286260,0.129152,0.484,7.74283,2.06612,1000000000.0,0.8,1.32231e-09,2.7320500000000004e-18,0.469207
15,11223063000000,287260,0.129238,0.154,7.73764,6.49351,1000000000.0,0.8,4.15584e-09,2.6986e-17,0.371524
15,11223064000000,288260,0.129602,0.234,7.71595,4.2735,1000000000.0,0.8,2.73504e-09,1.16882e-17,0.480899
15,11223065000000,289260,0.130561,0.407,7.65927,2.457,1000000000.0,0.8,1.57248e-09,3.86359e-18,0.235943
15,11223066000000,290260,0.130111,0.0,7.68575,0.0,1000000000.0,0.8,0.0,0.0,0.268506
15,11223067000000,291260,0.12998,0.092,7.69349,10.8696,1000000000.0,0.8,6.95652e-09,7.56144e-17,0.364289
15,11223068000000,292260,0.131256,0.503,7.61868,1.98807,1000000000.0,0.8,1.27237e-09,2.52955e-18,0.415814
15,11223069000000,293260,0.131412,0.177,7.60963,5.64972,1000000000.0,0.8,3.61582e-09,2.04284e-17,1.60591
15,11223070000000,294260,0.131265,0.088,7.61818,11.3636,1000000000.0,0.8,7.27273e-09,8.26446e-17,0.609172
15,11223071000000,295260,0.131193,0.11,7.62237,9.09091,1000000000.0,0.8,5.81818e-09,5.28926e-17,0.60727
15,11223072000000,296260,0.132661,0.566,7.53804,1.76678,1000000000.0,0.8,1.13074e-09,1.99778e-18,1.40898
15,11223073000000,297260,0.132712,0.148,7.53511,6.75676,1000000000.0,0.8,4.32432e-09,2.92184e-17,0.723066
15,11223074000000,298260,0.13327,0.299,7.50358,3.34448,1000000000.0,0.8,2.14047e-09,7.15876e-18,0.829278
15,11223075000000,299260,0.133897,0.321,7.46843,3.11526,1000000000.0,0.8,1.99377e-09,6.21112e-18,1.46766
15,11223076000000,300260,0.133897,0.134,7.46841,7.46269,1000000000.0,0.8,4.77612e-09,3.56427e-17,0.774676
15,11223077000000,301260,0.135222,0.533,7.39524,1.87617,1000000000.0,0.8,1.20075e-09,2.2528200000000003e-18,0.509564
15,11223078000000,302260,0.135152,0.114,7.39908,8.77193,1000000000.0,0.8,5.61404e-09,4.92459e-17,2.04691
15,11223079000000,303260,0.135151,0.135,7.39911,7.40741,1000000000.0,0.8,4.74074e-09,3.51166e-17,1.87627
15,11223080000000,304260,0.136771,0.628,7.31148,1.59236,1000000000.0,0.8,1.01911e-09,1.62278e-18,0.320312
15,11223081000000,305260,0.136697,0.114,7.31547,8.77193,1000000000.0,0.8,5.61404e-09,4.92459e-17,1.19345
15,11223082000000,306260,0.137112,0.264,7.29329,3.78788,1000000000.0,0.8,2.42424e-09,9.18274e-18,0.459873
15,11223083000000,307260,0.137922,0.386,7.25046,2.59067,1000000000.0,0.8,1.65803e-09,4.2954200000000005e-18,1.39454
15,11223084000000,308260,0.137942,0.144,7.24942,6.94444,1000000000.0,0.8,4.44444e-09,3.08642e-17,0.817431
15,11223085000000,309260,0.139045,0.479,7.19193,2.08768,1000000000.0,0.8,1.33612e-09,2.7893900000000002e-18,0.671975
15,11223086000000,310260,0.139077,0.149,7.19027,6.71141,1000000000.0,0.8,4.2953e-09,2.88275e-17,1.562
15,11223087000000,311260,0.138996,0.114,7.19443,8.77193,1000000000.0,0.8,5.61404e-09,4.92459e-17,0.768575
15,11223088000000,312260,0.14062,0.646,7.11136,1.54799,1000000000.0,0.8,9.90712e-10,1.5336100000000002e-18,0.694687
15,11223089000000,313260,0.140644,0.148,7.11017,6.75676,1000000000.0,0.8,4.32432e-09,2.92184e-17,0.833966
15,11223090000000,314260,0.140801,0.19,7.10224,5.26316,1000000000.0,0.8,3.36842e-09,1.77285e-17,0.843224
15,11223091000000,315260,0.141743,0.438,7.05501,2.28311,1000000000.0,0.8,1.46119e-09,3.3360400000000003e-18,1.19694
15,11223092000000,316260,0.141656,0.114,7.05938,8.77193,1000000000.0,0.8,5.61404e-09,4.92459e-17,0.71992
15,11223093000000,317260,0.142615,0.446,7.01189,2.24215,1000000000.0,0.8,1.43498e-09,3.2174400000000004e-18,0.711578
15,11223094000000,318260,0.142795,0.2,7.00304,5.0,1000000000.0,0.8,3.2e-09,1.6e-17,1.42166
15,11223095000000,319260,0.142812,0.148,7.00224,6.75676,1000000000.0,0.8,4.32432e-09,2.92184e-17,0.738322
15,11223096000000,320260,0.144314,0.624,6.92933,1.60256,1000000000.0,0.8,1.02564e-09,1.64366e-18,0.95528
15,11223097000000,321260,0.144232,0.118,6.93327,8.47458,1000000000.0,0.8,5.42373e-09,4.59638e-17,1.14154
15,11223098000000,322260,0.144281,0.16,6.93092,6.25,1000000000.0,0.8,4e-09,2.5e-17,0.748934
15,11223099000000,323260,0.145338,0.486,6.88051,2.05761,1000000000.0,0.8,1.31687e-09,2.7096100000000003e-18,1.62946
15,11223100000000,324260,0.145346,0.148,6.88012,6.75676,1000000000.0,0.8,4.32432e-09,2.92184e-17,1.04828
15,11223101000000,325260,0.146049,0.374,6.847,2.6738,1000000000.0,0.8,1.71123e-09,4.5754800000000006e-18,0.722338
15,11223102000000,326260,0.14638,0.254,6.83153,3.93701,1000000000.0,0.8,2.51969e-09,9.92002e-18,1.16751
15,11223103000000,327260,0.146281,0.114,6.83615,8.77193,1000000000.0,0.8,5.61404e-09,4.92459e-17,0.590363
15,11223104000000,328260,0.147724,0.62,6.76936,1.6129,1000000000.0,0.8,1.03226e-09,1.66493e-18,0.541036
15,11223105000000,329260,0.147683,0.134,6.77127,7.46269,1000000000.0,0.8,4.77612e-09,3.56427e-17,1.16902
15,11223106000000,330260,0.147505,0.089,6.77943,11.236,1000000000.0,0.8,7.19101e-09,8.07979e-17,0.900691
15,11223107000000,331260,0.148808,0.579,6.72009,1.72712,1000000000.0,0.8,1.10535e-09,1.90907e-18,1.31727
15,11223108000000,332260,0.148703,0.114,6.72482,8.77193,1000000000.0,0.8,5.61404e-09,4.92459e-17,0.477554
15,11223109000000,333260,0.149286,0.343,6.69856,2.91545,1000000000.0,0.8,1.86589e-09,5.43991e-18,0.513699
15,11223110000000,334260,0.149746,0.303,6.67799,3.30033,1000000000.0,0.8,2.11221e-09,6.970990000000001e-18,0.564878
15,11223111000000,335260,0.14974,0.148,6.67822,6.75676,1000000000.0,0.8,4.32432e-09,2.92184e-17,0.566454
15,11223112000000,336260,0.150949,0.556,6.62477,1.79856,1000000000.0,0.8,1.15108e-09,2.0702900000000003e-18,0.227881
15,11223113000000,337260,0.150845,0.116,6.62932,8.62069,1000000000.0,0.8,5.51724e-09,4.75624e-17,0.831316
15,11223114000000,338260,0.150639,0.081,6.63841,12.3457,1000000000.0,0.8,7.90123e-09,9.75461e-17,0.396939
15,11223115000000,339234,0.152125,0.668378,6.57354,1.49616,1000000000.0,0.8,9.57542e-10,1.4326400000000001e-18,0.364245
16,10205500000000,15545,0.0598263,0.0598263,16.7151,16.7151,4000000000.0,1.0,4.17876e-09,1.74621e-17,0.0
16,10205501000000,19545,0.0788437,0.15275,12.6833,6.54664,4000000000.0,1.0,1.63666e-09,2.67866e-18,4.0
16,10205502000000,21545,0.0722673,0.008,13.8375,125.0,2000000000.0,0.9,5.0625e-08,3.16406e-15,0.837994
16,11206193000000,40572,0.0512669,0.0274873,19.5058,36.3805,4000000000.0,1.0,9.09512e-09,8.27213e-17,0.999591
16,11206194000000,42572,0.0488584,0.0,20.4673,0.0,2000000000.0,0.9,0.0,0.0,0.796653
16,11206195000000,43565,0.0477907,0.0020141,20.9246,496.5,1000000000.0,0.8,3.1776e-07,1.57768e-13,5.35657e-06
16,11222906000000,45645,0.0461387,0.0115385,21.6738,86.6667,1000000000.0,0.8,5.54667e-08,4.80711e-15,0.0
16,11222907000000,49645,0.0441938,0.022,22.6276,45.4545,4000000000.0,1.0,1.13636e-08,1.29132e-16,4.0
16,11222908000000,53645,0.0414018,0.00675,24.1535,148.148,4000000000.0,1.0,3.7037e-08,1.37174e-15,4.0
16,11222909000000,57645,0.0413913,0.04125,24.1597,24.2424,4000000000.0,1.0,6.06061e-09,3.67309e-17,3.18325
16,11222910000000,59645,0.0404057,0.012,24.749,83.3333,2000000000.0,0.9,3.375e-08,1.40625e-15,1.84245
16,11222911000000,60645,0.0425097,0.168,23.524,5.95238,1000000000.0,0.8,3.80952e-09,2.26757e-17,0.861538
16,11222912000000,62645,0.0415356,0.012,24.0757,83.3333,2000000000.0,0.9,3.375e-08,1.40625e-15,1.1318
16,11222913000000,63645,0.0420143,0.072,23.8014,13.8889,1000000000.0,0.8,8.88889e-09,1.23457e-16,0.861538
16,11222914000000,67645,0.0409491,0.024,24.4206,41.6667,4000000000.0,1.0,1.04167e-08,1.08507e-16,3.27756
16,11222915000000,69645,0.0401177,0.012,24.9266,83.3333,2000000000.0,0.9,3.375e-08,1.40625e-15,1.54194
16,11222916000000,71645,0.0413427,0.084,24.188,11.9048,2000000000.0,0.9,4.82143e-09,2.8699e-17,0.861538
16,11222917000000,75645,0.0394739,0.006,25.3332,166.667,4000000000.0,1.0,4.16667e-08,1.73611e-15,1.48351
16,11222918000000,77645,0.0406208,0.084,24.6179,11.9048,2000000000.0,0.9,4.82143e-09,2.8699e-17,0.923077
16,11222919000000,81645,0.0389246,0.006,25.6907,166.667,4000000000.0,1.0,4.16667e-08,1.73611e-15,1.48351
16,11222920000000,83645,0.0400024,0.084,24.9985,11.9048,2000000000.0,0.9,4.82143e-09,2.8699e-17,0.923077
16,11222921000000,87645,0.0383137,0.003,26.1004,333.333,4000000000.0,1.0,8.33333e-08,6.94444e-15,1.50618
16,11222922000000,88645,0.0378814,0.0,26.3982,0.0,1000000000.0,0.8,0.0,0.0,0.350723
16,11222923000000,90645,0.0390314,0.09,25.6204,11.1111,2000000000.0,0.9,4.5e-09,2.5e-17,0.360366
16,11222924000000,94645,0.0375086,0.003,26.6606,333.333,4000000000.0,1.0,8.33333e-08,6.94444e-15,1.50738
16,11222925000000,95645,0.0389984,0.18,25.6421,5.55556,1000000000.0,0.8,3.55556e-09,1.97531e-17,0.461538
16,11222926000000,99645,0.0375533,0.003,26.6288,333.333,4000000000.0,1.0,8.33333e-08,6.94444e-15,1.14263
16,11222927000000,100645,0.0389687,0.18,25.6617,5.55556,1000000000.0,0.8,3.55556e-09,1.97531e-17,0.461538
16,11222928000000,104645,0.0375938,0.003,26.6002,333.333,4000000000.0,1.0,8.33333e-08,6.94444e-15,1.14263
16,11222929000000,105645,0.037503,0.028,26.6646,35.7143,1000000000.0,0.8,2.28571e-08,8.16327e-16,0.461538
16,11222930000000,107645,0.0382182,0.076,26.1655,13.1579,2000000000.0,0.9,5.32895e-09,3.50589e-17,1.0655
16,11222931000000,109645,0.03774,0.012,26.4971,83.3333,2000000000.0,0.9,3.375e-08,1.40625e-15,0.388646
16,11222932000000,111645,0.0385687,0.084,25.9278,11.9048,2000000000.0,0.9,4.82143e-09,2.8699e-17,0.861538
16,11222933000000,115645,0.0374422,0.006,26.7079,166.667,4000000000.0,1.0,4.16667e-08,1.73611e-15,1.48351
16,11222934000000,117645,0.0382337,0.084,26.155,11.9048,2000000000.0,0.9,4.82143e-09,2.8699e-17,0.923077
16,11222935000000,121645,0.0371737,0.006,26.9007,166.667,4000000000.0,1.0,4.16667e-08,1.73611e-15,1.48351
16,11222936000000,123645,0.0376643,0.0675,26.5504,14.8148,2000000000.0,0.9,6e-09,4.44444e-17,0.923077
16,11222937000000,127645,0.0367425,0.00825,27.2164,121.212,4000000000.0,1.0,3.0303e-08,9.18274e-16,1.59621
16,11222938000000,131645,0.0358084,0.006,27.9264,166.667,4000000000.0,1.0,4.16667e-08,1.73611e-15,1.84643
16,11222939000000,133645,0.0365296,0.084,27.3751,11.9048,2000000000.0,0.9,4.82143e-09,2.8699e-17,0.923077
16,11222940000000,137645,0.0355552,0.003,28.1253,333.333,4000000000.0,1.0,8.33333e-08,6.94444e-15,1.50618
16,11222941000000,139645,0.036335,0.09,27.5217,11.1111,2000000000.0,0.9,4.5e-09,2.5e-17,0.619846
16,11222942000000,143645,0.0354067,0.003,28.2432,333.333,4000000000.0,1.0,8.33333e-08,6.94444e-15,1.53952
16,11222943000000,145645,0.0361564,0.09,27.6576,11.1111,2000000000.0,0.9,4.5e-09,2.5e-17,0.619846
16,11222944000000,149645,0.0352701,0.003,28.3526,333.333,4000000000.0,1.0,8.33333e-08,6.94444e-15,1.5174
16,11222945000000,153645,0.0343519,0.0,29.1105,0.0,4000000000.0,1.0,0.0,0.0,1.03869
16,11222946000000,154645,0.0352937,0.18,28.3336,5.55556,1000000000.0,0.8,3.55556e-09,1.97531e-17,0.269123
16,11222947000000,158645,0.0344795,0.003,29.0027,333.333,4000000000.0,1.0,8.33333e-08,6.94444e-15,1.13016
16,11222948000000,159645,0.035391,0.18,28.2558,5.55556,1000000000.0,0.8,3.55556e-09,1.97531e-17,0.461538
16,11222949000000,163645,0.0345993,0.003,28.9023,333.333,4000000000.0,1.0,8.33333e-08,6.94444e-15,1.14263
16,11222950000000,164645,0.0354824,0.18,28.183,5.55556,1000000000.0,0.8,3.55556e-09,1.97531e-17,0.461538
16,11222951000000,168645,0.0346408,0.0,28.8677,0.0,4000000000.0,1.0,0.0,0.0,1.14263
16,11222952000000,169645,0.0345074,0.012,28.9793,83.3333,1000000000.0,0.8,5.33333e-08,4.44444e-15,6.35321e-11
16,11222953000000,173645,0.0358548,0.093,27.8903,10.7527,4000000000.0,1.0,2.68817e-09,7.22627e-18,3.19508
16,11222954000000,175645,0.0360785,0.0555,27.7174,18.018,2000000000.0,0.9,7.2973e-09,6.57414e-17,4.26509
16,11222955000000,177645,0.0391455,0.3085,25.5457,3.24149,2000000000.0,0.9,1.3128e-09,2.12772e-18,2.95918
16,11222956000000,178645,0.0395533,0.112,25.2823,8.92857,1000000000.0,0.8,5.71429e-09,5.10204e-17,0.41173
16,11222957000000,179645,0.0399621,0.113,25.0237,8.84956,1000000000.0,0.8,5.66372e-09,5.01214e-17,0.424506
16,11222958000000,180645,0.0427247,0.539,23.4057,1.85529,1000000000.0,0.8,1.18738e-09,2.20294e-18,1.21739
16,11222959000000,181645,0.0431171,0.114,23.1927,8.77193,1000000000.0,0.8,5.61404e-09,4.92459e-17,0.739258
16,11222960000000,182645,0.044759,0.343,22.3419,2.91545,1000000000.0,0.8,1.86589e-09,5.43991e-18,0.157339
16,11222961000000,183645,0.0462087,0.311,21.6409,3.21543,1000000000.0,0.8,2.05788e-09,6.61697e-18,0.796167
16,11222962000000,184645,0.0465759,0.114,21.4703,8.77193,1000000000.0,0.8,5.61404e-09,4.92459e-17,0.778974
16,11222963000000,185645,0.0493092,0.554,20.2802,1.80505,1000000000.0,0.8,1.15523e-09,2.0852600000000003e-18,0.125547
16,11222964000000,186645,0.0496075,0.105,20.1582,9.52381,1000000000.0,0.8,6.09524e-09,5.80499e-17,0.785545
16,11222965000000,187645,0.0499241,0.109,20.0304,9.17431,1000000000.0,0.8,5.87156e-09,5.38675e-17,0.433561
16,11222966000000,188645,0.0531262,0.654,18.8231,1.52905,1000000000.0,0.8,9.78593e-10,1.4963200000000001e-18,0.22416
16,11222967000000,189645,0.0534472,0.114,18.71,8.77193,1000000000.0,0.8,5.61404e-09,4.92459e-17,0.644424
16,11222968000000,190645,0.054389,0.233,18.3861,4.29185,1000000000.0,0.8,2.74678e-09,1.17888e-17,0.209478
16,11222969000000,191645,0.056302,0.421,17.7614,2.3753,1000000000.0,0.8,1.52019e-09,3.6109e-18,0.83469
16,11222970000000,192645,0.0566015,0.114,17.6674,8.77193,1000000000.0,0.8,5.61404e-09,4.92459e-17,0.442275
16,11222971000000,193645,0.0586072,0.445,17.0627,2.24719,1000000000.0,0.8,1.4382e-09,3.2319200000000004e-18,0.137738
16,11222972000000,194645,0.0593799,0.209,16.8407,4.78469,1000000000.0,0.8,3.0622e-09,1.46517e-17,0.830678
16,11222973000000,195645,0.0596591,0.114,16.7619,8.77193,1000000000.0,0.8,5.61404e-09,4.92459e-17,0.400767
16,11222974000000,196645,0.0626001,0.638,15.9744,1.5674,1000000000.0,0.8,1.00313e-09,1.5723100000000002e-18,0.121166
16,11222975000000,197645,0.0628956,0.121,15.8994,8.26446,1000000000.0,0.8,5.28926e-09,4.37129e-17,0.704417
16,11222976000000,198645,0.0631327,0.11,15.8396,9.09091,1000000000.0,0.8,5.81818e-09,5.28926e-17,0.488924
16,11222977000000,199645,0.0655864,0.553,15.2471,1.80832,1000000000.0,0.8,1.15732e-09,2.0928100000000003e-18,0.998732
16,11222978000000,200645,0.0658277,0.114,15.1912,8.77193,1000000000.0,0.8,5.61404e-09,4.92459e-17,0.712306
16,11222979000000,201645,0.067118,0.326,14.8991,3.06748,1000000000.0,0.8,1.96319e-09,6.022060000000001e-18,0.161322
16,11222980000000,202645,0.0684053,0.328,14.6187,3.04878,1000000000.0,0.8,1.95122e-09,5.948840000000001e-18,0.830641
16,11222981000000,203645,0.0686292,0.114,14.5711,8.77193,1000000000.0,0.8,5.61404e-09,4.92459e-17,0.447067
16,11222982000000,204645,0.0709375,0.541,14.0969,1.84843,1000000000.0,0.8,1.18299e-09,2.1866800000000002e-18,0.126837
16,11222983000000,205645,0.071142,0.113,14.0564,8.84956,1000000000.0,0.8,5.66372e-09,5.01214e-17,0.815121
16,11222984000000,206645,0.0713494,0.114,14.0155,8.77193,1000000000.0,0.8,5.61404e-09,4.92459e-17,0.478549
16,11222985000000,207645,0.0741554,0.654,13.4852,1.52905,1000000000.0,0.8,9.78593e-10,1.4963200000000001e-18,0.52512
16,11222986000000,208645,0.0743464,0.114,13.4506,8.77193,1000000000.0,0.8,5.61404e-09,4.92459e-17,0.660767
16,11222987000000,209645,0.0750316,0.218,13.3277,4.58716,1000000000.0,0.8,2.93578e-09,1.34669e-17,0.222488
16,11222988000000,210645,0.0767452,0.436,13.0301,2.29358,1000000000.0,0.8,1.46789e-09,3.3667200000000002e-18,0.786835
16,11222989000000,211645,0.0769213,0.114,13.0003,8.77193,1000000000.0,0.8,5.61404e-09,4.92459e-17,0.544335
16,11222990000000,212645,0.0785723,0.428,12.7271,2.33645,1000000000.0,0.8,1.49533e-09,3.49375e-18,0.139862
16,11222991000000,213645,0.0792623,0.226,12.6163,4.42478,1000000000.0,0.8,2.83186e-09,1.25303e-17,0.816251
16,11222992000000,214645,0.0794242,0.114,12.5906,8.77193,1000000000.0,0.8,5.61404e-09,4.92459e-17,0.302687
16,11222993000000,215645,0.081982,0.631,12.1978,1.58479,1000000000.0,0.8,1.01426e-09,1.60739e-18,0.121778
16,11222994000000,216645,0.0821667,0.122,12.1704,8.19672,1000000000.0,0.8,5.2459e-09,4.29992e-17,0.728996
16,11222995000000,217645,0.082221,0.094,12.1623,10.6383,1000000000.0,0.8,6.80851e-09,7.2431e-17,0.537251
16,11222996000000,218645,0.0844748,0.575,11.8378,1.73913,1000000000.0,0.8,1.11304e-09,1.93573e-18,0.657246
16,11222997000000,219645,0.0846093,0.114,11.819,8.77193,1000000000.0,0.8,5.61404e-09,4.92459e-17,0.623858
16,11222998000000,220645,0.0856353,0.311,11.6774,3.21543,1000000000.0,0.8,2.05788e-09,6.61697e-18,0.166459
16,11222999000000,222645,0.0864246,0.1735,11.5708,5.76369,2000000000.0,0.9,2.33429e-09,6.72707e-18,0.861964
16,11223000000000,223645,0.0865658,0.118,11.5519,8.47458,1000000000.0,0.8,5.42373e-09,4.59638e-17,0.540158
16,11223001000000,224645,0.0889715,0.627,11.2396,1.5949,1000000000.0,0.8,1.02073e-09,1.6279600000000002e-18,0.158413
16,11223002000000,226645,0.0889938,0.0915,11.2367,10.929,2000000000.0,0.9,4.42623e-09,2.4187e-17,0.721428
16,11223003000000,228645,0.0887795,0.0645,11.2639,15.5039,2000000000.0,0.9,6.27907e-09,4.8675e-17,1.10149
16,11223004000000,229645,0.0904439,0.471,11.0566,2.12314,1000000000.0,0.8,1.35881e-09,2.8849500000000002e-18,2.26598
16,11223005000000,231645,0.0900732,0.0475,11.1021,21.0526,2000000000.0,0.9,8.52632e-09,8.97507e-17,0.731286
16,11223006000000,232645,0.0898751,0.044,11.1265,22.7273,1000000000.0,0.8,1.45455e-08,3.30579e-16,0.450528
16,11223007000000,233645,0.089927,0.102,11.1201,9.80392,1000000000.0,0.8,6.27451e-09,6.15148e-17,2.36241
16,11223008000000,234645,0.0900339,0.115,11.1069,8.69565,1000000000.0,0.8,5.56522e-09,4.83932e-17,0.110181
16,11223009000000,235645,0.090161,0.12,11.0913,8.33333,1000000000.0,0.8,5.33333e-09,4.44444e-17,0.313928
16,11223010000000,236645,0.0898477,0.016,11.13,62.5,1000000000.0,0.8,4e-08,2.5e-15,0.220704
16,11223011000000,237645,0.0901555,0.163,11.0919,6.13497,1000000000.0,0.8,3.92638e-09,2.40882e-17,0.465793
16,11223012000000,238645,0.0902261,0.107,11.0833,9.34579,1000000000.0,0.8,5.98131e-09,5.59001e-17,0.33898
16,11223013000000,239645,0.091911,0.494,10.8801,2.02429,1000000000.0,0.8,1.29555e-09,2.62256e-18,0.593652
16,11223014000000,240645,0.0920194,0.118,10.8673,8.47458,1000000000.0,0.8,5.42373e-09,4.59638e-17,0.580529
16,11223015000000,241645,0.0932649,0.393,10.7221,2.54453,1000000000.0,0.8,1.6285e-09,4.1437600000000005e-18,0.191826
16,11223016000000,242645,0.0939686,0.264,10.6419,3.78788,1000000000.0,0.8,2.42424e-09,9.18274e-18,0.767169
16,11223017000000,243645,0.0940713,0.119,10.6302,8.40336,1000000000.0,0.8,5.37815e-09,4.51945e-17,0.404755
16,11223018000000,244645,0.0962129,0.618,10.3936,1.61812,1000000000.0,0.8,1.0356e-09,1.67573e-18,0.146639
16,11223019000000,245645,0.0959596,0.034,10.4211,29.4118,1000000000.0,0.8,1.88235e-08,5.53633e-16,0.722309
16,11223020000000,246645,0.0960409,0.116,10.4122,8.62069,1000000000.0,0.8,5.51724e-09,4.75624e-17,0.210398
16,11223021000000,247645,0.0982737,0.649,10.1757,1.54083,1000000000.0,0.8,9.86133e-10,1.5194600000000002e-18,0.281094
16,11223022000000,248645,0.0983249,0.111,10.1704,9.00901,1000000000.0,0.8,5.76577e-09,5.19438e-17,0.428388
16,11223023000000,249645,0.0988884,0.239,10.1124,4.1841,1000000000.0,0.8,2.67782e-09,1.12043e-17,0.353112
16,11223024000000,250645,0.100162,0.418,9.98387,2.39234,1000000000.0,0.8,1.5311e-09,3.66292e-18,0.702809
16,11223025000000,251645,0.100205,0.111,9.97958,9.00901,1000000000.0,0.8,5.76577e-09,5.19438e-17,0.527532
16,11223026000000,252645,0.101617,0.457,9.84088,2.18818,1000000000.0,0.8,1.40044e-09,3.06441e-18,0.130311
16,11223027000000,253645,0.102005,0.2,9.80346,5.0,1000000000.0,0.8,3.2e-09,1.6e-17,0.710178
16,11223028000000,254645,0.102072,0.119,9.79705,8.40336,1000000000.0,0.8,5.37815e-09,4.51945e-17,0.352839
16,11223029000000,255645,0.104199,0.646,9.597,1.54799,1000000000.0,0.8,9.90712e-10,1.5336100000000002e-18,0.26002
16,11223030000000,256645,0.104237,0.114,9.59349,8.77193,1000000000.0,0.8,5.61404e-09,4.92459e-17,0.490983
16,11223031000000,257645,0.104399,0.146,9.57859,6.84932,1000000000.0,0.8,4.38356e-09,3.00244e-17,0.441272
16,11223032000000,258645,0.105972,0.511,9.4365,1.95695,1000000000.0,0.8,1.25245e-09,2.4509700000000003e-18,1.00857
16,11223033000000,259645,0.105991,0.111,9.43477,9.00901,1000000000.0,0.8,5.76577e-09,5.19438e-17,0.456194
16,11223034000000,260645,0.107011,0.372,9.34479,2.68817,1000000000.0,0.8,1.72043e-09,4.624810000000001e-18,0.206348
16,11223035000000,261645,0.107692,0.285,9.28576,3.50877,1000000000.0,0.8,2.24561e-09,7.879350000000001e-18,0.794844
16,11223036000000,262645,0.107704,0.111,9.28468,9.00901,1000000000.0,0.8,5.76577e-09,5.19438e-17,0.579411
16,11223037000000,263645,0.109537,0.591,9.1293,1.69205,1000000000.0,0.8,1.08291e-09,1.83234e-18,0.346295
16,11223038000000,264645,0.109585,0.122,9.12537,8.19672,1000000000.0,0.8,5.2459e-09,4.29992e-17,0.762736
16,11223039000000,265645,0.109443,0.072,9.13717,13.8889,1000000000.0,0.8,8.88889e-09,1.23457e-16,0.37419
16,11223040000000,266645,0.111433,0.64,8.97402,1.5625,1000000000.0,0.8,1e-09,1.5625e-18,0.369828
16,11223041000000,267645,0.111461,0.119,8.97174,8.40336,1000000000.0,0.8,5.37815e-09,4.51945e-17,0.402973
16,11223042000000,268645,0.1121,0.283,8.92064,3.53357,1000000000.0,0.8,2.26148e-09,7.99111e-18,0.268787
16,11223043000000,269645,0.113041,0.366,8.84633,2.73224,1000000000.0,0.8,1.74863e-09,4.777690000000001e-18,0.862168
16,11223044000000,270645,0.113063,0.119,8.84461,8.40336,1000000000.0,0.8,5.37815e-09,4.51945e-17,0.500752
16,11223045000000,271645,0.114513,0.507,8.7326,1.97239,1000000000.0,0.8,1.26233e-09,2.4898e-18,0.275557
16,11223046000000,272645,0.114614,0.142,8.72492,7.04225,1000000000.0,0.8,4.50704e-09,3.17397e-17,0.774111
16,11223047000000,273645,0.114601,0.111,8.72592,9.00901,1000000000.0,0.8,5.76577e-09,5.19438e-17,0.365765
16,11223048000000,274645,0.116576,0.657,8.5781,1.52207,1000000000.0,0.8,9.74125e-10,1.48269e-18,0.254002
16,11223049000000,275645,0.116556,0.111,8.57959,9.00901,1000000000.0,0.8,5.76577e-09,5.19438e-17,0.458796
16,11223050000000,276645,0.11685,0.198,8.55797,5.05051,1000000000.0,0.8,3.23232e-09,1.63249e-17,0.308032
16,11223051000000,277645,0.118082,0.459,8.46866,2.17865,1000000000.0,0.8,1.39434e-09,3.03777e-18,0.8549
16,11223052000000,278645,0.118057,0.111,8.47048,9.00901,1000000000.0,0.8,5.76577e-09,5.19438e-17,0.49674
16,11223053000000,279645,0.119137,0.42,8.39371,2.38095,1000000000.0,0.8,1.52381e-09,3.62812e-18,0.262202
16,11223054000000,280645,0.119557,0.237,8.36423,4.21941,1000000000.0,0.8,2.70042e-09,1.13942e-17,0.648455
16,11223055000000,281645,0.119526,0.111,8.36636,9.00901,1000000000.0,0.8,5.76577e-09,5.19438e-17,0.489777
16,11223056000000,282645,0.121343,0.633,8.2411,1.57978,1000000000.0,0.8,1.01106e-09,1.5972500000000001e-18,0.203868
16,11223057000000,283645,0.121359,0.126,8.23998,7.93651,1000000000.0,0.8,5.07937e-09,4.03124e-17,0.649818
16,11223058000000,284645,0.121288,0.101,8.24484,9.90099,1000000000.0,0.8,6.33663e-09,6.27389e-17,0.461715
16,11223059000000,285645,0.122841,0.565,8.14059,1.76991,1000000000.0,0.8,1.13274e-09,2.0048600000000003e-18,0.829384
16,11223060000000,286645,0.1228,0.111,8.14332,9.00901,1000000000.0,0.8,5.76577e-09,5.19438e-17,0.463881
16,11223061000000,287645,0.123273,0.259,8.11204,3.861,1000000000.0,0.8,2.47104e-09,9.5407e-18,0.15532
16,11223062000000,288645,0.12488,0.587,8.00768,1.70358,1000000000.0,0.8,1.09029e-09,1.85739e-18,0.718781
16,11223063000000,289645,0.125236,0.228,7.98492,4.38596,1000000000.0,0.8,2.80702e-09,1.23115e-17,0.232117
16,11223064000000,290645,0.125091,0.083,7.9942,12.0482,1000000000.0,0.8,7.71084e-09,9.29017e-17,0.217451
16,11223065000000,291645,0.12686,0.641,7.88272,1.56006,1000000000.0,0.8,9.9844e-10,1.55763e-18,0.178983
16,11223066000000,292645,0.126932,0.148,7.87824,6.75676,1000000000.0,0.8,4.32432e-09,2.92184e-17,0.526973
16,11223067000000,293645,0.12713,0.185,7.86598,5.40541,1000000000.0,0.8,3.45946e-09,1.86998e-17,0.452936
16,11223068000000,294645,0.128202,0.443,7.80021,2.25734,1000000000.0,0.8,1.4447e-09,3.2611600000000003e-18,1.01334
16,11223069000000,295645,0.128154,0.114,7.80313,8.77193,1000000000.0,0.8,5.61404e-09,4.92459e-17,0.484737
16,11223070000000,296645,0.129215,0.443,7.73904,2.25734,1000000000.0,0.8,1.4447e-09,3.2611600000000003e-18,0.238477
16,11223071000000,297645,0.129463,0.203,7.72422,4.92611,1000000000.0,0.8,3.15271e-09,1.55306e-17,0.649809
16,11223072000000,298645,0.129525,0.148,7.72052,6.75676,1000000000.0,0.8,4.32432e-09,2.92184e-17,0.540543
16,11223073000000,299645,0.131169,0.622,7.62378,1.60772,1000000000.0,0.8,1.02894e-09,1.6542400000000001e-18,0.409441
16,11223074000000,300645,0.131131,0.12,7.62594,8.33333,1000000000.0,0.8,5.33333e-09,4.44444e-17,0.429024
16,11223075000000,301645,0.131211,0.155,7.62134,6.45161,1000000000.0,0.8,4.12903e-09,2.66389e-17,0.514969
16,11223076000000,302645,0.132399,0.491,7.55291,2.03666,1000000000.0,0.8,1.30346e-09,2.6547100000000003e-18,0.687649
16,11223077000000,303645,0.132451,0.148,7.54998,6.75676,1000000000.0,0.8,4.32432e-09,2.92184e-17,0.486652
16,11223078000000,304645,0.133234,0.371,7.5056,2.69542,1000000000.0,0.8,1.72507e-09,4.64978e-18,0.579804
16,11223079000000,305645,0.133626,0.253,7.4836,3.95257,1000000000.0,0.8,2.52964e-09,9.99859e-18,0.94324
16,11223080000000,306645,0.133659,0.144,7.4817,6.94444,1000000000.0,0.8,4.44444e-09,3.08642e-17,0.716706
16,11223081000000,307645,0.135172,0.599,7.39798,1.66945,1000000000.0,0.8,1.06845e-09,1.7837200000000002e-18,0.361315
16,11223082000000,308645,0.135194,0.142,7.39677,7.04225,1000000000.0,0.8,4.50704e-09,3.17397e-17,0.56913
16,11223083000000,309645,0.135026,0.083,7.406,12.0482,1000000000.0,0.8,7.71084e-09,9.29017e-17,0.722791
16,11223084000000,310645,0.136432,0.572,7.32964,1.74825,1000000000.0,0.8,1.11888e-09,1.9560900000000002e-18,0.682865
16,11223085000000,311645,0.13636,0.114,7.33351,8.77193,1000000000.0,0.8,5.61404e-09,4.92459e-17,0.500483
16,11223086000000,312645,0.137047,0.351,7.29678,2.849,1000000000.0,0.8,1.82336e-09,5.1947600000000005e-18,0.471764
16,11223087000000,313645,0.13755,0.295,7.27006,3.38983,1000000000.0,0.8,2.16949e-09,7.35421e-18,0.599661
16,11223088000000,314645,0.137584,0.148,7.26831,6.75676,1000000000.0,0.8,4.32432e-09,2.92184e-17,0.555407
16,11223089000000,315645,0.138931,0.563,7.1978,1.7762,1000000000.0,0.8,1.13677e-09,2.01912e-18,0.482148
16,11223090000000,316645,0.138894,0.127,7.19975,7.87402,1000000000.0,0.8,5.03937e-09,3.96801e-17,0.832191
16,11223091000000,317645,0.138686,0.073,7.21052,13.6986,1000000000.0,0.8,8.76712e-09,1.20098e-16,0.498845
16,11223092000000,318645,0.140212,0.625,7.13203,1.6,1000000000.0,0.8,1.024e-09,1.6384e-18,0.589589
16,11223093000000,319645,0.140237,0.148,7.13079,6.75676,1000000000.0,0.8,4.32432e-09,2.92184e-17,0.33126
16,11223094000000,320645,0.14066,0.276,7.10933,3.62319,1000000000.0,0.8,2.31884e-09,8.4016e-18,0.500852
16,11223095000000,321645,0.141317,0.352,7.07627,2.84091,1000000000.0,0.8,1.81818e-09,5.165290000000001e-18,0.73212
16,11223096000000,322645,0.141233,0.114,7.08052,8.77193,1000000000.0,0.8,5.61404e-09,4.92459e-17,0.498174
16,11223097000000,323645,0.14244,0.532,7.0205,1.8797,1000000000.0,0.8,1.20301e-09,2.2612900000000003e-18,0.456701
16,11223098000000,324645,0.142352,0.114,7.02482,8.77193,1000000000.0,0.8,5.61404e-09,4.92459e-17,0.921735
16,11223099000000,325645,0.14237,0.148,7.02396,6.75676,1000000000.0,0.8,4.32432e-09,2.92184e-17,0.426341
16,11223100000000,326645,0.143856,0.628,6.95137,1.59236,1000000000.0,0.8,1.01911e-09,1.62278e-18,0.415031
16,11223101000000,327645,0.143765,0.114,6.95578,8.77193,1000000000.0,0.8,5.61404e-09,4.92459e-17,0.425042
16,11223102000000,328645,0.144079,0.247,6.94061,4.04858,1000000000.0,0.8,2.59109e-09,1.04903e-17,0.453893
16,11223103000000,329645,0.144853,0.399,6.90356,2.50627,1000000000.0,0.8,1.60401e-09,4.0200800000000004e-18,0.555578
16,11223104000000,330645,0.144862,0.148,6.90311,6.75676,1000000000.0,0.8,4.32432e-09,2.92184e-17,0.31958
16,11223105000000,331645,0.14581,0.459,6.85826,2.17865,1000000000.0,0.8,1.39434e-09,3.03777e-18,0.514946
16,11223106000000,332645,0.145879,0.169,6.85498,5.91716,1000000000.0,0.8,3.78698e-09,2.24082e-17,0.706306
16,11223107000000,333645,0.145784,0.114,6.85948,8.77193,1000000000.0,0.8,5.61404e-09,4.92459e-17,0.900806
16,11223108000000,334645,0.147278,0.646,6.78986,1.54799,1000000000.0,0.8,9.90712e-10,1.5336100000000002e-18,0.368516
16,11223109000000,335645,0.147281,0.148,6.78976,6.75676,1000000000.0,0.8,4.32432e-09,2.92184e-17,0.414387
16,11223110000000,336645,0.147321,0.161,6.78788,6.21118,1000000000.0,0.8,3.97516e-09,2.46904e-17,0.533767
16,11223111000000,337645,0.148268,0.467,6.74454,2.14133,1000000000.0,0.8,1.37045e-09,2.9345800000000003e-18,1.05714
16,11223112000000,338645,0.148167,0.114,6.74914,8.77193,1000000000.0,0.8,5.61404e-09,4.92459e-17,0.374145
16,11223113000000,339645,0.148994,0.429,6.71169,2.331,1000000000.0,0.8,1.49184e-09,3.4774900000000004e-18,0.436524
16,11223114000000,340126,0.149468,0.484407,6.69039,2.06438,1000000000.0,0.8,1.3212e-09,2.7274600000000002e-18,0.463292
16,11223115000000,340126,0.149468,,6.69039,0.0,1000000000.0,0.8,0.0,0.0,0.0
17,10205500000000,15545,0.0605983,0.0605983,16.5021,16.5021,4000000000.0,1.0,4.12553e-09,1.702e-17,0.0
17,10205501000000,19545,0.0812996,0.16175,12.3002,6.18238,4000000000.0,1.0,1.5456e-09,2.3888600000000003e-18,4.0
17,10205502000000,21545,0.0744952,0.008,13.4237,125.0,2000000000.0,0.9,5.0625e-08,3.16406e-15,0.764888
17,11206193000000,40292,0.0563884,0.035579,17.7342,28.1064,4000000000.0,1.0,7.02661e-09,4.93733e-17,0.999714
17,11206194000000,42292,0.0537217,0.0,18.6144,0.0,2000000000.0,0.9,0.0,0.0,0.787794
17,11206195000000,43075,0.0527916,0.00255428,18.9424,391.5,1000000000.0,0.8,2.5056e-07,9.80942e-14,2.62472e-06
17,11222906000000,45155,0.0508914,0.0115385,19.6497,86.6667,1000000000.0,0.8,5.54667e-08,4.80711e-15,0.0
17,11222907000000,49155,0.0485403,0.022,20.6014,45.4545,4000000000.0,1.0,1.13636e-08,1.29132e-16,4.0
17,11222908000000,53155,0.0453955,0.00675,22.0286,148.148,4000000000.0,1.0,3.7037e-08,1.37174e-15,4.0
17,11222909000000,57155,0.0451054,0.04125,22.1703,24.2424,4000000000.0,1.0,6.06061e-09,3.67309e-17,3.1832
17,11222910000000,59155,0.0439861,0.012,22.7344,83.3333,2000000000.0,0.9,3.375e-08,1.40625e-15,1.84356
17,11222911000000,60155,0.0460477,0.168,21.7166,5.95238,1000000000.0,0.8,3.80952e-09,2.26757e-17,0.861538
17,11222912000000,62155,0.0449521,0.012,22.2459,83.3333,2000000000.0,0.9,3.375e-08,1.40625e-15,1.1318
17,11222913000000,63155,0.0453804,0.072,22.0359,13.8889,1000000000.0,0.8,8.88889e-09,1.23457e-16,0.861538
17,11222914000000,67155,0.0441069,0.024,22.6722,41.6667,4000000000.0,1.0,1.04167e-08,1.08507e-16,3.28058
17,11222915000000,69155,0.0431784,0.012,23.1597,83.3333,2000000000.0,0.9,3.375e-08,1.40625e-15,1.63321
17,11222916000000,71155,0.0443258,0.084,22.5602,11.9048,2000000000.0,0.9,4.82143e-09,2.8699e-17,0.861538
17,11222917000000,75155,0.0422859,0.006,23.6485,166.667,4000000000.0,1.0,4.16667e-08,1.73611e-15,1.48351
17,11222918000000,77155,0.0433672,0.084,23.0589,11.9048,2000000000.0,0.9,4.82143e-09,2.8699e-17,0.923077
17,11222919000000,81155,0.0415255,0.006,24.0816,166.667,4000000000.0,1.0,4.16667e-08,1.73611e-15,1.48351
17,11222920000000,83155,0.0425471,0.084,23.5034,11.9048,2000000000.0,0.9,4.82143e-09,2.8699e-17,0.923077
17,11222921000000,87155,0.040732,0.003,24.5507,333.333,4000000000.0,1.0,8.33333e-08,6.94444e-15,1.51445
17,11222922000000,88155,0.04027,0.0,24.8324,0.0,1000000000.0,0.8,0.0,0.0,0.434932
17,11222923000000,90155,0.0413732,0.09,24.1702,11.1111,2000000000.0,0.9,4.5e-09,2.5e-17,0.086524
17,11222924000000,94155,0.039743,0.003,25.1617,333.333,4000000000.0,1.0,8.33333e-08,6.94444e-15,1.51907
17,11222925000000,95155,0.041217,0.18,24.2619,5.55556,1000000000.0,0.8,3.55556e-09,1.97531e-17,0.461538
17,11222926000000,99155,0.0396753,0.003,25.2046,333.333,4000000000.0,1.0,8.33333e-08,6.94444e-15,1.14263
17,11222927000000,100155,0.0410763,0.18,24.3449,5.55556,1000000000.0,0.8,3.55556e-09,1.97531e-17,0.461538
17,11222928000000,104155,0.039614,0.003,25.2436,333.333,4000000000.0,1.0,8.33333e-08,6.94444e-15,1.14263
17,11222929000000,105155,0.0395036,0.028,25.3142,35.7143,1000000000.0,0.8,2.28571e-08,8.16327e-16,0.461538
17,11222930000000,107155,0.0401848,0.076,24.885,13.1579,2000000000.0,0.9,5.32895e-09,3.50589e-17,1.06145
17,11222931000000,109155,0.0396684,0.012,25.209,83.3333,2000000000.0,0.9,3.375e-08,1.40625e-15,0.790234
17,11222932000000,111155,0.040466,0.084,24.7121,11.9048,2000000000.0,0.9,4.82143e-09,2.8699e-17,0.861538
17,11222933000000,115155,0.0392688,0.006,25.4655,166.667,4000000000.0,1.0,4.16667e-08,1.73611e-15,1.48351
17,11222934000000,117155,0.0400324,0.084,24.9797,11.9048,2000000000.0,0.9,4.82143e-09,2.8699e-17,0.923077
17,11222935000000,121155,0.0389088,0.006,25.7011,166.667,4000000000.0,1.0,4.16667e-08,1.73611e-15,1.48351
17,11222936000000,123155,0.0393731,0.0675,25.398,14.8148,2000000000.0,0.9,6e-09,4.44444e-17,0.923077
17,11222937000000,127155,0.0383941,0.00825,26.0457,121.212,4000000000.0,1.0,3.0303e-08,9.18274e-16,1.59622
17,11222938000000,131155,0.0374061,0.006,26.7336,166.667,4000000000.0,1.0,4.16667e-08,1.73611e-15,1.84629
17,11222939000000,133155,0.038106,0.084,26.2426,11.9048,2000000000.0,0.9,4.82143e-09,2.8699e-17,0.923077
17,11222940000000,137155,0.0370821,0.003,26.9672,333.333,4000000000.0,1.0,8.33333e-08,6.94444e-15,1.51445
17,11222941000000,139155,0.0378427,0.09,26.4252,11.1111,2000000000.0,0.9,4.5e-09,2.5e-17,0.499548
17,11222942000000,143155,0.0368691,0.003,27.123,333.333,4000000000.0,1.0,8.33333e-08,6.94444e-15,1.52678
17,11222943000000,145155,0.0376012,0.09,26.5949,11.1111,2000000000.0,0.9,4.5e-09,2.5e-17,0.499548
17,11222944000000,149155,0.0366733,0.003,27.2678,333.333,4000000000.0,1.0,8.33333e-08,6.94444e-15,1.52147
17,11222945000000,153155,0.0357155,0.0,27.9991,0.0,4000000000.0,1.0,0.0,0.0,0.600112
17,11222946000000,154155,0.0366514,0.18,27.2841,5.55556,1000000000.0,0.8,3.55556e-09,1.97531e-17,0.0646165
17,11222947000000,158155,0.0358003,0.003,27.9327,333.333,4000000000.0,1.0,8.33333e-08,6.94444e-15,1.13964
17,11222948000000,159155,0.0367064,0.18,27.2432,5.55556,1000000000.0,0.8,3.55556e-09,1.97531e-17,0.461538
17,11222949000000,163155,0.03588,0.003,27.8707,333.333,4000000000.0,1.0,8.33333e-08,6.94444e-15,1.14263
17,11222950000000,164155,0.0367579,0.18,27.205,5.55556,1000000000.0,0.8,3.55556e-09,1.97531e-17,0.461538
17,11222951000000,168155,0.0358836,0.0,27.8679,0.0,4000000000.0,1.0,0.0,0.0,1.14263
17,11222952000000,169155,0.0357424,0.012,27.978,83.3333,1000000000.0,0.8,5.33333e-08,4.44444e-15,1.52541e-11
17,11222953000000,173155,0.0370651,0.093,26.9796,10.7527,4000000000.0,1.0,2.68817e-09,7.22627e-18,3.19508
17,11222954000000,175155,0.0372756,0.0555,26.8272,18.018,2000000000.0,0.9,7.2973e-09,6.57414e-17,4.26496
17,11222955000000,177155,0.0403376,0.3085,24.7908,3.24149,2000000000.0,0.9,1.3128e-09,2.12772e-18,2.95733
17,11222956000000,178155,0.0407398,0.112,24.546,8.92857,1000000000.0,0.8,5.71429e-09,5.10204e-17,0.435484
17,11222957000000,179155,0.0411431,0.113,24.3054,8.84956,1000000000.0,0.8,5.66372e-09,5.01214e-17,0.457282
17,11222958000000,180155,0.0439066,0.539,22.7756,1.85529,1000000000.0,0.8,1.18738e-09,2.20294e-18,1.44034
17,11222959000000,181155,0.0442936,0.114,22.5766,8.77193,1000000000.0,0.8,5.61404e-09,4.92459e-17,0.752683
17,11222960000000,182155,0.0459334,0.343,21.7706,2.91545,1000000000.0,0.8,1.86589e-09,5.43991e-18,0.159355
17,11222961000000,183155,0.0473806,0.311,21.1057,3.21543,1000000000.0,0.8,2.05788e-09,6.61697e-18,0.86797
17,11222962000000,184155,0.0477424,0.114,20.9457,8.77193,1000000000.0,0.8,5.61404e-09,4.92459e-17,0.618733
17,11222963000000,185155,0.0504766,0.554,19.8111,1.80505,1000000000.0,0.8,1.15523e-09,2.0852600000000003e-18,0.125556
17,11222964000000,186155,0.0507695,0.105,19.6969,9.52381,1000000000.0,0.8,6.09524e-09,5.80499e-17,0.815938
17,11222965000000,187155,0.0510807,0.109,19.5769,9.17431,1000000000.0,0.8,5.87156e-09,5.38675e-17,0.520843
17,11222966000000,188155,0.054285,0.654,18.4213,1.52905,1000000000.0,0.8,9.78593e-10,1.4963200000000001e-18,0.188807
17,11222967000000,189155,0.0546007,0.114,18.3148,8.77193,1000000000.0,0.8,5.61404e-09,4.92459e-17,0.658756
17,11222968000000,190155,0.0555389,0.233,18.0054,4.29185,1000000000.0,0.8,2.74678e-09,1.17888e-17,0.215398
17,11222969000000,191155,0.0574508,0.421,17.4062,2.3753,1000000000.0,0.8,1.52019e-09,3.6109e-18,0.795273
17,11222970000000,192155,0.057745,0.114,17.3175,8.77193,1000000000.0,0.8,5.61404e-09,4.92459e-17,0.435998
17,11222971000000,193155,0.0597499,0.445,16.7364,2.24719,1000000000.0,0.8,1.4382e-09,3.2319200000000004e-18,0.138553
17,11222972000000,194155,0.0605187,0.209,16.5238,4.78469,1000000000.0,0.8,3.0622e-09,1.46517e-17,0.780594
17,11222973000000,195155,0.0607927,0.114,16.4493,8.77193,1000000000.0,0.8,5.61404e-09,4.92459e-17,0.403457
17,11222974000000,196155,0.0637353,0.638,15.6899,1.5674,1000000000.0,0.8,1.00313e-09,1.5723100000000002e-18,0.119873
17,11222975000000,197155,0.0640258,0.121,15.6187,8.26446,1000000000.0,0.8,5.28926e-09,4.37129e-17,0.721497
17,11222976000000,198155,0.0642578,0.11,15.5623,9.09091,1000000000.0,0.8,5.81818e-09,5.28926e-17,0.456151
17,11222977000000,199155,0.0667119,0.553,14.9898,1.80832,1000000000.0,0.8,1.15732e-09,2.0928100000000003e-18,1.12482
17,11222978000000,200155,0.0669481,0.114,14.9369,8.77193,1000000000.0,0.8,5.61404e-09,4.92459e-17,0.668885
17,11222979000000,201155,0.0682359,0.326,14.655,3.06748,1000000000.0,0.8,1.96319e-09,6.022060000000001e-18,0.16363
17,11222980000000,202155,0.0695209,0.328,14.3842,3.04878,1000000000.0,0.8,1.95122e-09,5.948840000000001e-18,0.90412
17,11222981000000,203155,0.0697399,0.114,14.339,8.77193,1000000000.0,0.8,5.61404e-09,4.92459e-17,0.451193
17,11222982000000,204155,0.0720482,0.541,13.8796,1.84843,1000000000.0,0.8,1.18299e-09,2.1866800000000002e-18,0.126902
17,11222983000000,205155,0.0722478,0.113,13.8412,8.84956,1000000000.0,0.8,5.66372e-09,5.01214e-17,0.850467
17,11222984000000,206155,0.0724503,0.114,13.8026,8.77193,1000000000.0,0.8,5.61404e-09,4.92459e-17,0.584868
17,11222985000000,207155,0.0752577,0.654,13.2877,1.52905,1000000000.0,0.8,9.78593e-10,1.4963200000000001e-18,0.410462
17,11222986000000,208155,0.0754438,0.114,13.2549,8.77193,1000000000.0,0.8,5.61404e-09,4.92459e-17,0.671542
17,11222987000000,209155,0.0761254,0.218,13.1362,4.58716,1000000000.0,0.8,2.93578e-09,1.34669e-17,0.229225
17,11222988000000,210155,0.0778378,0.436,12.8472,2.29358,1000000000.0,0.8,1.46789e-09,3.3667200000000002e-18,0.798457
17,11222989000000,211155,0.078009,0.114,12.819,8.77193,1000000000.0,0.8,5.61404e-09,4.92459e-17,0.53216
17,11222990000000,212155,0.0796587,0.428,12.5536,2.33645,1000000000.0,0.8,1.49533e-09,3.49375e-18,0.140808
17,11222991000000,213155,0.0803453,0.226,12.4463,4.42478,1000000000.0,0.8,2.83186e-09,1.25303e-17,0.776193
17,11222992000000,214155,0.0805024,0.114,12.422,8.77193,1000000000.0,0.8,5.61404e-09,4.92459e-17,0.30051
17,11222993000000,215155,0.083061,0.631,12.0393,1.58479,1000000000.0,0.8,1.01426e-09,1.60739e-18,0.120657
17,11222994000000,216155,0.0832412,0.122,12.0133,8.19672,1000000000.0,0.8,5.2459e-09,4.29992e-17,0.749005
17,11222995000000,217155,0.0832907,0.094,12.0061,10.6383,1000000000.0,0.8,6.80851e-09,7.2431e-17,0.476263
17,11222996000000,218155,0.0855447,0.575,11.6898,1.73913,1000000000.0,0.8,1.11304e-09,1.93573e-18,0.547886
17,11222997000000,219155,0.0856745,0.114,11.6721,8.77193,1000000000.0,0.8,5.61404e-09,4.92459e-17,0.624646
17,11222998000000,220155,0.086698,0.311,11.5343,3.21543,1000000000.0,0.8,2.05788e-09,6.61697e-18,0.168893
17,11222999000000,222155,0.0874795,0.1735,11.4313,5.76369,2000000000.0,0.9,2.33429e-09,6.72707e-18,0.902643
17,11223000000000,223155,0.0876162,0.118,11.4134,8.47458,1000000000.0,0.8,5.42373e-09,4.59638e-17,0.54949
17,11223001000000,224155,0.0900225,0.627,11.1083,1.5949,1000000000.0,0.8,1.02073e-09,1.6279600000000002e-18,0.142687
17,11223002000000,226155,0.0900356,0.0915,11.1067,10.929,2000000000.0,0.9,4.42623e-09,2.4187e-17,0.726151
17,11223003000000,228155,0.0898118,0.0645,11.1344,15.5039,2000000000.0,0.9,6.27907e-09,4.8675e-17,0.80648
17,11223004000000,229155,0.0914752,0.471,10.9319,2.12314,1000000000.0,0.8,1.35881e-09,2.8849500000000002e-18,2.85853
17,11223005000000,231155,0.0910947,0.0475,10.9776,21.0526,2000000000.0,0.9,8.52632e-09,8.97507e-17,0.737214
17,11223006000000,232155,0.0908919,0.044,11.0021,22.7273,1000000000.0,0.8,1.45455e-08,3.30579e-16,0.455229
17,11223007000000,233155,0.0909395,0.102,10.9963,9.80392,1000000000.0,0.8,6.27451e-09,6.15148e-17,2.39162
17,11223008000000,234155,0.0910423,0.115,10.9839,8.69565,1000000000.0,0.8,5.56522e-09,4.83932e-17,0.114768
17,11223009000000,235155,0.0911654,0.12,10.9691,8.33333,1000000000.0,0.8,5.33333e-09,4.44444e-17,0.313772
17,11223010000000,236155,0.0908471,0.016,11.0075,62.5,1000000000.0,0.8,4e-08,2.5e-15,0.216103
17,11223011000000,237155,0.0911514,0.163,10.9708,6.13497,1000000000.0,0.8,3.92638e-09,2.40882e-17,0.465757
17,11223012000000,238155,0.0912179,0.107,10.9628,9.34579,1000000000.0,0.8,5.98131e-09,5.59001e-17,0.522599
17,11223013000000,239155,0.0929021,0.494,10.764,2.02429,1000000000.0,0.8,1.29555e-09,2.62256e-18,0.956675
17,11223014000000,240155,0.0930066,0.118,10.7519,8.47458,1000000000.0,0.8,5.42373e-09,4.59638e-17,0.654732
17,11223015000000,241155,0.0942506,0.393,10.61,2.54453,1000000000.0,0.8,1.6285e-09,4.1437600000000005e-18,0.169349
17,11223016000000,242155,0.0949516,0.264,10.5317,3.78788,1000000000.0,0.8,2.42424e-09,9.18274e-18,0.766737
17,11223017000000,243155,0.0950505,0.119,10.5207,8.40336,1000000000.0,0.8,5.37815e-09,4.51945e-17,0.424528
17,11223018000000,244155,0.0971924,0.618,10.2889,1.61812,1000000000.0,0.8,1.0356e-09,1.67573e-18,0.139267
17,11223019000000,245155,0.0969346,0.034,10.3162,29.4118,1000000000.0,0.8,1.88235e-08,5.53633e-16,0.775951
17,11223020000000,246155,0.097012,0.116,10.308,8.62069,1000000000.0,0.8,5.51724e-09,4.75624e-17,0.140325
17,11223021000000,247155,0.0992454,0.649,10.076,1.54083,1000000000.0,0.8,9.86133e-10,1.5194600000000002e-18,0.208519
17,11223022000000,248155,0.0992928,0.111,10.0712,9.00901,1000000000.0,0.8,5.76577e-09,5.19438e-17,0.608487
17,11223023000000,249155,0.0998535,0.239,10.0147,4.1841,1000000000.0,0.8,2.67782e-09,1.12043e-17,0.306958
17,11223024000000,250155,0.101125,0.418,9.88872,2.39234,1000000000.0,0.8,1.5311e-09,3.66292e-18,0.765461
17,11223025000000,251155,0.101165,0.111,9.88488,9.00901,1000000000.0,0.8,5.76577e-09,5.19438e-17,0.519206
17,11223026000000,252155,0.102576,0.457,9.74889,2.18818,1000000000.0,0.8,1.40044e-09,3.06441e-18,0.128696
17,11223027000000,253155,0.102961,0.2,9.71245,5.0,1000000000.0,0.8,3.2e-09,1.6e-17,0.765947
17,11223028000000,254155,0.103024,0.119,9.7065,8.40336,1000000000.0,0.8,5.37815e-09,4.51945e-17,0.351794
17,11223029000000,255155,0.105152,0.646,9.51006,1.54799,1000000000.0,0.8,9.90712e-10,1.5336100000000002e-18,0.14797
17,11223030000000,256155,0.105186,0.114,9.50694,8.77193,1000000000.0,0.8,5.61404e-09,4.92459e-17,0.628068
17,11223031000000,257155,0.105345,0.146,9.49262,6.84932,1000000000.0,0.8,4.38356e-09,3.00244e-17,0.427292
17,11223032000000,258155,0.106916,0.511,9.3531,1.95695,1000000000.0,0.8,1.25245e-09,2.4509700000000003e-18,1.21716
17,11223033000000,259155,0.106932,0.111,9.35172,9.00901,1000000000.0,0.8,5.76577e-09,5.19438e-17,0.520598
17,11223034000000,260155,0.107951,0.372,9.26346,2.68817,1000000000.0,0.8,1.72043e-09,4.624810000000001e-18,0.186591
17,11223035000000,261155,0.108629,0.285,9.20565,3.50877,1000000000.0,0.8,2.24561e-09,7.879350000000001e-18,0.833412
17,11223036000000,262155,0.108638,0.111,9.20488,9.00901,1000000000.0,0.8,5.76577e-09,5.19438e-17,0.598672
17,11223037000000,263155,0.110471,0.591,9.05215,1.69205,1000000000.0,0.8,1.08291e-09,1.83234e-18,0.277839
17,11223038000000,264155,0.110515,0.122,9.04857,8.19672,1000000000.0,0.8,5.2459e-09,4.29992e-17,0.836002
17,11223039000000,265155,0.110369,0.072,9.06048,13.8889,1000000000.0,0.8,8.88889e-09,1.23457e-16,0.429846
17,11223040000000,266155,0.112359,0.64,8.90002,1.5625,1000000000.0,0.8,1e-09,1.5625e-18,0.443477
17,11223041000000,267155,0.112384,0.119,8.89805,8.40336,1000000000.0,0.8,5.37815e-09,4.51945e-17,0.432721
17,11223042000000,268155,0.11302,0.283,8.84796,3.53357,1000000000.0,0.8,2.26148e-09,7.99111e-18,0.241003
17,11223043000000,269155,0.11396,0.366,8.77498,2.73224,1000000000.0,0.8,1.74863e-09,4.777690000000001e-18,0.938335
17,11223044000000,270155,0.113979,0.119,8.77355,8.40336,1000000000.0,0.8,5.37815e-09,4.51945e-17,0.494784
17,11223045000000,271155,0.115428,0.507,8.66338,1.97239,1000000000.0,0.8,1.26233e-09,2.4898e-18,0.231014
17,11223046000000,272155,0.115526,0.142,8.65605,7.04225,1000000000.0,0.8,4.50704e-09,3.17397e-17,0.882392
17,11223047000000,273155,0.11551,0.111,8.6573,9.00901,1000000000.0,0.8,5.76577e-09,5.19438e-17,0.319713
17,11223048000000,274155,0.117485,0.657,8.51175,1.52207,1000000000.0,0.8,9.74125e-10,1.48269e-18,0.163537
17,11223049000000,275155,0.117461,0.111,8.51346,9.00901,1000000000.0,0.8,5.76577e-09,5.19438e-17,0.612916
17,11223050000000,276155,0.117753,0.198,8.49237,5.05051,1000000000.0,0.8,3.23232e-09,1.63249e-17,0.287755
17,11223051000000,277155,0.118984,0.459,8.40449,2.17865,1000000000.0,0.8,1.39434e-09,3.03777e-18,0.900062
17,11223052000000,278155,0.118955,0.111,8.40652,9.00901,1000000000.0,0.8,5.76577e-09,5.19438e-17,0.583941
17,11223053000000,279155,0.120034,0.42,8.331,2.38095,1000000000.0,0.8,1.52381e-09,3.62812e-18,0.223291
17,11223054000000,280155,0.120451,0.237,8.30212,4.21941,1000000000.0,0.8,2.70042e-09,1.13942e-17,0.674967
17,11223055000000,281155,0.120418,0.111,8.30444,9.00901,1000000000.0,0.8,5.76577e-09,5.19438e-17,0.499491
17,11223056000000,282155,0.122234,0.633,8.18101,1.57978,1000000000.0,0.8,1.01106e-09,1.5972500000000001e-18,0.159205
17,11223057000000,283155,0.122248,0.126,8.18012,7.93651,1000000000.0,0.8,5.07937e-09,4.03124e-17,0.7233
17,11223058000000,284155,0.122173,0.101,8.18513,9.90099,1000000000.0,0.8,6.33663e-09,6.27389e-17,0.413653
17,11223059000000,285155,0.123726,0.565,8.0824,1.76991,1000000000.0,0.8,1.13274e-09,2.0048600000000003e-18,1.05796
17,11223060000000,286155,0.123681,0.111,8.0853,9.00901,1000000000.0,0.8,5.76577e-09,5.19438e-17,0.544268
17,11223061000000,287155,0.124152,0.259,8.05461,3.861,1000000000.0,0.8,2.47104e-09,9.5407e-18,0.154065
17,11223062000000,288155,0.125759,0.587,7.95174,1.70358,1000000000.0,0.8,1.09029e-09,1.85739e-18,0.751026
17,11223063000000,289155,0.126112,0.228,7.92944,4.38596,1000000000.0,0.8,2.80702e-09,1.23115e-17,0.232117
17,11223064000000,290155,0.125964,0.083,7.93879,12.0482,1000000000.0,0.8,7.71084e-09,9.29017e-17,0.217451
17,11223065000000,291155,0.127733,0.641,7.82885,1.56006,1000000000.0,0.8,9.9844e-10,1.55763e-18,0.123764
17,11223066000000,292155,0.127802,0.148,7.8246,6.75676,1000000000.0,0.8,4.32432e-09,2.92184e-17,0.592253
17,11223067000000,293155,0.127997,0.185,7.81267,5.40541,1000000000.0,0.8,3.45946e-09,1.86998e-17,0.410423
17,11223068000000,294155,0.129068,0.443,7.74785,2.25734,1000000000.0,0.8,1.4447e-09,3.2611600000000003e-18,1.12757
17,11223069000000,295155,0.129017,0.114,7.75092,8.77193,1000000000.0,0.8,5.61404e-09,4.92459e-17,0.37491
17,11223070000000,296155,0.130077,0.443,7.68774,2.25734,1000000000.0,0.8,1.4447e-09,3.2611600000000003e-18,0.174968
17,11223071000000,297155,0.130323,0.203,7.67327,4.92611,1000000000.0,0.8,3.15271e-09,1.55306e-17,0.698219
17,11223072000000,298155,0.130382,0.148,7.66978,6.75676,1000000000.0,0.8,4.32432e-09,2.92184e-17,0.293005
17,11223073000000,299155,0.132025,0.622,7.57431,1.60772,1000000000.0,0.8,1.02894e-09,1.6542400000000001e-18,0.31012
17,11223074000000,300155,0.131985,0.12,7.57661,8.33333,1000000000.0,0.8,5.33333e-09,4.44444e-17,0.447297
17,11223075000000,301155,0.132062,0.155,7.57223,6.45161,1000000000.0,0.8,4.12903e-09,2.66389e-17,0.400595
17,11223076000000,302155,0.133249,0.491,7.50472,2.03666,1000000000.0,0.8,1.30346e-09,2.6547100000000003e-18,1.08955
17,11223077000000,303155,0.133298,0.148,7.50198,6.75676,1000000000.0,0.8,4.32432e-09,2.92184e-17,0.556871
17,11223078000000,304155,0.13408,0.371,7.45825,2.69542,1000000000.0,0.8,1.72507e-09,4.64978e-18,0.410803
17,11223079000000,305155,0.134469,0.253,7.43664,3.95257,1000000000.0,0.8,2.52964e-09,9.99859e-18,1.086
17,11223080000000,306155,0.1345,0.144,7.43492,6.94444,1000000000.0,0.8,4.44444e-09,3.08642e-17,0.644996
17,11223081000000,307155,0.136013,0.599,7.35225,1.66945,1000000000.0,0.8,1.06845e-09,1.7837200000000002e-18,0.208536
17,11223082000000,308155,0.136032,0.142,7.3512,7.04225,1000000000.0,0.8,4.50704e-09,3.17397e-17,0.566181
17,11223083000000,309155,0.135861,0.083,7.36048,12.0482,1000000000.0,0.8,7.71084e-09,9.29017e-17,0.582632
17,11223084000000,310155,0.137267,0.572,7.28508,1.74825,1000000000.0,0.8,1.11888e-09,1.9560900000000002e-18,0.72814
17,11223085000000,311155,0.137192,0.114,7.28905,8.77193,1000000000.0,0.8,5.61404e-09,4.92459e-17,0.530316
17,11223086000000,312155,0.137877,0.351,7.25284,2.849,1000000000.0,0.8,1.82336e-09,5.1947600000000005e-18,0.234254
17,11223087000000,313155,0.138379,0.295,7.22654,3.38983,1000000000.0,0.8,2.16949e-09,7.35421e-18,0.912534
17,11223088000000,314155,0.138409,0.148,7.22494,6.75676,1000000000.0,0.8,4.32432e-09,2.92184e-17,0.523139
17,11223089000000,315155,0.139757,0.563,7.1553,1.7762,1000000000.0,0.8,1.13677e-09,2.01912e-18,0.356661
17,11223090000000,316155,0.139716,0.127,7.15736,7.87402,1000000000.0,0.8,5.03937e-09,3.96801e-17,0.848971
17,11223091000000,317155,0.139506,0.073,7.16815,13.6986,1000000000.0,0.8,8.76712e-09,1.20098e-16,0.453442
17,11223092000000,318155,0.141032,0.625,7.0906,1.6,1000000000.0,0.8,1.024e-09,1.6384e-18,0.385047
17,11223093000000,319155,0.141054,0.148,7.0895,6.75676,1000000000.0,0.8,4.32432e-09,2.92184e-17,0.296354
17,11223094000000,320155,0.141475,0.276,7.06838,3.62319,1000000000.0,0.8,2.31884e-09,8.4016e-18,0.378052
17,11223095000000,321155,0.142131,0.352,7.03578,2.84091,1000000000.0,0.8,1.81818e-09,5.165290000000001e-18,0.910642
17,11223096000000,322155,0.142043,0.114,7.0401,8.77193,1000000000.0,0.8,5.61404e-09,4.92459e-17,0.417961
17,11223097000000,323155,0.14325,0.532,6.9808,1.8797,1000000000.0,0.8,1.20301e-09,2.2612900000000003e-18,0.235789
17,11223098000000,324155,0.14316,0.114,6.9852,8.77193,1000000000.0,0.8,5.61404e-09,4.92459e-17,0.894614
17,11223099000000,325155,0.143175,0.148,6.98447,6.75676,1000000000.0,0.8,4.32432e-09,2.92184e-17,0.27551
17,11223100000000,326155,0.144661,0.628,6.9127,1.59236,1000000000.0,0.8,1.01911e-09,1.62278e-18,0.338783
17,11223101000000,327155,0.144568,0.114,6.91718,8.77193,1000000000.0,0.8,5.61404e-09,4.92459e-17,0.444471
17,11223102000000,328155,0.14488,0.247,6.90228,4.04858,1000000000.0,0.8,2.59109e-09,1.04903e-17,0.264297
17,11223103000000,329155,0.145652,0.399,6.86569,2.50627,1000000000.0,0.8,1.60401e-09,4.0200800000000004e-18,0.74827
17,11223104000000,330155,0.145659,0.148,6.86536,6.75676,1000000000.0,0.8,4.32432e-09,2.92184e-17,0.287041
17,11223105000000,331155,0.146605,0.459,6.82105,2.17865,1000000000.0,0.8,1.39434e-09,3.03777e-18,0.368371
17,11223106000000,332155,0.146672,0.169,6.81791,5.91716,1000000000.0,0.8,3.78698e-09,2.24082e-17,0.860944
17,11223107000000,333155,0.146574,0.114,6.82247,8.77193,1000000000.0,0.8,5.61404e-09,4.92459e-17,0.817758
17,11223108000000,334155,0.148069,0.646,6.75361,1.54799,1000000000.0,0.8,9.90712e-10,1.5336100000000002e-18,0.265043
17,11223109000000,335155,0.148069,0.148,6.75362,6.75676,1000000000.0,0.8,4.32432e-09,2.92184e-17,0.586903
17,11223110000000,336155,0.148107,0.161,6.75186,6.21118,1000000000.0,0.8,3.97516e-09,2.46904e-17,0.441475
17,11223111000000,337155,0.149053,0.467,6.70902,2.14133,1000000000.0,0.8,1.37045e-09,2.9345800000000003e-18,1.25773
17,11223112000000,338155,0.148949,0.114,6.71369,8.77193,1000000000.0,0.8,5.61404e-09,4.92459e-17,0.474579
17,11223113000000,339155,0.149775,0.429,6.67667,2.331,1000000000.0,0.8,1.49184e-09,3.4774900000000004e-18,0.229257
17,11223114000000,339636,0.150249,0.484407,6.65561,2.06438,1000000000.0,0.8,1.3212e-09,2.7274600000000002e-18,0.712567
17,11223115000000,339636,0.150249,,6.65561,0.0,1000000000.0,0.8,0.0,0.0,0.0
18,10205500000000,15545,0.0616919,0.0616919,16.2096,16.2096,4000000000.0,1.0,4.0524e-09,1.64219e-17,0.0
18,10205501000000,19545,0.0812996,0.1575,12.3002,6.34921,4000000000.0,1.0,1.5873e-09,2.5195300000000003e-18,4.0
18,10205502000000,21545,0.0744952,0.008,13.4237,125.0,2000000000.0,0.9,5.0625e-08,3.16406e-15,0.675188
18,11206193000000,40012,0.0675797,0.0595116,14.7973,16.8035,4000000000.0,1.0,4.20086e-09,1.76473e-17,0.9998
18,11206194000000,42012,0.0643626,0.0,15.537,0.0,2000000000.0,0.9,0.0,0.0,0.781005
18,11206195000000,42445,0.0637531,0.00461894,15.6855,216.5,1000000000.0,0.8,1.3856e-07,2.99982e-14,1.28611e-06
18,11222906000000,44525,0.0613139,0.0115385,16.3095,86.6667,1000000000.0,0.8,5.54667e-08,4.80711e-15,0.0
18,11222907000000,48525,0.0580732,0.022,17.2197,45.4545,4000000000.0,1.0,1.13636e-08,1.29132e-16,4.0
18,11222908000000,52525,0.0541647,0.00675,18.4622,148.148,4000000000.0,1.0,3.7037e-08,1.37174e-15,4.0
18,11222909000000,56525,0.0532508,0.04125,18.7791,24.2424,4000000000.0,1.0,6.06061e-09,3.67309e-17,3.18318
18,11222910000000,58525,0.0518411,0.012,19.2897,83.3333,2000000000.0,0.9,3.375e-08,1.40625e-15,1.84434
18,11222911000000,59525,0.0537925,0.168,18.5899,5.95238,1000000000.0,0.8,3.80952e-09,2.26757e-17,0.861538
18,11222912000000,61525,0.052434,0.012,19.0716,83.3333,2000000000.0,0.9,3.375e-08,1.40625e-15,1.1318
18,11222913000000,62525,0.0527469,0.072,18.9585,13.8889,1000000000.0,0.8,8.88889e-09,1.23457e-16,0.861538
18,11222914000000,66525,0.0510184,0.024,19.6008,41.6667,4000000000.0,1.0,1.04167e-08,1.08507e-16,3.28131
18,11222915000000,68525,0.0498796,0.012,20.0483,83.3333,2000000000.0,0.9,3.375e-08,1.40625e-15,1.69709
18,11222916000000,70525,0.0508472,0.084,19.6668,11.9048,2000000000.0,0.9,4.82143e-09,2.8699e-17,0.861538
18,11222917000000,74525,0.0484401,0.006,20.644,166.667,4000000000.0,1.0,4.16667e-08,1.73611e-15,1.48351
18,11222918000000,76525,0.0493695,0.084,20.2554,11.9048,2000000000.0,0.9,4.82143e-09,2.8699e-17,0.923077
18,11222919000000,80525,0.0472152,0.006,21.1796,166.667,4000000000.0,1.0,4.16667e-08,1.73611e-15,1.48351
18,11222920000000,82525,0.0481066,0.084,20.7872,11.9048,2000000000.0,0.9,4.82143e-09,2.8699e-17,0.923077
18,11222921000000,86525,0.0460214,0.003,21.729,333.333,4000000000.0,1.0,8.33333e-08,6.94444e-15,1.51643
18,11222922000000,87525,0.0454956,0.0,21.9802,0.0,1000000000.0,0.8,0.0,0.0,0.45515
18,11222923000000,89525,0.0464898,0.09,21.5101,11.1111,2000000000.0,0.9,4.5e-09,2.5e-17,0.0207744
18,11222924000000,93525,0.0446298,0.003,22.4066,333.333,4000000000.0,1.0,8.33333e-08,6.94444e-15,1.52187
18,11222925000000,94525,0.0460619,0.18,21.7099,5.55556,1000000000.0,0.8,3.55556e-09,1.97531e-17,0.461538
18,11222926000000,98525,0.0443136,0.003,22.5664,333.333,4000000000.0,1.0,8.33333e-08,6.94444e-15,1.14263
18,11222927000000,99525,0.045677,0.18,21.8929,5.55556,1000000000.0,0.8,3.55556e-09,1.97531e-17,0.461538
18,11222928000000,103525,0.044028,0.003,22.7128,333.333,4000000000.0,1.0,8.33333e-08,6.94444e-15,1.14263
18,11222929000000,104525,0.0438747,0.028,22.7922,35.7143,1000000000.0,0.8,2.28571e-08,8.16327e-16,0.461538
18,11222930000000,106525,0.0444778,0.076,22.4831,13.1579,2000000000.0,0.9,5.32895e-09,3.50589e-17,1.06048
18,11222931000000,108525,0.0438793,0.012,22.7898,83.3333,2000000000.0,0.9,3.375e-08,1.40625e-15,1.07135
18,11222932000000,110525,0.0446053,0.084,22.4189,11.9048,2000000000.0,0.9,4.82143e-09,2.8699e-17,0.861538
18,11222933000000,114525,0.0432569,0.006,23.1177,166.667,4000000000.0,1.0,4.16667e-08,1.73611e-15,1.48351
18,11222934000000,116525,0.0439562,0.084,22.7499,11.9048,2000000000.0,0.9,4.82143e-09,2.8699e-17,0.923077
18,11222935000000,120525,0.0426965,0.006,23.4211,166.667,4000000000.0,1.0,4.16667e-08,1.73611e-15,1.48351
18,11222936000000,122525,0.0431014,0.0675,23.2011,14.8148,2000000000.0,0.9,6e-09,4.44444e-17,0.923077
18,11222937000000,126525,0.0419996,0.00825,23.8097,121.212,4000000000.0,1.0,3.0303e-08,9.18274e-16,1.59622
18,11222938000000,130525,0.0408964,0.006,24.452,166.667,4000000000.0,1.0,4.16667e-08,1.73611e-15,1.84622
18,11222939000000,132525,0.0415469,0.084,24.0692,11.9048,2000000000.0,0.9,4.82143e-09,2.8699e-17,0.923077
18,11222940000000,136525,0.0404175,0.003,24.7418,333.333,4000000000.0,1.0,8.33333e-08,6.94444e-15,1.51643
18,11222941000000,138525,0.0411334,0.09,24.3112,11.1111,2000000000.0,0.9,4.5e-09,2.5e-17,0.470665
18,11222942000000,142525,0.0400631,0.003,24.9606,333.333,4000000000.0,1.0,8.33333e-08,6.94444e-15,1.52373
18,11222943000000,144525,0.0407542,0.09,24.5374,11.1111,2000000000.0,0.9,4.5e-09,2.5e-17,0.470665
18,11222944000000,148525,0.0397374,0.003,25.1652,333.333,4000000000.0,1.0,8.33333e-08,6.94444e-15,1.52245
18,11222945000000,152525,0.0386953,0.0,25.8429,0.0,4000000000.0,1.0,0.0,0.0,0.49481
18,11222946000000,153525,0.0396157,0.18,25.2425,5.55556,1000000000.0,0.8,3.55556e-09,1.97531e-17,0.0155144
18,11222947000000,157525,0.0386859,0.003,25.8492,333.333,4000000000.0,1.0,8.33333e-08,6.94444e-15,1.14191
18,11222948000000,158525,0.0395774,0.18,25.267,5.55556,1000000000.0,0.8,3.55556e-09,1.97531e-17,0.461538
18,11222949000000,162525,0.0386771,0.003,25.8551,333.333,4000000000.0,1.0,8.33333e-08,6.94444e-15,1.14263
18,11222950000000,163525,0.0395414,0.18,25.29,5.55556,1000000000.0,0.8,3.55556e-09,1.97531e-17,0.461538
18,11222951000000,167525,0.0385972,0.0,25.9086,0.0,4000000000.0,1.0,0.0,0.0,1.14263
18,11222952000000,168525,0.0384394,0.012,26.015,83.3333,1000000000.0,0.8,5.33333e-08,4.44444e-15,3.6625e-12
18,11222953000000,172525,0.0397044,0.093,25.1861,10.7527,4000000000.0,1.0,2.68817e-09,7.22627e-18,3.19508
18,11222954000000,174525,0.0398854,0.0555,25.0718,18.018,2000000000.0,0.9,7.2973e-09,6.57414e-17,4.26487
18,11222955000000,176525,0.0429288,0.3085,23.2944,3.24149,2000000000.0,0.9,1.3128e-09,2.12772e-18,2.95746
18,11222956000000,177525,0.0433178,0.112,23.0852,8.92857,1000000000.0,0.8,5.71429e-09,5.10204e-17,0.439452
18,11222957000000,178525,0.0437082,0.113,22.879,8.84956,1000000000.0,0.8,5.66372e-09,5.01214e-17,0.46542
18,11222958000000,179525,0.0464671,0.539,21.5206,1.85529,1000000000.0,0.8,1.18738e-09,2.20294e-18,1.46667
18,11222959000000,180525,0.0468412,0.114,21.3487,8.77193,1000000000.0,0.8,5.61404e-09,4.92459e-17,0.750502
18,11222960000000,181525,0.0484727,0.343,20.6302,2.91545,1000000000.0,0.8,1.86589e-09,5.43991e-18,0.15986
18,11222961000000,182525,0.049911,0.311,20.0357,3.21543,1000000000.0,0.8,2.05788e-09,6.61697e-18,0.876286
18,11222962000000,183525,0.0502602,0.114,19.8965,8.77193,1000000000.0,0.8,5.61404e-09,4.92459e-17,0.53846
18,11222963000000,184525,0.0529901,0.554,18.8714,1.80505,1000000000.0,0.8,1.15523e-09,2.0852600000000003e-18,0.125689
18,11222964000000,185525,0.0532704,0.105,18.7721,9.52381,1000000000.0,0.8,6.09524e-09,5.80499e-17,0.818707
18,11222965000000,186525,0.0535692,0.109,18.6674,9.17431,1000000000.0,0.8,5.87156e-09,5.38675e-17,0.584625
18,11222966000000,187525,0.0567711,0.654,17.6146,1.52905,1000000000.0,0.8,9.78593e-10,1.4963200000000001e-18,0.16529
18,11222967000000,188525,0.0570747,0.114,17.5209,8.77193,1000000000.0,0.8,5.61404e-09,4.92459e-17,0.662939
18,11222968000000,189525,0.0580029,0.233,17.2405,4.29185,1000000000.0,0.8,2.74678e-09,1.17888e-17,0.216853
18,11222969000000,190525,0.0599081,0.421,16.6922,2.3753,1000000000.0,0.8,1.52019e-09,3.6109e-18,0.790379
18,11222970000000,191525,0.0601906,0.114,16.6139,8.77193,1000000000.0,0.8,5.61404e-09,4.92459e-17,0.431006
18,11222971000000,192525,0.0621893,0.445,16.0799,2.24719,1000000000.0,0.8,1.4382e-09,3.2319200000000004e-18,0.138774
18,11222972000000,193525,0.0629479,0.209,15.8861,4.78469,1000000000.0,0.8,3.0622e-09,1.46517e-17,0.774702
18,11222973000000,194525,0.0632104,0.114,15.8202,8.77193,1000000000.0,0.8,5.61404e-09,4.92459e-17,0.403475
18,11222974000000,195525,0.0661501,0.638,15.1171,1.5674,1000000000.0,0.8,1.00313e-09,1.5723100000000002e-18,0.119839
18,11222975000000,196525,0.0664292,0.121,15.0536,8.26446,1000000000.0,0.8,5.28926e-09,4.37129e-17,0.72434
18,11222976000000,197525,0.0666498,0.11,15.0038,9.09091,1000000000.0,0.8,5.81818e-09,5.28926e-17,0.44387
18,11222977000000,198525,0.0690996,0.553,14.4719,1.80832,1000000000.0,0.8,1.15732e-09,2.0928100000000003e-18,1.14019
18,11222978000000,199525,0.0693246,0.114,14.4249,8.77193,1000000000.0,0.8,5.61404e-09,4.92459e-17,0.639423
18,11222979000000,200525,0.0706047,0.326,14.1634,3.06748,1000000000.0,0.8,1.96319e-09,6.022060000000001e-18,0.16422
18,11222980000000,201525,0.0718819,0.328,13.9117,3.04878,1000000000.0,0.8,1.95122e-09,5.948840000000001e-18,0.912798
18,11222981000000,202525,0.0720899,0.114,13.8716,8.77193,1000000000.0,0.8,5.61404e-09,4.92459e-17,0.445095
18,11222982000000,203525,0.0743938,0.541,13.442,1.84843,1000000000.0,0.8,1.18299e-09,2.1866800000000002e-18,0.127008
18,11222983000000,204525,0.0745826,0.113,13.408,8.84956,1000000000.0,0.8,5.66372e-09,5.01214e-17,0.854691
18,11222984000000,205525,0.0747744,0.114,13.3736,8.77193,1000000000.0,0.8,5.61404e-09,4.92459e-17,0.652245
18,11222985000000,206525,0.077579,0.654,12.8901,1.52905,1000000000.0,0.8,9.78593e-10,1.4963200000000001e-18,0.323065
18,11222986000000,207525,0.0777545,0.114,12.861,8.77193,1000000000.0,0.8,5.61404e-09,4.92459e-17,0.67283
18,11222987000000,208525,0.078427,0.218,12.7507,4.58716,1000000000.0,0.8,2.93578e-09,1.34669e-17,0.230755
18,11222988000000,209525,0.0801336,0.436,12.4792,2.29358,1000000000.0,0.8,1.46789e-09,3.3667200000000002e-18,0.799211
18,11222989000000,210525,0.0802945,0.114,12.4542,8.77193,1000000000.0,0.8,5.61404e-09,4.92459e-17,0.522232
18,11222990000000,211525,0.0819383,0.428,12.2043,2.33645,1000000000.0,0.8,1.49533e-09,3.49375e-18,0.141058
18,11222991000000,212525,0.0826162,0.226,12.1042,4.42478,1000000000.0,0.8,2.83186e-09,1.25303e-17,0.771483
18,11222992000000,213525,0.0827631,0.114,12.0827,8.77193,1000000000.0,0.8,5.61404e-09,4.92459e-17,0.299095
18,11222993000000,214525,0.0853187,0.631,11.7208,1.58479,1000000000.0,0.8,1.01426e-09,1.60739e-18,0.12058
18,11222994000000,215525,0.0854889,0.122,11.6974,8.19672,1000000000.0,0.8,5.2459e-09,4.29992e-17,0.752974
18,11222995000000,216525,0.0855282,0.094,11.692,10.6383,1000000000.0,0.8,6.80851e-09,7.2431e-17,0.470999
18,11222996000000,217525,0.0877784,0.575,11.3923,1.73913,1000000000.0,0.8,1.11304e-09,1.93573e-18,0.537825
18,11222997000000,218525,0.0878984,0.114,11.3768,8.77193,1000000000.0,0.8,5.61404e-09,4.92459e-17,0.622797
18,11222998000000,219525,0.0889147,0.311,11.2467,3.21543,1000000000.0,0.8,2.05788e-09,6.61697e-18,0.169434
18,11222999000000,221525,0.0896784,0.1735,11.151,5.76369,2000000000.0,0.9,2.33429e-09,6.72707e-18,0.907429
18,11223000000000,222525,0.0898056,0.118,11.1352,8.47458,1000000000.0,0.8,5.42373e-09,4.59638e-17,0.549619
18,11223001000000,223525,0.0922089,0.627,10.8449,1.5949,1000000000.0,0.8,1.02073e-09,1.6279600000000002e-18,0.133641
18,11223002000000,225525,0.0922026,0.0915,10.8457,10.929,2000000000.0,0.9,4.42623e-09,2.4187e-17,0.725561
18,11223003000000,227525,0.0919591,0.0645,10.8744,15.5039,2000000000.0,0.9,6.27907e-09,4.8675e-17,0.789473
18,11223004000000,228525,0.0936178,0.471,10.6817,2.12314,1000000000.0,0.8,1.35881e-09,2.8849500000000002e-18,2.8605
18,11223005000000,230525,0.0932177,0.0475,10.7276,21.0526,2000000000.0,0.9,8.52632e-09,8.97507e-17,0.737254
18,11223006000000,231525,0.0930051,0.044,10.7521,22.7273,1000000000.0,0.8,1.45455e-08,3.30579e-16,0.432884
18,11223007000000,232525,0.0930094,0.094,10.7516,10.6383,1000000000.0,0.8,6.80851e-09,7.2431e-17,2.3923
18,11223008000000,233525,0.0933048,0.162,10.7176,6.17284,1000000000.0,0.8,3.95062e-09,2.43865e-17,0.254291
18,11223009000000,234525,0.0934485,0.127,10.7011,7.87402,1000000000.0,0.8,5.03937e-09,3.96801e-17,0.337687
18,11223010000000,235525,0.0932088,0.037,10.7286,27.027,1000000000.0,0.8,1.72973e-08,4.67495e-16,0.0620058
18,11223011000000,236525,0.0934108,0.141,10.7054,7.0922,1000000000.0,0.8,4.53901e-09,3.21915e-17,0.332556
18,11223012000000,237525,0.0952868,0.539,10.4946,1.85529,1000000000.0,0.8,1.18738e-09,2.20294e-18,0.705259
18,11223013000000,238525,0.0953527,0.111,10.4874,9.00901,1000000000.0,0.8,5.76577e-09,5.19438e-17,0.804317
18,11223014000000,239525,0.0965285,0.377,10.3596,2.65252,1000000000.0,0.8,1.69761e-09,4.50295e-18,0.359488
18,11223015000000,240525,0.0972913,0.28,10.2784,3.57143,1000000000.0,0.8,2.28571e-09,8.163270000000001e-18,0.562309
18,11223016000000,241525,0.0973481,0.111,10.2724,9.00901,1000000000.0,0.8,5.76577e-09,5.19438e-17,0.599231
18,11223017000000,242525,0.0994001,0.595,10.0604,1.68067,1000000000.0,0.8,1.07563e-09,1.8077800000000003e-18,0.287134
18,11223018000000,243525,0.0992465,0.062,10.0759,16.129,1000000000.0,0.8,1.03226e-08,1.66493e-16,0.444577
18,11223019000000,244525,0.0992946,0.111,10.071,9.00901,1000000000.0,0.8,5.76577e-09,5.19438e-17,0.609704
18,11223020000000,245525,0.101566,0.657,9.84581,1.52207,1000000000.0,0.8,9.74125e-10,1.48269e-18,0.203307
18,11223021000000,246525,0.101604,0.111,9.8421,9.00901,1000000000.0,0.8,5.76577e-09,5.19438e-17,0.499741
18,11223022000000,247525,0.102058,0.214,9.79831,4.6729,1000000000.0,0.8,2.99065e-09,1.3975e-17,0.554801
18,11223023000000,248525,0.10343,0.443,9.66835,2.25734,1000000000.0,0.8,1.4447e-09,3.2611600000000003e-18,0.5685
18,11223024000000,249525,0.103461,0.111,9.66552,9.00901,1000000000.0,0.8,5.76577e-09,5.19438e-17,0.453826
18,11223025000000,250525,0.104792,0.437,9.54272,2.28833,1000000000.0,0.8,1.46453e-09,3.3513300000000004e-18,0.311846
18,11223026000000,251525,0.10525,0.22,9.50119,4.54545,1000000000.0,0.8,2.90909e-09,1.32231e-17,0.467084
18,11223027000000,252525,0.105273,0.111,9.49913,9.00901,1000000000.0,0.8,5.76577e-09,5.19438e-17,0.528181
18,11223028000000,253525,0.10739,0.642,9.31187,1.55763,1000000000.0,0.8,9.96885e-10,1.55278e-18,0.236611
18,11223029000000,254525,0.107451,0.123,9.30656,8.13008,1000000000.0,0.8,5.20325e-09,4.23029e-17,0.402421
18,11223030000000,255525,0.107496,0.119,9.30264,8.40336,1000000000.0,0.8,5.37815e-09,4.51945e-17,0.671954
18,11223031000000,256525,0.109186,0.541,9.15866,1.84843,1000000000.0,0.8,1.18299e-09,2.1866800000000002e-18,0.727615
18,11223032000000,257525,0.109193,0.111,9.15807,9.00901,1000000000.0,0.8,5.76577e-09,5.19438e-17,0.49374
18,11223033000000,258525,0.110125,0.35,9.08061,2.85714,1000000000.0,0.8,1.82857e-09,5.2244900000000005e-18,0.340802
18,11223034000000,259525,0.110883,0.307,9.01849,3.25733,1000000000.0,0.8,2.08469e-09,6.7905200000000004e-18,0.546986
18,11223035000000,260525,0.110884,0.111,9.01845,9.00901,1000000000.0,0.8,5.76577e-09,5.19438e-17,0.599458
18,11223036000000,261525,0.112647,0.572,8.87729,1.74825,1000000000.0,0.8,1.11888e-09,1.9560900000000002e-18,0.414483
18,11223037000000,262525,0.112637,0.11,8.87809,9.09091,1000000000.0,0.8,5.81818e-09,5.28926e-17,0.545589
18,11223038000000,263525,0.112536,0.086,8.88606,11.6279,1000000000.0,0.8,7.44186e-09,8.65333e-17,0.693039
18,11223039000000,264525,0.114594,0.657,8.72645,1.52207,1000000000.0,0.8,9.74125e-10,1.48269e-18,0.41304
18,11223040000000,265525,0.114581,0.111,8.72748,9.00901,1000000000.0,0.8,5.76577e-09,5.19438e-17,0.208654
18,11223041000000,266525,0.115141,0.264,8.68499,3.78788,1000000000.0,0.8,2.42424e-09,9.18274e-18,0.506943
18,11223042000000,267525,0.11618,0.393,8.60735,2.54453,1000000000.0,0.8,1.6285e-09,4.1437600000000005e-18,0.422173
18,11223043000000,268525,0.116161,0.111,8.60878,9.00901,1000000000.0,0.8,5.76577e-09,5.19438e-17,0.50521
18,11223044000000,269525,0.117529,0.485,8.50854,2.06186,1000000000.0,0.8,1.31959e-09,2.7208e-18,0.326505
18,11223045000000,270525,0.11773,0.172,8.49399,5.81395,1000000000.0,0.8,3.72093e-09,2.16333e-17,0.470033
18,11223046000000,271525,0.117706,0.111,8.49578,9.00901,1000000000.0,0.8,5.76577e-09,5.19438e-17,0.58455
18,11223047000000,272525,0.119684,0.657,8.35531,1.52207,1000000000.0,0.8,9.74125e-10,1.48269e-18,0.227337
18,11223048000000,273525,0.119653,0.111,8.35752,9.00901,1000000000.0,0.8,5.76577e-09,5.19438e-17,0.515964
18,11223049000000,274525,0.119858,0.176,8.34321,5.68182,1000000000.0,0.8,3.63636e-09,2.06612e-17,0.587246
18,11223050000000,275525,0.121169,0.481,8.25296,2.079,1000000000.0,0.8,1.33056e-09,2.76624e-18,0.80315
18,11223051000000,276525,0.121132,0.111,8.25546,9.00901,1000000000.0,0.8,5.76577e-09,5.19438e-17,0.416359
18,11223052000000,277525,0.122126,0.397,8.18827,2.51889,1000000000.0,0.8,1.61209e-09,4.06068e-18,0.382056
18,11223053000000,278525,0.122621,0.26,8.15521,3.84615,1000000000.0,0.8,2.46154e-09,9.467460000000001e-18,0.572726
18,11223054000000,279525,0.122579,0.111,8.15798,9.00901,1000000000.0,0.8,5.76577e-09,5.19438e-17,0.54601
18,11223055000000,280525,0.124353,0.62,8.04165,1.6129,1000000000.0,0.8,1.03226e-09,1.66493e-18,0.43309
18,11223056000000,281525,0.124358,0.126,8.04127,7.93651,1000000000.0,0.8,5.07937e-09,4.03124e-17,0.499751
18,11223057000000,282525,0.124201,0.08,8.05144,12.5,1000000000.0,0.8,8e-09,1e-16,0.535836
18,11223058000000,283525,0.125876,0.599,7.94432,1.66945,1000000000.0,0.8,1.06845e-09,1.7837200000000002e-18,0.271183
18,11223059000000,284525,0.125824,0.111,7.94763,9.00901,1000000000.0,0.8,5.76577e-09,5.19438e-17,0.73518
18,11223060000000,285525,0.126465,0.309,7.90731,3.23625,1000000000.0,0.8,2.0712e-09,6.7029e-18,0.389136
18,11223061000000,286525,0.127999,0.566,7.81254,1.76678,1000000000.0,0.8,1.13074e-09,1.99778e-18,0.5437
18,11223062000000,287525,0.128246,0.199,7.7975,5.02513,1000000000.0,0.8,3.21608e-09,1.61612e-17,0.210524
18,11223063000000,288525,0.128089,0.083,7.80705,12.0482,1000000000.0,0.8,7.71084e-09,9.29017e-17,0.591695
18,11223064000000,289525,0.129861,0.641,7.70054,1.56006,1000000000.0,0.8,9.9844e-10,1.55763e-18,0.456384
18,11223065000000,290525,0.129923,0.148,7.69684,6.75676,1000000000.0,0.8,4.32432e-09,2.92184e-17,0.437292
18,11223066000000,291525,0.130311,0.243,7.67393,4.11523,1000000000.0,0.8,2.63374e-09,1.08385e-17,0.485531
18,11223067000000,292525,0.131168,0.381,7.62379,2.62467,1000000000.0,0.8,1.67979e-09,4.4089e-18,0.818319
18,11223068000000,293525,0.131123,0.118,7.6264,8.47458,1000000000.0,0.8,5.42373e-09,4.59638e-17,0.380789
18,11223069000000,294525,0.132345,0.491,7.55599,2.03666,1000000000.0,0.8,1.30346e-09,2.6547100000000003e-18,0.321282
18,11223070000000,295525,0.132422,0.155,7.55162,6.45161,1000000000.0,0.8,4.12903e-09,2.66389e-17,0.475462
18,11223071000000,296525,0.13236,0.114,7.55516,8.77193,1000000000.0,0.8,5.61404e-09,4.92459e-17,0.541892
18,11223072000000,297525,0.134113,0.654,7.45639,1.52905,1000000000.0,0.8,9.78593e-10,1.4963200000000001e-18,0.12473
18,11223073000000,298525,0.134073,0.122,7.45865,8.19672,1000000000.0,0.8,5.2459e-09,4.29992e-17,0.438341
18,11223074000000,299525,0.134236,0.183,7.44957,5.46448,1000000000.0,0.8,3.49727e-09,1.91108e-17,0.558508
18,11223075000000,300525,0.13533,0.463,7.38935,2.15983,1000000000.0,0.8,1.38229e-09,2.98551e-18,0.957754
18,11223076000000,301525,0.135259,0.114,7.39322,8.77193,1000000000.0,0.8,5.61404e-09,4.92459e-17,0.644008
18,11223077000000,302525,0.136138,0.401,7.34551,2.49377,1000000000.0,0.8,1.59601e-09,3.98007e-18,0.212295
18,11223078000000,303525,0.136523,0.253,7.3248,3.95257,1000000000.0,0.8,2.52964e-09,9.99859e-18,0.785133
18,11223079000000,304525,0.136475,0.122,7.32736,8.19672,1000000000.0,0.8,5.2459e-09,4.29992e-17,1.21601
18,11223080000000,305525,0.138038,0.614,7.24439,1.62866,1000000000.0,0.8,1.04235e-09,1.6976300000000001e-18,0.391314
18,11223081000000,306525,0.137982,0.121,7.24731,8.26446,1000000000.0,0.8,5.28926e-09,4.37129e-17,0.506155
18,11223082000000,307525,0.137787,0.078,7.25757,12.8205,1000000000.0,0.8,8.20513e-09,1.05194e-16,0.445248
18,11223083000000,308525,0.139289,0.601,7.17934,1.66389,1000000000.0,0.8,1.06489e-09,1.77187e-18,0.339876
18,11223084000000,309525,0.139233,0.122,7.18222,8.19672,1000000000.0,0.8,5.2459e-09,4.29992e-17,0.547183
18,11223085000000,310525,0.139757,0.302,7.15528,3.31126,1000000000.0,0.8,2.11921e-09,7.01724e-18,0.403942
18,11223086000000,311525,0.140412,0.344,7.12187,2.90698,1000000000.0,0.8,1.86047e-09,5.408330000000001e-18,0.479064
18,11223087000000,312525,0.140328,0.114,7.12616,8.77193,1000000000.0,0.8,5.61404e-09,4.92459e-17,0.469531
18,11223088000000,313525,0.141564,0.528,7.06392,1.89394,1000000000.0,0.8,1.21212e-09,2.29568e-18,0.322111
18,11223089000000,314525,0.141515,0.126,7.06639,7.93651,1000000000.0,0.8,5.07937e-09,4.03124e-17,0.830983
18,11223090000000,315525,0.141453,0.122,7.06948,8.19672,1000000000.0,0.8,5.2459e-09,4.29992e-17,0.401167
18,11223091000000,316525,0.143047,0.646,6.9907,1.54799,1000000000.0,0.8,9.90712e-10,1.5336100000000002e-18,0.311088
18,11223092000000,317525,0.142956,0.114,6.99518,8.77193,1000000000.0,0.8,5.61404e-09,4.92459e-17,0.348256
18,11223093000000,318525,0.143169,0.211,6.98474,4.73934,1000000000.0,0.8,3.03318e-09,1.43752e-17,0.519943
18,11223094000000,319525,0.144108,0.443,6.93926,2.25734,1000000000.0,0.8,1.4447e-09,3.2611600000000003e-18,0.626669
18,11223095000000,320525,0.144039,0.122,6.94258,8.19672,1000000000.0,0.8,5.2459e-09,4.29992e-17,0.665402
18,11223096000000,321525,0.144913,0.425,6.90071,2.35294,1000000000.0,0.8,1.50588e-09,3.54325e-18,0.217329
18,11223097000000,322525,0.145161,0.225,6.88891,4.44444,1000000000.0,0.8,2.84444e-09,1.2642e-17,0.519171
18,11223098000000,323525,0.145052,0.11,6.89407,9.09091,1000000000.0,0.8,5.81818e-09,5.28926e-17,0.533463
18,11223099000000,324525,0.146556,0.633,6.82334,1.57978,1000000000.0,0.8,1.01106e-09,1.5972500000000001e-18,0.175779
18,11223100000000,325525,0.146508,0.131,6.82557,7.63359,1000000000.0,0.8,4.8855e-09,3.72939e-17,0.580311
18,11223101000000,326525,0.146369,0.101,6.83207,9.90099,1000000000.0,0.8,6.33663e-09,6.27389e-17,0.692074
18,11223102000000,327525,0.147622,0.557,6.77404,1.79533,1000000000.0,0.8,1.14901e-09,2.0628600000000003e-18,0.453847
18,11223103000000,328525,0.14752,0.114,6.77874,8.77193,1000000000.0,0.8,5.61404e-09,4.92459e-17,0.46043
18,11223104000000,329525,0.148065,0.327,6.75381,3.0581,1000000000.0,0.8,1.95719e-09,5.9852800000000006e-18,0.287857
18,11223105000000,330525,0.148618,0.331,6.72866,3.02115,1000000000.0,0.8,1.93353e-09,5.84149e-18,0.65127
18,11223106000000,331525,0.148526,0.118,6.73284,8.47458,1000000000.0,0.8,5.42373e-09,4.59638e-17,0.402337
18,11223107000000,332525,0.149712,0.543,6.67949,1.84162,1000000000.0,0.8,1.17864e-09,2.1706e-18,0.749417
18,11223108000000,333525,0.149578,0.105,6.68548,9.52381,1000000000.0,0.8,6.09524e-09,5.80499e-17,0.446731
18,11223109000000,334525,0.149466,0.112,6.6905,8.92857,1000000000.0,0.8,5.71429e-09,5.10204e-17,0.705396
18,11223110000000,335525,0.150969,0.654,6.62386,1.52905,1000000000.0,0.8,9.78593e-10,1.4963200000000001e-18,0.211032
18,11223111000000,336525,0.150883,0.122,6.62764,8.19672,1000000000.0,0.8,5.2459e-09,4.29992e-17,0.817124
18,11223112000000,337525,0.151118,0.23,6.61736,4.34783,1000000000.0,0.8,2.78261e-09,1.20983e-17,0.299128
18,11223113000000,338272,0.152061,0.578313,6.57631,1.72917,1000000000.0,0.8,1.10667e-09,1.91361e-18,0.524678
18,11223114000000,338272,0.152061,,6.57631,0.0,1000000000.0,0.8,0.0,0.0,0.0
18,11223115000000,338272,0.152061,,6.57631,0.0,1000000000.0,0.8,0.0,0.0,0.0
19,10205500000000,15545,0.0633644,0.0633644,15.7817,15.7817,4000000000.0,1.0,3.94543e-09,1.55664e-17,0.0
19,10205501000000,19545,0.0812996,0.151,12.3002,6.62252,4000000000.0,1.0,1.65563e-09,2.74111e-18,4.0
19,10205502000000,21545,0.0744952,0.008,13.4237,125.0,2000000000.0,0.9,5.0625e-08,3.16406e-15,0.472632
19,11206193000000,39732,0.0740964,0.073624,13.4959,13.5825,4000000000.0,1.0,3.39563e-09,1.15303e-17,0.99986
19,11206194000000,41732,0.0705454,0.0,14.1753,0.0,2000000000.0,0.9,0.0,0.0,0.783165
19,11206195000000,41955,0.0702181,0.00896861,14.2413,111.5,1000000000.0,0.8,7.136e-08,7.95664e-15,6.30195e-07
19,11222906000000,44035,0.0674463,0.0115385,14.8266,86.6667,1000000000.0,0.8,5.54667e-08,4.80711e-15,0.0
19,11222907000000,48035,0.0636619,0.022,15.708,45.4545,4000000000.0,1.0,1.13636e-08,1.29132e-16,4.0
19,11222908000000,52035,0.059287,0.00675,16.8671,148.148,4000000000.0,1.0,3.7037e-08,1.37174e-15,4.0
19,11222909000000,56035,0.0579995,0.04125,17.2415,24.2424,4000000000.0,1.0,6.06061e-09,3.67309e-17,3.18318
19,11222910000000,58035,0.0564142,0.012,17.726,83.3333,2000000000.0,0.9,3.375e-08,1.40625e-15,1.84488
19,11222911000000,59035,0.0583044,0.168,17.1514,5.95238,1000000000.0,0.8,3.80952e-09,2.26757e-17,0.861538
19,11222912000000,61035,0.0567871,0.012,17.6096,83.3333,2000000000.0,0.9,3.375e-08,1.40625e-15,1.1318
19,11222913000000,62035,0.0570323,0.072,17.5339,13.8889,1000000000.0,0.8,8.88889e-09,1.23457e-16,0.861538
19,11222914000000,66035,0.0550314,0.024,18.1714,41.6667,4000000000.0,1.0,1.04167e-08,1.08507e-16,3.28148
19,11222915000000,68035,0.0537664,0.012,18.599,83.3333,2000000000.0,0.9,3.375e-08,1.40625e-15,1.74181
19,11222916000000,70035,0.0546298,0.084,18.305,11.9048,2000000000.0,0.9,4.82143e-09,2.8699e-17,0.861538
19,11222917000000,74035,0.0520024,0.006,19.2299,166.667,4000000000.0,1.0,4.16667e-08,1.73611e-15,1.48351
19,11222918000000,76035,0.0528441,0.084,18.9236,11.9048,2000000000.0,0.9,4.82143e-09,2.8699e-17,0.923077
19,11222919000000,80035,0.0505029,0.006,19.8008,166.667,4000000000.0,1.0,4.16667e-08,1.73611e-15,1.48351
19,11222920000000,82035,0.0513196,0.084,19.4857,11.9048,2000000000.0,0.9,4.82143e-09,2.8699e-17,0.923077
19,11222921000000,86035,0.0490731,0.003,20.3778,333.333,4000000000.0,1.0,8.33333e-08,6.94444e-15,1.51691
19,11222922000000,87035,0.0485092,0.0,20.6146,0.0,1000000000.0,0.8,0.0,0.0,0.460005
19,11222923000000,89035,0.0494412,0.09,20.226,11.1111,2000000000.0,0.9,4.5e-09,2.5e-17,0.00498793
19,11222924000000,93035,0.0474445,0.003,21.0773,333.333,4000000000.0,1.0,8.33333e-08,6.94444e-15,1.52255
19,11222925000000,94035,0.0488542,0.18,20.4691,5.55556,1000000000.0,0.8,3.55556e-09,1.97531e-17,0.461538
19,11222926000000,98035,0.0469832,0.003,21.2842,333.333,4000000000.0,1.0,8.33333e-08,6.94444e-15,1.14263
19,11222927000000,99035,0.0483263,0.18,20.6926,5.55556,1000000000.0,0.8,3.55556e-09,1.97531e-17,0.461538
19,11222928000000,103035,0.0465667,0.003,21.4746,333.333,4000000000.0,1.0,8.33333e-08,6.94444e-15,1.14263
19,11222929000000,104035,0.0463882,0.028,21.5572,35.7143,1000000000.0,0.8,2.28571e-08,8.16327e-16,0.461538
19,11222930000000,106035,0.0469468,0.076,21.3007,13.1579,2000000000.0,0.9,5.32895e-09,3.50589e-17,1.06024
19,11222931000000,108035,0.0462998,0.012,21.5984,83.3333,2000000000.0,0.9,3.375e-08,1.40625e-15,1.26812
19,11222932000000,110035,0.0469851,0.084,21.2834,11.9048,2000000000.0,0.9,4.82143e-09,2.8699e-17,0.861538
19,11222933000000,114035,0.0455474,0.006,21.9551,166.667,4000000000.0,1.0,4.16667e-08,1.73611e-15,1.48351
19,11222934000000,116035,0.0462102,0.084,21.6402,11.9048,2000000000.0,0.9,4.82143e-09,2.8699e-17,0.923077
19,11222935000000,120035,0.0448702,0.006,22.2865,166.667,4000000000.0,1.0,4.16667e-08,1.73611e-15,1.48351
19,11222936000000,122035,0.0452411,0.0675,22.1038,14.8148,2000000000.0,0.9,6e-09,4.44444e-17,0.923077
19,11222937000000,126035,0.0440671,0.00825,22.6927,121.212,4000000000.0,1.0,3.0303e-08,9.18274e-16,1.59622
19,11222938000000,130035,0.0428961,0.006,23.3121,166.667,4000000000.0,1.0,4.16667e-08,1.73611e-15,1.84619
19,11222939000000,132035,0.0435188,0.084,22.9786,11.9048,2000000000.0,0.9,4.82143e-09,2.8699e-17,0.923077
19,11222940000000,136035,0.0423273,0.003,23.6254,333.333,4000000000.0,1.0,8.33333e-08,6.94444e-15,1.51691
19,11222941000000,138035,0.0430181,0.09,23.246,11.1111,2000000000.0,0.9,4.5e-09,2.5e-17,0.46373
19,11222942000000,142035,0.0418911,0.003,23.8714,333.333,4000000000.0,1.0,8.33333e-08,6.94444e-15,1.52299
19,11222943000000,144035,0.0425591,0.09,23.4967,11.1111,2000000000.0,0.9,4.5e-09,2.5e-17,0.46373
19,11222944000000,148035,0.0414902,0.003,24.1021,333.333,4000000000.0,1.0,8.33333e-08,6.94444e-15,1.52269
19,11222945000000,152035,0.0403986,0.0,24.7533,0.0,4000000000.0,1.0,0.0,0.0,0.469527
19,11222946000000,153035,0.0413108,0.18,24.2067,5.55556,1000000000.0,0.8,3.55556e-09,1.97531e-17,0.00372501
19,11222947000000,157035,0.040335,0.003,24.7924,333.333,4000000000.0,1.0,8.33333e-08,6.94444e-15,1.14246
19,11222948000000,158035,0.0412187,0.18,24.2608,5.55556,1000000000.0,0.8,3.55556e-09,1.97531e-17,0.461538
19,11222949000000,162035,0.0402752,0.003,24.8291,333.333,4000000000.0,1.0,8.33333e-08,6.94444e-15,1.14263
19,11222950000000,163035,0.0411323,0.18,24.3118,5.55556,1000000000.0,0.8,3.55556e-09,1.97531e-17,0.461538
19,11222951000000,167035,0.0401473,0.0,24.9083,0.0,4000000000.0,1.0,0.0,0.0,1.14263
19,11222952000000,168035,0.0399798,0.012,25.0127,83.3333,1000000000.0,0.8,5.33333e-08,4.44444e-15,8.79366e-13
19,11222953000000,172035,0.0412125,0.093,24.2645,10.7527,4000000000.0,1.0,2.68817e-09,7.22627e-18,3.19508
19,11222954000000,174035,0.0413767,0.0555,24.1682,18.018,2000000000.0,0.9,7.2973e-09,6.57414e-17,4.2648
19,11222955000000,176035,0.0444116,0.3085,22.5166,3.24149,2000000000.0,0.9,1.3128e-09,2.12772e-18,2.9575
19,11222956000000,177035,0.0447934,0.112,22.3247,8.92857,1000000000.0,0.8,5.71429e-09,5.10204e-17,0.440111
19,11222957000000,178035,0.0451765,0.113,22.1354,8.84956,1000000000.0,0.8,5.66372e-09,5.01214e-17,0.467414
19,11222958000000,179035,0.0479348,0.539,20.8617,1.85529,1000000000.0,0.8,1.18738e-09,2.20294e-18,1.46977
19,11222959000000,180035,0.0483017,0.114,20.7032,8.77193,1000000000.0,0.8,5.61404e-09,4.92459e-17,0.748746
19,11222960000000,181035,0.0499296,0.343,20.0282,2.91545,1000000000.0,0.8,1.86589e-09,5.43991e-18,0.159959
19,11222961000000,182035,0.0513637,0.311,19.469,3.21543,1000000000.0,0.8,2.05788e-09,6.61697e-18,0.877172
19,11222962000000,183035,0.051706,0.114,19.3401,8.77193,1000000000.0,0.8,5.61404e-09,4.92459e-17,0.499102
19,11222963000000,184035,0.0544353,0.554,18.3704,1.80505,1000000000.0,0.8,1.15523e-09,2.0852600000000003e-18,0.125704
19,11222964000000,185035,0.0547086,0.105,18.2787,9.52381,1000000000.0,0.8,6.09524e-09,5.80499e-17,0.818456
19,11222965000000,186035,0.0550004,0.109,18.1817,9.17431,1000000000.0,0.8,5.87156e-09,5.38675e-17,0.629298
19,11222966000000,187035,0.058203,0.654,17.1812,1.52905,1000000000.0,0.8,9.78593e-10,1.4963200000000001e-18,0.150574
19,11222967000000,188035,0.0584997,0.114,17.0941,8.77193,1000000000.0,0.8,5.61404e-09,4.92459e-17,0.665173
19,11222968000000,189035,0.0594229,0.233,16.8285,4.29185,1000000000.0,0.8,2.74678e-09,1.17888e-17,0.217202
19,11222969000000,190035,0.0613255,0.421,16.3064,2.3753,1000000000.0,0.8,1.52019e-09,3.6109e-18,0.789621
19,11222970000000,191035,0.0616013,0.114,16.2334,8.77193,1000000000.0,0.8,5.61404e-09,4.92459e-17,0.427506
19,11222971000000,192035,0.0635978,0.445,15.7238,2.24719,1000000000.0,0.8,1.4382e-09,3.2319200000000004e-18,0.138789
19,11222972000000,193035,0.064351,0.209,15.5398,4.78469,1000000000.0,0.8,3.0622e-09,1.46517e-17,0.774008
19,11222973000000,194035,0.0646069,0.114,15.4782,8.77193,1000000000.0,0.8,5.61404e-09,4.92459e-17,0.403475
19,11222974000000,195035,0.0675469,0.638,14.8045,1.5674,1000000000.0,0.8,1.00313e-09,1.5723100000000002e-18,0.119776
19,11222975000000,196035,0.0678195,0.121,14.745,8.26446,1000000000.0,0.8,5.28926e-09,4.37129e-17,0.725218
19,11222976000000,197035,0.0680336,0.11,14.6986,9.09091,1000000000.0,0.8,5.81818e-09,5.28926e-17,0.43617
19,11222977000000,198035,0.0704825,0.553,14.1879,1.80832,1000000000.0,0.8,1.15732e-09,2.0928100000000003e-18,1.14223
19,11222978000000,199035,0.0707011,0.114,14.144,8.77193,1000000000.0,0.8,5.61404e-09,4.92459e-17,0.624657
19,11222979000000,200035,0.0719774,0.326,13.8932,3.06748,1000000000.0,0.8,1.96319e-09,6.022060000000001e-18,0.164351
19,11222980000000,201035,0.0732509,0.328,13.6517,3.04878,1000000000.0,0.8,1.95122e-09,5.948840000000001e-18,0.913843
19,11222981000000,202035,0.0734526,0.114,13.6142,8.77193,1000000000.0,0.8,5.61404e-09,4.92459e-17,0.440701
19,11222982000000,203035,0.0757554,0.541,13.2004,1.84843,1000000000.0,0.8,1.18299e-09,2.1866800000000002e-18,0.126998
19,11222983000000,204035,0.075938,0.113,13.1686,8.84956,1000000000.0,0.8,5.66372e-09,5.01214e-17,0.855234
19,11222984000000,205035,0.0761236,0.114,13.1365,8.77193,1000000000.0,0.8,5.61404e-09,4.92459e-17,0.699362
19,11222985000000,206035,0.0789283,0.654,12.6697,1.52905,1000000000.0,0.8,9.78593e-10,1.4963200000000001e-18,0.26173
19,11222986000000,207035,0.0790977,0.114,12.6426,8.77193,1000000000.0,0.8,5.61404e-09,4.92459e-17,0.672982
19,11222987000000,208035,0.0797654,0.218,12.5368,4.58716,1000000000.0,0.8,2.93578e-09,1.34669e-17,0.231038
19,11222988000000,209035,0.0814696,0.436,12.2745,2.29358,1000000000.0,0.8,1.46789e-09,3.3667200000000002e-18,0.798859
19,11222989000000,210035,0.0816245,0.114,12.2512,8.77193,1000000000.0,0.8,5.61404e-09,4.92459e-17,0.514638
19,11222990000000,211035,0.0832658,0.428,12.0097,2.33645,1000000000.0,0.8,1.49533e-09,3.49375e-18,0.141083
19,11222991000000,212035,0.083939,0.226,11.9134,4.42478,1000000000.0,0.8,2.83186e-09,1.25303e-17,0.770928
19,11222992000000,213035,0.0840801,0.114,11.8934,8.77193,1000000000.0,0.8,5.61404e-09,4.92459e-17,0.298105
19,11222993000000,214035,0.0866354,0.631,11.5426,1.58479,1000000000.0,0.8,1.01426e-09,1.60739e-18,0.120481
19,11222994000000,215035,0.0867998,0.122,11.5208,8.19672,1000000000.0,0.8,5.2459e-09,4.29992e-17,0.754521
19,11222995000000,216035,0.0868332,0.094,11.5163,10.6383,1000000000.0,0.8,6.80851e-09,7.2431e-17,0.468825
19,11222996000000,217035,0.0890824,0.575,11.2256,1.73913,1000000000.0,0.8,1.11304e-09,1.93573e-18,0.536197
19,11222997000000,218035,0.0891967,0.114,11.2112,8.77193,1000000000.0,0.8,5.61404e-09,4.92459e-17,0.622014
19,11222998000000,219035,0.0902093,0.311,11.0853,3.21543,1000000000.0,0.8,2.05788e-09,6.61697e-18,0.169501
19,11222999000000,221035,0.090963,0.1735,10.9935,5.76369,2000000000.0,0.9,2.33429e-09,6.72707e-18,0.907992
19,11223000000000,222035,0.0910847,0.118,10.9788,8.47458,1000000000.0,0.8,5.42373e-09,4.59638e-17,0.549621
19,11223001000000,223035,0.0934876,0.627,10.6966,1.5949,1000000000.0,0.8,1.02073e-09,1.6279600000000002e-18,0.129155
19,11223002000000,225035,0.0934699,0.0915,10.6986,10.929,2000000000.0,0.9,4.42623e-09,2.4187e-17,0.72491
19,11223003000000,227035,0.0932147,0.0645,10.7279,15.5039,2000000000.0,0.9,6.27907e-09,4.8675e-17,0.788493
19,11223004000000,228035,0.0948714,0.471,10.5406,2.12314,1000000000.0,0.8,1.35881e-09,2.8849500000000002e-18,2.86051
19,11223005000000,230035,0.0948247,0.0895,10.5458,11.1732,2000000000.0,0.9,4.52514e-09,2.52801e-17,0.737254
19,11223006000000,231035,0.0946047,0.044,10.5703,22.7273,1000000000.0,0.8,1.45455e-08,3.30579e-16,0.456629
19,11223007000000,232035,0.0946366,0.102,10.5667,9.80392,1000000000.0,0.8,6.27451e-09,6.15148e-17,2.39887
19,11223008000000,233035,0.0948699,0.149,10.5408,6.71141,1000000000.0,0.8,4.2953e-09,2.88275e-17,0.159149
19,11223009000000,234035,0.0951183,0.153,10.5132,6.53595,1000000000.0,0.8,4.18301e-09,2.73399e-17,0.311898
19,11223010000000,235035,0.0972153,0.588,10.2864,1.70068,1000000000.0,0.8,1.08844e-09,1.8510800000000002e-18,0.468227
19,11223011000000,236035,0.0973076,0.119,10.2767,8.40336,1000000000.0,0.8,5.37815e-09,4.51945e-17,0.256395
19,11223012000000,237035,0.0982766,0.327,10.1754,3.0581,1000000000.0,0.8,1.95719e-09,5.9852800000000006e-18,0.789334
19,11223013000000,238035,0.0992165,0.322,10.079,3.10559,1000000000.0,0.8,1.98758e-09,6.1726e-18,1.00031
19,11223014000000,239035,0.0992993,0.119,10.0706,8.40336,1000000000.0,0.8,5.37815e-09,4.51945e-17,0.352489
19,11223015000000,240035,0.101206,0.557,9.88083,1.79533,1000000000.0,0.8,1.14901e-09,2.0628600000000003e-18,0.495432
19,11223016000000,241035,0.101251,0.112,9.87646,8.92857,1000000000.0,0.8,5.71429e-09,5.10204e-17,0.696807
19,11223017000000,242035,0.101242,0.099,9.87737,10.101,1000000000.0,0.8,6.46465e-09,6.52995e-17,0.394961
19,11223018000000,243035,0.103495,0.649,9.66227,1.54083,1000000000.0,0.8,9.86133e-10,1.5194600000000002e-18,0.636924
19,11223019000000,244035,0.103559,0.119,9.65634,8.40336,1000000000.0,0.8,5.37815e-09,4.51945e-17,0.642945
19,11223020000000,245035,0.10423,0.268,9.59417,3.73134,1000000000.0,0.8,2.38806e-09,8.91067e-18,0.150772
19,11223021000000,246035,0.105355,0.381,9.49172,2.62467,1000000000.0,0.8,1.67979e-09,4.4089e-18,0.717058
19,11223022000000,247035,0.10541,0.119,9.48675,8.40336,1000000000.0,0.8,5.37815e-09,4.51945e-17,0.328493
19,11223023000000,248035,0.106985,0.496,9.34711,2.01613,1000000000.0,0.8,1.29032e-09,2.6014600000000003e-18,0.422358
19,11223024000000,249035,0.107158,0.15,9.33205,6.66667,1000000000.0,0.8,4.26667e-09,2.84444e-17,0.779235
19,11223025000000,250035,0.107185,0.114,9.32966,8.77193,1000000000.0,0.8,5.61404e-09,4.92459e-17,0.325082
19,11223026000000,251035,0.109375,0.657,9.14284,1.52207,1000000000.0,0.8,9.74125e-10,1.48269e-18,0.528838
19,11223027000000,252035,0.109413,0.119,9.13965,8.40336,1000000000.0,0.8,5.37815e-09,4.51945e-17,0.538095
19,11223028000000,253035,0.109783,0.203,9.10886,4.92611,1000000000.0,0.8,3.15271e-09,1.55306e-17,0.172359
19,11223029000000,254035,0.111107,0.446,9.00035,2.24215,1000000000.0,0.8,1.43498e-09,3.2174400000000004e-18,0.864386
19,11223030000000,255035,0.111138,0.119,8.99785,8.40336,1000000000.0,0.8,5.37815e-09,4.51945e-17,0.313437
19,11223031000000,256035,0.112403,0.435,8.89659,2.29885,1000000000.0,0.8,1.47126e-09,3.3822200000000003e-18,0.612119
19,11223032000000,257035,0.112798,0.214,8.86542,4.6729,1000000000.0,0.8,2.99065e-09,1.3975e-17,0.69852
19,11223033000000,258035,0.112822,0.119,8.86353,8.40336,1000000000.0,0.8,5.37815e-09,4.51945e-17,0.302829
19,11223034000000,259035,0.114857,0.64,8.70647,1.5625,1000000000.0,0.8,1e-09,1.5625e-18,0.511778
19,11223035000000,260035,0.114908,0.128,8.70264,7.8125,1000000000.0,0.8,5e-09,3.90625e-17,0.574718
19,11223036000000,261035,0.114977,0.133,8.6974,7.5188,1000000000.0,0.8,4.81203e-09,3.61807e-17,0.268056
19,11223037000000,262035,0.116507,0.516,8.58315,1.93798,1000000000.0,0.8,1.24031e-09,2.4037e-18,1.18221
19,11223038000000,263035,0.116517,0.119,8.58245,8.40336,1000000000.0,0.8,5.37815e-09,4.51945e-17,0.569955
19,11223039000000,264035,0.117496,0.375,8.51094,2.66667,1000000000.0,0.8,1.70667e-09,4.55111e-18,0.407197
19,11223040000000,265035,0.118086,0.274,8.46838,3.64964,1000000000.0,0.8,2.33577e-09,8.524690000000001e-18,0.842309
19,11223041000000,266035,0.11809,0.119,8.46814,8.40336,1000000000.0,0.8,5.37815e-09,4.51945e-17,0.283259
19,11223042000000,267035,0.119917,0.606,8.33911,1.65017,1000000000.0,0.8,1.05611e-09,1.7427500000000002e-18,0.481927
19,11223043000000,268035,0.119958,0.131,8.33624,7.63359,1000000000.0,0.8,4.8855e-09,3.72939e-17,0.684103
19,11223044000000,269035,0.119791,0.075,8.34787,13.3333,1000000000.0,0.8,8.53333e-09,1.13778e-16,0.253562
19,11223045000000,270035,0.121588,0.605,8.2245,1.65289,1000000000.0,0.8,1.05785e-09,1.74851e-18,0.531359
19,11223046000000,271035,0.121578,0.119,8.22515,8.40336,1000000000.0,0.8,5.37815e-09,4.51945e-17,0.546839
19,11223047000000,272035,0.122282,0.313,8.17781,3.19489,1000000000.0,0.8,2.04473e-09,6.5326800000000004e-18,0.165557
19,11223048000000,273035,0.123065,0.336,8.1258,2.97619,1000000000.0,0.8,1.90476e-09,5.668930000000001e-18,0.919427
19,11223049000000,274035,0.12305,0.119,8.12678,8.40336,1000000000.0,0.8,5.37815e-09,4.51945e-17,0.332347
19,11223050000000,275035,0.124573,0.542,8.02741,1.84502,1000000000.0,0.8,1.18081e-09,2.1786200000000004e-18,0.521721
19,11223051000000,276035,0.124546,0.117,8.02917,8.54701,1000000000.0,0.8,5.47009e-09,4.67529e-17,0.792642
19,11223052000000,277035,0.12449,0.109,8.03279,9.17431,1000000000.0,0.8,5.87156e-09,5.38675e-17,0.368407
19,11223053000000,278035,0.126376,0.649,7.91288,1.54083,1000000000.0,0.8,9.86133e-10,1.5194600000000002e-18,0.508002
19,11223054000000,279035,0.12635,0.119,7.91454,8.40336,1000000000.0,0.8,5.37815e-09,4.51945e-17,0.622201
19,11223055000000,280035,0.126813,0.256,7.88564,3.90625,1000000000.0,0.8,2.5e-09,9.76563e-18,0.271181
19,11223056000000,281035,0.12776,0.393,7.82718,2.54453,1000000000.0,0.8,1.6285e-09,4.1437600000000005e-18,0.769653
19,11223057000000,282035,0.127729,0.119,7.82909,8.40336,1000000000.0,0.8,5.37815e-09,4.51945e-17,0.526859
19,11223058000000,283035,0.128991,0.485,7.75247,2.06186,1000000000.0,0.8,1.31959e-09,2.7208e-18,0.614288
19,11223059000000,284035,0.130287,0.497,7.67538,2.01207,1000000000.0,0.8,1.28773e-09,2.591e-18,0.892206
19,11223060000000,285035,0.130416,0.167,7.6678,5.98802,1000000000.0,0.8,3.83234e-09,2.29481e-17,0.408232
19,11223061000000,286035,0.130687,0.208,7.65188,4.80769,1000000000.0,0.8,3.07692e-09,1.47929e-17,0.320346
19,11223062000000,287035,0.13174,0.433,7.59071,2.30947,1000000000.0,0.8,1.47806e-09,3.4135300000000004e-18,0.598234
19,11223063000000,288035,0.131706,0.122,7.59266,8.19672,1000000000.0,0.8,5.2459e-09,4.29992e-17,0.66005
19,11223064000000,289035,0.132742,0.431,7.53343,2.32019,1000000000.0,0.8,1.48492e-09,3.4452900000000003e-18,0.150412
19,11223065000000,290035,0.133025,0.215,7.51737,4.65116,1000000000.0,0.8,2.97674e-09,1.38453e-17,0.642944
19,11223066000000,291035,0.132987,0.122,7.51951,8.19672,1000000000.0,0.8,5.2459e-09,4.29992e-17,0.271887
19,11223067000000,292035,0.134682,0.628,7.42487,1.59236,1000000000.0,0.8,1.01911e-09,1.62278e-18,0.434877
19,11223068000000,293035,0.13466,0.128,7.42613,7.8125,1000000000.0,0.8,5e-09,3.90625e-17,0.533401
19,11223069000000,294035,0.134549,0.102,7.43226,9.80392,1000000000.0,0.8,6.27451e-09,6.15148e-17,0.35458
19,11223070000000,295035,0.135977,0.556,7.35418,1.79856,1000000000.0,0.8,1.15108e-09,2.0702900000000003e-18,0.789734
19,11223071000000,296035,0.13593,0.122,7.35673,8.19672,1000000000.0,0.8,5.2459e-09,4.29992e-17,0.5064
19,11223072000000,297035,0.13656,0.323,7.32281,3.09598,1000000000.0,0.8,1.98142e-09,6.134440000000001e-18,0.134927
19,11223073000000,298035,0.137185,0.323,7.28941,3.09598,1000000000.0,0.8,1.98142e-09,6.134440000000001e-18,0.864939
19,11223074000000,299035,0.137134,0.122,7.29211,8.19672,1000000000.0,0.8,5.2459e-09,4.29992e-17,0.261862
19,11223075000000,300035,0.138474,0.539,7.22158,1.85529,1000000000.0,0.8,1.18738e-09,2.20294e-18,0.462598
19,11223076000000,301035,0.138369,0.107,7.22704,9.34579,1000000000.0,0.8,5.98131e-09,5.59001e-17,0.682364
19,11223077000000,302035,0.138315,0.122,7.22987,8.19672,1000000000.0,0.8,5.2459e-09,4.29992e-17,0.191791
19,11223078000000,303035,0.13999,0.646,7.14335,1.54799,1000000000.0,0.8,9.90712e-10,1.5336100000000002e-18,0.484905
19,11223079000000,304035,0.139931,0.122,7.14637,8.19672,1000000000.0,0.8,5.2459e-09,4.29992e-17,0.980664
19,11223080000000,305035,0.1402,0.222,7.13265,4.5045,1000000000.0,0.8,2.88288e-09,1.2986e-17,0.327349
19,11223081000000,306035,0.141128,0.424,7.08578,2.35849,1000000000.0,0.8,1.50943e-09,3.5599900000000006e-18,0.82328
19,11223082000000,307035,0.141039,0.114,7.09022,8.77193,1000000000.0,0.8,5.61404e-09,4.92459e-17,0.29098
19,11223083000000,308035,0.14201,0.44,7.04177,2.27273,1000000000.0,0.8,1.45455e-09,3.3057900000000004e-18,0.316407
19,11223084000000,309035,0.142243,0.214,7.03023,4.6729,1000000000.0,0.8,2.99065e-09,1.3975e-17,0.792364
19,11223085000000,310035,0.142177,0.122,7.03346,8.19672,1000000000.0,0.8,5.2459e-09,4.29992e-17,0.22162
19,11223086000000,311035,0.143756,0.633,6.95625,1.57978,1000000000.0,0.8,1.01106e-09,1.5972500000000001e-18,0.42665
19,11223087000000,312035,0.143699,0.126,6.95901,7.93651,1000000000.0,0.8,5.07937e-09,4.03124e-17,0.531221
19,11223088000000,313035,0.143594,0.111,6.96407,9.00901,1000000000.0,0.8,5.76577e-09,5.19438e-17,0.359244
19,11223089000000,314035,0.144869,0.544,6.90278,1.83824,1000000000.0,0.8,1.17647e-09,2.1626300000000003e-18,1.54965
19,11223090000000,315035,0.144797,0.122,6.90624,8.19672,1000000000.0,0.8,5.2459e-09,4.29992e-17,0.298223
19,11223091000000,316035,0.145395,0.334,6.8778,2.99401,1000000000.0,0.8,1.91617e-09,5.73703e-18,0.273984
19,11223092000000,317035,0.145921,0.312,6.85303,3.20513,1000000000.0,0.8,2.05128e-09,6.574620000000001e-18,0.922795
19,11223093000000,318035,0.145846,0.122,6.85657,8.19672,1000000000.0,0.8,5.2459e-09,4.29992e-17,0.250445
19,11223094000000,319035,0.147103,0.547,6.79796,1.82815,1000000000.0,0.8,1.17002e-09,2.1389700000000003e-18,0.398076
19,11223095000000,320035,0.146971,0.105,6.80404,9.52381,1000000000.0,0.8,6.09524e-09,5.80499e-17,0.713244
19,11223096000000,321035,0.14685,0.108,6.80967,9.25926,1000000000.0,0.8,5.92593e-09,5.48697e-17,0.224787
19,11223097000000,322035,0.148425,0.654,6.73742,1.52905,1000000000.0,0.8,9.78593e-10,1.4963200000000001e-18,0.47454
19,11223098000000,323035,0.148343,0.122,6.74113,8.19672,1000000000.0,0.8,5.2459e-09,4.29992e-17,0.481949
19,11223099000000,324035,0.148617,0.237,6.72872,4.21941,1000000000.0,0.8,2.70042e-09,1.13942e-17,0.207445
19,11223100000000,325035,0.14943,0.413,6.69209,2.42131,1000000000.0,0.8,1.54964e-09,3.7521500000000005e-18,0.795834
19,11223101000000,326035,0.149334,0.118,6.69641,8.47458,1000000000.0,0.8,5.42373e-09,4.59638e-17,0.334136
19,11223102000000,327035,0.150277,0.458,6.65436,2.18341,1000000000.0,0.8,1.39738e-09,3.0510500000000004e-18,0.442712
19,11223103000000,328035,0.150392,0.188,6.64927,5.31915,1000000000.0,0.8,3.40426e-09,1.81077e-17,0.76035
19,11223104000000,329035,0.150306,0.122,6.65309,8.19672,1000000000.0,0.8,5.2459e-09,4.29992e-17,0.203385
19,11223105000000,330035,0.151799,0.643,6.58766,1.55521,1000000000.0,0.8,9.95334e-10,1.5479500000000001e-18,0.471788
19,11223106000000,331035,0.151718,0.125,6.59117,8.0,1000000000.0,0.8,5.12e-09,4.096e-17,0.437247
19,11223107000000,332035,0.151683,0.14,6.59271,7.14286,1000000000.0,0.8,4.57143e-09,3.26531e-17,0.608114
19,11223108000000,333035,0.152759,0.51,6.54627,1.96078,1000000000.0,0.8,1.2549e-09,2.46059e-18,1.13252
19,11223109000000,334035,0.152655,0.118,6.55073,8.47458,1000000000.0,0.8,5.42373e-09,4.59638e-17,0.552147
19,11223110000000,335035,0.153291,0.366,6.52352,2.73224,1000000000.0,0.8,1.74863e-09,4.777690000000001e-18,0.190447
19,11223111000000,335595,0.153918,0.528571,6.49698,1.89189,1000000000.0,0.8,1.21081e-09,2.2907200000000003e-18,0.852224
19,11223112000000,335595,0.153918,,6.49698,0.0,1000000000.0,0.8,0.0,0.0,0.0
19,11223113000000,335595,0.153918,,6.49698,0.0,1000000000.0,0.8,0.0,0.0,0.0
19,11223114000000,335595,0.153918,,6.49698,0.0,1000000000.0,0.8,0.0,0.0,0.0
19,11223115000000,335595,0.153918,,6.49698,0.0,1000000000.0,0.8,0.0,0.0,0.0
20,10205500000000,15545,0.0504986,0.0504986,19.8025,19.8025,4000000000.0,1.0,4.95064e-09,2.45088e-17,0.0
20,10205501000000,19545,0.0690202,0.141,14.4885,7.0922,4000000000.0,1.0,1.77305e-09,3.1437100000000002e-18,4.0
20,10205502000000,21545,0.0633558,0.008,15.7839,125.0,2000000000.0,0.9,5.0625e-08,3.16406e-15,0.528404
20,11206193000000,41412,0.0455907,0.0263251,21.9343,37.9866,4000000000.0,1.0,9.49665e-09,9.01864e-17,0.999902
20,11206194000000,43412,0.0434903,0.0,22.9936,0.0,2000000000.0,0.9,0.0,0.0,0.779159
20,11206195000000,44335,0.04263,0.00216685,23.4577,461.5,1000000000.0,0.8,2.9536e-07,1.36309e-13,3.08796e-07
20,11222906000000,46415,0.0417537,0.0230769,23.9499,43.3333,1000000000.0,0.8,2.77333e-08,1.20178e-15,0.0
20,11222907000000,50415,0.0397104,0.016,25.1823,62.5,4000000000.0,1.0,1.5625e-08,2.44141e-16,4.0
20,11222908000000,54415,0.0372875,0.00675,26.8186,148.148,4000000000.0,1.0,3.7037e-08,1.37174e-15,4.0
20,11222909000000,58415,0.0375588,0.04125,26.6249,24.2424,4000000000.0,1.0,6.06061e-09,3.67309e-17,3.18318
20,11222910000000,60415,0.0367127,0.012,27.2385,83.3333,2000000000.0,0.9,3.375e-08,1.40625e-15,1.84527
20,11222911000000,61415,0.0388504,0.168,25.7397,5.95238,1000000000.0,0.8,3.80952e-09,2.26757e-17,0.861538
20,11222912000000,63415,0.0380036,0.012,26.3133,83.3333,2000000000.0,0.9,3.375e-08,1.40625e-15,1.1318
20,11222913000000,64415,0.0391524,0.112,25.5412,8.92857,1000000000.0,0.8,5.71429e-09,5.10204e-17,0.861538
20,11222914000000,68415,0.0376818,0.014,26.538,71.4286,4000000000.0,1.0,1.78571e-08,3.18878e-16,2.53682
20,11222915000000,70415,0.0369524,0.012,27.0619,83.3333,2000000000.0,0.9,3.375e-08,1.40625e-15,1.64832
20,11222916000000,72415,0.0382517,0.084,26.1426,11.9048,2000000000.0,0.9,4.82143e-09,2.8699e-17,0.861538
20,11222917000000,76415,0.0364065,0.003,27.4676,333.333,4000000000.0,1.0,8.33333e-08,6.94444e-15,1.50618
20,11222918000000,78415,0.0377734,0.09,26.4737,11.1111,2000000000.0,0.9,4.5e-09,2.5e-17,0.619846
20,11222919000000,82415,0.0360857,0.003,27.7118,333.333,4000000000.0,1.0,8.33333e-08,6.94444e-15,1.53952
20,11222920000000,84415,0.037363,0.09,26.7644,11.1111,2000000000.0,0.9,4.5e-09,2.5e-17,0.619846
20,11222921000000,88415,0.0356727,0.0,28.0327,0.0,4000000000.0,1.0,0.0,0.0,1.53181
20,11222922000000,89415,0.0356763,0.036,28.0298,27.7778,1000000000.0,0.8,1.77778e-08,4.93827e-16,0.110447
20,11222923000000,91415,0.0366023,0.078,27.3207,12.8205,2000000000.0,0.9,5.19231e-09,3.3284e-17,0.690164
20,11222924000000,95415,0.0351936,0.003,28.4142,333.333,4000000000.0,1.0,8.33333e-08,6.94444e-15,1.48994
20,11222925000000,96415,0.0366955,0.18,27.2513,5.55556,1000000000.0,0.8,3.55556e-09,1.97531e-17,0.461538
20,11222926000000,100415,0.0353533,0.003,28.2859,333.333,4000000000.0,1.0,8.33333e-08,6.94444e-15,1.14263
20,11222927000000,101415,0.0367796,0.18,27.189,5.55556,1000000000.0,0.8,3.55556e-09,1.97531e-17,0.461538
20,11222928000000,105415,0.0354978,0.003,28.1708,333.333,4000000000.0,1.0,8.33333e-08,6.94444e-15,1.14263
20,11222929000000,106415,0.0353991,0.025,28.2493,40.0,1000000000.0,0.8,2.56e-08,1.024e-15,0.461538
20,11222930000000,108415,0.0361758,0.0775,27.6428,12.9032,2000000000.0,0.9,5.22581e-09,3.37149e-17,1.03076
20,11222931000000,110415,0.0357379,0.012,27.9815,83.3333,2000000000.0,0.9,3.375e-08,1.40625e-15,1.31256
20,11222932000000,112415,0.0365965,0.084,27.325,11.9048,2000000000.0,0.9,4.82143e-09,2.8699e-17,0.861538
20,11222933000000,116415,0.0355452,0.006,28.1332,166.667,4000000000.0,1.0,4.16667e-08,1.73611e-15,1.48351
20,11222934000000,118415,0.0363636,0.084,27.5,11.9048,2000000000.0,0.9,4.82143e-09,2.8699e-17,0.923077
20,11222935000000,122415,0.0353715,0.006,28.2714,166.667,4000000000.0,1.0,4.16667e-08,1.73611e-15,1.48351
20,11222936000000,124415,0.0354378,0.0395,28.2184,25.3165,2000000000.0,0.9,1.02532e-08,1.29787e-16,0.923077
20,11222937000000,128415,0.0350271,0.02225,28.5494,44.9438,4000000000.0,1.0,1.1236e-08,1.26247e-16,1.38636
20,11222938000000,132415,0.0341502,0.006,29.2824,166.667,4000000000.0,1.0,4.16667e-08,1.73611e-15,1.84617
20,11222939000000,134415,0.0348919,0.084,28.6599,11.9048,2000000000.0,0.9,4.82143e-09,2.8699e-17,0.923077
20,11222940000000,138415,0.034057,0.006,29.3625,166.667,4000000000.0,1.0,4.16667e-08,1.73611e-15,1.49436
20,11222941000000,140415,0.0347684,0.084,28.7618,11.9048,2000000000.0,0.9,4.82143e-09,2.8699e-17,0.765295
20,11222942000000,144415,0.0339715,0.006,29.4364,166.667,4000000000.0,1.0,4.16667e-08,1.73611e-15,1.46681
20,11222943000000,146415,0.0342246,0.0525,29.2187,19.0476,2000000000.0,0.9,7.71429e-09,7.34694e-17,0.765295
20,11222944000000,150415,0.0337333,0.01575,29.6443,63.4921,4000000000.0,1.0,1.5873e-08,2.51953e-16,1.51048
20,11222945000000,154415,0.0330149,0.006,30.2893,166.667,4000000000.0,1.0,4.16667e-08,1.73611e-15,0.825356
20,11222946000000,155415,0.0338835,0.168,29.5129,5.95238,1000000000.0,0.8,3.80952e-09,2.26757e-17,0.654848
20,11222947000000,159415,0.0331086,0.003,30.2037,333.333,4000000000.0,1.0,8.33333e-08,6.94444e-15,1.14423
20,11222948000000,160415,0.0340242,0.18,29.3908,5.55556,1000000000.0,0.8,3.55556e-09,1.97531e-17,0.461538
20,11222949000000,164415,0.0332695,0.003,30.0576,333.333,4000000000.0,1.0,8.33333e-08,6.94444e-15,1.14263
20,11222950000000,165415,0.0341565,0.18,29.277,5.55556,1000000000.0,0.8,3.55556e-09,1.97531e-17,0.461538
20,11222951000000,169415,0.0333501,0.0,29.985,0.0,4000000000.0,1.0,0.0,0.0,1.14263
20,11222952000000,170415,0.0332248,0.012,30.098,83.3333,1000000000.0,0.8,5.33333e-08,4.44444e-15,2.11136e-13
20,11222953000000,174415,0.0345956,0.093,28.9054,10.7527,4000000000.0,1.0,2.68817e-09,7.22627e-18,3.19508
20,11222954000000,176415,0.0348326,0.0555,28.7087,18.018,2000000000.0,0.9,7.2973e-09,6.57414e-17,4.26476
20,11222955000000,178415,0.0379004,0.3085,26.3849,3.24149,2000000000.0,0.9,1.3128e-09,2.12772e-18,2.95243
20,11222956000000,179415,0.0383468,0.118,26.0778,8.47458,1000000000.0,0.8,5.42373e-09,4.59638e-17,0.447576
20,11222957000000,180415,0.0394036,0.229,25.3784,4.36681,1000000000.0,0.8,2.79476e-09,1.22042e-17,0.276257
20,11222958000000,181415,0.041485,0.417,24.1051,2.39808,1000000000.0,0.8,1.53477e-09,3.68051e-18,1.24188
20,11222959000000,182415,0.0418825,0.114,23.8763,8.77193,1000000000.0,0.8,5.61404e-09,4.92459e-17,0.644098
20,11222960000000,183415,0.0440913,0.447,22.6802,2.23714,1000000000.0,0.8,1.43177e-09,3.2030600000000002e-18,0.143049
20,11222961000000,184415,0.0449746,0.207,22.2347,4.83092,1000000000.0,0.8,3.09179e-09,1.49362e-17,0.91295
20,11222962000000,185415,0.0453469,0.114,22.0522,8.77193,1000000000.0,0.8,5.61404e-09,4.92459e-17,0.447318
20,11222963000000,186415,0.0485315,0.639,20.6052,1.56495,1000000000.0,0.8,1.00156e-09,1.5673900000000001e-18,0.119599
20,11222964000000,187415,0.0489182,0.121,20.4423,8.26446,1000000000.0,0.8,5.28926e-09,4.37129e-17,0.714565
20,11222965000000,188415,0.049253,0.112,20.3033,8.92857,1000000000.0,0.8,5.71429e-09,5.10204e-17,0.491787
20,11222966000000,189415,0.0518966,0.55,19.2691,1.81818,1000000000.0,0.8,1.16364e-09,2.1157e-18,0.626372
20,11222967000000,190415,0.0522228,0.114,19.1487,8.77193,1000000000.0,0.8,5.61404e-09,4.92459e-17,0.669647
20,11222968000000,191415,0.0536687,0.329,18.6328,3.03951,1000000000.0,0.8,1.94529e-09,5.91273e-18,0.176033
20,11222969000000,192415,0.0550789,0.325,18.1558,3.07692,1000000000.0,0.8,1.96923e-09,6.059170000000001e-18,0.902781
20,11222970000000,193415,0.0553835,0.114,18.0559,8.77193,1000000000.0,0.8,5.61404e-09,4.92459e-17,0.453566
20,11222971000000,194415,0.0578968,0.544,17.2721,1.83824,1000000000.0,0.8,1.17647e-09,2.1626300000000003e-18,0.128927
20,11222972000000,195415,0.0581634,0.11,17.1929,9.09091,1000000000.0,0.8,5.81818e-09,5.28926e-17,0.796134
20,11222973000000,196415,0.0584477,0.114,17.1093,8.77193,1000000000.0,0.8,5.61404e-09,4.92459e-17,0.516922
20,11222974000000,197415,0.0614644,0.654,16.2696,1.52905,1000000000.0,0.8,9.78593e-10,1.4963200000000001e-18,0.115383
20,11222975000000,198415,0.0617292,0.114,16.1998,8.77193,1000000000.0,0.8,5.61404e-09,4.92459e-17,0.701696
20,11222976000000,199415,0.0625279,0.221,15.9929,4.52489,1000000000.0,0.8,2.89593e-09,1.31037e-17,0.239674
20,11222977000000,200415,0.0643764,0.433,15.5336,2.30947,1000000000.0,0.8,1.47806e-09,3.4135300000000004e-18,1.07272
20,11222978000000,201415,0.0646228,0.114,15.4744,8.77193,1000000000.0,0.8,5.61404e-09,4.92459e-17,0.570563
20,11222979000000,202415,0.0664378,0.432,15.0517,2.31481,1000000000.0,0.8,1.48148e-09,3.4293600000000003e-18,0.145828
20,11222980000000,203415,0.0672025,0.222,14.8804,4.5045,1000000000.0,0.8,2.88288e-09,1.2986e-17,0.833191
20,11222981000000,204415,0.0674315,0.114,14.8299,8.77193,1000000000.0,0.8,5.61404e-09,4.92459e-17,0.377698
20,11222982000000,205415,0.0701799,0.632,14.2491,1.58228,1000000000.0,0.8,1.01266e-09,1.60231e-18,0.120534
20,11222983000000,206415,0.0704358,0.123,14.1973,8.13008,1000000000.0,0.8,5.20325e-09,4.23029e-17,0.751582
20,11222984000000,207415,0.0705638,0.097,14.1716,10.3093,1000000000.0,0.8,6.59794e-09,6.802e-17,0.68356
20,11222985000000,208415,0.0729602,0.57,13.7061,1.75439,1000000000.0,0.8,1.12281e-09,1.9698400000000002e-18,0.374364
20,11222986000000,209415,0.0731562,0.114,13.6694,8.77193,1000000000.0,0.8,5.61404e-09,4.92459e-17,0.665817
20,11222987000000,210415,0.074296,0.313,13.4597,3.19489,1000000000.0,0.8,2.04473e-09,6.5326800000000004e-18,0.183189
20,11222988000000,211415,0.0755576,0.341,13.2349,2.93255,1000000000.0,0.8,1.87683e-09,5.50391e-18,0.926061
20,11222989000000,212415,0.0757385,0.114,13.2033,8.77193,1000000000.0,0.8,5.61404e-09,4.92459e-17,0.543442
20,11222990000000,213415,0.0778671,0.53,12.8424,1.88679,1000000000.0,0.8,1.20755e-09,2.27839e-18,0.130517
20,11222991000000,214415,0.0780822,0.124,12.807,8.06452,1000000000.0,0.8,5.16129e-09,4.16233e-17,0.829467
20,11222992000000,215415,0.078249,0.114,12.7797,8.77193,1000000000.0,0.8,5.61404e-09,4.92459e-17,0.355794
20,11222993000000,216415,0.0809094,0.654,12.3595,1.52905,1000000000.0,0.8,9.78593e-10,1.4963200000000001e-18,0.115859
20,11222994000000,217415,0.0810616,0.114,12.3363,8.77193,1000000000.0,0.8,5.61404e-09,4.92459e-17,0.703735
20,11222995000000,218415,0.0816382,0.207,12.2492,4.83092,1000000000.0,0.8,3.09179e-09,1.49362e-17,0.217719
20,11222996000000,219415,0.0833033,0.447,12.0043,2.23714,1000000000.0,0.8,1.43177e-09,3.2030600000000002e-18,0.929949
20,11222997000000,220415,0.0834426,0.114,11.9843,8.77193,1000000000.0,0.8,5.61404e-09,4.92459e-17,0.656739
20,11222998000000,221415,0.0849491,0.417,11.7718,2.39808,1000000000.0,0.8,1.53477e-09,3.68051e-18,0.149044
20,11222999000000,223415,0.085321,0.1265,11.7204,7.90514,2000000000.0,0.9,3.20158e-09,1.26545e-17,0.808309
20,11223000000000,224415,0.0856003,0.148,11.6822,6.75676,1000000000.0,0.8,4.32432e-09,2.92184e-17,0.486882
20,11223001000000,225415,0.0879001,0.604,11.3766,1.65563,1000000000.0,0.8,1.0596e-09,1.75431e-18,0.748956
20,11223002000000,227415,0.0878482,0.082,11.3833,12.1951,2000000000.0,0.9,4.93902e-09,3.0116e-17,0.68296
20,11223003000000,229415,0.0884641,0.1585,11.304,6.30915,2000000000.0,0.9,2.55521e-09,8.06058e-18,0.892558
20,11223004000000,230415,0.0893258,0.287,11.195,3.48432,1000000000.0,0.8,2.22997e-09,7.76991e-18,2.11204
20,11223005000000,232415,0.0889486,0.0455,11.2424,21.978,2000000000.0,0.9,8.9011e-09,9.78143e-17,0.788138
20,11223006000000,233415,0.0888289,0.061,11.2576,16.3934,1000000000.0,0.8,1.04918e-08,1.71997e-16,0.436273
20,11223007000000,234415,0.088514,0.015,11.2977,66.6667,1000000000.0,0.8,4.26667e-08,2.84444e-15,0.0637235
20,11223008000000,235415,0.0889238,0.185,11.2456,5.40541,1000000000.0,0.8,3.45946e-09,1.86998e-17,0.191213
20,11223009000000,236415,0.0890553,0.12,11.229,8.33333,1000000000.0,0.8,5.33333e-09,4.44444e-17,0.516401
20,11223010000000,237415,0.0887307,0.012,11.2701,83.3333,1000000000.0,0.8,5.33333e-08,4.44444e-15,0.113261
20,11223011000000,238415,0.089059,0.167,11.2285,5.98802,1000000000.0,0.8,3.83234e-09,2.29481e-17,0.606851
20,11223012000000,239415,0.0902241,0.368,11.0835,2.71739,1000000000.0,0.8,1.73913e-09,4.7259e-18,0.218783
20,11223013000000,240415,0.0908471,0.24,11.0075,4.16667,1000000000.0,0.8,2.66667e-09,1.11111e-17,0.959515
20,11223014000000,241415,0.0909306,0.111,10.9974,9.00901,1000000000.0,0.8,5.76577e-09,5.19438e-17,0.350964
20,11223015000000,242415,0.0931626,0.632,10.7339,1.58228,1000000000.0,0.8,1.01266e-09,1.60231e-18,0.235148
20,11223016000000,243415,0.0933016,0.127,10.7179,7.87402,1000000000.0,0.8,5.03937e-09,3.96801e-17,0.732242
20,11223017000000,244415,0.0933167,0.097,10.7162,10.3093,1000000000.0,0.8,6.59794e-09,6.802e-17,0.443546
20,11223018000000,245415,0.095255,0.569,10.4981,1.75747,1000000000.0,0.8,1.12478e-09,1.97677e-18,0.470404
20,11223019000000,246415,0.0953189,0.111,10.4911,9.00901,1000000000.0,0.8,5.76577e-09,5.19438e-17,0.664067
20,11223020000000,247415,0.0962755,0.332,10.3869,3.01205,1000000000.0,0.8,1.92771e-09,5.8063600000000004e-18,0.192941
20,11223021000000,248415,0.0971962,0.325,10.2885,3.07692,1000000000.0,0.8,1.96923e-09,6.059170000000001e-18,0.924107
20,11223022000000,249415,0.0972516,0.111,10.2826,9.00901,1000000000.0,0.8,5.76577e-09,5.19438e-17,0.37554
20,11223023000000,250415,0.0990596,0.55,10.0949,1.81818,1000000000.0,0.8,1.16364e-09,2.1157e-18,0.182253
20,11223024000000,251415,0.0991269,0.116,10.0881,8.62069,1000000000.0,0.8,5.51724e-09,4.75624e-17,0.817632
20,11223025000000,252415,0.0991383,0.102,10.0869,9.80392,1000000000.0,0.8,6.27451e-09,6.15148e-17,0.43206
20,11223026000000,253415,0.10134,0.657,9.8678,1.52207,1000000000.0,0.8,9.74125e-10,1.48269e-18,0.285014
20,11223027000000,254415,0.101378,0.111,9.86411,9.00901,1000000000.0,0.8,5.76577e-09,5.19438e-17,0.629034
20,11223028000000,255415,0.10194,0.245,9.80969,4.08163,1000000000.0,0.8,2.61224e-09,1.06622e-17,0.242289
20,11223029000000,256415,0.103149,0.412,9.6947,2.42718,1000000000.0,0.8,1.5534e-09,3.77038e-18,0.860886
20,11223030000000,257415,0.10318,0.111,9.69183,9.00901,1000000000.0,0.8,5.76577e-09,5.19438e-17,0.352074
20,11223031000000,258415,0.104584,0.466,9.56172,2.14592,1000000000.0,0.8,1.37339e-09,2.9471900000000003e-18,0.146938
20,11223032000000,259415,0.104917,0.191,9.53136,5.2356,1000000000.0,0.8,3.35079e-09,1.75434e-17,0.759753
20,11223033000000,260415,0.10494,0.111,9.52924,9.00901,1000000000.0,0.8,5.76577e-09,5.19438e-17,0.34798
20,11223034000000,261415,0.107041,0.654,9.34226,1.52905,1000000000.0,0.8,9.78593e-10,1.4963200000000001e-18,0.21803
20,11223035000000,262415,0.107067,0.114,9.33994,8.77193,1000000000.0,0.8,5.61404e-09,4.92459e-17,0.654494
20,11223036000000,263415,0.107257,0.157,9.32343,6.36943,1000000000.0,0.8,4.07643e-09,2.59645e-17,0.461315
20,11223037000000,264415,0.108742,0.5,9.19608,2.0,1000000000.0,0.8,1.28e-09,2.56e-18,1.2834
20,11223038000000,265415,0.10875,0.111,9.19536,9.00901,1000000000.0,0.8,5.76577e-09,5.19438e-17,0.70726
20,11223039000000,266415,0.109772,0.381,9.10976,2.62467,1000000000.0,0.8,1.67979e-09,4.4089e-18,0.429781
20,11223040000000,267415,0.110394,0.276,9.05847,3.62319,1000000000.0,0.8,2.31884e-09,8.4016e-18,0.857367
20,11223041000000,268415,0.110396,0.111,9.05828,9.00901,1000000000.0,0.8,5.76577e-09,5.19438e-17,0.326756
20,11223042000000,269415,0.112213,0.6,8.91158,1.66667,1000000000.0,0.8,1.06667e-09,1.77778e-18,0.18354
20,11223043000000,270415,0.112272,0.128,8.90695,7.8125,1000000000.0,0.8,5e-09,3.90625e-17,0.757086
20,11223044000000,271415,0.112105,0.067,8.9202,14.9254,1000000000.0,0.8,9.55224e-09,1.42571e-16,0.34444
20,11223045000000,272415,0.114006,0.63,8.77145,1.5873,1000000000.0,0.8,1.01587e-09,1.6125e-18,0.520396
20,11223046000000,273415,0.113995,0.111,8.7723,9.00901,1000000000.0,0.8,5.76577e-09,5.19438e-17,0.58022
20,11223047000000,274415,0.114644,0.292,8.72266,3.42466,1000000000.0,0.8,2.19178e-09,7.5061e-18,0.210348
20,11223048000000,275415,0.115553,0.365,8.65405,2.73973,1000000000.0,0.8,1.75342e-09,4.8039e-18,0.931971
20,11223049000000,276415,0.115536,0.111,8.65528,9.00901,1000000000.0,0.8,5.76577e-09,5.19438e-17,0.393384
20,11223050000000,277415,0.11698,0.516,8.54847,1.93798,1000000000.0,0.8,1.24031e-09,2.4037e-18,0.172699
20,11223051000000,278415,0.117066,0.141,8.54217,7.0922,1000000000.0,0.8,4.53901e-09,3.21915e-17,0.852319
20,11223052000000,279415,0.117045,0.111,8.54376,9.00901,1000000000.0,0.8,5.76577e-09,5.19438e-17,0.440469
20,11223053000000,280415,0.11897,0.657,8.40547,1.52207,1000000000.0,0.8,9.74125e-10,1.48269e-18,0.213883
20,11223054000000,281415,0.118942,0.111,8.40747,9.00901,1000000000.0,0.8,5.76577e-09,5.19438e-17,0.662066
20,11223055000000,282415,0.119254,0.207,8.38549,4.83092,1000000000.0,0.8,3.09179e-09,1.49362e-17,0.356297
20,11223056000000,283415,0.120421,0.45,8.30423,2.22222,1000000000.0,0.8,1.42222e-09,3.16049e-18,0.806795
20,11223057000000,284415,0.120387,0.111,8.30651,9.00901,1000000000.0,0.8,5.76577e-09,5.19438e-17,0.526128
20,11223058000000,285415,0.121476,0.431,8.2321,2.32019,1000000000.0,0.8,1.48492e-09,3.4452900000000003e-18,0.138926
20,11223059000000,286415,0.121841,0.226,8.20744,4.42478,1000000000.0,0.8,2.83186e-09,1.25303e-17,0.855485
20,11223060000000,287415,0.121803,0.111,8.20998,9.00901,1000000000.0,0.8,5.76577e-09,5.19438e-17,0.38649
20,11223061000000,288415,0.123551,0.626,8.09381,1.59744,1000000000.0,0.8,1.02236e-09,1.6331700000000001e-18,0.228271
20,11223062000000,289415,0.124634,0.437,8.02348,2.28833,1000000000.0,0.8,1.46453e-09,3.3513300000000004e-18,0.559415
20,11223063000000,290415,0.124529,0.094,8.03028,10.6383,1000000000.0,0.8,6.80851e-09,7.2431e-17,0.50993
20,11223064000000,291415,0.125347,0.363,7.97785,2.75482,1000000000.0,0.8,1.76309e-09,4.85698e-18,0.111794
20,11223065000000,292415,0.125869,0.278,7.94476,3.59712,1000000000.0,0.8,2.30216e-09,8.28114e-18,0.682229
20,11223066000000,293415,0.125944,0.148,7.94001,6.75676,1000000000.0,0.8,4.32432e-09,2.92184e-17,0.283302
20,11223067000000,294415,0.127483,0.579,7.84416,1.72712,1000000000.0,0.8,1.10535e-09,1.90907e-18,0.275316
20,11223068000000,295415,0.127509,0.135,7.8426,7.40741,1000000000.0,0.8,4.74074e-09,3.51166e-17,0.794393
20,11223069000000,296415,0.127332,0.075,7.85351,13.3333,1000000000.0,0.8,8.53333e-09,1.13778e-16,0.543008
20,11223070000000,297415,0.128918,0.599,7.7569,1.66945,1000000000.0,0.8,1.06845e-09,1.7837200000000002e-18,0.415089
20,11223071000000,298415,0.128981,0.148,7.75305,6.75676,1000000000.0,0.8,4.32432e-09,2.92184e-17,0.605297
20,11223072000000,299415,0.129533,0.294,7.72006,3.40136,1000000000.0,0.8,2.17687e-09,7.404320000000001e-18,0.260774
20,11223073000000,300415,0.130213,0.334,7.67971,2.99401,1000000000.0,0.8,1.91617e-09,5.73703e-18,0.908668
20,11223074000000,301415,0.130159,0.114,7.68289,8.77193,1000000000.0,0.8,5.61404e-09,4.92459e-17,0.335318
20,11223075000000,302415,0.131538,0.547,7.60238,1.82815,1000000000.0,0.8,1.17002e-09,2.1389700000000003e-18,0.185995
20,11223076000000,303415,0.13145,0.105,7.60744,9.52381,1000000000.0,0.8,6.09524e-09,5.80499e-17,0.819402
20,11223077000000,304415,0.131485,0.142,7.60543,7.04225,1000000000.0,0.8,4.50704e-09,3.17397e-17,0.552114
20,11223078000000,305415,0.133111,0.628,7.51254,1.59236,1000000000.0,0.8,1.01911e-09,1.62278e-18,0.282665
20,11223079000000,306415,0.133048,0.114,7.51607,8.77193,1000000000.0,0.8,5.61404e-09,4.92459e-17,0.894074
20,11223080000000,307415,0.133474,0.264,7.49208,3.78788,1000000000.0,0.8,2.42424e-09,9.18274e-18,0.270292
20,11223081000000,308415,0.13428,0.382,7.44712,2.6178,1000000000.0,0.8,1.67539e-09,4.385840000000001e-18,0.765635
20,11223082000000,309415,0.134324,0.148,7.44466,6.75676,1000000000.0,0.8,4.32432e-09,2.92184e-17,0.389722
20,11223083000000,310415,0.135425,0.476,7.38415,2.10084,1000000000.0,0.8,1.34454e-09,2.8246600000000003e-18,0.258385
20,11223084000000,311415,0.135478,0.152,7.38125,6.57895,1000000000.0,0.8,4.21053e-09,2.77008e-17,0.800787
20,11223085000000,312415,0.13541,0.114,7.385,8.77193,1000000000.0,0.8,5.61404e-09,4.92459e-17,0.341799
20,11223086000000,313415,0.137039,0.646,7.29721,1.54799,1000000000.0,0.8,9.90712e-10,1.5336100000000002e-18,0.216157
20,11223087000000,314415,0.137074,0.148,7.29535,6.75676,1000000000.0,0.8,4.32432e-09,2.92184e-17,0.634137
20,11223088000000,315415,0.137226,0.185,7.28727,5.40541,1000000000.0,0.8,3.45946e-09,1.86998e-17,0.48202
20,11223089000000,316415,0.138192,0.443,7.23631,2.25734,1000000000.0,0.8,1.4447e-09,3.2611600000000003e-18,1.33165
20,11223090000000,317415,0.138116,0.114,7.24031,8.77193,1000000000.0,0.8,5.61404e-09,4.92459e-17,0.365125
20,11223091000000,318415,0.13908,0.445,7.19013,2.24719,1000000000.0,0.8,1.4382e-09,3.2319200000000004e-18,0.210373
20,11223092000000,319415,0.139273,0.201,7.18012,4.97512,1000000000.0,0.8,3.18408e-09,1.58412e-17,0.83217
20,11223093000000,320415,0.139301,0.148,7.17872,6.75676,1000000000.0,0.8,4.32432e-09,2.92184e-17,0.286625
20,11223094000000,321415,0.140806,0.623,7.102,1.60514,1000000000.0,0.8,1.02729e-09,1.64894e-18,0.266465
20,11223095000000,322415,0.140738,0.119,7.10541,8.40336,1000000000.0,0.8,5.37815e-09,4.51945e-17,0.655168
20,11223096000000,323415,0.140788,0.157,7.10287,6.36943,1000000000.0,0.8,4.07643e-09,2.59645e-17,0.354819
20,11223097000000,324415,0.141862,0.489,7.04913,2.04499,1000000000.0,0.8,1.30879e-09,2.6764700000000004e-18,0.684252
20,11223098000000,325415,0.14188,0.148,7.04819,6.75676,1000000000.0,0.8,4.32432e-09,2.92184e-17,0.641406
20,11223099000000,326415,0.142582,0.371,7.01349,2.69542,1000000000.0,0.8,1.72507e-09,4.64978e-18,0.284
20,11223100000000,327415,0.142932,0.257,6.99635,3.89105,1000000000.0,0.8,2.49027e-09,9.689780000000001e-18,0.875043
20,11223101000000,328415,0.142844,0.114,7.00066,8.77193,1000000000.0,0.8,5.61404e-09,4.92459e-17,0.378809
20,11223102000000,329415,0.144286,0.618,6.93068,1.61812,1000000000.0,0.8,1.0356e-09,1.67573e-18,0.161521
20,11223103000000,330415,0.144249,0.132,6.93246,7.57576,1000000000.0,0.8,4.84848e-09,3.67309e-17,0.730768
20,11223104000000,331415,0.144085,0.09,6.94034,11.1111,1000000000.0,0.8,7.11111e-09,7.90123e-17,0.51731
20,11223105000000,332415,0.145403,0.582,6.87746,1.71821,1000000000.0,0.8,1.09966e-09,1.8894400000000002e-18,0.522485
20,11223106000000,333415,0.145308,0.114,6.88191,8.77193,1000000000.0,0.8,5.61404e-09,4.92459e-17,0.611565
20,11223107000000,334415,0.145888,0.339,6.85459,2.94985,1000000000.0,0.8,1.88791e-09,5.569040000000001e-18,0.378702
20,11223108000000,335415,0.146368,0.307,6.8321,3.25733,1000000000.0,0.8,2.08469e-09,6.7905200000000004e-18,1.2018
20,11223109000000,336415,0.146373,0.148,6.83187,6.75676,1000000000.0,0.8,4.32432e-09,2.92184e-17,0.587909
20,11223110000000,337415,0.147578,0.553,6.77608,1.80832,1000000000.0,0.8,1.15732e-09,2.0928100000000003e-18,0.237852
20,11223111000000,338415,0.147482,0.115,6.7805,8.69565,1000000000.0,0.8,5.56522e-09,4.83932e-17,0.899405
20,11223112000000,339415,0.147286,0.081,6.78952,12.3457,1000000000.0,0.8,7.90123e-09,9.75461e-17,0.470386
20,11223113000000,340393,0.148787,0.669734,6.72102,1.49313,1000000000.0,0.8,9.55603e-10,1.4268400000000001e-18,0.337592
20,11223114000000,340393,0.148787,,6.72102,0.0,1000000000.0,0.8,0.0,0.0,0.0
20,11223115000000,340393,0.148787,,6.72102,0.0,1000000000.0,0.8,0.0,0.0,0.0
21,10205500000000,15545,0.0512705,0.0512705,19.5044,19.5044,4000000000.0,1.0,4.8761e-09,2.37763e-17,0.0
21,10205501000000,19545,0.0690202,0.138,14.4885,7.24638,4000000000.0,1.0,1.81159e-09,3.2818700000000002e-18,4.0
21,10205502000000,21545,0.0633558,0.008,15.7839,125.0,2000000000.0,0.9,5.0625e-08,3.16406e-15,0.554908
21,11206193000000,41132,0.0529028,0.041405,18.9026,24.1517,4000000000.0,1.0,6.03792e-09,3.64564e-17,0.999931
21,11206194000000,43132,0.0504498,0.0,19.8217,0.0,2000000000.0,0.9,0.0,0.0,0.774358
21,11206195000000,43775,0.0497544,0.00311042,20.0987,321.5,1000000000.0,0.8,2.0576e-07,6.61518e-14,1.5131e-07
21,11222906000000,45855,0.0485443,0.0230769,20.5997,43.3333,1000000000.0,0.8,2.77333e-08,1.20178e-15,0.0
21,11222907000000,49855,0.0459332,0.016,21.7707,62.5,4000000000.0,1.0,1.5625e-08,2.44141e-16,4.0
21,11222908000000,53855,0.0430229,0.00675,23.2434,148.148,4000000000.0,1.0,3.7037e-08,1.37174e-15,4.0
21,11222909000000,57855,0.0429004,0.04125,23.3098,24.2424,4000000000.0,1.0,6.06061e-09,3.67309e-17,3.18324
21,11222910000000,59855,0.0418678,0.012,23.8847,83.3333,2000000000.0,0.9,3.375e-08,1.40625e-15,1.84553
21,11222911000000,60855,0.0439405,0.168,22.758,5.95238,1000000000.0,0.8,3.80952e-09,2.26757e-17,0.861538
21,11222912000000,62855,0.0429242,0.012,23.2969,83.3333,2000000000.0,0.9,3.375e-08,1.40625e-15,1.1318
21,11222913000000,63855,0.044006,0.112,22.7242,8.92857,1000000000.0,0.8,5.71429e-09,5.10204e-17,0.861538
21,11222914000000,67855,0.0422371,0.014,23.6759,71.4286,4000000000.0,1.0,1.78571e-08,3.18878e-16,2.52637
21,11222915000000,69855,0.0413714,0.012,24.1713,83.3333,2000000000.0,0.9,3.375e-08,1.40625e-15,1.57308
21,11222916000000,71855,0.0425579,0.084,23.4974,11.9048,2000000000.0,0.9,4.82143e-09,2.8699e-17,0.861538
21,11222917000000,75855,0.040472,0.003,24.7085,333.333,4000000000.0,1.0,8.33333e-08,6.94444e-15,1.51445
21,11222918000000,77855,0.0417443,0.09,23.9554,11.1111,2000000000.0,0.9,4.5e-09,2.5e-17,0.499548
21,11222919000000,81855,0.039851,0.003,25.0935,333.333,4000000000.0,1.0,8.33333e-08,6.94444e-15,1.52678
21,11222920000000,83855,0.041047,0.09,24.3623,11.1111,2000000000.0,0.9,4.5e-09,2.5e-17,0.499548
21,11222921000000,87855,0.0391782,0.0,25.5244,0.0,4000000000.0,1.0,0.0,0.0,1.50149
21,11222922000000,88855,0.0391424,0.036,25.5477,27.7778,1000000000.0,0.8,1.77778e-08,4.93827e-16,0.0265184
21,11222923000000,90855,0.0399978,0.078,25.0014,12.8205,2000000000.0,0.9,5.19231e-09,3.3284e-17,0.963097
21,11222924000000,94855,0.0384376,0.003,26.0162,333.333,4000000000.0,1.0,8.33333e-08,6.94444e-15,1.47829
21,11222925000000,95855,0.0399145,0.18,25.0536,5.55556,1000000000.0,0.8,3.55556e-09,1.97531e-17,0.461538
21,11222926000000,99855,0.0384357,0.003,26.0175,333.333,4000000000.0,1.0,8.33333e-08,6.94444e-15,1.14263
21,11222927000000,100855,0.0398394,0.18,25.1008,5.55556,1000000000.0,0.8,3.55556e-09,1.97531e-17,0.461538
21,11222928000000,104855,0.038434,0.003,26.0186,333.333,4000000000.0,1.0,8.33333e-08,6.94444e-15,1.14263
21,11222929000000,105855,0.0383071,0.025,26.1048,40.0,1000000000.0,0.8,2.56e-08,1.024e-15,0.461538
21,11222930000000,107855,0.0390339,0.0775,25.6188,12.9032,2000000000.0,0.9,5.22581e-09,3.37149e-17,1.03076
21,11222931000000,109855,0.0385417,0.012,25.9459,83.3333,2000000000.0,0.9,3.375e-08,1.40625e-15,1.31256
21,11222932000000,111855,0.0393545,0.084,25.41,11.9048,2000000000.0,0.9,4.82143e-09,2.8699e-17,0.861538
21,11222933000000,115855,0.0382029,0.006,26.176,166.667,4000000000.0,1.0,4.16667e-08,1.73611e-15,1.48351
21,11222934000000,117855,0.0389801,0.084,25.6541,11.9048,2000000000.0,0.9,4.82143e-09,2.8699e-17,0.923077
21,11222935000000,121855,0.0378975,0.006,26.387,166.667,4000000000.0,1.0,4.16667e-08,1.73611e-15,1.48351
21,11222936000000,123855,0.0379234,0.0395,26.369,25.3165,2000000000.0,0.9,1.02532e-08,1.29787e-16,0.923077
21,11222937000000,127855,0.037433,0.02225,26.7144,44.9438,4000000000.0,1.0,1.1236e-08,1.26247e-16,1.38279
21,11222938000000,131855,0.0364795,0.006,27.4127,166.667,4000000000.0,1.0,4.16667e-08,1.73611e-15,1.84617
21,11222939000000,133855,0.0371895,0.084,26.8893,11.9048,2000000000.0,0.9,4.82143e-09,2.8699e-17,0.923077
21,11222940000000,137855,0.0362845,0.006,27.56,166.667,4000000000.0,1.0,4.16667e-08,1.73611e-15,1.48612
21,11222941000000,139855,0.0369669,0.084,27.0513,11.9048,2000000000.0,0.9,4.82143e-09,2.8699e-17,0.885194
21,11222942000000,143855,0.0361058,0.006,27.6964,166.667,4000000000.0,1.0,4.16667e-08,1.73611e-15,1.4795
21,11222943000000,145855,0.0363306,0.0525,27.525,19.0476,2000000000.0,0.9,7.71429e-09,7.34694e-17,0.885194
21,11222944000000,149855,0.0357813,0.01575,27.9476,63.4921,4000000000.0,1.0,1.5873e-08,2.51953e-16,1.5072
21,11222945000000,153855,0.035007,0.006,28.5657,166.667,4000000000.0,1.0,4.16667e-08,1.73611e-15,1.25655
21,11222946000000,154855,0.0358658,0.168,27.8817,5.95238,1000000000.0,0.8,3.80952e-09,2.26757e-17,0.858675
21,11222947000000,158855,0.0350382,0.003,28.5402,333.333,4000000000.0,1.0,8.33333e-08,6.94444e-15,1.13479
21,11222948000000,159855,0.0359451,0.18,27.8202,5.55556,1000000000.0,0.8,3.55556e-09,1.97531e-17,0.461538
21,11222949000000,163855,0.0351408,0.003,28.4569,333.333,4000000000.0,1.0,8.33333e-08,6.94444e-15,1.14263
21,11222950000000,164855,0.0360195,0.18,27.7627,5.55556,1000000000.0,0.8,3.55556e-09,1.97531e-17,0.461538
21,11222951000000,168855,0.0351663,0.0,28.4363,0.0,4000000000.0,1.0,0.0,0.0,1.14263
21,11222952000000,169855,0.0350299,0.012,28.5471,83.3333,1000000000.0,0.8,5.33333e-08,4.44444e-15,5.06937e-14
21,11222953000000,173855,0.0363636,0.093,27.5,10.7527,4000000000.0,1.0,2.68817e-09,7.22627e-18,3.19508
21,11222954000000,175855,0.0365813,0.0555,27.3364,18.018,2000000000.0,0.9,7.2973e-09,6.57414e-17,4.26145
21,11222955000000,177855,0.039639,0.3085,25.2277,3.24149,2000000000.0,0.9,1.3128e-09,2.12772e-18,2.95704
21,11222956000000,178855,0.0400772,0.118,24.9519,8.47458,1000000000.0,0.8,5.42373e-09,4.59638e-17,0.406519
21,11222957000000,179855,0.0411276,0.229,24.3146,4.36681,1000000000.0,0.8,2.79476e-09,1.22042e-17,0.231682
21,11222958000000,180855,0.0432059,0.417,23.145,2.39808,1000000000.0,0.8,1.53477e-09,3.68051e-18,0.872848
21,11222959000000,181855,0.0435952,0.114,22.9383,8.77193,1000000000.0,0.8,5.61404e-09,4.92459e-17,0.564598
21,11222960000000,182855,0.0458013,0.447,21.8334,2.23714,1000000000.0,0.8,1.43177e-09,3.2030600000000002e-18,0.139522
21,11222961000000,183855,0.0466781,0.207,21.4233,4.83092,1000000000.0,0.8,3.09179e-09,1.49362e-17,0.812919
21,11222962000000,184855,0.0470423,0.114,21.2575,8.77193,1000000000.0,0.8,5.61404e-09,4.92459e-17,0.443839
21,11222963000000,185855,0.0502273,0.639,19.9095,1.56495,1000000000.0,0.8,1.00156e-09,1.5673900000000001e-18,0.119907
21,11222964000000,186855,0.0506061,0.121,19.7605,8.26446,1000000000.0,0.8,5.28926e-09,4.37129e-17,0.703151
21,11222965000000,187855,0.0509329,0.112,19.6337,8.92857,1000000000.0,0.8,5.71429e-09,5.10204e-17,0.45993
21,11222966000000,188855,0.0535755,0.55,18.6653,1.81818,1000000000.0,0.8,1.16364e-09,2.1157e-18,1.21855
21,11222967000000,189855,0.0538938,0.114,18.555,8.77193,1000000000.0,0.8,5.61404e-09,4.92459e-17,0.639133
21,11222968000000,190855,0.0553352,0.329,18.0717,3.03951,1000000000.0,0.8,1.94529e-09,5.91273e-18,0.166503
21,11222969000000,191855,0.0567408,0.325,17.624,3.07692,1000000000.0,0.8,1.96923e-09,6.059170000000001e-18,1.00564
21,11222970000000,192855,0.0570377,0.114,17.5323,8.77193,1000000000.0,0.8,5.61404e-09,4.92459e-17,0.444884
21,11222971000000,193855,0.0595497,0.544,16.7927,1.83824,1000000000.0,0.8,1.17647e-09,2.1626300000000003e-18,0.127407
21,11222972000000,194855,0.0598086,0.11,16.72,9.09091,1000000000.0,0.8,5.81818e-09,5.28926e-17,0.83818
21,11222973000000,195855,0.0600853,0.114,16.643,8.77193,1000000000.0,0.8,5.61404e-09,4.92459e-17,0.52235
21,11222974000000,196855,0.0631023,0.654,15.8473,1.52905,1000000000.0,0.8,9.78593e-10,1.4963200000000001e-18,0.119044
21,11222975000000,197855,0.0633595,0.114,15.7829,8.77193,1000000000.0,0.8,5.61404e-09,4.92459e-17,0.675046
21,11222976000000,198855,0.0641523,0.221,15.5879,4.52489,1000000000.0,0.8,2.89593e-09,1.31037e-17,0.236087
21,11222977000000,199855,0.0659978,0.433,15.152,2.30947,1000000000.0,0.8,1.47806e-09,3.4135300000000004e-18,0.836325
21,11222978000000,200855,0.0662368,0.114,15.0973,8.77193,1000000000.0,0.8,5.61404e-09,4.92459e-17,0.525291
21,11222979000000,201855,0.0680488,0.432,14.6953,2.31481,1000000000.0,0.8,1.48148e-09,3.4293600000000003e-18,0.141887
21,11222980000000,202855,0.0688078,0.222,14.5332,4.5045,1000000000.0,0.8,2.88288e-09,1.2986e-17,0.745568
21,11222981000000,203855,0.0690295,0.114,14.4866,8.77193,1000000000.0,0.8,5.61404e-09,4.92459e-17,0.338155
21,11222982000000,204855,0.0717776,0.632,13.9319,1.58228,1000000000.0,0.8,1.01266e-09,1.60231e-18,0.120567
21,11222983000000,205855,0.0720264,0.123,13.8838,8.13008,1000000000.0,0.8,5.20325e-09,4.23029e-17,0.736246
21,11222984000000,206855,0.0721472,0.097,13.8606,10.3093,1000000000.0,0.8,6.59794e-09,6.802e-17,0.617737
21,11222985000000,207855,0.0745423,0.57,13.4152,1.75439,1000000000.0,0.8,1.12281e-09,1.9698400000000002e-18,0.646508
21,11222986000000,208855,0.0747313,0.114,13.3813,8.77193,1000000000.0,0.8,5.61404e-09,4.92459e-17,0.631647
21,11222987000000,209855,0.0758667,0.313,13.181,3.19489,1000000000.0,0.8,2.04473e-09,6.5326800000000004e-18,0.171997
21,11222988000000,210855,0.0771241,0.341,12.9661,2.93255,1000000000.0,0.8,1.87683e-09,5.50391e-18,0.9876
21,11222989000000,211855,0.0772982,0.114,12.9369,8.77193,1000000000.0,0.8,5.61404e-09,4.92459e-17,0.538455
21,11222990000000,212855,0.079425,0.53,12.5905,1.88679,1000000000.0,0.8,1.20755e-09,2.27839e-18,0.128767
21,11222991000000,213855,0.0796334,0.124,12.5575,8.06452,1000000000.0,0.8,5.16129e-09,4.16233e-17,0.88987
21,11222992000000,214855,0.0797933,0.114,12.5324,8.77193,1000000000.0,0.8,5.61404e-09,4.92459e-17,0.344047
21,11222993000000,215855,0.0824535,0.654,12.128,1.52905,1000000000.0,0.8,9.78593e-10,1.4963200000000001e-18,0.118686
21,11222994000000,216855,0.082599,0.114,12.1067,8.77193,1000000000.0,0.8,5.61404e-09,4.92459e-17,0.676612
21,11222995000000,217855,0.08317,0.207,12.0236,4.83092,1000000000.0,0.8,3.09179e-09,1.49362e-17,0.231631
21,11222996000000,218855,0.0848324,0.447,11.7879,2.23714,1000000000.0,0.8,1.43177e-09,3.2030600000000002e-18,0.872208
21,11222997000000,219855,0.0849651,0.114,11.7695,8.77193,1000000000.0,0.8,5.61404e-09,4.92459e-17,0.652859
21,11222998000000,220855,0.0864685,0.417,11.5649,2.39808,1000000000.0,0.8,1.53477e-09,3.68051e-18,0.144585
21,11222999000000,222855,0.0868278,0.1265,11.5171,7.90514,2000000000.0,0.9,3.20158e-09,1.26545e-17,0.743156
21,11223000000000,223855,0.087101,0.148,11.4809,6.75676,1000000000.0,0.8,4.32432e-09,2.92184e-17,0.47286
21,11223001000000,224855,0.0893998,0.604,11.1857,1.65563,1000000000.0,0.8,1.0596e-09,1.75431e-18,0.929918
21,11223002000000,226855,0.0893346,0.082,11.1939,12.1951,2000000000.0,0.9,4.93902e-09,3.0116e-17,0.678505
21,11223003000000,228855,0.089939,0.1585,11.1186,6.30915,2000000000.0,0.9,2.55521e-09,8.06058e-18,1.05313
21,11223004000000,229855,0.0907964,0.287,11.0137,3.48432,1000000000.0,0.8,2.22997e-09,7.76991e-18,1.66975
21,11223005000000,231855,0.0904056,0.0455,11.0613,21.978,2000000000.0,0.9,8.9011e-09,9.78143e-17,0.793195
21,11223006000000,232855,0.0902794,0.061,11.0767,16.3934,1000000000.0,0.8,1.04918e-08,1.71997e-16,0.430833
21,11223007000000,233855,0.0899575,0.015,11.1164,66.6667,1000000000.0,0.8,4.26667e-08,2.84444e-15,0.0356911
21,11223008000000,234855,0.0903621,0.185,11.0666,5.40541,1000000000.0,0.8,3.45946e-09,1.86998e-17,0.168174
21,11223009000000,235855,0.0904878,0.12,11.0512,8.33333,1000000000.0,0.8,5.33333e-09,4.44444e-17,0.331604
21,11223010000000,236855,0.0901564,0.012,11.0918,83.3333,1000000000.0,0.8,5.33333e-08,4.44444e-15,0.0648922
21,11223011000000,237855,0.0904795,0.167,11.0522,5.98802,1000000000.0,0.8,3.83234e-09,2.29481e-17,0.46223
21,11223012000000,238855,0.0916414,0.368,10.9121,2.71739,1000000000.0,0.8,1.73913e-09,4.7259e-18,0.182391
21,11223013000000,239855,0.0922599,0.24,10.8389,4.16667,1000000000.0,0.8,2.66667e-09,1.11111e-17,0.930197
21,11223014000000,240855,0.0923377,0.111,10.8298,9.00901,1000000000.0,0.8,5.76577e-09,5.19438e-17,0.288427
21,11223015000000,241855,0.0945691,0.632,10.5743,1.58228,1000000000.0,0.8,1.01266e-09,1.60231e-18,0.194209
21,11223016000000,242855,0.0947026,0.127,10.5594,7.87402,1000000000.0,0.8,5.03937e-09,3.96801e-17,0.750612
21,11223017000000,243855,0.094712,0.097,10.5583,10.3093,1000000000.0,0.8,6.59794e-09,6.802e-17,0.376963
21,11223018000000,244855,0.096649,0.569,10.3467,1.75747,1000000000.0,0.8,1.12478e-09,1.97677e-18,0.832713
21,11223019000000,245855,0.0967074,0.111,10.3405,9.00901,1000000000.0,0.8,5.76577e-09,5.19438e-17,0.650818
21,11223020000000,246855,0.0976606,0.332,10.2395,3.01205,1000000000.0,0.8,1.92771e-09,5.8063600000000004e-18,0.176373
21,11223021000000,247855,0.0985778,0.325,10.1443,3.07692,1000000000.0,0.8,1.96923e-09,6.059170000000001e-18,0.961643
21,11223022000000,248855,0.0986277,0.111,10.1391,9.00901,1000000000.0,0.8,5.76577e-09,5.19438e-17,0.334363
21,11223023000000,249855,0.100434,0.55,9.95676,1.81818,1000000000.0,0.8,1.16364e-09,2.1157e-18,0.157625
21,11223024000000,250855,0.100496,0.116,9.95061,8.62069,1000000000.0,0.8,5.51724e-09,4.75624e-17,0.813312
21,11223025000000,251855,0.100502,0.102,9.95002,9.80392,1000000000.0,0.8,6.27451e-09,6.15148e-17,0.352906
21,11223026000000,252855,0.102703,0.657,9.7368,1.52207,1000000000.0,0.8,9.74125e-10,1.48269e-18,0.335776
21,11223027000000,253855,0.102736,0.111,9.7337,9.00901,1000000000.0,0.8,5.76577e-09,5.19438e-17,0.67598
21,11223028000000,254855,0.103294,0.245,9.6811,4.08163,1000000000.0,0.8,2.61224e-09,1.06622e-17,0.219569
21,11223029000000,255855,0.104501,0.412,9.56932,2.42718,1000000000.0,0.8,1.5534e-09,3.77038e-18,0.82408
21,11223030000000,256855,0.104526,0.111,9.56701,9.00901,1000000000.0,0.8,5.76577e-09,5.19438e-17,0.343301
21,11223031000000,257855,0.105928,0.466,9.4404,2.14592,1000000000.0,0.8,1.37339e-09,2.9471900000000003e-18,0.129589
21,11223032000000,258855,0.106256,0.191,9.4112,5.2356,1000000000.0,0.8,3.35079e-09,1.75434e-17,0.800655
21,11223033000000,259855,0.106275,0.111,9.40958,9.00901,1000000000.0,0.8,5.76577e-09,5.19438e-17,0.301011
21,11223034000000,260855,0.108374,0.654,9.22727,1.52905,1000000000.0,0.8,9.78593e-10,1.4963200000000001e-18,0.182661
21,11223035000000,261855,0.108396,0.114,9.22544,8.77193,1000000000.0,0.8,5.61404e-09,4.92459e-17,0.688893
21,11223036000000,262855,0.108581,0.157,9.20973,6.36943,1000000000.0,0.8,4.07643e-09,2.59645e-17,0.409217
21,11223037000000,263855,0.110064,0.5,9.0856,2.0,1000000000.0,0.8,1.28e-09,2.56e-18,1.19864
21,11223038000000,264855,0.110068,0.111,9.08531,9.00901,1000000000.0,0.8,5.76577e-09,5.19438e-17,0.676555
21,11223039000000,265855,0.111087,0.381,9.00196,2.62467,1000000000.0,0.8,1.67979e-09,4.4089e-18,0.341461
21,11223040000000,266855,0.111705,0.276,8.95216,3.62319,1000000000.0,0.8,2.31884e-09,8.4016e-18,0.856877
21,11223041000000,267855,0.111702,0.111,8.95237,9.00901,1000000000.0,0.8,5.76577e-09,5.19438e-17,0.285912
21,11223042000000,268855,0.113518,0.6,8.80914,1.66667,1000000000.0,0.8,1.06667e-09,1.77778e-18,0.157529
21,11223043000000,269855,0.113572,0.128,8.80498,7.8125,1000000000.0,0.8,5e-09,3.90625e-17,0.768066
21,11223044000000,270855,0.1134,0.067,8.81833,14.9254,1000000000.0,0.8,9.55224e-09,1.42571e-16,0.393921
21,11223045000000,271855,0.1153,0.63,8.67299,1.5873,1000000000.0,0.8,1.01587e-09,1.6125e-18,0.483812
21,11223046000000,272855,0.115285,0.111,8.67418,9.00901,1000000000.0,0.8,5.76577e-09,5.19438e-17,0.584568
21,11223047000000,273855,0.11593,0.292,8.6259,3.42466,1000000000.0,0.8,2.19178e-09,7.5061e-18,0.194977
21,11223048000000,274855,0.116836,0.365,8.55899,2.73973,1000000000.0,0.8,1.75342e-09,4.8039e-18,0.95149
21,11223049000000,275855,0.116815,0.111,8.56054,9.00901,1000000000.0,0.8,5.76577e-09,5.19438e-17,0.375365
21,11223050000000,276855,0.118257,0.516,8.45617,1.93798,1000000000.0,0.8,1.24031e-09,2.4037e-18,0.149809
21,11223051000000,277855,0.118339,0.141,8.45032,7.0922,1000000000.0,0.8,4.53901e-09,3.21915e-17,0.887221
21,11223052000000,278855,0.118312,0.111,8.4522,9.00901,1000000000.0,0.8,5.76577e-09,5.19438e-17,0.36278
21,11223053000000,279855,0.120237,0.657,8.31689,1.52207,1000000000.0,0.8,9.74125e-10,1.48269e-18,0.183274
21,11223054000000,280855,0.120204,0.111,8.31916,9.00901,1000000000.0,0.8,5.76577e-09,5.19438e-17,0.700376
21,11223055000000,281855,0.120512,0.207,8.29791,4.83092,1000000000.0,0.8,3.09179e-09,1.49362e-17,0.314781
21,11223056000000,282855,0.121677,0.45,8.21847,2.22222,1000000000.0,0.8,1.42222e-09,3.16049e-18,0.804693
21,11223057000000,283855,0.12164,0.111,8.22101,9.00901,1000000000.0,0.8,5.76577e-09,5.19438e-17,0.564179
21,11223058000000,284855,0.122726,0.431,8.14826,2.32019,1000000000.0,0.8,1.48492e-09,3.4452900000000003e-18,0.126009
21,11223059000000,285855,0.123087,0.226,8.12434,4.42478,1000000000.0,0.8,2.83186e-09,1.25303e-17,0.801842
21,11223060000000,286855,0.123045,0.111,8.12712,9.00901,1000000000.0,0.8,5.76577e-09,5.19438e-17,0.354418
21,11223061000000,287855,0.124792,0.626,8.01333,1.59744,1000000000.0,0.8,1.02236e-09,1.6331700000000001e-18,0.179978
21,11223062000000,288855,0.125873,0.437,7.94453,2.28833,1000000000.0,0.8,1.46453e-09,3.3513300000000004e-18,0.606269
21,11223063000000,289855,0.125763,0.094,7.95147,10.6383,1000000000.0,0.8,6.80851e-09,7.2431e-17,0.492161
21,11223064000000,290855,0.126579,0.363,7.90023,2.75482,1000000000.0,0.8,1.76309e-09,4.85698e-18,0.104361
21,11223065000000,291855,0.127097,0.278,7.86798,3.59712,1000000000.0,0.8,2.30216e-09,8.28114e-18,0.721062
21,11223066000000,292855,0.127169,0.148,7.86357,6.75676,1000000000.0,0.8,4.32432e-09,2.92184e-17,0.247687
21,11223067000000,293855,0.128706,0.579,7.76963,1.72712,1000000000.0,0.8,1.10535e-09,1.90907e-18,0.260571
21,11223068000000,294855,0.128728,0.135,7.76834,7.40741,1000000000.0,0.8,4.74074e-09,3.51166e-17,0.818446
21,11223069000000,295855,0.128546,0.075,7.77931,13.3333,1000000000.0,0.8,8.53333e-09,1.13778e-16,0.568119
21,11223070000000,296855,0.130131,0.599,7.68457,1.66945,1000000000.0,0.8,1.06845e-09,1.7837200000000002e-18,0.418427
21,11223071000000,297855,0.130191,0.148,7.68103,6.75676,1000000000.0,0.8,4.32432e-09,2.92184e-17,0.621198
21,11223072000000,298855,0.130739,0.294,7.64883,3.40136,1000000000.0,0.8,2.17687e-09,7.404320000000001e-18,0.281146
21,11223073000000,299855,0.131417,0.334,7.60937,2.99401,1000000000.0,0.8,1.91617e-09,5.73703e-18,0.923117
21,11223074000000,300855,0.131359,0.114,7.61273,8.77193,1000000000.0,0.8,5.61404e-09,4.92459e-17,0.310489
21,11223075000000,301855,0.132736,0.547,7.53376,1.82815,1000000000.0,0.8,1.17002e-09,2.1389700000000003e-18,0.167173
21,11223076000000,302855,0.132644,0.105,7.53896,9.52381,1000000000.0,0.8,6.09524e-09,5.80499e-17,0.83416
21,11223077000000,303855,0.132675,0.142,7.53721,7.04225,1000000000.0,0.8,4.50704e-09,3.17397e-17,0.545589
21,11223078000000,304855,0.1343,0.628,7.44602,1.59236,1000000000.0,0.8,1.01911e-09,1.62278e-18,0.266782
21,11223079000000,305855,0.134234,0.114,7.4497,8.77193,1000000000.0,0.8,5.61404e-09,4.92459e-17,0.91077
21,11223080000000,306855,0.134656,0.264,7.42631,3.78788,1000000000.0,0.8,2.42424e-09,9.18274e-18,0.218894
21,11223081000000,307855,0.13546,0.382,7.38226,2.6178,1000000000.0,0.8,1.67539e-09,4.385840000000001e-18,0.758014
21,11223082000000,308855,0.1355,0.148,7.38005,6.75676,1000000000.0,0.8,4.32432e-09,2.92184e-17,0.414009
21,11223083000000,309855,0.136599,0.476,7.32068,2.10084,1000000000.0,0.8,1.34454e-09,2.8246600000000003e-18,0.249594
21,11223084000000,310855,0.136649,0.152,7.31802,6.57895,1000000000.0,0.8,4.21053e-09,2.77008e-17,0.831005
21,11223085000000,311855,0.136576,0.114,7.32191,8.77193,1000000000.0,0.8,5.61404e-09,4.92459e-17,0.315557
21,11223086000000,312855,0.138205,0.646,7.23565,1.54799,1000000000.0,0.8,9.90712e-10,1.5336100000000002e-18,0.239694
21,11223087000000,313855,0.138236,0.148,7.23402,6.75676,1000000000.0,0.8,4.32432e-09,2.92184e-17,0.658587
21,11223088000000,314855,0.138384,0.185,7.22625,5.40541,1000000000.0,0.8,3.45946e-09,1.86998e-17,0.406182
21,11223089000000,315855,0.139349,0.443,7.17624,2.25734,1000000000.0,0.8,1.4447e-09,3.2611600000000003e-18,1.31656
21,11223090000000,316855,0.139269,0.114,7.18036,8.77193,1000000000.0,0.8,5.61404e-09,4.92459e-17,0.33361
21,11223091000000,317855,0.140231,0.445,7.13111,2.24719,1000000000.0,0.8,1.4382e-09,3.2319200000000004e-18,0.174158
21,11223092000000,318855,0.140421,0.201,7.12143,4.97512,1000000000.0,0.8,3.18408e-09,1.58412e-17,0.756693
21,11223093000000,319855,0.140445,0.148,7.12023,6.75676,1000000000.0,0.8,4.32432e-09,2.92184e-17,0.264848
21,11223094000000,320855,0.141949,0.623,7.04479,1.60514,1000000000.0,0.8,1.02729e-09,1.64894e-18,0.253108
21,11223095000000,321855,0.141878,0.119,7.04833,8.40336,1000000000.0,0.8,5.37815e-09,4.51945e-17,0.664416
21,11223096000000,322855,0.141924,0.157,7.04601,6.36943,1000000000.0,0.8,4.07643e-09,2.59645e-17,0.361941
21,11223097000000,323855,0.142996,0.489,6.9932,2.04499,1000000000.0,0.8,1.30879e-09,2.6764700000000004e-18,1.16978
21,11223098000000,324855,0.143011,0.148,6.99244,6.75676,1000000000.0,0.8,4.32432e-09,2.92184e-17,0.656913
21,11223099000000,325855,0.143711,0.371,6.9584,2.69542,1000000000.0,0.8,1.72507e-09,4.64978e-18,0.279601
21,11223100000000,326855,0.144058,0.257,6.94166,3.89105,1000000000.0,0.8,2.49027e-09,9.689780000000001e-18,0.91316
21,11223101000000,327855,0.143966,0.114,6.94608,8.77193,1000000000.0,0.8,5.61404e-09,4.92459e-17,0.331757
21,11223102000000,328855,0.145408,0.618,6.87722,1.61812,1000000000.0,0.8,1.0356e-09,1.67573e-18,0.171053
21,11223103000000,329855,0.145367,0.132,6.87914,7.57576,1000000000.0,0.8,4.84848e-09,3.67309e-17,0.745763
21,11223104000000,330855,0.1452,0.09,6.88707,11.1111,1000000000.0,0.8,7.11111e-09,7.90123e-17,0.479788
21,11223105000000,331855,0.146516,0.582,6.8252,1.71821,1000000000.0,0.8,1.09966e-09,1.8894400000000002e-18,0.694202
21,11223106000000,332855,0.146418,0.114,6.82976,8.77193,1000000000.0,0.8,5.61404e-09,4.92459e-17,0.619036
21,11223107000000,333855,0.146995,0.339,6.80295,2.94985,1000000000.0,0.8,1.88791e-09,5.569040000000001e-18,0.235969
21,11223108000000,334855,0.147473,0.307,6.78091,3.25733,1000000000.0,0.8,2.08469e-09,6.7905200000000004e-18,1.05199
21,11223109000000,335855,0.147474,0.148,6.78084,6.75676,1000000000.0,0.8,4.32432e-09,2.92184e-17,0.551614
21,11223110000000,336855,0.148678,0.553,6.72593,1.80832,1000000000.0,0.8,1.15732e-09,2.0928100000000003e-18,0.24687
21,11223111000000,337855,0.148579,0.115,6.73045,8.69565,1000000000.0,0.8,5.56522e-09,4.83932e-17,0.905504
21,11223112000000,338855,0.148379,0.081,6.73949,12.3457,1000000000.0,0.8,7.90123e-09,9.75461e-17,0.332534
21,11223113000000,339833,0.149879,0.669734,6.67203,1.49313,1000000000.0,0.8,9.55603e-10,1.4268400000000001e-18,0.410185
21,11223114000000,339833,0.149879,,6.67203,0.0,1000000000.0,0.8,0.0,0.0,0.0
21,11223115000000,339833,0.149879,,6.67203,0.0,1000000000.0,0.8,0.0,0.0,0.0
22,10205500000000,15545,0.0516565,0.0516565,19.3587,19.3587,4000000000.0,1.0,4.83966e-09,2.34223e-17,0.0
22,10205501000000,19545,0.0690202,0.1365,14.4885,7.32601,4000000000.0,1.0,1.8315e-09,3.3544e-18,4.0
22,10205502000000,21545,0.0633558,0.008,15.7839,125.0,2000000000.0,0.9,5.0625e-08,3.16406e-15,0.556228
22,11206193000000,41516,0.061663,0.0598368,16.2172,16.7121,4000000000.0,1.0,4.17803e-09,1.7456e-17,0.999952
22,11206194000000,43516,0.0588289,0.0,16.9984,0.0,2000000000.0,0.9,0.0,0.0,0.773976
22,11206195000000,43879,0.0583878,0.00550964,17.1269,181.5,1000000000.0,0.8,1.1616e-07,2.1083e-14,7.41418e-08
22,11222906000000,45959,0.0567897,0.0230769,17.6088,43.3333,1000000000.0,0.8,2.77333e-08,1.20178e-15,0.0
22,11222907000000,49959,0.0535239,0.016,18.6832,62.5,4000000000.0,1.0,1.5625e-08,2.44141e-16,4.0
22,11222908000000,53959,0.0500565,0.00675,19.9774,148.148,4000000000.0,1.0,3.7037e-08,1.37174e-15,4.0
22,11222909000000,57959,0.0494487,0.04125,20.223,24.2424,4000000000.0,1.0,6.06061e-09,3.67309e-17,3.18325
22,11222910000000,59959,0.0481996,0.012,20.7471,83.3333,2000000000.0,0.9,3.375e-08,1.40625e-15,1.84572
22,11222911000000,60959,0.0501649,0.168,19.9343,5.95238,1000000000.0,0.8,3.80952e-09,2.26757e-17,0.861538
22,11222912000000,62959,0.0489525,0.012,20.428,83.3333,2000000000.0,0.9,3.375e-08,1.40625e-15,1.1318
22,11222913000000,63959,0.0499382,0.112,20.0247,8.92857,1000000000.0,0.8,5.71429e-09,5.10204e-17,0.861538
22,11222914000000,67959,0.047823,0.014,20.9105,71.4286,4000000000.0,1.0,1.78571e-08,3.18878e-16,2.52386
22,11222915000000,69959,0.0467988,0.012,21.3681,83.3333,2000000000.0,0.9,3.375e-08,1.40625e-15,1.53621
22,11222916000000,71959,0.0478328,0.084,20.9062,11.9048,2000000000.0,0.9,4.82143e-09,2.8699e-17,0.861538
22,11222917000000,75959,0.0454719,0.003,21.9916,333.333,4000000000.0,1.0,8.33333e-08,6.94444e-15,1.51643
22,11222918000000,77959,0.0466142,0.09,21.4527,11.1111,2000000000.0,0.9,4.5e-09,2.5e-17,0.470665
22,11222919000000,81959,0.0444857,0.003,22.4792,333.333,4000000000.0,1.0,8.33333e-08,6.94444e-15,1.52373
22,11222920000000,83959,0.0455699,0.09,21.9443,11.1111,2000000000.0,0.9,4.5e-09,2.5e-17,0.470665
22,11222921000000,87959,0.0434975,0.0,22.9898,0.0,4000000000.0,1.0,0.0,0.0,1.49421
22,11222922000000,88959,0.0434133,0.036,23.0344,27.7778,1000000000.0,0.8,1.77778e-08,4.93827e-16,0.00636706
22,11222923000000,90959,0.0441737,0.078,22.6379,12.8205,2000000000.0,0.9,5.19231e-09,3.3284e-17,1.02863
22,11222924000000,94959,0.0424394,0.003,23.563,333.333,4000000000.0,1.0,8.33333e-08,6.94444e-15,1.4755
22,11222925000000,95959,0.0438729,0.18,22.7931,5.55556,1000000000.0,0.8,3.55556e-09,1.97531e-17,0.461538
22,11222926000000,99959,0.0422373,0.003,23.6757,333.333,4000000000.0,1.0,8.33333e-08,6.94444e-15,1.14263
22,11222927000000,100959,0.0436019,0.18,22.9348,5.55556,1000000000.0,0.8,3.55556e-09,1.97531e-17,0.461538
22,11222928000000,104959,0.0420545,0.003,23.7787,333.333,4000000000.0,1.0,8.33333e-08,6.94444e-15,1.14263
22,11222929000000,105959,0.0418936,0.025,23.87,40.0,1000000000.0,0.8,2.56e-08,1.024e-15,0.461538
22,11222930000000,107959,0.0425532,0.0775,23.5,12.9032,2000000000.0,0.9,5.22581e-09,3.37149e-17,1.03076
22,11222931000000,109959,0.0419975,0.012,23.811,83.3333,2000000000.0,0.9,3.375e-08,1.40625e-15,1.31256
22,11222932000000,111959,0.0427478,0.084,23.393,11.9048,2000000000.0,0.9,4.82143e-09,2.8699e-17,0.861538
22,11222933000000,115959,0.0414802,0.006,24.1079,166.667,4000000000.0,1.0,4.16667e-08,1.73611e-15,1.48351
22,11222934000000,117959,0.0422011,0.084,23.6961,11.9048,2000000000.0,0.9,4.82143e-09,2.8699e-17,0.923077
22,11222935000000,121959,0.0410138,0.006,24.382,166.667,4000000000.0,1.0,4.16667e-08,1.73611e-15,1.48351
22,11222936000000,123959,0.0409894,0.0395,24.3966,25.3165,2000000000.0,0.9,1.02532e-08,1.29787e-16,0.923077
22,11222937000000,127959,0.0404036,0.02225,24.7503,44.9438,4000000000.0,1.0,1.1236e-08,1.26247e-16,1.38193
22,11222938000000,131959,0.0393607,0.006,25.406,166.667,4000000000.0,1.0,4.16667e-08,1.73611e-15,1.84616
22,11222939000000,133959,0.0400272,0.084,24.983,11.9048,2000000000.0,0.9,4.82143e-09,2.8699e-17,0.923077
22,11222940000000,137959,0.0390406,0.006,25.6144,166.667,4000000000.0,1.0,4.16667e-08,1.73611e-15,1.48414
22,11222941000000,139959,0.0396831,0.084,25.1997,11.9048,2000000000.0,0.9,4.82143e-09,2.8699e-17,0.913981
22,11222942000000,143959,0.0387471,0.006,25.8084,166.667,4000000000.0,1.0,4.16667e-08,1.73611e-15,1.48255
22,11222943000000,145959,0.0389356,0.0525,25.6834,19.0476,2000000000.0,0.9,7.71429e-09,7.34694e-17,0.913981
22,11222944000000,149959,0.0383171,0.01575,26.098,63.4921,4000000000.0,1.0,1.5873e-08,2.51953e-16,1.50642
22,11222945000000,153959,0.0374775,0.006,26.6827,166.667,4000000000.0,1.0,4.16667e-08,1.73611e-15,1.40445
22,11222946000000,154959,0.0383198,0.168,26.0962,5.95238,1000000000.0,0.8,3.80952e-09,2.26757e-17,0.907614
22,11222947000000,158959,0.037431,0.003,26.7158,333.333,4000000000.0,1.0,8.33333e-08,6.94444e-15,1.13252
22,11222948000000,159959,0.0383223,0.18,26.0945,5.55556,1000000000.0,0.8,3.55556e-09,1.97531e-17,0.461538
22,11222949000000,163959,0.0374606,0.003,26.6947,333.333,4000000000.0,1.0,8.33333e-08,6.94444e-15,1.14263
22,11222950000000,164959,0.0383247,0.18,26.0929,5.55556,1000000000.0,0.8,3.55556e-09,1.97531e-17,0.461538
22,11222951000000,168959,0.0374174,0.0,26.7256,0.0,4000000000.0,1.0,0.0,0.0,1.14263
22,11222952000000,169959,0.0372678,0.012,26.8328,83.3333,1000000000.0,0.8,5.33333e-08,4.44444e-15,1.21716e-14
22,11222953000000,173959,0.0385493,0.093,25.9408,10.7527,4000000000.0,1.0,2.68817e-09,7.22627e-18,3.19508
22,11222954000000,175959,0.038742,0.0555,25.8118,18.018,2000000000.0,0.9,7.2973e-09,6.57414e-17,4.25913
22,11222955000000,177959,0.0417737,0.3085,23.9385,3.24149,2000000000.0,0.9,1.3128e-09,2.12772e-18,2.95683
22,11222956000000,178959,0.0421996,0.118,23.6969,8.47458,1000000000.0,0.8,5.42373e-09,4.59638e-17,0.399672
22,11222957000000,179959,0.0432376,0.229,23.128,4.36681,1000000000.0,0.8,2.79476e-09,1.22042e-17,0.220705
22,11222958000000,180959,0.0453031,0.417,22.0736,2.39808,1000000000.0,0.8,1.53477e-09,3.68051e-18,0.830118
22,11222959000000,181959,0.0456806,0.114,21.8911,8.77193,1000000000.0,0.8,5.61404e-09,4.92459e-17,0.52119
22,11222960000000,182959,0.0478741,0.447,20.8881,2.23714,1000000000.0,0.8,1.43177e-09,3.2030600000000002e-18,0.138547
22,11222961000000,183959,0.0487391,0.207,20.5174,4.83092,1000000000.0,0.8,3.09179e-09,1.49362e-17,0.801151
22,11222962000000,184959,0.049092,0.114,20.3699,8.77193,1000000000.0,0.8,5.61404e-09,4.92459e-17,0.443823
22,11222963000000,185959,0.0522642,0.639,19.1336,1.56495,1000000000.0,0.8,1.00156e-09,1.5673900000000001e-18,0.119581
22,11222964000000,186959,0.0526319,0.121,18.9999,8.26446,1000000000.0,0.8,5.28926e-09,4.37129e-17,0.707883
22,11222965000000,187959,0.0529477,0.112,18.8866,8.92857,1000000000.0,0.8,5.71429e-09,5.10204e-17,0.44722
22,11222966000000,188959,0.0555782,0.55,17.9927,1.81818,1000000000.0,0.8,1.16364e-09,2.1157e-18,1.28711
22,11222967000000,189959,0.0558857,0.114,17.8937,8.77193,1000000000.0,0.8,5.61404e-09,4.92459e-17,0.624494
22,11222968000000,190959,0.057316,0.329,17.4471,3.03951,1000000000.0,0.8,1.94529e-09,5.91273e-18,0.164136
22,11222969000000,191959,0.0587105,0.325,17.0327,3.07692,1000000000.0,0.8,1.96923e-09,6.059170000000001e-18,1.01774
22,11222970000000,192959,0.058997,0.114,16.95,8.77193,1000000000.0,0.8,5.61404e-09,4.92459e-17,0.4448
22,11222971000000,193959,0.0614975,0.544,16.2608,1.83824,1000000000.0,0.8,1.17647e-09,2.1626300000000003e-18,0.126837
22,11222972000000,194959,0.0617463,0.11,16.1953,9.09091,1000000000.0,0.8,5.81818e-09,5.28926e-17,0.84334
22,11222973000000,195959,0.062013,0.114,16.1257,8.77193,1000000000.0,0.8,5.61404e-09,4.92459e-17,0.534818
22,11222974000000,196959,0.0650186,0.654,15.3802,1.52905,1000000000.0,0.8,9.78593e-10,1.4963200000000001e-18,0.118856
22,11222975000000,197959,0.065266,0.114,15.3219,8.77193,1000000000.0,0.8,5.61404e-09,4.92459e-17,0.672091
22,11222976000000,198959,0.0660488,0.221,15.1403,4.52489,1000000000.0,0.8,2.89593e-09,1.31037e-17,0.233767
22,11222977000000,199959,0.0678839,0.433,14.731,2.30947,1000000000.0,0.8,1.47806e-09,3.4135300000000004e-18,0.808972
22,11222978000000,200959,0.0681134,0.114,14.6814,8.77193,1000000000.0,0.8,5.61404e-09,4.92459e-17,0.511967
22,11222979000000,201959,0.0699152,0.432,14.303,2.31481,1000000000.0,0.8,1.48148e-09,3.4293600000000003e-18,0.140825
22,11222980000000,202959,0.0706645,0.222,14.1514,4.5045,1000000000.0,0.8,2.88288e-09,1.2986e-17,0.736413
22,11222981000000,203959,0.070877,0.114,14.109,8.77193,1000000000.0,0.8,5.61404e-09,4.92459e-17,0.319866
22,11222982000000,204959,0.0736147,0.632,13.5842,1.58228,1000000000.0,0.8,1.01266e-09,1.60231e-18,0.120208
22,11222983000000,205959,0.0738545,0.123,13.5401,8.13008,1000000000.0,0.8,5.20325e-09,4.23029e-17,0.739817
22,11222984000000,206959,0.0739663,0.097,13.5197,10.3093,1000000000.0,0.8,6.59794e-09,6.802e-17,0.565044
22,11222985000000,207959,0.0763516,0.57,13.0973,1.75439,1000000000.0,0.8,1.12281e-09,1.9698400000000002e-18,0.669384
22,11222986000000,208959,0.0765318,0.114,13.0665,8.77193,1000000000.0,0.8,5.61404e-09,4.92459e-17,0.622423
22,11222987000000,209959,0.077658,0.313,12.877,3.19489,1000000000.0,0.8,2.04473e-09,6.5326800000000004e-18,0.169206
22,11222988000000,210959,0.0789063,0.341,12.6733,2.93255,1000000000.0,0.8,1.87683e-09,5.50391e-18,0.99484
22,11222989000000,211959,0.0790719,0.114,12.6467,8.77193,1000000000.0,0.8,5.61404e-09,4.92459e-17,0.538406
22,11222990000000,212959,0.0811893,0.53,12.3169,1.88679,1000000000.0,0.8,1.20755e-09,2.27839e-18,0.128156
22,11222991000000,213959,0.0813894,0.124,12.2866,8.06452,1000000000.0,0.8,5.16129e-09,4.16233e-17,0.896949
22,11222992000000,214959,0.0815411,0.114,12.2637,8.77193,1000000000.0,0.8,5.61404e-09,4.92459e-17,0.342638
22,11222993000000,215959,0.0841919,0.654,11.8776,1.52905,1000000000.0,0.8,9.78593e-10,1.4963200000000001e-18,0.118458
22,11222994000000,216959,0.0843293,0.114,11.8583,8.77193,1000000000.0,0.8,5.61404e-09,4.92459e-17,0.674009
22,11222995000000,217959,0.0848921,0.207,11.7797,4.83092,1000000000.0,0.8,3.09179e-09,1.49362e-17,0.237264
22,11222996000000,218959,0.0865459,0.447,11.5546,2.23714,1000000000.0,0.8,1.43177e-09,3.2030600000000002e-18,0.865591
22,11222997000000,219959,0.0866707,0.114,11.5379,8.77193,1000000000.0,0.8,5.61404e-09,4.92459e-17,0.679764
22,11222998000000,220959,0.0881657,0.417,11.3423,2.39808,1000000000.0,0.8,1.53477e-09,3.68051e-18,0.143386
22,11222999000000,222959,0.0885095,0.1265,11.2982,7.90514,2000000000.0,0.9,3.20158e-09,1.26545e-17,0.735491
22,11223000000000,223959,0.0887752,0.148,11.2644,6.75676,1000000000.0,0.8,4.32432e-09,2.92184e-17,0.472724
22,11223001000000,224959,0.0910655,0.604,10.9811,1.65563,1000000000.0,0.8,1.0596e-09,1.75431e-18,0.973367
22,11223002000000,226959,0.0909856,0.082,10.9908,12.1951,2000000000.0,0.9,4.93902e-09,3.0116e-17,0.67849
22,11223003000000,228959,0.0915753,0.1585,10.92,6.30915,2000000000.0,0.9,2.55521e-09,8.06058e-18,1.09168
22,11223004000000,229959,0.0924252,0.287,10.8196,3.48432,1000000000.0,0.8,2.22997e-09,7.76991e-18,1.66828
22,11223005000000,231959,0.0920206,0.0455,10.8671,21.978,2000000000.0,0.9,8.9011e-09,9.78143e-17,0.818552
22,11223006000000,232959,0.0918874,0.061,10.8829,16.3934,1000000000.0,0.8,1.04918e-08,1.71997e-16,0.429139
22,11223007000000,233959,0.0915588,0.015,10.9219,66.6667,1000000000.0,0.8,4.26667e-08,2.84444e-15,0.0323931
22,11223008000000,234959,0.0919565,0.185,10.8747,5.40541,1000000000.0,0.8,3.45946e-09,1.86998e-17,0.16262
22,11223009000000,235959,0.0920753,0.12,10.8607,8.33333,1000000000.0,0.8,5.33333e-09,4.44444e-17,0.292659
22,11223010000000,236959,0.0917374,0.012,10.9007,83.3333,1000000000.0,0.8,5.33333e-08,4.44444e-15,0.058865
22,11223011000000,237959,0.0920537,0.167,10.8632,5.98802,1000000000.0,0.8,3.83234e-09,2.29481e-17,0.443792
22,11223012000000,238959,0.0932085,0.368,10.7286,2.71739,1000000000.0,0.8,1.73913e-09,4.7259e-18,0.177356
22,11223013000000,239959,0.0938202,0.24,10.6587,4.16667,1000000000.0,0.8,2.66667e-09,1.11111e-17,0.925269
22,11223014000000,240959,0.0938915,0.111,10.6506,9.00901,1000000000.0,0.8,5.76577e-09,5.19438e-17,0.287821
22,11223015000000,241959,0.0961155,0.632,10.4042,1.58228,1000000000.0,0.8,1.01266e-09,1.60231e-18,0.170679
22,11223016000000,242959,0.0962426,0.127,10.3904,7.87402,1000000000.0,0.8,5.03937e-09,3.96801e-17,0.760309
22,11223017000000,243959,0.0962457,0.097,10.3901,10.3093,1000000000.0,0.8,6.59794e-09,6.802e-17,0.353604
22,11223018000000,244959,0.0981756,0.569,10.1858,1.75747,1000000000.0,0.8,1.12478e-09,1.97677e-18,0.87064
22,11223019000000,245959,0.0982278,0.111,10.1804,9.00901,1000000000.0,0.8,5.76577e-09,5.19438e-17,0.639277
22,11223020000000,246959,0.0991744,0.332,10.0833,3.01205,1000000000.0,0.8,1.92771e-09,5.8063600000000004e-18,0.16784
22,11223021000000,247959,0.100085,0.325,9.9915,3.07692,1000000000.0,0.8,1.96923e-09,6.059170000000001e-18,0.966048
22,11223022000000,248959,0.100129,0.111,9.98712,9.00901,1000000000.0,0.8,5.76577e-09,5.19438e-17,0.331701
22,11223023000000,249959,0.101929,0.55,9.81078,1.81818,1000000000.0,0.8,1.16364e-09,2.1157e-18,0.145639
22,11223024000000,250959,0.101985,0.116,9.80538,8.62069,1000000000.0,0.8,5.51724e-09,4.75624e-17,0.812804
22,11223025000000,251959,0.101985,0.102,9.80538,9.80392,1000000000.0,0.8,6.27451e-09,6.15148e-17,0.353308
22,11223026000000,252959,0.104179,0.657,9.59887,1.52207,1000000000.0,0.8,9.74125e-10,1.48269e-18,0.365319
22,11223027000000,253959,0.104206,0.111,9.5964,9.00901,1000000000.0,0.8,5.76577e-09,5.19438e-17,0.698667
22,11223028000000,254959,0.104758,0.245,9.54581,4.08163,1000000000.0,0.8,2.61224e-09,1.06622e-17,0.20812
22,11223029000000,255959,0.105958,0.412,9.43767,2.42718,1000000000.0,0.8,1.5534e-09,3.77038e-18,0.81975
22,11223030000000,256959,0.105978,0.111,9.43592,9.00901,1000000000.0,0.8,5.76577e-09,5.19438e-17,0.343241
22,11223031000000,257959,0.107374,0.466,9.31327,2.14592,1000000000.0,0.8,1.37339e-09,2.9471900000000003e-18,0.127019
22,11223032000000,258959,0.107697,0.191,9.28535,5.2356,1000000000.0,0.8,3.35079e-09,1.75434e-17,0.805463
22,11223033000000,259959,0.107709,0.111,9.28425,9.00901,1000000000.0,0.8,5.76577e-09,5.19438e-17,0.297406
22,11223034000000,260959,0.109803,0.654,9.10725,1.52905,1000000000.0,0.8,9.78593e-10,1.4963200000000001e-18,0.163035
22,11223035000000,261959,0.109819,0.114,9.10592,8.77193,1000000000.0,0.8,5.61404e-09,4.92459e-17,0.703929
22,11223036000000,262959,0.109998,0.157,9.09106,6.36943,1000000000.0,0.8,4.07643e-09,2.59645e-17,0.37932
22,11223037000000,263959,0.111476,0.5,8.97057,2.0,1000000000.0,0.8,1.28e-09,2.56e-18,1.18628
22,11223038000000,264959,0.111474,0.111,8.97071,9.00901,1000000000.0,0.8,5.76577e-09,5.19438e-17,0.679036
22,11223039000000,265959,0.112487,0.381,8.8899,2.62467,1000000000.0,0.8,1.67979e-09,4.4089e-18,0.280609
22,11223040000000,266959,0.1131,0.276,8.84175,3.62319,1000000000.0,0.8,2.31884e-09,8.4016e-18,0.856819
22,11223041000000,267959,0.113092,0.111,8.84236,9.00901,1000000000.0,0.8,5.76577e-09,5.19438e-17,0.285516
22,11223042000000,268959,0.114902,0.6,8.70305,1.66667,1000000000.0,0.8,1.06667e-09,1.77778e-18,0.145022
22,11223043000000,269959,0.114951,0.128,8.69937,7.8125,1000000000.0,0.8,5e-09,3.90625e-17,0.769348
22,11223044000000,270959,0.114774,0.067,8.71279,14.9254,1000000000.0,0.8,9.55224e-09,1.42571e-16,0.434902
22,11223045000000,271959,0.116668,0.63,8.57131,1.5873,1000000000.0,0.8,1.01587e-09,1.6125e-18,0.471631
22,11223046000000,272959,0.116648,0.111,8.57283,9.00901,1000000000.0,0.8,5.76577e-09,5.19438e-17,0.584926
22,11223047000000,273959,0.117288,0.292,8.52605,3.42466,1000000000.0,0.8,2.19178e-09,7.5061e-18,0.184852
22,11223048000000,274959,0.118189,0.365,8.46106,2.73973,1000000000.0,0.8,1.75342e-09,4.8039e-18,0.952426
22,11223049000000,275959,0.118162,0.111,8.46292,9.00901,1000000000.0,0.8,5.76577e-09,5.19438e-17,0.393293
22,11223050000000,276959,0.119599,0.516,8.36128,1.93798,1000000000.0,0.8,1.24031e-09,2.4037e-18,0.140546
22,11223051000000,277959,0.119676,0.141,8.3559,7.0922,1000000000.0,0.8,4.53901e-09,3.21915e-17,0.891327
22,11223052000000,278959,0.119645,0.111,8.35807,9.00901,1000000000.0,0.8,5.76577e-09,5.19438e-17,0.362028
22,11223053000000,279959,0.121564,0.657,8.2261,1.52207,1000000000.0,0.8,9.74125e-10,1.48269e-18,0.16518
22,11223054000000,280959,0.121527,0.111,8.22865,9.00901,1000000000.0,0.8,5.76577e-09,5.19438e-17,0.711495
22,11223055000000,281959,0.12183,0.207,8.20817,4.83092,1000000000.0,0.8,3.09179e-09,1.49362e-17,0.284489
22,11223056000000,282959,0.12299,0.45,8.13077,2.22222,1000000000.0,0.8,1.42222e-09,3.16049e-18,0.802538
22,11223057000000,283959,0.122947,0.111,8.13356,9.00901,1000000000.0,0.8,5.76577e-09,5.19438e-17,0.612099
22,11223058000000,284959,0.124028,0.431,8.06267,2.32019,1000000000.0,0.8,1.48492e-09,3.4452900000000003e-18,0.125939
22,11223059000000,285959,0.124385,0.226,8.03956,4.42478,1000000000.0,0.8,2.83186e-09,1.25303e-17,0.795531
22,11223060000000,286959,0.124338,0.111,8.04257,9.00901,1000000000.0,0.8,5.76577e-09,5.19438e-17,0.354265
22,11223061000000,287959,0.12608,0.626,7.93144,1.59744,1000000000.0,0.8,1.02236e-09,1.6331700000000001e-18,0.159159
22,11223062000000,288959,0.127156,0.437,7.86433,2.28833,1000000000.0,0.8,1.46453e-09,3.3513300000000004e-18,0.621945
22,11223063000000,289959,0.127042,0.094,7.87141,10.6383,1000000000.0,0.8,6.80851e-09,7.2431e-17,0.491444
22,11223064000000,290959,0.127853,0.363,7.82148,2.75482,1000000000.0,0.8,1.76309e-09,4.85698e-18,0.104242
22,11223065000000,291959,0.128367,0.278,7.79014,3.59712,1000000000.0,0.8,2.30216e-09,8.28114e-18,0.748377
22,11223066000000,292959,0.128434,0.148,7.78608,6.75676,1000000000.0,0.8,4.32432e-09,2.92184e-17,0.243989
22,11223067000000,293959,0.129967,0.579,7.69425,1.72712,1000000000.0,0.8,1.10535e-09,1.90907e-18,0.255566
22,11223068000000,294959,0.129984,0.135,7.69324,7.40741,1000000000.0,0.8,4.74074e-09,3.51166e-17,0.818903
22,11223069000000,295959,0.129798,0.075,7.70426,13.3333,1000000000.0,0.8,8.53333e-09,1.13778e-16,0.618417
22,11223070000000,296959,0.131378,0.599,7.6116,1.66945,1000000000.0,0.8,1.06845e-09,1.7837200000000002e-18,0.423208
22,11223071000000,297959,0.131434,0.148,7.60837,6.75676,1000000000.0,0.8,4.32432e-09,2.92184e-17,0.622181
22,11223072000000,298959,0.131978,0.294,7.57702,3.40136,1000000000.0,0.8,2.17687e-09,7.404320000000001e-18,0.288308
22,11223073000000,299959,0.132651,0.334,7.53855,2.99401,1000000000.0,0.8,1.91617e-09,5.73703e-18,0.923317
22,11223074000000,300959,0.132589,0.114,7.54208,8.77193,1000000000.0,0.8,5.61404e-09,4.92459e-17,0.310145
22,11223075000000,301959,0.133962,0.547,7.46481,1.82815,1000000000.0,0.8,1.17002e-09,2.1389700000000003e-18,0.162541
22,11223076000000,302959,0.133866,0.105,7.47014,9.52381,1000000000.0,0.8,6.09524e-09,5.80499e-17,0.836552
22,11223077000000,303959,0.133893,0.142,7.46865,7.04225,1000000000.0,0.8,4.50704e-09,3.17397e-17,0.584971
22,11223078000000,304959,0.135513,0.628,7.37935,1.59236,1000000000.0,0.8,1.01911e-09,1.62278e-18,0.257847
22,11223079000000,305959,0.135443,0.114,7.38318,8.77193,1000000000.0,0.8,5.61404e-09,4.92459e-17,0.911717
22,11223080000000,306959,0.135862,0.264,7.36042,3.78788,1000000000.0,0.8,2.42424e-09,9.18274e-18,0.201472
22,11223081000000,307959,0.136661,0.382,7.31737,2.6178,1000000000.0,0.8,1.67539e-09,4.385840000000001e-18,0.756297
22,11223082000000,308959,0.136698,0.148,7.31541,6.75676,1000000000.0,0.8,4.32432e-09,2.92184e-17,0.426779
22,11223083000000,309959,0.137792,0.476,7.25729,2.10084,1000000000.0,0.8,1.34454e-09,2.8246600000000003e-18,0.250378
22,11223084000000,310959,0.137838,0.152,7.25489,6.57895,1000000000.0,0.8,4.21053e-09,2.77008e-17,0.831423
22,11223085000000,311959,0.137762,0.114,7.25891,8.77193,1000000000.0,0.8,5.61404e-09,4.92459e-17,0.322191
22,11223086000000,312959,0.139386,0.646,7.17434,1.54799,1000000000.0,0.8,9.90712e-10,1.5336100000000002e-18,0.246969
22,11223087000000,313959,0.139413,0.148,7.17293,6.75676,1000000000.0,0.8,4.32432e-09,2.92184e-17,0.674499
22,11223088000000,314959,0.139558,0.185,7.16549,5.40541,1000000000.0,0.8,3.45946e-09,1.86998e-17,0.384809
22,11223089000000,315959,0.140518,0.443,7.11651,2.25734,1000000000.0,0.8,1.4447e-09,3.2611600000000003e-18,1.31741
22,11223090000000,316959,0.140435,0.114,7.12075,8.77193,1000000000.0,0.8,5.61404e-09,4.92459e-17,0.332592
22,11223091000000,317959,0.141392,0.445,7.07251,2.24719,1000000000.0,0.8,1.4382e-09,3.2319200000000004e-18,0.161688
22,11223092000000,318959,0.141579,0.201,7.06318,4.97512,1000000000.0,0.8,3.18408e-09,1.58412e-17,0.751155
22,11223093000000,319959,0.141599,0.148,7.06218,6.75676,1000000000.0,0.8,4.32432e-09,2.92184e-17,0.269864
22,11223094000000,320959,0.143099,0.623,6.98816,1.60514,1000000000.0,0.8,1.02729e-09,1.64894e-18,0.248899
22,11223095000000,321959,0.143024,0.119,6.99181,8.40336,1000000000.0,0.8,5.37815e-09,4.51945e-17,0.666896
22,11223096000000,322959,0.143068,0.157,6.9897,6.36943,1000000000.0,0.8,4.07643e-09,2.59645e-17,0.364084
22,11223097000000,323959,0.144136,0.489,6.93791,2.04499,1000000000.0,0.8,1.30879e-09,2.6764700000000004e-18,1.22552
22,11223098000000,324959,0.144147,0.148,6.93734,6.75676,1000000000.0,0.8,4.32432e-09,2.92184e-17,0.676016
22,11223099000000,325959,0.144843,0.371,6.90401,2.69542,1000000000.0,0.8,1.72507e-09,4.64978e-18,0.278116
22,11223100000000,326959,0.145186,0.257,6.8877,3.89105,1000000000.0,0.8,2.49027e-09,9.689780000000001e-18,0.913688
22,11223101000000,327959,0.145091,0.114,6.89221,8.77193,1000000000.0,0.8,5.61404e-09,4.92459e-17,0.333835
22,11223102000000,328959,0.146529,0.618,6.82459,1.61812,1000000000.0,0.8,1.0356e-09,1.67573e-18,0.175148
22,11223103000000,329959,0.146485,0.132,6.82664,7.57576,1000000000.0,0.8,4.84848e-09,3.67309e-17,0.751143
22,11223104000000,330959,0.146314,0.09,6.83461,11.1111,1000000000.0,0.8,7.11111e-09,7.90123e-17,0.476357
22,11223105000000,331959,0.147627,0.582,6.77384,1.71821,1000000000.0,0.8,1.09966e-09,1.8894400000000002e-18,0.72192
22,11223106000000,332959,0.147526,0.114,6.77848,8.77193,1000000000.0,0.8,5.61404e-09,4.92459e-17,0.623051
22,11223107000000,333959,0.148099,0.339,6.75224,2.94985,1000000000.0,0.8,1.88791e-09,5.569040000000001e-18,0.18969
22,11223108000000,334959,0.148573,0.307,6.73068,3.25733,1000000000.0,0.8,2.08469e-09,6.7905200000000004e-18,1.03437
22,11223109000000,335959,0.148572,0.148,6.73076,6.75676,1000000000.0,0.8,4.32432e-09,2.92184e-17,0.551442
22,11223110000000,336959,0.149772,0.553,6.67682,1.80832,1000000000.0,0.8,1.15732e-09,2.0928100000000003e-18,0.249536
22,11223111000000,337959,0.149669,0.115,6.68141,8.69565,1000000000.0,0.8,5.56522e-09,4.83932e-17,0.905588
22,11223112000000,338959,0.149466,0.081,6.69046,12.3457,1000000000.0,0.8,7.90123e-09,9.75461e-17,0.332698
22,11223113000000,339937,0.150963,0.669734,6.62413,1.49313,1000000000.0,0.8,9.55603e-10,1.4268400000000001e-18,0.412982
22,11223114000000,339937,0.150963,,6.62413,0.0,1000000000.0,0.8,0.0,0.0,0.0
22,11223115000000,339937,0.150963,,6.62413,0.0,1000000000.0,0.8,0.0,0.0,0.0
23,10205500000000,15545,0.0746221,0.0746221,13.4009,13.4009,4000000000.0,1.0,3.35022e-09,1.12239e-17,0.0
23,10205501000000,19545,0.101202,0.2045,9.88119,4.88998,4000000000.0,1.0,1.22249e-09,1.49449e-18,4.0
23,10205502000000,20412,0.0969528,0.0011534,10.3143,867.0,2000000000.0,0.9,3.51135e-07,1.52217e-13,0.351614
23,11206193000000,38105,0.0883086,0.0783361,11.3239,12.7655,4000000000.0,1.0,3.19138e-09,1.01849e-17,0.0
23,11206194000000,40105,0.0839048,0.0,11.9183,0.0,2000000000.0,0.9,0.0,0.0,0.773976
23,11206195000000,40258,0.0836356,0.0130719,11.9566,76.5,1000000000.0,0.8,4.896e-08,3.74544e-15,3.63295e-08
23,11222906000000,42338,0.0806604,0.0230769,12.3977,43.3333,1000000000.0,0.8,2.77333e-08,1.20178e-15,0.0
23,11222907000000,46338,0.0750788,0.016,13.3193,62.5,4000000000.0,1.0,1.5625e-08,2.44141e-16,4.0
23,11222908000000,50338,0.0696492,0.00675,14.3577,148.148,4000000000.0,1.0,3.7037e-08,1.37174e-15,4.0
23,11222909000000,54338,0.0675586,0.04125,14.802,24.2424,4000000000.0,1.0,6.06061e-09,3.67309e-17,3.18325
23,11222910000000,56338,0.0655863,0.012,15.2471,83.3333,2000000000.0,0.9,3.375e-08,1.40625e-15,1.84585
23,11222911000000,57338,0.0673724,0.168,14.8429,5.95238,1000000000.0,0.8,3.80952e-09,2.26757e-17,0.861538
23,11222912000000,59338,0.0655061,0.012,15.2658,83.3333,2000000000.0,0.9,3.375e-08,1.40625e-15,1.1318
23,11222913000000,60338,0.0662766,0.112,15.0883,8.92857,1000000000.0,0.8,5.71429e-09,5.10204e-17,0.861538
23,11222914000000,64338,0.0630265,0.014,15.8663,71.4286,4000000000.0,1.0,1.78571e-08,3.18878e-16,2.52326
23,11222915000000,66338,0.0614881,0.012,16.2633,83.3333,2000000000.0,0.9,3.375e-08,1.40625e-15,1.51814
23,11222916000000,68338,0.062147,0.084,16.0909,11.9048,2000000000.0,0.9,4.82143e-09,2.8699e-17,0.861538
23,11222917000000,72338,0.0588764,0.003,16.9847,333.333,4000000000.0,1.0,8.33333e-08,6.94444e-15,1.51691
23,11222918000000,74338,0.0597137,0.09,16.7466,11.1111,2000000000.0,0.9,4.5e-09,2.5e-17,0.46373
23,11222919000000,78338,0.0568179,0.003,17.6001,333.333,4000000000.0,1.0,8.33333e-08,6.94444e-15,1.52299
23,11222920000000,80338,0.057644,0.09,17.3479,11.1111,2000000000.0,0.9,4.5e-09,2.5e-17,0.46373
23,11222921000000,84338,0.05491,0.0,18.2116,0.0,4000000000.0,1.0,0.0,0.0,1.49246
23,11222922000000,85338,0.0546884,0.036,18.2854,27.7778,1000000000.0,0.8,1.77778e-08,4.93827e-16,0.00152873
23,11222923000000,87338,0.0552222,0.078,18.1086,12.8205,2000000000.0,0.9,5.19231e-09,3.3284e-17,1.04436
23,11222924000000,91338,0.0529353,0.003,18.891,333.333,4000000000.0,1.0,8.33333e-08,6.94444e-15,1.47482
23,11222925000000,92338,0.0543113,0.18,18.4124,5.55556,1000000000.0,0.8,3.55556e-09,1.97531e-17,0.461538
23,11222926000000,96338,0.0521809,0.003,19.1641,333.333,4000000000.0,1.0,8.33333e-08,6.94444e-15,1.14263
23,11222927000000,97338,0.053494,0.18,18.6937,5.55556,1000000000.0,0.8,3.55556e-09,1.97531e-17,0.461538
23,11222928000000,101338,0.0515009,0.003,19.4171,333.333,4000000000.0,1.0,8.33333e-08,6.94444e-15,1.14263
23,11222929000000,102338,0.051242,0.025,19.5153,40.0,1000000000.0,0.8,2.56e-08,1.024e-15,0.461538
23,11222930000000,104338,0.0517453,0.0775,19.3254,12.9032,2000000000.0,0.9,5.22581e-09,3.37149e-17,1.03076
23,11222931000000,106338,0.0509978,0.012,19.6087,83.3333,2000000000.0,0.9,3.375e-08,1.40625e-15,1.31256
23,11222932000000,108338,0.051607,0.084,19.3772,11.9048,2000000000.0,0.9,4.82143e-09,2.8699e-17,0.861538
23,11222933000000,112338,0.0499831,0.006,20.0068,166.667,4000000000.0,1.0,4.16667e-08,1.73611e-15,1.48351
23,11222934000000,114338,0.0505781,0.084,19.7714,11.9048,2000000000.0,0.9,4.82143e-09,2.8699e-17,0.923077
23,11222935000000,118338,0.0490713,0.006,20.3785,166.667,4000000000.0,1.0,4.16667e-08,1.73611e-15,1.48351
23,11222936000000,120338,0.0489122,0.0395,20.4448,25.3165,2000000000.0,0.9,1.02532e-08,1.29787e-16,0.923077
23,11222937000000,124338,0.0480545,0.02225,20.8097,44.9438,4000000000.0,1.0,1.1236e-08,1.26247e-16,1.38173
23,11222938000000,128338,0.0467438,0.006,21.3932,166.667,4000000000.0,1.0,4.16667e-08,1.73611e-15,1.84616
23,11222939000000,130338,0.0473154,0.084,21.1347,11.9048,2000000000.0,0.9,4.82143e-09,2.8699e-17,0.923077
23,11222940000000,134338,0.0460852,0.006,21.6989,166.667,4000000000.0,1.0,4.16667e-08,1.73611e-15,1.48366
23,11222941000000,136338,0.0466414,0.084,21.4402,11.9048,2000000000.0,0.9,4.82143e-09,2.8699e-17,0.920893
23,11222942000000,140338,0.045483,0.006,21.9862,166.667,4000000000.0,1.0,4.16667e-08,1.73611e-15,1.48328
23,11222943000000,142338,0.0455816,0.0525,21.9387,19.0476,2000000000.0,0.9,7.71429e-09,7.34694e-17,0.920893
23,11222944000000,146338,0.0447662,0.01575,22.3383,63.4921,4000000000.0,1.0,1.5873e-08,2.51953e-16,1.50623
23,11222945000000,150338,0.0437348,0.006,22.8651,166.667,4000000000.0,1.0,4.16667e-08,1.73611e-15,1.45517
23,11222946000000,151338,0.0445559,0.168,22.4437,5.95238,1000000000.0,0.8,3.80952e-09,2.26757e-17,0.919364
23,11222947000000,155338,0.0434858,0.003,22.996,333.333,4000000000.0,1.0,8.33333e-08,6.94444e-15,1.13197
23,11222948000000,156338,0.044359,0.18,22.5433,5.55556,1000000000.0,0.8,3.55556e-09,1.97531e-17,0.461538
23,11222949000000,160338,0.0433272,0.003,23.0802,333.333,4000000000.0,1.0,8.33333e-08,6.94444e-15,1.14263
23,11222950000000,161338,0.0441743,0.18,22.6376,5.55556,1000000000.0,0.8,3.55556e-09,1.97531e-17,0.461538
23,11222951000000,165338,0.0431056,0.0,23.1988,0.0,4000000000.0,1.0,0.0,0.0,1.14263
23,11222952000000,166338,0.0429186,0.012,23.2999,83.3333,1000000000.0,0.8,5.33333e-08,4.44444e-15,2.92239e-15
23,11222953000000,170338,0.0440947,0.093,22.6785,10.7527,4000000000.0,1.0,2.68817e-09,7.22627e-18,3.19508
23,11222954000000,172338,0.044227,0.0555,22.6106,18.018,2000000000.0,0.9,7.2973e-09,6.57414e-17,4.25751
23,11222955000000,174338,0.0472588,0.3085,21.1601,3.24149,2000000000.0,0.9,1.3128e-09,2.12772e-18,2.95676
23,11222956000000,175338,0.0476622,0.118,20.981,8.47458,1000000000.0,0.8,5.42373e-09,4.59638e-17,0.398538
23,11222957000000,176338,0.0486906,0.229,20.5379,4.36681,1000000000.0,0.8,2.79476e-09,1.22042e-17,0.218064
23,11222958000000,177338,0.0507675,0.417,19.6977,2.39808,1000000000.0,0.8,1.53477e-09,3.68051e-18,0.825427
23,11222959000000,178338,0.051122,0.114,19.561,8.77193,1000000000.0,0.8,5.61404e-09,4.92459e-17,0.490887
23,11222960000000,179338,0.0533295,0.447,18.7514,2.23714,1000000000.0,0.8,1.43177e-09,3.2030600000000002e-18,0.138305
23,11222961000000,180338,0.0541816,0.207,18.4565,4.83092,1000000000.0,0.8,3.09179e-09,1.49362e-17,0.799766
23,11222962000000,181338,0.0545115,0.114,18.3448,8.77193,1000000000.0,0.8,5.61404e-09,4.92459e-17,0.443823
23,11222963000000,182338,0.057717,0.639,17.3259,1.56495,1000000000.0,0.8,1.00156e-09,1.5673900000000001e-18,0.11949
23,11222964000000,183338,0.0580622,0.121,17.2229,8.26446,1000000000.0,0.8,5.28926e-09,4.37129e-17,0.712785
23,11222965000000,184338,0.0583548,0.112,17.1366,8.92857,1000000000.0,0.8,5.71429e-09,5.10204e-17,0.438499
23,11222966000000,185338,0.0610075,0.55,16.3914,1.81818,1000000000.0,0.8,1.16364e-09,2.1157e-18,1.29433
23,11222967000000,186338,0.0612918,0.114,16.3154,8.77193,1000000000.0,0.8,5.61404e-09,4.92459e-17,0.616746
23,11222968000000,187338,0.0627209,0.329,15.9437,3.03951,1000000000.0,0.8,1.94529e-09,5.91273e-18,0.163566
23,11222969000000,188338,0.0641135,0.325,15.5973,3.07692,1000000000.0,0.8,1.96923e-09,6.059170000000001e-18,1.01917
23,11222970000000,189338,0.0643769,0.114,15.5335,8.77193,1000000000.0,0.8,5.61404e-09,4.92459e-17,0.444799
23,11222971000000,190338,0.0668968,0.544,14.9484,1.83824,1000000000.0,0.8,1.17647e-09,2.1626300000000003e-18,0.126687
23,11222972000000,191338,0.0671221,0.11,14.8982,9.09091,1000000000.0,0.8,5.81818e-09,5.28926e-17,0.844096
23,11222973000000,192338,0.0673658,0.114,14.8443,8.77193,1000000000.0,0.8,5.61404e-09,4.92459e-17,0.541022
23,11222974000000,193338,0.0704,0.654,14.2045,1.52905,1000000000.0,0.8,9.78593e-10,1.4963200000000001e-18,0.118776
23,11222975000000,194338,0.0706244,0.114,14.1594,8.77193,1000000000.0,0.8,5.61404e-09,4.92459e-17,0.671919
23,11222976000000,195338,0.0713942,0.221,14.0067,4.52489,1000000000.0,0.8,2.89593e-09,1.31037e-17,0.23202
23,11222977000000,196338,0.073236,0.433,13.6545,2.30947,1000000000.0,0.8,1.47806e-09,3.4135300000000004e-18,0.806204
23,11222978000000,197338,0.0734425,0.114,13.6161,8.77193,1000000000.0,0.8,5.61404e-09,4.92459e-17,0.502817
23,11222979000000,198338,0.0752503,0.432,13.289,2.31481,1000000000.0,0.8,1.48148e-09,3.4293600000000003e-18,0.140565
23,11222980000000,199338,0.0759865,0.222,13.1602,4.5045,1000000000.0,0.8,2.88288e-09,1.2986e-17,0.736144
23,11222981000000,200338,0.0761763,0.114,13.1274,8.77193,1000000000.0,0.8,5.61404e-09,4.92459e-17,0.307155
23,11222982000000,201338,0.0789369,0.632,12.6683,1.58228,1000000000.0,0.8,1.01266e-09,1.60231e-18,0.120106
23,11222983000000,202338,0.0791547,0.123,12.6335,8.13008,1000000000.0,0.8,5.20325e-09,4.23029e-17,0.744122
23,11222984000000,203338,0.0792424,0.097,12.6195,10.3093,1000000000.0,0.8,6.59794e-09,6.802e-17,0.527892
23,11222985000000,204338,0.0816441,0.57,12.2483,1.75439,1000000000.0,0.8,1.12281e-09,1.9698400000000002e-18,0.671287
23,11222986000000,205338,0.0818017,0.114,12.2247,8.77193,1000000000.0,0.8,5.61404e-09,4.92459e-17,0.619888
23,11222987000000,206338,0.0829222,0.313,12.0595,3.19489,1000000000.0,0.8,2.04473e-09,6.5326800000000004e-18,0.168514
23,11222988000000,207338,0.0841669,0.341,11.8812,2.93255,1000000000.0,0.8,1.87683e-09,5.50391e-18,0.995692
23,11222989000000,208338,0.0843101,0.114,11.861,8.77193,1000000000.0,0.8,5.61404e-09,4.92459e-17,0.538406
23,11222990000000,209338,0.0864392,0.53,11.5688,1.88679,1000000000.0,0.8,1.20755e-09,2.27839e-18,0.127997
23,11222991000000,210338,0.0866177,0.124,11.545,8.06452,1000000000.0,0.8,5.16129e-09,4.16233e-17,0.89778
23,11222992000000,211338,0.0867473,0.114,11.5277,8.77193,1000000000.0,0.8,5.61404e-09,4.92459e-17,0.341698
23,11222993000000,212338,0.0894188,0.654,11.1833,1.52905,1000000000.0,0.8,9.78593e-10,1.4963200000000001e-18,0.118365
23,11222994000000,213338,0.089534,0.114,11.1689,8.77193,1000000000.0,0.8,5.61404e-09,4.92459e-17,0.674173
23,11222995000000,214338,0.090082,0.207,11.101,4.83092,1000000000.0,0.8,3.09179e-09,1.49362e-17,0.239665
23,11222996000000,215338,0.0917395,0.447,10.9004,2.23714,1000000000.0,0.8,1.43177e-09,3.2030600000000002e-18,0.864936
23,11222997000000,216338,0.0918424,0.114,10.8882,8.77193,1000000000.0,0.8,5.61404e-09,4.92459e-17,0.698884
23,11222998000000,217338,0.0933385,0.417,10.7137,2.39808,1000000000.0,0.8,1.53477e-09,3.68051e-18,0.143081
23,11222999000000,219338,0.0936409,0.1265,10.6791,7.90514,2000000000.0,0.9,3.20158e-09,1.26545e-17,0.734589
23,11223000000000,220338,0.0938876,0.148,10.651,6.75676,1000000000.0,0.8,4.32432e-09,2.92184e-17,0.472722
23,11223001000000,221338,0.0961922,0.604,10.3958,1.65563,1000000000.0,0.8,1.0596e-09,1.75431e-18,0.983799
23,11223002000000,223338,0.0960652,0.082,10.4096,12.1951,2000000000.0,0.9,4.93902e-09,3.0116e-17,0.67849
23,11223003000000,225338,0.0966193,0.1585,10.3499,6.30915,2000000000.0,0.9,2.55521e-09,8.06058e-18,1.10094
23,11223004000000,226338,0.0974604,0.287,10.2606,3.48432,1000000000.0,0.8,2.22997e-09,7.76991e-18,1.66827
23,11223005000000,228338,0.0970053,0.0455,10.3087,21.978,2000000000.0,0.9,8.9011e-09,9.78143e-17,0.836733
23,11223006000000,229338,0.0968483,0.061,10.3254,16.3934,1000000000.0,0.8,1.04918e-08,1.71997e-16,0.428462
23,11223007000000,230338,0.096493,0.015,10.3634,66.6667,1000000000.0,0.8,4.26667e-08,2.84444e-15,0.0320051
23,11223008000000,231338,0.0968756,0.185,10.3225,5.40541,1000000000.0,0.8,3.45946e-09,1.86998e-17,0.161286
23,11223009000000,232338,0.0969751,0.12,10.3119,8.33333,1000000000.0,0.8,5.33333e-09,4.44444e-17,0.28422
23,11223010000000,233338,0.0966109,0.012,10.3508,83.3333,1000000000.0,0.8,5.33333e-08,4.44444e-15,0.0577399
23,11223011000000,234338,0.0969113,0.167,10.3187,5.98802,1000000000.0,0.8,3.83234e-09,2.29481e-17,0.440304
23,11223012000000,235338,0.0980632,0.368,10.1975,2.71739,1000000000.0,0.8,1.73913e-09,4.7259e-18,0.17636
23,11223013000000,236338,0.0986638,0.24,10.1354,4.16667,1000000000.0,0.8,2.66667e-09,1.11111e-17,0.924441
23,11223014000000,237338,0.0987158,0.111,10.1301,9.00901,1000000000.0,0.8,5.76577e-09,5.19438e-17,0.287815
23,11223015000000,238338,0.100953,0.632,9.90557,1.58228,1000000000.0,0.8,1.01266e-09,1.60231e-18,0.155162
23,11223016000000,239338,0.101062,0.127,9.89491,7.87402,1000000000.0,0.8,5.03937e-09,3.96801e-17,0.765154
23,11223017000000,240338,0.101045,0.097,9.89656,10.3093,1000000000.0,0.8,6.59794e-09,6.802e-17,0.338389
23,11223018000000,241338,0.102984,0.569,9.71023,1.75747,1000000000.0,0.8,1.12478e-09,1.97677e-18,0.872243
23,11223019000000,242338,0.103017,0.111,9.70711,9.00901,1000000000.0,0.8,5.76577e-09,5.19438e-17,0.633343
23,11223020000000,243338,0.103958,0.332,9.61924,3.01205,1000000000.0,0.8,1.92771e-09,5.8063600000000004e-18,0.162383
23,11223021000000,244338,0.104863,0.325,9.53626,3.07692,1000000000.0,0.8,1.96923e-09,6.059170000000001e-18,0.966566
23,11223022000000,245338,0.104888,0.111,9.53398,9.00901,1000000000.0,0.8,5.76577e-09,5.19438e-17,0.330016
23,11223023000000,246338,0.106695,0.55,9.37252,1.81818,1000000000.0,0.8,1.16364e-09,2.1157e-18,0.138176
23,11223024000000,247338,0.106732,0.116,9.36922,8.62069,1000000000.0,0.8,5.51724e-09,4.75624e-17,0.812744
23,11223025000000,248338,0.106713,0.102,9.37089,9.80392,1000000000.0,0.8,6.27451e-09,6.15148e-17,0.353885
23,11223026000000,249338,0.10892,0.657,9.18101,1.52207,1000000000.0,0.8,9.74125e-10,1.48269e-18,0.380517
23,11223027000000,250338,0.108929,0.111,9.18031,9.00901,1000000000.0,0.8,5.76577e-09,5.19438e-17,0.709748
23,11223028000000,251338,0.10947,0.245,9.13491,4.08163,1000000000.0,0.8,2.61224e-09,1.06622e-17,0.200852
23,11223029000000,252338,0.110669,0.412,9.03595,2.42718,1000000000.0,0.8,1.5534e-09,3.77038e-18,0.819241
23,11223030000000,253338,0.11067,0.111,9.03585,9.00901,1000000000.0,0.8,5.76577e-09,5.19438e-17,0.343241
23,11223031000000,254338,0.112067,0.466,8.9232,2.14592,1000000000.0,0.8,1.37339e-09,2.9471900000000003e-18,0.126851
23,11223032000000,255338,0.112377,0.191,8.89865,5.2356,1000000000.0,0.8,3.35079e-09,1.75434e-17,0.806028
23,11223033000000,256338,0.112371,0.111,8.89908,9.00901,1000000000.0,0.8,5.76577e-09,5.19438e-17,0.295166
23,11223034000000,257338,0.114476,0.654,8.73546,1.52905,1000000000.0,0.8,9.78593e-10,1.4963200000000001e-18,0.150257
23,11223035000000,258338,0.114474,0.114,8.7356,8.77193,1000000000.0,0.8,5.61404e-09,4.92459e-17,0.711088
23,11223036000000,259338,0.114638,0.157,8.72311,6.36943,1000000000.0,0.8,4.07643e-09,2.59645e-17,0.35949
23,11223037000000,260338,0.116118,0.5,8.61191,2.0,1000000000.0,0.8,1.28e-09,2.56e-18,1.18366
23,11223038000000,261338,0.116099,0.111,8.61336,9.00901,1000000000.0,0.8,5.76577e-09,5.19438e-17,0.680494
23,11223039000000,262338,0.117108,0.381,8.53909,2.62467,1000000000.0,0.8,1.67979e-09,4.4089e-18,0.238182
23,11223040000000,263338,0.117712,0.276,8.49532,3.62319,1000000000.0,0.8,2.31884e-09,8.4016e-18,0.856813
23,11223041000000,264338,0.117686,0.111,8.49716,9.00901,1000000000.0,0.8,5.76577e-09,5.19438e-17,0.285512
23,11223042000000,265338,0.119504,0.6,8.36791,1.66667,1000000000.0,0.8,1.06667e-09,1.77778e-18,0.137259
23,11223043000000,266338,0.119536,0.128,8.36568,7.8125,1000000000.0,0.8,5e-09,3.90625e-17,0.769498
23,11223044000000,267338,0.11934,0.067,8.37945,14.9254,1000000000.0,0.8,9.55224e-09,1.42571e-16,0.46365
23,11223045000000,268338,0.121243,0.63,8.24793,1.5873,1000000000.0,0.8,1.01587e-09,1.6125e-18,0.468283
23,11223046000000,269338,0.121205,0.111,8.25051,9.00901,1000000000.0,0.8,5.76577e-09,5.19438e-17,0.584955
23,11223047000000,270338,0.121836,0.292,8.20773,3.42466,1000000000.0,0.8,2.19178e-09,7.5061e-18,0.177863
23,11223048000000,271338,0.122733,0.365,8.1478,2.73973,1000000000.0,0.8,1.75342e-09,4.8039e-18,0.951855
23,11223049000000,272338,0.122689,0.111,8.15066,9.00901,1000000000.0,0.8,5.76577e-09,5.19438e-17,0.406139
23,11223050000000,273338,0.124128,0.516,8.05618,1.93798,1000000000.0,0.8,1.24031e-09,2.4037e-18,0.135208
23,11223051000000,274338,0.12419,0.141,8.05219,7.0922,1000000000.0,0.8,4.53901e-09,3.21915e-17,0.89181
23,11223052000000,275338,0.124142,0.111,8.05529,9.00901,1000000000.0,0.8,5.76577e-09,5.19438e-17,0.36202
23,11223053000000,276338,0.12607,0.657,7.93209,1.52207,1000000000.0,0.8,9.74125e-10,1.48269e-18,0.153267
23,11223054000000,277338,0.126016,0.111,7.93551,9.00901,1000000000.0,0.8,5.76577e-09,5.19438e-17,0.71604
23,11223055000000,278338,0.126307,0.207,7.91723,4.83092,1000000000.0,0.8,3.09179e-09,1.49362e-17,0.263068
23,11223056000000,279338,0.127466,0.45,7.84525,2.22222,1000000000.0,0.8,1.42222e-09,3.16049e-18,0.80135
23,11223057000000,280338,0.127407,0.111,7.84887,9.00901,1000000000.0,0.8,5.76577e-09,5.19438e-17,0.645849
23,11223058000000,281338,0.128486,0.431,7.78295,2.32019,1000000000.0,0.8,1.48492e-09,3.4452900000000003e-18,0.127396
23,11223059000000,282338,0.128831,0.226,7.76208,4.42478,1000000000.0,0.8,2.83186e-09,1.25303e-17,0.794789
23,11223060000000,283338,0.128768,0.111,7.76588,9.00901,1000000000.0,0.8,5.76577e-09,5.19438e-17,0.354265
23,11223061000000,284338,0.130517,0.626,7.66183,1.59744,1000000000.0,0.8,1.02236e-09,1.6331700000000001e-18,0.146871
23,11223062000000,285338,0.131591,0.437,7.59929,2.28833,1000000000.0,0.8,1.46453e-09,3.3513300000000004e-18,0.62877
23,11223063000000,286338,0.13146,0.094,7.60688,10.6383,1000000000.0,0.8,6.80851e-09,7.2431e-17,0.491415
23,11223064000000,287338,0.132266,0.363,7.56053,2.75482,1000000000.0,0.8,1.76309e-09,4.85698e-18,0.10426
23,11223065000000,288338,0.132771,0.278,7.53175,3.59712,1000000000.0,0.8,2.30216e-09,8.28114e-18,0.767505
23,11223066000000,289338,0.132824,0.148,7.52877,6.75676,1000000000.0,0.8,4.32432e-09,2.92184e-17,0.241606
23,11223067000000,290338,0.134361,0.579,7.44266,1.72712,1000000000.0,0.8,1.10535e-09,1.90907e-18,0.253339
23,11223068000000,291338,0.134363,0.135,7.44253,7.40741,1000000000.0,0.8,4.74074e-09,3.51166e-17,0.818939
23,11223069000000,292338,0.13416,0.075,7.4538,13.3333,1000000000.0,0.8,8.53333e-09,1.13778e-16,0.65402
23,11223070000000,293338,0.135744,0.599,7.36678,1.66945,1000000000.0,0.8,1.06845e-09,1.7837200000000002e-18,0.424369
23,11223071000000,294338,0.135786,0.148,7.36453,6.75676,1000000000.0,0.8,4.32432e-09,2.92184e-17,0.621767
23,11223072000000,295338,0.136322,0.294,7.33559,3.40136,1000000000.0,0.8,2.17687e-09,7.404320000000001e-18,0.291617
23,11223073000000,296338,0.136989,0.334,7.29986,2.99401,1000000000.0,0.8,1.91617e-09,5.73703e-18,0.92332
23,11223074000000,297338,0.136912,0.114,7.30399,8.77193,1000000000.0,0.8,5.61404e-09,4.92459e-17,0.310141
23,11223075000000,298338,0.138286,0.547,7.23138,1.82815,1000000000.0,0.8,1.17002e-09,2.1389700000000003e-18,0.161393
23,11223076000000,299338,0.138175,0.105,7.2372,9.52381,1000000000.0,0.8,6.09524e-09,5.80499e-17,0.837154
23,11223077000000,300338,0.138188,0.142,7.23654,7.04225,1000000000.0,0.8,4.50704e-09,3.17397e-17,0.612963
23,11223078000000,301338,0.139813,0.628,7.15241,1.59236,1000000000.0,0.8,1.01911e-09,1.62278e-18,0.252116
23,11223079000000,302338,0.139728,0.114,7.15678,8.77193,1000000000.0,0.8,5.61404e-09,4.92459e-17,0.911902
23,11223080000000,303338,0.140137,0.264,7.13585,3.78788,1000000000.0,0.8,2.42424e-09,9.18274e-18,0.195544
23,11223081000000,304338,0.140932,0.382,7.09561,2.6178,1000000000.0,0.8,1.67539e-09,4.385840000000001e-18,0.755693
23,11223082000000,305338,0.140955,0.148,7.09445,6.75676,1000000000.0,0.8,4.32432e-09,2.92184e-17,0.43122
23,11223083000000,306338,0.142049,0.476,7.03983,2.10084,1000000000.0,0.8,1.34454e-09,2.8246600000000003e-18,0.252592
23,11223084000000,307338,0.142081,0.152,7.03822,6.57895,1000000000.0,0.8,4.21053e-09,2.77008e-17,0.831429
23,11223085000000,308338,0.14199,0.114,7.04274,8.77193,1000000000.0,0.8,5.61404e-09,4.92459e-17,0.325712
23,11223086000000,309338,0.14362,0.646,6.96284,1.54799,1000000000.0,0.8,9.90712e-10,1.5336100000000002e-18,0.249735
23,11223087000000,310338,0.143634,0.148,6.96215,6.75676,1000000000.0,0.8,4.32432e-09,2.92184e-17,0.682782
23,11223088000000,311338,0.143767,0.185,6.95572,5.40541,1000000000.0,0.8,3.45946e-09,1.86998e-17,0.377462
23,11223089000000,312338,0.144725,0.443,6.90967,2.25734,1000000000.0,0.8,1.4447e-09,3.2611600000000003e-18,1.31768
23,11223090000000,313338,0.144627,0.114,6.91436,8.77193,1000000000.0,0.8,5.61404e-09,4.92459e-17,0.332294
23,11223091000000,314338,0.145582,0.445,6.86897,2.24719,1000000000.0,0.8,1.4382e-09,3.2319200000000004e-18,0.157458
23,11223092000000,315338,0.145758,0.201,6.86069,4.97512,1000000000.0,0.8,3.18408e-09,1.58412e-17,0.75214
23,11223093000000,316338,0.145765,0.148,6.86036,6.75676,1000000000.0,0.8,4.32432e-09,2.92184e-17,0.271706
23,11223094000000,317338,0.147269,0.623,6.7903,1.60514,1000000000.0,0.8,1.02729e-09,1.64894e-18,0.247187
23,11223095000000,318338,0.14718,0.119,6.7944,8.40336,1000000000.0,0.8,5.37815e-09,4.51945e-17,0.667495
23,11223096000000,319338,0.147211,0.157,6.79298,6.36943,1000000000.0,0.8,4.07643e-09,2.59645e-17,0.364528
23,11223097000000,320338,0.148278,0.489,6.7441,2.04499,1000000000.0,0.8,1.30879e-09,2.6764700000000004e-18,1.2314
23,11223098000000,321338,0.148277,0.148,6.74414,6.75676,1000000000.0,0.8,4.32432e-09,2.92184e-17,0.685535
23,11223099000000,322338,0.148968,0.371,6.71286,2.69542,1000000000.0,0.8,1.72507e-09,4.64978e-18,0.27746
23,11223100000000,323338,0.149302,0.257,6.69784,3.89105,1000000000.0,0.8,2.49027e-09,9.689780000000001e-18,0.913695
23,11223101000000,324338,0.149193,0.114,6.70272,8.77193,1000000000.0,0.8,5.61404e-09,4.92459e-17,0.335629
23,11223102000000,325338,0.150634,0.618,6.6386,1.61812,1000000000.0,0.8,1.0356e-09,1.67573e-18,0.177061
23,11223103000000,326338,0.150577,0.132,6.64112,7.57576,1000000000.0,0.8,4.84848e-09,3.67309e-17,0.753624
23,11223104000000,327338,0.150392,0.09,6.64929,11.1111,1000000000.0,0.8,7.11111e-09,7.90123e-17,0.474407
23,11223105000000,328338,0.151706,0.582,6.59168,1.71821,1000000000.0,0.8,1.09966e-09,1.8894400000000002e-18,0.733957
23,11223106000000,329338,0.151592,0.114,6.59665,8.77193,1000000000.0,0.8,5.61404e-09,4.92459e-17,0.624059
23,11223107000000,330338,0.152159,0.339,6.57206,2.94985,1000000000.0,0.8,1.88791e-09,5.569040000000001e-18,0.174538
23,11223108000000,331338,0.152627,0.307,6.55194,3.25733,1000000000.0,0.8,2.08469e-09,6.7905200000000004e-18,1.0323
23,11223109000000,332338,0.152613,0.148,6.55253,6.75676,1000000000.0,0.8,4.32432e-09,2.92184e-17,0.551441
23,11223110000000,333338,0.153814,0.553,6.50137,1.80832,1000000000.0,0.8,1.15732e-09,2.0928100000000003e-18,0.250526
23,11223111000000,334338,0.153698,0.115,6.50628,8.69565,1000000000.0,0.8,5.56522e-09,4.83932e-17,0.905589
23,11223112000000,335338,0.153481,0.081,6.51547,12.3457,1000000000.0,0.8,7.90123e-09,9.75461e-17,0.333469
23,11223113000000,336316,0.154982,0.669734,6.45235,1.49313,1000000000.0,0.8,9.55603e-10,1.4268400000000001e-18,0.410483
23,11223114000000,336316,0.154982,,6.45235,0.0,1000000000.0,0.8,0.0,0.0,0.0
23,11223115000000,336316,0.154982,,6.45235,0.0,1000000000.0,0.8,0.0,0.0,0.0
24,10205500000000,15545,0.0528787,0.0528787,18.9112,18.9112,4000000000.0,1.0,4.7278e-09,2.23521e-17,0.0
24,10205501000000,19545,0.0741878,0.157,13.4793,6.36943,4000000000.0,1.0,1.59236e-09,2.5356e-18,4.0
24,10205502000000,21424,0.0677278,0.000532198,14.765,1879.0,2000000000.0,0.9,7.60995e-07,7.14955e-13,0.351614
24,11206193000000,39117,0.0992407,0.137399,10.0765,7.27807,4000000000.0,1.0,1.81952e-09,3.31065e-18,0.0
24,11206194000000,41117,0.0944135,0.0,10.5917,0.0,2000000000.0,0.9,0.0,0.0,0.773976
24,11206195000000,41966,0.0925511,0.00235571,10.8048,424.5,1000000000.0,0.8,2.7168e-07,1.15328e-13,1.78014e-08
24,11222906000000,44046,0.0887254,0.0115385,11.2707,86.6667,1000000000.0,0.8,5.54667e-08,4.80711e-15,0.0
24,11222907000000,48046,0.0831703,0.022,12.0235,45.4545,4000000000.0,1.0,1.13636e-08,1.29132e-16,4.0
24,11222908000000,52046,0.077297,0.00675,12.9371,148.148,4000000000.0,1.0,3.7037e-08,1.37174e-15,4.0
24,11222909000000,56046,0.0747243,0.04125,13.3825,24.2424,4000000000.0,1.0,6.06061e-09,3.67309e-17,3.18325
24,11222910000000,58046,0.0725631,0.012,13.7811,83.3333,2000000000.0,0.9,3.375e-08,1.40625e-15,1.84594
24,11222911000000,59046,0.0741795,0.168,13.4808,5.95238,1000000000.0,0.8,3.80952e-09,2.26757e-17,0.861538
24,11222912000000,61046,0.0721423,0.012,13.8615,83.3333,2000000000.0,0.9,3.375e-08,1.40625e-15,1.1318
24,11222913000000,62046,0.0727847,0.112,13.7391,8.92857,1000000000.0,0.8,5.71429e-09,5.10204e-17,0.861538
24,11222914000000,66046,0.0692245,0.014,14.4458,71.4286,4000000000.0,1.0,1.78571e-08,3.18878e-16,2.52311
24,11222915000000,68046,0.0675425,0.012,14.8055,83.3333,2000000000.0,0.9,3.375e-08,1.40625e-15,1.50929
24,11222916000000,70046,0.0680124,0.084,14.7032,11.9048,2000000000.0,0.9,4.82143e-09,2.8699e-17,0.861538
24,11222917000000,74046,0.0646625,0.006,15.4649,166.667,4000000000.0,1.0,4.16667e-08,1.73611e-15,1.49436
24,11222918000000,76046,0.0651711,0.084,15.3442,11.9048,2000000000.0,0.9,4.82143e-09,2.8699e-17,0.765295
24,11222919000000,80046,0.0622142,0.006,16.0735,166.667,4000000000.0,1.0,4.16667e-08,1.73611e-15,1.46681
24,11222920000000,82046,0.0627453,0.084,15.9375,11.9048,2000000000.0,0.9,4.82143e-09,2.8699e-17,0.765295
24,11222921000000,86046,0.0598285,0.0,16.7145,0.0,4000000000.0,1.0,0.0,0.0,1.45458
24,11222922000000,87046,0.0595547,0.036,16.7913,27.7778,1000000000.0,0.8,1.77778e-08,4.93827e-16,0.000367048
24,11222923000000,89046,0.059969,0.078,16.6753,12.8205,2000000000.0,0.9,5.19231e-09,3.3284e-17,1.04814
24,11222924000000,93046,0.0575199,0.003,17.3853,333.333,4000000000.0,1.0,8.33333e-08,6.94444e-15,1.47466
24,11222925000000,94046,0.0588223,0.18,17.0004,5.55556,1000000000.0,0.8,3.55556e-09,1.97531e-17,0.461538
24,11222926000000,98046,0.0565449,0.003,17.6851,333.333,4000000000.0,1.0,8.33333e-08,6.94444e-15,1.14263
24,11222927000000,99046,0.0577913,0.18,17.3036,5.55556,1000000000.0,0.8,3.55556e-09,1.97531e-17,0.461538
24,11222928000000,103046,0.0556645,0.003,17.9648,333.333,4000000000.0,1.0,8.33333e-08,6.94444e-15,1.14263
24,11222929000000,104046,0.0553986,0.028,18.051,35.7143,1000000000.0,0.8,2.28571e-08,8.16327e-16,0.461538
24,11222930000000,106046,0.0557871,0.076,17.9253,13.1579,2000000000.0,0.9,5.32895e-09,3.50589e-17,1.06552
24,11222931000000,108046,0.0549766,0.012,18.1896,83.3333,2000000000.0,0.9,3.375e-08,1.40625e-15,1.40587
24,11222932000000,110046,0.0555041,0.084,18.0167,11.9048,2000000000.0,0.9,4.82143e-09,2.8699e-17,0.861538
24,11222933000000,114046,0.0536626,0.003,18.635,333.333,4000000000.0,1.0,8.33333e-08,6.94444e-15,1.50618
24,11222934000000,116046,0.0542888,0.09,18.42,11.1111,2000000000.0,0.9,4.5e-09,2.5e-17,0.619846
24,11222935000000,120046,0.0525798,0.003,19.0187,333.333,4000000000.0,1.0,8.33333e-08,6.94444e-15,1.53952
24,11222936000000,122046,0.0528571,0.0695,18.9189,14.3885,2000000000.0,0.9,5.82734e-09,4.19233e-17,0.619846
24,11222937000000,126046,0.051505,0.01025,19.4156,97.561,4000000000.0,1.0,2.43902e-08,5.94884e-16,1.56747
24,11222938000000,130046,0.0500131,0.003,19.9948,333.333,4000000000.0,1.0,8.33333e-08,6.94444e-15,1.8077
24,11222939000000,132046,0.0506187,0.09,19.7555,11.1111,2000000000.0,0.9,4.5e-09,2.5e-17,0.619846
24,11222940000000,136046,0.0492186,0.003,20.3175,333.333,4000000000.0,1.0,8.33333e-08,6.94444e-15,1.52101
24,11222941000000,138046,0.0498095,0.09,20.0765,11.1111,2000000000.0,0.9,4.5e-09,2.5e-17,0.619322
24,11222942000000,142046,0.0484913,0.003,20.6222,333.333,4000000000.0,1.0,8.33333e-08,6.94444e-15,1.52091
24,11222943000000,144046,0.048901,0.078,20.4495,12.8205,2000000000.0,0.9,5.19231e-09,3.3284e-17,0.619322
24,11222944000000,148046,0.047823,0.009,20.9105,111.111,4000000000.0,1.0,2.77778e-08,7.71605e-16,1.51117
24,11222945000000,152046,0.0465649,0.0,21.4754,0.0,4000000000.0,1.0,0.0,0.0,1.3752
24,11222946000000,153046,0.0474367,0.18,21.0807,5.55556,1000000000.0,0.8,3.55556e-09,1.97531e-17,0.268232
24,11222947000000,157046,0.0463049,0.003,21.596,333.333,4000000000.0,1.0,8.33333e-08,6.94444e-15,1.1302
24,11222948000000,158046,0.0471508,0.18,21.2085,5.55556,1000000000.0,0.8,3.55556e-09,1.97531e-17,0.461538
24,11222949000000,162046,0.046061,0.003,21.7103,333.333,4000000000.0,1.0,8.33333e-08,6.94444e-15,1.14263
24,11222950000000,163046,0.0468825,0.18,21.3299,5.55556,1000000000.0,0.8,3.55556e-09,1.97531e-17,0.461538
24,11222951000000,167046,0.0457599,0.0,21.8532,0.0,4000000000.0,1.0,0.0,0.0,1.14263
24,11222952000000,168046,0.045559,0.012,21.9496,83.3333,1000000000.0,0.8,5.33333e-08,4.44444e-15,7.01666e-16
24,11222953000000,172046,0.0466619,0.093,21.4307,10.7527,4000000000.0,1.0,2.68817e-09,7.22627e-18,3.19508
24,11222954000000,174046,0.0467635,0.0555,21.3842,18.018,2000000000.0,0.9,7.2973e-09,6.57414e-17,4.25637
24,11222955000000,176046,0.049737,0.3085,20.1058,3.24149,2000000000.0,0.9,1.3128e-09,2.12772e-18,2.9536
24,11222956000000,177046,0.0501226,0.118,19.9511,8.47458,1000000000.0,0.8,5.42373e-09,4.59638e-17,0.409126
24,11222957000000,178046,0.0516777,0.327,19.3507,3.0581,1000000000.0,0.8,1.95719e-09,5.9852800000000006e-18,0.175488
24,11222958000000,179046,0.0531707,0.319,18.8074,3.1348,1000000000.0,0.8,2.00627e-09,6.289250000000001e-18,0.916664
24,11222959000000,180046,0.0535085,0.114,18.6886,8.77193,1000000000.0,0.8,5.61404e-09,4.92459e-17,0.515482
24,11222960000000,181046,0.0562343,0.547,17.7827,1.82815,1000000000.0,0.8,1.17002e-09,2.1389700000000003e-18,0.128544
24,11222961000000,182046,0.0565132,0.107,17.695,9.34579,1000000000.0,0.8,5.98131e-09,5.59001e-17,0.758804
24,11222962000000,183046,0.0568272,0.114,17.5972,8.77193,1000000000.0,0.8,5.61404e-09,4.92459e-17,0.544336
24,11222963000000,184046,0.0600719,0.654,16.6467,1.52905,1000000000.0,0.8,9.78593e-10,1.4963200000000001e-18,0.115171
24,11222964000000,185046,0.0603634,0.114,16.5663,8.77193,1000000000.0,0.8,5.61404e-09,4.92459e-17,0.690576
24,11222965000000,186046,0.0612429,0.224,16.3284,4.46429,1000000000.0,0.8,2.85714e-09,1.27551e-17,0.238945
24,11222966000000,187046,0.0632144,0.43,15.8192,2.32558,1000000000.0,0.8,1.48837e-09,3.4613300000000002e-18,1.14764
24,11222967000000,188046,0.0634845,0.114,15.7519,8.77193,1000000000.0,0.8,5.61404e-09,4.92459e-17,0.597733
24,11222968000000,189046,0.065455,0.436,15.2777,2.29358,1000000000.0,0.8,1.46789e-09,3.3667200000000002e-18,0.145243
24,11222969000000,190046,0.0662576,0.218,15.0926,4.58716,1000000000.0,0.8,2.93578e-09,1.34669e-17,0.868494
24,11222970000000,191046,0.0665075,0.114,15.0359,8.77193,1000000000.0,0.8,5.61404e-09,4.92459e-17,0.379077
24,11222971000000,192046,0.0694625,0.634,14.3963,1.57729,1000000000.0,0.8,1.00946e-09,1.5922100000000002e-18,0.120283
24,11222972000000,193046,0.0697399,0.123,14.339,8.13008,1000000000.0,0.8,5.20325e-09,4.23029e-17,0.731972
24,11222973000000,194046,0.0698906,0.099,14.3081,10.101,1000000000.0,0.8,6.46465e-09,6.52995e-17,0.655424
24,11222974000000,195046,0.0724342,0.566,13.8056,1.76678,1000000000.0,0.8,1.13074e-09,1.99778e-18,0.405729
24,11222975000000,196046,0.0726462,0.114,13.7653,8.77193,1000000000.0,0.8,5.61404e-09,4.92459e-17,0.664713
24,11222976000000,197046,0.0738863,0.317,13.5343,3.15457,1000000000.0,0.8,2.01893e-09,6.36886e-18,0.184425
24,11222977000000,198046,0.0752148,0.337,13.2952,2.96736,1000000000.0,0.8,1.89911e-09,5.63534e-18,0.85749
24,11222978000000,199046,0.0754097,0.114,13.2609,8.77193,1000000000.0,0.8,5.61404e-09,4.92459e-17,0.533085
24,11222979000000,200046,0.0777021,0.534,12.8697,1.87266,1000000000.0,0.8,1.1985e-09,2.24439e-18,0.13011
24,11222980000000,201046,0.0779125,0.12,12.8349,8.33333,1000000000.0,0.8,5.33333e-09,4.44444e-17,0.805289
24,11222981000000,202046,0.0780911,0.114,12.8056,8.77193,1000000000.0,0.8,5.61404e-09,4.92459e-17,0.361671
24,11222982000000,203046,0.0809275,0.654,12.3567,1.52905,1000000000.0,0.8,9.78593e-10,1.4963200000000001e-18,0.115582
24,11222983000000,204046,0.0810896,0.114,12.332,8.77193,1000000000.0,0.8,5.61404e-09,4.92459e-17,0.692621
24,11222984000000,205046,0.0817134,0.209,12.2379,4.78469,1000000000.0,0.8,3.0622e-09,1.46517e-17,0.279783
24,11222985000000,206046,0.0834765,0.445,11.9794,2.24719,1000000000.0,0.8,1.4382e-09,3.2319200000000004e-18,0.943399
24,11222986000000,207046,0.0836239,0.114,11.9583,8.77193,1000000000.0,0.8,5.61404e-09,4.92459e-17,0.597725
24,11222987000000,208046,0.0852408,0.42,11.7315,2.38095,1000000000.0,0.8,1.52381e-09,3.62812e-18,0.148324
24,11222988000000,209046,0.0859524,0.234,11.6343,4.2735,1000000000.0,0.8,2.73504e-09,1.16882e-17,0.845551
24,11222989000000,210046,0.0860859,0.114,11.6163,8.77193,1000000000.0,0.8,5.61404e-09,4.92459e-17,0.504942
24,11222990000000,211046,0.0886442,0.626,11.2811,1.59744,1000000000.0,0.8,1.02236e-09,1.6331700000000001e-18,0.12123
24,11222991000000,212046,0.0888062,0.123,11.2605,8.13008,1000000000.0,0.8,5.20325e-09,4.23029e-17,0.786971
24,11222992000000,213046,0.0887836,0.084,11.2633,11.9048,1000000000.0,0.8,7.61905e-09,9.07029e-17,0.352946
24,11222993000000,214046,0.0911206,0.589,10.9745,1.69779,1000000000.0,0.8,1.08659e-09,1.8448e-18,0.242932
24,11222994000000,215046,0.091227,0.114,10.9617,8.77193,1000000000.0,0.8,5.61404e-09,4.92459e-17,0.653052
24,11222995000000,216046,0.0922072,0.303,10.8451,3.30033,1000000000.0,0.8,2.11221e-09,6.970990000000001e-18,0.186671
24,11222996000000,217046,0.0933996,0.351,10.7067,2.849,1000000000.0,0.8,1.82336e-09,5.1947600000000005e-18,0.898436
24,11222997000000,218046,0.093494,0.114,10.6959,8.77193,1000000000.0,0.8,5.61404e-09,4.92459e-17,0.73546
24,11222998000000,219046,0.095432,0.518,10.4787,1.9305,1000000000.0,0.8,1.23552e-09,2.3851800000000004e-18,0.131837
24,11222999000000,221046,0.0951657,0.066,10.508,15.1515,2000000000.0,0.9,6.13636e-09,4.64876e-17,0.755733
24,11223000000000,222046,0.0952685,0.118,10.4966,8.47458,1000000000.0,0.8,5.42373e-09,4.59638e-17,0.554326
24,11223001000000,223046,0.0977736,0.654,10.2277,1.52905,1000000000.0,0.8,9.78593e-10,1.4963200000000001e-18,0.482183
24,11223002000000,225046,0.0976334,0.082,10.2424,12.1951,2000000000.0,0.9,4.93902e-09,3.0116e-17,0.67639
24,11223003000000,227046,0.0982136,0.1635,10.1819,6.11621,2000000000.0,0.9,2.47706e-09,7.57512e-18,1.10316
24,11223004000000,228046,0.0989976,0.277,10.1013,3.61011,1000000000.0,0.8,2.31047e-09,8.341040000000001e-18,1.73747
24,11223005000000,230046,0.0985325,0.0455,10.1489,21.978,2000000000.0,0.9,8.9011e-09,9.78143e-17,0.834498
24,11223006000000,231046,0.09837,0.061,10.1657,16.3934,1000000000.0,0.8,1.04918e-08,1.71997e-16,0.264115
24,11223007000000,232046,0.0980107,0.015,10.203,66.6667,1000000000.0,0.8,4.26667e-08,2.84444e-15,0.0326501
24,11223008000000,233046,0.098384,0.185,10.1643,5.40541,1000000000.0,0.8,3.45946e-09,1.86998e-17,0.159642
24,11223009000000,234046,0.0984764,0.12,10.1547,8.33333,1000000000.0,0.8,5.33333e-09,4.44444e-17,0.314273
24,11223010000000,235046,0.0981085,0.012,10.1928,83.3333,1000000000.0,0.8,5.33333e-08,4.44444e-15,0.0546483
24,11223011000000,236046,0.0984003,0.167,10.1626,5.98802,1000000000.0,0.8,3.83234e-09,2.29481e-17,0.439521
24,11223012000000,237046,0.099352,0.324,10.0652,3.08642,1000000000.0,0.8,1.97531e-09,6.09663e-18,0.182203
24,11223013000000,238046,0.100128,0.284,9.98725,3.52113,1000000000.0,0.8,2.25352e-09,7.93493e-18,1.00116
24,11223014000000,239046,0.100173,0.111,9.98271,9.00901,1000000000.0,0.8,5.76577e-09,5.19438e-17,0.284413
24,11223015000000,240046,0.102226,0.593,9.78222,1.68634,1000000000.0,0.8,1.07926e-09,1.82e-18,0.144767
24,11223016000000,241046,0.102308,0.122,9.77438,8.19672,1000000000.0,0.8,5.2459e-09,4.29992e-17,0.78292
24,11223017000000,242046,0.102179,0.071,9.78675,14.0845,1000000000.0,0.8,9.01408e-09,1.26959e-16,0.309075
24,11223018000000,243046,0.104388,0.639,9.57968,1.56495,1000000000.0,0.8,1.00156e-09,1.5673900000000001e-18,0.478095
24,11223019000000,244046,0.104415,0.111,9.57719,9.00901,1000000000.0,0.8,5.76577e-09,5.19438e-17,0.625665
24,11223020000000,245046,0.105156,0.286,9.5097,3.4965,1000000000.0,0.8,2.23776e-09,7.824340000000001e-18,0.170509
24,11223021000000,246046,0.106236,0.371,9.41298,2.69542,1000000000.0,0.8,1.72507e-09,4.64978e-18,0.840383
24,11223022000000,247046,0.106256,0.111,9.41128,9.00901,1000000000.0,0.8,5.76577e-09,5.19438e-17,0.316828
24,11223023000000,248046,0.107875,0.508,9.26998,1.9685,1000000000.0,0.8,1.25984e-09,2.48e-18,0.135287
24,11223024000000,249046,0.10804,0.149,9.25581,6.71141,1000000000.0,0.8,4.2953e-09,2.88275e-17,0.817465
24,11223025000000,250046,0.108052,0.111,9.25479,9.00901,1000000000.0,0.8,5.76577e-09,5.19438e-17,0.349785
24,11223026000000,251046,0.110239,0.657,9.07122,1.52207,1000000000.0,0.8,9.74125e-10,1.48269e-18,0.381921
24,11223027000000,252046,0.110242,0.111,9.07097,9.00901,1000000000.0,0.8,5.76577e-09,5.19438e-17,0.715311
24,11223028000000,253046,0.110596,0.2,9.04188,5.0,1000000000.0,0.8,3.2e-09,1.6e-17,0.225612
24,11223029000000,254046,0.11196,0.457,8.93176,2.18818,1000000000.0,0.8,1.40044e-09,3.06441e-18,0.925711
24,11223030000000,255046,0.111956,0.111,8.93206,9.00901,1000000000.0,0.8,5.76577e-09,5.19438e-17,0.327696
24,11223031000000,256046,0.113167,0.422,8.83649,2.36967,1000000000.0,0.8,1.51659e-09,3.5938100000000006e-18,0.131308
24,11223032000000,257046,0.113641,0.235,8.79963,4.25532,1000000000.0,0.8,2.7234e-09,1.1589e-17,0.798376
24,11223033000000,258046,0.113631,0.111,8.80042,9.00901,1000000000.0,0.8,5.76577e-09,5.19438e-17,0.260391
24,11223034000000,259046,0.11564,0.634,8.64755,1.57729,1000000000.0,0.8,1.00946e-09,1.5922100000000002e-18,0.140319
24,11223035000000,260046,0.11568,0.126,8.64457,7.93651,1000000000.0,0.8,5.07937e-09,4.03124e-17,0.747968
24,11223036000000,261046,0.115631,0.103,8.6482,9.70874,1000000000.0,0.8,6.21359e-09,6.03261e-17,0.352003
24,11223037000000,262046,0.117334,0.562,8.52265,1.77936,1000000000.0,0.8,1.13879e-09,2.02632e-18,0.928327
24,11223038000000,263046,0.11731,0.111,8.5244,9.00901,1000000000.0,0.8,5.76577e-09,5.19438e-17,0.66034
24,11223039000000,264046,0.118135,0.335,8.46491,2.98507,1000000000.0,0.8,1.91045e-09,5.70283e-18,0.216489
24,11223040000000,265046,0.118904,0.322,8.41015,3.10559,1000000000.0,0.8,1.98758e-09,6.1726e-18,0.932154
24,11223041000000,266046,0.118874,0.111,8.41226,9.00901,1000000000.0,0.8,5.76577e-09,5.19438e-17,0.339722
24,11223042000000,267046,0.120504,0.554,8.29851,1.80505,1000000000.0,0.8,1.15523e-09,2.0852600000000003e-18,0.133149
24,11223043000000,268046,0.120487,0.116,8.29967,8.62069,1000000000.0,0.8,5.51724e-09,4.75624e-17,0.799332
24,11223044000000,269046,0.120403,0.098,8.30543,10.2041,1000000000.0,0.8,6.53061e-09,6.66389e-17,0.489511
24,11223045000000,270046,0.12239,0.657,8.17058,1.52207,1000000000.0,0.8,9.74125e-10,1.48269e-18,0.242731
24,11223046000000,271046,0.122348,0.111,8.17339,9.00901,1000000000.0,0.8,5.76577e-09,5.19438e-17,0.600475
24,11223047000000,272046,0.12281,0.248,8.14265,4.03226,1000000000.0,0.8,2.58065e-09,1.04058e-17,0.189879
24,11223048000000,273046,0.123858,0.409,8.07375,2.44499,1000000000.0,0.8,1.56479e-09,3.8259e-18,0.928333
24,11223049000000,274046,0.123811,0.111,8.07681,9.00901,1000000000.0,0.8,5.76577e-09,5.19438e-17,0.394937
24,11223050000000,275046,0.12507,0.47,7.99552,2.12766,1000000000.0,0.8,1.3617e-09,2.8972400000000004e-18,0.134672
24,11223051000000,276046,0.125294,0.187,7.98121,5.34759,1000000000.0,0.8,3.42246e-09,1.83019e-17,0.815327
24,11223052000000,277046,0.125243,0.111,7.98449,9.00901,1000000000.0,0.8,5.76577e-09,5.19438e-17,0.321265
24,11223053000000,278046,0.127148,0.655,7.86485,1.52672,1000000000.0,0.8,9.77099e-10,1.4917500000000002e-18,0.141345
24,11223054000000,279046,0.127097,0.113,7.86799,8.84956,1000000000.0,0.8,5.66372e-09,5.01214e-17,0.718048
24,11223055000000,280046,0.127222,0.162,7.86028,6.17284,1000000000.0,0.8,3.95062e-09,2.43865e-17,0.309282
24,11223056000000,281046,0.128531,0.495,7.78025,2.0202,1000000000.0,0.8,1.29293e-09,2.61198e-18,1.02277
24,11223057000000,282046,0.128468,0.111,7.78402,9.00901,1000000000.0,0.8,5.76577e-09,5.19438e-17,0.702002
24,11223058000000,283046,0.129375,0.385,7.72948,2.5974,1000000000.0,0.8,1.66234e-09,4.3177600000000005e-18,0.134262
24,11223059000000,284046,0.129877,0.272,7.6996,3.67647,1000000000.0,0.8,2.35294e-09,8.650520000000001e-18,0.834978
24,11223060000000,285046,0.129811,0.111,7.70353,9.00901,1000000000.0,0.8,5.76577e-09,5.19438e-17,0.347246
24,11223061000000,286046,0.131395,0.583,7.61064,1.71527,1000000000.0,0.8,1.09777e-09,1.8829700000000003e-18,0.138671
24,11223062000000,287046,0.13254,0.46,7.54491,2.17391,1000000000.0,0.8,1.3913e-09,3.02457e-18,0.604941
24,11223063000000,288046,0.132475,0.114,7.54857,8.77193,1000000000.0,0.8,5.61404e-09,4.92459e-17,0.424967
24,11223064000000,289046,0.133124,0.32,7.51179,3.125,1000000000.0,0.8,2e-09,6.25e-18,0.122231
24,11223065000000,290046,0.133772,0.321,7.47541,3.11526,1000000000.0,0.8,1.99377e-09,6.21112e-18,0.77963
24,11223066000000,291046,0.133821,0.148,7.47268,6.75676,1000000000.0,0.8,4.32432e-09,2.92184e-17,0.292703
24,11223067000000,292046,0.135194,0.535,7.39675,1.86916,1000000000.0,0.8,1.19626e-09,2.236e-18,0.254769
24,11223068000000,293046,0.135122,0.114,7.40071,8.77193,1000000000.0,0.8,5.61404e-09,4.92459e-17,0.86872
24,11223069000000,294046,0.134979,0.093,7.40857,10.7527,1000000000.0,0.8,6.88172e-09,7.3997e-17,0.51212
24,11223070000000,295046,0.136711,0.646,7.31471,1.54799,1000000000.0,0.8,9.90712e-10,1.5336100000000002e-18,0.383247
24,11223071000000,296046,0.136749,0.148,7.31267,6.75676,1000000000.0,0.8,4.32432e-09,2.92184e-17,0.659815
24,11223072000000,297046,0.137127,0.249,7.29251,4.01606,1000000000.0,0.8,2.57028e-09,1.03224e-17,0.308357
24,11223073000000,298046,0.137938,0.379,7.24961,2.63852,1000000000.0,0.8,1.68865e-09,4.45555e-18,0.927106
24,11223074000000,299046,0.137858,0.114,7.25382,8.77193,1000000000.0,0.8,5.61404e-09,4.92459e-17,0.352223
24,11223075000000,300046,0.139072,0.502,7.19052,1.99203,1000000000.0,0.8,1.2749e-09,2.53964e-18,0.16209
24,11223076000000,301046,0.139088,0.144,7.18967,6.94444,1000000000.0,0.8,4.44444e-09,3.08642e-17,0.856007
24,11223077000000,302046,0.139118,0.148,7.18815,6.75676,1000000000.0,0.8,4.32432e-09,2.92184e-17,0.660321
24,11223078000000,303046,0.140731,0.628,7.10575,1.59236,1000000000.0,0.8,1.01911e-09,1.62278e-18,0.249675
24,11223079000000,304046,0.140643,0.114,7.11019,8.77193,1000000000.0,0.8,5.61404e-09,4.92459e-17,0.904765
24,11223080000000,305046,0.140897,0.218,7.09739,4.58716,1000000000.0,0.8,2.93578e-09,1.34669e-17,0.217933
24,11223081000000,306046,0.141835,0.428,7.05045,2.33645,1000000000.0,0.8,1.49533e-09,3.49375e-18,0.799114
24,11223082000000,307046,0.141855,0.148,7.04945,6.75676,1000000000.0,0.8,4.32432e-09,2.92184e-17,0.423456
24,11223083000000,308046,0.142787,0.429,7.00343,2.331,1000000000.0,0.8,1.49184e-09,3.4774900000000004e-18,0.258857
24,11223084000000,309046,0.142969,0.199,6.99452,5.02513,1000000000.0,0.8,3.21608e-09,1.61612e-17,0.804911
24,11223085000000,310046,0.142876,0.114,6.9991,8.77193,1000000000.0,0.8,5.61404e-09,4.92459e-17,0.300454
24,11223086000000,311046,0.14449,0.645,6.9209,1.55039,1000000000.0,0.8,9.92248e-10,1.53837e-18,0.239483
24,11223087000000,312046,0.144485,0.143,6.92113,6.99301,1000000000.0,0.8,4.47552e-09,3.12974e-17,0.678199
24,11223088000000,313046,0.14442,0.124,6.92426,8.06452,1000000000.0,0.8,5.16129e-09,4.16233e-17,0.432665
24,11223089000000,314046,0.145584,0.51,6.8689,1.96078,1000000000.0,0.8,1.2549e-09,2.46059e-18,0.99853
24,11223090000000,315046,0.145484,0.114,6.87363,8.77193,1000000000.0,0.8,5.61404e-09,4.92459e-17,0.519522
24,11223091000000,316046,0.146283,0.398,6.83609,2.51256,1000000000.0,0.8,1.60804e-09,4.0403e-18,0.160593
24,11223092000000,317046,0.146603,0.248,6.82113,4.03226,1000000000.0,0.8,2.58065e-09,1.04058e-17,0.735848
24,11223093000000,318046,0.146608,0.148,6.82092,6.75676,1000000000.0,0.8,4.32432e-09,2.92184e-17,0.40799
24,11223094000000,319046,0.148035,0.602,6.75516,1.66113,1000000000.0,0.8,1.06312e-09,1.7659800000000002e-18,0.248309
24,11223095000000,320046,0.147985,0.132,6.75744,7.57576,1000000000.0,0.8,4.84848e-09,3.67309e-17,0.77523
24,11223096000000,321046,0.147845,0.103,6.76385,9.70874,1000000000.0,0.8,6.21359e-09,6.03261e-17,0.35071
24,11223097000000,322046,0.149097,0.551,6.70706,1.81488,1000000000.0,0.8,1.16152e-09,2.1080300000000003e-18,1.02314
24,11223098000000,323046,0.149093,0.148,6.70721,6.75676,1000000000.0,0.8,4.32432e-09,2.92184e-17,0.660589
24,11223099000000,324046,0.149642,0.327,6.6826,3.0581,1000000000.0,0.8,1.95719e-09,5.9852800000000006e-18,0.285156
24,11223100000000,325046,0.150108,0.301,6.66187,3.32226,1000000000.0,0.8,2.12625e-09,7.06394e-18,0.954977
24,11223101000000,326046,0.149997,0.114,6.66679,8.77193,1000000000.0,0.8,5.61404e-09,4.92459e-17,0.459524
24,11223102000000,327046,0.151312,0.58,6.60886,1.72414,1000000000.0,0.8,1.10345e-09,1.9025e-18,0.176085
24,11223103000000,328046,0.151156,0.1,6.6157,10.0,1000000000.0,0.8,6.4e-09,6.4e-17,0.79252
24,11223104000000,329046,0.151046,0.115,6.62051,8.69565,1000000000.0,0.8,5.56522e-09,4.83932e-17,0.283813
24,11223105000000,330046,0.152488,0.627,6.5579,1.5949,1000000000.0,0.8,1.02073e-09,1.6279600000000002e-18,0.601423
24,11223106000000,331046,0.152372,0.114,6.5629,8.77193,1000000000.0,0.8,5.61404e-09,4.92459e-17,0.649171
24,11223107000000,332046,0.152792,0.292,6.54484,3.42466,1000000000.0,0.8,2.19178e-09,7.5061e-18,0.180819
24,11223108000000,333046,0.153396,0.354,6.51907,2.82486,1000000000.0,0.8,1.80791e-09,5.1070900000000006e-18,0.935181
24,11223109000000,334046,0.15338,0.148,6.51975,6.75676,1000000000.0,0.8,4.32432e-09,2.92184e-17,0.527175
24,11223110000000,335046,0.15443,0.505,6.47545,1.9802,1000000000.0,0.8,1.26733e-09,2.5095600000000004e-18,0.254047
24,11223111000000,336046,0.154336,0.123,6.47937,8.13008,1000000000.0,0.8,5.20325e-09,4.23029e-17,0.893034
24,11223112000000,337046,0.154216,0.114,6.4844,8.77193,1000000000.0,0.8,5.61404e-09,4.92459e-17,0.286981
24,11223113000000,338046,0.155695,0.654,6.42282,1.52905,1000000000.0,0.8,9.78593e-10,1.4963200000000001e-18,0.369417
24,11223114000000,338084,0.155701,0.210526,6.42257,4.75,1000000000.0,0.8,3.04e-09,1.444e-17,0.0828185
24,11223115000000,338084,0.155701,,6.42257,0.0,1000000000.0,0.8,0.0,0.0,0.0
25,10205500000000,15545,0.053715,0.053715,18.6168,18.6168,4000000000.0,1.0,4.65419e-09,2.16615e-17,0.0
25,10205501000000,19545,0.0766436,0.16575,13.0474,6.03318,4000000000.0,1.0,1.5083e-09,2.27496e-18,4.0
25,10205502000000,21284,0.0704285,0.000575043,14.1988,1739.0,2000000000.0,0.9,7.04295e-07,6.12385e-13,0.351614
25,11206193000000,38977,0.103292,0.142825,9.68132,7.00158,4000000000.0,1.0,1.7504e-09,3.06389e-18,0.0
25,11206194000000,40977,0.0982502,0.0,10.1781,0.0,2000000000.0,0.9,0.0,0.0,0.773976
25,11206195000000,41546,0.0969528,0.00351494,10.3143,284.5,1000000000.0,0.8,1.8208e-07,5.18018e-14,8.72271e-09
25,11222906000000,43626,0.0928804,0.0115385,10.7665,86.6667,1000000000.0,0.8,5.54667e-08,4.80711e-15,0.0
25,11222907000000,47626,0.0869273,0.022,11.5039,45.4545,4000000000.0,1.0,1.13636e-08,1.29132e-16,4.0
25,11222908000000,51626,0.0807151,0.00675,12.3892,148.148,4000000000.0,1.0,3.7037e-08,1.37174e-15,4.0
25,11222909000000,55626,0.0778773,0.04125,12.8407,24.2424,4000000000.0,1.0,6.06061e-09,3.67309e-17,3.18327
25,11222910000000,57626,0.0755909,0.012,13.2291,83.3333,2000000000.0,0.9,3.375e-08,1.40625e-15,1.846
25,11222911000000,58626,0.0771671,0.168,12.9589,5.95238,1000000000.0,0.8,3.80952e-09,2.26757e-17,0.861538
25,11222912000000,60626,0.0750173,0.012,13.3303,83.3333,2000000000.0,0.9,3.375e-08,1.40625e-15,1.1318
25,11222913000000,61626,0.0756174,0.112,13.2245,8.92857,1000000000.0,0.8,5.71429e-09,5.10204e-17,0.861538
25,11222914000000,65626,0.0718618,0.014,13.9156,71.4286,4000000000.0,1.0,1.78571e-08,3.18878e-16,2.52308
25,11222915000000,67626,0.0700914,0.012,14.2671,83.3333,2000000000.0,0.9,3.375e-08,1.40625e-15,1.50495
25,11222916000000,69626,0.0704909,0.084,14.1862,11.9048,2000000000.0,0.9,4.82143e-09,2.8699e-17,0.861538
25,11222917000000,73626,0.0669872,0.006,14.9282,166.667,4000000000.0,1.0,4.16667e-08,1.73611e-15,1.48612
25,11222918000000,75626,0.0674371,0.084,14.8286,11.9048,2000000000.0,0.9,4.82143e-09,2.8699e-17,0.885194
25,11222919000000,79626,0.0643508,0.006,15.5398,166.667,4000000000.0,1.0,4.16667e-08,1.73611e-15,1.4795
25,11222920000000,81626,0.0648323,0.084,15.4244,11.9048,2000000000.0,0.9,4.82143e-09,2.8699e-17,0.885194
25,11222921000000,85626,0.0618037,0.0,16.1803,0.0,4000000000.0,1.0,0.0,0.0,1.47657
25,11222922000000,86626,0.0615058,0.036,16.2586,27.7778,1000000000.0,0.8,1.77778e-08,4.93827e-16,8.81283e-05
25,11222923000000,88626,0.061878,0.078,16.1608,12.8205,2000000000.0,0.9,5.19231e-09,3.3284e-17,1.04905
25,11222924000000,92626,0.0593354,0.003,16.8533,333.333,4000000000.0,1.0,8.33333e-08,6.94444e-15,1.47462
25,11222925000000,93626,0.0606242,0.18,16.4951,5.55556,1000000000.0,0.8,3.55556e-09,1.97531e-17,0.461538
25,11222926000000,97626,0.0582632,0.003,17.1635,333.333,4000000000.0,1.0,8.33333e-08,6.94444e-15,1.14263
25,11222927000000,98626,0.0594975,0.18,16.8074,5.55556,1000000000.0,0.8,3.55556e-09,1.97531e-17,0.461538
25,11222928000000,102626,0.0572954,0.003,17.4534,333.333,4000000000.0,1.0,8.33333e-08,6.94444e-15,1.14263
25,11222929000000,103626,0.0570127,0.028,17.5399,35.7143,1000000000.0,0.8,2.28571e-08,8.16327e-16,0.461538
25,11222930000000,105626,0.0573722,0.076,17.43,13.1579,2000000000.0,0.9,5.32895e-09,3.50589e-17,1.06145
25,11222931000000,107626,0.0565291,0.012,17.69,83.3333,2000000000.0,0.9,3.375e-08,1.40625e-15,1.50229
25,11222932000000,109626,0.0570303,0.084,17.5345,11.9048,2000000000.0,0.9,4.82143e-09,2.8699e-17,0.861538
25,11222933000000,113626,0.0551282,0.003,18.1395,333.333,4000000000.0,1.0,8.33333e-08,6.94444e-15,1.51445
25,11222934000000,115626,0.0557314,0.09,17.9432,11.1111,2000000000.0,0.9,4.5e-09,2.5e-17,0.499548
25,11222935000000,119626,0.0539682,0.003,18.5294,333.333,4000000000.0,1.0,8.33333e-08,6.94444e-15,1.52678
25,11222936000000,121626,0.0542236,0.0695,18.4422,14.3885,2000000000.0,0.9,5.82734e-09,4.19233e-17,0.499548
25,11222937000000,125626,0.0528235,0.01025,18.931,97.561,4000000000.0,1.0,2.43902e-08,5.94884e-16,1.57017
25,11222938000000,129626,0.051286,0.003,19.4985,333.333,4000000000.0,1.0,8.33333e-08,6.94444e-15,1.71027
25,11222939000000,131626,0.0518742,0.09,19.2774,11.1111,2000000000.0,0.9,4.5e-09,2.5e-17,0.499548
25,11222940000000,135626,0.0504328,0.003,19.8284,333.333,4000000000.0,1.0,8.33333e-08,6.94444e-15,1.49889
25,11222941000000,137626,0.0510078,0.09,19.6048,11.1111,2000000000.0,0.9,4.5e-09,2.5e-17,0.499422
25,11222942000000,141626,0.0496519,0.003,20.1402,333.333,4000000000.0,1.0,8.33333e-08,6.94444e-15,1.49887
25,11222943000000,143626,0.0500466,0.078,19.9814,12.8205,2000000000.0,0.9,5.19231e-09,3.3284e-17,0.499422
25,11222944000000,147626,0.0489345,0.009,20.4355,111.111,4000000000.0,1.0,2.77778e-08,7.71605e-16,1.50888
25,11222945000000,151626,0.0476435,0.0,20.9892,0.0,4000000000.0,1.0,0.0,0.0,1.30796
25,11222946000000,152626,0.0485107,0.18,20.614,5.55556,1000000000.0,0.8,3.55556e-09,1.97531e-17,0.0644024
25,11222947000000,156626,0.0473485,0.003,21.12,333.333,4000000000.0,1.0,8.33333e-08,6.94444e-15,1.13965
25,11222948000000,157626,0.04819,0.18,20.7512,5.55556,1000000000.0,0.8,3.55556e-09,1.97531e-17,0.461538
25,11222949000000,161626,0.0470716,0.003,21.2442,333.333,4000000000.0,1.0,8.33333e-08,6.94444e-15,1.14263
25,11222950000000,162626,0.047889,0.18,20.8816,5.55556,1000000000.0,0.8,3.55556e-09,1.97531e-17,0.461538
25,11222951000000,166626,0.0467394,0.0,21.3952,0.0,4000000000.0,1.0,0.0,0.0,1.14263
25,11222952000000,167626,0.0465322,0.012,21.4905,83.3333,1000000000.0,0.8,5.33333e-08,4.44444e-15,1.6847e-16
25,11222953000000,171626,0.0476152,0.093,21.0017,10.7527,4000000000.0,1.0,2.68817e-09,7.22627e-18,3.19508
25,11222954000000,173626,0.047706,0.0555,20.9617,18.018,2000000000.0,0.9,7.2973e-09,6.57414e-17,4.25344
25,11222955000000,175626,0.0506759,0.3085,19.7333,3.24149,2000000000.0,0.9,1.3128e-09,2.12772e-18,2.96359
25,11222956000000,176626,0.051057,0.118,19.5859,8.47458,1000000000.0,0.8,5.42373e-09,4.59638e-17,0.386253
25,11222957000000,177626,0.0526105,0.327,19.0076,3.0581,1000000000.0,0.8,1.95719e-09,5.9852800000000006e-18,0.166268
25,11222958000000,178626,0.0541019,0.319,18.4837,3.1348,1000000000.0,0.8,2.00627e-09,6.289250000000001e-18,1.01489
25,11222959000000,179626,0.0544353,0.114,18.3704,8.77193,1000000000.0,0.8,5.61404e-09,4.92459e-17,0.505273
25,11222960000000,180626,0.0571623,0.547,17.494,1.82815,1000000000.0,0.8,1.17002e-09,2.1389700000000003e-18,0.127079
25,11222961000000,181626,0.0574367,0.107,17.4105,9.34579,1000000000.0,0.8,5.98131e-09,5.59001e-17,0.799086
25,11222962000000,182626,0.0577464,0.114,17.3171,8.77193,1000000000.0,0.8,5.61404e-09,4.92459e-17,0.499121
25,11222963000000,183626,0.0609935,0.654,16.3952,1.52905,1000000000.0,0.8,9.78593e-10,1.4963200000000001e-18,0.11907
25,11222964000000,184626,0.0612806,0.114,16.3184,8.77193,1000000000.0,0.8,5.61404e-09,4.92459e-17,0.66719
25,11222965000000,185626,0.0621572,0.224,16.0882,4.46429,1000000000.0,0.8,2.85714e-09,1.27551e-17,0.234549
25,11222966000000,186626,0.0641283,0.43,15.5938,2.32558,1000000000.0,0.8,1.48837e-09,3.4613300000000002e-18,0.895252
25,11222967000000,187626,0.0643941,0.114,15.5294,8.77193,1000000000.0,0.8,5.61404e-09,4.92459e-17,0.571038
25,11222968000000,188626,0.0663641,0.436,15.0684,2.29358,1000000000.0,0.8,1.46789e-09,3.3667200000000002e-18,0.141363
25,11222969000000,189626,0.0671638,0.218,14.889,4.58716,1000000000.0,0.8,2.93578e-09,1.34669e-17,0.782544
25,11222970000000,190626,0.0674095,0.114,14.8347,8.77193,1000000000.0,0.8,5.61404e-09,4.92459e-17,0.330506
25,11222971000000,191626,0.0703662,0.634,14.2114,1.57729,1000000000.0,0.8,1.00946e-09,1.5922100000000002e-18,0.12038
25,11222972000000,192626,0.0706395,0.123,14.1564,8.13008,1000000000.0,0.8,5.20325e-09,4.23029e-17,0.719353
25,11222973000000,193626,0.0707859,0.099,14.1271,10.101,1000000000.0,0.8,6.46465e-09,6.52995e-17,0.579904
25,11222974000000,194626,0.0733304,0.566,13.6369,1.76678,1000000000.0,0.8,1.13074e-09,1.99778e-18,0.734965
25,11222975000000,195626,0.0735383,0.114,13.5984,8.77193,1000000000.0,0.8,5.61404e-09,4.92459e-17,0.632429
25,11222976000000,196626,0.0747765,0.317,13.3732,3.15457,1000000000.0,0.8,2.01893e-09,6.36886e-18,0.172753
25,11222977000000,197626,0.0761033,0.337,13.14,2.96736,1000000000.0,0.8,1.89911e-09,5.63534e-18,0.936626
25,11222978000000,198626,0.0762941,0.114,13.1072,8.77193,1000000000.0,0.8,5.61404e-09,4.92459e-17,0.515579
25,11222979000000,199626,0.078587,0.534,12.7248,1.87266,1000000000.0,0.8,1.1985e-09,2.24439e-18,0.128416
25,11222980000000,200626,0.0787934,0.12,12.6914,8.33333,1000000000.0,0.8,5.33333e-09,4.44444e-17,0.861353
25,11222981000000,201626,0.078968,0.114,12.6634,8.77193,1000000000.0,0.8,5.61404e-09,4.92459e-17,0.351371
25,11222982000000,202626,0.0818059,0.654,12.2241,1.52905,1000000000.0,0.8,9.78593e-10,1.4963200000000001e-18,0.118614
25,11222983000000,203626,0.081964,0.114,12.2005,8.77193,1000000000.0,0.8,5.61404e-09,4.92459e-17,0.668816
25,11222984000000,204626,0.0825848,0.209,12.1088,4.78469,1000000000.0,0.8,3.0622e-09,1.46517e-17,0.273321
25,11222985000000,205626,0.0843473,0.445,11.8557,2.24719,1000000000.0,0.8,1.4382e-09,3.2319200000000004e-18,0.852229
25,11222986000000,206626,0.0844908,0.114,11.8356,8.77193,1000000000.0,0.8,5.61404e-09,4.92459e-17,0.557983
25,11222987000000,207626,0.0861067,0.42,11.6135,2.38095,1000000000.0,0.8,1.52381e-09,3.62812e-18,0.143957
25,11222988000000,208626,0.0868156,0.234,11.5187,4.2735,1000000000.0,0.8,2.73504e-09,1.16882e-17,0.780143
25,11222989000000,209626,0.0869453,0.114,11.5015,8.77193,1000000000.0,0.8,5.61404e-09,4.92459e-17,0.484662
25,11222990000000,210626,0.0895046,0.626,11.1726,1.59744,1000000000.0,0.8,1.02236e-09,1.6331700000000001e-18,0.121079
25,11222991000000,211626,0.0896629,0.123,11.1529,8.13008,1000000000.0,0.8,5.20325e-09,4.23029e-17,0.758091
25,11222992000000,212626,0.0896363,0.084,11.1562,11.9048,1000000000.0,0.8,7.61905e-09,9.07029e-17,0.343329
25,11222993000000,213626,0.0919738,0.589,10.8727,1.69779,1000000000.0,0.8,1.08659e-09,1.8448e-18,0.339574
25,11222994000000,214626,0.0920764,0.114,10.8605,8.77193,1000000000.0,0.8,5.61404e-09,4.92459e-17,0.63409
25,11222995000000,215626,0.0930546,0.303,10.7464,3.30033,1000000000.0,0.8,2.11221e-09,6.970990000000001e-18,0.174779
25,11222996000000,216626,0.0942454,0.351,10.6106,2.849,1000000000.0,0.8,1.82336e-09,5.1947600000000005e-18,0.928147
25,11222997000000,217626,0.0943362,0.114,10.6004,8.77193,1000000000.0,0.8,5.61404e-09,4.92459e-17,0.72839
25,11222998000000,218626,0.096274,0.518,10.387,1.9305,1000000000.0,0.8,1.23552e-09,2.3851800000000004e-18,0.129891
25,11222999000000,220626,0.0959996,0.066,10.4167,15.1515,2000000000.0,0.9,6.13636e-09,4.64876e-17,0.816645
25,11223000000000,221626,0.0960988,0.118,10.406,8.47458,1000000000.0,0.8,5.42373e-09,4.59638e-17,0.45905
25,11223001000000,222626,0.0986048,0.654,10.1415,1.52905,1000000000.0,0.8,9.78593e-10,1.4963200000000001e-18,0.402385
25,11223002000000,224626,0.098457,0.082,10.1567,12.1951,2000000000.0,0.9,4.93902e-09,3.0116e-17,0.664802
25,11223003000000,226626,0.099031,0.1635,10.0978,6.11621,2000000000.0,0.9,2.47706e-09,7.57512e-18,1.1037
25,11223004000000,227626,0.0998129,0.277,10.0187,3.61011,1000000000.0,0.8,2.31047e-09,8.341040000000001e-18,1.73831
25,11223005000000,229626,0.0993398,0.0455,10.0665,21.978,2000000000.0,0.9,8.9011e-09,9.78143e-17,0.831506
25,11223006000000,230626,0.0991736,0.061,10.0833,16.3934,1000000000.0,0.8,1.04918e-08,1.71997e-16,0.224804
25,11223007000000,231626,0.0988102,0.015,10.1204,66.6667,1000000000.0,0.8,4.26667e-08,2.84444e-15,0.032726
25,11223008000000,232626,0.0991807,0.185,10.0826,5.40541,1000000000.0,0.8,3.45946e-09,1.86998e-17,0.159512
25,11223009000000,233626,0.0992698,0.12,10.0736,8.33333,1000000000.0,0.8,5.33333e-09,4.44444e-17,0.319215
25,11223010000000,234626,0.0988978,0.012,10.1114,83.3333,1000000000.0,0.8,5.33333e-08,4.44444e-15,0.0558795
25,11223011000000,235626,0.0991868,0.167,10.082,5.98802,1000000000.0,0.8,3.83234e-09,2.29481e-17,0.439336
25,11223012000000,236626,0.100137,0.324,9.98633,3.08642,1000000000.0,0.8,1.97531e-09,6.09663e-18,0.181371
25,11223013000000,237626,0.100911,0.284,9.90975,3.52113,1000000000.0,0.8,2.25352e-09,7.93493e-18,1.07123
25,11223014000000,238626,0.100953,0.111,9.9056,9.00901,1000000000.0,0.8,5.76577e-09,5.19438e-17,0.302631
25,11223015000000,239626,0.103006,0.593,9.70814,1.68634,1000000000.0,0.8,1.07926e-09,1.82e-18,0.137286
25,11223016000000,240626,0.103085,0.122,9.70071,8.19672,1000000000.0,0.8,5.2459e-09,4.29992e-17,0.780019
25,11223017000000,241626,0.102952,0.071,9.71322,14.0845,1000000000.0,0.8,9.01408e-09,1.26959e-16,0.394998
25,11223018000000,242626,0.105162,0.639,9.50915,1.56495,1000000000.0,0.8,1.00156e-09,1.5673900000000001e-18,0.49446
25,11223019000000,243626,0.105186,0.111,9.50699,9.00901,1000000000.0,0.8,5.76577e-09,5.19438e-17,0.602223
25,11223020000000,244626,0.105925,0.286,9.44065,3.4965,1000000000.0,0.8,2.23776e-09,7.824340000000001e-18,0.170053
25,11223021000000,245626,0.107004,0.371,9.34543,2.69542,1000000000.0,0.8,1.72507e-09,4.64978e-18,0.866202
25,11223022000000,246626,0.10702,0.111,9.34402,9.00901,1000000000.0,0.8,5.76577e-09,5.19438e-17,0.31822
25,11223023000000,247626,0.10864,0.508,9.20474,1.9685,1000000000.0,0.8,1.25984e-09,2.48e-18,0.13213
25,11223024000000,248626,0.108802,0.149,9.19101,6.71141,1000000000.0,0.8,4.2953e-09,2.88275e-17,0.840934
25,11223025000000,249626,0.108811,0.111,9.19027,9.00901,1000000000.0,0.8,5.76577e-09,5.19438e-17,0.338087
25,11223026000000,250626,0.110998,0.657,9.00917,1.52207,1000000000.0,0.8,9.74125e-10,1.48269e-18,0.306774
25,11223027000000,251626,0.110998,0.111,9.00917,9.00901,1000000000.0,0.8,5.76577e-09,5.19438e-17,0.72273
25,11223028000000,252626,0.11135,0.2,8.98066,5.0,1000000000.0,0.8,3.2e-09,1.6e-17,0.227541
25,11223029000000,253626,0.112713,0.457,8.87207,2.18818,1000000000.0,0.8,1.40044e-09,3.06441e-18,0.94852
25,11223030000000,254626,0.112706,0.111,8.8726,9.00901,1000000000.0,0.8,5.76577e-09,5.19438e-17,0.330209
25,11223031000000,255626,0.113916,0.422,8.77837,2.36967,1000000000.0,0.8,1.51659e-09,3.5938100000000006e-18,0.132227
25,11223032000000,256626,0.114388,0.235,8.74216,4.25532,1000000000.0,0.8,2.7234e-09,1.1589e-17,0.754368
25,11223033000000,257626,0.114375,0.111,8.74316,9.00901,1000000000.0,0.8,5.76577e-09,5.19438e-17,0.260226
25,11223034000000,258626,0.116384,0.634,8.59223,1.57729,1000000000.0,0.8,1.00946e-09,1.5922100000000002e-18,0.133851
25,11223035000000,259626,0.116421,0.126,8.58949,7.93651,1000000000.0,0.8,5.07937e-09,4.03124e-17,0.766985
25,11223036000000,260626,0.11637,0.103,8.59329,9.70874,1000000000.0,0.8,6.21359e-09,6.03261e-17,0.325754
25,11223037000000,261626,0.118073,0.562,8.46933,1.77936,1000000000.0,0.8,1.13879e-09,2.02632e-18,1.0378
25,11223038000000,262626,0.118046,0.111,8.47126,9.00901,1000000000.0,0.8,5.76577e-09,5.19438e-17,0.662793
25,11223039000000,263626,0.118869,0.335,8.41261,2.98507,1000000000.0,0.8,1.91045e-09,5.70283e-18,0.197161
25,11223040000000,264626,0.119637,0.322,8.35863,3.10559,1000000000.0,0.8,1.98758e-09,6.1726e-18,0.997084
25,11223041000000,265626,0.119604,0.111,8.36091,9.00901,1000000000.0,0.8,5.76577e-09,5.19438e-17,0.34145
25,11223042000000,266626,0.121233,0.554,8.24855,1.80505,1000000000.0,0.8,1.15523e-09,2.0852600000000003e-18,0.129651
25,11223043000000,267626,0.121214,0.116,8.24988,8.62069,1000000000.0,0.8,5.51724e-09,4.75624e-17,0.81957
25,11223044000000,268626,0.121128,0.098,8.25576,10.2041,1000000000.0,0.8,6.53061e-09,6.66389e-17,0.576821
25,11223045000000,269626,0.123115,0.657,8.12249,1.52207,1000000000.0,0.8,9.74125e-10,1.48269e-18,0.39392
25,11223046000000,270626,0.12307,0.111,8.12544,9.00901,1000000000.0,0.8,5.76577e-09,5.19438e-17,0.665967
25,11223047000000,271626,0.12353,0.248,8.09519,4.03226,1000000000.0,0.8,2.58065e-09,1.04058e-17,0.189525
25,11223048000000,272626,0.124577,0.409,8.02715,2.44499,1000000000.0,0.8,1.56479e-09,3.8259e-18,0.818389
25,11223049000000,273626,0.124528,0.111,8.03035,9.00901,1000000000.0,0.8,5.76577e-09,5.19438e-17,0.404215
25,11223050000000,274626,0.125786,0.47,7.95003,2.12766,1000000000.0,0.8,1.3617e-09,2.8972400000000004e-18,0.132746
25,11223051000000,275626,0.126008,0.187,7.93602,5.34759,1000000000.0,0.8,3.42246e-09,1.83019e-17,0.814678
25,11223052000000,276626,0.125953,0.111,7.93944,9.00901,1000000000.0,0.8,5.76577e-09,5.19438e-17,0.321961
25,11223053000000,277626,0.127859,0.655,7.82111,1.52672,1000000000.0,0.8,9.77099e-10,1.4917500000000002e-18,0.134636
25,11223054000000,278626,0.127806,0.113,7.82438,8.84956,1000000000.0,0.8,5.66372e-09,5.01214e-17,0.72266
25,11223055000000,279626,0.127928,0.162,7.8169,6.17284,1000000000.0,0.8,3.95062e-09,2.43865e-17,0.313839
25,11223056000000,280626,0.129236,0.495,7.73778,2.0202,1000000000.0,0.8,1.29293e-09,2.61198e-18,1.18764
25,11223057000000,281626,0.129171,0.111,7.74166,9.00901,1000000000.0,0.8,5.76577e-09,5.19438e-17,0.719072
25,11223058000000,282626,0.130076,0.385,7.68778,2.5974,1000000000.0,0.8,1.66234e-09,4.3177600000000005e-18,0.136197
25,11223059000000,283626,0.130577,0.272,7.65832,3.67647,1000000000.0,0.8,2.35294e-09,8.650520000000001e-18,0.854988
25,11223060000000,284626,0.130508,0.111,7.66236,9.00901,1000000000.0,0.8,5.76577e-09,5.19438e-17,0.359819
25,11223061000000,285626,0.132092,0.583,7.57046,1.71527,1000000000.0,0.8,1.09777e-09,1.8829700000000003e-18,0.132904
25,11223062000000,286626,0.133236,0.46,7.50546,2.17391,1000000000.0,0.8,1.3913e-09,3.02457e-18,0.602248
25,11223063000000,287626,0.133169,0.114,7.50923,8.77193,1000000000.0,0.8,5.61404e-09,4.92459e-17,0.434696
25,11223064000000,288626,0.133817,0.32,7.4729,3.125,1000000000.0,0.8,2e-09,6.25e-18,0.140322
25,11223065000000,289626,0.134463,0.321,7.43699,3.11526,1000000000.0,0.8,1.99377e-09,6.21112e-18,0.793927
25,11223066000000,290626,0.13451,0.148,7.43441,6.75676,1000000000.0,0.8,4.32432e-09,2.92184e-17,0.304809
25,11223067000000,291626,0.135883,0.535,7.35928,1.86916,1000000000.0,0.8,1.19626e-09,2.236e-18,0.25478
25,11223068000000,292626,0.135808,0.114,7.36333,8.77193,1000000000.0,0.8,5.61404e-09,4.92459e-17,0.886248
25,11223069000000,293626,0.135662,0.093,7.37124,10.7527,1000000000.0,0.8,6.88172e-09,7.3997e-17,0.480759
25,11223070000000,294626,0.137395,0.646,7.27831,1.54799,1000000000.0,0.8,9.90712e-10,1.5336100000000002e-18,0.521528
25,11223071000000,295626,0.13743,0.148,7.27641,6.75676,1000000000.0,0.8,4.32432e-09,2.92184e-17,0.679211
25,11223072000000,296626,0.137807,0.249,7.25655,4.01606,1000000000.0,0.8,2.57028e-09,1.03224e-17,0.3141
25,11223073000000,297626,0.138617,0.379,7.21413,2.63852,1000000000.0,0.8,1.68865e-09,4.45555e-18,0.903483
25,11223074000000,298626,0.138534,0.114,7.21842,8.77193,1000000000.0,0.8,5.61404e-09,4.92459e-17,0.407462
25,11223075000000,299626,0.139748,0.502,7.15576,1.99203,1000000000.0,0.8,1.2749e-09,2.53964e-18,0.158094
25,11223076000000,300626,0.139762,0.144,7.15504,6.94444,1000000000.0,0.8,4.44444e-09,3.08642e-17,0.866626
25,11223077000000,301626,0.139789,0.148,7.15364,6.75676,1000000000.0,0.8,4.32432e-09,2.92184e-17,0.673349
25,11223078000000,302626,0.141402,0.628,7.07202,1.59236,1000000000.0,0.8,1.01911e-09,1.62278e-18,0.247424
25,11223079000000,303626,0.141312,0.114,7.07654,8.77193,1000000000.0,0.8,5.61404e-09,4.92459e-17,0.912316
25,11223080000000,304626,0.141564,0.218,7.06396,4.58716,1000000000.0,0.8,2.93578e-09,1.34669e-17,0.221898
25,11223081000000,305626,0.142501,0.428,7.0175,2.33645,1000000000.0,0.8,1.49533e-09,3.49375e-18,0.804495
25,11223082000000,306626,0.142519,0.148,7.01661,6.75676,1000000000.0,0.8,4.32432e-09,2.92184e-17,0.430909
25,11223083000000,307626,0.14345,0.429,6.97106,2.331,1000000000.0,0.8,1.49184e-09,3.4774900000000004e-18,0.261628
25,11223084000000,308626,0.14363,0.199,6.96233,5.02513,1000000000.0,0.8,3.21608e-09,1.61612e-17,0.798087
25,11223085000000,309626,0.143534,0.114,6.96697,8.77193,1000000000.0,0.8,5.61404e-09,4.92459e-17,0.308144
25,11223086000000,310626,0.145149,0.645,6.88948,1.55039,1000000000.0,0.8,9.92248e-10,1.53837e-18,0.217096
25,11223087000000,311626,0.145142,0.143,6.88981,6.99301,1000000000.0,0.8,4.47552e-09,3.12974e-17,0.688458
25,11223088000000,312626,0.145074,0.124,6.89302,8.06452,1000000000.0,0.8,5.16129e-09,4.16233e-17,0.448646
25,11223089000000,313626,0.146238,0.51,6.83817,1.96078,1000000000.0,0.8,1.2549e-09,2.46059e-18,1.07061
25,11223090000000,314626,0.146135,0.114,6.84297,8.77193,1000000000.0,0.8,5.61404e-09,4.92459e-17,0.625289
25,11223091000000,315626,0.146933,0.398,6.8058,2.51256,1000000000.0,0.8,1.60804e-09,4.0403e-18,0.158801
25,11223092000000,316626,0.147253,0.248,6.79105,4.03226,1000000000.0,0.8,2.58065e-09,1.04058e-17,0.748739
25,11223093000000,317626,0.147255,0.148,6.79094,6.75676,1000000000.0,0.8,4.32432e-09,2.92184e-17,0.515885
25,11223094000000,318626,0.148682,0.602,6.72576,1.66113,1000000000.0,0.8,1.06312e-09,1.7659800000000002e-18,0.248364
25,11223095000000,319626,0.14863,0.132,6.72812,7.57576,1000000000.0,0.8,4.84848e-09,3.67309e-17,0.776615
25,11223096000000,320626,0.148488,0.103,6.73457,9.70874,1000000000.0,0.8,6.21359e-09,6.03261e-17,0.310797
25,11223097000000,321626,0.149739,0.551,6.67828,1.81488,1000000000.0,0.8,1.16152e-09,2.1080300000000003e-18,1.11096
25,11223098000000,322626,0.149734,0.148,6.67852,6.75676,1000000000.0,0.8,4.32432e-09,2.92184e-17,0.6529
25,11223099000000,323626,0.150281,0.327,6.65418,3.0581,1000000000.0,0.8,1.95719e-09,5.9852800000000006e-18,0.28737
25,11223100000000,324626,0.150746,0.301,6.63368,3.32226,1000000000.0,0.8,2.12625e-09,7.06394e-18,0.986909
25,11223101000000,325626,0.150633,0.114,6.63865,8.77193,1000000000.0,0.8,5.61404e-09,4.92459e-17,0.520133
25,11223102000000,326626,0.151947,0.58,6.58122,1.72414,1000000000.0,0.8,1.10345e-09,1.9025e-18,0.169018
25,11223103000000,327626,0.151789,0.1,6.5881,10.0,1000000000.0,0.8,6.4e-09,6.4e-17,0.802866
25,11223104000000,328626,0.151677,0.115,6.59296,8.69565,1000000000.0,0.8,5.56522e-09,4.83932e-17,0.306078
25,11223105000000,329626,0.153119,0.627,6.53087,1.5949,1000000000.0,0.8,1.02073e-09,1.6279600000000002e-18,0.493479
25,11223106000000,330626,0.153001,0.114,6.53592,8.77193,1000000000.0,0.8,5.61404e-09,4.92459e-17,0.664974
25,11223107000000,331626,0.15342,0.292,6.51806,3.42466,1000000000.0,0.8,2.19178e-09,7.5061e-18,0.180292
25,11223108000000,332626,0.154023,0.354,6.49254,2.82486,1000000000.0,0.8,1.80791e-09,5.1070900000000006e-18,0.918928
25,11223109000000,333626,0.154005,0.148,6.4933,6.75676,1000000000.0,0.8,4.32432e-09,2.92184e-17,0.502367
25,11223110000000,334626,0.155054,0.505,6.44938,1.9802,1000000000.0,0.8,1.26733e-09,2.5095600000000004e-18,0.255257
25,11223111000000,335626,0.154958,0.123,6.45335,8.13008,1000000000.0,0.8,5.20325e-09,4.23029e-17,0.896362
25,11223112000000,336626,0.154837,0.114,6.45842,8.77193,1000000000.0,0.8,5.61404e-09,4.92459e-17,0.298083
25,11223113000000,337626,0.156315,0.654,6.39734,1.52905,1000000000.0,0.8,9.78593e-10,1.4963200000000001e-18,0.335369
25,11223114000000,337664,0.156321,0.210526,6.39709,4.75,1000000000.0,0.8,3.04e-09,1.444e-17,0.0828186
25,11223115000000,337664,0.156321,,6.39709,0.0,1000000000.0,0.8,0.0,0.0,0.0
26,10205500000000,15545,0.0539723,0.0539723,18.528,18.528,4000000000.0,1.0,4.632e-09,2.14554e-17,0.0
26,10205501000000,19545,0.0766436,0.16475,13.0474,6.0698,4000000000.0,1.0,1.51745e-09,2.3026600000000003e-18,4.0
26,10205502000000,21144,0.0708948,0.000625391,14.1054,1599.0,2000000000.0,0.9,6.47595e-07,5.17752e-13,0.351614
26,11206193000000,38837,0.107372,0.150964,9.31343,6.62411,4000000000.0,1.0,1.65603e-09,2.74243e-18,0.0
26,11206194000000,40837,0.102138,0.0005,9.7907,2000.0,2000000000.0,0.9,8.1e-07,8.1e-13,0.773976
26,11206195000000,41126,0.101444,0.00346021,9.85762,289.0,1000000000.0,0.8,1.8496e-07,5.34534e-14,0.21
26,11222906000000,43206,0.0971161,0.0115385,10.2969,86.6667,1000000000.0,0.8,5.54667e-08,4.80711e-15,0.0
26,11222907000000,47206,0.0907512,0.022,11.0191,45.4545,4000000000.0,1.0,1.13636e-08,1.29132e-16,4.0
26,11222908000000,51206,0.0841894,0.00675,11.878,148.148,4000000000.0,1.0,3.7037e-08,1.37174e-15,4.0
26,11222909000000,55206,0.0810781,0.04125,12.3338,24.2424,4000000000.0,1.0,6.06061e-09,3.67309e-17,3.18327
26,11222910000000,57206,0.0786631,0.012,12.7124,83.3333,2000000000.0,0.9,3.375e-08,1.40625e-15,1.84605
26,11222911000000,58206,0.0801979,0.168,12.4692,5.95238,1000000000.0,0.8,3.80952e-09,2.26757e-17,0.861538
26,11222912000000,60206,0.0779324,0.012,12.8316,83.3333,2000000000.0,0.9,3.375e-08,1.40625e-15,1.1318
26,11222913000000,61206,0.078489,0.112,12.7406,8.92857,1000000000.0,0.8,5.71429e-09,5.10204e-17,0.861538
26,11222914000000,65206,0.074533,0.014,13.4169,71.4286,4000000000.0,1.0,1.78571e-08,3.18878e-16,2.52307
26,11222915000000,67206,0.0726721,0.012,13.7604,83.3333,2000000000.0,0.9,3.375e-08,1.40625e-15,1.50282
26,11222916000000,69206,0.0729995,0.084,13.6987,11.9048,2000000000.0,0.9,4.82143e-09,2.8699e-17,0.861538
26,11222917000000,73206,0.0693386,0.006,14.422,166.667,4000000000.0,1.0,4.16667e-08,1.73611e-15,1.48414
26,11222918000000,75206,0.0697285,0.084,14.3413,11.9048,2000000000.0,0.9,4.82143e-09,2.8699e-17,0.913981
26,11222919000000,79206,0.0665101,0.006,15.0353,166.667,4000000000.0,1.0,4.16667e-08,1.73611e-15,1.48255
26,11222920000000,81206,0.0669409,0.084,14.9386,11.9048,2000000000.0,0.9,4.82143e-09,2.8699e-17,0.913981
26,11222921000000,85206,0.0637983,0.0,15.6744,0.0,4000000000.0,1.0,0.0,0.0,1.48185
26,11222922000000,86206,0.0634759,0.036,15.754,27.7778,1000000000.0,0.8,1.77778e-08,4.93827e-16,2.11596e-05
26,11222923000000,88206,0.0638052,0.078,15.6727,12.8205,2000000000.0,0.9,5.19231e-09,3.3284e-17,1.04926
26,11222924000000,92206,0.0611674,0.003,16.3486,333.333,4000000000.0,1.0,8.33333e-08,6.94444e-15,1.47461
26,11222925000000,93206,0.0624423,0.18,16.0148,5.55556,1000000000.0,0.8,3.55556e-09,1.97531e-17,0.461538
26,11222926000000,97206,0.0599963,0.003,16.6677,333.333,4000000000.0,1.0,8.33333e-08,6.94444e-15,1.14263
26,11222927000000,98206,0.0612183,0.18,16.335,5.55556,1000000000.0,0.8,3.55556e-09,1.97531e-17,0.461538
26,11222928000000,102206,0.0589398,0.003,16.9665,333.333,4000000000.0,1.0,8.33333e-08,6.94444e-15,1.14263
26,11222929000000,103206,0.05864,0.028,17.0532,35.7143,1000000000.0,0.8,2.28571e-08,8.16327e-16,0.461538
26,11222930000000,105206,0.05897,0.076,16.9578,13.1579,2000000000.0,0.9,5.32895e-09,3.50589e-17,1.06048
26,11222931000000,107206,0.0580938,0.012,17.2136,83.3333,2000000000.0,0.9,3.375e-08,1.40625e-15,1.56978
26,11222932000000,109206,0.0585682,0.084,17.0741,11.9048,2000000000.0,0.9,4.82143e-09,2.8699e-17,0.861538
26,11222933000000,113206,0.0566048,0.003,17.6664,333.333,4000000000.0,1.0,8.33333e-08,6.94444e-15,1.51643
26,11222934000000,115206,0.0571845,0.09,17.4872,11.1111,2000000000.0,0.9,4.5e-09,2.5e-17,0.470665
26,11222935000000,119206,0.0553663,0.003,18.0615,333.333,4000000000.0,1.0,8.33333e-08,6.94444e-15,1.52373
26,11222936000000,121206,0.0555996,0.0695,17.9858,14.3885,2000000000.0,0.9,5.82734e-09,4.19233e-17,0.470665
26,11222937000000,125206,0.0541508,0.01025,18.467,97.561,4000000000.0,1.0,2.43902e-08,5.94884e-16,1.57082
26,11222938000000,129206,0.0525672,0.003,19.0233,333.333,4000000000.0,1.0,8.33333e-08,6.94444e-15,1.67685
26,11222939000000,131206,0.0531378,0.09,18.819,11.1111,2000000000.0,0.9,4.5e-09,2.5e-17,0.470665
26,11222940000000,135206,0.0516545,0.003,19.3594,333.333,4000000000.0,1.0,8.33333e-08,6.94444e-15,1.49358
26,11222941000000,137206,0.0522135,0.09,19.1521,11.1111,2000000000.0,0.9,4.5e-09,2.5e-17,0.470634
26,11222942000000,141206,0.0508194,0.003,19.6775,333.333,4000000000.0,1.0,8.33333e-08,6.94444e-15,1.49358
26,11222943000000,143206,0.051199,0.078,19.5316,12.8205,2000000000.0,0.9,5.19231e-09,3.3284e-17,0.470634
26,11222944000000,147206,0.0500523,0.009,19.9791,111.111,4000000000.0,1.0,2.77778e-08,7.71605e-16,1.50833
26,11222945000000,151206,0.0487282,0.0,20.522,0.0,4000000000.0,1.0,0.0,0.0,1.29181
26,11222946000000,152206,0.0495907,0.18,20.1651,5.55556,1000000000.0,0.8,3.55556e-09,1.97531e-17,0.015463
26,11222947000000,156206,0.0483976,0.003,20.6622,333.333,4000000000.0,1.0,8.33333e-08,6.94444e-15,1.14191
26,11222948000000,157206,0.0492348,0.18,20.3109,5.55556,1000000000.0,0.8,3.55556e-09,1.97531e-17,0.461538
26,11222949000000,161206,0.0480875,0.003,20.7954,333.333,4000000000.0,1.0,8.33333e-08,6.94444e-15,1.14263
26,11222950000000,162206,0.0489008,0.18,20.4496,5.55556,1000000000.0,0.8,3.55556e-09,1.97531e-17,0.461538
26,11222951000000,166206,0.0477239,0.0,20.9539,0.0,4000000000.0,1.0,0.0,0.0,1.14263
26,11222952000000,167206,0.0475103,0.012,21.0481,83.3333,1000000000.0,0.8,5.33333e-08,4.44444e-15,4.04497e-17
26,11222953000000,171206,0.0485731,0.093,20.5875,10.7527,4000000000.0,1.0,2.68817e-09,7.22627e-18,3.19508
26,11222954000000,173206,0.048653,0.0555,20.5537,18.018,2000000000.0,0.9,7.2973e-09,6.57414e-17,4.2514
26,11222955000000,175206,0.0516192,0.3085,19.3726,3.24149,2000000000.0,0.9,1.3128e-09,2.12772e-18,2.96356
26,11222956000000,176206,0.051996,0.118,19.2323,8.47458,1000000000.0,0.8,5.42373e-09,4.59638e-17,0.382487
26,11222957000000,177206,0.0535478,0.327,18.6749,3.0581,1000000000.0,0.8,1.95719e-09,5.9852800000000006e-18,0.163842
26,11222958000000,178206,0.0550374,0.319,18.1695,3.1348,1000000000.0,0.8,2.00627e-09,6.289250000000001e-18,1.02644
26,11222959000000,179206,0.0553664,0.114,18.0615,8.77193,1000000000.0,0.8,5.61404e-09,4.92459e-17,0.505204
26,11222960000000,180206,0.0580946,0.547,17.2133,1.82815,1000000000.0,0.8,1.17002e-09,2.1389700000000003e-18,0.126531
26,11222961000000,181206,0.0583645,0.107,17.1337,9.34579,1000000000.0,0.8,5.98131e-09,5.59001e-17,0.805063
26,11222962000000,182206,0.0586699,0.114,17.0445,8.77193,1000000000.0,0.8,5.61404e-09,4.92459e-17,0.491586
26,11222963000000,183206,0.0619194,0.654,16.15,1.52905,1000000000.0,0.8,9.78593e-10,1.4963200000000001e-18,0.118917
26,11222964000000,184206,0.0622021,0.114,16.0766,8.77193,1000000000.0,0.8,5.61404e-09,4.92459e-17,0.666423
26,11222965000000,185206,0.0630757,0.224,15.854,4.46429,1000000000.0,0.8,2.85714e-09,1.27551e-17,0.231778
26,11222966000000,186206,0.0650462,0.43,15.3737,2.32558,1000000000.0,0.8,1.48837e-09,3.4613300000000002e-18,0.865559
26,11222967000000,187206,0.0653077,0.114,15.3121,8.77193,1000000000.0,0.8,5.61404e-09,4.92459e-17,0.57078
26,11222968000000,188206,0.0672773,0.436,14.8638,2.29358,1000000000.0,0.8,1.46789e-09,3.3667200000000002e-18,0.140316
26,11222969000000,189206,0.068074,0.218,14.6899,4.58716,1000000000.0,0.8,2.93578e-09,1.34669e-17,0.773668
26,11222970000000,190206,0.0683154,0.114,14.638,8.77193,1000000000.0,0.8,5.61404e-09,4.92459e-17,0.304748
26,11222971000000,191206,0.0712739,0.634,14.0304,1.57729,1000000000.0,0.8,1.00946e-09,1.5922100000000002e-18,0.120039
26,11222972000000,192206,0.071543,0.123,13.9776,8.13008,1000000000.0,0.8,5.20325e-09,4.23029e-17,0.724251
26,11222973000000,193206,0.0716851,0.099,13.9499,10.101,1000000000.0,0.8,6.46465e-09,6.52995e-17,0.529039
26,11222974000000,194206,0.0742305,0.566,13.4716,1.76678,1000000000.0,0.8,1.13074e-09,1.99778e-18,0.77042
26,11222975000000,195206,0.0744342,0.114,13.4347,8.77193,1000000000.0,0.8,5.61404e-09,4.92459e-17,0.622769
26,11222976000000,196206,0.0756705,0.317,13.2152,3.15457,1000000000.0,0.8,2.01893e-09,6.36886e-18,0.169466
26,11222977000000,197206,0.0769956,0.337,12.9878,2.96736,1000000000.0,0.8,1.89911e-09,5.63534e-18,0.945887
26,11222978000000,198206,0.0771823,0.114,12.9563,8.77193,1000000000.0,0.8,5.61404e-09,4.92459e-17,0.50951
26,11222979000000,199206,0.0794755,0.534,12.5825,1.87266,1000000000.0,0.8,1.1985e-09,2.24439e-18,0.127829
26,11222980000000,200206,0.0796779,0.12,12.5505,8.33333,1000000000.0,0.8,5.33333e-09,4.44444e-17,0.867949
26,11222981000000,201206,0.0798485,0.114,12.5237,8.77193,1000000000.0,0.8,5.61404e-09,4.92459e-17,0.351301
26,11222982000000,202206,0.082688,0.654,12.0937,1.52905,1000000000.0,0.8,9.78593e-10,1.4963200000000001e-18,0.118431
26,11222983000000,203206,0.082842,0.114,12.0712,8.77193,1000000000.0,0.8,5.61404e-09,4.92459e-17,0.668374
26,11222984000000,204206,0.0834598,0.209,11.9818,4.78469,1000000000.0,0.8,3.0622e-09,1.46517e-17,0.265206
26,11222985000000,205206,0.0852217,0.445,11.7341,2.24719,1000000000.0,0.8,1.4382e-09,3.2319200000000004e-18,0.841503
26,11222986000000,206206,0.0853612,0.114,11.7149,8.77193,1000000000.0,0.8,5.61404e-09,4.92459e-17,0.557598
26,11222987000000,207206,0.0869762,0.42,11.4974,2.38095,1000000000.0,0.8,1.52381e-09,3.62812e-18,0.142793
26,11222988000000,208206,0.0876824,0.234,11.4048,4.2735,1000000000.0,0.8,2.73504e-09,1.16882e-17,0.772448
26,11222989000000,209206,0.0878082,0.114,11.3885,8.77193,1000000000.0,0.8,5.61404e-09,4.92459e-17,0.484465
26,11222990000000,210206,0.0903685,0.626,11.0658,1.59744,1000000000.0,0.8,1.02236e-09,1.6331700000000001e-18,0.120714
26,11222991000000,211206,0.090523,0.123,11.0469,8.13008,1000000000.0,0.8,5.20325e-09,4.23029e-17,0.758588
26,11222992000000,212206,0.0904923,0.084,11.0507,11.9048,1000000000.0,0.8,7.61905e-09,9.07029e-17,0.33822
26,11222993000000,213206,0.0928304,0.589,10.7723,1.69779,1000000000.0,0.8,1.08659e-09,1.8448e-18,0.339622
26,11222994000000,214206,0.0929292,0.114,10.7609,8.77193,1000000000.0,0.8,5.61404e-09,4.92459e-17,0.631075
26,11222995000000,215206,0.0939054,0.303,10.649,3.30033,1000000000.0,0.8,2.11221e-09,6.970990000000001e-18,0.172206
26,11222996000000,216206,0.0950945,0.351,10.5159,2.849,1000000000.0,0.8,1.82336e-09,5.1947600000000005e-18,0.93162
26,11222997000000,217206,0.0951815,0.114,10.5062,8.77193,1000000000.0,0.8,5.61404e-09,4.92459e-17,0.725339
26,11222998000000,218206,0.0971192,0.518,10.2966,1.9305,1000000000.0,0.8,1.23552e-09,2.3851800000000004e-18,0.12925
26,11222999000000,220206,0.0968366,0.066,10.3267,15.1515,2000000000.0,0.9,6.13636e-09,4.64876e-17,0.824753
26,11223000000000,221206,0.0969323,0.118,10.3165,8.47458,1000000000.0,0.8,5.42373e-09,4.59638e-17,0.392269
26,11223001000000,222206,0.0994393,0.654,10.0564,1.52905,1000000000.0,0.8,9.78593e-10,1.4963200000000001e-18,0.388689
26,11223002000000,224206,0.0992837,0.082,10.0721,12.1951,2000000000.0,0.9,4.93902e-09,3.0116e-17,0.666566
26,11223003000000,226206,0.0998515,0.1635,10.0149,6.11621,2000000000.0,0.9,2.47706e-09,7.57512e-18,1.10382
26,11223004000000,227206,0.100631,0.277,9.93728,3.61011,1000000000.0,0.8,2.31047e-09,8.341040000000001e-18,1.73832
26,11223005000000,229206,0.10015,0.0455,9.98501,21.978,2000000000.0,0.9,8.9011e-09,9.78143e-17,0.831477
26,11223006000000,230206,0.09998,0.061,10.002,16.3934,1000000000.0,0.8,1.04918e-08,1.71997e-16,0.215471
26,11223007000000,231206,0.0996125,0.015,10.0389,66.6667,1000000000.0,0.8,4.26667e-08,2.84444e-15,0.0327349
26,11223008000000,232206,0.0999802,0.185,10.002,5.40541,1000000000.0,0.8,3.45946e-09,1.86998e-17,0.159491
26,11223009000000,233206,0.100066,0.12,9.9934,8.33333,1000000000.0,0.8,5.33333e-09,4.44444e-17,0.320019
26,11223010000000,234206,0.09969,0.012,10.0311,83.3333,1000000000.0,0.8,5.33333e-08,4.44444e-15,0.0562051
26,11223011000000,235206,0.0999762,0.167,10.0024,5.98802,1000000000.0,0.8,3.83234e-09,2.29481e-17,0.439292
26,11223012000000,236206,0.100925,0.324,9.90839,3.08642,1000000000.0,0.8,1.97531e-09,6.09663e-18,0.181698
26,11223013000000,237206,0.101696,0.284,9.83319,3.52113,1000000000.0,0.8,2.25352e-09,7.93493e-18,1.08301
26,11223014000000,238206,0.101735,0.111,9.82941,9.00901,1000000000.0,0.8,5.76577e-09,5.19438e-17,0.302808
26,11223015000000,239206,0.103789,0.593,9.63491,1.68634,1000000000.0,0.8,1.07926e-09,1.82e-18,0.132127
26,11223016000000,240206,0.103865,0.122,9.62788,8.19672,1000000000.0,0.8,5.2459e-09,4.29992e-17,0.778834
26,11223017000000,241206,0.103729,0.071,9.64053,14.0845,1000000000.0,0.8,9.01408e-09,1.26959e-16,0.462275
26,11223018000000,242206,0.105939,0.639,9.43942,1.56495,1000000000.0,0.8,1.00156e-09,1.5673900000000001e-18,0.496385
26,11223019000000,243206,0.10596,0.111,9.43756,9.00901,1000000000.0,0.8,5.76577e-09,5.19438e-17,0.600273
26,11223020000000,244206,0.106697,0.286,9.37235,3.4965,1000000000.0,0.8,2.23776e-09,7.824340000000001e-18,0.168608
26,11223021000000,245206,0.107775,0.371,9.27862,2.69542,1000000000.0,0.8,1.72507e-09,4.64978e-18,0.869239
26,11223022000000,246206,0.107788,0.111,9.27749,9.00901,1000000000.0,0.8,5.76577e-09,5.19438e-17,0.318234
26,11223023000000,247206,0.109407,0.508,9.14021,1.9685,1000000000.0,0.8,1.25984e-09,2.48e-18,0.129765
26,11223024000000,248206,0.109566,0.149,9.1269,6.71141,1000000000.0,0.8,4.2953e-09,2.88275e-17,0.843807
26,11223025000000,249206,0.109572,0.111,9.12642,9.00901,1000000000.0,0.8,5.76577e-09,5.19438e-17,0.331265
26,11223026000000,250206,0.11176,0.657,8.94775,1.52207,1000000000.0,0.8,9.74125e-10,1.48269e-18,0.252291
26,11223027000000,251206,0.111757,0.111,8.94799,9.00901,1000000000.0,0.8,5.76577e-09,5.19438e-17,0.722142
26,11223028000000,252206,0.112107,0.2,8.92007,5.0,1000000000.0,0.8,3.2e-09,1.6e-17,0.226041
26,11223029000000,253206,0.113469,0.457,8.81299,2.18818,1000000000.0,0.8,1.40044e-09,3.06441e-18,0.951204
26,11223030000000,254206,0.113459,0.111,8.81374,9.00901,1000000000.0,0.8,5.76577e-09,5.19438e-17,0.330233
26,11223031000000,255206,0.114668,0.422,8.72082,2.36967,1000000000.0,0.8,1.51659e-09,3.5938100000000006e-18,0.132494
26,11223032000000,256206,0.115138,0.235,8.68524,4.25532,1000000000.0,0.8,2.7234e-09,1.1589e-17,0.74919
26,11223033000000,257206,0.115122,0.111,8.68646,9.00901,1000000000.0,0.8,5.76577e-09,5.19438e-17,0.260224
26,11223034000000,258206,0.117131,0.634,8.53743,1.57729,1000000000.0,0.8,1.00946e-09,1.5922100000000002e-18,0.129614
26,11223035000000,259206,0.117165,0.126,8.53494,7.93651,1000000000.0,0.8,5.07937e-09,4.03124e-17,0.769513
26,11223036000000,260206,0.117111,0.103,8.5389,9.70874,1000000000.0,0.8,6.21359e-09,6.03261e-17,0.31872
26,11223037000000,261206,0.118814,0.562,8.4165,1.77936,1000000000.0,0.8,1.13879e-09,2.02632e-18,1.05051
26,11223038000000,262206,0.118784,0.111,8.41861,9.00901,1000000000.0,0.8,5.76577e-09,5.19438e-17,0.650883
26,11223039000000,263206,0.119606,0.335,8.36079,2.98507,1000000000.0,0.8,1.91045e-09,5.70283e-18,0.182883
26,11223040000000,264206,0.120372,0.322,8.30758,3.10559,1000000000.0,0.8,1.98758e-09,6.1726e-18,1.00472
26,11223041000000,265206,0.120337,0.111,8.31002,9.00901,1000000000.0,0.8,5.76577e-09,5.19438e-17,0.341462
26,11223042000000,266206,0.121966,0.554,8.19903,1.80505,1000000000.0,0.8,1.15523e-09,2.0852600000000003e-18,0.127168
26,11223043000000,267206,0.121943,0.116,8.20053,8.62069,1000000000.0,0.8,5.51724e-09,4.75624e-17,0.821109
26,11223044000000,268206,0.121854,0.098,8.20654,10.2041,1000000000.0,0.8,6.53061e-09,6.66389e-17,0.62706
26,11223045000000,269206,0.123842,0.657,8.07481,1.52207,1000000000.0,0.8,9.74125e-10,1.48269e-18,0.450447
26,11223046000000,270206,0.123794,0.111,8.07791,9.00901,1000000000.0,0.8,5.76577e-09,5.19438e-17,0.69431
26,11223047000000,271206,0.124252,0.248,8.04813,4.03226,1000000000.0,0.8,2.58065e-09,1.04058e-17,0.187662
26,11223048000000,272206,0.125298,0.409,7.98094,2.44499,1000000000.0,0.8,1.56479e-09,3.8259e-18,0.805454
26,11223049000000,273206,0.125246,0.111,7.98428,9.00901,1000000000.0,0.8,5.76577e-09,5.19438e-17,0.404259
26,11223050000000,274206,0.126503,0.47,7.90492,2.12766,1000000000.0,0.8,1.3617e-09,2.8972400000000004e-18,0.131152
26,11223051000000,275206,0.126723,0.187,7.89121,5.34759,1000000000.0,0.8,3.42246e-09,1.83019e-17,0.814684
26,11223052000000,276206,0.126666,0.111,7.89476,9.00901,1000000000.0,0.8,5.76577e-09,5.19438e-17,0.318448
26,11223053000000,277206,0.128572,0.655,7.77773,1.52672,1000000000.0,0.8,9.77099e-10,1.4917500000000002e-18,0.130649
26,11223054000000,278206,0.128516,0.113,7.78112,8.84956,1000000000.0,0.8,5.66372e-09,5.01214e-17,0.720148
26,11223055000000,279206,0.128636,0.162,7.77386,6.17284,1000000000.0,0.8,3.95062e-09,2.43865e-17,0.309011
26,11223056000000,280206,0.129944,0.495,7.69564,2.0202,1000000000.0,0.8,1.29293e-09,2.61198e-18,1.2065
26,11223057000000,281206,0.129876,0.111,7.69963,9.00901,1000000000.0,0.8,5.76577e-09,5.19438e-17,0.725603
26,11223058000000,282206,0.13078,0.385,7.64641,2.5974,1000000000.0,0.8,1.66234e-09,4.3177600000000005e-18,0.137043
26,11223059000000,283206,0.131279,0.272,7.61736,3.67647,1000000000.0,0.8,2.35294e-09,8.650520000000001e-18,0.857377
26,11223060000000,284206,0.131208,0.111,7.62151,9.00901,1000000000.0,0.8,5.76577e-09,5.19438e-17,0.363191
26,11223061000000,285206,0.132792,0.583,7.53059,1.71527,1000000000.0,0.8,1.09777e-09,1.8829700000000003e-18,0.128991
26,11223062000000,286206,0.133935,0.46,7.46631,2.17391,1000000000.0,0.8,1.3913e-09,3.02457e-18,0.601931
26,11223063000000,287206,0.133866,0.114,7.47018,8.77193,1000000000.0,0.8,5.61404e-09,4.92459e-17,0.434888
26,11223064000000,288206,0.134511,0.32,7.43431,3.125,1000000000.0,0.8,2e-09,6.25e-18,0.141515
26,11223065000000,289206,0.135156,0.321,7.39884,3.11526,1000000000.0,0.8,1.99377e-09,6.21112e-18,0.803935
26,11223066000000,290206,0.135201,0.148,7.39642,6.75676,1000000000.0,0.8,4.32432e-09,2.92184e-17,0.304926
26,11223067000000,291206,0.136573,0.535,7.32207,1.86916,1000000000.0,0.8,1.19626e-09,2.236e-18,0.254431
26,11223068000000,292206,0.136496,0.114,7.32621,8.77193,1000000000.0,0.8,5.61404e-09,4.92459e-17,0.886491
26,11223069000000,293206,0.136348,0.093,7.33418,10.7527,1000000000.0,0.8,6.88172e-09,7.3997e-17,0.46989
26,11223070000000,294206,0.13808,0.646,7.24217,1.54799,1000000000.0,0.8,9.90712e-10,1.5336100000000002e-18,0.530395
26,11223071000000,295206,0.138114,0.148,7.24041,6.75676,1000000000.0,0.8,4.32432e-09,2.92184e-17,0.689789
26,11223072000000,296206,0.138488,0.249,7.22084,4.01606,1000000000.0,0.8,2.57028e-09,1.03224e-17,0.316023
26,11223073000000,297206,0.139297,0.379,7.17889,2.63852,1000000000.0,0.8,1.68865e-09,4.45555e-18,0.903156
26,11223074000000,298206,0.139212,0.114,7.18326,8.77193,1000000000.0,0.8,5.61404e-09,4.92459e-17,0.43123
26,11223075000000,299206,0.140425,0.502,7.12124,1.99203,1000000000.0,0.8,1.2749e-09,2.53964e-18,0.157018
26,11223076000000,300206,0.140437,0.144,7.12064,6.94444,1000000000.0,0.8,4.44444e-09,3.08642e-17,0.86794
26,11223077000000,301206,0.140462,0.148,7.11936,6.75676,1000000000.0,0.8,4.32432e-09,2.92184e-17,0.673037
26,11223078000000,302206,0.142075,0.628,7.03852,1.59236,1000000000.0,0.8,1.01911e-09,1.62278e-18,0.245654
26,11223079000000,303206,0.141983,0.114,7.04311,8.77193,1000000000.0,0.8,5.61404e-09,4.92459e-17,0.912033
26,11223080000000,304206,0.142233,0.218,7.03074,4.58716,1000000000.0,0.8,2.93578e-09,1.34669e-17,0.22275
26,11223081000000,305206,0.143169,0.428,6.98476,2.33645,1000000000.0,0.8,1.49533e-09,3.49375e-18,0.804516
26,11223082000000,306206,0.143185,0.148,6.98399,6.75676,1000000000.0,0.8,4.32432e-09,2.92184e-17,0.43638
26,11223083000000,307206,0.144115,0.429,6.9389,2.331,1000000000.0,0.8,1.49184e-09,3.4774900000000004e-18,0.262989
26,11223084000000,308206,0.144293,0.199,6.93034,5.02513,1000000000.0,0.8,3.21608e-09,1.61612e-17,0.797993
26,11223085000000,309206,0.144195,0.114,6.93505,8.77193,1000000000.0,0.8,5.61404e-09,4.92459e-17,0.308595
26,11223086000000,310206,0.14581,0.645,6.85826,1.55039,1000000000.0,0.8,9.92248e-10,1.53837e-18,0.211053
26,11223087000000,311206,0.145801,0.143,6.85869,6.99301,1000000000.0,0.8,4.47552e-09,3.12974e-17,0.689087
26,11223088000000,312206,0.145731,0.124,6.86197,8.06452,1000000000.0,0.8,5.16129e-09,4.16233e-17,0.451724
26,11223089000000,313206,0.146894,0.51,6.80764,1.96078,1000000000.0,0.8,1.2549e-09,2.46059e-18,1.07004
26,11223090000000,314206,0.146789,0.114,6.8125,8.77193,1000000000.0,0.8,5.61404e-09,4.92459e-17,0.672782
26,11223091000000,315206,0.147586,0.398,6.77571,2.51256,1000000000.0,0.8,1.60804e-09,4.0403e-18,0.158258
26,11223092000000,316206,0.147904,0.248,6.76116,4.03226,1000000000.0,0.8,2.58065e-09,1.04058e-17,0.748978
26,11223093000000,317206,0.147904,0.148,6.76115,6.75676,1000000000.0,0.8,4.32432e-09,2.92184e-17,0.592029
26,11223094000000,318206,0.149331,0.602,6.69654,1.66113,1000000000.0,0.8,1.06312e-09,1.7659800000000002e-18,0.248136
26,11223095000000,319206,0.149277,0.132,6.69897,7.57576,1000000000.0,0.8,4.84848e-09,3.67309e-17,0.776377
26,11223096000000,320206,0.149132,0.103,6.70546,9.70874,1000000000.0,0.8,6.21359e-09,6.03261e-17,0.311048
26,11223097000000,321206,0.150383,0.551,6.64968,1.81488,1000000000.0,0.8,1.16152e-09,2.1080300000000003e-18,1.12141
26,11223098000000,322206,0.150376,0.148,6.65,6.75676,1000000000.0,0.8,4.32432e-09,2.92184e-17,0.636807
26,11223099000000,323206,0.150922,0.327,6.62593,3.0581,1000000000.0,0.8,1.95719e-09,5.9852800000000006e-18,0.287798
26,11223100000000,324206,0.151385,0.301,6.60566,3.32226,1000000000.0,0.8,2.12625e-09,7.06394e-18,0.986922
26,11223101000000,325206,0.15127,0.114,6.61068,8.77193,1000000000.0,0.8,5.61404e-09,4.92459e-17,0.561183
26,11223102000000,326206,0.152585,0.58,6.55374,1.72414,1000000000.0,0.8,1.10345e-09,1.9025e-18,0.167154
26,11223103000000,327206,0.152424,0.1,6.56065,10.0,1000000000.0,0.8,6.4e-09,6.4e-17,0.802884
26,11223104000000,328206,0.15231,0.115,6.56556,8.69565,1000000000.0,0.8,5.56522e-09,4.83932e-17,0.332378
26,11223105000000,329206,0.153752,0.627,6.50399,1.5949,1000000000.0,0.8,1.02073e-09,1.6279600000000002e-18,0.467562
26,11223106000000,330206,0.153631,0.114,6.50909,8.77193,1000000000.0,0.8,5.61404e-09,4.92459e-17,0.667836
26,11223107000000,331206,0.154049,0.292,6.49144,3.42466,1000000000.0,0.8,2.19178e-09,7.5061e-18,0.179963
26,11223108000000,332206,0.154651,0.354,6.46617,2.82486,1000000000.0,0.8,1.80791e-09,5.1070900000000006e-18,0.917101
26,11223109000000,333206,0.154631,0.148,6.46701,6.75676,1000000000.0,0.8,4.32432e-09,2.92184e-17,0.479251
26,11223110000000,334206,0.155679,0.505,6.42346,1.9802,1000000000.0,0.8,1.26733e-09,2.5095600000000004e-18,0.255668
26,11223111000000,335206,0.155582,0.123,6.42748,8.13008,1000000000.0,0.8,5.20325e-09,4.23029e-17,0.896408
26,11223112000000,336206,0.155458,0.114,6.43259,8.77193,1000000000.0,0.8,5.61404e-09,4.92459e-17,0.306379
26,11223113000000,337206,0.156937,0.654,6.372,1.52905,1000000000.0,0.8,9.78593e-10,1.4963200000000001e-18,0.315042
26,11223114000000,337244,0.156943,0.210526,6.37175,4.75,1000000000.0,0.8,3.04e-09,1.444e-17,0.0828186
26,11223115000000,337244,0.156943,,6.37175,0.0,1000000000.0,0.8,0.0,0.0,0.0
27,10205500000000,15545,0.0547443,0.0547443,18.2667,18.2667,4000000000.0,1.0,4.56669e-09,2.08546e-17,0.0
27,10205501000000,19545,0.0766436,0.16175,13.0474,6.18238,4000000000.0,1.0,1.5456e-09,2.3888600000000003e-18,4.0
27,10205502000000,21004,0.0713674,0.000685401,14.012,1459.0,2000000000.0,0.9,5.90895e-07,4.31058e-13,0.367007
27,11206193000000,38697,0.111482,0.159102,8.9701,6.28526,4000000000.0,1.0,1.57131e-09,2.46903e-18,0.0
27,11206194000000,40697,0.106027,0.0005,9.43152,2000.0,2000000000.0,0.9,8.1e-07,8.1e-13,0.773976
27,11206195000000,40706,0.106029,0.111111,9.43142,9.0,1000000000.0,0.8,5.76e-09,5.184e-17,0.3129
27,11222906000000,42786,0.101435,0.0115385,9.85853,86.6667,1000000000.0,0.8,5.54667e-08,4.80711e-15,0.0
27,11222907000000,46786,0.0946437,0.022,10.5659,45.4545,4000000000.0,1.0,1.13636e-08,1.29132e-16,4.0
27,11222908000000,50786,0.087721,0.00675,11.3998,148.148,4000000000.0,1.0,3.7037e-08,1.37174e-15,4.0
27,11222909000000,54786,0.0843281,0.04125,11.8584,24.2424,4000000000.0,1.0,6.06061e-09,3.67309e-17,3.18327
27,11222910000000,56786,0.0817807,0.012,12.2278,83.3333,2000000000.0,0.9,3.375e-08,1.40625e-15,1.84608
27,11222911000000,57786,0.0832728,0.168,12.0087,5.95238,1000000000.0,0.8,3.80952e-09,2.26757e-17,0.861538
27,11222912000000,59786,0.0808885,0.012,12.3627,83.3333,2000000000.0,0.9,3.375e-08,1.40625e-15,1.1318
27,11222913000000,60786,0.0814003,0.112,12.285,8.92857,1000000000.0,0.8,5.71429e-09,5.10204e-17,0.861538
27,11222914000000,64786,0.0772389,0.014,12.9468,71.4286,4000000000.0,1.0,1.78571e-08,3.18878e-16,2.52307
27,11222915000000,66786,0.0752852,0.012,13.2828,83.3333,2000000000.0,0.9,3.375e-08,1.40625e-15,1.50178
27,11222916000000,68786,0.0755386,0.084,13.2383,11.9048,2000000000.0,0.9,4.82143e-09,2.8699e-17,0.861538
27,11222917000000,72786,0.0717171,0.006,13.9437,166.667,4000000000.0,1.0,4.16667e-08,1.73611e-15,1.48366
27,11222918000000,74786,0.0720456,0.084,13.8801,11.9048,2000000000.0,0.9,4.82143e-09,2.8699e-17,0.920893
27,11222919000000,78786,0.0686924,0.006,14.5576,166.667,4000000000.0,1.0,4.16667e-08,1.73611e-15,1.48328
27,11222920000000,80786,0.0690714,0.084,14.4778,11.9048,2000000000.0,0.9,4.82143e-09,2.8699e-17,0.920893
27,11222921000000,84786,0.0658128,0.0,15.1946,0.0,4000000000.0,1.0,0.0,0.0,1.48311
27,11222922000000,85786,0.0654652,0.036,15.2753,27.7778,1000000000.0,0.8,1.77778e-08,4.93827e-16,5.08042e-06
27,11222923000000,87786,0.0657508,0.078,15.2089,12.8205,2000000000.0,0.9,5.19231e-09,3.3284e-17,1.04932
27,11222924000000,91786,0.0630161,0.003,15.8689,333.333,4000000000.0,1.0,8.33333e-08,6.94444e-15,1.47461
27,11222925000000,92786,0.0642769,0.18,15.5577,5.55556,1000000000.0,0.8,3.55556e-09,1.97531e-17,0.461538
27,11222926000000,96786,0.0617445,0.003,16.1958,333.333,4000000000.0,1.0,8.33333e-08,6.94444e-15,1.14263
27,11222927000000,97786,0.0629538,0.18,15.8847,5.55556,1000000000.0,0.8,3.55556e-09,1.97531e-17,0.461538
27,11222928000000,101786,0.0605977,0.003,16.5023,333.333,4000000000.0,1.0,8.33333e-08,6.94444e-15,1.14263
27,11222929000000,102786,0.0602806,0.028,16.5891,35.7143,1000000000.0,0.8,2.28571e-08,8.16327e-16,0.461538
27,11222930000000,104786,0.0605806,0.076,16.5069,13.1579,2000000000.0,0.9,5.32895e-09,3.50589e-17,1.06024
27,11222931000000,106786,0.0596707,0.012,16.7586,83.3333,2000000000.0,0.9,3.375e-08,1.40625e-15,1.61703
27,11222932000000,108786,0.060118,0.084,16.6339,11.9048,2000000000.0,0.9,4.82143e-09,2.8699e-17,0.861538
27,11222933000000,112786,0.0580923,0.003,17.214,333.333,4000000000.0,1.0,8.33333e-08,6.94444e-15,1.51691
27,11222934000000,114786,0.0586483,0.09,17.0508,11.1111,2000000000.0,0.9,4.5e-09,2.5e-17,0.46373
27,11222935000000,118786,0.0567744,0.003,17.6136,333.333,4000000000.0,1.0,8.33333e-08,6.94444e-15,1.52299
27,11222936000000,120786,0.0569851,0.0695,17.5485,14.3885,2000000000.0,0.9,5.82734e-09,4.19233e-17,0.46373
27,11222937000000,124786,0.055487,0.01025,18.0222,97.561,4000000000.0,1.0,2.43902e-08,5.94884e-16,1.57097
27,11222938000000,128786,0.0538568,0.003,18.5678,333.333,4000000000.0,1.0,8.33333e-08,6.94444e-15,1.66539
27,11222939000000,130786,0.0544095,0.09,18.3791,11.1111,2000000000.0,0.9,4.5e-09,2.5e-17,0.46373
27,11222940000000,134786,0.0528838,0.003,18.9094,333.333,4000000000.0,1.0,8.33333e-08,6.94444e-15,1.49231
27,11222941000000,136786,0.0534265,0.09,18.7173,11.1111,2000000000.0,0.9,4.5e-09,2.5e-17,0.463722
27,11222942000000,140786,0.0519938,0.003,19.2331,333.333,4000000000.0,1.0,8.33333e-08,6.94444e-15,1.49231
27,11222943000000,142786,0.0523581,0.078,19.0993,12.8205,2000000000.0,0.9,5.19231e-09,3.3284e-17,0.463722
27,11222944000000,146786,0.0511765,0.009,19.5402,111.111,4000000000.0,1.0,2.77778e-08,7.71605e-16,1.5082
27,11222945000000,150786,0.0498189,0.0,20.0727,0.0,4000000000.0,1.0,0.0,0.0,1.28794
27,11222946000000,151786,0.0506766,0.18,19.733,5.55556,1000000000.0,0.8,3.55556e-09,1.97531e-17,0.00371267
27,11222947000000,155786,0.0494525,0.003,20.2214,333.333,4000000000.0,1.0,8.33333e-08,6.94444e-15,1.14246
27,11222948000000,156786,0.0502851,0.18,19.8866,5.55556,1000000000.0,0.8,3.55556e-09,1.97531e-17,0.461538
27,11222949000000,160786,0.0491088,0.003,20.363,333.333,4000000000.0,1.0,8.33333e-08,6.94444e-15,1.14263
27,11222950000000,161786,0.0499178,0.18,20.0329,5.55556,1000000000.0,0.8,3.55556e-09,1.97531e-17,0.461538
27,11222951000000,165786,0.0487134,0.0,20.5282,0.0,4000000000.0,1.0,0.0,0.0,1.14263
27,11222952000000,166786,0.0484933,0.012,20.6214,83.3333,1000000000.0,0.8,5.33333e-08,4.44444e-15,9.711960000000001e-18
27,11222953000000,170786,0.0495357,0.093,20.1875,10.7527,4000000000.0,1.0,2.68817e-09,7.22627e-18,3.19508
27,11222954000000,172786,0.0496047,0.0555,20.1594,18.018,2000000000.0,0.9,7.2973e-09,6.57414e-17,4.24996
27,11222955000000,174786,0.0525671,0.3085,19.0233,3.24149,2000000000.0,0.9,1.3128e-09,2.12772e-18,2.96352
27,11222956000000,175786,0.0529394,0.118,18.8895,8.47458,1000000000.0,0.8,5.42373e-09,4.59638e-17,0.381878
27,11222957000000,176786,0.0544896,0.327,18.3521,3.0581,1000000000.0,0.8,1.95719e-09,5.9852800000000006e-18,0.163254
27,11222958000000,177786,0.0559774,0.319,17.8643,3.1348,1000000000.0,0.8,2.00627e-09,6.289250000000001e-18,1.0278
27,11222959000000,178786,0.0563019,0.114,17.7614,8.77193,1000000000.0,0.8,5.61404e-09,4.92459e-17,0.505204
27,11222960000000,179786,0.0590313,0.547,16.9402,1.82815,1000000000.0,0.8,1.17002e-09,2.1389700000000003e-18,0.126395
27,11222961000000,180786,0.0592966,0.107,16.8644,9.34579,1000000000.0,0.8,5.98131e-09,5.59001e-17,0.806634
27,11222962000000,181786,0.0595975,0.114,16.7792,8.77193,1000000000.0,0.8,5.61404e-09,4.92459e-17,0.489112
27,11222963000000,182786,0.0628495,0.654,15.911,1.52905,1000000000.0,0.8,9.78593e-10,1.4963200000000001e-18,0.118857
27,11222964000000,183786,0.0631278,0.114,15.8409,8.77193,1000000000.0,0.8,5.61404e-09,4.92459e-17,0.667767
27,11222965000000,184786,0.0639984,0.224,15.6254,4.46429,1000000000.0,0.8,2.85714e-09,1.27551e-17,0.229737
27,11222966000000,185786,0.0659684,0.43,15.1588,2.32558,1000000000.0,0.8,1.48837e-09,3.4613300000000002e-18,0.862065
27,11222967000000,186786,0.0662255,0.114,15.0999,8.77193,1000000000.0,0.8,5.61404e-09,4.92459e-17,0.570777
27,11222968000000,187786,0.0681946,0.436,14.6639,2.29358,1000000000.0,0.8,1.46789e-09,3.3667200000000002e-18,0.140063
27,11222969000000,188786,0.0689882,0.218,14.4952,4.58716,1000000000.0,0.8,2.93578e-09,1.34669e-17,0.7736
27,11222970000000,189786,0.0692253,0.114,14.4456,8.77193,1000000000.0,0.8,5.61404e-09,4.92459e-17,0.286798
27,11222971000000,190786,0.0721856,0.634,13.8532,1.57729,1000000000.0,0.8,1.00946e-09,1.5922100000000002e-18,0.119948
27,11222972000000,191786,0.0724505,0.123,13.8025,8.13008,1000000000.0,0.8,5.20325e-09,4.23029e-17,0.72941
27,11222973000000,192786,0.0725883,0.099,13.7763,10.101,1000000000.0,0.8,6.46465e-09,6.52995e-17,0.493841
27,11222974000000,193786,0.0751344,0.566,13.3095,1.76678,1000000000.0,0.8,1.13074e-09,1.99778e-18,0.772246
27,11222975000000,194786,0.075334,0.114,13.2742,8.77193,1000000000.0,0.8,5.61404e-09,4.92459e-17,0.619588
27,11222976000000,195786,0.0765683,0.317,13.0602,3.15457,1000000000.0,0.8,2.01893e-09,6.36886e-18,0.168388
27,11222977000000,196786,0.0778917,0.337,12.8383,2.96736,1000000000.0,0.8,1.89911e-09,5.63534e-18,0.946975
27,11222978000000,197786,0.0780743,0.114,12.8083,8.77193,1000000000.0,0.8,5.61404e-09,4.92459e-17,0.506561
27,11222979000000,198786,0.0803678,0.534,12.4428,1.87266,1000000000.0,0.8,1.1985e-09,2.24439e-18,0.127683
27,11222980000000,199786,0.0805662,0.12,12.4122,8.33333,1000000000.0,0.8,5.33333e-09,4.44444e-17,0.868725
27,11222981000000,200786,0.0807327,0.114,12.3866,8.77193,1000000000.0,0.8,5.61404e-09,4.92459e-17,0.351301
27,11222982000000,201786,0.0835737,0.654,11.9655,1.52905,1000000000.0,0.8,9.78593e-10,1.4963200000000001e-18,0.118367
27,11222983000000,202786,0.0837237,0.114,11.944,8.77193,1000000000.0,0.8,5.61404e-09,4.92459e-17,0.670032
27,11222984000000,203786,0.0843385,0.209,11.857,4.78469,1000000000.0,0.8,3.0622e-09,1.46517e-17,0.258107
27,11222985000000,204786,0.0860996,0.445,11.6145,2.24719,1000000000.0,0.8,1.4382e-09,3.2319200000000004e-18,0.840241
27,11222986000000,205786,0.0862352,0.114,11.5962,8.77193,1000000000.0,0.8,5.61404e-09,4.92459e-17,0.557594
27,11222987000000,206786,0.0878493,0.42,11.3831,2.38095,1000000000.0,0.8,1.52381e-09,3.62812e-18,0.142507
27,11222988000000,207786,0.0885526,0.234,11.2927,4.2735,1000000000.0,0.8,2.73504e-09,1.16882e-17,0.771542
27,11222989000000,208786,0.0886745,0.114,11.2772,8.77193,1000000000.0,0.8,5.61404e-09,4.92459e-17,0.484463
27,11222990000000,209786,0.0912358,0.626,10.9606,1.59744,1000000000.0,0.8,1.02236e-09,1.6331700000000001e-18,0.120618
27,11222991000000,210786,0.0913865,0.123,10.9425,8.13008,1000000000.0,0.8,5.20325e-09,4.23029e-17,0.761513
27,11222992000000,211786,0.0913516,0.084,10.9467,11.9048,1000000000.0,0.8,7.61905e-09,9.07029e-17,0.33511
27,11222993000000,212786,0.0936904,0.589,10.6735,1.69779,1000000000.0,0.8,1.08659e-09,1.8448e-18,0.334088
27,11222994000000,213786,0.0937854,0.114,10.6626,8.77193,1000000000.0,0.8,5.61404e-09,4.92459e-17,0.630345
27,11222995000000,214786,0.0947594,0.303,10.553,3.30033,1000000000.0,0.8,2.11221e-09,6.970990000000001e-18,0.171835
27,11222996000000,215786,0.0959469,0.351,10.4224,2.849,1000000000.0,0.8,1.82336e-09,5.1947600000000005e-18,0.932028
27,11222997000000,216786,0.0960302,0.114,10.4134,8.77193,1000000000.0,0.8,5.61404e-09,4.92459e-17,0.723222
27,11222998000000,217786,0.0979677,0.518,10.2074,1.9305,1000000000.0,0.8,1.23552e-09,2.3851800000000004e-18,0.12909
27,11222999000000,219786,0.0976768,0.066,10.2378,15.1515,2000000000.0,0.9,6.13636e-09,4.64876e-17,0.826367
27,11223000000000,220786,0.0977689,0.118,10.2282,8.47458,1000000000.0,0.8,5.42373e-09,4.59638e-17,0.345522
27,11223001000000,221786,0.100277,0.654,9.97239,1.52905,1000000000.0,0.8,9.78593e-10,1.4963200000000001e-18,0.385476
27,11223002000000,223786,0.100114,0.082,9.98866,12.1951,2000000000.0,0.9,4.93902e-09,3.0116e-17,0.669016
27,11223003000000,225786,0.100675,0.1635,9.93295,6.11621,2000000000.0,0.9,2.47706e-09,7.57512e-18,1.10385
27,11223004000000,226786,0.101452,0.277,9.85683,3.61011,1000000000.0,0.8,2.31047e-09,8.341040000000001e-18,1.73832
27,11223005000000,228786,0.100963,0.0455,9.90458,21.978,2000000000.0,0.9,8.9011e-09,9.78143e-17,0.831476
27,11223006000000,229786,0.100789,0.061,9.92168,16.3934,1000000000.0,0.8,1.04918e-08,1.71997e-16,0.213303
27,11223007000000,230786,0.100418,0.015,9.9584,66.6667,1000000000.0,0.8,4.26667e-08,2.84444e-15,0.032736
27,11223008000000,231786,0.100783,0.185,9.92235,5.40541,1000000000.0,0.8,3.45946e-09,1.86998e-17,0.159487
27,11223009000000,232786,0.100865,0.12,9.91422,8.33333,1000000000.0,0.8,5.33333e-09,4.44444e-17,0.320148
27,11223010000000,233786,0.100485,0.012,9.95173,83.3333,1000000000.0,0.8,5.33333e-08,4.44444e-15,0.056285
27,11223011000000,234786,0.100768,0.167,9.92375,5.98802,1000000000.0,0.8,3.83234e-09,2.29481e-17,0.439281
27,11223012000000,235786,0.101715,0.324,9.83138,3.08642,1000000000.0,0.8,1.97531e-09,6.09663e-18,0.181808
27,11223013000000,236786,0.102485,0.284,9.75753,3.52113,1000000000.0,0.8,2.25352e-09,7.93493e-18,1.08499
27,11223014000000,237786,0.102521,0.111,9.75412,9.00901,1000000000.0,0.8,5.76577e-09,5.19438e-17,0.302809
27,11223015000000,238786,0.104575,0.593,9.56253,1.68634,1000000000.0,0.8,1.07926e-09,1.82e-18,0.128486
27,11223016000000,239786,0.104647,0.122,9.55589,8.19672,1000000000.0,0.8,5.2459e-09,4.29992e-17,0.778276
27,11223017000000,240786,0.104508,0.071,9.56867,14.0845,1000000000.0,0.8,9.01408e-09,1.26959e-16,0.509438
27,11223018000000,241786,0.106718,0.639,9.37046,1.56495,1000000000.0,0.8,1.00156e-09,1.5673900000000001e-18,0.496611
27,11223019000000,242786,0.106736,0.111,9.36891,9.00901,1000000000.0,0.8,5.76577e-09,5.19438e-17,0.600112
27,11223020000000,243786,0.107471,0.286,9.30481,3.4965,1000000000.0,0.8,2.23776e-09,7.824340000000001e-18,0.1674
27,11223021000000,244786,0.108548,0.371,9.21252,2.69542,1000000000.0,0.8,1.72507e-09,4.64978e-18,0.869596
27,11223022000000,245786,0.108558,0.111,9.21168,9.00901,1000000000.0,0.8,5.76577e-09,5.19438e-17,0.318234
27,11223023000000,246786,0.110176,0.508,9.07635,1.9685,1000000000.0,0.8,1.25984e-09,2.48e-18,0.128061
27,11223024000000,247786,0.110333,0.149,9.06346,6.71141,1000000000.0,0.8,4.2953e-09,2.88275e-17,0.844173
27,11223025000000,248786,0.110336,0.111,9.06324,9.00901,1000000000.0,0.8,5.76577e-09,5.19438e-17,0.326509
27,11223026000000,249786,0.112524,0.657,8.88697,1.52207,1000000000.0,0.8,9.74125e-10,1.48269e-18,0.214081
27,11223027000000,250786,0.112518,0.111,8.88745,9.00901,1000000000.0,0.8,5.76577e-09,5.19438e-17,0.721356
27,11223028000000,251786,0.112866,0.2,8.86009,5.0,1000000000.0,0.8,3.2e-09,1.6e-17,0.224507
27,11223029000000,252786,0.114227,0.457,8.75449,2.18818,1000000000.0,0.8,1.40044e-09,3.06441e-18,0.95152
27,11223030000000,253786,0.114214,0.111,8.75547,9.00901,1000000000.0,0.8,5.76577e-09,5.19438e-17,0.330233
27,11223031000000,254786,0.115422,0.422,8.66383,2.36967,1000000000.0,0.8,1.51659e-09,3.5938100000000006e-18,0.132603
27,11223032000000,255786,0.11589,0.235,8.62888,4.25532,1000000000.0,0.8,2.7234e-09,1.1589e-17,0.748581
27,11223033000000,256786,0.115871,0.111,8.6303,9.00901,1000000000.0,0.8,5.76577e-09,5.19438e-17,0.260224
27,11223034000000,257786,0.117881,0.634,8.48315,1.57729,1000000000.0,0.8,1.00946e-09,1.5922100000000002e-18,0.126629
27,11223035000000,258786,0.117912,0.126,8.48089,7.93651,1000000000.0,0.8,5.07937e-09,4.03124e-17,0.769949
27,11223036000000,259786,0.117855,0.103,8.48502,9.70874,1000000000.0,0.8,6.21359e-09,6.03261e-17,0.314052
27,11223037000000,260786,0.119558,0.562,8.36416,1.77936,1000000000.0,0.8,1.13879e-09,2.02632e-18,1.05186
27,11223038000000,261786,0.119525,0.111,8.36644,9.00901,1000000000.0,0.8,5.76577e-09,5.19438e-17,0.642206
27,11223039000000,262786,0.120345,0.335,8.30944,2.98507,1000000000.0,0.8,1.91045e-09,5.70283e-18,0.172753
27,11223040000000,263786,0.12111,0.322,8.25699,3.10559,1000000000.0,0.8,1.98758e-09,6.1726e-18,1.00562
27,11223041000000,264786,0.121071,0.111,8.25959,9.00901,1000000000.0,0.8,5.76577e-09,5.19438e-17,0.341462
27,11223042000000,265786,0.1227,0.554,8.14994,1.80505,1000000000.0,0.8,1.15523e-09,2.0852600000000003e-18,0.125393
27,11223043000000,266786,0.122675,0.116,8.15161,8.62069,1000000000.0,0.8,5.51724e-09,4.75624e-17,0.820877
27,11223044000000,267786,0.122583,0.098,8.15774,10.2041,1000000000.0,0.8,6.53061e-09,6.66389e-17,0.662077
27,11223045000000,268786,0.124571,0.657,8.02754,1.52207,1000000000.0,0.8,9.74125e-10,1.48269e-18,0.470667
27,11223046000000,269786,0.124521,0.111,8.03078,9.00901,1000000000.0,0.8,5.76577e-09,5.19438e-17,0.707758
27,11223047000000,270786,0.124977,0.248,8.00148,4.03226,1000000000.0,0.8,2.58065e-09,1.04058e-17,0.186079
27,11223048000000,271786,0.126022,0.409,7.93513,2.44499,1000000000.0,0.8,1.56479e-09,3.8259e-18,0.803932
27,11223049000000,272786,0.125967,0.111,7.93859,9.00901,1000000000.0,0.8,5.76577e-09,5.19438e-17,0.404259
27,11223050000000,273786,0.127223,0.47,7.86019,2.12766,1000000000.0,0.8,1.3617e-09,2.8972400000000004e-18,0.129978
27,11223051000000,274786,0.127441,0.187,7.84677,5.34759,1000000000.0,0.8,3.42246e-09,1.83019e-17,0.814725
27,11223052000000,275786,0.127381,0.111,7.85044,9.00901,1000000000.0,0.8,5.76577e-09,5.19438e-17,0.315934
27,11223053000000,276786,0.129288,0.655,7.73469,1.52672,1000000000.0,0.8,9.77099e-10,1.4917500000000002e-18,0.127856
27,11223054000000,277786,0.129229,0.113,7.7382,8.84956,1000000000.0,0.8,5.66372e-09,5.01214e-17,0.718356
27,11223055000000,278786,0.129347,0.162,7.73117,6.17284,1000000000.0,0.8,3.95062e-09,2.43865e-17,0.304279
27,11223056000000,279786,0.130653,0.495,7.65384,2.0202,1000000000.0,0.8,1.29293e-09,2.61198e-18,1.20846
27,11223057000000,280786,0.130583,0.111,7.65794,9.00901,1000000000.0,0.8,5.76577e-09,5.19438e-17,0.730121
27,11223058000000,281786,0.131486,0.385,7.60535,2.5974,1000000000.0,0.8,1.66234e-09,4.3177600000000005e-18,0.137539
27,11223059000000,282786,0.131983,0.272,7.57672,3.67647,1000000000.0,0.8,2.35294e-09,8.650520000000001e-18,0.85766
27,11223060000000,283786,0.131909,0.111,7.58097,9.00901,1000000000.0,0.8,5.76577e-09,5.19438e-17,0.365515
27,11223061000000,284786,0.133493,0.583,7.49102,1.71527,1000000000.0,0.8,1.09777e-09,1.8829700000000003e-18,0.126226
27,11223062000000,285786,0.134636,0.46,7.42745,2.17391,1000000000.0,0.8,1.3913e-09,3.02457e-18,0.601894
27,11223063000000,286786,0.134564,0.114,7.43142,8.77193,1000000000.0,0.8,5.61404e-09,4.92459e-17,0.434892
27,11223064000000,287786,0.135208,0.32,7.39601,3.125,1000000000.0,0.8,2e-09,6.25e-18,0.14162
27,11223065000000,288786,0.135851,0.321,7.36098,3.11526,1000000000.0,0.8,1.99377e-09,6.21112e-18,0.81094
27,11223066000000,289786,0.135893,0.148,7.35871,6.75676,1000000000.0,0.8,4.32432e-09,2.92184e-17,0.304927
27,11223067000000,290786,0.137266,0.535,7.28513,1.86916,1000000000.0,0.8,1.19626e-09,2.236e-18,0.254102
27,11223068000000,291786,0.137186,0.114,7.28937,8.77193,1000000000.0,0.8,5.61404e-09,4.92459e-17,0.886494
27,11223069000000,292786,0.137035,0.093,7.29739,10.7527,1000000000.0,0.8,6.88172e-09,7.3997e-17,0.464608
27,11223070000000,293786,0.138768,0.646,7.20629,1.54799,1000000000.0,0.8,9.90712e-10,1.5336100000000002e-18,0.529646
27,11223071000000,294786,0.138799,0.148,7.20466,6.75676,1000000000.0,0.8,4.32432e-09,2.92184e-17,0.695114
27,11223072000000,295786,0.139172,0.249,7.18538,4.01606,1000000000.0,0.8,2.57028e-09,1.03224e-17,0.316867
27,11223073000000,296786,0.13998,0.379,7.1439,2.63852,1000000000.0,0.8,1.68865e-09,4.45555e-18,0.903151
27,11223074000000,297786,0.139892,0.114,7.14835,8.77193,1000000000.0,0.8,5.61404e-09,4.92459e-17,0.442831
27,11223075000000,298786,0.141104,0.502,7.08695,1.99203,1000000000.0,0.8,1.2749e-09,2.53964e-18,0.156644
27,11223076000000,299786,0.141114,0.144,7.08647,6.94444,1000000000.0,0.8,4.44444e-09,3.08642e-17,0.868099
27,11223077000000,300786,0.141137,0.148,7.08532,6.75676,1000000000.0,0.8,4.32432e-09,2.92184e-17,0.672726
27,11223078000000,301786,0.14275,0.628,7.00525,1.59236,1000000000.0,0.8,1.01911e-09,1.62278e-18,0.244368
27,11223079000000,302786,0.142655,0.114,7.00991,8.77193,1000000000.0,0.8,5.61404e-09,4.92459e-17,0.911936
27,11223080000000,303786,0.142903,0.218,6.99774,4.58716,1000000000.0,0.8,2.93578e-09,1.34669e-17,0.222897
27,11223081000000,304786,0.143839,0.428,6.95224,2.33645,1000000000.0,0.8,1.49533e-09,3.49375e-18,0.804215
27,11223082000000,305786,0.143852,0.148,6.95158,6.75676,1000000000.0,0.8,4.32432e-09,2.92184e-17,0.440213
27,11223083000000,306786,0.144782,0.429,6.90695,2.331,1000000000.0,0.8,1.49184e-09,3.4774900000000004e-18,0.263802
27,11223084000000,307786,0.144958,0.199,6.89856,5.02513,1000000000.0,0.8,3.21608e-09,1.61612e-17,0.797991
27,11223085000000,308786,0.144858,0.114,6.90333,8.77193,1000000000.0,0.8,5.61404e-09,4.92459e-17,0.308843
27,11223086000000,309786,0.146472,0.645,6.82724,1.55039,1000000000.0,0.8,9.92248e-10,1.53837e-18,0.209038
27,11223087000000,310786,0.146461,0.143,6.82776,6.99301,1000000000.0,0.8,4.47552e-09,3.12974e-17,0.688875
27,11223088000000,311786,0.146389,0.124,6.83112,8.06452,1000000000.0,0.8,5.16129e-09,4.16233e-17,0.451931
27,11223089000000,312786,0.147551,0.51,6.7773,1.96078,1000000000.0,0.8,1.2549e-09,2.46059e-18,1.06965
27,11223090000000,313786,0.147444,0.114,6.78222,8.77193,1000000000.0,0.8,5.61404e-09,4.92459e-17,0.695638
27,11223091000000,314786,0.14824,0.398,6.7458,2.51256,1000000000.0,0.8,1.60804e-09,4.0403e-18,0.158045
27,11223092000000,315786,0.148556,0.248,6.73145,4.03226,1000000000.0,0.8,2.58065e-09,1.04058e-17,0.74838
27,11223093000000,316786,0.148555,0.148,6.73153,6.75676,1000000000.0,0.8,4.32432e-09,2.92184e-17,0.645336
27,11223094000000,317786,0.149981,0.602,6.66749,1.66113,1000000000.0,0.8,1.06312e-09,1.7659800000000002e-18,0.247913
27,11223095000000,318786,0.149925,0.132,6.67,7.57576,1000000000.0,0.8,4.84848e-09,3.67309e-17,0.776312
27,11223096000000,319786,0.149778,0.103,6.67654,9.70874,1000000000.0,0.8,6.21359e-09,6.03261e-17,0.311529
27,11223097000000,320786,0.151029,0.551,6.62124,1.81488,1000000000.0,0.8,1.16152e-09,2.1080300000000003e-18,1.12258
27,11223098000000,321786,0.15102,0.148,6.62166,6.75676,1000000000.0,0.8,4.32432e-09,2.92184e-17,0.626054
27,11223099000000,322786,0.151565,0.327,6.59784,3.0581,1000000000.0,0.8,1.95719e-09,5.9852800000000006e-18,0.287829
27,11223100000000,323786,0.152026,0.301,6.57781,3.32226,1000000000.0,0.8,2.12625e-09,7.06394e-18,0.986819
27,11223101000000,324786,0.151909,0.114,6.58288,8.77193,1000000000.0,0.8,5.61404e-09,4.92459e-17,0.589905
27,11223102000000,325786,0.153223,0.58,6.52642,1.72414,1000000000.0,0.8,1.10345e-09,1.9025e-18,0.166526
27,11223103000000,326786,0.15306,0.1,6.53337,10.0,1000000000.0,0.8,6.4e-09,6.4e-17,0.80229
27,11223104000000,327786,0.152944,0.115,6.53833,8.69565,1000000000.0,0.8,5.56522e-09,4.83932e-17,0.350891
27,11223105000000,328786,0.154386,0.627,6.47727,1.5949,1000000000.0,0.8,1.02073e-09,1.6279600000000002e-18,0.461339
27,11223106000000,329786,0.154264,0.114,6.48241,8.77193,1000000000.0,0.8,5.61404e-09,4.92459e-17,0.668511
27,11223107000000,330786,0.15468,0.292,6.46496,3.42466,1000000000.0,0.8,2.19178e-09,7.5061e-18,0.179786
27,11223108000000,331786,0.155281,0.354,6.43995,2.82486,1000000000.0,0.8,1.80791e-09,5.1070900000000006e-18,0.916903
27,11223109000000,332786,0.155259,0.148,6.44085,6.75676,1000000000.0,0.8,4.32432e-09,2.92184e-17,0.463014
27,11223110000000,333786,0.156307,0.505,6.39768,1.9802,1000000000.0,0.8,1.26733e-09,2.5095600000000004e-18,0.25585
27,11223111000000,334786,0.156207,0.123,6.40175,8.13008,1000000000.0,0.8,5.20325e-09,4.23029e-17,0.896408
27,11223112000000,335786,0.156082,0.114,6.40691,8.77193,1000000000.0,0.8,5.61404e-09,4.92459e-17,0.312191
27,11223113000000,336786,0.15756,0.654,6.34679,1.52905,1000000000.0,0.8,9.78593e-10,1.4963200000000001e-18,0.307722
27,11223114000000,336824,0.157566,0.210526,6.34655,4.75,1000000000.0,0.8,3.04e-09,1.444e-17,0.0828186
27,11223115000000,336824,0.157566,,6.34655,0.0,1000000000.0,0.8,0.0,0.0,0.0
28,10205500000000,15545,0.0505629,0.0505629,19.7774,19.7774,4000000000.0,1.0,4.94434e-09,2.44465e-17,0.0
28,10205501000000,19545,0.0741878,0.166,13.4793,6.0241,4000000000.0,1.0,1.50602e-09,2.26811e-18,4.0
28,10205502000000,21545,0.067301,0.0,14.8586,0.0,2000000000.0,0.9,0.0,0.0,0.367007
28,11206193000000,40068,0.0968853,0.131296,10.3215,7.61637,4000000000.0,1.0,1.90409e-09,3.6255600000000005e-18,0.699994
28,11206194000000,42068,0.0922792,0.0,10.8367,0.0,2000000000.0,0.9,0.0,0.0,0.789376
28,11206195000000,42777,0.0907965,0.00282087,11.0136,354.5,1000000000.0,0.8,2.2688e-07,8.0429e-14,0.372351
28,11222906000000,44857,0.0875672,0.0211538,11.4198,47.2727,1000000000.0,0.8,3.02545e-08,1.43021e-15,0.0
28,11222907000000,48857,0.0817897,0.017,12.2265,58.8235,4000000000.0,1.0,1.47059e-08,2.16263e-16,4.0
28,11222908000000,52857,0.076111,0.00675,13.1387,148.148,4000000000.0,1.0,3.7037e-08,1.37174e-15,4.0
28,11222909000000,56857,0.0736585,0.04125,13.5762,24.2424,4000000000.0,1.0,6.06061e-09,3.67309e-17,3.18327
28,11222910000000,58857,0.0715633,0.012,13.9736,83.3333,2000000000.0,0.9,3.375e-08,1.40625e-15,1.8461
28,11222911000000,59857,0.0731744,0.168,13.666,5.95238,1000000000.0,0.8,3.80952e-09,2.26757e-17,0.861538
28,11222912000000,61857,0.0711965,0.012,14.0456,83.3333,2000000000.0,0.9,3.375e-08,1.40625e-15,1.1318
28,11222913000000,62857,0.0712093,0.072,14.0431,13.8889,1000000000.0,0.8,8.88889e-09,1.23457e-16,0.861538
28,11222914000000,66857,0.0683848,0.024,14.6231,41.6667,4000000000.0,1.0,1.04167e-08,1.08507e-16,3.27756
28,11222915000000,68857,0.066747,0.012,14.9819,83.3333,2000000000.0,0.9,3.375e-08,1.40625e-15,1.54272
28,11222916000000,70857,0.067234,0.084,14.8734,11.9048,2000000000.0,0.9,4.82143e-09,2.8699e-17,0.861538
28,11222917000000,74857,0.063962,0.006,15.6343,166.667,4000000000.0,1.0,4.16667e-08,1.73611e-15,1.48355
28,11222918000000,76857,0.0644834,0.084,15.5079,11.9048,2000000000.0,0.9,4.82143e-09,2.8699e-17,0.922553
28,11222919000000,80857,0.0615902,0.006,16.2363,166.667,4000000000.0,1.0,4.16667e-08,1.73611e-15,1.48346
28,11222920000000,82857,0.0621311,0.084,16.095,11.9048,2000000000.0,0.9,4.82143e-09,2.8699e-17,0.922553
28,11222921000000,86857,0.0592698,0.0,16.872,0.0,4000000000.0,1.0,0.0,0.0,1.48342
28,11222922000000,87857,0.059005,0.036,16.9477,27.7778,1000000000.0,0.8,1.77778e-08,4.93827e-16,1.21981e-06
28,11222923000000,89857,0.0594278,0.078,16.8272,12.8205,2000000000.0,0.9,5.19231e-09,3.3284e-17,1.04933
28,11222924000000,93857,0.0570229,0.003,17.5368,333.333,4000000000.0,1.0,8.33333e-08,6.94444e-15,1.47461
28,11222925000000,94857,0.0583194,0.18,17.147,5.55556,1000000000.0,0.8,3.55556e-09,1.97531e-17,0.461538
28,11222926000000,98857,0.056081,0.003,17.8313,333.333,4000000000.0,1.0,8.33333e-08,6.94444e-15,1.14263
28,11222927000000,99857,0.057322,0.18,17.4453,5.55556,1000000000.0,0.8,3.55556e-09,1.97531e-17,0.461538
28,11222928000000,103857,0.0552298,0.003,18.1062,333.333,4000000000.0,1.0,8.33333e-08,6.94444e-15,1.14263
28,11222929000000,104857,0.0549701,0.028,18.1917,35.7143,1000000000.0,0.8,2.28571e-08,8.16327e-16,0.461538
28,11222930000000,106857,0.0553637,0.076,18.0624,13.1579,2000000000.0,0.9,5.32895e-09,3.50589e-17,1.06019
28,11222931000000,108857,0.054567,0.012,18.3261,83.3333,2000000000.0,0.9,3.375e-08,1.40625e-15,1.6501
28,11222932000000,110857,0.055098,0.084,18.1495,11.9048,2000000000.0,0.9,4.82143e-09,2.8699e-17,0.861538
28,11222933000000,114857,0.0533881,0.006,18.7308,166.667,4000000000.0,1.0,4.16667e-08,1.73611e-15,1.49436
28,11222934000000,116857,0.053912,0.084,18.5487,11.9048,2000000000.0,0.9,4.82143e-09,2.8699e-17,0.765295
28,11222935000000,120857,0.0523263,0.006,19.1108,166.667,4000000000.0,1.0,4.16667e-08,1.73611e-15,1.46681
28,11222936000000,122857,0.0521175,0.0395,19.1874,25.3165,2000000000.0,0.9,1.02532e-08,1.29787e-16,0.765295
28,11222937000000,126857,0.0511757,0.02225,19.5405,44.9438,4000000000.0,1.0,1.1236e-08,1.26247e-16,1.38281
28,11222938000000,130857,0.0497948,0.006,20.0824,166.667,4000000000.0,1.0,4.16667e-08,1.73611e-15,1.64987
28,11222939000000,132857,0.0503097,0.084,19.8769,11.9048,2000000000.0,0.9,4.82143e-09,2.8699e-17,0.765295
28,11222940000000,136857,0.0490147,0.006,20.4021,166.667,4000000000.0,1.0,4.16667e-08,1.73611e-15,1.45455
28,11222941000000,138857,0.0495186,0.084,20.1944,11.9048,2000000000.0,0.9,4.82143e-09,2.8699e-17,0.765294
28,11222942000000,142857,0.0483,0.006,20.7039,166.667,4000000000.0,1.0,4.16667e-08,1.73611e-15,1.45455
28,11222943000000,144857,0.0483511,0.052,20.682,19.2308,2000000000.0,0.9,7.78846e-09,7.48891e-17,0.765294
28,11222944000000,148857,0.0474818,0.016,21.0607,62.5,4000000000.0,1.0,1.5625e-08,2.44141e-16,1.52383
28,11222945000000,152857,0.0463963,0.006,21.5534,166.667,4000000000.0,1.0,4.16667e-08,1.73611e-15,1.37195
28,11222946000000,153857,0.0471867,0.168,21.1924,5.95238,1000000000.0,0.8,3.80952e-09,2.26757e-17,0.654845
28,11222947000000,157857,0.046067,0.003,21.7075,333.333,4000000000.0,1.0,8.33333e-08,6.94444e-15,1.14423
28,11222948000000,158857,0.0469101,0.18,21.3174,5.55556,1000000000.0,0.8,3.55556e-09,1.97531e-17,0.461538
28,11222949000000,162857,0.0458316,0.003,21.819,333.333,4000000000.0,1.0,8.33333e-08,6.94444e-15,1.14263
28,11222950000000,163857,0.0466504,0.18,21.436,5.55556,1000000000.0,0.8,3.55556e-09,1.97531e-17,0.461538
28,11222951000000,167857,0.0455388,0.0,21.9593,0.0,4000000000.0,1.0,0.0,0.0,1.14263
28,11222952000000,168857,0.0453401,0.012,22.0555,83.3333,1000000000.0,0.8,5.33333e-08,4.44444e-15,2.3318400000000003e-18
28,11222953000000,172857,0.046443,0.093,21.5318,10.7527,4000000000.0,1.0,2.68817e-09,7.22627e-18,3.19508
28,11222954000000,174857,0.0465466,0.0555,21.4838,18.018,2000000000.0,0.9,7.2973e-09,6.57414e-17,4.24896
28,11222955000000,176857,0.0495089,0.3085,20.1984,3.24149,2000000000.0,0.9,1.3128e-09,2.12772e-18,2.96491
28,11222956000000,177857,0.049894,0.118,20.0425,8.47458,1000000000.0,0.8,5.42373e-09,4.59638e-17,0.375834
28,11222957000000,178857,0.0511582,0.276,19.5472,3.62319,1000000000.0,0.8,2.31884e-09,8.4016e-18,0.178995
28,11222958000000,179857,0.0529309,0.37,18.8925,2.7027,1000000000.0,0.8,1.72973e-09,4.674950000000001e-18,0.965741
28,11222959000000,180857,0.0532686,0.114,18.7728,8.77193,1000000000.0,0.8,5.61404e-09,4.92459e-17,0.488917
28,11222960000000,181857,0.0556921,0.494,17.9559,2.02429,1000000000.0,0.8,1.29555e-09,2.62256e-18,0.130631
28,11222961000000,182857,0.0562625,0.16,17.7738,6.25,1000000000.0,0.8,4e-09,2.5e-17,0.858112
28,11222962000000,183857,0.0565766,0.114,17.6752,8.77193,1000000000.0,0.8,5.61404e-09,4.92459e-17,0.389617
28,11222963000000,184857,0.0598084,0.654,16.7201,1.52905,1000000000.0,0.8,9.78593e-10,1.4963200000000001e-18,0.120817
28,11222964000000,185857,0.0601,0.114,16.6389,8.77193,1000000000.0,0.8,5.61404e-09,4.92459e-17,0.666537
28,11222965000000,186857,0.0606774,0.168,16.4806,5.95238,1000000000.0,0.8,3.80952e-09,2.26757e-17,0.284539
28,11222966000000,187857,0.0629415,0.486,15.8878,2.05761,1000000000.0,0.8,1.31687e-09,2.7096100000000003e-18,1.08413
28,11222967000000,188857,0.0632118,0.114,15.8198,8.77193,1000000000.0,0.8,5.61404e-09,4.92459e-17,0.58238
28,11222968000000,189857,0.0648962,0.383,15.4092,2.61097,1000000000.0,0.8,1.67102e-09,4.3629700000000006e-18,0.147617
28,11222969000000,190857,0.0659761,0.271,15.157,3.69004,1000000000.0,0.8,2.36162e-09,8.714480000000001e-18,0.833905
28,11222970000000,191857,0.0662264,0.114,15.0997,8.77193,1000000000.0,0.8,5.61404e-09,4.92459e-17,0.421529
28,11222971000000,192857,0.0689682,0.595,14.4994,1.68067,1000000000.0,0.8,1.07563e-09,1.8077800000000003e-18,0.122796
28,11222972000000,193857,0.0691592,0.106,14.4594,9.43396,1000000000.0,0.8,6.03774e-09,5.69598e-17,0.786774
28,11222973000000,194857,0.0691892,0.075,14.4531,13.3333,1000000000.0,0.8,8.53333e-09,1.13778e-16,0.256217
28,11222974000000,195857,0.0721343,0.646,13.863,1.54799,1000000000.0,0.8,9.90712e-10,1.5336100000000002e-18,0.358049
28,11222975000000,196857,0.0723469,0.114,13.8223,8.77193,1000000000.0,0.8,5.61404e-09,4.92459e-17,0.614172
28,11222976000000,197857,0.0733358,0.268,13.6359,3.73134,1000000000.0,0.8,2.38806e-09,8.91067e-18,0.185206
28,11222977000000,198857,0.0749081,0.386,13.3497,2.59067,1000000000.0,0.8,1.65803e-09,4.2954200000000005e-18,0.938533
28,11222978000000,199857,0.0751037,0.114,13.3149,8.77193,1000000000.0,0.8,5.61404e-09,4.92459e-17,0.489679
28,11222979000000,200857,0.0771345,0.483,12.9644,2.07039,1000000000.0,0.8,1.32505e-09,2.74338e-18,0.132201
28,11222980000000,201857,0.0775995,0.171,12.8867,5.84795,1000000000.0,0.8,3.74269e-09,2.18871e-17,0.85487
28,11222981000000,202857,0.0777789,0.114,12.857,8.77193,1000000000.0,0.8,5.61404e-09,4.92459e-17,0.30733
28,11222982000000,203857,0.0806055,0.654,12.4061,1.52905,1000000000.0,0.8,9.78593e-10,1.4963200000000001e-18,0.120413
28,11222983000000,204857,0.0807685,0.114,12.3811,8.77193,1000000000.0,0.8,5.61404e-09,4.92459e-17,0.669132
28,11222984000000,205857,0.0811,0.149,12.3305,6.71141,1000000000.0,0.8,4.2953e-09,2.88275e-17,0.324971
28,11222985000000,206857,0.0831492,0.505,12.0266,1.9802,1000000000.0,0.8,1.26733e-09,2.5095600000000004e-18,1.06622
28,11222986000000,207857,0.0832977,0.114,12.0051,8.77193,1000000000.0,0.8,5.61404e-09,4.92459e-17,0.599957
28,11222987000000,208857,0.0846608,0.368,11.8118,2.71739,1000000000.0,0.8,1.73913e-09,4.7259e-18,0.150736
28,11222988000000,209857,0.0856202,0.286,11.6795,3.4965,1000000000.0,0.8,2.23776e-09,7.824340000000001e-18,0.819955
28,11222989000000,210857,0.0857548,0.114,11.6612,8.77193,1000000000.0,0.8,5.61404e-09,4.92459e-17,0.500996
28,11222990000000,211857,0.0880972,0.582,11.3511,1.71821,1000000000.0,0.8,1.09966e-09,1.8894400000000002e-18,0.12362
28,11222991000000,212857,0.0881437,0.098,11.3451,10.2041,1000000000.0,0.8,6.53061e-09,6.66389e-17,0.781337
28,11222992000000,213857,0.088143,0.088,11.3452,11.3636,1000000000.0,0.8,7.27273e-09,8.26446e-17,0.189819
28,11222993000000,214857,0.0907767,0.654,11.016,1.52905,1000000000.0,0.8,9.78593e-10,1.4963200000000001e-18,0.404572
28,11222994000000,215857,0.0908842,0.114,11.003,8.77193,1000000000.0,0.8,5.61404e-09,4.92459e-17,0.641724
28,11222995000000,216857,0.0916503,0.257,10.911,3.89105,1000000000.0,0.8,2.49027e-09,9.689780000000001e-18,0.191636
28,11222996000000,217857,0.0930519,0.397,10.7467,2.51889,1000000000.0,0.8,1.61209e-09,4.06068e-18,0.837337
28,11222997000000,218857,0.0931476,0.114,10.7357,8.77193,1000000000.0,0.8,5.61404e-09,4.92459e-17,0.70744
28,11222998000000,219857,0.094848,0.467,10.5432,2.14133,1000000000.0,0.8,1.37045e-09,2.9345800000000003e-18,0.133914
28,11222999000000,221857,0.0948178,0.0915,10.5465,10.929,2000000000.0,0.9,4.42623e-09,2.4187e-17,0.840219
28,11223000000000,222857,0.0949219,0.118,10.535,8.47458,1000000000.0,0.8,5.42373e-09,4.59638e-17,0.266172
28,11223001000000,223857,0.0974193,0.654,10.2649,1.52905,1000000000.0,0.8,9.78593e-10,1.4963200000000001e-18,0.385826
28,11223002000000,225857,0.0972828,0.082,10.2793,12.1951,2000000000.0,0.9,4.93902e-09,3.0116e-17,0.669561
28,11223003000000,227857,0.0975963,0.133,10.2463,7.5188,2000000000.0,0.9,3.04511e-09,1.14478e-17,1.10386
28,11223004000000,228857,0.0986293,0.334,10.139,2.99401,1000000000.0,0.8,1.91617e-09,5.73703e-18,1.58906
28,11223005000000,230857,0.0981863,0.0475,10.1847,21.0526,2000000000.0,0.9,8.52632e-09,8.97507e-17,0.760351
28,11223006000000,231857,0.0980259,0.061,10.2014,16.3934,1000000000.0,0.8,1.04918e-08,1.71997e-16,0.213523
28,11223007000000,232857,0.0976694,0.015,10.2386,66.6667,1000000000.0,0.8,4.26667e-08,2.84444e-15,0.0373727
28,11223008000000,233857,0.0974014,0.035,10.2668,28.5714,1000000000.0,0.8,1.82857e-08,5.22449e-16,0.156195
28,11223009000000,234857,0.0976254,0.15,10.2432,6.66667,1000000000.0,0.8,4.26667e-09,2.84444e-17,4.2558
28,11223010000000,235857,0.0977202,0.12,10.2333,8.33333,1000000000.0,0.8,5.33333e-09,4.44444e-17,0.138593
28,11223011000000,236857,0.0973583,0.012,10.2713,83.3333,1000000000.0,0.8,5.33333e-08,4.44444e-15,0.188295
28,11223012000000,237857,0.0976511,0.167,10.2405,5.98802,1000000000.0,0.8,3.83234e-09,2.29481e-17,0.330421
28,11223013000000,238857,0.0997877,0.608,10.0213,1.64474,1000000000.0,0.8,1.05263e-09,1.7313e-18,0.387836
28,11223014000000,239857,0.0998345,0.111,10.0166,9.00901,1000000000.0,0.8,5.76577e-09,5.19438e-17,0.445574
28,11223015000000,240857,0.100541,0.27,9.94619,3.7037,1000000000.0,0.8,2.37037e-09,8.77915e-18,0.167874
28,11223016000000,241857,0.101725,0.387,9.83039,2.58398,1000000000.0,0.8,1.65375e-09,4.273250000000001e-18,0.751879
28,11223017000000,242857,0.101764,0.111,9.8267,9.00901,1000000000.0,0.8,5.76577e-09,5.19438e-17,0.617095
28,11223018000000,243857,0.103356,0.49,9.67533,2.04082,1000000000.0,0.8,1.30612e-09,2.66556e-18,0.496163
28,11223019000000,244857,0.103616,0.167,9.65106,5.98802,1000000000.0,0.8,3.83234e-09,2.29481e-17,0.744523
28,11223020000000,245857,0.103646,0.111,9.64826,9.00901,1000000000.0,0.8,5.76577e-09,5.19438e-17,0.293708
28,11223021000000,246857,0.105887,0.657,9.44401,1.52207,1000000000.0,0.8,9.74125e-10,1.48269e-18,0.283147
28,11223022000000,247857,0.105908,0.111,9.44217,9.00901,1000000000.0,0.8,5.76577e-09,5.19438e-17,0.315549
28,11223023000000,248857,0.106226,0.185,9.41392,5.40541,1000000000.0,0.8,3.45946e-09,1.86998e-17,0.221955
28,11223024000000,249857,0.10769,0.472,9.28595,2.11864,1000000000.0,0.8,1.35593e-09,2.8727400000000002e-18,0.945971
28,11223025000000,250857,0.107703,0.111,9.28481,9.00901,1000000000.0,0.8,5.76577e-09,5.19438e-17,0.348998
28,11223026000000,251857,0.108879,0.404,9.18449,2.47525,1000000000.0,0.8,1.58416e-09,3.92118e-18,0.195804
28,11223027000000,252857,0.109449,0.253,9.13666,3.95257,1000000000.0,0.8,2.52964e-09,9.99859e-18,0.682845
28,11223028000000,253857,0.109455,0.111,9.13615,9.00901,1000000000.0,0.8,5.76577e-09,5.19438e-17,0.234143
28,11223029000000,254857,0.11147,0.623,8.971,1.60514,1000000000.0,0.8,1.02729e-09,1.64894e-18,0.258548
28,11223030000000,255857,0.111539,0.129,8.96548,7.75194,1000000000.0,0.8,4.96124e-09,3.84592e-17,0.658808
28,11223031000000,256857,0.111432,0.084,8.97411,11.9048,1000000000.0,0.8,7.61905e-09,9.07029e-17,0.255272
28,11223032000000,257857,0.113284,0.589,8.82739,1.69779,1000000000.0,0.8,1.08659e-09,1.8448e-18,0.497943
28,11223033000000,258857,0.113275,0.111,8.82808,9.00901,1000000000.0,0.8,5.76577e-09,5.19438e-17,0.457326
28,11223034000000,259857,0.114063,0.318,8.76711,3.14465,1000000000.0,0.8,2.01258e-09,6.3288600000000005e-18,0.152172
28,11223035000000,260857,0.114925,0.339,8.70132,2.94985,1000000000.0,0.8,1.88791e-09,5.569040000000001e-18,0.817933
28,11223036000000,261857,0.11491,0.111,8.70246,9.00901,1000000000.0,0.8,5.76577e-09,5.19438e-17,0.321715
28,11223037000000,262857,0.116535,0.542,8.58112,1.84502,1000000000.0,0.8,1.18081e-09,2.1786200000000004e-18,0.247177
28,11223038000000,263857,0.116529,0.115,8.58155,8.69565,1000000000.0,0.8,5.56522e-09,4.83932e-17,0.783868
28,11223039000000,264857,0.116508,0.111,8.58309,9.00901,1000000000.0,0.8,5.76577e-09,5.19438e-17,0.39935
28,11223040000000,265857,0.118541,0.657,8.43589,1.52207,1000000000.0,0.8,9.74125e-10,1.48269e-18,0.316856
28,11223041000000,266857,0.118513,0.111,8.4379,9.00901,1000000000.0,0.8,5.76577e-09,5.19438e-17,0.313162
28,11223042000000,267857,0.118948,0.235,8.40705,4.25532,1000000000.0,0.8,2.7234e-09,1.1589e-17,0.182311
28,11223043000000,268857,0.120075,0.422,8.32813,2.36967,1000000000.0,0.8,1.51659e-09,3.5938100000000006e-18,0.747181
28,11223044000000,269857,0.120041,0.111,8.33046,9.00901,1000000000.0,0.8,5.76577e-09,5.19438e-17,0.661283
28,11223045000000,270857,0.121267,0.452,8.24627,2.21239,1000000000.0,0.8,1.41593e-09,3.1325900000000004e-18,0.475852
28,11223046000000,271857,0.121575,0.205,8.22538,4.87805,1000000000.0,0.8,3.12195e-09,1.5229e-17,0.63685
28,11223047000000,272857,0.121536,0.111,8.228,9.00901,1000000000.0,0.8,5.76577e-09,5.19438e-17,0.266291
28,11223048000000,273857,0.123466,0.65,8.0994,1.53846,1000000000.0,0.8,9.84615e-10,1.51479e-18,0.259874
28,11223049000000,274857,0.123446,0.118,8.10071,8.47458,1000000000.0,0.8,5.42373e-09,4.59638e-17,0.418393
28,11223050000000,275857,0.12351,0.141,8.09653,7.0922,1000000000.0,0.8,4.53901e-09,3.21915e-17,0.32731
28,11223051000000,276857,0.124927,0.516,8.00465,1.93798,1000000000.0,0.8,1.24031e-09,2.4037e-18,1.12433
28,11223052000000,277857,0.124877,0.111,8.00787,9.00901,1000000000.0,0.8,5.76577e-09,5.19438e-17,0.333844
28,11223053000000,278857,0.125745,0.367,7.95257,2.7248,1000000000.0,0.8,1.74387e-09,4.75169e-18,0.142565
28,11223054000000,279857,0.126332,0.29,7.91563,3.44828,1000000000.0,0.8,2.2069e-09,7.60999e-18,0.77789
28,11223055000000,280857,0.126278,0.111,7.91905,9.00901,1000000000.0,0.8,5.76577e-09,5.19438e-17,0.285452
28,11223056000000,281857,0.127912,0.587,7.81785,1.70358,1000000000.0,0.8,1.09029e-09,1.85739e-18,0.261718
28,11223057000000,282857,0.127884,0.12,7.81956,8.33333,1000000000.0,0.8,5.33333e-09,4.44444e-17,0.700681
28,11223058000000,283857,0.127695,0.074,7.83119,13.5135,1000000000.0,0.8,8.64865e-09,1.16874e-16,0.301208
28,11223059000000,284857,0.129507,0.644,7.72159,1.5528,1000000000.0,0.8,9.93789e-10,1.5431500000000001e-18,0.452065
28,11223060000000,285857,0.129442,0.111,7.72545,9.00901,1000000000.0,0.8,5.76577e-09,5.19438e-17,0.346634
28,11223061000000,286857,0.129716,0.208,7.70914,4.80769,1000000000.0,0.8,3.07692e-09,1.47929e-17,0.162429
28,11223062000000,287857,0.131378,0.608,7.61164,1.64474,1000000000.0,0.8,1.05263e-09,1.7313e-18,0.796631
28,11223063000000,288857,0.131816,0.258,7.58633,3.87597,1000000000.0,0.8,2.48062e-09,9.61481e-18,0.370961
28,11223064000000,289857,0.131648,0.083,7.59603,12.0482,1000000000.0,0.8,7.71084e-09,9.29017e-17,0.170014
28,11223065000000,290857,0.133389,0.638,7.49689,1.5674,1000000000.0,0.8,1.00313e-09,1.5723100000000002e-18,0.272556
28,11223066000000,291857,0.133422,0.143,7.49504,6.99301,1000000000.0,0.8,4.47552e-09,3.12974e-17,0.497494
28,11223067000000,292857,0.133365,0.117,7.49819,8.54701,1000000000.0,0.8,5.47009e-09,4.67529e-17,1.24156
28,11223068000000,293857,0.134678,0.519,7.42513,1.92678,1000000000.0,0.8,1.23314e-09,2.37599e-18,0.649135
28,11223069000000,294857,0.134608,0.114,7.429,8.77193,1000000000.0,0.8,5.61404e-09,4.92459e-17,0.48499
28,11223070000000,295857,0.135478,0.392,7.38129,2.55102,1000000000.0,0.8,1.63265e-09,4.16493e-18,0.425203
28,11223071000000,296857,0.135877,0.254,7.3596,3.93701,1000000000.0,0.8,2.51969e-09,9.92002e-18,0.737277
28,11223072000000,297857,0.135918,0.148,7.3574,6.75676,1000000000.0,0.8,4.32432e-09,2.92184e-17,0.242217
28,11223073000000,298857,0.137467,0.599,7.27447,1.66945,1000000000.0,0.8,1.06845e-09,1.7837200000000002e-18,0.420756
28,11223074000000,299857,0.137452,0.133,7.27526,7.5188,1000000000.0,0.8,4.81203e-09,3.61807e-17,0.673702
28,11223075000000,300857,0.137314,0.096,7.28256,10.4167,1000000000.0,0.8,6.66667e-09,6.94444e-17,0.303961
28,11223076000000,301857,0.138715,0.56,7.20904,1.78571,1000000000.0,0.8,1.14286e-09,2.0408200000000002e-18,0.683389
28,11223077000000,302857,0.138745,0.148,7.20745,6.75676,1000000000.0,0.8,4.32432e-09,2.92184e-17,0.626712
28,11223078000000,303857,0.139348,0.322,7.17626,3.10559,1000000000.0,0.8,1.98758e-09,6.1726e-18,0.277821
28,11223079000000,304857,0.139895,0.306,7.14821,3.26797,1000000000.0,0.8,2.0915e-09,6.834980000000001e-18,1.0645
28,11223080000000,305857,0.13981,0.114,7.15254,8.77193,1000000000.0,0.8,5.61404e-09,4.92459e-17,0.347902
28,11223081000000,306857,0.141225,0.574,7.08088,1.74216,1000000000.0,0.8,1.11498e-09,1.94248e-18,0.265759
28,11223082000000,307857,0.141085,0.098,7.08793,10.2041,1000000000.0,0.8,6.53061e-09,6.66389e-17,0.63213
28,11223083000000,308857,0.141023,0.122,7.09103,8.19672,1000000000.0,0.8,5.2459e-09,4.29992e-17,0.264642
28,11223084000000,309857,0.142595,0.628,7.01288,1.59236,1000000000.0,0.8,1.01911e-09,1.62278e-18,0.472816
28,11223085000000,310857,0.142503,0.114,7.0174,8.77193,1000000000.0,0.8,5.61404e-09,4.92459e-17,0.340476
28,11223086000000,311857,0.142966,0.287,6.99466,3.48432,1000000000.0,0.8,2.22997e-09,7.76991e-18,0.231726
28,11223087000000,312857,0.143657,0.359,6.96104,2.78552,1000000000.0,0.8,1.78273e-09,4.9658200000000004e-18,0.890131
28,11223088000000,313857,0.143671,0.148,6.96037,6.75676,1000000000.0,0.8,4.32432e-09,2.92184e-17,0.271569
28,11223089000000,314857,0.144802,0.5,6.90597,2.0,1000000000.0,0.8,1.28e-09,2.56e-18,0.606217
28,11223090000000,315857,0.144749,0.128,6.90851,7.8125,1000000000.0,0.8,5e-09,3.90625e-17,0.759231
28,11223091000000,316857,0.144652,0.114,6.91314,8.77193,1000000000.0,0.8,5.61404e-09,4.92459e-17,0.264026
28,11223092000000,317857,0.146229,0.646,6.83858,1.54799,1000000000.0,0.8,9.90712e-10,1.5336100000000002e-18,0.378343
28,11223093000000,318857,0.146235,0.148,6.83832,6.75676,1000000000.0,0.8,4.32432e-09,2.92184e-17,0.595943
28,11223094000000,319857,0.146453,0.216,6.82813,4.62963,1000000000.0,0.8,2.96296e-09,1.37174e-17,0.316558
28,11223095000000,320857,0.147281,0.412,6.78976,2.42718,1000000000.0,0.8,1.5534e-09,3.77038e-18,1.02521
28,11223096000000,321857,0.147177,0.114,6.79453,8.77193,1000000000.0,0.8,5.61404e-09,4.92459e-17,0.226867
28,11223097000000,322857,0.148171,0.468,6.74897,2.13675,1000000000.0,0.8,1.36752e-09,2.92205e-18,0.277064
28,11223098000000,323857,0.148263,0.178,6.74477,5.61798,1000000000.0,0.8,3.59551e-09,2.01995e-17,0.712228
28,11223099000000,324857,0.148262,0.148,6.74481,6.75676,1000000000.0,0.8,4.32432e-09,2.92184e-17,0.280824
28,11223100000000,325857,0.149734,0.628,6.67849,1.59236,1000000000.0,0.8,1.01911e-09,1.62278e-18,0.475294
28,11223101000000,326857,0.149625,0.114,6.68337,8.77193,1000000000.0,0.8,5.61404e-09,4.92459e-17,0.613142
28,11223102000000,327857,0.14973,0.184,6.67869,5.43478,1000000000.0,0.8,3.47826e-09,1.89036e-17,0.264726
28,11223103000000,328857,0.150679,0.462,6.6366,2.1645,1000000000.0,0.8,1.38528e-09,2.9984400000000003e-18,0.898994
28,11223104000000,329857,0.150671,0.148,6.63696,6.75676,1000000000.0,0.8,4.32432e-09,2.92184e-17,0.297169
28,11223105000000,330857,0.151413,0.396,6.60446,2.52525,1000000000.0,0.8,1.61616e-09,4.0812200000000005e-18,0.450564
28,11223106000000,331857,0.151656,0.232,6.59388,4.31034,1000000000.0,0.8,2.75862e-09,1.18906e-17,0.860041
28,11223107000000,332857,0.151543,0.114,6.59881,8.77193,1000000000.0,0.8,5.61404e-09,4.92459e-17,0.199359
28,11223108000000,333857,0.152976,0.63,6.53699,1.5873,1000000000.0,0.8,1.01587e-09,1.6125e-18,0.29851
28,11223109000000,334857,0.152955,0.146,6.53788,6.84932,1000000000.0,0.8,4.38356e-09,3.00244e-17,0.546678
28,11223110000000,335857,0.152764,0.089,6.54603,11.236,1000000000.0,0.8,7.19101e-09,8.07979e-17,0.655055
28,11223111000000,336857,0.153964,0.557,6.49501,1.79533,1000000000.0,0.8,1.14901e-09,2.0628600000000003e-18,0.898168
28,11223112000000,337857,0.153846,0.114,6.5,8.77193,1000000000.0,0.8,5.61404e-09,4.92459e-17,0.39307
28,11223113000000,338857,0.154457,0.361,6.47427,2.77008,1000000000.0,0.8,1.77285e-09,4.91095e-18,0.285148
28,11223114000000,339423,0.155087,0.531802,6.44801,1.8804,1000000000.0,0.8,1.20346e-09,2.2629800000000003e-18,0.866083
28,11223115000000,339423,0.155087,,6.44801,0.0,1000000000.0,0.8,0.0,0.0,0.0
29,10205500000000,15545,0.0511418,0.0511418,19.5535,19.5535,4000000000.0,1.0,4.88836e-09,2.38961e-17,0.0
29,10205501000000,19545,0.0741878,0.16375,13.4793,6.10687,4000000000.0,1.0,1.52672e-09,2.33087e-18,4.0
29,10205502000000,21545,0.067301,0.0,14.8586,0.0,2000000000.0,0.9,0.0,0.0,0.367007
29,11206193000000,39788,0.0999799,0.138574,10.002,7.21638,4000000000.0,1.0,1.80409e-09,3.25476e-18,0.489996
29,11206194000000,41788,0.0952187,0.0005,10.5021,2000.0,2000000000.0,0.9,8.1e-07,8.1e-13,0.801099
29,11206195000000,42287,0.0941188,0.00200401,10.6249,499.0,1000000000.0,0.8,3.1936e-07,1.59361e-13,0.285127
29,11222906000000,44367,0.090698,0.0211538,11.0256,47.2727,1000000000.0,0.8,3.02545e-08,1.43021e-15,0.0
29,11222907000000,48367,0.0846031,0.017,11.8199,58.8235,4000000000.0,1.0,1.47059e-08,2.16263e-16,4.0
29,11222908000000,52367,0.0786564,0.00675,12.7135,148.148,4000000000.0,1.0,3.7037e-08,1.37174e-15,4.0
29,11222909000000,56367,0.0760019,0.04125,13.1576,24.2424,4000000000.0,1.0,6.06061e-09,3.67309e-17,3.18329
29,11222910000000,58367,0.0738088,0.012,13.5485,83.3333,2000000000.0,0.9,3.375e-08,1.40625e-15,1.84612
29,11222911000000,59367,0.0753954,0.168,13.2634,5.95238,1000000000.0,0.8,3.80952e-09,2.26757e-17,0.861538
29,11222912000000,61367,0.0733293,0.012,13.6371,83.3333,2000000000.0,0.9,3.375e-08,1.40625e-15,1.1318
29,11222913000000,62367,0.073308,0.072,13.6411,13.8889,1000000000.0,0.8,8.88889e-09,1.23457e-16,0.861538
29,11222914000000,66367,0.0703362,0.024,14.2174,41.6667,4000000000.0,1.0,1.04167e-08,1.08507e-16,3.28058
29,11222915000000,68367,0.0686296,0.012,14.571,83.3333,2000000000.0,0.9,3.375e-08,1.40625e-15,1.63375
29,11222916000000,70367,0.0690665,0.084,14.4788,11.9048,2000000000.0,0.9,4.82143e-09,2.8699e-17,0.861538
29,11222917000000,74367,0.0656743,0.006,15.2267,166.667,4000000000.0,1.0,4.16667e-08,1.73611e-15,1.48352
29,11222918000000,76367,0.0661542,0.084,15.1162,11.9048,2000000000.0,0.9,4.82143e-09,2.8699e-17,0.922951
29,11222919000000,80367,0.0631603,0.006,15.8327,166.667,4000000000.0,1.0,4.16667e-08,1.73611e-15,1.4835
29,11222920000000,82367,0.0636663,0.084,15.7069,11.9048,2000000000.0,0.9,4.82143e-09,2.8699e-17,0.922951
29,11222921000000,86367,0.0607176,0.0,16.4697,0.0,4000000000.0,1.0,0.0,0.0,1.48349
29,11222922000000,87367,0.0604347,0.036,16.5468,27.7778,1000000000.0,0.8,1.77778e-08,4.93827e-16,2.92876e-07
29,11222923000000,89367,0.0608278,0.078,16.4398,12.8205,2000000000.0,0.9,5.19231e-09,3.3284e-17,1.04933
29,11222924000000,93367,0.0583504,0.003,17.1378,333.333,4000000000.0,1.0,8.33333e-08,6.94444e-15,1.47461
29,11222925000000,94367,0.0596395,0.18,16.7674,5.55556,1000000000.0,0.8,3.55556e-09,1.97531e-17,0.461538
29,11222926000000,98367,0.0573363,0.003,17.441,333.333,4000000000.0,1.0,8.33333e-08,6.94444e-15,1.14263
29,11222927000000,99367,0.0585708,0.18,17.0734,5.55556,1000000000.0,0.8,3.55556e-09,1.97531e-17,0.461538
29,11222928000000,103367,0.0564203,0.003,17.7241,333.333,4000000000.0,1.0,8.33333e-08,6.94444e-15,1.14263
29,11222929000000,104367,0.056148,0.028,17.8101,35.7143,1000000000.0,0.8,2.28571e-08,8.16327e-16,0.461538
29,11222930000000,106367,0.0565213,0.076,17.6924,13.1579,2000000000.0,0.9,5.32895e-09,3.50589e-17,1.06017
29,11222931000000,108367,0.0556996,0.012,17.9534,83.3333,2000000000.0,0.9,3.375e-08,1.40625e-15,1.67325
29,11222932000000,110367,0.0562125,0.084,17.7897,11.9048,2000000000.0,0.9,4.82143e-09,2.8699e-17,0.861538
29,11222933000000,114367,0.0544563,0.006,18.3634,166.667,4000000000.0,1.0,4.16667e-08,1.73611e-15,1.48612
29,11222934000000,116367,0.054964,0.084,18.1937,11.9048,2000000000.0,0.9,4.82143e-09,2.8699e-17,0.885194
29,11222935000000,120367,0.0533369,0.006,18.7488,166.667,4000000000.0,1.0,4.16667e-08,1.73611e-15,1.4795
29,11222936000000,122367,0.0531107,0.0395,18.8286,25.3165,2000000000.0,0.9,1.02532e-08,1.29787e-16,0.885194
29,11222937000000,126367,0.0521339,0.02225,19.1814,44.9438,4000000000.0,1.0,1.1236e-08,1.26247e-16,1.38194
29,11222938000000,130367,0.0507184,0.006,19.7167,166.667,4000000000.0,1.0,4.16667e-08,1.73611e-15,1.70875
29,11222939000000,132367,0.0512212,0.084,19.5232,11.9048,2000000000.0,0.9,4.82143e-09,2.8699e-17,0.885194
29,11222940000000,136367,0.0498948,0.006,20.0422,166.667,4000000000.0,1.0,4.16667e-08,1.73611e-15,1.47656
29,11222941000000,138367,0.0503877,0.084,19.8461,11.9048,2000000000.0,0.9,4.82143e-09,2.8699e-17,0.885193
29,11222942000000,142367,0.0491406,0.006,20.3498,166.667,4000000000.0,1.0,4.16667e-08,1.73611e-15,1.47656
29,11222943000000,144367,0.0491802,0.052,20.3334,19.2308,2000000000.0,0.9,7.78846e-09,7.48891e-17,0.885193
29,11222944000000,148367,0.0482857,0.016,20.7101,62.5,4000000000.0,1.0,1.5625e-08,2.44141e-16,1.53671
29,11222945000000,152367,0.0471756,0.006,21.1974,166.667,4000000000.0,1.0,4.16667e-08,1.73611e-15,1.44403
29,11222946000000,153367,0.0479634,0.168,20.8492,5.95238,1000000000.0,0.8,3.80952e-09,2.26757e-17,0.858675
29,11222947000000,157367,0.0468205,0.003,21.3582,333.333,4000000000.0,1.0,8.33333e-08,6.94444e-15,1.13479
29,11222948000000,158367,0.0476614,0.18,20.9813,5.55556,1000000000.0,0.8,3.55556e-09,1.97531e-17,0.461538
29,11222949000000,162367,0.0465612,0.003,21.4771,333.333,4000000000.0,1.0,8.33333e-08,6.94444e-15,1.14263
29,11222950000000,163367,0.047378,0.18,21.1068,5.55556,1000000000.0,0.8,3.55556e-09,1.97531e-17,0.461538
29,11222951000000,167367,0.0462457,0.0,21.6236,0.0,4000000000.0,1.0,0.0,0.0,1.14263
29,11222952000000,168367,0.0460423,0.012,21.7192,83.3333,1000000000.0,0.8,5.33333e-08,4.44444e-15,5.59875e-19
29,11222953000000,172367,0.047132,0.093,21.217,10.7527,4000000000.0,1.0,2.68817e-09,7.22627e-18,3.19508
29,11222954000000,174367,0.047228,0.0555,21.1739,18.018,2000000000.0,0.9,7.2973e-09,6.57414e-17,4.24922
29,11222955000000,176367,0.0501908,0.3085,19.924,3.24149,2000000000.0,0.9,1.3128e-09,2.12772e-18,2.95893
29,11222956000000,177367,0.0505731,0.118,19.7734,8.47458,1000000000.0,0.8,5.42373e-09,4.59638e-17,0.385706
29,11222957000000,178367,0.0518369,0.276,19.2913,3.62319,1000000000.0,0.8,2.31884e-09,8.4016e-18,0.182231
29,11222958000000,179367,0.0536108,0.37,18.653,2.7027,1000000000.0,0.8,1.72973e-09,4.674950000000001e-18,0.896583
29,11222959000000,180367,0.0539456,0.114,18.5372,8.77193,1000000000.0,0.8,5.61404e-09,4.92459e-17,0.498243
29,11222960000000,181367,0.0563719,0.494,17.7393,2.02429,1000000000.0,0.8,1.29555e-09,2.62256e-18,0.131148
29,11222961000000,182367,0.0569401,0.16,17.5623,6.25,1000000000.0,0.8,4e-09,2.5e-17,0.871347
29,11222962000000,183367,0.0572513,0.114,17.4669,8.77193,1000000000.0,0.8,5.61404e-09,4.92459e-17,0.362992
29,11222963000000,184367,0.060488,0.654,16.5322,1.52905,1000000000.0,0.8,9.78593e-10,1.4963200000000001e-18,0.11806
29,11222964000000,185367,0.0607767,0.114,16.4537,8.77193,1000000000.0,0.8,5.61404e-09,4.92459e-17,0.67993
29,11222965000000,186367,0.0613521,0.168,16.2994,5.95238,1000000000.0,0.8,3.80952e-09,2.26757e-17,0.296884
29,11222966000000,187367,0.0636185,0.486,15.7187,2.05761,1000000000.0,0.8,1.31687e-09,2.7096100000000003e-18,1.26825
29,11222967000000,188367,0.0638859,0.114,15.6529,8.77193,1000000000.0,0.8,5.61404e-09,4.92459e-17,0.583242
29,11222968000000,189367,0.0655711,0.383,15.2506,2.61097,1000000000.0,0.8,1.67102e-09,4.3629700000000006e-18,0.149145
29,11222969000000,190367,0.0666502,0.271,15.0037,3.69004,1000000000.0,0.8,2.36162e-09,8.714480000000001e-18,0.868881
29,11222970000000,191367,0.0668976,0.114,14.9482,8.77193,1000000000.0,0.8,5.61404e-09,4.92459e-17,0.523672
29,11222971000000,192367,0.0696429,0.595,14.359,1.68067,1000000000.0,0.8,1.07563e-09,1.8077800000000003e-18,0.12251
29,11222972000000,193367,0.0698309,0.106,14.3203,9.43396,1000000000.0,0.8,6.03774e-09,5.69598e-17,0.78969
29,11222973000000,194367,0.0698575,0.075,14.3148,13.3333,1000000000.0,0.8,8.53333e-09,1.13778e-16,0.233595
29,11222974000000,195367,0.0728066,0.646,13.735,1.54799,1000000000.0,0.8,9.90712e-10,1.5336100000000002e-18,0.442336
29,11222975000000,196367,0.0730163,0.114,13.6956,8.77193,1000000000.0,0.8,5.61404e-09,4.92459e-17,0.605203
29,11222976000000,197367,0.0740043,0.268,13.5127,3.73134,1000000000.0,0.8,2.38806e-09,8.91067e-18,0.188918
29,11222977000000,198367,0.0755771,0.386,13.2315,2.59067,1000000000.0,0.8,1.65803e-09,4.2954200000000005e-18,0.860956
29,11222978000000,199367,0.0757698,0.114,13.1979,8.77193,1000000000.0,0.8,5.61404e-09,4.92459e-17,0.494724
29,11222979000000,200367,0.0778022,0.483,12.8531,2.07039,1000000000.0,0.8,1.32505e-09,2.74338e-18,0.132824
29,11222980000000,201367,0.0782651,0.171,12.7771,5.84795,1000000000.0,0.8,3.74269e-09,2.18871e-17,0.852867
29,11222981000000,202367,0.0784416,0.114,12.7483,8.77193,1000000000.0,0.8,5.61404e-09,4.92459e-17,0.305648
29,11222982000000,203367,0.0812718,0.654,12.3044,1.52905,1000000000.0,0.8,9.78593e-10,1.4963200000000001e-18,0.118259
29,11222983000000,204367,0.0814319,0.114,12.2802,8.77193,1000000000.0,0.8,5.61404e-09,4.92459e-17,0.683292
29,11222984000000,205367,0.0817609,0.149,12.2308,6.71141,1000000000.0,0.8,4.2953e-09,2.88275e-17,0.338363
29,11222985000000,206367,0.0838118,0.505,11.9315,1.9802,1000000000.0,0.8,1.26733e-09,2.5095600000000004e-18,1.34946
29,11222986000000,207367,0.0839574,0.114,11.9108,8.77193,1000000000.0,0.8,5.61404e-09,4.92459e-17,0.606018
29,11222987000000,208367,0.0853206,0.368,11.7205,2.71739,1000000000.0,0.8,1.73913e-09,4.7259e-18,0.15244
29,11222988000000,209367,0.0862791,0.286,11.5903,3.4965,1000000000.0,0.8,2.23776e-09,7.824340000000001e-18,0.867992
29,11222989000000,210367,0.0864109,0.114,11.5726,8.77193,1000000000.0,0.8,5.61404e-09,4.92459e-17,0.502111
29,11222990000000,211367,0.0887556,0.582,11.2669,1.71821,1000000000.0,0.8,1.09966e-09,1.8894400000000002e-18,0.123472
29,11222991000000,212367,0.0887991,0.098,11.2614,10.2041,1000000000.0,0.8,6.53061e-09,6.66389e-17,0.794123
29,11222992000000,213367,0.0887954,0.088,11.2618,11.3636,1000000000.0,0.8,7.27273e-09,8.26446e-17,0.189
29,11222993000000,214367,0.091432,0.654,10.9371,1.52905,1000000000.0,0.8,9.78593e-10,1.4963200000000001e-18,0.557851
29,11222994000000,215367,0.0915368,0.114,10.9246,8.77193,1000000000.0,0.8,5.61404e-09,4.92459e-17,0.64294
29,11222995000000,216367,0.0923015,0.257,10.8341,3.89105,1000000000.0,0.8,2.49027e-09,9.689780000000001e-18,0.196335
29,11222996000000,217367,0.0937033,0.397,10.672,2.51889,1000000000.0,0.8,1.61209e-09,4.06068e-18,0.757477
29,11222997000000,218367,0.0937962,0.114,10.6614,8.77193,1000000000.0,0.8,5.61404e-09,4.92459e-17,0.711041
29,11222998000000,219367,0.0954975,0.467,10.4715,2.14133,1000000000.0,0.8,1.37045e-09,2.9345800000000003e-18,0.134643
29,11222999000000,221367,0.0954614,0.0915,10.4754,10.929,2000000000.0,0.9,4.42623e-09,2.4187e-17,0.801627
29,11223000000000,222367,0.0955627,0.118,10.4643,8.47458,1000000000.0,0.8,5.42373e-09,4.59638e-17,0.248309
29,11223001000000,223367,0.0980628,0.654,10.1975,1.52905,1000000000.0,0.8,9.78593e-10,1.4963200000000001e-18,0.38482
29,11223002000000,225367,0.0979203,0.082,10.2124,12.1951,2000000000.0,0.9,4.93902e-09,3.0116e-17,0.678008
29,11223003000000,227367,0.0982289,0.133,10.1803,7.5188,2000000000.0,0.9,3.04511e-09,1.14478e-17,1.10386
29,11223004000000,228367,0.0992613,0.334,10.0744,2.99401,1000000000.0,0.8,1.91617e-09,5.73703e-18,1.57059
29,11223005000000,230367,0.0988119,0.0475,10.1202,21.0526,2000000000.0,0.9,8.52632e-09,8.97507e-17,0.564146
29,11223006000000,231367,0.0986485,0.061,10.137,16.3934,1000000000.0,0.8,1.04918e-08,1.71997e-16,0.213575
29,11223007000000,232367,0.0982885,0.015,10.1741,66.6667,1000000000.0,0.8,4.26667e-08,2.84444e-15,0.0379182
29,11223008000000,233367,0.0980173,0.035,10.2023,28.5714,1000000000.0,0.8,1.82857e-08,5.22449e-16,0.156062
29,11223009000000,234367,0.0982391,0.15,10.1792,6.66667,1000000000.0,0.8,4.26667e-09,2.84444e-17,4.24751
29,11223010000000,235367,0.0983315,0.12,10.1697,8.33333,1000000000.0,0.8,5.33333e-09,4.44444e-17,0.0457877
29,11223011000000,236367,0.0979663,0.012,10.2076,83.3333,1000000000.0,0.8,5.33333e-08,4.44444e-15,0.201272
29,11223012000000,237367,0.0982571,0.167,10.1774,5.98802,1000000000.0,0.8,3.83234e-09,2.29481e-17,0.290953
29,11223013000000,238367,0.100396,0.608,9.9606,1.64474,1000000000.0,0.8,1.05263e-09,1.7313e-18,0.395825
29,11223014000000,239367,0.10044,0.111,9.9562,9.00901,1000000000.0,0.8,5.76577e-09,5.19438e-17,0.589524
29,11223015000000,240367,0.101145,0.27,9.88676,3.7037,1000000000.0,0.8,2.37037e-09,8.77915e-18,0.173545
29,11223016000000,241367,0.10233,0.387,9.77234,2.58398,1000000000.0,0.8,1.65375e-09,4.273250000000001e-18,0.830609
29,11223017000000,242367,0.102365,0.111,9.76892,9.00901,1000000000.0,0.8,5.76577e-09,5.19438e-17,0.582716
29,11223018000000,243367,0.103958,0.49,9.61925,2.04082,1000000000.0,0.8,1.30612e-09,2.66556e-18,0.376874
29,11223019000000,244367,0.104216,0.167,9.59544,5.98802,1000000000.0,0.8,3.83234e-09,2.29481e-17,0.873526
29,11223020000000,245367,0.104244,0.111,9.59289,9.00901,1000000000.0,0.8,5.76577e-09,5.19438e-17,0.294655
29,11223021000000,246367,0.106487,0.657,9.39078,1.52207,1000000000.0,0.8,9.74125e-10,1.48269e-18,0.189269
29,11223022000000,247367,0.106506,0.111,9.38917,9.00901,1000000000.0,0.8,5.76577e-09,5.19438e-17,0.559246
29,11223023000000,248367,0.106822,0.185,9.36139,5.40541,1000000000.0,0.8,3.45946e-09,1.86998e-17,0.238271
29,11223024000000,249367,0.108286,0.472,9.23479,2.11864,1000000000.0,0.8,1.35593e-09,2.8727400000000002e-18,0.971618
29,11223025000000,250367,0.108297,0.111,9.23386,9.00901,1000000000.0,0.8,5.76577e-09,5.19438e-17,0.500463
29,11223026000000,251367,0.109473,0.404,9.13464,2.47525,1000000000.0,0.8,1.58416e-09,3.92118e-18,0.178017
29,11223027000000,252367,0.110042,0.253,9.08743,3.95257,1000000000.0,0.8,2.52964e-09,9.99859e-18,0.717639
29,11223028000000,253367,0.110046,0.111,9.08712,9.00901,1000000000.0,0.8,5.76577e-09,5.19438e-17,0.225707
29,11223029000000,254367,0.112062,0.623,8.92359,1.60514,1000000000.0,0.8,1.02729e-09,1.64894e-18,0.178519
29,11223030000000,255367,0.112129,0.129,8.91831,7.75194,1000000000.0,0.8,4.96124e-09,3.84592e-17,0.783725
29,11223031000000,256367,0.112019,0.084,8.92705,11.9048,1000000000.0,0.8,7.61905e-09,9.07029e-17,0.252669
29,11223032000000,257367,0.113872,0.589,8.78176,1.69779,1000000000.0,0.8,1.08659e-09,1.8448e-18,0.623886
29,11223033000000,258367,0.113861,0.111,8.78262,9.00901,1000000000.0,0.8,5.76577e-09,5.19438e-17,0.590788
29,11223034000000,259367,0.114648,0.318,8.72232,3.14465,1000000000.0,0.8,2.01258e-09,6.3288600000000005e-18,0.155497
29,11223035000000,260367,0.11551,0.339,8.65726,2.94985,1000000000.0,0.8,1.88791e-09,5.569040000000001e-18,0.900963
29,11223036000000,261367,0.115493,0.111,8.65855,9.00901,1000000000.0,0.8,5.76577e-09,5.19438e-17,0.364181
29,11223037000000,262367,0.117118,0.542,8.53837,1.84502,1000000000.0,0.8,1.18081e-09,2.1786200000000004e-18,0.132902
29,11223038000000,263367,0.11711,0.115,8.53896,8.69565,1000000000.0,0.8,5.56522e-09,4.83932e-17,0.846264
29,11223039000000,264367,0.117087,0.111,8.54064,9.00901,1000000000.0,0.8,5.76577e-09,5.19438e-17,0.460637
29,11223040000000,265367,0.119122,0.657,8.39477,1.52207,1000000000.0,0.8,9.74125e-10,1.48269e-18,0.219756
29,11223041000000,266367,0.119091,0.111,8.39692,9.00901,1000000000.0,0.8,5.76577e-09,5.19438e-17,0.552777
29,11223042000000,267367,0.119525,0.235,8.36646,4.25532,1000000000.0,0.8,2.7234e-09,1.1589e-17,0.191873
29,11223043000000,268367,0.120652,0.422,8.2883,2.36967,1000000000.0,0.8,1.51659e-09,3.5938100000000006e-18,0.737448
29,11223044000000,269367,0.120616,0.111,8.29077,9.00901,1000000000.0,0.8,5.76577e-09,5.19438e-17,0.619871
29,11223045000000,270367,0.121842,0.452,8.20736,2.21239,1000000000.0,0.8,1.41593e-09,3.1325900000000004e-18,0.373591
29,11223046000000,271367,0.122148,0.205,8.18677,4.87805,1000000000.0,0.8,3.12195e-09,1.5229e-17,0.723412
29,11223047000000,272367,0.122107,0.111,8.18952,9.00901,1000000000.0,0.8,5.76577e-09,5.19438e-17,0.275637
29,11223048000000,273367,0.124038,0.65,8.06202,1.53846,1000000000.0,0.8,9.84615e-10,1.51479e-18,0.183106
29,11223049000000,274367,0.124016,0.118,8.06345,8.47458,1000000000.0,0.8,5.42373e-09,4.59638e-17,0.606961
29,11223050000000,275367,0.124078,0.141,8.05944,7.0922,1000000000.0,0.8,4.53901e-09,3.21915e-17,0.365693
29,11223051000000,276367,0.125496,0.516,7.96837,1.93798,1000000000.0,0.8,1.24031e-09,2.4037e-18,1.35363
29,11223052000000,277367,0.125444,0.111,7.97169,9.00901,1000000000.0,0.8,5.76577e-09,5.19438e-17,0.363959
29,11223053000000,278367,0.126312,0.367,7.91693,2.7248,1000000000.0,0.8,1.74387e-09,4.75169e-18,0.14385
29,11223054000000,279367,0.126898,0.29,7.88037,3.44828,1000000000.0,0.8,2.2069e-09,7.60999e-18,0.832072
29,11223055000000,280367,0.126841,0.111,7.88389,9.00901,1000000000.0,0.8,5.76577e-09,5.19438e-17,0.248298
29,11223056000000,281367,0.128476,0.587,7.78353,1.70358,1000000000.0,0.8,1.09029e-09,1.85739e-18,0.161773
29,11223057000000,282367,0.128446,0.12,7.78535,8.33333,1000000000.0,0.8,5.33333e-09,4.44444e-17,0.781382
29,11223058000000,283367,0.128254,0.074,7.79702,13.5135,1000000000.0,0.8,8.64865e-09,1.16874e-16,0.312294
29,11223059000000,284367,0.130068,0.644,7.6883,1.5528,1000000000.0,0.8,9.93789e-10,1.5431500000000001e-18,0.496972
29,11223060000000,285367,0.130001,0.111,7.69225,9.00901,1000000000.0,0.8,5.76577e-09,5.19438e-17,0.415206
29,11223061000000,286367,0.130273,0.208,7.67616,4.80769,1000000000.0,0.8,3.07692e-09,1.47929e-17,0.167827
29,11223062000000,287367,0.131936,0.608,7.57944,1.64474,1000000000.0,0.8,1.05263e-09,1.7313e-18,0.811025
29,11223063000000,288367,0.132373,0.258,7.55441,3.87597,1000000000.0,0.8,2.48062e-09,9.61481e-18,0.370961
29,11223064000000,289367,0.132202,0.083,7.56416,12.0482,1000000000.0,0.8,7.71084e-09,9.29017e-17,0.170014
29,11223065000000,290367,0.133944,0.638,7.46579,1.5674,1000000000.0,0.8,1.00313e-09,1.5723100000000002e-18,0.195985
29,11223066000000,291367,0.133975,0.143,7.46406,6.99301,1000000000.0,0.8,4.47552e-09,3.12974e-17,0.576559
29,11223067000000,292367,0.133917,0.117,7.46729,8.54701,1000000000.0,0.8,5.47009e-09,4.67529e-17,1.54091
29,11223068000000,293367,0.13523,0.519,7.39481,1.92678,1000000000.0,0.8,1.23314e-09,2.37599e-18,0.752204
29,11223069000000,294367,0.135158,0.114,7.39876,8.77193,1000000000.0,0.8,5.61404e-09,4.92459e-17,0.622143
29,11223070000000,295367,0.136027,0.392,7.35146,2.55102,1000000000.0,0.8,1.63265e-09,4.16493e-18,0.249453
29,11223071000000,296367,0.136425,0.254,7.33001,3.93701,1000000000.0,0.8,2.51969e-09,9.92002e-18,0.805997
29,11223072000000,297367,0.136464,0.148,7.32792,6.75676,1000000000.0,0.8,4.32432e-09,2.92184e-17,0.228888
29,11223073000000,298367,0.138015,0.599,7.24561,1.66945,1000000000.0,0.8,1.06845e-09,1.7837200000000002e-18,0.298592
29,11223074000000,299367,0.137998,0.133,7.24649,7.5188,1000000000.0,0.8,4.81203e-09,3.61807e-17,0.764922
29,11223075000000,300367,0.137858,0.096,7.25384,10.4167,1000000000.0,0.8,6.66667e-09,6.94444e-17,0.294749
29,11223076000000,301367,0.139259,0.56,7.18088,1.78571,1000000000.0,0.8,1.14286e-09,2.0408200000000002e-18,0.805634
29,11223077000000,302367,0.139288,0.148,7.17939,6.75676,1000000000.0,0.8,4.32432e-09,2.92184e-17,0.651009
29,11223078000000,303367,0.13989,0.322,7.14848,3.10559,1000000000.0,0.8,1.98758e-09,6.1726e-18,0.287619
29,11223079000000,304367,0.140436,0.306,7.1207,3.26797,1000000000.0,0.8,2.0915e-09,6.834980000000001e-18,1.15933
29,11223080000000,305367,0.140349,0.114,7.12509,8.77193,1000000000.0,0.8,5.61404e-09,4.92459e-17,0.419148
29,11223081000000,306367,0.141765,0.574,7.05395,1.74216,1000000000.0,0.8,1.11498e-09,1.94248e-18,0.188806
29,11223082000000,307367,0.141622,0.098,7.06104,10.2041,1000000000.0,0.8,6.53061e-09,6.66389e-17,0.778038
29,11223083000000,308367,0.141559,0.122,7.06421,8.19672,1000000000.0,0.8,5.2459e-09,4.29992e-17,0.248847
29,11223084000000,309367,0.143131,0.628,6.98661,1.59236,1000000000.0,0.8,1.01911e-09,1.62278e-18,0.443156
29,11223085000000,310367,0.143037,0.114,6.99119,8.77193,1000000000.0,0.8,5.61404e-09,4.92459e-17,0.435049
29,11223086000000,311367,0.143499,0.287,6.96867,3.48432,1000000000.0,0.8,2.22997e-09,7.76991e-18,0.196826
29,11223087000000,312367,0.144189,0.359,6.93532,2.78552,1000000000.0,0.8,1.78273e-09,4.9658200000000004e-18,0.984778
29,11223088000000,313367,0.144202,0.148,6.93474,6.75676,1000000000.0,0.8,4.32432e-09,2.92184e-17,0.262368
29,11223089000000,314367,0.145333,0.5,6.88073,2.0,1000000000.0,0.8,1.28e-09,2.56e-18,0.336048
29,11223090000000,315367,0.145278,0.128,6.88334,7.8125,1000000000.0,0.8,5e-09,3.90625e-17,0.877544
29,11223091000000,316367,0.145179,0.114,6.88803,8.77193,1000000000.0,0.8,5.61404e-09,4.92459e-17,0.259534
29,11223092000000,317367,0.146758,0.646,6.81396,1.54799,1000000000.0,0.8,9.90712e-10,1.5336100000000002e-18,0.31
29,11223093000000,318367,0.146761,0.148,6.81378,6.75676,1000000000.0,0.8,4.32432e-09,2.92184e-17,0.687075
29,11223094000000,319367,0.146978,0.216,6.80373,4.62963,1000000000.0,0.8,2.96296e-09,1.37174e-17,0.337337
29,11223095000000,320367,0.147805,0.412,6.76565,2.42718,1000000000.0,0.8,1.5534e-09,3.77038e-18,1.08434
29,11223096000000,321367,0.1477,0.114,6.77047,8.77193,1000000000.0,0.8,5.61404e-09,4.92459e-17,0.256664
29,11223097000000,322367,0.148694,0.468,6.72523,2.13675,1000000000.0,0.8,1.36752e-09,2.92205e-18,0.181446
29,11223098000000,323367,0.148785,0.178,6.72113,5.61798,1000000000.0,0.8,3.59551e-09,2.01995e-17,0.775015
29,11223099000000,324367,0.148782,0.148,6.72124,6.75676,1000000000.0,0.8,4.32432e-09,2.92184e-17,0.276402
29,11223100000000,325367,0.150255,0.628,6.65536,1.59236,1000000000.0,0.8,1.01911e-09,1.62278e-18,0.312747
29,11223101000000,326367,0.150144,0.114,6.66028,8.77193,1000000000.0,0.8,5.61404e-09,4.92459e-17,0.727503
29,11223102000000,327367,0.150247,0.184,6.65569,5.43478,1000000000.0,0.8,3.47826e-09,1.89036e-17,0.26698
29,11223103000000,328367,0.151197,0.462,6.6139,2.1645,1000000000.0,0.8,1.38528e-09,2.9984400000000003e-18,0.983138
29,11223104000000,329367,0.151187,0.148,6.61433,6.75676,1000000000.0,0.8,4.32432e-09,2.92184e-17,0.481476
29,11223105000000,330367,0.151928,0.396,6.58206,2.52525,1000000000.0,0.8,1.61616e-09,4.0812200000000005e-18,0.401051
29,11223106000000,331367,0.15217,0.232,6.57161,4.31034,1000000000.0,0.8,2.75862e-09,1.18906e-17,0.927093
29,11223107000000,332367,0.152055,0.114,6.57658,8.77193,1000000000.0,0.8,5.61404e-09,4.92459e-17,0.197443
29,11223108000000,333367,0.153488,0.63,6.51515,1.5873,1000000000.0,0.8,1.01587e-09,1.6125e-18,0.21097
29,11223109000000,334367,0.153466,0.146,6.5161,6.84932,1000000000.0,0.8,4.38356e-09,3.00244e-17,0.675558
29,11223110000000,335367,0.153274,0.089,6.52427,11.236,1000000000.0,0.8,7.19101e-09,8.07979e-17,0.683591
29,11223111000000,336367,0.154474,0.557,6.47358,1.79533,1000000000.0,0.8,1.14901e-09,2.0628600000000003e-18,0.910143
29,11223112000000,337367,0.154354,0.114,6.47861,8.77193,1000000000.0,0.8,5.61404e-09,4.92459e-17,0.562318
29,11223113000000,338367,0.154965,0.361,6.45308,2.77008,1000000000.0,0.8,1.77285e-09,4.91095e-18,0.198433
29,11223114000000,338933,0.155594,0.531802,6.42698,1.8804,1000000000.0,0.8,1.20346e-09,2.2629800000000003e-18,0.895013
29,11223115000000,338933,0.155594,,6.42698,0.0,1000000000.0,0.8,0.0,0.0,0.0
30,10205500000000,15545,0.0522354,0.0522354,19.1441,19.1441,4000000000.0,1.0,4.78602e-09,2.2906e-17,0.0
30,10205501000000,19545,0.0741878,0.1595,13.4793,6.26959,4000000000.0,1.0,1.5674e-09,2.4567400000000003e-18,4.0
30,10205502000000,21545,0.067301,0.0,14.8586,0.0,2000000000.0,0.9,0.0,0.0,0.367007
30,11206193000000,39508,0.106763,0.154095,9.36652,6.48952,4000000000.0,1.0,1.62238e-09,2.6321200000000003e-18,0.342997
30,11206194000000,41508,0.101643,0.0005,9.83835,2000.0,2000000000.0,0.9,8.1e-07,8.1e-13,0.806281
30,11206195000000,41587,0.101474,0.0126582,9.85474,79.0,1000000000.0,0.8,5.056e-08,3.99424e-15,0.349712
30,11222906000000,43667,0.0976481,0.0211538,10.2409,47.2727,1000000000.0,0.8,3.02545e-08,1.43021e-15,0.0
30,11222907000000,47667,0.0908805,0.017,11.0035,58.8235,4000000000.0,1.0,1.47059e-08,2.16263e-16,4.0
30,11222908000000,51667,0.0843672,0.00675,11.8529,148.148,4000000000.0,1.0,3.7037e-08,1.37174e-15,4.0
30,11222909000000,55667,0.081269,0.04125,12.3048,24.2424,4000000000.0,1.0,6.06061e-09,3.67309e-17,3.18329
30,11222910000000,57667,0.0788666,0.012,12.6796,83.3333,2000000000.0,0.9,3.375e-08,1.40625e-15,1.84613
30,11222911000000,58667,0.0803859,0.168,12.44,5.95238,1000000000.0,0.8,3.80952e-09,2.26757e-17,0.861538
30,11222912000000,60667,0.0781314,0.012,12.7989,83.3333,2000000000.0,0.9,3.375e-08,1.40625e-15,1.1318
30,11222913000000,61667,0.078032,0.072,12.8153,13.8889,1000000000.0,0.8,8.88889e-09,1.23457e-16,0.861538
30,11222914000000,65667,0.0747407,0.024,13.3796,41.6667,4000000000.0,1.0,1.04167e-08,1.08507e-16,3.28131
30,11222915000000,67667,0.0728863,0.012,13.72,83.3333,2000000000.0,0.9,3.375e-08,1.40625e-15,1.69747
30,11222916000000,69667,0.0732054,0.084,13.6602,11.9048,2000000000.0,0.9,4.82143e-09,2.8699e-17,0.861538
30,11222917000000,73667,0.0695562,0.006,14.3769,166.667,4000000000.0,1.0,4.16667e-08,1.73611e-15,1.48352
30,11222918000000,75667,0.069938,0.084,14.2984,11.9048,2000000000.0,0.9,4.82143e-09,2.8699e-17,0.923047
30,11222919000000,79667,0.0667278,0.006,14.9863,166.667,4000000000.0,1.0,4.16667e-08,1.73611e-15,1.48351
30,11222920000000,81667,0.0671507,0.084,14.8919,11.9048,2000000000.0,0.9,4.82143e-09,2.8699e-17,0.923047
30,11222921000000,85667,0.0640153,0.0,15.6213,0.0,4000000000.0,1.0,0.0,0.0,1.48351
30,11222922000000,86667,0.0636921,0.036,15.7005,27.7778,1000000000.0,0.8,1.77778e-08,4.93827e-16,7.03195e-08
30,11222923000000,88667,0.0640148,0.078,15.6214,12.8205,2000000000.0,0.9,5.19231e-09,3.3284e-17,1.04933
30,11222924000000,92667,0.0613811,0.003,16.2917,333.333,4000000000.0,1.0,8.33333e-08,6.94444e-15,1.47461
30,11222925000000,93667,0.0626475,0.18,15.9623,5.55556,1000000000.0,0.8,3.55556e-09,1.97531e-17,0.461538
30,11222926000000,97667,0.0602046,0.003,16.61,333.333,4000000000.0,1.0,8.33333e-08,6.94444e-15,1.14263
30,11222927000000,98667,0.0614187,0.18,16.2817,5.55556,1000000000.0,0.8,3.55556e-09,1.97531e-17,0.461538
30,11222928000000,102667,0.0591427,0.003,16.9083,333.333,4000000000.0,1.0,8.33333e-08,6.94444e-15,1.14263
30,11222929000000,103667,0.0588423,0.028,16.9946,35.7143,1000000000.0,0.8,2.28571e-08,8.16327e-16,0.461538
30,11222930000000,105667,0.059167,0.076,16.9013,13.1579,2000000000.0,0.9,5.32895e-09,3.50589e-17,1.06017
30,11222931000000,107667,0.0582908,0.012,17.1554,83.3333,2000000000.0,0.9,3.375e-08,1.40625e-15,1.68946
30,11222932000000,109667,0.0587597,0.084,17.0185,11.9048,2000000000.0,0.9,4.82143e-09,2.8699e-17,0.861538
30,11222933000000,113667,0.0569031,0.006,17.5737,166.667,4000000000.0,1.0,4.16667e-08,1.73611e-15,1.48414
30,11222934000000,115667,0.0573716,0.084,17.4302,11.9048,2000000000.0,0.9,4.82143e-09,2.8699e-17,0.913981
30,11222935000000,119667,0.0556544,0.006,17.968,166.667,4000000000.0,1.0,4.16667e-08,1.73611e-15,1.48255
30,11222936000000,121667,0.0553889,0.0395,18.0542,25.3165,2000000000.0,0.9,1.02532e-08,1.29787e-16,0.913981
30,11222937000000,125667,0.0543341,0.02225,18.4047,44.9438,4000000000.0,1.0,1.1236e-08,1.26247e-16,1.38173
30,11222938000000,129667,0.0528431,0.006,18.924,166.667,4000000000.0,1.0,4.16667e-08,1.73611e-15,1.74997
30,11222939000000,131667,0.0533163,0.084,18.756,11.9048,2000000000.0,0.9,4.82143e-09,2.8699e-17,0.913981
30,11222940000000,135667,0.0519212,0.006,19.2599,166.667,4000000000.0,1.0,4.16667e-08,1.73611e-15,1.48184
30,11222941000000,137667,0.0523873,0.084,19.0886,11.9048,2000000000.0,0.9,4.82143e-09,2.8699e-17,0.913981
30,11222942000000,141667,0.0510775,0.006,19.5781,166.667,4000000000.0,1.0,4.16667e-08,1.73611e-15,1.48184
30,11222943000000,143667,0.0510904,0.052,19.5732,19.2308,2000000000.0,0.9,7.78846e-09,7.48891e-17,0.913981
30,11222944000000,147667,0.0501398,0.016,19.9442,62.5,4000000000.0,1.0,1.5625e-08,2.44141e-16,1.5398
30,11222945000000,151667,0.0489757,0.006,20.4183,166.667,4000000000.0,1.0,4.16667e-08,1.73611e-15,1.46875
30,11222946000000,152667,0.0497553,0.168,20.0983,5.95238,1000000000.0,0.8,3.80952e-09,2.26757e-17,0.907614
30,11222947000000,156667,0.0485616,0.003,20.5924,333.333,4000000000.0,1.0,8.33333e-08,6.94444e-15,1.13252
30,11222948000000,157667,0.0493952,0.18,20.2449,5.55556,1000000000.0,0.8,3.55556e-09,1.97531e-17,0.461538
30,11222949000000,161667,0.0482473,0.003,20.7265,333.333,4000000000.0,1.0,8.33333e-08,6.94444e-15,1.14263
30,11222950000000,162667,0.0490573,0.18,20.3843,5.55556,1000000000.0,0.8,3.55556e-09,1.97531e-17,0.461538
30,11222951000000,166667,0.0478799,0.0,20.8856,0.0,4000000000.0,1.0,0.0,0.0,1.14263
30,11222952000000,167667,0.0476659,0.012,20.9794,83.3333,1000000000.0,0.8,5.33333e-08,4.44444e-15,1.34426e-19
30,11222953000000,171667,0.0487222,0.093,20.5245,10.7527,4000000000.0,1.0,2.68817e-09,7.22627e-18,3.19508
30,11222954000000,173667,0.0488003,0.0555,20.4917,18.018,2000000000.0,0.9,7.2973e-09,6.57414e-17,4.2494
30,11222955000000,175667,0.051757,0.3085,19.3211,3.24149,2000000000.0,0.9,1.3128e-09,2.12772e-18,2.95893
30,11222956000000,176667,0.052132,0.118,19.1821,8.47458,1000000000.0,0.8,5.42373e-09,4.59638e-17,0.387322
30,11222957000000,177667,0.053392,0.276,18.7294,3.62319,1000000000.0,0.8,2.31884e-09,8.4016e-18,0.183123
30,11222958000000,178667,0.0551641,0.37,18.1277,2.7027,1000000000.0,0.8,1.72973e-09,4.674950000000001e-18,0.888446
30,11222959000000,179667,0.0554915,0.114,18.0208,8.77193,1000000000.0,0.8,5.61404e-09,4.92459e-17,0.498333
30,11222960000000,180667,0.0579187,0.494,17.2656,2.02429,1000000000.0,0.8,1.29555e-09,2.62256e-18,0.131382
30,11222961000000,181667,0.0584806,0.16,17.0997,6.25,1000000000.0,0.8,4e-09,2.5e-17,0.873107
30,11222962000000,182667,0.0587846,0.114,17.0113,8.77193,1000000000.0,0.8,5.61404e-09,4.92459e-17,0.333989
30,11222963000000,183667,0.0620253,0.654,16.1225,1.52905,1000000000.0,0.8,9.78593e-10,1.4963200000000001e-18,0.118109
30,11222964000000,184667,0.0623067,0.114,16.0496,8.77193,1000000000.0,0.8,5.61404e-09,4.92459e-17,0.682011
30,11222965000000,185667,0.062876,0.168,15.9043,5.95238,1000000000.0,0.8,3.80952e-09,2.26757e-17,0.299404
30,11222966000000,186667,0.0651427,0.486,15.3509,2.05761,1000000000.0,0.8,1.31687e-09,2.7096100000000003e-18,1.28992
30,11222967000000,187667,0.0654031,0.114,15.2898,8.77193,1000000000.0,0.8,5.61404e-09,4.92459e-17,0.58325
30,11222968000000,188667,0.0670865,0.383,14.9061,2.61097,1000000000.0,0.8,1.67102e-09,4.3629700000000006e-18,0.149574
30,11222969000000,189667,0.0681616,0.271,14.671,3.69004,1000000000.0,0.8,2.36162e-09,8.714480000000001e-18,0.87184
30,11222970000000,190667,0.068402,0.114,14.6195,8.77193,1000000000.0,0.8,5.61404e-09,4.92459e-17,0.595461
30,11222971000000,191667,0.0711494,0.595,14.0549,1.68067,1000000000.0,0.8,1.07563e-09,1.8077800000000003e-18,0.122654
30,11222972000000,192667,0.0713303,0.106,14.0193,9.43396,1000000000.0,0.8,6.03774e-09,5.69598e-17,0.790034
30,11222973000000,193667,0.0713493,0.075,14.0156,13.3333,1000000000.0,0.8,8.53333e-09,1.13778e-16,0.239434
30,11222974000000,194667,0.0743012,0.646,13.4587,1.54799,1000000000.0,0.8,9.90712e-10,1.5336100000000002e-18,0.442552
30,11222975000000,195667,0.0745041,0.114,13.4221,8.77193,1000000000.0,0.8,5.61404e-09,4.92459e-17,0.603989
30,11222976000000,196667,0.075488,0.268,13.2471,3.73134,1000000000.0,0.8,2.38806e-09,8.91067e-18,0.189752
30,11222977000000,197667,0.0770589,0.386,12.9771,2.59067,1000000000.0,0.8,1.65803e-09,4.2954200000000005e-18,0.851829
30,11222978000000,198667,0.0772448,0.114,12.9458,8.77193,1000000000.0,0.8,5.61404e-09,4.92459e-17,0.494758
30,11222979000000,199667,0.079277,0.483,12.614,2.07039,1000000000.0,0.8,1.32505e-09,2.74338e-18,0.133075
30,11222980000000,200667,0.0797341,0.171,12.5417,5.84795,1000000000.0,0.8,3.74269e-09,2.18871e-17,0.852788
30,11222981000000,201667,0.079904,0.114,12.515,8.77193,1000000000.0,0.8,5.61404e-09,4.92459e-17,0.298533
30,11222982000000,202667,0.0827367,0.654,12.0865,1.52905,1000000000.0,0.8,9.78593e-10,1.4963200000000001e-18,0.118323
30,11222983000000,203667,0.0828902,0.114,12.0642,8.77193,1000000000.0,0.8,5.61404e-09,4.92459e-17,0.685557
30,11222984000000,204667,0.0832132,0.149,12.0173,6.71141,1000000000.0,0.8,4.2953e-09,2.88275e-17,0.339835
30,11222985000000,205667,0.085264,0.505,11.7283,1.9802,1000000000.0,0.8,1.26733e-09,2.5095600000000004e-18,1.38282
30,11222986000000,206667,0.0854031,0.114,11.7092,8.77193,1000000000.0,0.8,5.61404e-09,4.92459e-17,0.605771
30,11222987000000,207667,0.0867639,0.368,11.5255,2.71739,1000000000.0,0.8,1.73913e-09,4.7259e-18,0.152907
30,11222988000000,208667,0.0877187,0.286,11.4001,3.4965,1000000000.0,0.8,2.23776e-09,7.824340000000001e-18,0.873825
30,11222989000000,209667,0.0878441,0.114,11.3838,8.77193,1000000000.0,0.8,5.61404e-09,4.92459e-17,0.501599
30,11222990000000,210667,0.0901897,0.582,11.0877,1.71821,1000000000.0,0.8,1.09966e-09,1.8894400000000002e-18,0.123627
30,11222991000000,211667,0.0902266,0.098,11.0832,10.2041,1000000000.0,0.8,6.53061e-09,6.66389e-17,0.795627
30,11222992000000,212667,0.0902162,0.088,11.0845,11.3636,1000000000.0,0.8,7.27273e-09,8.26446e-17,0.194965
30,11222993000000,213667,0.0928548,0.654,10.7695,1.52905,1000000000.0,0.8,9.78593e-10,1.4963200000000001e-18,0.579267
30,11222994000000,214667,0.0929533,0.114,10.7581,8.77193,1000000000.0,0.8,5.61404e-09,4.92459e-17,0.648861
30,11222995000000,215667,0.0937139,0.257,10.6708,3.89105,1000000000.0,0.8,2.49027e-09,9.689780000000001e-18,0.197587
30,11222996000000,216667,0.0951137,0.397,10.5137,2.51889,1000000000.0,0.8,1.61209e-09,4.06068e-18,0.748081
30,11222997000000,217667,0.0952005,0.114,10.5042,8.77193,1000000000.0,0.8,5.61404e-09,4.92459e-17,0.711076
30,11222998000000,218667,0.0969008,0.467,10.3198,2.14133,1000000000.0,0.8,1.37045e-09,2.9345800000000003e-18,0.134911
30,11222999000000,220667,0.0968518,0.0915,10.3251,10.929,2000000000.0,0.9,4.42623e-09,2.4187e-17,0.797313
30,11223000000000,221667,0.0969472,0.118,10.3149,8.47458,1000000000.0,0.8,5.42373e-09,4.59638e-17,0.235048
30,11223001000000,222667,0.099449,0.654,10.0554,1.52905,1000000000.0,0.8,9.78593e-10,1.4963200000000001e-18,0.384825
30,11223002000000,224667,0.0992936,0.082,10.0711,12.1951,2000000000.0,0.9,4.93902e-09,3.0116e-17,0.679779
30,11223003000000,226667,0.099591,0.133,10.0411,7.5188,2000000000.0,0.9,3.04511e-09,1.14478e-17,1.10386
30,11223004000000,227667,0.100621,0.334,9.93832,2.99401,1000000000.0,0.8,1.91617e-09,5.73703e-18,1.57053
30,11223005000000,229667,0.100158,0.0475,9.98422,21.0526,2000000000.0,0.9,8.52632e-09,8.97507e-17,0.491947
30,11223006000000,230667,0.0999883,0.061,10.0012,16.3934,1000000000.0,0.8,1.04918e-08,1.71997e-16,0.213588
30,11223007000000,231667,0.0996214,0.015,10.038,66.6667,1000000000.0,0.8,4.26667e-08,2.84444e-15,0.0379824
30,11223008000000,232667,0.0993437,0.035,10.0661,28.5714,1000000000.0,0.8,1.82857e-08,5.22449e-16,0.156057
30,11223009000000,233667,0.0995605,0.15,10.0441,6.66667,1000000000.0,0.8,4.26667e-09,2.84444e-17,4.24612
30,11223010000000,234667,0.0996476,0.12,10.0354,8.33333,1000000000.0,0.8,5.33333e-09,4.44444e-17,0.0235051
30,11223011000000,235667,0.0992757,0.012,10.073,83.3333,1000000000.0,0.8,5.33333e-08,4.44444e-15,0.202617
30,11223012000000,236667,0.0995618,0.167,10.044,5.98802,1000000000.0,0.8,3.83234e-09,2.29481e-17,0.284967
30,11223013000000,237667,0.101701,0.608,9.83273,1.64474,1000000000.0,0.8,1.05263e-09,1.7313e-18,0.384502
30,11223014000000,238667,0.10174,0.111,9.82897,9.00901,1000000000.0,0.8,5.76577e-09,5.19438e-17,0.624342
30,11223015000000,239667,0.102442,0.27,9.76161,3.7037,1000000000.0,0.8,2.37037e-09,8.77915e-18,0.173714
30,11223016000000,240667,0.103625,0.387,9.65023,2.58398,1000000000.0,0.8,1.65375e-09,4.273250000000001e-18,0.837043
30,11223017000000,241667,0.103655,0.111,9.64739,9.00901,1000000000.0,0.8,5.76577e-09,5.19438e-17,0.538215
30,11223018000000,242667,0.105247,0.49,9.50145,2.04082,1000000000.0,0.8,1.30612e-09,2.66556e-18,0.299921
30,11223019000000,243667,0.105501,0.167,9.47862,5.98802,1000000000.0,0.8,3.83234e-09,2.29481e-17,0.888704
30,11223020000000,244667,0.105523,0.111,9.47661,9.00901,1000000000.0,0.8,5.76577e-09,5.19438e-17,0.294664
30,11223021000000,245667,0.107768,0.657,9.27921,1.52207,1000000000.0,0.8,9.74125e-10,1.48269e-18,0.16153
30,11223022000000,246667,0.107781,0.111,9.27808,9.00901,1000000000.0,0.8,5.76577e-09,5.19438e-17,0.646266
30,11223023000000,247667,0.108093,0.185,9.25132,5.40541,1000000000.0,0.8,3.45946e-09,1.86998e-17,0.240675
30,11223024000000,248667,0.109556,0.472,9.12774,2.11864,1000000000.0,0.8,1.35593e-09,2.8727400000000002e-18,0.969957
30,11223025000000,249667,0.109562,0.111,9.12726,9.00901,1000000000.0,0.8,5.76577e-09,5.19438e-17,0.559166
30,11223026000000,250667,0.110737,0.404,9.03044,2.47525,1000000000.0,0.8,1.58416e-09,3.92118e-18,0.165514
30,11223027000000,251667,0.111302,0.253,8.98458,3.95257,1000000000.0,0.8,2.52964e-09,9.99859e-18,0.721732
30,11223028000000,252667,0.111301,0.111,8.98467,9.00901,1000000000.0,0.8,5.76577e-09,5.19438e-17,0.225626
30,11223029000000,253667,0.113318,0.623,8.82473,1.60514,1000000000.0,0.8,1.02729e-09,1.64894e-18,0.15424
30,11223030000000,254667,0.113379,0.129,8.81994,7.75194,1000000000.0,0.8,4.96124e-09,3.84592e-17,0.798418
30,11223031000000,255667,0.113265,0.084,8.82889,11.9048,1000000000.0,0.8,7.61905e-09,9.07029e-17,0.24975
30,11223032000000,256667,0.115118,0.589,8.68674,1.69779,1000000000.0,0.8,1.08659e-09,1.8448e-18,0.628643
30,11223033000000,257667,0.115102,0.111,8.68794,9.00901,1000000000.0,0.8,5.76577e-09,5.19438e-17,0.622259
30,11223034000000,258667,0.115886,0.318,8.62914,3.14465,1000000000.0,0.8,2.01258e-09,6.3288600000000005e-18,0.1555
30,11223035000000,259667,0.116746,0.339,8.56563,2.94985,1000000000.0,0.8,1.88791e-09,5.569040000000001e-18,0.906562
30,11223036000000,260667,0.116724,0.111,8.56725,9.00901,1000000000.0,0.8,5.76577e-09,5.19438e-17,0.385716
30,11223037000000,261667,0.118349,0.542,8.44959,1.84502,1000000000.0,0.8,1.18081e-09,2.1786200000000004e-18,0.116629
30,11223038000000,262667,0.118336,0.115,8.4505,8.69565,1000000000.0,0.8,5.56522e-09,4.83932e-17,0.852582
30,11223039000000,263667,0.118308,0.111,8.45249,9.00901,1000000000.0,0.8,5.76577e-09,5.19438e-17,0.487986
30,11223040000000,264667,0.120344,0.657,8.30954,1.52207,1000000000.0,0.8,9.74125e-10,1.48269e-18,0.185851
30,11223041000000,265667,0.120309,0.111,8.31196,9.00901,1000000000.0,0.8,5.76577e-09,5.19438e-17,0.641824
30,11223042000000,266667,0.120739,0.235,8.28236,4.25532,1000000000.0,0.8,2.7234e-09,1.1589e-17,0.193151
30,11223043000000,267667,0.121864,0.422,8.20586,2.36967,1000000000.0,0.8,1.51659e-09,3.5938100000000006e-18,0.734791
30,11223044000000,268667,0.121824,0.111,8.20859,9.00901,1000000000.0,0.8,5.76577e-09,5.19438e-17,0.5737
30,11223045000000,269667,0.123048,0.452,8.12691,2.21239,1000000000.0,0.8,1.41593e-09,3.1325900000000004e-18,0.300506
30,11223046000000,270667,0.123351,0.205,8.10696,4.87805,1000000000.0,0.8,3.12195e-09,1.5229e-17,0.733596
30,11223047000000,271667,0.123305,0.111,8.10995,9.00901,1000000000.0,0.8,5.76577e-09,5.19438e-17,0.275728
30,11223048000000,272667,0.125237,0.65,7.98486,1.53846,1000000000.0,0.8,9.84615e-10,1.51479e-18,0.158358
30,11223049000000,273667,0.125211,0.118,7.98655,8.47458,1000000000.0,0.8,5.42373e-09,4.59638e-17,0.669879
30,11223050000000,274667,0.125268,0.141,7.98288,7.0922,1000000000.0,0.8,4.53901e-09,3.21915e-17,0.371927
30,11223051000000,275667,0.126685,0.516,7.89357,1.93798,1000000000.0,0.8,1.24031e-09,2.4037e-18,1.3806
30,11223052000000,276667,0.126629,0.111,7.8971,9.00901,1000000000.0,0.8,5.76577e-09,5.19438e-17,0.364251
30,11223053000000,277667,0.127494,0.367,7.84348,2.7248,1000000000.0,0.8,1.74387e-09,4.75169e-18,0.143656
30,11223054000000,278667,0.128078,0.29,7.80777,3.44828,1000000000.0,0.8,2.2069e-09,7.60999e-18,0.838446
30,11223055000000,279667,0.128017,0.111,7.81149,9.00901,1000000000.0,0.8,5.76577e-09,5.19438e-17,0.247938
30,11223056000000,280667,0.129652,0.587,7.71296,1.70358,1000000000.0,0.8,1.09029e-09,1.85739e-18,0.139485
30,11223057000000,281667,0.129618,0.12,7.715,8.33333,1000000000.0,0.8,5.33333e-09,4.44444e-17,0.790876
30,11223058000000,282667,0.129421,0.074,7.72673,13.5135,1000000000.0,0.8,8.64865e-09,1.16874e-16,0.305869
30,11223059000000,283667,0.131235,0.644,7.61993,1.5528,1000000000.0,0.8,9.93789e-10,1.5431500000000001e-18,0.500916
30,11223060000000,284667,0.131164,0.111,7.62406,9.00901,1000000000.0,0.8,5.76577e-09,5.19438e-17,0.423248
30,11223061000000,285667,0.131433,0.208,7.60845,4.80769,1000000000.0,0.8,3.07692e-09,1.47929e-17,0.16819
30,11223062000000,286667,0.133095,0.608,7.51342,1.64474,1000000000.0,0.8,1.05263e-09,1.7313e-18,0.809805
30,11223063000000,287667,0.133529,0.258,7.48899,3.87597,1000000000.0,0.8,2.48062e-09,9.61481e-18,0.370961
30,11223064000000,288667,0.133354,0.083,7.49882,12.0482,1000000000.0,0.8,7.71084e-09,9.29017e-17,0.170014
30,11223065000000,289667,0.135097,0.638,7.40212,1.5674,1000000000.0,0.8,1.00313e-09,1.5723100000000002e-18,0.192834
30,11223066000000,290667,0.134818,0.054,7.41743,18.5185,1000000000.0,0.8,1.18519e-08,2.19479e-16,0.600479
30,11223067000000,291667,0.134743,0.113,7.42155,8.84956,1000000000.0,0.8,5.66372e-09,5.01214e-17,0.460286
30,11223068000000,292667,0.134901,0.181,7.41286,5.52486,1000000000.0,0.8,3.53591e-09,1.95354e-17,1.10717
30,11223069000000,293667,0.135909,0.431,7.35786,2.32019,1000000000.0,0.8,1.48492e-09,3.4452900000000003e-18,1.04995
30,11223070000000,294667,0.135835,0.114,7.36189,8.77193,1000000000.0,0.8,5.61404e-09,4.92459e-17,0.241833
30,11223071000000,295667,0.136907,0.453,7.30421,2.20751,1000000000.0,0.8,1.4128e-09,3.1187700000000003e-18,0.358934
30,11223072000000,296667,0.13711,0.197,7.29342,5.07614,1000000000.0,0.8,3.24873e-09,1.6491e-17,0.499447
30,11223073000000,297667,0.137157,0.151,7.29093,6.62252,1000000000.0,0.8,4.23841e-09,2.80689e-17,0.377852
30,11223074000000,298667,0.138726,0.606,7.20843,1.65017,1000000000.0,0.8,1.05611e-09,1.7427500000000002e-18,0.474512
30,11223075000000,299667,0.138737,0.142,7.20787,7.04225,1000000000.0,0.8,4.50704e-09,3.17397e-17,0.236708
30,11223076000000,300667,0.138622,0.104,7.21387,9.61538,1000000000.0,0.8,6.15385e-09,5.91716e-17,1.06663
30,11223077000000,301667,0.139942,0.537,7.1458,1.8622,1000000000.0,0.8,1.19181e-09,2.21938e-18,0.67317
30,11223078000000,302667,0.139857,0.114,7.15018,8.77193,1000000000.0,0.8,5.61404e-09,4.92459e-17,0.44002
30,11223079000000,303667,0.140562,0.354,7.11431,2.82486,1000000000.0,0.8,1.80791e-09,5.1070900000000006e-18,0.432226
30,11223080000000,304667,0.141059,0.292,7.08924,3.42466,1000000000.0,0.8,2.19178e-09,7.5061e-18,0.592748
30,11223081000000,305667,0.141082,0.148,7.08809,6.75676,1000000000.0,0.8,4.32432e-09,2.92184e-17,0.370018
30,11223082000000,306667,0.14247,0.567,7.019,1.76367,1000000000.0,0.8,1.12875e-09,1.9907400000000002e-18,0.477404
30,11223083000000,307667,0.142423,0.128,7.02131,7.8125,1000000000.0,0.8,5e-09,3.90625e-17,0.718677
30,11223084000000,308667,0.142192,0.071,7.03274,14.0845,1000000000.0,0.8,9.01408e-09,1.26959e-16,0.754207
30,11223085000000,309667,0.143742,0.622,6.95693,1.60772,1000000000.0,0.8,1.02894e-09,1.6542400000000001e-18,0.527919
30,11223086000000,310667,0.143755,0.148,6.95627,6.75676,1000000000.0,0.8,4.32432e-09,2.92184e-17,0.166162
30,11223087000000,311667,0.144186,0.278,6.93549,3.59712,1000000000.0,0.8,2.30216e-09,8.28114e-18,0.458182
30,11223088000000,312667,0.144844,0.35,6.90397,2.85714,1000000000.0,0.8,1.82857e-09,5.2244900000000005e-18,0.805838
30,11223089000000,313667,0.144746,0.114,6.90866,8.77193,1000000000.0,0.8,5.61404e-09,4.92459e-17,0.33363
30,11223090000000,314667,0.145989,0.536,6.84982,1.86567,1000000000.0,0.8,1.19403e-09,2.22767e-18,0.425251
30,11223091000000,315667,0.145875,0.11,6.85517,9.09091,1000000000.0,0.8,5.81818e-09,5.28926e-17,0.44291
30,11223092000000,316667,0.145882,0.148,6.85486,6.75676,1000000000.0,0.8,4.32432e-09,2.92184e-17,0.452857
30,11223093000000,317667,0.1474,0.628,6.78428,1.59236,1000000000.0,0.8,1.01911e-09,1.62278e-18,0.44849
30,11223094000000,318667,0.147295,0.114,6.7891,8.77193,1000000000.0,0.8,5.61404e-09,4.92459e-17,0.326965
30,11223095000000,319667,0.147613,0.249,6.77447,4.01606,1000000000.0,0.8,2.57028e-09,1.03224e-17,0.395252
30,11223096000000,320667,0.148391,0.397,6.73897,2.51889,1000000000.0,0.8,1.61209e-09,4.06068e-18,0.61712
30,11223097000000,321667,0.148389,0.148,6.73902,6.75676,1000000000.0,0.8,4.32432e-09,2.92184e-17,0.221129
30,11223098000000,322667,0.149358,0.461,6.69531,2.1692,1000000000.0,0.8,1.38829e-09,3.01147e-18,0.443381
30,11223099000000,323667,0.149413,0.167,6.69287,5.98802,1000000000.0,0.8,3.83234e-09,2.29481e-17,0.664502
30,11223100000000,324667,0.149304,0.114,6.69776,8.77193,1000000000.0,0.8,5.61404e-09,4.92459e-17,0.462553
30,11223101000000,325667,0.150829,0.646,6.63003,1.54799,1000000000.0,0.8,9.90712e-10,1.5336100000000002e-18,0.490615
30,11223102000000,326667,0.15082,0.148,6.63041,6.75676,1000000000.0,0.8,4.32432e-09,2.92184e-17,0.425017
30,11223103000000,327667,0.150864,0.165,6.62851,6.06061,1000000000.0,0.8,3.87879e-09,2.35078e-17,0.553395
30,11223104000000,328667,0.151813,0.463,6.58704,2.15983,1000000000.0,0.8,1.38229e-09,2.98551e-18,1.06107
30,11223105000000,329667,0.151699,0.114,6.59202,8.77193,1000000000.0,0.8,5.61404e-09,4.92459e-17,0.33734
30,11223106000000,330667,0.152546,0.432,6.55539,2.31481,1000000000.0,0.8,1.48148e-09,3.4293600000000003e-18,0.403661
30,11223107000000,331667,0.152732,0.214,6.54744,4.6729,1000000000.0,0.8,2.99065e-09,1.3975e-17,0.528484
30,11223108000000,332667,0.152717,0.148,6.54805,6.75676,1000000000.0,0.8,4.32432e-09,2.92184e-17,0.246561
30,11223109000000,333667,0.154109,0.617,6.48892,1.62075,1000000000.0,0.8,1.03728e-09,1.6811600000000002e-18,0.469966
30,11223110000000,334667,0.154022,0.125,6.49259,8.0,1000000000.0,0.8,5.12e-09,4.096e-17,0.35616
30,11223111000000,335667,0.153977,0.139,6.49448,7.19424,1000000000.0,0.8,4.60432e-09,3.31246e-17,0.452305
30,11223112000000,336667,0.155026,0.507,6.45055,1.97239,1000000000.0,0.8,1.26233e-09,2.4898e-18,0.829243
30,11223113000000,337667,0.155005,0.148,6.45141,6.75676,1000000000.0,0.8,4.32432e-09,2.92184e-17,0.22718
30,11223114000000,338667,0.155607,0.359,6.42644,2.78552,1000000000.0,0.8,1.78273e-09,4.9658200000000004e-18,0.468574
30,11223115000000,339205,0.156177,0.51487,6.40299,1.94224,1000000000.0,0.8,1.24303e-09,2.4142700000000003e-18,0.92497
31,10205500000000,15545,0.0526214,0.0526214,19.0037,19.0037,4000000000.0,1.0,4.75092e-09,2.25712e-17,0.0
31,10205501000000,19545,0.0741878,0.158,13.4793,6.32911,4000000000.0,1.0,1.58228e-09,2.50361e-18,4.0
31,10205502000000,21544,0.0673505,0.00050025,14.8477,1999.0,2000000000.0,0.9,8.09595e-07,8.0919e-13,0.379835
31,11206193000000,39237,0.109947,0.161815,9.09527,6.17988,4000000000.0,1.0,1.54497e-09,2.3869300000000004e-18,0.0
31,11206194000000,41112,0.104982,0.00106667,9.52549,937.5,2000000000.0,0.9,3.79688e-07,1.77979e-13,0.806281
31,11206195000000,41112,0.104982,,9.52549,0.0,1000000000.0,0.8,0.0,0.0,0.0
31,11222906000000,43192,0.100945,0.0211538,9.90642,47.2727,1000000000.0,0.8,3.02545e-08,1.43021e-15,0.0
31,11222907000000,47192,0.0938295,0.017,10.6576,58.8235,4000000000.0,1.0,1.47059e-08,2.16263e-16,4.0
31,11222908000000,51192,0.0870253,0.00675,11.4909,148.148,4000000000.0,1.0,3.7037e-08,1.37174e-15,4.0
31,11222909000000,55192,0.0837078,0.04125,11.9463,24.2424,4000000000.0,1.0,6.06061e-09,3.67309e-17,3.1833
31,11222910000000,57192,0.0812002,0.012,12.3152,83.3333,2000000000.0,0.9,3.375e-08,1.40625e-15,1.84614
31,11222911000000,58192,0.0826918,0.168,12.0931,5.95238,1000000000.0,0.8,3.80952e-09,2.26757e-17,0.861538
31,11222912000000,60192,0.0803429,0.012,12.4467,83.3333,2000000000.0,0.9,3.375e-08,1.40625e-15,1.1318
31,11222913000000,61192,0.0802066,0.072,12.4678,13.8889,1000000000.0,0.8,8.88889e-09,1.23457e-16,0.861538
31,11222914000000,65192,0.0767579,0.024,13.028,41.6667,4000000000.0,1.0,1.04167e-08,1.08507e-16,3.28148
31,11222915000000,67192,0.0748303,0.012,13.3636,83.3333,2000000000.0,0.9,3.375e-08,1.40625e-15,1.74207
31,11222916000000,69192,0.0750954,0.084,13.3164,11.9048,2000000000.0,0.9,4.82143e-09,2.8699e-17,0.861538
31,11222917000000,73192,0.0713193,0.006,14.0215,166.667,4000000000.0,1.0,4.16667e-08,1.73611e-15,1.48352
31,11222918000000,75192,0.0716566,0.084,13.9555,11.9048,2000000000.0,0.9,4.82143e-09,2.8699e-17,0.92307
31,11222919000000,79192,0.0683402,0.006,14.6327,166.667,4000000000.0,1.0,4.16667e-08,1.73611e-15,1.48351
31,11222920000000,81192,0.068726,0.084,14.5505,11.9048,2000000000.0,0.9,4.82143e-09,2.8699e-17,0.92307
31,11222921000000,85192,0.0654991,0.0,15.2674,0.0,4000000000.0,1.0,0.0,0.0,1.48351
31,11222922000000,86192,0.0651569,0.036,15.3476,27.7778,1000000000.0,0.8,1.77778e-08,4.93827e-16,1.68837e-08
31,11222923000000,88192,0.0654481,0.078,15.2793,12.8205,2000000000.0,0.9,5.19231e-09,3.3284e-17,1.04933
31,11222924000000,92192,0.0627386,0.003,15.9391,333.333,4000000000.0,1.0,8.33333e-08,6.94444e-15,1.47461
31,11222925000000,93192,0.0639969,0.18,15.6258,5.55556,1000000000.0,0.8,3.55556e-09,1.97531e-17,0.461538
31,11222926000000,97192,0.0614865,0.003,16.2637,333.333,4000000000.0,1.0,8.33333e-08,6.94444e-15,1.14263
31,11222927000000,98192,0.0626935,0.18,15.9506,5.55556,1000000000.0,0.8,3.55556e-09,1.97531e-17,0.461538
31,11222928000000,102192,0.060357,0.003,16.5681,333.333,4000000000.0,1.0,8.33333e-08,6.94444e-15,1.14263
31,11222929000000,103192,0.0600434,0.028,16.6546,35.7143,1000000000.0,0.8,2.28571e-08,8.16327e-16,0.461538
31,11222930000000,105192,0.0603468,0.076,16.5709,13.1579,2000000000.0,0.9,5.32895e-09,3.50589e-17,1.06017
31,11222931000000,107192,0.0594447,0.012,16.8223,83.3333,2000000000.0,0.9,3.375e-08,1.40625e-15,1.7008
31,11222932000000,109192,0.0598945,0.084,16.696,11.9048,2000000000.0,0.9,4.82143e-09,2.8699e-17,0.861538
31,11222933000000,113192,0.05799,0.006,17.2444,166.667,4000000000.0,1.0,4.16667e-08,1.73611e-15,1.48366
31,11222934000000,115192,0.0584416,0.084,17.1111,11.9048,2000000000.0,0.9,4.82143e-09,2.8699e-17,0.920893
31,11222935000000,119192,0.0566817,0.006,17.6424,166.667,4000000000.0,1.0,4.16667e-08,1.73611e-15,1.48328
31,11222936000000,121192,0.0563981,0.0395,17.7311,25.3165,2000000000.0,0.9,1.02532e-08,1.29787e-16,0.920893
31,11222937000000,125192,0.055307,0.02225,18.0809,44.9438,4000000000.0,1.0,1.1236e-08,1.26247e-16,1.38168
31,11222938000000,129192,0.0537804,0.006,18.5941,166.667,4000000000.0,1.0,4.16667e-08,1.73611e-15,1.77883
31,11222939000000,131192,0.0542411,0.084,18.4362,11.9048,2000000000.0,0.9,4.82143e-09,2.8699e-17,0.920893
31,11222940000000,135192,0.0528138,0.006,18.9345,166.667,4000000000.0,1.0,4.16667e-08,1.73611e-15,1.48311
31,11222941000000,137192,0.0532684,0.084,18.7729,11.9048,2000000000.0,0.9,4.82143e-09,2.8699e-17,0.920893
31,11222942000000,141192,0.0519293,0.006,19.257,166.667,4000000000.0,1.0,4.16667e-08,1.73611e-15,1.48311
31,11222943000000,143192,0.0519303,0.052,19.2566,19.2308,2000000000.0,0.9,7.78846e-09,7.48891e-17,0.920893
31,11222944000000,147192,0.0509539,0.016,19.6256,62.5,4000000000.0,1.0,1.5625e-08,2.44141e-16,1.54054
31,11222945000000,151192,0.0497645,0.006,20.0946,166.667,4000000000.0,1.0,4.16667e-08,1.73611e-15,1.47723
31,11222946000000,152192,0.0505414,0.168,19.7858,5.95238,1000000000.0,0.8,3.80952e-09,2.26757e-17,0.919364
31,11222947000000,156192,0.0493239,0.003,20.2741,333.333,4000000000.0,1.0,8.33333e-08,6.94444e-15,1.13197
31,11222948000000,157192,0.0501552,0.18,19.9381,5.55556,1000000000.0,0.8,3.55556e-09,1.97531e-17,0.461538
31,11222949000000,161192,0.0489851,0.003,20.4144,333.333,4000000000.0,1.0,8.33333e-08,6.94444e-15,1.14263
31,11222950000000,162192,0.0497928,0.18,20.0832,5.55556,1000000000.0,0.8,3.55556e-09,1.97531e-17,0.461538
31,11222951000000,166192,0.0485944,0.0,20.5785,0.0,4000000000.0,1.0,0.0,0.0,1.14263
31,11222952000000,167192,0.0483755,0.012,20.6716,83.3333,1000000000.0,0.8,5.33333e-08,4.44444e-15,3.22757e-20
31,11222953000000,171192,0.0494182,0.093,20.2355,10.7527,4000000000.0,1.0,2.68817e-09,7.22627e-18,3.19508
31,11222954000000,173192,0.0494884,0.0555,20.2067,18.018,2000000000.0,0.9,7.2973e-09,6.57414e-17,4.24953
31,11222955000000,175192,0.0524453,0.3085,19.0675,3.24149,2000000000.0,0.9,1.3128e-09,2.12772e-18,2.95894
31,11222956000000,176192,0.0528174,0.118,18.9332,8.47458,1000000000.0,0.8,5.42373e-09,4.59638e-17,0.387581
31,11222957000000,177192,0.0540769,0.276,18.4922,3.62319,1000000000.0,0.8,2.31884e-09,8.4016e-18,0.18334
31,11222958000000,178192,0.0558499,0.37,17.9051,2.7027,1000000000.0,0.8,1.72973e-09,4.674950000000001e-18,0.887489
31,11222959000000,179192,0.0561744,0.114,17.8017,8.77193,1000000000.0,0.8,5.61404e-09,4.92459e-17,0.498334
31,11222960000000,180192,0.0586042,0.494,17.0636,2.02429,1000000000.0,0.8,1.29555e-09,2.62256e-18,0.13144
31,11222961000000,181192,0.0591638,0.16,16.9022,6.25,1000000000.0,0.8,4e-09,2.5e-17,0.87338
31,11222962000000,182192,0.0594647,0.114,16.8167,8.77193,1000000000.0,0.8,5.61404e-09,4.92459e-17,0.313587
31,11222963000000,183192,0.0627102,0.654,15.9464,1.52905,1000000000.0,0.8,9.78593e-10,1.4963200000000001e-18,0.118134
31,11222964000000,184192,0.0629886,0.114,15.8759,8.77193,1000000000.0,0.8,5.61404e-09,4.92459e-17,0.682601
31,11222965000000,185192,0.0635557,0.168,15.7342,5.95238,1000000000.0,0.8,3.80952e-09,2.26757e-17,0.299678
31,11222966000000,186192,0.0658245,0.486,15.1919,2.05761,1000000000.0,0.8,1.31687e-09,2.7096100000000003e-18,1.29247
31,11222967000000,187192,0.0660819,0.114,15.1327,8.77193,1000000000.0,0.8,5.61404e-09,4.92459e-17,0.58325
31,11222968000000,188192,0.0677659,0.383,14.7567,2.61097,1000000000.0,0.8,1.67102e-09,4.3629700000000006e-18,0.149679
31,11222969000000,189192,0.0688401,0.271,14.5264,3.69004,1000000000.0,0.8,2.36162e-09,8.714480000000001e-18,0.871379
31,11222970000000,190192,0.0690776,0.114,14.4765,8.77193,1000000000.0,0.8,5.61404e-09,4.92459e-17,0.645715
31,11222971000000,191192,0.0718283,0.595,13.9221,1.68067,1000000000.0,0.8,1.07563e-09,1.8077800000000003e-18,0.122693
31,11222972000000,192192,0.0720061,0.106,13.8877,9.43396,1000000000.0,0.8,6.03774e-09,5.69598e-17,0.790074
31,11222973000000,193192,0.0720216,0.075,13.8847,13.3333,1000000000.0,0.8,8.53333e-09,1.13778e-16,0.24241
31,11222974000000,194192,0.0749773,0.646,13.3374,1.54799,1000000000.0,0.8,9.90712e-10,1.5336100000000002e-18,0.435787
31,11222975000000,195192,0.0751773,0.114,13.3019,8.77193,1000000000.0,0.8,5.61404e-09,4.92459e-17,0.603833
31,11222976000000,196192,0.0761601,0.268,13.1302,3.73134,1000000000.0,0.8,2.38806e-09,8.91067e-18,0.189884
31,11222977000000,197192,0.0777313,0.386,12.8648,2.59067,1000000000.0,0.8,1.65803e-09,4.2954200000000005e-18,0.850755
31,11222978000000,198192,0.0779143,0.114,12.8346,8.77193,1000000000.0,0.8,5.61404e-09,4.92459e-17,0.494759
31,11222979000000,199192,0.079948,0.483,12.5081,2.07039,1000000000.0,0.8,1.32505e-09,2.74338e-18,0.133137
31,11222980000000,200192,0.0804028,0.171,12.4374,5.84795,1000000000.0,0.8,3.74269e-09,2.18871e-17,0.852889
31,11222981000000,201192,0.0805698,0.114,12.4116,8.77193,1000000000.0,0.8,5.61404e-09,4.92459e-17,0.293495
31,11222982000000,202192,0.0834059,0.654,11.9896,1.52905,1000000000.0,0.8,9.78593e-10,1.4963200000000001e-18,0.11835
31,11222983000000,203192,0.0835564,0.114,11.968,8.77193,1000000000.0,0.8,5.61404e-09,4.92459e-17,0.686236
31,11222984000000,204192,0.0838769,0.149,11.9222,6.71141,1000000000.0,0.8,4.2953e-09,2.88275e-17,0.338948
31,11222985000000,205192,0.0859293,0.505,11.6375,1.9802,1000000000.0,0.8,1.26733e-09,2.5095600000000004e-18,1.38675
31,11222986000000,206192,0.0860654,0.114,11.6191,8.77193,1000000000.0,0.8,5.61404e-09,4.92459e-17,0.605555
31,11222987000000,207192,0.0874262,0.368,11.4382,2.71739,1000000000.0,0.8,1.73913e-09,4.7259e-18,0.153019
31,11222988000000,208192,0.08838,0.286,11.3148,3.4965,1000000000.0,0.8,2.23776e-09,7.824340000000001e-18,0.874518
31,11222989000000,209192,0.0885024,0.114,11.2991,8.77193,1000000000.0,0.8,5.61404e-09,4.92459e-17,0.501227
31,11222990000000,210192,0.0908503,0.582,11.0071,1.71821,1000000000.0,0.8,1.09966e-09,1.8894400000000002e-18,0.123668
31,11222991000000,211192,0.0908841,0.098,11.003,10.2041,1000000000.0,0.8,6.53061e-09,6.66389e-17,0.795804
31,11222992000000,212192,0.0908705,0.088,11.0047,11.3636,1000000000.0,0.8,7.27273e-09,8.26446e-17,0.197931
31,11222993000000,213192,0.093512,0.654,10.6938,1.52905,1000000000.0,0.8,9.78593e-10,1.4963200000000001e-18,0.581811
31,11222994000000,214192,0.0936076,0.114,10.6829,8.77193,1000000000.0,0.8,5.61404e-09,4.92459e-17,0.653699
31,11222995000000,215192,0.0943669,0.257,10.5969,3.89105,1000000000.0,0.8,2.49027e-09,9.689780000000001e-18,0.197948
31,11222996000000,216192,0.0957667,0.397,10.442,2.51889,1000000000.0,0.8,1.61209e-09,4.06068e-18,0.746976
31,11222997000000,217192,0.0958507,0.114,10.4329,8.77193,1000000000.0,0.8,5.61404e-09,4.92459e-17,0.711076
31,11222998000000,218192,0.0975517,0.467,10.251,2.14133,1000000000.0,0.8,1.37045e-09,2.9345800000000003e-18,0.134976
31,11222999000000,220192,0.0974967,0.0915,10.2568,10.929,2000000000.0,0.9,4.42623e-09,2.4187e-17,0.796964
31,11223000000000,221192,0.0975894,0.118,10.247,8.47458,1000000000.0,0.8,5.42373e-09,4.59638e-17,0.225757
31,11223001000000,222192,0.100094,0.654,9.99065,1.52905,1000000000.0,0.8,9.78593e-10,1.4963200000000001e-18,0.38483
31,11223002000000,224192,0.0999322,0.082,10.0068,12.1951,2000000000.0,0.9,4.93902e-09,3.0116e-17,0.680527
31,11223003000000,226192,0.100225,0.133,9.97759,7.5188,2000000000.0,0.9,3.04511e-09,1.14478e-17,1.10386
31,11223004000000,227192,0.101254,0.334,9.8762,2.99401,1000000000.0,0.8,1.91617e-09,5.73703e-18,1.57053
31,11223005000000,229192,0.100784,0.0475,9.92216,21.0526,2000000000.0,0.9,8.52632e-09,8.97507e-17,0.467044
31,11223006000000,230192,0.100612,0.061,9.93921,16.3934,1000000000.0,0.8,1.04918e-08,1.71997e-16,0.213591
31,11223007000000,231192,0.100241,0.015,9.97592,66.6667,1000000000.0,0.8,4.26667e-08,2.84444e-15,0.0379899
31,11223008000000,232192,0.0999604,0.035,10.004,28.5714,1000000000.0,0.8,1.82857e-08,5.22449e-16,0.156056
31,11223009000000,233192,0.100175,0.15,9.98253,6.66667,1000000000.0,0.8,4.26667e-09,2.84444e-17,4.24589
31,11223010000000,234192,0.10026,0.12,9.97411,8.33333,1000000000.0,0.8,5.33333e-09,4.44444e-17,0.018155
31,11223011000000,235192,0.0998843,0.012,10.0116,83.3333,1000000000.0,0.8,5.33333e-08,4.44444e-15,0.202837
31,11223012000000,236192,0.100169,0.167,9.98318,5.98802,1000000000.0,0.8,3.83234e-09,2.29481e-17,0.283731
31,11223013000000,237192,0.10231,0.608,9.77426,1.64474,1000000000.0,0.8,1.05263e-09,1.7313e-18,0.38102
31,11223014000000,238192,0.102346,0.111,9.77078,9.00901,1000000000.0,0.8,5.76577e-09,5.19438e-17,0.633892
31,11223015000000,239192,0.103047,0.27,9.70432,3.7037,1000000000.0,0.8,2.37037e-09,8.77915e-18,0.17308
31,11223016000000,240192,0.104229,0.387,9.59425,2.58398,1000000000.0,0.8,1.65375e-09,4.273250000000001e-18,0.836379
31,11223017000000,241192,0.104257,0.111,9.59166,9.00901,1000000000.0,0.8,5.76577e-09,5.19438e-17,0.506866
31,11223018000000,242192,0.10585,0.49,9.44734,2.04082,1000000000.0,0.8,1.30612e-09,2.66556e-18,0.247272
31,11223019000000,243192,0.106101,0.167,9.42495,5.98802,1000000000.0,0.8,3.83234e-09,2.29481e-17,0.890489
31,11223020000000,244192,0.106121,0.111,9.42317,9.00901,1000000000.0,0.8,5.76577e-09,5.19438e-17,0.294665
31,11223021000000,245192,0.108368,0.657,9.2278,1.52207,1000000000.0,0.8,9.74125e-10,1.48269e-18,0.148662
31,11223022000000,246192,0.108379,0.111,9.22689,9.00901,1000000000.0,0.8,5.76577e-09,5.19438e-17,0.685127
31,11223023000000,247192,0.108689,0.185,9.20058,5.40541,1000000000.0,0.8,3.45946e-09,1.86998e-17,0.240768
31,11223024000000,248192,0.110153,0.472,9.07831,2.11864,1000000000.0,0.8,1.35593e-09,2.8727400000000002e-18,0.96747
31,11223025000000,249192,0.110156,0.111,9.07803,9.00901,1000000000.0,0.8,5.76577e-09,5.19438e-17,0.599604
31,11223026000000,250192,0.11133,0.404,8.98226,2.47525,1000000000.0,0.8,1.58416e-09,3.92118e-18,0.156452
31,11223027000000,251192,0.111894,0.253,8.93699,3.95257,1000000000.0,0.8,2.52964e-09,9.99859e-18,0.722214
31,11223028000000,252192,0.111891,0.111,8.93727,9.00901,1000000000.0,0.8,5.76577e-09,5.19438e-17,0.225625
31,11223029000000,253192,0.11391,0.623,8.77889,1.60514,1000000000.0,0.8,1.02729e-09,1.64894e-18,0.142726
31,11223030000000,254192,0.113969,0.129,8.77432,7.75194,1000000000.0,0.8,4.96124e-09,3.84592e-17,0.800147
31,11223031000000,255192,0.113852,0.084,8.78337,11.9048,1000000000.0,0.8,7.61905e-09,9.07029e-17,0.247701
31,11223032000000,256192,0.115706,0.589,8.64258,1.69779,1000000000.0,0.8,1.08659e-09,1.8448e-18,0.621832
31,11223033000000,257192,0.115688,0.111,8.64395,9.00901,1000000000.0,0.8,5.76577e-09,5.19438e-17,0.629718
31,11223034000000,258192,0.116471,0.318,8.58579,3.14465,1000000000.0,0.8,2.01258e-09,6.3288600000000005e-18,0.154961
31,11223035000000,259192,0.11733,0.339,8.52297,2.94985,1000000000.0,0.8,1.88791e-09,5.569040000000001e-18,0.905178
31,11223036000000,260192,0.117306,0.111,8.52474,9.00901,1000000000.0,0.8,5.76577e-09,5.19438e-17,0.400678
31,11223037000000,261192,0.118932,0.542,8.40819,1.84502,1000000000.0,0.8,1.18081e-09,2.1786200000000004e-18,0.116049
31,11223038000000,262192,0.118917,0.115,8.40925,8.69565,1000000000.0,0.8,5.56522e-09,4.83932e-17,0.852824
31,11223039000000,263192,0.118887,0.111,8.41138,9.00901,1000000000.0,0.8,5.76577e-09,5.19438e-17,0.501361
31,11223040000000,264192,0.120923,0.657,8.2697,1.52207,1000000000.0,0.8,9.74125e-10,1.48269e-18,0.168182
31,11223041000000,265192,0.120886,0.111,8.27226,9.00901,1000000000.0,0.8,5.76577e-09,5.19438e-17,0.682138
31,11223042000000,266192,0.121315,0.235,8.24302,4.25532,1000000000.0,0.8,2.7234e-09,1.1589e-17,0.193044
31,11223043000000,267192,0.12244,0.422,8.16726,2.36967,1000000000.0,0.8,1.51659e-09,3.5938100000000006e-18,0.733737
31,11223044000000,268192,0.122397,0.111,8.17011,9.00901,1000000000.0,0.8,5.76577e-09,5.19438e-17,0.541143
31,11223045000000,269192,0.123622,0.452,8.08919,2.21239,1000000000.0,0.8,1.41593e-09,3.1325900000000004e-18,0.249055
31,11223046000000,270192,0.123923,0.205,8.06953,4.87805,1000000000.0,0.8,3.12195e-09,1.5229e-17,0.734794
31,11223047000000,271192,0.123875,0.111,8.07263,9.00901,1000000000.0,0.8,5.76577e-09,5.19438e-17,0.275729
31,11223048000000,272192,0.125808,0.65,7.9486,1.53846,1000000000.0,0.8,9.84615e-10,1.51479e-18,0.145996
31,11223049000000,273192,0.12578,0.118,7.95041,8.47458,1000000000.0,0.8,5.42373e-09,4.59638e-17,0.697272
31,11223050000000,274192,0.125835,0.141,7.9469,7.0922,1000000000.0,0.8,4.53901e-09,3.21915e-17,0.372759
31,11223051000000,275192,0.127253,0.516,7.85836,1.93798,1000000000.0,0.8,1.24031e-09,2.4037e-18,1.38378
31,11223052000000,276192,0.127194,0.111,7.862,9.00901,1000000000.0,0.8,5.76577e-09,5.19438e-17,0.364254
31,11223053000000,277192,0.128059,0.367,7.80889,2.7248,1000000000.0,0.8,1.74387e-09,4.75169e-18,0.143121
31,11223054000000,278192,0.128641,0.29,7.77355,3.44828,1000000000.0,0.8,2.2069e-09,7.60999e-18,0.839196
31,11223055000000,279192,0.128578,0.111,7.77737,9.00901,1000000000.0,0.8,5.76577e-09,5.19438e-17,0.247934
31,11223056000000,280192,0.130214,0.587,7.67965,1.70358,1000000000.0,0.8,1.09029e-09,1.85739e-18,0.132015
31,11223057000000,281192,0.130178,0.12,7.68179,8.33333,1000000000.0,0.8,5.33333e-09,4.44444e-17,0.791993
31,11223058000000,282192,0.129979,0.074,7.69356,13.5135,1000000000.0,0.8,8.64865e-09,1.16874e-16,0.300114
31,11223059000000,283192,0.131794,0.644,7.5876,1.5528,1000000000.0,0.8,9.93789e-10,1.5431500000000001e-18,0.498775
31,11223060000000,284192,0.131721,0.111,7.59181,9.00901,1000000000.0,0.8,5.76577e-09,5.19438e-17,0.424192
31,11223061000000,285192,0.131985,0.207,7.57663,4.83092,1000000000.0,0.8,3.09179e-09,1.49362e-17,0.167749
31,11223062000000,286192,0.133652,0.609,7.48214,1.64204,1000000000.0,0.8,1.0509e-09,1.7256200000000001e-18,0.823101
31,11223063000000,287192,0.134085,0.258,7.45798,3.87597,1000000000.0,0.8,2.48062e-09,9.61481e-18,0.370961
31,11223064000000,288192,0.133619,0.0,7.48395,0.0,1000000000.0,0.8,0.0,0.0,0.170014
31,11223065000000,289192,0.133444,0.083,7.49377,12.0482,1000000000.0,0.8,7.71084e-09,9.29017e-17,0.0195013
31,11223066000000,290192,0.135193,0.641,7.39682,1.56006,1000000000.0,0.8,9.9844e-10,1.55763e-18,0.486829
31,11223067000000,291192,0.135234,0.147,7.3946,6.80272,1000000000.0,0.8,4.35374e-09,2.96173e-17,0.814646
31,11223068000000,292192,0.135267,0.145,7.39277,6.89655,1000000000.0,0.8,4.41379e-09,3.044e-17,0.483147
31,11223069000000,293192,0.136457,0.484,7.32833,2.06612,1000000000.0,0.8,1.32231e-09,2.7320500000000004e-18,1.03829
31,11223070000000,294192,0.13638,0.114,7.33244,8.77193,1000000000.0,0.8,5.61404e-09,4.92459e-17,0.375076
31,11223071000000,295192,0.137321,0.414,7.28222,2.41546,1000000000.0,0.8,1.54589e-09,3.73404e-18,0.210124
31,11223072000000,296192,0.13764,0.232,7.26531,4.31034,1000000000.0,0.8,2.75862e-09,1.18906e-17,0.719671
31,11223073000000,297192,0.137433,0.076,7.27627,13.1579,1000000000.0,0.8,8.42105e-09,1.10803e-16,0.33256
31,11223074000000,298192,0.137026,0.016,7.2979,62.5,1000000000.0,0.8,4e-08,2.5e-15,0.348289
31,11223075000000,299192,0.138757,0.655,7.20684,1.52672,1000000000.0,0.8,9.77099e-10,1.4917500000000002e-18,0.28847
31,11223076000000,300192,0.138755,0.138,7.20697,7.24638,1000000000.0,0.8,4.63768e-09,3.36064e-17,0.785812
31,11223077000000,301192,0.138599,0.092,7.21504,10.8696,1000000000.0,0.8,6.95652e-09,7.56144e-17,0.545818
31,11223078000000,302192,0.13999,0.559,7.14334,1.78891,1000000000.0,0.8,1.1449e-09,2.04812e-18,0.92308
31,11223079000000,303192,0.140017,0.148,7.142,6.75676,1000000000.0,0.8,4.32432e-09,2.92184e-17,0.335888
31,11223080000000,304192,0.140671,0.339,7.10878,2.94985,1000000000.0,0.8,1.88791e-09,5.569040000000001e-18,0.452713
31,11223081000000,305192,0.141157,0.289,7.08431,3.46021,1000000000.0,0.8,2.21453e-09,7.66274e-18,0.810307
31,11223082000000,306192,0.141068,0.114,7.08876,8.77193,1000000000.0,0.8,5.61404e-09,4.92459e-17,0.489075
31,11223083000000,307192,0.142533,0.591,7.01592,1.69205,1000000000.0,0.8,1.08291e-09,1.83234e-18,0.36484
31,11223084000000,308192,0.142414,0.106,7.02176,9.43396,1000000000.0,0.8,6.03774e-09,5.69598e-17,0.570575
31,11223085000000,309192,0.14231,0.11,7.02693,9.09091,1000000000.0,0.8,5.81818e-09,5.28926e-17,0.413782
31,11223086000000,310192,0.143833,0.615,6.95248,1.62602,1000000000.0,0.8,1.04065e-09,1.6921100000000002e-18,0.407874
31,11223087000000,311192,0.143738,0.114,6.95712,8.77193,1000000000.0,0.8,5.61404e-09,4.92459e-17,0.365199
31,11223088000000,312192,0.144251,0.304,6.93236,3.28947,1000000000.0,0.8,2.10526e-09,6.9252100000000005e-18,0.286837
31,11223089000000,313192,0.144882,0.342,6.90215,2.92398,1000000000.0,0.8,1.87135e-09,5.4717700000000004e-18,0.733516
31,11223090000000,314192,0.144892,0.148,6.90168,6.75676,1000000000.0,0.8,4.32432e-09,2.92184e-17,0.283063
31,11223091000000,315192,0.14607,0.516,6.84605,1.93798,1000000000.0,0.8,1.24031e-09,2.4037e-18,0.45044
31,11223092000000,316192,0.145987,0.12,6.84991,8.33333,1000000000.0,0.8,5.33333e-09,4.44444e-17,0.617725
31,11223093000000,317192,0.145861,0.106,6.85583,9.43396,1000000000.0,0.8,6.03774e-09,5.69598e-17,0.656768
31,11223094000000,318192,0.147433,0.646,6.78274,1.54799,1000000000.0,0.8,9.90712e-10,1.5336100000000002e-18,0.445386
31,11223095000000,319192,0.147435,0.148,6.78266,6.75676,1000000000.0,0.8,4.32432e-09,2.92184e-17,0.455935
31,11223096000000,320192,0.147699,0.232,6.77053,4.31034,1000000000.0,0.8,2.75862e-09,1.18906e-17,0.426664
31,11223097000000,321192,0.148472,0.396,6.73528,2.52525,1000000000.0,0.8,1.61616e-09,4.0812200000000005e-18,0.905313
31,11223098000000,322192,0.148365,0.114,6.74014,8.77193,1000000000.0,0.8,5.61404e-09,4.92459e-17,0.358294
31,11223099000000,323192,0.149413,0.487,6.69287,2.05339,1000000000.0,0.8,1.31417e-09,2.6985e-18,0.312782
31,11223100000000,324192,0.149442,0.159,6.69155,6.28931,1000000000.0,0.8,4.02516e-09,2.53155e-17,0.518312
31,11223101000000,325192,0.149438,0.148,6.69174,6.75676,1000000000.0,0.8,4.32432e-09,2.92184e-17,0.35056
31,11223102000000,326192,0.150905,0.628,6.62669,1.59236,1000000000.0,0.8,1.01911e-09,1.62278e-18,0.445272
31,11223103000000,327192,0.150792,0.114,6.63164,8.77193,1000000000.0,0.8,5.61404e-09,4.92459e-17,0.361951
31,11223104000000,328192,0.150945,0.201,6.62492,4.97512,1000000000.0,0.8,3.18408e-09,1.58412e-17,0.456957
31,11223105000000,329192,0.151838,0.445,6.58595,2.24719,1000000000.0,0.8,1.4382e-09,3.2319200000000004e-18,0.742227
31,11223106000000,330192,0.151827,0.148,6.58645,6.75676,1000000000.0,0.8,4.32432e-09,2.92184e-17,0.232279
31,11223107000000,331192,0.152618,0.414,6.55229,2.41546,1000000000.0,0.8,1.54589e-09,3.73404e-18,0.420559
31,11223108000000,332192,0.152803,0.214,6.54437,4.6729,1000000000.0,0.8,2.99065e-09,1.3975e-17,0.667023
31,11223109000000,333192,0.152687,0.114,6.54936,8.77193,1000000000.0,0.8,5.61404e-09,4.92459e-17,0.420897
31,11223110000000,334192,0.154145,0.64,6.4874,1.5625,1000000000.0,0.8,1e-09,1.5625e-18,0.367998
31,11223111000000,335192,0.154109,0.142,6.48893,7.04225,1000000000.0,0.8,4.50704e-09,3.17397e-17,0.463648
31,11223112000000,336192,0.153972,0.108,6.49471,9.25926,1000000000.0,0.8,5.92593e-09,5.48697e-17,1.02816
31,11223113000000,337192,0.155093,0.532,6.44776,1.8797,1000000000.0,0.8,1.20301e-09,2.2612900000000003e-18,0.427989
31,11223114000000,338192,0.154971,0.114,6.45281,8.77193,1000000000.0,0.8,5.61404e-09,4.92459e-17,0.492564
31,11223115000000,339192,0.155643,0.383,6.42494,2.61097,1000000000.0,0.8,1.67102e-09,4.3629700000000006e-18,0.42036
32,10205500000000,15545,0.0473464,0.0473464,21.1209,21.1209,4000000000.0,1.0,5.28023e-09,2.78808e-17,0.0
32,10205501000000,19545,0.069276,0.1545,14.435,6.47249,4000000000.0,1.0,1.61812e-09,2.6183200000000004e-18,4.0
32,10205502000000,21154,0.0640541,0.000621504,15.6118,1609.0,2000000000.0,0.9,6.51645e-07,5.24248e-13,0.379835
32,11206193000000,38847,0.0986949,0.140112,10.1322,7.13715,4000000000.0,1.0,1.78429e-09,3.1836800000000004e-18,0.0
32,11206194000000,40847,0.0938869,0.0005,10.6511,2000.0,2000000000.0,0.9,8.1e-07,8.1e-13,0.806281
32,11206195000000,40949,0.0936775,0.00980392,10.6749,102.0,1000000000.0,0.8,6.528e-08,6.65856e-15,0.543866
32,11222906000000,43029,0.0897069,0.0115385,11.1474,86.6667,1000000000.0,0.8,5.54667e-08,4.80711e-15,0.0
32,11222907000000,47029,0.0839482,0.022,11.9121,45.4545,4000000000.0,1.0,1.13636e-08,1.29132e-16,4.0
32,11222908000000,51029,0.0778969,0.00675,12.8375,148.148,4000000000.0,1.0,3.7037e-08,1.37174e-15,4.0
32,11222909000000,55029,0.0752331,0.04125,13.292,24.2424,4000000000.0,1.0,6.06061e-09,3.67309e-17,3.1833
32,11222910000000,57029,0.0730155,0.012,13.6957,83.3333,2000000000.0,0.9,3.375e-08,1.40625e-15,1.84614
32,11222911000000,58029,0.0746523,0.168,13.3954,5.95238,1000000000.0,0.8,3.80952e-09,2.26757e-17,0.861538
32,11222912000000,60029,0.0725649,0.012,13.7808,83.3333,2000000000.0,0.9,3.375e-08,1.40625e-15,1.1318
32,11222913000000,61029,0.0725557,0.072,13.7825,13.8889,1000000000.0,0.8,8.88889e-09,1.23457e-16,0.861538
32,11222914000000,65029,0.069569,0.024,14.3742,41.6667,4000000000.0,1.0,1.04167e-08,1.08507e-16,3.28152
32,11222915000000,67029,0.0678512,0.012,14.7381,83.3333,2000000000.0,0.9,3.375e-08,1.40625e-15,1.7733
32,11222916000000,69029,0.0683191,0.084,14.6372,11.9048,2000000000.0,0.9,4.82143e-09,2.8699e-17,0.861538
32,11222917000000,73029,0.0647414,0.003,15.4461,333.333,4000000000.0,1.0,8.33333e-08,6.94444e-15,1.50618
32,11222918000000,75029,0.0654147,0.09,15.2871,11.1111,2000000000.0,0.9,4.5e-09,2.5e-17,0.619844
32,11222919000000,79029,0.0622556,0.003,16.0628,333.333,4000000000.0,1.0,8.33333e-08,6.94444e-15,1.53952
32,11222920000000,81029,0.0627306,0.0815,15.9412,12.2699,2000000000.0,0.9,4.96933e-09,3.04867e-17,0.619844
32,11222921000000,85029,0.0601207,0.00725,16.6332,137.931,4000000000.0,1.0,3.44828e-08,1.18906e-15,2.13012
32,11222922000000,86029,0.0594218,0.0,16.8288,0.0,1000000000.0,0.8,0.0,0.0,0.429231
32,11222923000000,88029,0.0601166,0.09,16.6344,11.1111,2000000000.0,0.9,4.5e-09,2.5e-17,0.360366
32,11222924000000,92029,0.057634,0.003,17.3509,333.333,4000000000.0,1.0,8.33333e-08,6.94444e-15,1.48883
32,11222925000000,93029,0.0589494,0.18,16.9637,5.55556,1000000000.0,0.8,3.55556e-09,1.97531e-17,0.461538
32,11222926000000,97029,0.0566429,0.003,17.6545,333.333,4000000000.0,1.0,8.33333e-08,6.94444e-15,1.14263
32,11222927000000,98029,0.0579012,0.18,17.2708,5.55556,1000000000.0,0.8,3.55556e-09,1.97531e-17,0.461538
32,11222928000000,102029,0.0557489,0.003,17.9376,333.333,4000000000.0,1.0,8.33333e-08,6.94444e-15,1.14263
32,11222929000000,103029,0.0552078,0.0,18.1134,0.0,1000000000.0,0.8,0.0,0.0,0.461538
32,11222930000000,105029,0.0558703,0.09,17.8986,11.1111,2000000000.0,0.9,4.5e-09,2.5e-17,0.498023
32,11222931000000,107029,0.0550505,0.012,18.1651,83.3333,2000000000.0,0.9,3.375e-08,1.40625e-15,1.59783
32,11222932000000,109029,0.0555815,0.084,17.9916,11.9048,2000000000.0,0.9,4.82143e-09,2.8699e-17,0.861538
32,11222933000000,113029,0.0537207,0.003,18.6148,333.333,4000000000.0,1.0,8.33333e-08,6.94444e-15,1.50621
32,11222934000000,115029,0.0543515,0.09,18.3988,11.1111,2000000000.0,0.9,4.5e-09,2.5e-17,0.619322
32,11222935000000,119029,0.0526258,0.003,19.0021,333.333,4000000000.0,1.0,8.33333e-08,6.94444e-15,1.53947
32,11222936000000,121029,0.0524585,0.0425,19.0627,23.5294,2000000000.0,0.9,9.52941e-09,1.12111e-16,0.619322
32,11222937000000,125029,0.05154,0.02375,19.4024,42.1053,4000000000.0,1.0,1.05263e-08,1.10803e-16,1.51459
32,11222938000000,129029,0.0500353,0.003,19.9859,333.333,4000000000.0,1.0,8.33333e-08,6.94444e-15,1.7907
32,11222939000000,131029,0.0506453,0.09,19.7452,11.1111,2000000000.0,0.9,4.5e-09,2.5e-17,0.619322
32,11222940000000,135029,0.0492339,0.003,20.3112,333.333,4000000000.0,1.0,8.33333e-08,6.94444e-15,1.53942
32,11222941000000,137029,0.0498289,0.09,20.0687,11.1111,2000000000.0,0.9,4.5e-09,2.5e-17,0.619322
32,11222942000000,141029,0.0485007,0.003,20.6183,333.333,4000000000.0,1.0,8.33333e-08,6.94444e-15,1.52087
32,11222943000000,143029,0.0489621,0.0815,20.424,12.2699,2000000000.0,0.9,4.96933e-09,3.04867e-17,0.619322
32,11222944000000,147029,0.0478273,0.00725,20.9086,137.931,4000000000.0,1.0,3.44828e-08,1.18906e-15,1.3712
32,11222945000000,151029,0.0465606,0.0,21.4774,0.0,4000000000.0,1.0,0.0,0.0,1.26956
32,11222946000000,152029,0.0474383,0.18,21.08,5.55556,1000000000.0,0.8,3.55556e-09,1.97531e-17,0.268232
32,11222947000000,156029,0.0462991,0.003,21.5987,333.333,4000000000.0,1.0,8.33333e-08,6.94444e-15,1.1302
32,11222948000000,157029,0.0471505,0.18,21.2087,5.55556,1000000000.0,0.8,3.55556e-09,1.97531e-17,0.461538
32,11222949000000,161029,0.0460538,0.003,21.7137,333.333,4000000000.0,1.0,8.33333e-08,6.94444e-15,1.14263
32,11222950000000,162029,0.046862,0.177,21.3393,5.64972,1000000000.0,0.8,3.61582e-09,2.04284e-17,0.461538
32,11222951000000,166029,0.045751,0.00075,21.8574,1333.33,4000000000.0,1.0,3.33333e-07,1.11111e-13,1.27812
32,11222952000000,167029,0.045549,0.012,21.9544,83.3333,1000000000.0,0.8,5.33333e-08,4.44444e-15,8.199119999999999e-21
32,11222953000000,171029,0.0466588,0.093,21.4322,10.7527,4000000000.0,1.0,2.68817e-09,7.22627e-18,3.19508
32,11222954000000,173029,0.0467609,0.0555,21.3854,18.018,2000000000.0,0.9,7.2973e-09,6.57414e-17,4.24962
32,11222955000000,175029,0.0497518,0.3085,20.0998,3.24149,2000000000.0,0.9,1.3128e-09,2.12772e-18,2.95795
32,11222956000000,176029,0.0501395,0.118,19.9444,8.47458,1000000000.0,0.8,5.42373e-09,4.59638e-17,0.39159
32,11222957000000,177029,0.0515904,0.307,19.3834,3.25733,1000000000.0,0.8,2.08469e-09,6.7905200000000004e-18,0.171711
32,11222958000000,178029,0.0532048,0.339,18.7953,2.94985,1000000000.0,0.8,1.88791e-09,5.569040000000001e-18,0.862489
32,11222959000000,179029,0.0535444,0.114,18.6761,8.77193,1000000000.0,0.8,5.61404e-09,4.92459e-17,0.509081
32,11222960000000,180029,0.0562021,0.532,17.7929,1.8797,1000000000.0,0.8,1.20301e-09,2.2612900000000003e-18,0.128401
32,11222961000000,181029,0.0565655,0.122,17.6786,8.19672,1000000000.0,0.8,5.2459e-09,4.29992e-17,0.890749
32,11222962000000,182029,0.056881,0.114,17.5805,8.77193,1000000000.0,0.8,5.61404e-09,4.92459e-17,0.333709
32,11222963000000,183029,0.0601435,0.654,16.6269,1.52905,1000000000.0,0.8,9.78593e-10,1.4963200000000001e-18,0.116743
32,11222964000000,184029,0.0604361,0.114,16.5464,8.77193,1000000000.0,0.8,5.61404e-09,4.92459e-17,0.684526
32,11222965000000,185029,0.0612336,0.208,16.3309,4.80769,1000000000.0,0.8,3.07692e-09,1.47929e-17,0.25615
32,11222966000000,186029,0.063302,0.446,15.7973,2.24215,1000000000.0,0.8,1.43498e-09,3.2174400000000004e-18,1.03133
32,11222967000000,187029,0.063573,0.114,15.7299,8.77193,1000000000.0,0.8,5.61404e-09,4.92459e-17,0.610455
32,11222968000000,188029,0.065458,0.418,15.277,2.39234,1000000000.0,0.8,1.5311e-09,3.66292e-18,0.144203
32,11222969000000,189029,0.0663602,0.236,15.0693,4.23729,1000000000.0,0.8,2.71186e-09,1.1491e-17,0.823078
32,11222970000000,190029,0.0666109,0.114,15.0126,8.77193,1000000000.0,0.8,5.61404e-09,4.92459e-17,0.639414
32,11222971000000,191029,0.0695392,0.626,14.3804,1.59744,1000000000.0,0.8,1.02236e-09,1.6331700000000001e-18,0.120661
32,11222972000000,192029,0.0698124,0.122,14.3241,8.19672,1000000000.0,0.8,5.2459e-09,4.29992e-17,0.757923
32,11222973000000,193029,0.0698859,0.084,14.309,11.9048,1000000000.0,0.8,7.61905e-09,9.07029e-17,0.375831
32,11222974000000,194029,0.0725665,0.59,13.7805,1.69492,1000000000.0,0.8,1.08475e-09,1.83855e-18,0.245162
32,11222975000000,195029,0.0727789,0.114,13.7402,8.77193,1000000000.0,0.8,5.61404e-09,4.92459e-17,0.62294
32,11222976000000,196029,0.0739431,0.301,13.5239,3.32226,1000000000.0,0.8,2.12625e-09,7.06394e-18,0.177128
32,11222977000000,197029,0.0753595,0.353,13.2697,2.83286,1000000000.0,0.8,1.81303e-09,5.136070000000001e-18,0.85838
32,11222978000000,198029,0.0755546,0.114,13.2355,8.77193,1000000000.0,0.8,5.61404e-09,4.92459e-17,0.493475
32,11222979000000,199029,0.0777625,0.515,12.8597,1.94175,1000000000.0,0.8,1.24272e-09,2.41305e-18,0.129894
32,11222980000000,200029,0.0780687,0.139,12.8092,7.19424,1000000000.0,0.8,4.60432e-09,3.31246e-17,0.828133
32,11222981000000,201029,0.0782474,0.114,12.78,8.77193,1000000000.0,0.8,5.61404e-09,4.92459e-17,0.317396
32,11222982000000,202029,0.0810973,0.654,12.3309,1.52905,1000000000.0,0.8,9.78593e-10,1.4963200000000001e-18,0.116896
32,11222983000000,203029,0.0812593,0.114,12.3063,8.77193,1000000000.0,0.8,5.61404e-09,4.92459e-17,0.688152
32,11222984000000,204029,0.081807,0.193,12.2239,5.18135,1000000000.0,0.8,3.31606e-09,1.71817e-17,0.281562
32,11222985000000,205029,0.0836565,0.461,11.9536,2.1692,1000000000.0,0.8,1.38829e-09,3.01147e-18,1.08122
32,11222986000000,206029,0.0838037,0.114,11.9326,8.77193,1000000000.0,0.8,5.61404e-09,4.92459e-17,0.621752
32,11222987000000,207029,0.0853407,0.402,11.7177,2.48756,1000000000.0,0.8,1.59204e-09,3.9603e-18,0.147037
32,11222988000000,208029,0.0861418,0.252,11.6088,3.96825,1000000000.0,0.8,2.53968e-09,1.00781e-17,0.825319
32,11222989000000,209029,0.0862751,0.114,11.5908,8.77193,1000000000.0,0.8,5.61404e-09,4.92459e-17,0.463087
32,11222990000000,210029,0.0888068,0.618,11.2604,1.61812,1000000000.0,0.8,1.0356e-09,1.67573e-18,0.121525
32,11222991000000,211029,0.0889356,0.116,11.2441,8.62069,1000000000.0,0.8,5.51724e-09,4.75624e-17,0.806259
32,11222992000000,212029,0.0888416,0.069,11.256,14.4928,1000000000.0,0.8,9.27536e-09,1.34426e-16,0.230285
32,11222993000000,213029,0.0913303,0.619,10.9493,1.61551,1000000000.0,0.8,1.03393e-09,1.6703200000000001e-18,0.455644
32,11222994000000,214029,0.0914362,0.114,10.9366,8.77193,1000000000.0,0.8,5.61404e-09,4.92459e-17,0.658568
32,11222995000000,215029,0.0923643,0.291,10.8267,3.43643,1000000000.0,0.8,2.19931e-09,7.55778e-18,0.18348
32,11222996000000,216029,0.0936171,0.363,10.6818,2.75482,1000000000.0,0.8,1.76309e-09,4.85698e-18,0.854136
32,11222997000000,217029,0.093711,0.114,10.6711,8.77193,1000000000.0,0.8,5.61404e-09,4.92459e-17,0.672966
32,11222998000000,218029,0.095579,0.501,10.4625,1.99601,1000000000.0,0.8,1.27745e-09,2.5497900000000004e-18,0.131506
32,11222999000000,220029,0.0953874,0.0745,10.4836,13.4228,2000000000.0,0.9,5.43624e-09,3.64848e-17,0.784841
32,11223000000000,221029,0.0954897,0.118,10.4723,8.47458,1000000000.0,0.8,5.42373e-09,4.59638e-17,0.252558
32,11223001000000,222029,0.0980052,0.654,10.2035,1.52905,1000000000.0,0.8,9.78593e-10,1.4963200000000001e-18,0.384083
32,11223002000000,224029,0.0978623,0.082,10.2184,12.1951,2000000000.0,0.9,4.93902e-09,3.0116e-17,0.68188
32,11223003000000,226029,0.0983546,0.1535,10.1673,6.51466,2000000000.0,0.9,2.63844e-09,8.59426e-18,1.10386
32,11223004000000,227029,0.0992472,0.301,10.0758,3.32226,1000000000.0,0.8,2.12625e-09,7.06394e-18,1.68401
32,11223005000000,229029,0.0987604,0.0435,10.1255,22.9885,2000000000.0,0.9,9.31034e-09,1.07015e-16,0.601319
32,11223006000000,230029,0.0985963,0.061,10.1424,16.3934,1000000000.0,0.8,1.04918e-08,1.71997e-16,0.185069
32,11223007000000,231029,0.0982344,0.015,10.1797,66.6667,1000000000.0,0.8,4.26667e-08,2.84444e-15,0.0351809
32,11223008000000,232029,0.0984704,0.153,10.1553,6.53595,1000000000.0,0.8,4.18301e-09,2.73399e-17,0.158098
32,11223009000000,233029,0.0987002,0.152,10.1317,6.57895,1000000000.0,0.8,4.21053e-09,2.77008e-17,1.28783
32,11223010000000,234029,0.0983297,0.012,10.1699,83.3333,1000000000.0,0.8,5.33333e-08,4.44444e-15,0.0767075
32,11223011000000,235029,0.0985495,0.15,10.1472,6.66667,1000000000.0,0.8,4.26667e-09,2.84444e-17,0.135153
32,11223012000000,236029,0.0992632,0.267,10.0742,3.74532,1000000000.0,0.8,2.397e-09,8.97754e-18,0.413142
32,11223013000000,237029,0.100355,0.358,9.96464,2.7933,1000000000.0,0.8,1.78771e-09,4.9936e-18,0.437338
32,11223014000000,238029,0.1004,0.111,9.96021,9.00901,1000000000.0,0.8,5.76577e-09,5.19438e-17,0.639367
32,11223015000000,239029,0.102163,0.522,9.78825,1.91571,1000000000.0,0.8,1.22605e-09,2.34876e-18,0.133162
32,11223016000000,240029,0.1023,0.135,9.77516,7.40741,1000000000.0,0.8,4.74074e-09,3.51166e-17,0.945924
32,11223017000000,241029,0.102336,0.111,9.77171,9.00901,1000000000.0,0.8,5.76577e-09,5.19438e-17,0.541356
32,11223018000000,242029,0.104628,0.657,9.55767,1.52207,1000000000.0,0.8,9.74125e-10,1.48269e-18,0.211855
32,11223019000000,243029,0.104654,0.111,9.55528,9.00901,1000000000.0,0.8,5.76577e-09,5.19438e-17,0.692243
32,11223020000000,244029,0.105094,0.212,9.51529,4.71698,1000000000.0,0.8,3.01887e-09,1.42399e-17,0.20245
32,11223021000000,245029,0.106481,0.445,9.39132,2.24719,1000000000.0,0.8,1.4382e-09,3.2319200000000004e-18,0.484596
32,11223022000000,246029,0.1065,0.111,9.3897,9.00901,1000000000.0,0.8,5.76577e-09,5.19438e-17,0.681083
32,11223023000000,247029,0.107829,0.435,9.2739,2.29885,1000000000.0,0.8,1.47126e-09,3.3822200000000003e-18,0.151211
32,11223024000000,248029,0.10829,0.222,9.23448,4.5045,1000000000.0,0.8,2.88288e-09,1.2986e-17,0.937256
32,11223025000000,249029,0.108301,0.111,9.23356,9.00901,1000000000.0,0.8,5.76577e-09,5.19438e-17,0.60535
32,11223026000000,250029,0.110431,0.641,9.05541,1.56006,1000000000.0,0.8,9.9844e-10,1.55763e-18,0.137568
32,11223027000000,251029,0.110485,0.124,9.05098,8.06452,1000000000.0,0.8,5.16129e-09,4.16233e-17,0.625939
32,11223028000000,252029,0.110503,0.115,9.04952,8.69565,1000000000.0,0.8,5.56522e-09,4.83932e-17,0.330822
32,11223029000000,253029,0.11222,0.545,8.91104,1.83486,1000000000.0,0.8,1.17431e-09,2.1547e-18,0.596325
32,11223030000000,254029,0.112216,0.111,8.91142,9.00901,1000000000.0,0.8,5.76577e-09,5.19438e-17,0.700291
32,11223031000000,255029,0.113148,0.35,8.83799,2.85714,1000000000.0,0.8,1.82857e-09,5.2244900000000005e-18,0.13646
32,11223032000000,256029,0.113905,0.307,8.77924,3.25733,1000000000.0,0.8,2.08469e-09,6.7905200000000004e-18,1.18692
32,11223033000000,257029,0.113894,0.111,8.78011,9.00901,1000000000.0,0.8,5.76577e-09,5.19438e-17,0.65495
32,11223034000000,258029,0.115665,0.571,8.64564,1.75131,1000000000.0,0.8,1.12084e-09,1.9629400000000003e-18,0.127711
32,11223035000000,259029,0.115643,0.11,8.64727,9.09091,1000000000.0,0.8,5.81818e-09,5.28926e-17,0.8075
32,11223036000000,260029,0.115533,0.087,8.65552,11.4943,1000000000.0,0.8,7.35632e-09,8.45554e-17,0.375027
32,11223037000000,261029,0.117608,0.657,8.50285,1.52207,1000000000.0,0.8,9.74125e-10,1.48269e-18,0.231464
32,11223038000000,262029,0.117582,0.111,8.50467,9.00901,1000000000.0,0.8,5.76577e-09,5.19438e-17,0.676193
32,11223039000000,263029,0.118131,0.262,8.46515,3.81679,1000000000.0,0.8,2.44275e-09,9.32347e-18,0.191677
32,11223040000000,264029,0.11918,0.395,8.39066,2.53165,1000000000.0,0.8,1.62025e-09,4.10191e-18,0.496563
32,11223041000000,265029,0.119149,0.111,8.39284,9.00901,1000000000.0,0.8,5.76577e-09,5.19438e-17,0.599168
32,11223042000000,266029,0.120524,0.485,8.29707,2.06186,1000000000.0,0.8,1.31959e-09,2.7208e-18,0.138511
32,11223043000000,267029,0.120717,0.172,8.28382,5.81395,1000000000.0,0.8,3.72093e-09,2.16333e-17,0.825909
32,11223044000000,268029,0.120681,0.111,8.28631,9.00901,1000000000.0,0.8,5.76577e-09,5.19438e-17,0.494456
32,11223045000000,269029,0.122675,0.657,8.15165,1.52207,1000000000.0,0.8,9.74125e-10,1.48269e-18,0.20759
32,11223046000000,270029,0.122631,0.111,8.15453,9.00901,1000000000.0,0.8,5.76577e-09,5.19438e-17,0.674177
32,11223047000000,271029,0.122824,0.175,8.1417,5.71429,1000000000.0,0.8,3.65714e-09,2.0898e-17,0.249297
32,11223048000000,272029,0.124145,0.482,8.05511,2.07469,1000000000.0,0.8,1.3278e-09,2.75477e-18,0.705459
32,11223049000000,273029,0.124097,0.111,8.05823,9.00901,1000000000.0,0.8,5.76577e-09,5.19438e-17,0.70574
32,11223050000000,274029,0.125085,0.395,7.99454,2.53165,1000000000.0,0.8,1.62025e-09,4.10191e-18,0.182092
32,11223051000000,275029,0.125583,0.262,7.96285,3.81679,1000000000.0,0.8,2.44275e-09,9.32347e-18,1.02088
32,11223052000000,276029,0.12553,0.111,7.9662,9.00901,1000000000.0,0.8,5.76577e-09,5.19438e-17,0.312081
32,11223053000000,277029,0.127304,0.617,7.85519,1.62075,1000000000.0,0.8,1.03728e-09,1.6811600000000002e-18,0.12464
32,11223054000000,278029,0.127339,0.137,7.85304,7.29927,1000000000.0,0.8,4.67153e-09,3.40988e-17,0.729131
32,11223055000000,279029,0.127184,0.084,7.86263,11.9048,1000000000.0,0.8,7.61905e-09,9.07029e-17,0.257895
32,11223056000000,280029,0.128826,0.587,7.76241,1.70358,1000000000.0,0.8,1.09029e-09,1.85739e-18,0.320862
32,11223057000000,281029,0.128763,0.111,7.76624,9.00901,1000000000.0,0.8,5.76577e-09,5.19438e-17,0.661273
32,11223058000000,282029,0.129465,0.327,7.72407,3.0581,1000000000.0,0.8,1.95719e-09,5.9852800000000006e-18,0.160187
32,11223059000000,283029,0.130174,0.33,7.68203,3.0303,1000000000.0,0.8,1.93939e-09,5.87695e-18,0.574869
32,11223060000000,284029,0.130135,0.119,7.68435,8.40336,1000000000.0,0.8,5.37815e-09,4.51945e-17,0.453762
32,11223061000000,285029,0.131615,0.552,7.59794,1.81159,1000000000.0,0.8,1.15942e-09,2.1004e-18,0.139855
32,11223062000000,286029,0.132777,0.464,7.53144,2.15517,1000000000.0,0.8,1.37931e-09,2.97265e-18,0.814996
32,11223063000000,287029,0.132778,0.133,7.5314,7.5188,1000000000.0,0.8,4.81203e-09,3.61807e-17,0.449372
32,11223064000000,288029,0.133285,0.279,7.50271,3.58423,1000000000.0,0.8,2.29391e-09,8.221890000000001e-18,0.140515
32,11223065000000,289029,0.134077,0.362,7.45843,2.76243,1000000000.0,0.8,1.76796e-09,4.88386e-18,0.171133
32,11223066000000,290029,0.134125,0.148,7.45576,6.75676,1000000000.0,0.8,4.32432e-09,2.92184e-17,0.55212
32,11223067000000,291029,0.135365,0.495,7.38746,2.0202,1000000000.0,0.8,1.29293e-09,2.61198e-18,0.603206
32,11223068000000,292029,0.135356,0.133,7.3879,7.5188,1000000000.0,0.8,4.81203e-09,3.61807e-17,0.731118
32,11223069000000,293029,0.135284,0.114,7.39188,8.77193,1000000000.0,0.8,5.61404e-09,4.92459e-17,0.729985
32,11223070000000,294029,0.13702,0.646,7.29818,1.54799,1000000000.0,0.8,9.90712e-10,1.5336100000000002e-18,0.330719
32,11223071000000,295029,0.137058,0.148,7.2962,6.75676,1000000000.0,0.8,4.32432e-09,2.92184e-17,0.36998
32,11223072000000,296029,0.137304,0.21,7.2831,4.7619,1000000000.0,0.8,3.04762e-09,1.45125e-17,0.496414
32,11223073000000,297029,0.138249,0.418,7.23332,2.39234,1000000000.0,0.8,1.5311e-09,3.66292e-18,0.864661
32,11223074000000,298029,0.138168,0.114,7.23758,8.77193,1000000000.0,0.8,5.61404e-09,4.92459e-17,0.287542
32,11223075000000,299029,0.139251,0.462,7.18129,2.1645,1000000000.0,0.8,1.38528e-09,2.9984400000000003e-18,0.109295
32,11223076000000,300029,0.1394,0.184,7.17361,5.43478,1000000000.0,0.8,3.47826e-09,1.89036e-17,0.84092
32,11223077000000,301029,0.139428,0.148,7.17214,6.75676,1000000000.0,0.8,4.32432e-09,2.92184e-17,0.324349
32,11223078000000,302029,0.141046,0.628,7.08988,1.59236,1000000000.0,0.8,1.01911e-09,1.62278e-18,0.616676
32,11223079000000,303029,0.140957,0.114,7.09437,8.77193,1000000000.0,0.8,5.61404e-09,4.92459e-17,0.434647
32,11223080000000,304029,0.141079,0.178,7.08824,5.61798,1000000000.0,0.8,3.59551e-09,2.01995e-17,0.344286
32,11223081000000,305029,0.14215,0.468,7.0348,2.13675,1000000000.0,0.8,1.36752e-09,2.92205e-18,1.10119
32,11223082000000,306029,0.14217,0.148,7.03386,6.75676,1000000000.0,0.8,4.32432e-09,2.92184e-17,0.444166
32,11223083000000,307029,0.14298,0.391,6.99399,2.55754,1000000000.0,0.8,1.63683e-09,4.18626e-18,0.309469
32,11223084000000,308029,0.143285,0.237,6.97909,4.21941,1000000000.0,0.8,2.70042e-09,1.13942e-17,0.882647
32,11223085000000,309029,0.14319,0.114,6.98371,8.77193,1000000000.0,0.8,5.61404e-09,4.92459e-17,0.437931
32,11223086000000,310029,0.144754,0.628,6.90826,1.59236,1000000000.0,0.8,1.01911e-09,1.62278e-18,0.473182
32,11223087000000,311029,0.144752,0.144,6.90838,6.94444,1000000000.0,0.8,4.44444e-09,3.08642e-17,0.586093
32,11223088000000,312029,0.14456,0.085,6.91753,11.7647,1000000000.0,0.8,7.52941e-09,8.85813e-17,0.687202
32,11223089000000,313029,0.145903,0.565,6.85385,1.76991,1000000000.0,0.8,1.13274e-09,2.0048600000000003e-18,1.08006
32,11223090000000,314029,0.145802,0.114,6.85862,8.77193,1000000000.0,0.8,5.61404e-09,4.92459e-17,0.306091
32,11223091000000,315029,0.146469,0.356,6.82738,2.80899,1000000000.0,0.8,1.79775e-09,5.0498700000000004e-18,0.296036
32,11223092000000,316029,0.146923,0.29,6.80628,3.44828,1000000000.0,0.8,2.2069e-09,7.60999e-18,0.865729
32,11223093000000,317029,0.146927,0.148,6.80612,6.75676,1000000000.0,0.8,4.32432e-09,2.92184e-17,0.618297
32,11223094000000,318029,0.148251,0.568,6.74533,1.76056,1000000000.0,0.8,1.12676e-09,1.98373e-18,0.354007
32,11223095000000,319029,0.1482,0.132,6.74765,7.57576,1000000000.0,0.8,4.84848e-09,3.67309e-17,0.820758
32,11223096000000,320029,0.147952,0.069,6.75894,14.4928,1000000000.0,0.8,9.27536e-09,1.34426e-16,0.324011
32,11223097000000,321029,0.14942,0.619,6.69257,1.61551,1000000000.0,0.8,1.03393e-09,1.6703200000000001e-18,0.447493
32,11223098000000,322029,0.149415,0.148,6.69276,6.75676,1000000000.0,0.8,4.32432e-09,2.92184e-17,0.315078
32,11223099000000,323029,0.149822,0.281,6.67457,3.55872,1000000000.0,0.8,2.27758e-09,8.10527e-18,0.317072
32,11223100000000,324029,0.150431,0.347,6.64757,2.88184,1000000000.0,0.8,1.84438e-09,5.31522e-18,0.882766
32,11223101000000,325029,0.150319,0.114,6.65252,8.77193,1000000000.0,0.8,5.61404e-09,4.92459e-17,0.373861
32,11223102000000,326029,0.151511,0.539,6.60018,1.85529,1000000000.0,0.8,1.18738e-09,2.20294e-18,0.34363
32,11223103000000,327029,0.151375,0.107,6.60611,9.34579,1000000000.0,0.8,5.98131e-09,5.59001e-17,0.715238
32,11223104000000,328029,0.151365,0.148,6.60656,6.75676,1000000000.0,0.8,4.32432e-09,2.92184e-17,0.452819
32,11223105000000,329029,0.152813,0.628,6.54393,1.59236,1000000000.0,0.8,1.01911e-09,1.62278e-18,0.40496
32,11223106000000,330029,0.152696,0.114,6.54897,8.77193,1000000000.0,0.8,5.61404e-09,4.92459e-17,0.335232
32,11223107000000,331029,0.152996,0.252,6.53613,3.96825,1000000000.0,0.8,2.53968e-09,1.00781e-17,0.300686
32,11223108000000,332029,0.153722,0.394,6.50527,2.53807,1000000000.0,0.8,1.62437e-09,4.1227600000000004e-18,0.841731
32,11223109000000,333029,0.153704,0.148,6.506,6.75676,1000000000.0,0.8,4.32432e-09,2.92184e-17,0.385436
32,11223110000000,334029,0.15463,0.463,6.46704,2.15983,1000000000.0,0.8,1.38229e-09,2.98551e-18,0.306777
32,11223111000000,335029,0.154661,0.165,6.46574,6.06061,1000000000.0,0.8,3.87879e-09,2.35078e-17,0.892699
32,11223112000000,336029,0.15454,0.114,6.47081,8.77193,1000000000.0,0.8,5.61404e-09,4.92459e-17,0.373457
32,11223113000000,337029,0.155966,0.635,6.41166,1.5748,1000000000.0,0.8,1.00787e-09,1.5872e-18,0.306959
32,11223114000000,337122,0.156003,0.290323,6.41014,3.44444,1000000000.0,0.8,2.20444e-09,7.59309e-18,0.229821
32,11223115000000,337122,0.156003,,6.41014,0.0,1000000000.0,0.8,0.0,0.0,0.0
33,10205500000000,15545,0.0479254,0.0479254,20.8658,20.8658,4000000000.0,1.0,5.21644e-09,2.72113e-17,0.0
33,10205501000000,19545,0.069276,0.15225,14.435,6.56814,4000000000.0,1.0,1.64204e-09,2.69628e-18,4.0
33,10205502000000,21014,0.0644808,0.000680735,15.5085,1469.0,2000000000.0,0.9,5.94945e-07,4.36987e-13,0.379835
33,11206193000000,38707,0.100292,0.142825,9.97089,7.00158,4000000000.0,1.0,1.7504e-09,3.06389e-18,0.0
33,11206194000000,40488,0.0959297,0.00112296,10.4243,890.5,2000000000.0,0.9,3.60653e-07,1.60581e-13,0.806281
33,11206195000000,40488,0.0959297,,10.4243,0.0,1000000000.0,0.8,0.0,0.0,0.0
33,11222906000000,42568,0.0918061,0.0115385,10.8925,86.6667,1000000000.0,0.8,5.54667e-08,4.80711e-15,0.0
33,11222907000000,46568,0.08581,0.022,11.6537,45.4545,4000000000.0,1.0,1.13636e-08,1.29132e-16,4.0
33,11222908000000,50568,0.0795562,0.00675,12.5697,148.148,4000000000.0,1.0,3.7037e-08,1.37174e-15,4.0
33,11222909000000,54568,0.0767483,0.04125,13.0296,24.2424,4000000000.0,1.0,6.06061e-09,3.67309e-17,3.18337
33,11222910000000,56568,0.0744591,0.012,13.4302,83.3333,2000000000.0,0.9,3.375e-08,1.40625e-15,1.84615
33,11222911000000,57568,0.0760839,0.168,13.1434,5.95238,1000000000.0,0.8,3.80952e-09,2.26757e-17,0.861538
33,11222912000000,59568,0.0739323,0.012,13.5259,83.3333,2000000000.0,0.9,3.375e-08,1.40625e-15,1.1318
33,11222913000000,60568,0.0739004,0.072,13.5317,13.8889,1000000000.0,0.8,8.88889e-09,1.23457e-16,0.861538
33,11222914000000,64568,0.0708091,0.024,14.1225,41.6667,4000000000.0,1.0,1.04167e-08,1.08507e-16,3.28153
33,11222915000000,66568,0.0690422,0.012,14.4839,83.3333,2000000000.0,0.9,3.375e-08,1.40625e-15,1.79516
33,11222916000000,68568,0.0694785,0.084,14.3929,11.9048,2000000000.0,0.9,4.82143e-09,2.8699e-17,0.861538
33,11222917000000,72568,0.0658141,0.003,15.1943,333.333,4000000000.0,1.0,8.33333e-08,6.94444e-15,1.51445
33,11222918000000,74568,0.0664628,0.09,15.046,11.1111,2000000000.0,0.9,4.5e-09,2.5e-17,0.499548
33,11222919000000,78568,0.0632319,0.003,15.8148,333.333,4000000000.0,1.0,8.33333e-08,6.94444e-15,1.52678
33,11222920000000,80568,0.0636853,0.0815,15.7022,12.2699,2000000000.0,0.9,4.96933e-09,3.04867e-17,0.499548
33,11222921000000,84568,0.061016,0.00725,16.3891,137.931,4000000000.0,1.0,3.44828e-08,1.18906e-15,2.11588
33,11222922000000,85568,0.0603029,0.0,16.5829,0.0,1000000000.0,0.8,0.0,0.0,0.639554
33,11222923000000,87568,0.0609812,0.09,16.3985,11.1111,2000000000.0,0.9,4.5e-09,2.5e-17,0.086524
33,11222924000000,91568,0.0584484,0.003,17.1091,333.333,4000000000.0,1.0,8.33333e-08,6.94444e-15,1.49117
33,11222925000000,92568,0.0597615,0.18,16.7332,5.55556,1000000000.0,0.8,3.55556e-09,1.97531e-17,0.461538
33,11222926000000,96568,0.0574103,0.003,17.4185,333.333,4000000000.0,1.0,8.33333e-08,6.94444e-15,1.14263
33,11222927000000,97568,0.0586668,0.18,17.0454,5.55556,1000000000.0,0.8,3.55556e-09,1.97531e-17,0.461538
33,11222928000000,101568,0.0564745,0.003,17.7071,333.333,4000000000.0,1.0,8.33333e-08,6.94444e-15,1.14263
33,11222929000000,102568,0.0559239,0.0,17.8815,0.0,1000000000.0,0.8,0.0,0.0,0.461538
33,11222930000000,104568,0.0565756,0.09,17.6755,11.1111,2000000000.0,0.9,4.5e-09,2.5e-17,0.119575
33,11222931000000,106568,0.0557391,0.012,17.9407,83.3333,2000000000.0,0.9,3.375e-08,1.40625e-15,1.54078
33,11222932000000,108568,0.0562597,0.084,17.7747,11.9048,2000000000.0,0.9,4.82143e-09,2.8699e-17,0.861538
33,11222933000000,112568,0.0543671,0.003,18.3935,333.333,4000000000.0,1.0,8.33333e-08,6.94444e-15,1.51445
33,11222934000000,114568,0.0549892,0.09,18.1854,11.1111,2000000000.0,0.9,4.5e-09,2.5e-17,0.499422
33,11222935000000,118568,0.0532353,0.003,18.7845,333.333,4000000000.0,1.0,8.33333e-08,6.94444e-15,1.52677
33,11222936000000,120568,0.0530572,0.0425,18.8476,23.5294,2000000000.0,0.9,9.52941e-09,1.12111e-16,0.499422
33,11222937000000,124568,0.0521161,0.02375,19.1879,42.1053,4000000000.0,1.0,1.05263e-08,1.10803e-16,1.50825
33,11222938000000,128568,0.050588,0.003,19.7675,333.333,4000000000.0,1.0,8.33333e-08,6.94444e-15,1.78512
33,11222939000000,130568,0.0511917,0.09,19.5344,11.1111,2000000000.0,0.9,4.5e-09,2.5e-17,0.499422
33,11222940000000,134568,0.0497592,0.003,20.0968,333.333,4000000000.0,1.0,8.33333e-08,6.94444e-15,1.52676
33,11222941000000,136568,0.0503485,0.09,19.8615,11.1111,2000000000.0,0.9,4.5e-09,2.5e-17,0.499422
33,11222942000000,140568,0.0490012,0.003,20.4077,333.333,4000000000.0,1.0,8.33333e-08,6.94444e-15,1.49886
33,11222943000000,142568,0.0494571,0.0815,20.2195,12.2699,2000000000.0,0.9,4.96933e-09,3.04867e-17,0.499422
33,11222944000000,146568,0.0483052,0.00725,20.7017,137.931,4000000000.0,1.0,3.44828e-08,1.18906e-15,1.35908
33,11222945000000,150568,0.0470219,0.0,21.2667,0.0,4000000000.0,1.0,0.0,0.0,1.05132
33,11222946000000,151568,0.0478993,0.18,20.8771,5.55556,1000000000.0,0.8,3.55556e-09,1.97531e-17,0.0644024
33,11222947000000,155568,0.0467448,0.003,21.3927,333.333,4000000000.0,1.0,8.33333e-08,6.94444e-15,1.13965
33,11222948000000,156568,0.0475959,0.18,21.0102,5.55556,1000000000.0,0.8,3.55556e-09,1.97531e-17,0.461538
33,11222949000000,160568,0.046485,0.003,21.5123,333.333,4000000000.0,1.0,8.33333e-08,6.94444e-15,1.14263
33,11222950000000,161568,0.0472928,0.177,21.1449,5.64972,1000000000.0,0.8,3.61582e-09,2.04284e-17,0.461538
33,11222951000000,165568,0.0461683,0.00075,21.6599,1333.33,4000000000.0,1.0,3.33333e-07,1.11111e-13,1.27678
33,11222952000000,166568,0.0459632,0.012,21.7565,83.3333,1000000000.0,0.8,5.33333e-08,4.44444e-15,2.8122999999999997e-21
33,11222953000000,170568,0.0470663,0.093,21.2466,10.7527,4000000000.0,1.0,2.68817e-09,7.22627e-18,3.19508
33,11222954000000,172568,0.047164,0.0555,21.2026,18.018,2000000000.0,0.9,7.2973e-09,6.57414e-17,4.249
33,11222955000000,174568,0.0501581,0.3085,19.937,3.24149,2000000000.0,0.9,1.3128e-09,2.12772e-18,2.9618
33,11222956000000,175568,0.0505445,0.118,19.7845,8.47458,1000000000.0,0.8,5.42373e-09,4.59638e-17,0.384487
33,11222957000000,176568,0.051997,0.307,19.2319,3.25733,1000000000.0,0.8,2.08469e-09,6.7905200000000004e-18,0.169283
33,11222958000000,177568,0.0536133,0.339,18.6521,2.94985,1000000000.0,0.8,1.88791e-09,5.569040000000001e-18,0.930258
33,11222959000000,178568,0.0539514,0.114,18.5352,8.77193,1000000000.0,0.8,5.61404e-09,4.92459e-17,0.49943
33,11222960000000,179568,0.0566137,0.532,17.6636,1.8797,1000000000.0,0.8,1.20301e-09,2.2612900000000003e-18,0.128001
33,11222961000000,180568,0.0569758,0.122,17.5513,8.19672,1000000000.0,0.8,5.2459e-09,4.29992e-17,0.890076
33,11222962000000,181568,0.0572898,0.114,17.4551,8.77193,1000000000.0,0.8,5.61404e-09,4.92459e-17,0.323971
33,11222963000000,182568,0.0605583,0.654,16.513,1.52905,1000000000.0,0.8,9.78593e-10,1.4963200000000001e-18,0.11837
33,11222964000000,183568,0.0608494,0.114,16.434,8.77193,1000000000.0,0.8,5.61404e-09,4.92459e-17,0.675836
33,11222965000000,184568,0.0616467,0.208,16.2215,4.80769,1000000000.0,0.8,3.07692e-09,1.47929e-17,0.245627
33,11222966000000,185568,0.0637179,0.446,15.6942,2.24215,1000000000.0,0.8,1.43498e-09,3.2174400000000004e-18,0.925736
33,11222967000000,186568,0.0639874,0.114,15.6281,8.77193,1000000000.0,0.8,5.61404e-09,4.92459e-17,0.645484
33,11222968000000,187568,0.0658748,0.418,15.1803,2.39234,1000000000.0,0.8,1.5311e-09,3.66292e-18,0.143079
33,11222969000000,188568,0.066777,0.236,14.9752,4.23729,1000000000.0,0.8,2.71186e-09,1.1491e-17,0.798523
33,11222970000000,189568,0.0670261,0.114,14.9196,8.77193,1000000000.0,0.8,5.61404e-09,4.92459e-17,0.638586
33,11222971000000,190568,0.0699593,0.626,14.294,1.59744,1000000000.0,0.8,1.02236e-09,1.6331700000000001e-18,0.120799
33,11222972000000,191568,0.0702309,0.122,14.2387,8.19672,1000000000.0,0.8,5.2459e-09,4.29992e-17,0.757392
33,11222973000000,192568,0.0703024,0.084,14.2243,11.9048,1000000000.0,0.8,7.61905e-09,9.07029e-17,0.368285
33,11222974000000,193568,0.0729873,0.59,13.701,1.69492,1000000000.0,0.8,1.08475e-09,1.83855e-18,0.315656
33,11222975000000,194568,0.0731981,0.114,13.6616,8.77193,1000000000.0,0.8,5.61404e-09,4.92459e-17,0.631273
33,11222976000000,195568,0.0743629,0.301,13.4476,3.32226,1000000000.0,0.8,2.12625e-09,7.06394e-18,0.174156
33,11222977000000,196568,0.0757804,0.353,13.196,2.83286,1000000000.0,0.8,1.81303e-09,5.136070000000001e-18,0.936489
33,11222978000000,197568,0.0759738,0.114,13.1624,8.77193,1000000000.0,0.8,5.61404e-09,4.92459e-17,0.468394
33,11222979000000,198568,0.0781848,0.515,12.7902,1.94175,1000000000.0,0.8,1.24272e-09,2.41305e-18,0.129421
33,11222980000000,199568,0.0784895,0.139,12.7406,7.19424,1000000000.0,0.8,4.60432e-09,3.31246e-17,0.841309
33,11222981000000,200568,0.0786666,0.114,12.7119,8.77193,1000000000.0,0.8,5.61404e-09,4.92459e-17,0.306186
33,11222982000000,201568,0.0815209,0.654,12.2668,1.52905,1000000000.0,0.8,9.78593e-10,1.4963200000000001e-18,0.118176
33,11222983000000,202568,0.0816812,0.114,12.2427,8.77193,1000000000.0,0.8,5.61404e-09,4.92459e-17,0.679068
33,11222984000000,203568,0.0822281,0.193,12.1613,5.18135,1000000000.0,0.8,3.31606e-09,1.71817e-17,0.267263
33,11222985000000,204568,0.0840796,0.461,11.8935,2.1692,1000000000.0,0.8,1.38829e-09,3.01147e-18,0.941336
33,11222986000000,205568,0.0842252,0.114,11.8729,8.77193,1000000000.0,0.8,5.61404e-09,4.92459e-17,0.651087
33,11222987000000,206568,0.0857635,0.402,11.66,2.48756,1000000000.0,0.8,1.59204e-09,3.9603e-18,0.14578
33,11222988000000,207568,0.0865644,0.252,11.5521,3.96825,1000000000.0,0.8,2.53968e-09,1.00781e-17,0.797017
33,11222989000000,208568,0.0866959,0.114,11.5346,8.77193,1000000000.0,0.8,5.61404e-09,4.92459e-17,0.460793
33,11222990000000,209568,0.0892312,0.618,11.2068,1.61812,1000000000.0,0.8,1.0356e-09,1.67573e-18,0.121573
33,11222991000000,210568,0.0893583,0.116,11.1909,8.62069,1000000000.0,0.8,5.51724e-09,4.75624e-17,0.79118
33,11222992000000,211568,0.0892621,0.069,11.203,14.4928,1000000000.0,0.8,9.27536e-09,1.34426e-16,0.231781
33,11222993000000,212568,0.0917542,0.619,10.8987,1.61551,1000000000.0,0.8,1.03393e-09,1.6703200000000001e-18,0.410089
33,11222994000000,213568,0.0918583,0.114,10.8863,8.77193,1000000000.0,0.8,5.61404e-09,4.92459e-17,0.654076
33,11222995000000,214568,0.0927864,0.291,10.7774,3.43643,1000000000.0,0.8,2.19931e-09,7.55778e-18,0.180155
33,11222996000000,215568,0.0940399,0.363,10.6338,2.75482,1000000000.0,0.8,1.76309e-09,4.85698e-18,0.946085
33,11222997000000,216568,0.0941321,0.114,10.6234,8.77193,1000000000.0,0.8,5.61404e-09,4.92459e-17,0.597826
33,11222998000000,217568,0.0960022,0.501,10.4164,1.99601,1000000000.0,0.8,1.27745e-09,2.5497900000000004e-18,0.130956
33,11222999000000,219568,0.0958063,0.0745,10.4377,13.4228,2000000000.0,0.9,5.43624e-09,3.64848e-17,0.817723
33,11223000000000,220568,0.0959069,0.118,10.4268,8.47458,1000000000.0,0.8,5.42373e-09,4.59638e-17,0.246356
33,11223001000000,221568,0.0984258,0.654,10.1599,1.52905,1000000000.0,0.8,9.78593e-10,1.4963200000000001e-18,0.384573
33,11223002000000,223568,0.0982788,0.082,10.1751,12.1951,2000000000.0,0.9,4.93902e-09,3.0116e-17,0.67744
33,11223003000000,225568,0.0987684,0.1535,10.1247,6.51466,2000000000.0,0.9,2.63844e-09,8.59426e-18,1.10386
33,11223004000000,226568,0.099661,0.301,10.034,3.32226,1000000000.0,0.8,2.12625e-09,7.06394e-18,1.69334
33,11223005000000,228568,0.0991696,0.0435,10.0837,22.9885,2000000000.0,0.9,9.31034e-09,1.07015e-16,0.59542
33,11223006000000,229568,0.0990033,0.061,10.1007,16.3934,1000000000.0,0.8,1.04918e-08,1.71997e-16,0.17643
33,11223007000000,230568,0.098639,0.015,10.138,66.6667,1000000000.0,0.8,4.26667e-08,2.84444e-15,0.0348504
33,11223008000000,231568,0.0988738,0.153,10.1139,6.53595,1000000000.0,0.8,4.18301e-09,2.73399e-17,0.158181
33,11223009000000,232568,0.0991022,0.152,10.0906,6.57895,1000000000.0,0.8,4.21053e-09,2.77008e-17,1.29359
33,11223010000000,233568,0.0987293,0.012,10.1287,83.3333,1000000000.0,0.8,5.33333e-08,4.44444e-15,0.10141
33,11223011000000,234568,0.0989479,0.15,10.1063,6.66667,1000000000.0,0.8,4.26667e-09,2.84444e-17,0.101185
33,11223012000000,235568,0.0996612,0.267,10.034,3.74532,1000000000.0,0.8,2.397e-09,8.97754e-18,0.464234
33,11223013000000,236568,0.100753,0.358,9.92524,2.7933,1000000000.0,0.8,1.78771e-09,4.9936e-18,0.755211
33,11223014000000,237568,0.100796,0.111,9.92099,9.00901,1000000000.0,0.8,5.76577e-09,5.19438e-17,0.600556
33,11223015000000,238568,0.102562,0.522,9.7502,1.91571,1000000000.0,0.8,1.22605e-09,2.34876e-18,0.125682
33,11223016000000,239568,0.102697,0.135,9.73735,7.40741,1000000000.0,0.8,4.74074e-09,3.51166e-17,0.90049
33,11223017000000,240568,0.102732,0.111,9.73408,9.00901,1000000000.0,0.8,5.76577e-09,5.19438e-17,0.51749
33,11223018000000,241568,0.105026,0.657,9.52142,1.52207,1000000000.0,0.8,9.74125e-10,1.48269e-18,0.187166
33,11223019000000,242568,0.105051,0.111,9.51919,9.00901,1000000000.0,0.8,5.76577e-09,5.19438e-17,0.677876
33,11223020000000,243568,0.10549,0.212,9.47957,4.71698,1000000000.0,0.8,3.01887e-09,1.42399e-17,0.207635
33,11223021000000,244568,0.106878,0.445,9.35644,2.24719,1000000000.0,0.8,1.4382e-09,3.2319200000000004e-18,0.723702
33,11223022000000,245568,0.106895,0.111,9.35497,9.00901,1000000000.0,0.8,5.76577e-09,5.19438e-17,0.643717
33,11223023000000,246568,0.108226,0.435,9.23995,2.29885,1000000000.0,0.8,1.47126e-09,3.3822200000000003e-18,0.134873
33,11223024000000,247568,0.108685,0.222,9.20088,4.5045,1000000000.0,0.8,2.88288e-09,1.2986e-17,0.814221
33,11223025000000,248568,0.108695,0.111,9.20009,9.00901,1000000000.0,0.8,5.76577e-09,5.19438e-17,0.581145
33,11223026000000,249568,0.110828,0.641,9.02303,1.56006,1000000000.0,0.8,9.9844e-10,1.55763e-18,0.131045
33,11223027000000,250568,0.11088,0.124,9.01875,8.06452,1000000000.0,0.8,5.16129e-09,4.16233e-17,0.683123
33,11223028000000,251568,0.110896,0.115,9.01742,8.69565,1000000000.0,0.8,5.56522e-09,4.83932e-17,0.341153
33,11223029000000,252568,0.112615,0.545,8.87979,1.83486,1000000000.0,0.8,1.17431e-09,2.1547e-18,1.06924
33,11223030000000,253568,0.112609,0.111,8.8803,9.00901,1000000000.0,0.8,5.76577e-09,5.19438e-17,0.663278
33,11223031000000,254568,0.113541,0.35,8.80736,2.85714,1000000000.0,0.8,1.82857e-09,5.2244900000000005e-18,0.137649
33,11223032000000,255568,0.114298,0.307,8.74903,3.25733,1000000000.0,0.8,2.08469e-09,6.7905200000000004e-18,0.908485
33,11223033000000,256568,0.114285,0.111,8.75002,9.00901,1000000000.0,0.8,5.76577e-09,5.19438e-17,0.594684
33,11223034000000,257568,0.116059,0.571,8.61633,1.75131,1000000000.0,0.8,1.12084e-09,1.9629400000000003e-18,0.122618
33,11223035000000,258568,0.116035,0.11,8.61807,9.09091,1000000000.0,0.8,5.81818e-09,5.28926e-17,0.761059
33,11223036000000,259568,0.115923,0.087,8.62639,11.4943,1000000000.0,0.8,7.35632e-09,8.45554e-17,0.389053
33,11223037000000,260568,0.118,0.657,8.47458,1.52207,1000000000.0,0.8,9.74125e-10,1.48269e-18,0.504118
33,11223038000000,261568,0.117973,0.111,8.47651,9.00901,1000000000.0,0.8,5.76577e-09,5.19438e-17,0.671893
33,11223039000000,262568,0.118522,0.262,8.43728,3.81679,1000000000.0,0.8,2.44275e-09,9.32347e-18,0.186363
33,11223040000000,263568,0.119571,0.395,8.36326,2.53165,1000000000.0,0.8,1.62025e-09,4.10191e-18,0.771498
33,11223041000000,264568,0.119538,0.111,8.36552,9.00901,1000000000.0,0.8,5.76577e-09,5.19438e-17,0.508164
33,11223042000000,265568,0.120914,0.485,8.27031,2.06186,1000000000.0,0.8,1.31959e-09,2.7208e-18,0.128528
33,11223043000000,266568,0.121106,0.172,8.25723,5.81395,1000000000.0,0.8,3.72093e-09,2.16333e-17,0.879179
33,11223044000000,267568,0.121068,0.111,8.2598,9.00901,1000000000.0,0.8,5.76577e-09,5.19438e-17,0.411224
33,11223045000000,268568,0.123064,0.657,8.12587,1.52207,1000000000.0,0.8,9.74125e-10,1.48269e-18,0.181763
33,11223046000000,269568,0.123019,0.111,8.12882,9.00901,1000000000.0,0.8,5.76577e-09,5.19438e-17,0.683344
33,11223047000000,270568,0.123211,0.175,8.11615,5.71429,1000000000.0,0.8,3.65714e-09,2.0898e-17,0.253199
33,11223048000000,271568,0.124532,0.482,8.03004,2.07469,1000000000.0,0.8,1.3278e-09,2.75477e-18,1.04328
33,11223049000000,272568,0.124483,0.111,8.03324,9.00901,1000000000.0,0.8,5.76577e-09,5.19438e-17,0.651644
33,11223050000000,273568,0.125472,0.395,7.96993,2.53165,1000000000.0,0.8,1.62025e-09,4.10191e-18,0.144351
33,11223051000000,274568,0.125969,0.262,7.93847,3.81679,1000000000.0,0.8,2.44275e-09,9.32347e-18,0.8407
33,11223052000000,275568,0.125914,0.111,7.9419,9.00901,1000000000.0,0.8,5.76577e-09,5.19438e-17,0.277536
33,11223053000000,276568,0.12769,0.617,7.83146,1.62075,1000000000.0,0.8,1.03728e-09,1.6811600000000002e-18,0.121209
33,11223054000000,277568,0.127724,0.137,7.8294,7.29927,1000000000.0,0.8,4.67153e-09,3.40988e-17,0.691816
33,11223055000000,278568,0.127567,0.084,7.83904,11.9048,1000000000.0,0.8,7.61905e-09,9.07029e-17,0.250884
33,11223056000000,279568,0.12921,0.587,7.73934,1.70358,1000000000.0,0.8,1.09029e-09,1.85739e-18,0.457593
33,11223057000000,280568,0.129145,0.111,7.74322,9.00901,1000000000.0,0.8,5.76577e-09,5.19438e-17,0.653813
33,11223058000000,281568,0.129848,0.327,7.70132,3.0581,1000000000.0,0.8,1.95719e-09,5.9852800000000006e-18,0.15374
33,11223059000000,282568,0.130556,0.33,7.65954,3.0303,1000000000.0,0.8,1.93939e-09,5.87695e-18,0.968092
33,11223060000000,283568,0.130515,0.119,7.66193,8.40336,1000000000.0,0.8,5.37815e-09,4.51945e-17,0.416462
33,11223061000000,284568,0.131997,0.552,7.57595,1.81159,1000000000.0,0.8,1.15942e-09,2.1004e-18,0.132544
33,11223062000000,285568,0.133159,0.464,7.50981,2.15517,1000000000.0,0.8,1.37931e-09,2.97265e-18,0.81032
33,11223063000000,286568,0.133159,0.133,7.50984,7.5188,1000000000.0,0.8,4.81203e-09,3.61807e-17,0.413976
33,11223064000000,287568,0.133666,0.279,7.48135,3.58423,1000000000.0,0.8,2.29391e-09,8.221890000000001e-18,0.138812
33,11223065000000,288568,0.134457,0.362,7.43732,2.76243,1000000000.0,0.8,1.76796e-09,4.88386e-18,0.277643
33,11223066000000,289568,0.134504,0.148,7.43473,6.75676,1000000000.0,0.8,4.32432e-09,2.92184e-17,0.575802
33,11223067000000,290568,0.135744,0.495,7.36678,2.0202,1000000000.0,0.8,1.29293e-09,2.61198e-18,0.389393
33,11223068000000,291568,0.135735,0.133,7.36729,7.5188,1000000000.0,0.8,4.81203e-09,3.61807e-17,0.842066
33,11223069000000,292568,0.135661,0.114,7.37133,8.77193,1000000000.0,0.8,5.61404e-09,4.92459e-17,0.482076
33,11223070000000,293568,0.137399,0.646,7.27806,1.54799,1000000000.0,0.8,9.90712e-10,1.5336100000000002e-18,0.292609
33,11223071000000,294568,0.137435,0.148,7.27616,6.75676,1000000000.0,0.8,4.32432e-09,2.92184e-17,0.582379
33,11223072000000,295568,0.137681,0.21,7.26318,4.7619,1000000000.0,0.8,3.04762e-09,1.45125e-17,0.410842
33,11223073000000,296568,0.138626,0.418,7.21366,2.39234,1000000000.0,0.8,1.5311e-09,3.66292e-18,1.052
33,11223074000000,297568,0.138543,0.114,7.21797,8.77193,1000000000.0,0.8,5.61404e-09,4.92459e-17,0.365089
33,11223075000000,298568,0.139626,0.462,7.16197,2.1645,1000000000.0,0.8,1.38528e-09,2.9984400000000003e-18,0.140172
33,11223076000000,299568,0.139775,0.184,7.15438,5.43478,1000000000.0,0.8,3.47826e-09,1.89036e-17,0.7834
33,11223077000000,300568,0.139802,0.148,7.15297,6.75676,1000000000.0,0.8,4.32432e-09,2.92184e-17,0.323102
33,11223078000000,301568,0.141421,0.628,7.07109,1.59236,1000000000.0,0.8,1.01911e-09,1.62278e-18,0.411474
33,11223079000000,302568,0.14133,0.114,7.07563,8.77193,1000000000.0,0.8,5.61404e-09,4.92459e-17,0.489507
33,11223080000000,303568,0.141451,0.178,7.06959,5.61798,1000000000.0,0.8,3.59551e-09,2.01995e-17,0.295486
33,11223081000000,304568,0.142523,0.468,7.0164,2.13675,1000000000.0,0.8,1.36752e-09,2.92205e-18,1.11659
33,11223082000000,305568,0.142541,0.148,7.01552,6.75676,1000000000.0,0.8,4.32432e-09,2.92184e-17,0.480224
33,11223083000000,306568,0.143352,0.391,6.97586,2.55754,1000000000.0,0.8,1.63683e-09,4.18626e-18,0.295005
33,11223084000000,307568,0.143656,0.237,6.96107,4.21941,1000000000.0,0.8,2.70042e-09,1.13942e-17,0.927239
33,11223085000000,308568,0.14356,0.114,6.96573,8.77193,1000000000.0,0.8,5.61404e-09,4.92459e-17,0.470666
33,11223086000000,309568,0.145125,0.628,6.89062,1.59236,1000000000.0,0.8,1.01911e-09,1.62278e-18,0.269235
33,11223087000000,310568,0.145121,0.144,6.89079,6.94444,1000000000.0,0.8,4.44444e-09,3.08642e-17,0.677544
33,11223088000000,311568,0.144928,0.085,6.89997,11.7647,1000000000.0,0.8,7.52941e-09,8.85813e-17,0.66981
33,11223089000000,312568,0.146272,0.565,6.83657,1.76991,1000000000.0,0.8,1.13274e-09,2.0048600000000003e-18,0.981856
33,11223090000000,313568,0.146169,0.114,6.84138,8.77193,1000000000.0,0.8,5.61404e-09,4.92459e-17,0.330332
33,11223091000000,314568,0.146836,0.356,6.81031,2.80899,1000000000.0,0.8,1.79775e-09,5.0498700000000004e-18,0.20095
33,11223092000000,315568,0.14729,0.29,6.78933,3.44828,1000000000.0,0.8,2.2069e-09,7.60999e-18,0.869376
33,11223093000000,316568,0.147292,0.148,6.78923,6.75676,1000000000.0,0.8,4.32432e-09,2.92184e-17,0.642567
33,11223094000000,317568,0.148617,0.568,6.72871,1.76056,1000000000.0,0.8,1.12676e-09,1.98373e-18,0.323346
33,11223095000000,318568,0.148565,0.132,6.73107,7.57576,1000000000.0,0.8,4.84848e-09,3.67309e-17,0.872995
33,11223096000000,319568,0.148316,0.069,6.74237,14.4928,1000000000.0,0.8,9.27536e-09,1.34426e-16,0.320362
33,11223097000000,320568,0.149784,0.619,6.67627,1.61551,1000000000.0,0.8,1.03393e-09,1.6703200000000001e-18,0.365041
33,11223098000000,321568,0.149779,0.148,6.67652,6.75676,1000000000.0,0.8,4.32432e-09,2.92184e-17,0.359865
33,11223099000000,322568,0.150185,0.281,6.65844,3.55872,1000000000.0,0.8,2.27758e-09,8.10527e-18,0.31211
33,11223100000000,323568,0.150794,0.347,6.63158,2.88184,1000000000.0,0.8,1.84438e-09,5.31522e-18,0.918147
33,11223101000000,324568,0.15068,0.114,6.63657,8.77193,1000000000.0,0.8,5.61404e-09,4.92459e-17,0.376529
33,11223102000000,325568,0.151873,0.539,6.58445,1.85529,1000000000.0,0.8,1.18738e-09,2.20294e-18,0.206775
33,11223103000000,326568,0.151736,0.107,6.59041,9.34579,1000000000.0,0.8,5.98131e-09,5.59001e-17,0.797043
33,11223104000000,327568,0.151724,0.148,6.59091,6.75676,1000000000.0,0.8,4.32432e-09,2.92184e-17,0.421324
33,11223105000000,328568,0.153174,0.628,6.52853,1.59236,1000000000.0,0.8,1.01911e-09,1.62278e-18,0.288324
33,11223106000000,329568,0.153055,0.114,6.5336,8.77193,1000000000.0,0.8,5.61404e-09,4.92459e-17,0.407589
33,11223107000000,330568,0.153354,0.252,6.52085,3.96825,1000000000.0,0.8,2.53968e-09,1.00781e-17,0.22856
33,11223108000000,331568,0.15408,0.394,6.49013,2.53807,1000000000.0,0.8,1.62437e-09,4.1227600000000004e-18,0.789203
33,11223109000000,332568,0.154062,0.148,6.4909,6.75676,1000000000.0,0.8,4.32432e-09,2.92184e-17,0.40146
33,11223110000000,333568,0.154988,0.463,6.45212,2.15983,1000000000.0,0.8,1.38229e-09,2.98551e-18,0.290401
33,11223111000000,334568,0.155018,0.165,6.45087,6.06061,1000000000.0,0.8,3.87879e-09,2.35078e-17,0.923011
33,11223112000000,335568,0.154896,0.114,6.45596,8.77193,1000000000.0,0.8,5.61404e-09,4.92459e-17,0.253267
33,11223113000000,336568,0.156322,0.635,6.39705,1.5748,1000000000.0,0.8,1.00787e-09,1.5872e-18,0.251136
33,11223114000000,336661,0.156359,0.290323,6.39554,3.44444,1000000000.0,0.8,2.20444e-09,7.59309e-18,0.237229
33,11223115000000,336661,0.156359,,6.39554,0.0,1000000000.0,0.8,0.0,0.0,0.0
34,10205500000000,15545,0.048826,0.048826,20.4809,20.4809,4000000000.0,1.0,5.12022e-09,2.62167e-17,0.0
34,10205501000000,19545,0.0717319,0.16075,13.9408,6.22084,4000000000.0,1.0,1.55521e-09,2.4186800000000002e-18,4.0
34,10205502000000,20872,0.0672192,0.00075358,14.8767,1327.0,2000000000.0,0.9,5.37435e-07,3.56588e-13,0.379835
34,11206193000000,38565,0.104395,0.148251,9.57899,6.74533,4000000000.0,1.0,1.68633e-09,2.8437200000000004e-18,0.0
34,11206194000000,39926,0.100887,0.00146951,9.91212,680.5,2000000000.0,0.9,2.75603e-07,9.37738e-14,0.806281
34,11206195000000,39926,0.100887,,9.91212,0.0,1000000000.0,0.8,0.0,0.0,0.0
34,11222906000000,42006,0.0964624,0.0115385,10.3667,86.6667,1000000000.0,0.8,5.54667e-08,4.80711e-15,0.0
34,11222907000000,46006,0.0899883,0.022,11.1126,45.4545,4000000000.0,1.0,1.13636e-08,1.29132e-16,4.0
34,11222908000000,50006,0.08333,0.00675,12.0005,148.148,4000000000.0,1.0,3.7037e-08,1.37174e-15,4.0
34,11222909000000,54006,0.0802133,0.04125,12.4668,24.2424,4000000000.0,1.0,6.06061e-09,3.67309e-17,3.18338
34,11222910000000,56006,0.0777774,0.012,12.8572,83.3333,2000000000.0,0.9,3.375e-08,1.40625e-15,1.84615
34,11222911000000,57006,0.0793601,0.168,12.6008,5.95238,1000000000.0,0.8,3.80952e-09,2.26757e-17,0.861538
34,11222912000000,59006,0.0770769,0.012,12.9741,83.3333,2000000000.0,0.9,3.375e-08,1.40625e-15,1.1318
34,11222913000000,60006,0.0769923,0.072,12.9883,13.8889,1000000000.0,0.8,8.88889e-09,1.23457e-16,0.861538
34,11222914000000,64006,0.0736806,0.024,13.5721,41.6667,4000000000.0,1.0,1.04167e-08,1.08507e-16,3.28153
34,11222915000000,66006,0.0718117,0.012,13.9253,83.3333,2000000000.0,0.9,3.375e-08,1.40625e-15,1.81045
34,11222916000000,68006,0.0721701,0.084,13.8562,11.9048,2000000000.0,0.9,4.82143e-09,2.8699e-17,0.861538
34,11222917000000,72006,0.0683276,0.003,14.6354,333.333,4000000000.0,1.0,8.33333e-08,6.94444e-15,1.51643
34,11222918000000,74006,0.0689133,0.09,14.511,11.1111,2000000000.0,0.9,4.5e-09,2.5e-17,0.470664
34,11222919000000,78006,0.0655334,0.003,15.2594,333.333,4000000000.0,1.0,8.33333e-08,6.94444e-15,1.52373
34,11222920000000,80006,0.0659326,0.0815,15.167,12.2699,2000000000.0,0.9,4.96933e-09,3.04867e-17,0.470664
34,11222921000000,84006,0.0631383,0.00725,15.8382,137.931,4000000000.0,1.0,3.44828e-08,1.18906e-15,2.11246
34,11222922000000,85006,0.0623956,0.0,16.0268,0.0,1000000000.0,0.8,0.0,0.0,0.742612
34,11222923000000,87006,0.0630301,0.09,15.8654,11.1111,2000000000.0,0.9,4.5e-09,2.5e-17,0.0207744
34,11222924000000,91006,0.0603916,0.003,16.5586,333.333,4000000000.0,1.0,8.33333e-08,6.94444e-15,1.49173
34,11222925000000,92006,0.0616916,0.18,16.2097,5.55556,1000000000.0,0.8,3.55556e-09,1.97531e-17,0.461538
34,11222926000000,96006,0.0592463,0.003,16.8787,333.333,4000000000.0,1.0,8.33333e-08,6.94444e-15,1.14263
34,11222927000000,97006,0.0604911,0.18,16.5314,5.55556,1000000000.0,0.8,3.55556e-09,1.97531e-17,0.461538
34,11222928000000,101006,0.0582144,0.003,17.1779,333.333,4000000000.0,1.0,8.33333e-08,6.94444e-15,1.14263
34,11222929000000,102006,0.0576437,0.0,17.348,0.0,1000000000.0,0.8,0.0,0.0,0.461538
34,11222930000000,104006,0.0582659,0.09,17.1627,11.1111,2000000000.0,0.9,4.5e-09,2.5e-17,0.0287101
34,11222931000000,106006,0.057393,0.012,17.4237,83.3333,2000000000.0,0.9,3.375e-08,1.40625e-15,1.52709
34,11222932000000,108006,0.0578857,0.084,17.2754,11.9048,2000000000.0,0.9,4.82143e-09,2.8699e-17,0.861538
34,11222933000000,112006,0.0559256,0.003,17.8809,333.333,4000000000.0,1.0,8.33333e-08,6.94444e-15,1.51643
34,11222934000000,114006,0.0565233,0.09,17.6918,11.1111,2000000000.0,0.9,4.5e-09,2.5e-17,0.470634
34,11222935000000,118006,0.0547091,0.003,18.2785,333.333,4000000000.0,1.0,8.33333e-08,6.94444e-15,1.52372
34,11222936000000,120006,0.0545056,0.0425,18.3467,23.5294,2000000000.0,0.9,9.52941e-09,1.12111e-16,0.470634
34,11222937000000,124006,0.0535135,0.02375,18.6869,42.1053,4000000000.0,1.0,1.05263e-08,1.10803e-16,1.50672
34,11222938000000,128006,0.0519351,0.003,19.2548,333.333,4000000000.0,1.0,8.33333e-08,6.94444e-15,1.78239
34,11222939000000,130006,0.0525207,0.09,19.0401,11.1111,2000000000.0,0.9,4.5e-09,2.5e-17,0.470634
34,11222940000000,134006,0.0510425,0.003,19.5915,333.333,4000000000.0,1.0,8.33333e-08,6.94444e-15,1.52372
34,11222941000000,136006,0.0516154,0.09,19.3741,11.1111,2000000000.0,0.9,4.5e-09,2.5e-17,0.470634
34,11222942000000,140006,0.0502264,0.003,19.9098,333.333,4000000000.0,1.0,8.33333e-08,6.94444e-15,1.49358
34,11222943000000,142006,0.0506669,0.0815,19.7368,12.2699,2000000000.0,0.9,4.96933e-09,3.04867e-17,0.470634
34,11222944000000,146006,0.0494774,0.00725,20.2112,137.931,4000000000.0,1.0,3.44828e-08,1.18906e-15,1.35617
34,11222945000000,150006,0.0481581,0.0,20.765,0.0,4000000000.0,1.0,0.0,0.0,0.944376
34,11222946000000,151006,0.0490312,0.18,20.3952,5.55556,1000000000.0,0.8,3.55556e-09,1.97531e-17,0.015463
34,11222947000000,155006,0.0478433,0.003,20.9016,333.333,4000000000.0,1.0,8.33333e-08,6.94444e-15,1.14191
34,11222948000000,156006,0.0486904,0.18,20.5379,5.55556,1000000000.0,0.8,3.55556e-09,1.97531e-17,0.461538
34,11222949000000,160006,0.0475482,0.003,21.0313,333.333,4000000000.0,1.0,8.33333e-08,6.94444e-15,1.14263
34,11222950000000,161006,0.0483522,0.177,20.6816,5.64972,1000000000.0,0.8,3.61582e-09,2.04284e-17,0.461538
34,11222951000000,165006,0.0471983,0.00075,21.1872,1333.33,4000000000.0,1.0,3.33333e-07,1.11111e-13,1.27645
34,11222952000000,166006,0.0469863,0.012,21.2828,83.3333,1000000000.0,0.8,5.33333e-08,4.44444e-15,9.64619e-22
34,11222953000000,170006,0.0480689,0.093,20.8035,10.7527,4000000000.0,1.0,2.68817e-09,7.22627e-18,3.19508
34,11222954000000,172006,0.0481553,0.0555,20.7661,18.018,2000000000.0,0.9,7.2973e-09,6.57414e-17,4.24856
34,11222955000000,174006,0.0511477,0.3085,19.5512,3.24149,2000000000.0,0.9,1.3128e-09,2.12772e-18,2.9618
34,11222956000000,175006,0.0515297,0.118,19.4063,8.47458,1000000000.0,0.8,5.42373e-09,4.59638e-17,0.383321
34,11222957000000,176006,0.0529811,0.307,18.8746,3.25733,1000000000.0,0.8,2.08469e-09,6.7905200000000004e-18,0.168623
34,11222958000000,177006,0.054597,0.339,18.316,2.94985,1000000000.0,0.8,1.88791e-09,5.569040000000001e-18,0.938217
34,11222959000000,178006,0.0549307,0.114,18.2047,8.77193,1000000000.0,0.8,5.61404e-09,4.92459e-17,0.495762
34,11222960000000,179006,0.0575958,0.532,17.3624,1.8797,1000000000.0,0.8,1.20301e-09,2.2612900000000003e-18,0.127832
34,11222961000000,180006,0.0579536,0.122,17.2552,8.19672,1000000000.0,0.8,5.2459e-09,4.29992e-17,0.889971
34,11222962000000,181006,0.0582633,0.114,17.1635,8.77193,1000000000.0,0.8,5.61404e-09,4.92459e-17,0.322224
34,11222963000000,182006,0.0615364,0.654,16.2505,1.52905,1000000000.0,0.8,9.78593e-10,1.4963200000000001e-18,0.118329
34,11222964000000,183006,0.0618231,0.114,16.1752,8.77193,1000000000.0,0.8,5.61404e-09,4.92459e-17,0.674924
34,11222965000000,184006,0.0626175,0.208,15.97,4.80769,1000000000.0,0.8,3.07692e-09,1.47929e-17,0.242967
34,11222966000000,185006,0.0646898,0.446,15.4584,2.24215,1000000000.0,0.8,1.43498e-09,3.2174400000000004e-18,0.91317
34,11222967000000,186006,0.0649549,0.114,15.3953,8.77193,1000000000.0,0.8,5.61404e-09,4.92459e-17,0.670775
34,11222968000000,187006,0.0668428,0.418,14.9605,2.39234,1000000000.0,0.8,1.5311e-09,3.66292e-18,0.142767
34,11222969000000,188006,0.0677425,0.236,14.7618,4.23729,1000000000.0,0.8,2.71186e-09,1.1491e-17,0.795634
34,11222970000000,189006,0.0679873,0.114,14.7086,8.77193,1000000000.0,0.8,5.61404e-09,4.92459e-17,0.638578
34,11222971000000,190006,0.0709241,0.626,14.0996,1.59744,1000000000.0,0.8,1.02236e-09,1.6331700000000001e-18,0.120694
34,11222972000000,191006,0.0711915,0.122,14.0466,8.19672,1000000000.0,0.8,5.2459e-09,4.29992e-17,0.759936
34,11222973000000,192006,0.0712582,0.084,14.0335,11.9048,1000000000.0,0.8,7.61905e-09,9.07029e-17,0.356356
34,11222974000000,193006,0.0739459,0.59,13.5234,1.69492,1000000000.0,0.8,1.08475e-09,1.83855e-18,0.322723
34,11222975000000,194006,0.0741523,0.114,13.4858,8.77193,1000000000.0,0.8,5.61404e-09,4.92459e-17,0.632146
34,11222976000000,195006,0.0753156,0.301,13.2775,3.32226,1000000000.0,0.8,2.12625e-09,7.06394e-18,0.173391
34,11222977000000,196006,0.0767323,0.353,13.0323,2.83286,1000000000.0,0.8,1.81303e-09,5.136070000000001e-18,0.945728
34,11222978000000,197006,0.0769215,0.114,13.0003,8.77193,1000000000.0,0.8,5.61404e-09,4.92459e-17,0.452697
34,11222979000000,198006,0.079134,0.515,12.6368,1.94175,1000000000.0,0.8,1.24272e-09,2.41305e-18,0.12924
34,11222980000000,199006,0.0794348,0.139,12.5889,7.19424,1000000000.0,0.8,4.60432e-09,3.31246e-17,0.842877
34,11222981000000,200006,0.0796076,0.114,12.5616,8.77193,1000000000.0,0.8,5.61404e-09,4.92459e-17,0.301403
34,11222982000000,201006,0.0824652,0.654,12.1263,1.52905,1000000000.0,0.8,9.78593e-10,1.4963200000000001e-18,0.118124
34,11222983000000,202006,0.0826213,0.114,12.1034,8.77193,1000000000.0,0.8,5.61404e-09,4.92459e-17,0.678133
34,11222984000000,203006,0.083165,0.193,12.0243,5.18135,1000000000.0,0.8,3.31606e-09,1.71817e-17,0.263385
34,11222985000000,204006,0.0850171,0.461,11.7623,2.1692,1000000000.0,0.8,1.38829e-09,3.01147e-18,0.924832
34,11222986000000,205006,0.0851585,0.114,11.7428,8.77193,1000000000.0,0.8,5.61404e-09,4.92459e-17,0.680351
34,11222987000000,206006,0.0866965,0.402,11.5345,2.48756,1000000000.0,0.8,1.59204e-09,3.9603e-18,0.145439
34,11222988000000,207006,0.087495,0.252,11.4292,3.96825,1000000000.0,0.8,2.53968e-09,1.00781e-17,0.793688
34,11222989000000,208006,0.0876225,0.114,11.4126,8.77193,1000000000.0,0.8,5.61404e-09,4.92459e-17,0.46077
34,11222990000000,209006,0.0901601,0.618,11.0914,1.61812,1000000000.0,0.8,1.0356e-09,1.67573e-18,0.121461
34,11222991000000,210006,0.0902831,0.116,11.0763,8.62069,1000000000.0,0.8,5.51724e-09,4.75624e-17,0.790135
34,11222992000000,211006,0.0901823,0.069,11.0887,14.4928,1000000000.0,0.8,9.27536e-09,1.34426e-16,0.23115
34,11222993000000,212006,0.0926766,0.619,10.7902,1.61551,1000000000.0,0.8,1.03393e-09,1.6703200000000001e-18,0.415741
34,11222994000000,213006,0.0927767,0.114,10.7786,8.77193,1000000000.0,0.8,5.61404e-09,4.92459e-17,0.653896
34,11222995000000,214006,0.093703,0.291,10.672,3.43643,1000000000.0,0.8,2.19931e-09,7.55778e-18,0.17935
34,11222996000000,215006,0.0949555,0.363,10.5312,2.75482,1000000000.0,0.8,1.76309e-09,4.85698e-18,0.956991
34,11222997000000,216006,0.0950437,0.114,10.5215,8.77193,1000000000.0,0.8,5.61404e-09,4.92459e-17,0.546741
34,11222998000000,217006,0.0969144,0.501,10.3184,1.99601,1000000000.0,0.8,1.27745e-09,2.5497900000000004e-18,0.130761
34,11222999000000,219006,0.0967097,0.0745,10.3402,13.4228,2000000000.0,0.9,5.43624e-09,3.64848e-17,0.821645
34,11223000000000,220006,0.0968065,0.118,10.3299,8.47458,1000000000.0,0.8,5.42373e-09,4.59638e-17,0.241746
34,11223001000000,221006,0.0993276,0.654,10.0677,1.52905,1000000000.0,0.8,9.78593e-10,1.4963200000000001e-18,0.384539
34,11223002000000,223006,0.0991722,0.082,10.0835,12.1951,2000000000.0,0.9,4.93902e-09,3.0116e-17,0.677098
34,11223003000000,225006,0.0996551,0.1535,10.0346,6.51466,2000000000.0,0.9,2.63844e-09,8.59426e-18,1.10386
34,11223004000000,226006,0.100546,0.301,9.9457,3.32226,1000000000.0,0.8,2.12625e-09,7.06394e-18,1.69337
34,11223005000000,228006,0.100046,0.0435,9.99544,22.9885,2000000000.0,0.9,9.31034e-09,1.07015e-16,0.592846
34,11223006000000,229006,0.0998751,0.061,10.0125,16.3934,1000000000.0,0.8,1.04918e-08,1.71997e-16,0.173479
34,11223007000000,230006,0.0995061,0.015,10.0496,66.6667,1000000000.0,0.8,4.26667e-08,2.84444e-15,0.0348115
34,11223008000000,231006,0.0997377,0.153,10.0263,6.53595,1000000000.0,0.8,4.18301e-09,2.73399e-17,0.158184
34,11223009000000,232006,0.0999629,0.152,10.0037,6.57895,1000000000.0,0.8,4.21053e-09,2.77008e-17,1.29455
34,11223010000000,233006,0.0995854,0.012,10.0416,83.3333,1000000000.0,0.8,5.33333e-08,4.44444e-15,0.108698
34,11223011000000,234006,0.0998009,0.15,10.02,6.66667,1000000000.0,0.8,4.26667e-09,2.84444e-17,0.0989635
34,11223012000000,235006,0.100512,0.267,9.94903,3.74532,1000000000.0,0.8,2.397e-09,8.97754e-18,0.470726
34,11223013000000,236006,0.101603,0.358,9.8422,2.7933,1000000000.0,0.8,1.78771e-09,4.9936e-18,0.806851
34,11223014000000,237006,0.101643,0.111,9.83836,9.00901,1000000000.0,0.8,5.76577e-09,5.19438e-17,0.600293
34,11223015000000,238006,0.103409,0.522,9.67032,1.91571,1000000000.0,0.8,1.22605e-09,2.34876e-18,0.124095
34,11223016000000,239006,0.103541,0.135,9.65798,7.40741,1000000000.0,0.8,4.74074e-09,3.51166e-17,0.895145
34,11223017000000,240006,0.103572,0.111,9.65508,9.00901,1000000000.0,0.8,5.76577e-09,5.19438e-17,0.517328
34,11223018000000,241006,0.105869,0.657,9.44566,1.52207,1000000000.0,0.8,9.74125e-10,1.48269e-18,0.168915
34,11223019000000,242006,0.10589,0.111,9.44377,9.00901,1000000000.0,0.8,5.76577e-09,5.19438e-17,0.695984
34,11223020000000,243006,0.106327,0.212,9.40498,4.71698,1000000000.0,0.8,3.01887e-09,1.42399e-17,0.208191
34,11223021000000,244006,0.107715,0.445,9.2838,2.24719,1000000000.0,0.8,1.4382e-09,3.2319200000000004e-18,0.751832
34,11223022000000,245006,0.107728,0.111,9.28264,9.00901,1000000000.0,0.8,5.76577e-09,5.19438e-17,0.643355
34,11223023000000,246006,0.109058,0.435,9.16941,2.29885,1000000000.0,0.8,1.47126e-09,3.3822200000000003e-18,0.131949
34,11223024000000,247006,0.109516,0.222,9.13112,4.5045,1000000000.0,0.8,2.88288e-09,1.2986e-17,0.799746
34,11223025000000,248006,0.109522,0.111,9.13062,9.00901,1000000000.0,0.8,5.76577e-09,5.19438e-17,0.58103
34,11223026000000,249006,0.111656,0.641,8.95608,1.56006,1000000000.0,0.8,9.9844e-10,1.55763e-18,0.127336
34,11223027000000,250006,0.111705,0.124,8.95213,8.06452,1000000000.0,0.8,5.16129e-09,4.16233e-17,0.713151
34,11223028000000,251006,0.111718,0.115,8.95107,8.69565,1000000000.0,0.8,5.56522e-09,4.83932e-17,0.341494
34,11223029000000,252006,0.113438,0.545,8.81541,1.83486,1000000000.0,0.8,1.17431e-09,2.1547e-18,1.12214
34,11223030000000,253006,0.113428,0.111,8.81615,9.00901,1000000000.0,0.8,5.76577e-09,5.19438e-17,0.650584
34,11223031000000,254006,0.11436,0.35,8.74435,2.85714,1000000000.0,0.8,1.82857e-09,5.2244900000000005e-18,0.139829
34,11223032000000,255006,0.115115,0.307,8.68697,3.25733,1000000000.0,0.8,2.08469e-09,6.7905200000000004e-18,0.87935
34,11223033000000,256006,0.115099,0.111,8.68818,9.00901,1000000000.0,0.8,5.76577e-09,5.19438e-17,0.59283
34,11223034000000,257006,0.116873,0.571,8.55631,1.75131,1000000000.0,0.8,1.12084e-09,1.9629400000000003e-18,0.121445
34,11223035000000,258006,0.116846,0.11,8.55826,9.09091,1000000000.0,0.8,5.81818e-09,5.28926e-17,0.757712
34,11223036000000,259006,0.116731,0.087,8.56671,11.4943,1000000000.0,0.8,7.35632e-09,8.45554e-17,0.419055
34,11223037000000,260006,0.118809,0.657,8.41689,1.52207,1000000000.0,0.8,9.74125e-10,1.48269e-18,0.549943
34,11223038000000,261006,0.118779,0.111,8.41901,9.00901,1000000000.0,0.8,5.76577e-09,5.19438e-17,0.693928
34,11223039000000,262006,0.119326,0.262,8.38044,3.81679,1000000000.0,0.8,2.44275e-09,9.32347e-18,0.18309
34,11223040000000,263006,0.120374,0.395,8.30746,2.53165,1000000000.0,0.8,1.62025e-09,4.10191e-18,0.788571
34,11223041000000,264006,0.120338,0.111,8.30992,9.00901,1000000000.0,0.8,5.76577e-09,5.19438e-17,0.484256
34,11223042000000,265006,0.121714,0.485,8.21597,2.06186,1000000000.0,0.8,1.31959e-09,2.7208e-18,0.126652
34,11223043000000,266006,0.121903,0.172,8.20323,5.81395,1000000000.0,0.8,3.72093e-09,2.16333e-17,0.888133
34,11223044000000,267006,0.121862,0.111,8.20597,9.00901,1000000000.0,0.8,5.76577e-09,5.19438e-17,0.372485
34,11223045000000,268006,0.123859,0.657,8.07369,1.52207,1000000000.0,0.8,9.74125e-10,1.48269e-18,0.16366
34,11223046000000,269006,0.123811,0.111,8.0768,9.00901,1000000000.0,0.8,5.76577e-09,5.19438e-17,0.70134
34,11223047000000,270006,0.124001,0.175,8.06445,5.71429,1000000000.0,0.8,3.65714e-09,2.0898e-17,0.253433
34,11223048000000,271006,0.125322,0.482,7.97945,2.07469,1000000000.0,0.8,1.3278e-09,2.75477e-18,1.08302
34,11223049000000,272006,0.125269,0.111,7.9828,9.00901,1000000000.0,0.8,5.76577e-09,5.19438e-17,0.65112
34,11223050000000,273006,0.126257,0.395,7.92033,2.53165,1000000000.0,0.8,1.62025e-09,4.10191e-18,0.137872
34,11223051000000,274006,0.126753,0.262,7.88938,3.81679,1000000000.0,0.8,2.44275e-09,9.32347e-18,0.819502
34,11223052000000,275006,0.126695,0.111,7.89295,9.00901,1000000000.0,0.8,5.76577e-09,5.19438e-17,0.277201
34,11223053000000,276006,0.128472,0.617,7.78381,1.62075,1000000000.0,0.8,1.03728e-09,1.6811600000000002e-18,0.120285
34,11223054000000,277006,0.128503,0.137,7.78194,7.29927,1000000000.0,0.8,4.67153e-09,3.40988e-17,0.68929
34,11223055000000,278006,0.128343,0.084,7.79165,11.9048,1000000000.0,0.8,7.61905e-09,9.07029e-17,0.250759
34,11223056000000,279006,0.129986,0.587,7.69311,1.70358,1000000000.0,0.8,1.09029e-09,1.85739e-18,0.46615
34,11223057000000,280006,0.129919,0.111,7.69712,9.00901,1000000000.0,0.8,5.76577e-09,5.19438e-17,0.651775
34,11223058000000,281006,0.13062,0.327,7.6558,3.0581,1000000000.0,0.8,1.95719e-09,5.9852800000000006e-18,0.152794
34,11223059000000,282006,0.131327,0.33,7.61458,3.0303,1000000000.0,0.8,1.93939e-09,5.87695e-18,1.01471
34,11223060000000,283006,0.131283,0.119,7.61711,8.40336,1000000000.0,0.8,5.37815e-09,4.51945e-17,0.411691
34,11223061000000,284006,0.132765,0.552,7.53212,1.81159,1000000000.0,0.8,1.15942e-09,2.1004e-18,0.131043
34,11223062000000,285006,0.133927,0.464,7.46675,2.15517,1000000000.0,0.8,1.37931e-09,2.97265e-18,0.80977
34,11223063000000,286006,0.133924,0.133,7.46693,7.5188,1000000000.0,0.8,4.81203e-09,3.61807e-17,0.413633
34,11223064000000,287006,0.134429,0.279,7.43886,3.58423,1000000000.0,0.8,2.29391e-09,8.221890000000001e-18,0.138533
34,11223065000000,288006,0.135219,0.362,7.39539,2.76243,1000000000.0,0.8,1.76796e-09,4.88386e-18,0.352199
34,11223066000000,289006,0.135264,0.148,7.39297,6.75676,1000000000.0,0.8,4.32432e-09,2.92184e-17,0.57613
34,11223067000000,290006,0.136504,0.495,7.32579,2.0202,1000000000.0,0.8,1.29293e-09,2.61198e-18,0.323359
34,11223068000000,291006,0.136492,0.133,7.32644,7.5188,1000000000.0,0.8,4.81203e-09,3.61807e-17,0.843602
34,11223069000000,292006,0.136415,0.114,7.33057,8.77193,1000000000.0,0.8,5.61404e-09,4.92459e-17,0.426721
34,11223070000000,293006,0.138154,0.646,7.23829,1.54799,1000000000.0,0.8,9.90712e-10,1.5336100000000002e-18,0.283872
34,11223071000000,294006,0.138188,0.148,7.23654,6.75676,1000000000.0,0.8,4.32432e-09,2.92184e-17,0.644205
34,11223072000000,295006,0.138431,0.21,7.22381,4.7619,1000000000.0,0.8,3.04762e-09,1.45125e-17,0.382218
34,11223073000000,296006,0.139376,0.418,7.17486,2.39234,1000000000.0,0.8,1.5311e-09,3.66292e-18,1.05472
34,11223074000000,297006,0.13929,0.114,7.17926,8.77193,1000000000.0,0.8,5.61404e-09,4.92459e-17,0.391736
34,11223075000000,298006,0.140373,0.462,7.12388,2.1645,1000000000.0,0.8,1.38528e-09,2.9984400000000003e-18,0.149886
34,11223076000000,299006,0.140519,0.184,7.11648,5.43478,1000000000.0,0.8,3.47826e-09,1.89036e-17,0.776797
34,11223077000000,300006,0.140544,0.148,7.11522,6.75676,1000000000.0,0.8,4.32432e-09,2.92184e-17,0.322181
34,11223078000000,301006,0.142163,0.628,7.03417,1.59236,1000000000.0,0.8,1.01911e-09,1.62278e-18,0.338677
34,11223079000000,302006,0.14207,0.114,7.03878,8.77193,1000000000.0,0.8,5.61404e-09,4.92459e-17,0.495316
34,11223080000000,303006,0.142189,0.178,7.03291,5.61798,1000000000.0,0.8,3.59551e-09,2.01995e-17,0.281681
34,11223081000000,304006,0.14326,0.468,6.9803,2.13675,1000000000.0,0.8,1.36752e-09,2.92205e-18,1.11842
34,11223082000000,305006,0.143276,0.148,6.97954,6.75676,1000000000.0,0.8,4.32432e-09,2.92184e-17,0.479807
34,11223083000000,306006,0.144085,0.391,6.94033,2.55754,1000000000.0,0.8,1.63683e-09,4.18626e-18,0.287452
34,11223084000000,307006,0.144388,0.237,6.92578,4.21941,1000000000.0,0.8,2.70042e-09,1.13942e-17,0.927083
34,11223085000000,308006,0.144289,0.114,6.93052,8.77193,1000000000.0,0.8,5.61404e-09,4.92459e-17,0.481018
34,11223086000000,309006,0.145855,0.628,6.85613,1.59236,1000000000.0,0.8,1.01911e-09,1.62278e-18,0.213207
34,11223087000000,310006,0.145849,0.144,6.85642,6.94444,1000000000.0,0.8,4.44444e-09,3.08642e-17,0.707548
34,11223088000000,311006,0.145653,0.085,6.86563,11.7647,1000000000.0,0.8,7.52941e-09,8.85813e-17,0.669048
34,11223089000000,312006,0.146997,0.565,6.80285,1.76991,1000000000.0,0.8,1.13274e-09,2.0048600000000003e-18,0.9514
34,11223090000000,313006,0.146892,0.114,6.80773,8.77193,1000000000.0,0.8,5.61404e-09,4.92459e-17,0.330811
34,11223091000000,314006,0.147558,0.356,6.77701,2.80899,1000000000.0,0.8,1.79775e-09,5.0498700000000004e-18,0.175587
34,11223092000000,315006,0.14801,0.29,6.75631,3.44828,1000000000.0,0.8,2.2069e-09,7.60999e-18,0.869805
34,11223093000000,316006,0.14801,0.148,6.75631,6.75676,1000000000.0,0.8,4.32432e-09,2.92184e-17,0.642802
34,11223094000000,317006,0.149335,0.568,6.69637,1.76056,1000000000.0,0.8,1.12676e-09,1.98373e-18,0.301555
34,11223095000000,318006,0.14928,0.132,6.69881,7.57576,1000000000.0,0.8,4.84848e-09,3.67309e-17,0.873718
34,11223096000000,319006,0.149029,0.069,6.71012,14.4928,1000000000.0,0.8,9.27536e-09,1.34426e-16,0.326902
34,11223097000000,320006,0.150497,0.619,6.64464,1.61551,1000000000.0,0.8,1.03393e-09,1.6703200000000001e-18,0.335214
34,11223098000000,321006,0.150489,0.148,6.64499,6.75676,1000000000.0,0.8,4.32432e-09,2.92184e-17,0.363553
34,11223099000000,322006,0.150895,0.281,6.62714,3.55872,1000000000.0,0.8,2.27758e-09,8.10527e-18,0.30896
34,11223100000000,323006,0.151502,0.347,6.60058,2.88184,1000000000.0,0.8,1.84438e-09,5.31522e-18,0.91734
34,11223101000000,324006,0.151386,0.114,6.60563,8.77193,1000000000.0,0.8,5.61404e-09,4.92459e-17,0.369149
34,11223102000000,325006,0.152579,0.539,6.55399,1.85529,1000000000.0,0.8,1.18738e-09,2.20294e-18,0.1747
34,11223103000000,326006,0.152439,0.107,6.56,9.34579,1000000000.0,0.8,5.98131e-09,5.59001e-17,0.815796
34,11223104000000,327006,0.152425,0.148,6.56059,6.75676,1000000000.0,0.8,4.32432e-09,2.92184e-17,0.442863
34,11223105000000,328006,0.153875,0.628,6.49877,1.59236,1000000000.0,0.8,1.01911e-09,1.62278e-18,0.257654
34,11223106000000,329006,0.153754,0.114,6.50389,8.77193,1000000000.0,0.8,5.61404e-09,4.92459e-17,0.414496
34,11223107000000,330006,0.154052,0.252,6.49133,3.96825,1000000000.0,0.8,2.53968e-09,1.00781e-17,0.208538
34,11223108000000,331006,0.154777,0.394,6.46092,2.53807,1000000000.0,0.8,1.62437e-09,4.1227600000000004e-18,0.783163
34,11223109000000,332006,0.154756,0.148,6.46178,6.75676,1000000000.0,0.8,4.32432e-09,2.92184e-17,0.39861
34,11223110000000,333006,0.155682,0.463,6.42336,2.15983,1000000000.0,0.8,1.38229e-09,2.98551e-18,0.280923
34,11223111000000,334006,0.15571,0.165,6.4222,6.06061,1000000000.0,0.8,3.87879e-09,2.35078e-17,0.923431
34,11223112000000,335006,0.155585,0.114,6.42734,8.77193,1000000000.0,0.8,5.61404e-09,4.92459e-17,0.252697
34,11223113000000,336006,0.157012,0.635,6.36894,1.5748,1000000000.0,0.8,1.00787e-09,1.5872e-18,0.238891
34,11223114000000,336099,0.157049,0.290323,6.36744,3.44444,1000000000.0,0.8,2.20444e-09,7.59309e-18,0.238101
34,11223115000000,336099,0.157049,,6.36744,0.0,1000000000.0,0.8,0.0,0.0,0.0
35,10205500000000,15545,0.0491476,0.0491476,20.3469,20.3469,4000000000.0,1.0,5.08671e-09,2.58747e-17,0.0
35,10205501000000,19545,0.0717319,0.1595,13.9408,6.26959,4000000000.0,1.0,1.5674e-09,2.4567400000000003e-18,4.0
35,10205502000000,20730,0.0676797,0.000843882,14.7755,1185.0,2000000000.0,0.9,4.79925e-07,2.84356e-13,0.388294
35,11206193000000,38423,0.108529,0.15639,9.21415,6.39429,4000000000.0,1.0,1.59857e-09,2.5554300000000003e-18,0.0
35,11206194000000,39504,0.10561,0.00185014,9.46884,540.5,2000000000.0,0.9,2.18902e-07,5.91584e-14,0.806281
35,11206195000000,39504,0.10561,,9.46884,0.0,1000000000.0,0.8,0.0,0.0,0.0
35,11222906000000,41584,0.100904,0.0115385,9.91039,86.6667,1000000000.0,0.8,5.54667e-08,4.80711e-15,0.0
35,11222907000000,45584,0.0939803,0.022,10.6405,45.4545,4000000000.0,1.0,1.13636e-08,1.29132e-16,4.0
35,11222908000000,49584,0.0869434,0.00675,11.5017,148.148,4000000000.0,1.0,3.7037e-08,1.37174e-15,4.0
35,11222909000000,53584,0.0835324,0.04125,11.9714,24.2424,4000000000.0,1.0,6.06061e-09,3.67309e-17,3.18339
35,11222910000000,55584,0.0809585,0.012,12.352,83.3333,2000000000.0,0.9,3.375e-08,1.40625e-15,1.84615
35,11222911000000,56584,0.0824968,0.168,12.1217,5.95238,1000000000.0,0.8,3.80952e-09,2.26757e-17,0.861538
35,11222912000000,58584,0.0800901,0.012,12.4859,83.3333,2000000000.0,0.9,3.375e-08,1.40625e-15,1.1318
35,11222913000000,59584,0.0799544,0.072,12.5071,13.8889,1000000000.0,0.8,8.88889e-09,1.23457e-16,0.861538
35,11222914000000,63584,0.0764343,0.024,13.0831,41.6667,4000000000.0,1.0,1.04167e-08,1.08507e-16,3.28153
35,11222915000000,65584,0.0744694,0.012,13.4283,83.3333,2000000000.0,0.9,3.375e-08,1.40625e-15,1.82116
35,11222916000000,67584,0.0747514,0.084,13.3777,11.9048,2000000000.0,0.9,4.82143e-09,2.8699e-17,0.861538
35,11222917000000,71584,0.0707421,0.003,14.1359,333.333,4000000000.0,1.0,8.33333e-08,6.94444e-15,1.51691
35,11222918000000,73584,0.0712655,0.09,14.032,11.1111,2000000000.0,0.9,4.5e-09,2.5e-17,0.46373
35,11222919000000,77584,0.0677459,0.003,14.761,333.333,4000000000.0,1.0,8.33333e-08,6.94444e-15,1.52299
35,11222920000000,79584,0.0680916,0.0815,14.6861,12.2699,2000000000.0,0.9,4.96933e-09,3.04867e-17,0.46373
35,11222921000000,83584,0.0651799,0.00725,15.3421,137.931,4000000000.0,1.0,3.44828e-08,1.18906e-15,2.11164
35,11222922000000,84584,0.0644093,0.0,15.5257,0.0,1000000000.0,0.8,0.0,0.0,0.793111
35,11222923000000,86584,0.0650005,0.09,15.3845,11.1111,2000000000.0,0.9,4.5e-09,2.5e-17,0.00498793
35,11222924000000,90584,0.0622627,0.003,16.061,333.333,4000000000.0,1.0,8.33333e-08,6.94444e-15,1.49186
35,11222925000000,91584,0.0635482,0.18,15.7361,5.55556,1000000000.0,0.8,3.55556e-09,1.97531e-17,0.461538
35,11222926000000,95584,0.0610144,0.003,16.3896,333.333,4000000000.0,1.0,8.33333e-08,6.94444e-15,1.14263
35,11222927000000,96584,0.0622463,0.18,16.0652,5.55556,1000000000.0,0.8,3.55556e-09,1.97531e-17,0.461538
35,11222928000000,100584,0.0598902,0.003,16.6972,333.333,4000000000.0,1.0,8.33333e-08,6.94444e-15,1.14263
35,11222929000000,101584,0.0593007,0.0,16.8632,0.0,1000000000.0,0.8,0.0,0.0,0.461538
35,11222930000000,103584,0.0598934,0.09,16.6963,11.1111,2000000000.0,0.9,4.5e-09,2.5e-17,0.00689328
35,11222931000000,105584,0.0589862,0.012,16.9531,83.3333,2000000000.0,0.9,3.375e-08,1.40625e-15,1.5238
35,11222932000000,107584,0.0594512,0.084,16.8205,11.9048,2000000000.0,0.9,4.82143e-09,2.8699e-17,0.861538
35,11222933000000,111584,0.0574276,0.003,17.4132,333.333,4000000000.0,1.0,8.33333e-08,6.94444e-15,1.51691
35,11222934000000,113584,0.0580011,0.09,17.241,11.1111,2000000000.0,0.9,4.5e-09,2.5e-17,0.463722
35,11222935000000,117584,0.0561301,0.003,17.8158,333.333,4000000000.0,1.0,8.33333e-08,6.94444e-15,1.52299
35,11222936000000,119584,0.0559021,0.0425,17.8884,23.5294,2000000000.0,0.9,9.52941e-09,1.12111e-16,0.463722
35,11222937000000,123584,0.0548615,0.02375,18.2277,42.1053,4000000000.0,1.0,1.05263e-08,1.10803e-16,1.50636
35,11222938000000,127584,0.0532355,0.003,18.7845,333.333,4000000000.0,1.0,8.33333e-08,6.94444e-15,1.78105
35,11222939000000,129584,0.0538029,0.09,18.5863,11.1111,2000000000.0,0.9,4.5e-09,2.5e-17,0.463722
35,11222940000000,133584,0.0522817,0.003,19.1271,333.333,4000000000.0,1.0,8.33333e-08,6.94444e-15,1.52299
35,11222941000000,135584,0.0528381,0.09,18.9257,11.1111,2000000000.0,0.9,4.5e-09,2.5e-17,0.463722
35,11222942000000,139584,0.0514099,0.003,19.4515,333.333,4000000000.0,1.0,8.33333e-08,6.94444e-15,1.49231
35,11222943000000,141584,0.051835,0.0815,19.292,12.2699,2000000000.0,0.9,4.96933e-09,3.04867e-17,0.463722
35,11222944000000,145584,0.05061,0.00725,19.759,137.931,4000000000.0,1.0,3.44828e-08,1.18906e-15,1.35547
35,11222945000000,149584,0.0492566,0.0,20.3018,0.0,4000000000.0,1.0,0.0,0.0,0.891975
35,11222946000000,150584,0.0501248,0.18,19.9502,5.55556,1000000000.0,0.8,3.55556e-09,1.97531e-17,0.00371267
35,11222947000000,154584,0.0489054,0.003,20.4476,333.333,4000000000.0,1.0,8.33333e-08,6.94444e-15,1.14246
35,11222948000000,155584,0.049748,0.18,20.1013,5.55556,1000000000.0,0.8,3.55556e-09,1.97531e-17,0.461538
35,11222949000000,159584,0.0485763,0.003,20.5862,333.333,4000000000.0,1.0,8.33333e-08,6.94444e-15,1.14263
35,11222950000000,160584,0.049376,0.177,20.2527,5.64972,1000000000.0,0.8,3.61582e-09,2.04284e-17,0.461538
35,11222951000000,164584,0.0481942,0.00075,20.7494,1333.33,4000000000.0,1.0,3.33333e-07,1.11111e-13,1.27638
35,11222952000000,165584,0.0479756,0.012,20.8439,83.3333,1000000000.0,0.8,5.33333e-08,4.44444e-15,3.30864e-22
35,11222953000000,169584,0.0490376,0.093,20.3925,10.7527,4000000000.0,1.0,2.68817e-09,7.22627e-18,3.19508
35,11222954000000,171584,0.049113,0.0555,20.3612,18.018,2000000000.0,0.9,7.2973e-09,6.57414e-17,4.24826
35,11222955000000,173584,0.0521016,0.3085,19.1933,3.24149,2000000000.0,0.9,1.3128e-09,2.12772e-18,2.96179
35,11222956000000,174584,0.052479,0.118,19.0552,8.47458,1000000000.0,0.8,5.42373e-09,4.59638e-17,0.383134
35,11222957000000,175584,0.0539286,0.307,18.543,3.25733,1000000000.0,0.8,2.08469e-09,6.7905200000000004e-18,0.168463
35,11222958000000,176584,0.055543,0.339,18.0041,2.94985,1000000000.0,0.8,1.88791e-09,5.569040000000001e-18,0.939153
35,11222959000000,177584,0.0558722,0.114,17.898,8.77193,1000000000.0,0.8,5.61404e-09,4.92459e-17,0.493224
35,11222960000000,178584,0.0585383,0.532,17.0828,1.8797,1000000000.0,0.8,1.20301e-09,2.2612900000000003e-18,0.12779
35,11222961000000,179584,0.0588917,0.122,16.9803,8.19672,1000000000.0,0.8,5.2459e-09,4.29992e-17,0.889958
35,11222962000000,180584,0.0591968,0.114,16.8928,8.77193,1000000000.0,0.8,5.61404e-09,4.92459e-17,0.321036
35,11222963000000,181584,0.0624725,0.654,16.0071,1.52905,1000000000.0,0.8,9.78593e-10,1.4963200000000001e-18,0.11831
35,11222964000000,182584,0.0627547,0.114,15.9351,8.77193,1000000000.0,0.8,5.61404e-09,4.92459e-17,0.674899
35,11222965000000,183584,0.0635458,0.208,15.7367,4.80769,1000000000.0,0.8,3.07692e-09,1.47929e-17,0.242248
35,11222966000000,184584,0.0656178,0.446,15.2398,2.24215,1000000000.0,0.8,1.43498e-09,3.2174400000000004e-18,0.911591
35,11222967000000,185584,0.0658785,0.114,15.1795,8.77193,1000000000.0,0.8,5.61404e-09,4.92459e-17,0.688486
35,11222968000000,186584,0.0677657,0.418,14.7567,2.39234,1000000000.0,0.8,1.5311e-09,3.66292e-18,0.142692
35,11222969000000,187584,0.0686626,0.236,14.564,4.23729,1000000000.0,0.8,2.71186e-09,1.1491e-17,0.795294
35,11222970000000,188584,0.068903,0.114,14.5132,8.77193,1000000000.0,0.8,5.61404e-09,4.92459e-17,0.638577
35,11222971000000,189584,0.0718415,0.626,13.9195,1.59744,1000000000.0,0.8,1.02236e-09,1.6331700000000001e-18,0.120666
35,11222972000000,190584,0.0721047,0.122,13.8687,8.19672,1000000000.0,0.8,5.2459e-09,4.29992e-17,0.762068
35,11222973000000,191584,0.0721668,0.084,13.8568,11.9048,1000000000.0,0.8,7.61905e-09,9.07029e-17,0.347627
35,11222974000000,192584,0.0748556,0.59,13.359,1.69492,1000000000.0,0.8,1.08475e-09,1.83855e-18,0.323923
35,11222975000000,193584,0.0750579,0.114,13.3231,8.77193,1000000000.0,0.8,5.61404e-09,4.92459e-17,0.632001
35,11222976000000,194584,0.076219,0.301,13.1201,3.32226,1000000000.0,0.8,2.12625e-09,7.06394e-18,0.173191
35,11222977000000,195584,0.0776342,0.353,12.8809,2.83286,1000000000.0,0.8,1.81303e-09,5.136070000000001e-18,0.946856
35,11222978000000,196584,0.0778192,0.114,12.8503,8.77193,1000000000.0,0.8,5.61404e-09,4.92459e-17,0.441727
35,11222979000000,197584,0.0800318,0.515,12.495,1.94175,1000000000.0,0.8,1.24272e-09,2.41305e-18,0.129195
35,11222980000000,198584,0.0803287,0.139,12.4488,7.19424,1000000000.0,0.8,4.60432e-09,3.31246e-17,0.843087
35,11222981000000,199584,0.0804974,0.114,12.4228,8.77193,1000000000.0,0.8,5.61404e-09,4.92459e-17,0.298097
35,11222982000000,200584,0.0833566,0.654,11.9967,1.52905,1000000000.0,0.8,9.78593e-10,1.4963200000000001e-18,0.118104
35,11222983000000,201584,0.0835086,0.114,11.9748,8.77193,1000000000.0,0.8,5.61404e-09,4.92459e-17,0.678121
35,11222984000000,202584,0.0840491,0.193,11.8978,5.18135,1000000000.0,0.8,3.31606e-09,1.71817e-17,0.262156
35,11222985000000,203584,0.0859007,0.461,11.6414,2.1692,1000000000.0,0.8,1.38829e-09,3.01147e-18,0.922858
35,11222986000000,204584,0.086038,0.114,11.6228,8.77193,1000000000.0,0.8,5.61404e-09,4.92459e-17,0.700956
35,11222987000000,205584,0.0875749,0.402,11.4188,2.48756,1000000000.0,0.8,1.59204e-09,3.9603e-18,0.145355
35,11222988000000,206584,0.0883708,0.252,11.316,3.96825,1000000000.0,0.8,2.53968e-09,1.00781e-17,0.793296
35,11222989000000,207584,0.0884943,0.114,11.3002,8.77193,1000000000.0,0.8,5.61404e-09,4.92459e-17,0.46077
35,11222990000000,208584,0.0910329,0.618,10.985,1.61812,1000000000.0,0.8,1.0356e-09,1.67573e-18,0.121431
35,11222991000000,209584,0.091152,0.116,10.9707,8.62069,1000000000.0,0.8,5.51724e-09,4.75624e-17,0.79054
35,11222992000000,210584,0.0910468,0.069,10.9834,14.4928,1000000000.0,0.8,9.27536e-09,1.34426e-16,0.230697
35,11222993000000,211584,0.093542,0.619,10.6904,1.61551,1000000000.0,0.8,1.03393e-09,1.6703200000000001e-18,0.42187
35,11222994000000,212584,0.0936383,0.114,10.6794,8.77193,1000000000.0,0.8,5.61404e-09,4.92459e-17,0.653882
35,11222995000000,213584,0.0945623,0.291,10.575,3.43643,1000000000.0,0.8,2.19931e-09,7.55778e-18,0.179171
35,11222996000000,214584,0.0958133,0.363,10.437,2.75482,1000000000.0,0.8,1.76309e-09,4.85698e-18,0.958337
35,11222997000000,215584,0.0958977,0.114,10.4278,8.77193,1000000000.0,0.8,5.61404e-09,4.92459e-17,0.510995
35,11222998000000,216584,0.0977681,0.501,10.2283,1.99601,1000000000.0,0.8,1.27745e-09,2.5497900000000004e-18,0.130713
35,11222999000000,218584,0.0975552,0.0745,10.2506,13.4228,2000000000.0,0.9,5.43624e-09,3.64848e-17,0.822145
35,11223000000000,219584,0.0976483,0.118,10.2408,8.47458,1000000000.0,0.8,5.42373e-09,4.59638e-17,0.238515
35,11223001000000,220584,0.10017,0.654,9.98298,1.52905,1000000000.0,0.8,9.78593e-10,1.4963200000000001e-18,0.384529
35,11223002000000,222584,0.100007,0.082,9.99928,12.1951,2000000000.0,0.9,4.93902e-09,3.0116e-17,0.677187
35,11223003000000,224584,0.100484,0.1535,9.95188,6.51466,2000000000.0,0.9,2.63844e-09,8.59426e-18,1.10386
35,11223004000000,225584,0.101372,0.301,9.86461,3.32226,1000000000.0,0.8,2.12625e-09,7.06394e-18,1.69337
35,11223005000000,227584,0.100864,0.0435,9.91435,22.9885,2000000000.0,0.9,9.31034e-09,1.07015e-16,0.587235
35,11223006000000,228584,0.100689,0.061,9.93153,16.3934,1000000000.0,0.8,1.04918e-08,1.71997e-16,0.17234
35,11223007000000,229584,0.100316,0.015,9.96848,66.6667,1000000000.0,0.8,4.26667e-08,2.84444e-15,0.0348069
35,11223008000000,230584,0.100545,0.153,9.94582,6.53595,1000000000.0,0.8,4.18301e-09,2.73399e-17,0.158184
35,11223009000000,231584,0.100767,0.152,9.92389,6.57895,1000000000.0,0.8,4.21053e-09,2.77008e-17,1.29472
35,11223010000000,232584,0.100385,0.012,9.96162,83.3333,1000000000.0,0.8,5.33333e-08,4.44444e-15,0.110913
35,11223011000000,233584,0.100598,0.15,9.94059,6.66667,1000000000.0,0.8,4.26667e-09,2.84444e-17,0.0987721
35,11223012000000,234584,0.101307,0.267,9.87099,3.74532,1000000000.0,0.8,2.397e-09,8.97754e-18,0.471952
35,11223013000000,235584,0.102397,0.358,9.76595,2.7933,1000000000.0,0.8,1.78771e-09,4.9936e-18,0.814281
35,11223014000000,236584,0.102433,0.111,9.76248,9.00901,1000000000.0,0.8,5.76577e-09,5.19438e-17,0.600291
35,11223015000000,237584,0.104199,0.522,9.59703,1.91571,1000000000.0,0.8,1.22605e-09,2.34876e-18,0.123665
35,11223016000000,238584,0.104328,0.135,9.58515,7.40741,1000000000.0,0.8,4.74074e-09,3.51166e-17,0.894516
35,11223017000000,239584,0.104356,0.111,9.58259,9.00901,1000000000.0,0.8,5.76577e-09,5.19438e-17,0.517327
35,11223018000000,240584,0.106653,0.657,9.3762,1.52207,1000000000.0,0.8,9.74125e-10,1.48269e-18,0.1563
35,11223019000000,241584,0.106671,0.111,9.37462,9.00901,1000000000.0,0.8,5.76577e-09,5.19438e-17,0.707839
35,11223020000000,242584,0.107105,0.212,9.33662,4.71698,1000000000.0,0.8,3.01887e-09,1.42399e-17,0.208053
35,11223021000000,243584,0.108492,0.445,9.21724,2.24719,1000000000.0,0.8,1.4382e-09,3.2319200000000004e-18,0.755142
35,11223022000000,244584,0.108503,0.111,9.21637,9.00901,1000000000.0,0.8,5.76577e-09,5.19438e-17,0.643352
35,11223023000000,245584,0.109832,0.435,9.10481,2.29885,1000000000.0,0.8,1.47126e-09,3.3822200000000003e-18,0.13138
35,11223024000000,246584,0.110287,0.222,9.06726,4.5045,1000000000.0,0.8,2.88288e-09,1.2986e-17,0.798043
35,11223025000000,247584,0.11029,0.111,9.06702,9.00901,1000000000.0,0.8,5.76577e-09,5.19438e-17,0.581029
35,11223026000000,248584,0.112425,0.641,8.89484,1.56006,1000000000.0,0.8,9.9844e-10,1.55763e-18,0.125032
35,11223027000000,249584,0.112471,0.124,8.89117,8.06452,1000000000.0,0.8,5.16129e-09,4.16233e-17,0.728122
35,11223028000000,250584,0.112481,0.115,8.89037,8.69565,1000000000.0,0.8,5.56522e-09,4.83932e-17,0.341164
35,11223029000000,251584,0.1142,0.545,8.75653,1.83486,1000000000.0,0.8,1.17431e-09,2.1547e-18,1.127
35,11223030000000,252584,0.114188,0.111,8.75751,9.00901,1000000000.0,0.8,5.76577e-09,5.19438e-17,0.642585
35,11223031000000,253584,0.115118,0.35,8.68676,2.85714,1000000000.0,0.8,1.82857e-09,5.2244900000000005e-18,0.141563
35,11223032000000,254584,0.115871,0.307,8.63026,3.25733,1000000000.0,0.8,2.08469e-09,6.7905200000000004e-18,0.877697
35,11223033000000,255584,0.115852,0.111,8.63168,9.00901,1000000000.0,0.8,5.76577e-09,5.19438e-17,0.592191
35,11223034000000,256584,0.117626,0.571,8.50151,1.75131,1000000000.0,0.8,1.12084e-09,1.9629400000000003e-18,0.121113
35,11223035000000,257584,0.117597,0.11,8.50365,9.09091,1000000000.0,0.8,5.81818e-09,5.28926e-17,0.758355
35,11223036000000,258584,0.117478,0.087,8.51221,11.4943,1000000000.0,0.8,7.35632e-09,8.45554e-17,0.440336
35,11223037000000,259584,0.119557,0.657,8.36423,1.52207,1000000000.0,0.8,9.74125e-10,1.48269e-18,0.557645
35,11223038000000,260584,0.119524,0.111,8.36653,9.00901,1000000000.0,0.8,5.76577e-09,5.19438e-17,0.70758
35,11223039000000,261584,0.120069,0.262,8.32858,3.81679,1000000000.0,0.8,2.44275e-09,9.32347e-18,0.180692
35,11223040000000,262584,0.121116,0.395,8.25658,2.53165,1000000000.0,0.8,1.62025e-09,4.10191e-18,0.783095
35,11223041000000,263584,0.121077,0.111,8.2592,9.00901,1000000000.0,0.8,5.76577e-09,5.19438e-17,0.476156
35,11223042000000,264584,0.122453,0.485,8.16642,2.06186,1000000000.0,0.8,1.31959e-09,2.7208e-18,0.126256
35,11223043000000,265584,0.122639,0.172,8.154,5.81395,1000000000.0,0.8,3.72093e-09,2.16333e-17,0.890578
35,11223044000000,266584,0.122596,0.111,8.15691,9.00901,1000000000.0,0.8,5.76577e-09,5.19438e-17,0.345557
35,11223045000000,267584,0.124593,0.657,8.02616,1.52207,1000000000.0,0.8,9.74125e-10,1.48269e-18,0.151203
35,11223046000000,268584,0.124542,0.111,8.02942,9.00901,1000000000.0,0.8,5.76577e-09,5.19438e-17,0.711771
35,11223047000000,269584,0.124729,0.175,8.01737,5.71429,1000000000.0,0.8,3.65714e-09,2.0898e-17,0.253168
35,11223048000000,270584,0.12605,0.482,7.93339,2.07469,1000000000.0,0.8,1.3278e-09,2.75477e-18,1.0877
35,11223049000000,271584,0.125994,0.111,7.93688,9.00901,1000000000.0,0.8,5.76577e-09,5.19438e-17,0.651115
35,11223050000000,272584,0.126981,0.395,7.87519,2.53165,1000000000.0,0.8,1.62025e-09,4.10191e-18,0.136729
35,11223051000000,273584,0.127475,0.262,7.8447,3.81679,1000000000.0,0.8,2.44275e-09,9.32347e-18,0.817008
35,11223052000000,274584,0.127415,0.111,7.8484,9.00901,1000000000.0,0.8,5.76577e-09,5.19438e-17,0.277198
35,11223053000000,275584,0.129202,0.62,7.73982,1.6129,1000000000.0,0.8,1.03226e-09,1.66493e-18,0.120002
35,11223054000000,276584,0.129201,0.129,7.73986,7.75194,1000000000.0,0.8,4.96124e-09,3.84592e-17,0.751071
35,11223055000000,277584,0.129028,0.081,7.75028,12.3457,1000000000.0,0.8,7.90123e-09,9.75461e-17,0.223523
35,11223056000000,278584,0.1307,0.595,7.65109,1.68067,1000000000.0,0.8,1.07563e-09,1.8077800000000003e-18,0.394999
35,11223057000000,279584,0.130658,0.119,7.65355,8.40336,1000000000.0,0.8,5.37815e-09,4.51945e-17,0.653053
35,11223058000000,280584,0.131347,0.324,7.61339,3.08642,1000000000.0,0.8,1.97531e-09,6.09663e-18,0.158992
35,11223059000000,281584,0.132035,0.325,7.57374,3.07692,1000000000.0,0.8,1.96923e-09,6.059170000000001e-18,1.0537
35,11223060000000,282584,0.131961,0.111,7.57801,9.00901,1000000000.0,0.8,5.76577e-09,5.19438e-17,0.406647
35,11223061000000,283584,0.133435,0.55,7.49429,1.81818,1000000000.0,0.8,1.16364e-09,2.1157e-18,0.121528
35,11223062000000,284584,0.134614,0.469,7.42865,2.1322,1000000000.0,0.8,1.36461e-09,2.9096100000000004e-18,0.80859
35,11223063000000,285584,0.134335,0.055,7.44406,18.1818,1000000000.0,0.8,1.16364e-08,2.1157e-16,0.397638
35,11223064000000,286584,0.134156,0.083,7.454,12.0482,1000000000.0,0.8,7.71084e-09,9.29017e-17,0.0968779
35,11223065000000,287584,0.134726,0.298,7.42248,3.3557,1000000000.0,0.8,2.14765e-09,7.20688e-18,0.226255
35,11223066000000,288584,0.135448,0.343,7.38293,2.91545,1000000000.0,0.8,1.86589e-09,5.43991e-18,0.449898
35,11223067000000,289584,0.135539,0.162,7.37794,6.17284,1000000000.0,0.8,3.95062e-09,2.43865e-17,0.350956
35,11223068000000,290584,0.136828,0.51,7.30845,1.96078,1000000000.0,0.8,1.2549e-09,2.46059e-18,0.631008
35,11223069000000,291584,0.136719,0.105,7.31429,9.52381,1000000000.0,0.8,6.09524e-09,5.80499e-17,0.682005
35,11223070000000,292584,0.136535,0.083,7.32412,12.0482,1000000000.0,0.8,7.71084e-09,9.29017e-17,0.381479
35,11223071000000,293584,0.136445,0.11,7.32897,9.09091,1000000000.0,0.8,5.81818e-09,5.28926e-17,0.624004
35,11223072000000,294584,0.137917,0.57,7.25076,1.75439,1000000000.0,0.8,1.12281e-09,1.9698400000000002e-18,0.739758
35,11223073000000,295584,0.137937,0.144,7.24968,6.94444,1000000000.0,0.8,4.44444e-09,3.08642e-17,0.495282
35,11223074000000,296584,0.138507,0.307,7.21984,3.25733,1000000000.0,0.8,2.08469e-09,6.7905200000000004e-18,0.256023
35,11223075000000,297584,0.13912,0.321,7.18802,3.11526,1000000000.0,0.8,1.99377e-09,6.21112e-18,0.692433
35,11223076000000,298584,0.139036,0.114,7.19237,8.77193,1000000000.0,0.8,5.61404e-09,4.92459e-17,0.581926
35,11223077000000,299584,0.140435,0.558,7.12075,1.79211,1000000000.0,0.8,1.14695e-09,2.0554700000000004e-18,0.167856
35,11223078000000,300584,0.14031,0.103,7.12707,9.70874,1000000000.0,0.8,6.21359e-09,6.03261e-17,0.606479
35,11223079000000,301584,0.140286,0.133,7.1283,7.5188,1000000000.0,0.8,4.81203e-09,3.61807e-17,0.544812
35,11223080000000,302584,0.141898,0.628,7.04733,1.59236,1000000000.0,0.8,1.01911e-09,1.62278e-18,0.317271
35,11223081000000,303584,0.141806,0.114,7.05189,8.77193,1000000000.0,0.8,5.61404e-09,4.92459e-17,0.493544
35,11223082000000,304584,0.14224,0.274,7.03038,3.64964,1000000000.0,0.8,2.33577e-09,8.524690000000001e-18,0.381513
35,11223083000000,305584,0.142992,0.372,6.99341,2.68817,1000000000.0,0.8,1.72043e-09,4.624810000000001e-18,0.543984
35,11223084000000,306584,0.143008,0.148,6.99261,6.75676,1000000000.0,0.8,4.32432e-09,2.92184e-17,0.694819
35,11223085000000,307584,0.144123,0.486,6.93851,2.05761,1000000000.0,0.8,1.31687e-09,2.7096100000000003e-18,0.357075
35,11223086000000,308584,0.144116,0.142,6.93884,7.04225,1000000000.0,0.8,4.50704e-09,3.17397e-17,0.624701
35,11223087000000,309584,0.144019,0.114,6.94352,8.77193,1000000000.0,0.8,5.61404e-09,4.92459e-17,0.694176
35,11223088000000,310584,0.145635,0.646,6.86647,1.54799,1000000000.0,0.8,9.90712e-10,1.5336100000000002e-18,0.202162
35,11223089000000,311584,0.145643,0.148,6.86611,6.75676,1000000000.0,0.8,4.32432e-09,2.92184e-17,0.571675
35,11223090000000,312584,0.14582,0.201,6.85777,4.97512,1000000000.0,0.8,3.18408e-09,1.58412e-17,0.42892
35,11223091000000,313584,0.146717,0.427,6.81586,2.34192,1000000000.0,0.8,1.49883e-09,3.51014e-18,0.860223
35,11223092000000,314584,0.146613,0.114,6.82069,8.77193,1000000000.0,0.8,5.61404e-09,4.92459e-17,0.504881
35,11223093000000,315584,0.14758,0.452,6.77597,2.21239,1000000000.0,0.8,1.41593e-09,3.1325900000000004e-18,0.373454
35,11223094000000,316584,0.147727,0.194,6.76924,5.15464,1000000000.0,0.8,3.29897e-09,1.7005e-17,0.49264
35,11223095000000,317584,0.147728,0.148,6.7692,6.75676,1000000000.0,0.8,4.32432e-09,2.92184e-17,0.532525
35,11223096000000,318584,0.149232,0.627,6.70097,1.5949,1000000000.0,0.8,1.02073e-09,1.6279600000000002e-18,0.232444
35,11223097000000,319584,0.149125,0.115,6.70578,8.69565,1000000000.0,0.8,5.56522e-09,4.83932e-17,0.258321
35,11223098000000,320584,0.149178,0.166,6.70341,6.0241,1000000000.0,0.8,3.85542e-09,2.32254e-17,0.520245
35,11223099000000,321584,0.150206,0.48,6.6575,2.08333,1000000000.0,0.8,1.33333e-09,2.77778e-18,0.650255
35,11223100000000,322584,0.1502,0.148,6.65781,6.75676,1000000000.0,0.8,4.32432e-09,2.92184e-17,0.595832
35,11223101000000,323584,0.150916,0.382,6.6262,2.6178,1000000000.0,0.8,1.67539e-09,4.385840000000001e-18,0.330153
35,11223102000000,324584,0.151209,0.246,6.61337,4.06504,1000000000.0,0.8,2.60163e-09,1.05757e-17,0.714951
35,11223103000000,325584,0.151095,0.114,6.61837,8.77193,1000000000.0,0.8,5.61404e-09,4.92459e-17,0.559723
35,11223104000000,326584,0.152543,0.624,6.55554,1.60256,1000000000.0,0.8,1.02564e-09,1.64366e-18,0.180837
35,11223105000000,327584,0.152507,0.141,6.55706,7.0922,1000000000.0,0.8,4.53901e-09,3.21915e-17,0.575413
35,11223106000000,328584,0.152299,0.084,6.56603,11.9048,1000000000.0,0.8,7.61905e-09,9.07029e-17,0.718472
35,11223107000000,329584,0.153575,0.573,6.51146,1.7452,1000000000.0,0.8,1.11693e-09,1.94926e-18,0.592815
35,11223108000000,330584,0.153456,0.114,6.51654,8.77193,1000000000.0,0.8,5.61404e-09,4.92459e-17,0.481537
35,11223109000000,331584,0.154048,0.35,6.49146,2.85714,1000000000.0,0.8,1.82857e-09,5.2244900000000005e-18,0.296138
35,11223110000000,332584,0.154475,0.296,6.47353,3.37838,1000000000.0,0.8,2.16216e-09,7.3046e-18,0.517758
35,11223111000000,333584,0.154456,0.148,6.47434,6.75676,1000000000.0,0.8,4.32432e-09,2.92184e-17,0.607266
35,11223112000000,334584,0.155674,0.562,6.42368,1.77936,1000000000.0,0.8,1.13879e-09,2.02632e-18,0.240243
35,11223113000000,335584,0.155585,0.126,6.42733,7.93651,1000000000.0,0.8,5.07937e-09,4.03124e-17,0.685322
35,11223114000000,336584,0.155334,0.071,6.43773,14.0845,1000000000.0,0.8,9.01408e-09,1.26959e-16,0.645664
35,11223115000000,337548,0.156801,0.669087,6.37749,1.49457,1000000000.0,0.8,9.56527e-10,1.4296e-18,0.482584
36,10205500000000,15545,0.043165,0.043165,23.1669,23.1669,4000000000.0,1.0,5.79173e-09,3.35441e-17,0.0
36,10205501000000,19545,0.0668202,0.15875,14.9655,6.29921,4000000000.0,1.0,1.5748e-09,2.48e-18,4.0
36,10205502000000,21545,0.0606173,0.0,16.4969,0.0,2000000000.0,0.9,0.0,0.0,0.394216
36,11206193000000,39528,0.0969945,0.140577,10.3099,7.11353,4000000000.0,1.0,1.77838e-09,3.16264e-18,0.622704
36,11206194000000,41449,0.0925475,0.00104112,10.8053,960.5,2000000000.0,0.9,3.89003e-07,1.86818e-13,0.811292
36,11206195000000,41449,0.0925475,,10.8053,0.0,1000000000.0,0.8,0.0,0.0,0.0
36,11222906000000,43529,0.0892279,0.0230769,11.2073,43.3333,1000000000.0,0.8,2.77333e-08,1.20178e-15,0.0
36,11222907000000,47529,0.0830651,0.016,12.0388,62.5,4000000000.0,1.0,1.5625e-08,2.44141e-16,4.0
36,11222908000000,51529,0.077141,0.00675,12.9633,148.148,4000000000.0,1.0,3.7037e-08,1.37174e-15,4.0
36,11222909000000,55529,0.0745556,0.04125,13.4128,24.2424,4000000000.0,1.0,6.06061e-09,3.67309e-17,3.18339
36,11222910000000,57529,0.0723809,0.012,13.8158,83.3333,2000000000.0,0.9,3.375e-08,1.40625e-15,1.84615
36,11222911000000,58529,0.0740146,0.168,13.5108,5.95238,1000000000.0,0.8,3.80952e-09,2.26757e-17,0.861538
36,11222912000000,60529,0.0719655,0.012,13.8955,83.3333,2000000000.0,0.9,3.375e-08,1.40625e-15,1.1318
36,11222913000000,61529,0.0719336,0.07,13.9017,14.2857,1000000000.0,0.8,9.14286e-09,1.30612e-16,0.861538
36,11222914000000,65529,0.0690381,0.0245,14.4847,40.8163,4000000000.0,1.0,1.02041e-08,1.04123e-16,2.52548
36,11222915000000,67529,0.0673488,0.012,14.8481,83.3333,2000000000.0,0.9,3.375e-08,1.40625e-15,1.73006
36,11222916000000,69529,0.0678278,0.084,14.7432,11.9048,2000000000.0,0.9,4.82143e-09,2.8699e-17,0.861538
36,11222917000000,73529,0.0644644,0.006,15.5124,166.667,4000000000.0,1.0,4.16667e-08,1.73611e-15,1.49436
36,11222918000000,75529,0.0649817,0.084,15.389,11.9048,2000000000.0,0.9,4.82143e-09,2.8699e-17,0.765295
36,11222919000000,79529,0.0620151,0.006,16.1251,166.667,4000000000.0,1.0,4.16667e-08,1.73611e-15,1.46681
36,11222920000000,81529,0.0624563,0.08,16.0112,12.5,2000000000.0,0.9,5.0625e-09,3.16406e-17,0.765295
36,11222921000000,85529,0.0599095,0.008,16.6918,125.0,4000000000.0,1.0,3.125e-08,9.76562e-16,2.0665
36,11222922000000,86529,0.0592171,0.0,16.887,0.0,1000000000.0,0.8,0.0,0.0,1.03936
36,11222923000000,88529,0.059777,0.084,16.7288,11.9048,2000000000.0,0.9,4.82143e-09,2.8699e-17,0.0011976
36,11222924000000,92529,0.0573226,0.003,17.4451,333.333,4000000000.0,1.0,8.33333e-08,6.94444e-15,1.4771
36,11222925000000,93529,0.0586342,0.18,17.0549,5.55556,1000000000.0,0.8,3.55556e-09,1.97531e-17,0.461538
36,11222926000000,97529,0.0563525,0.003,17.7455,333.333,4000000000.0,1.0,8.33333e-08,6.94444e-15,1.14263
36,11222927000000,98529,0.0576074,0.18,17.3589,5.55556,1000000000.0,0.8,3.55556e-09,1.97531e-17,0.461538
36,11222928000000,102529,0.055477,0.003,18.0255,333.333,4000000000.0,1.0,8.33333e-08,6.94444e-15,1.14263
36,11222929000000,103529,0.0549411,0.0,18.2013,0.0,1000000000.0,0.8,0.0,0.0,0.461538
36,11222930000000,105529,0.0556056,0.09,17.9838,11.1111,2000000000.0,0.9,4.5e-09,2.5e-17,0.00165508
36,11222931000000,107529,0.0547945,0.012,18.25,83.3333,2000000000.0,0.9,3.375e-08,1.40625e-15,1.50446
36,11222932000000,109529,0.0553278,0.084,18.0741,11.9048,2000000000.0,0.9,4.82143e-09,2.8699e-17,0.861538
36,11222933000000,113529,0.0535898,0.006,18.6603,166.667,4000000000.0,1.0,4.16667e-08,1.73611e-15,1.49436
36,11222934000000,115529,0.0541163,0.084,18.4787,11.9048,2000000000.0,0.9,4.82143e-09,2.8699e-17,0.765294
36,11222935000000,119529,0.0525061,0.006,19.0454,166.667,4000000000.0,1.0,4.16667e-08,1.73611e-15,1.46681
36,11222936000000,121529,0.052292,0.0395,19.1234,25.3165,2000000000.0,0.9,1.02532e-08,1.29787e-16,0.765294
36,11222937000000,125529,0.0513348,0.02225,19.48,44.9438,4000000000.0,1.0,1.1236e-08,1.26247e-16,1.37824
36,11222938000000,129529,0.0499348,0.006,20.0261,166.667,4000000000.0,1.0,4.16667e-08,1.73611e-15,1.78595
36,11222939000000,131529,0.0504528,0.084,19.8205,11.9048,2000000000.0,0.9,4.82143e-09,2.8699e-17,0.765294
36,11222940000000,135529,0.0491408,0.006,20.3497,166.667,4000000000.0,1.0,4.16667e-08,1.73611e-15,1.46681
36,11222941000000,137529,0.0496477,0.084,20.1419,11.9048,2000000000.0,0.9,4.82143e-09,2.8699e-17,0.765294
36,11222942000000,141529,0.0483293,0.003,20.6914,333.333,4000000000.0,1.0,8.33333e-08,6.94444e-15,1.47721
36,11222943000000,143529,0.0487915,0.0815,20.4954,12.2699,2000000000.0,0.9,4.96933e-09,3.04867e-17,0.462063
36,11222944000000,147529,0.0476652,0.00725,20.9797,137.931,4000000000.0,1.0,3.44828e-08,1.18906e-15,1.34542
36,11222945000000,151529,0.046407,0.0,21.5485,0.0,4000000000.0,1.0,0.0,0.0,0.866298
36,11222946000000,152529,0.0472828,0.18,21.1493,5.55556,1000000000.0,0.8,3.55556e-09,1.97531e-17,0.000891412
36,11222947000000,156529,0.0461512,0.003,21.6679,333.333,4000000000.0,1.0,8.33333e-08,6.94444e-15,1.14259
36,11222948000000,157529,0.0470009,0.18,21.2762,5.55556,1000000000.0,0.8,3.55556e-09,1.97531e-17,0.461538
36,11222949000000,161529,0.0459113,0.003,21.7811,333.333,4000000000.0,1.0,8.33333e-08,6.94444e-15,1.14263
36,11222950000000,162529,0.046724,0.178,21.4023,5.61798,1000000000.0,0.8,3.59551e-09,2.01995e-17,0.461538
36,11222951000000,166529,0.0456137,0.0005,21.9232,2000.0,4000000000.0,1.0,5e-07,2.5e-13,1.14111
36,11222952000000,167529,0.045413,0.012,22.0201,83.3333,1000000000.0,0.8,5.33333e-08,4.44444e-15,0.075
36,11222953000000,171529,0.0465227,0.093,21.4949,10.7527,4000000000.0,1.0,2.68817e-09,7.22627e-18,3.19508
36,11222954000000,173529,0.0466262,0.0555,21.4472,18.018,2000000000.0,0.9,7.2973e-09,6.57414e-17,4.24804
36,11222955000000,175529,0.04961,0.3085,20.1572,3.24149,2000000000.0,0.9,1.3128e-09,2.12772e-18,2.96328
36,11222956000000,176529,0.0499975,0.118,20.001,8.47458,1000000000.0,0.8,5.42373e-09,4.59638e-17,0.377542
36,11222957000000,177529,0.0511916,0.262,19.5344,3.81679,1000000000.0,0.8,2.44275e-09,9.32347e-18,0.186695
36,11222958000000,178529,0.0530558,0.384,18.8481,2.60417,1000000000.0,0.8,1.66667e-09,4.3402800000000005e-18,0.850757
36,11222959000000,179529,0.0533953,0.114,18.7282,8.77193,1000000000.0,0.8,5.61404e-09,4.92459e-17,0.453546
36,11222960000000,180529,0.0557639,0.481,17.9328,2.079,1000000000.0,0.8,1.33056e-09,2.76624e-18,0.132365
36,11222961000000,181529,0.0564097,0.173,17.7274,5.78035,1000000000.0,0.8,3.69942e-09,2.13839e-17,0.803815
36,11222962000000,182529,0.0567252,0.114,17.6288,8.77193,1000000000.0,0.8,5.61404e-09,4.92459e-17,0.276797
36,11222963000000,183529,0.0599796,0.654,16.6723,1.52905,1000000000.0,0.8,9.78593e-10,1.4963200000000001e-18,0.120378
36,11222964000000,184529,0.0602724,0.114,16.5914,8.77193,1000000000.0,0.8,5.61404e-09,4.92459e-17,0.67267
36,11222965000000,185529,0.0607452,0.148,16.4622,6.75676,1000000000.0,0.8,4.32432e-09,2.92184e-17,0.316273
36,11222966000000,186529,0.0631323,0.506,15.8398,1.97628,1000000000.0,0.8,1.26482e-09,2.49965e-18,1.17639
36,11222967000000,187529,0.0634035,0.114,15.772,8.77193,1000000000.0,0.8,5.61404e-09,4.92459e-17,0.730656
36,11222968000000,188529,0.0650033,0.365,15.3838,2.73973,1000000000.0,0.8,1.75342e-09,4.8039e-18,0.151053
36,11222969000000,189529,0.0661851,0.289,15.1091,3.46021,1000000000.0,0.8,2.21453e-09,7.66274e-18,0.842528
36,11222970000000,190529,0.0664361,0.114,15.0521,8.77193,1000000000.0,0.8,5.61404e-09,4.92459e-17,0.657913
36,11222971000000,191529,0.0691175,0.58,14.4681,1.72414,1000000000.0,0.8,1.10345e-09,1.9025e-18,0.123703
36,11222972000000,192529,0.0692727,0.099,14.4357,10.101,1000000000.0,0.8,6.46465e-09,6.52995e-17,0.740162
36,11222973000000,193529,0.0693746,0.089,14.4145,11.236,1000000000.0,0.8,7.19101e-09,8.07979e-17,0.216978
36,11222974000000,194529,0.07238,0.654,13.816,1.52905,1000000000.0,0.8,9.78593e-10,1.4963200000000001e-18,0.389219
36,11222975000000,195529,0.0725928,0.114,13.7755,8.77193,1000000000.0,0.8,5.61404e-09,4.92459e-17,0.642565
36,11222976000000,196529,0.073526,0.256,13.6006,3.90625,1000000000.0,0.8,2.5e-09,9.76563e-18,0.193133
36,11222977000000,197529,0.0751687,0.398,13.3034,2.51256,1000000000.0,0.8,1.60804e-09,4.0403e-18,0.857617
36,11222978000000,198529,0.0753643,0.114,13.2689,8.77193,1000000000.0,0.8,5.61404e-09,4.92459e-17,0.418909
36,11222979000000,199529,0.0773221,0.466,12.9329,2.14592,1000000000.0,0.8,1.37339e-09,2.9471900000000003e-18,0.134084
36,11222980000000,200529,0.077874,0.188,12.8413,5.31915,1000000000.0,0.8,3.40426e-09,1.81077e-17,0.85482
36,11222981000000,201529,0.0780533,0.114,12.8118,8.77193,1000000000.0,0.8,5.61404e-09,4.92459e-17,0.259701
36,11222982000000,202529,0.0808724,0.649,12.3652,1.54083,1000000000.0,0.8,9.86133e-10,1.5194600000000002e-18,0.120266
36,11222983000000,203529,0.0810548,0.118,12.3373,8.47458,1000000000.0,0.8,5.42373e-09,4.59638e-17,0.675313
36,11222984000000,204529,0.0813039,0.132,12.2995,7.57576,1000000000.0,0.8,4.84848e-09,3.67309e-17,0.403551
36,11222985000000,205529,0.0834529,0.523,11.9828,1.91205,1000000000.0,0.8,1.22371e-09,2.3397900000000003e-18,1.14823
36,11222986000000,206529,0.0836009,0.114,11.9616,8.77193,1000000000.0,0.8,5.61404e-09,4.92459e-17,0.747711
36,11222987000000,207529,0.0848942,0.352,11.7794,2.84091,1000000000.0,0.8,1.81818e-09,5.165290000000001e-18,0.15451
36,11222988000000,208529,0.0859353,0.302,11.6367,3.31126,1000000000.0,0.8,2.11921e-09,7.01724e-18,0.853039
36,11222989000000,209529,0.0860692,0.114,11.6186,8.77193,1000000000.0,0.8,5.61404e-09,4.92459e-17,0.531052
36,11222990000000,210529,0.0883346,0.563,11.3206,1.7762,1000000000.0,0.8,1.13677e-09,2.01912e-18,0.124636
36,11222991000000,211529,0.0884134,0.105,11.3105,9.52381,1000000000.0,0.8,6.09524e-09,5.80499e-17,0.763046
36,11222992000000,212529,0.0884679,0.1,11.3035,10.0,1000000000.0,0.8,6.4e-09,6.4e-17,0.3949
36,11222993000000,213529,0.0911164,0.654,10.975,1.52905,1000000000.0,0.8,9.78593e-10,1.4963200000000001e-18,0.293754
36,11222994000000,214529,0.0912231,0.114,10.9621,8.77193,1000000000.0,0.8,5.61404e-09,4.92459e-17,0.649805
36,11222995000000,215529,0.0919319,0.244,10.8776,4.09836,1000000000.0,0.8,2.62295e-09,1.07498e-17,0.202205
36,11222996000000,216529,0.0934009,0.41,10.7065,2.43902,1000000000.0,0.8,1.56098e-09,3.80726e-18,0.836004
36,11222997000000,217529,0.0934956,0.114,10.6957,8.77193,1000000000.0,0.8,5.61404e-09,4.92459e-17,0.470261
36,11222998000000,218529,0.0951361,0.452,10.5113,2.21239,1000000000.0,0.8,1.41593e-09,3.1325900000000004e-18,0.135951
36,11222999000000,220529,0.0952256,0.105,10.5014,9.52381,2000000000.0,0.9,3.85714e-09,1.83673e-17,0.873573
36,11223000000000,221529,0.0953103,0.114,10.492,8.77193,1000000000.0,0.8,5.61404e-09,4.92459e-17,0.256265
36,11223001000000,222529,0.097785,0.646,10.2265,1.54799,1000000000.0,0.8,9.90712e-10,1.5336100000000002e-18,0.307772
36,11223002000000,224529,0.0976444,0.082,10.2412,12.1951,2000000000.0,0.9,4.93902e-09,3.0116e-17,0.662532
36,11223003000000,226529,0.0980051,0.1385,10.2035,7.22022,2000000000.0,0.9,2.92419e-09,1.05566e-17,1.10386
36,11223004000000,227529,0.098994,0.323,10.1016,3.09598,1000000000.0,0.8,1.98142e-09,6.134440000000001e-18,1.64165
36,11223005000000,229529,0.0985453,0.0475,10.1476,21.0526,2000000000.0,0.9,8.52632e-09,8.97507e-17,0.542494
36,11223006000000,230529,0.0983824,0.061,10.1644,16.3934,1000000000.0,0.8,1.04918e-08,1.71997e-16,0.167273
36,11223007000000,231529,0.0980223,0.015,10.2018,66.6667,1000000000.0,0.8,4.26667e-08,2.84444e-15,0.0351069
36,11223008000000,232529,0.0982329,0.147,10.1799,6.80272,1000000000.0,0.8,4.35374e-09,2.96173e-17,0.158035
36,11223009000000,233529,0.0984888,0.158,10.1534,6.32911,1000000000.0,0.8,4.05063e-09,2.56369e-17,0.322845
36,11223010000000,234529,0.0981201,0.012,10.1916,83.3333,1000000000.0,0.8,5.33333e-08,4.44444e-15,0.111188
36,11223011000000,235529,0.0983233,0.146,10.1705,6.84932,1000000000.0,0.8,4.38356e-09,3.00244e-17,0.0987459
36,11223012000000,236529,0.0990153,0.262,10.0994,3.81679,1000000000.0,0.8,2.44275e-09,9.32347e-18,0.54027
36,11223013000000,237529,0.100144,0.367,9.98566,2.7248,1000000000.0,0.8,1.74387e-09,4.75169e-18,0.806983
36,11223014000000,238529,0.100189,0.111,9.98113,9.00901,1000000000.0,0.8,5.76577e-09,5.19438e-17,0.597097
36,11223015000000,239529,0.101904,0.511,9.81314,1.95695,1000000000.0,0.8,1.25245e-09,2.4509700000000003e-18,0.124059
36,11223016000000,240529,0.102087,0.146,9.79552,6.84932,1000000000.0,0.8,4.38356e-09,3.00244e-17,0.86351
36,11223017000000,241529,0.102124,0.111,9.79198,9.00901,1000000000.0,0.8,5.76577e-09,5.19438e-17,0.48
36,11223018000000,242529,0.104412,0.657,9.57742,1.52207,1000000000.0,0.8,9.74125e-10,1.48269e-18,0.146173
36,11223019000000,243529,0.104439,0.111,9.57494,9.00901,1000000000.0,0.8,5.76577e-09,5.19438e-17,0.714075
36,11223020000000,244529,0.104838,0.202,9.5385,4.9505,1000000000.0,0.8,3.16832e-09,1.56847e-17,0.216124
36,11223021000000,245529,0.106264,0.455,9.41049,2.1978,1000000000.0,0.8,1.40659e-09,3.09141e-18,0.79676
36,11223022000000,246529,0.106284,0.111,9.40879,9.00901,1000000000.0,0.8,5.76577e-09,5.19438e-17,0.642214
36,11223023000000,247529,0.107571,0.425,9.29617,2.35294,1000000000.0,0.8,1.50588e-09,3.54325e-18,0.132336
36,11223024000000,248529,0.108072,0.232,9.2531,4.31034,1000000000.0,0.8,2.75862e-09,1.18906e-17,0.767769
36,11223025000000,249529,0.108084,0.111,9.25209,9.00901,1000000000.0,0.8,5.76577e-09,5.19438e-17,0.574373
36,11223026000000,250529,0.110191,0.636,9.07516,1.57233,1000000000.0,0.8,1.00629e-09,1.5822200000000002e-18,0.123323
36,11223027000000,251529,0.11025,0.125,9.07032,8.0,1000000000.0,0.8,5.12e-09,4.096e-17,0.753449
36,11223028000000,252529,0.110229,0.105,9.07203,9.52381,1000000000.0,0.8,6.09524e-09,5.80499e-17,0.329617
36,11223029000000,253529,0.111999,0.559,8.92865,1.78891,1000000000.0,0.8,1.1449e-09,2.04812e-18,1.04758
36,11223030000000,254529,0.111995,0.111,8.92896,9.00901,1000000000.0,0.8,5.76577e-09,5.19438e-17,0.631844
36,11223031000000,255529,0.11288,0.338,8.859,2.95858,1000000000.0,0.8,1.89349e-09,5.6020400000000004e-18,0.144876
36,11223032000000,256529,0.113683,0.319,8.79639,3.1348,1000000000.0,0.8,2.00627e-09,6.289250000000001e-18,1.03046
36,11223033000000,257529,0.113673,0.111,8.79719,9.00901,1000000000.0,0.8,5.76577e-09,5.19438e-17,0.586677
36,11223034000000,258529,0.115391,0.558,8.66616,1.79211,1000000000.0,0.8,1.14695e-09,2.0554700000000004e-18,0.121306
36,11223035000000,259529,0.115386,0.114,8.66657,8.77193,1000000000.0,0.8,5.61404e-09,4.92459e-17,0.810838
36,11223036000000,260529,0.115312,0.096,8.67216,10.4167,1000000000.0,0.8,6.66667e-09,6.94444e-17,0.570979
36,11223037000000,261529,0.117383,0.657,8.51914,1.52207,1000000000.0,0.8,9.74125e-10,1.48269e-18,0.564823
36,11223038000000,262529,0.117358,0.111,8.5209,9.00901,1000000000.0,0.8,5.76577e-09,5.19438e-17,0.714535
36,11223039000000,263529,0.117862,0.25,8.48451,4.0,1000000000.0,0.8,2.56e-09,1.024e-17,0.183509
36,11223040000000,264529,0.118955,0.407,8.40655,2.457,1000000000.0,0.8,1.57248e-09,3.86359e-18,0.856989
36,11223041000000,265529,0.118925,0.111,8.40867,9.00901,1000000000.0,0.8,5.76577e-09,5.19438e-17,0.470921
36,11223042000000,266529,0.120257,0.474,8.31552,2.1097,1000000000.0,0.8,1.35021e-09,2.84855e-18,0.126915
36,11223043000000,267529,0.120492,0.183,8.29933,5.46448,1000000000.0,0.8,3.49727e-09,1.91108e-17,0.804457
36,11223044000000,268529,0.120456,0.111,8.30177,9.00901,1000000000.0,0.8,5.76577e-09,5.19438e-17,0.321014
36,11223045000000,269529,0.122443,0.656,8.16705,1.52439,1000000000.0,0.8,9.7561e-10,1.4872100000000002e-18,0.141896
36,11223046000000,270529,0.122405,0.112,8.16963,8.92857,1000000000.0,0.8,5.71429e-09,5.10204e-17,0.716872
36,11223047000000,271529,0.122558,0.164,8.15941,6.09756,1000000000.0,0.8,3.90244e-09,2.37954e-17,0.272605
36,11223048000000,272529,0.123917,0.493,8.06991,2.0284,1000000000.0,0.8,1.29817e-09,2.63321e-18,1.15411
36,11223049000000,273529,0.12387,0.111,8.07299,9.00901,1000000000.0,0.8,5.76577e-09,5.19438e-17,0.666034
36,11223050000000,274529,0.124832,0.388,8.01077,2.57732,1000000000.0,0.8,1.64948e-09,4.2512500000000004e-18,0.137937
36,11223051000000,275529,0.125355,0.269,7.97733,3.71747,1000000000.0,0.8,2.37918e-09,8.844540000000001e-18,0.806194
36,11223052000000,276529,0.125303,0.111,7.98063,9.00901,1000000000.0,0.8,5.76577e-09,5.19438e-17,0.410409
36,11223053000000,277529,0.127043,0.608,7.87138,1.64474,1000000000.0,0.8,1.05263e-09,1.7313e-18,0.119959
36,11223054000000,278529,0.127064,0.133,7.87005,7.5188,1000000000.0,0.8,4.81203e-09,3.61807e-17,0.746896
36,11223055000000,279529,0.126863,0.071,7.88249,14.0845,1000000000.0,0.8,9.01408e-09,1.26959e-16,0.268761
36,11223056000000,280529,0.128596,0.613,7.77627,1.63132,1000000000.0,0.8,1.04405e-09,1.7031700000000001e-18,0.521471
36,11223057000000,281529,0.128534,0.111,7.78005,9.00901,1000000000.0,0.8,5.76577e-09,5.19438e-17,0.647037
36,11223058000000,282529,0.129173,0.309,7.74158,3.23625,1000000000.0,0.8,2.0712e-09,6.7029e-18,0.156901
36,11223059000000,283529,0.129944,0.348,7.6956,2.87356,1000000000.0,0.8,1.83908e-09,5.2847100000000006e-18,0.966601
36,11223060000000,284529,0.129878,0.111,7.69955,9.00901,1000000000.0,0.8,5.76577e-09,5.19438e-17,0.400493
36,11223061000000,285529,0.131283,0.531,7.61715,1.88324,1000000000.0,0.8,1.20527e-09,2.2698200000000003e-18,0.124057
36,11223062000000,286529,0.132496,0.479,7.54739,2.08768,1000000000.0,0.8,1.33612e-09,2.7893900000000002e-18,0.839168
36,11223063000000,287529,0.132547,0.147,7.54451,6.80272,1000000000.0,0.8,4.35374e-09,2.96173e-17,0.364465
36,11223064000000,288529,0.132947,0.248,7.52181,4.03226,1000000000.0,0.8,2.58065e-09,1.04058e-17,0.105136
36,11223065000000,289529,0.133845,0.393,7.47133,2.54453,1000000000.0,0.8,1.6285e-09,4.1437600000000005e-18,0.319225
36,11223066000000,290529,0.13356,0.051,7.48728,19.6078,1000000000.0,0.8,1.2549e-08,2.46059e-16,0.421895
36,11223067000000,291529,0.133489,0.113,7.49124,8.84956,1000000000.0,0.8,5.66372e-09,5.01214e-17,0.272184
36,11223068000000,292529,0.134995,0.574,7.40767,1.74216,1000000000.0,0.8,1.11498e-09,1.94248e-18,0.782749
36,11223069000000,293529,0.134978,0.13,7.40861,7.69231,1000000000.0,0.8,4.92308e-09,3.78698e-17,0.677258
36,11223070000000,294529,0.134829,0.091,7.41681,10.989,1000000000.0,0.8,7.03297e-09,7.72854e-17,0.534677
36,11223071000000,295529,0.136352,0.585,7.33395,1.7094,1000000000.0,0.8,1.09402e-09,1.8701100000000003e-18,0.54479
36,11223072000000,296529,0.136277,0.114,7.33801,8.77193,1000000000.0,0.8,5.61404e-09,4.92459e-17,0.57703
36,11223073000000,297529,0.136773,0.284,7.31137,3.52113,1000000000.0,0.8,2.25352e-09,7.93493e-18,0.324741
36,11223074000000,298529,0.137528,0.362,7.27126,2.76243,1000000000.0,0.8,1.76796e-09,4.88386e-18,0.509956
36,11223075000000,299529,0.137563,0.148,7.26942,6.75676,1000000000.0,0.8,4.32432e-09,2.92184e-17,0.341772
36,11223076000000,300529,0.138759,0.497,7.20676,2.01207,1000000000.0,0.8,1.28773e-09,2.591e-18,0.3263
36,11223077000000,301529,0.138733,0.131,7.20809,7.63359,1000000000.0,0.8,4.8855e-09,3.72939e-17,0.549169
36,11223078000000,302529,0.138651,0.114,7.21234,8.77193,1000000000.0,0.8,5.61404e-09,4.92459e-17,0.6195
36,11223079000000,303529,0.140323,0.646,7.12643,1.54799,1000000000.0,0.8,9.90712e-10,1.5336100000000002e-18,0.370527
36,11223080000000,304529,0.140348,0.148,7.12515,6.75676,1000000000.0,0.8,4.32432e-09,2.92184e-17,0.601943
36,11223081000000,305529,0.140582,0.212,7.11327,4.71698,1000000000.0,0.8,3.01887e-09,1.42399e-17,0.520806
36,11223082000000,306529,0.141481,0.416,7.06809,2.40385,1000000000.0,0.8,1.53846e-09,3.69822e-18,0.910431
36,11223083000000,307529,0.141392,0.114,7.07256,8.77193,1000000000.0,0.8,5.61404e-09,4.92459e-17,0.397982
36,11223084000000,308529,0.142431,0.462,7.02096,2.1645,1000000000.0,0.8,1.38528e-09,2.9984400000000003e-18,0.337528
36,11223085000000,309529,0.142565,0.184,7.01434,5.43478,1000000000.0,0.8,3.47826e-09,1.89036e-17,0.479336
36,11223086000000,310529,0.142582,0.148,7.01348,6.75676,1000000000.0,0.8,4.32432e-09,2.92184e-17,0.352878
36,11223087000000,311529,0.144141,0.628,6.93767,1.59236,1000000000.0,0.8,1.01911e-09,1.62278e-18,0.276813
36,11223088000000,312529,0.144044,0.114,6.94231,8.77193,1000000000.0,0.8,5.61404e-09,4.92459e-17,0.342679
36,11223089000000,313529,0.144153,0.178,6.9371,5.61798,1000000000.0,0.8,3.59551e-09,2.01995e-17,0.531455
36,11223090000000,314529,0.145182,0.468,6.8879,2.13675,1000000000.0,0.8,1.36752e-09,2.92205e-18,0.758857
36,11223091000000,315529,0.145191,0.148,6.88747,6.75676,1000000000.0,0.8,4.32432e-09,2.92184e-17,0.384166
36,11223092000000,316529,0.145971,0.392,6.85068,2.55102,1000000000.0,0.8,1.63265e-09,4.16493e-18,0.379519
36,11223093000000,317529,0.146254,0.236,6.8374,4.23729,1000000000.0,0.8,2.71186e-09,1.1491e-17,0.731216
36,11223094000000,318529,0.146153,0.114,6.84214,8.77193,1000000000.0,0.8,5.61404e-09,4.92459e-17,0.516399
36,11223095000000,319529,0.147661,0.628,6.77226,1.59236,1000000000.0,0.8,1.01911e-09,1.62278e-18,0.373906
36,11223096000000,320529,0.147653,0.145,6.77265,6.89655,1000000000.0,0.8,4.41379e-09,3.044e-17,0.507813
36,11223097000000,321529,0.147458,0.085,6.7816,11.7647,1000000000.0,0.8,7.52941e-09,8.85813e-17,0.802332
36,11223098000000,322529,0.148749,0.564,6.72272,1.77305,1000000000.0,0.8,1.13475e-09,2.01197e-18,0.795603
36,11223099000000,323529,0.148642,0.114,6.72757,8.77193,1000000000.0,0.8,5.61404e-09,4.92459e-17,0.378858
36,11223100000000,324529,0.149281,0.356,6.69878,2.80899,1000000000.0,0.8,1.79775e-09,5.0498700000000004e-18,0.283762
36,11223101000000,325529,0.149713,0.29,6.67944,3.44828,1000000000.0,0.8,2.2069e-09,7.60999e-18,0.557339
36,11223102000000,326529,0.149708,0.148,6.67967,6.75676,1000000000.0,0.8,4.32432e-09,2.92184e-17,0.357312
36,11223103000000,327529,0.150988,0.569,6.62304,1.75747,1000000000.0,0.8,1.12478e-09,1.97677e-18,0.308277
36,11223104000000,328529,0.150936,0.134,6.62531,7.46269,1000000000.0,0.8,4.77612e-09,3.56427e-17,0.702117
36,11223105000000,329529,0.150679,0.066,6.63664,15.1515,1000000000.0,0.8,9.69697e-09,1.46924e-16,0.571259
36,11223106000000,330529,0.152096,0.619,6.57481,1.61551,1000000000.0,0.8,1.03393e-09,1.6703200000000001e-18,0.499117
36,11223107000000,331529,0.152083,0.148,6.57535,6.75676,1000000000.0,0.8,4.32432e-09,2.92184e-17,0.286036
36,11223108000000,332529,0.152477,0.283,6.55837,3.53357,1000000000.0,0.8,2.26148e-09,7.99111e-18,0.406814
36,11223109000000,333529,0.153054,0.345,6.53364,2.89855,1000000000.0,0.8,1.85507e-09,5.37702e-18,0.712644
36,11223110000000,334529,0.152937,0.114,6.53862,8.77193,1000000000.0,0.8,5.61404e-09,4.92459e-17,0.454835
36,11223111000000,335529,0.154088,0.539,6.4898,1.85529,1000000000.0,0.8,1.18738e-09,2.20294e-18,0.319507
36,11223112000000,336529,0.153948,0.107,6.4957,9.34579,1000000000.0,0.8,5.98131e-09,5.59001e-17,0.490768
36,11223113000000,337529,0.15393,0.148,6.49644,6.75676,1000000000.0,0.8,4.32432e-09,2.92184e-17,0.562295
36,11223114000000,338529,0.155352,0.635,6.43701,1.5748,1000000000.0,0.8,1.00787e-09,1.5872e-18,0.325455
36,11223115000000,338542,0.155349,0.0769231,6.43714,13.0,1000000000.0,0.8,8.32e-09,1.0816e-16,0.231929
37,10205500000000,15545,0.0444516,0.0444516,22.4964,22.4964,4000000000.0,1.0,5.6241e-09,3.16305e-17,0.0
37,10205501000000,19545,0.0668202,0.15375,14.9655,6.50407,4000000000.0,1.0,1.62602e-09,2.6439300000000002e-18,4.0
37,10205502000000,21545,0.0606173,0.0,16.4969,0.0,2000000000.0,0.9,0.0,0.0,0.394216
37,11206193000000,39252,0.0988994,0.145479,10.1113,6.87384,4000000000.0,1.0,1.71846e-09,2.9531e-18,0.435893
37,11206194000000,40893,0.0949796,0.00121877,10.5286,820.5,2000000000.0,0.9,3.32302e-07,1.36327e-13,0.81514
37,11206195000000,40893,0.0949796,,10.5286,0.0,1000000000.0,0.8,0.0,0.0,0.0
37,11222906000000,42973,0.0914993,0.0230769,10.929,43.3333,1000000000.0,0.8,2.77333e-08,1.20178e-15,0.0
37,11222907000000,46973,0.0850701,0.016,11.755,62.5,4000000000.0,1.0,1.5625e-08,2.44141e-16,4.0
37,11222908000000,50973,0.0789241,0.00675,12.6704,148.148,4000000000.0,1.0,3.7037e-08,1.37174e-15,4.0
37,11222909000000,54973,0.0761829,0.04125,13.1263,24.2424,4000000000.0,1.0,6.06061e-09,3.67309e-17,3.18325
37,11222910000000,56973,0.0739298,0.012,13.5264,83.3333,2000000000.0,0.9,3.375e-08,1.40625e-15,1.84615
37,11222911000000,57973,0.0755524,0.168,13.2358,5.95238,1000000000.0,0.8,3.80952e-09,2.26757e-17,0.861538
37,11222912000000,59973,0.073433,0.012,13.6178,83.3333,2000000000.0,0.9,3.375e-08,1.40625e-15,1.1318
37,11222913000000,60973,0.0733767,0.07,13.6283,14.2857,1000000000.0,0.8,9.14286e-09,1.30612e-16,0.861538
37,11222914000000,64973,0.0703677,0.0245,14.2111,40.8163,4000000000.0,1.0,1.02041e-08,1.04123e-16,2.52358
37,11222915000000,66973,0.0686247,0.012,14.572,83.3333,2000000000.0,0.9,3.375e-08,1.40625e-15,1.65712
37,11222916000000,68973,0.0690705,0.084,14.478,11.9048,2000000000.0,0.9,4.82143e-09,2.8699e-17,0.861538
37,11222917000000,72973,0.0656133,0.006,15.2408,166.667,4000000000.0,1.0,4.16667e-08,1.73611e-15,1.48612
37,11222918000000,74973,0.0661038,0.084,15.1277,11.9048,2000000000.0,0.9,4.82143e-09,2.8699e-17,0.885194
37,11222919000000,78973,0.0630595,0.006,15.858,166.667,4000000000.0,1.0,4.16667e-08,1.73611e-15,1.4795
37,11222920000000,80973,0.0634779,0.08,15.7535,12.5,2000000000.0,0.9,5.0625e-09,3.16406e-17,0.885194
37,11222921000000,84973,0.0608664,0.008,16.4294,125.0,4000000000.0,1.0,3.125e-08,9.76562e-16,2.08586
37,11222922000000,85973,0.0601584,0.0,16.6228,0.0,1000000000.0,0.8,0.0,0.0,1.12773
37,11222923000000,87973,0.0607004,0.084,16.4743,11.9048,2000000000.0,0.9,4.82143e-09,2.8699e-17,0.000287544
37,11222924000000,91973,0.058191,0.003,17.1848,333.333,4000000000.0,1.0,8.33333e-08,6.94444e-15,1.50746
37,11222925000000,92973,0.0595011,0.18,16.8064,5.55556,1000000000.0,0.8,3.55556e-09,1.97531e-17,0.461538
37,11222926000000,96973,0.0571706,0.003,17.4915,333.333,4000000000.0,1.0,8.33333e-08,6.94444e-15,1.14263
37,11222927000000,97973,0.0584243,0.18,17.1162,5.55556,1000000000.0,0.8,3.55556e-09,1.97531e-17,0.461538
37,11222928000000,101973,0.0562502,0.003,17.7777,333.333,4000000000.0,1.0,8.33333e-08,6.94444e-15,1.14263
37,11222929000000,102973,0.0557039,0.0,17.9521,0.0,1000000000.0,0.8,0.0,0.0,0.461538
37,11222930000000,104973,0.0563573,0.09,17.7439,11.1111,2000000000.0,0.9,4.5e-09,2.5e-17,0.000397384
37,11222931000000,106973,0.055528,0.012,18.0089,83.3333,2000000000.0,0.9,3.375e-08,1.40625e-15,1.49492
37,11222932000000,108973,0.0560506,0.084,17.841,11.9048,2000000000.0,0.9,4.82143e-09,2.8699e-17,0.861538
37,11222933000000,112973,0.0542785,0.006,18.4235,166.667,4000000000.0,1.0,4.16667e-08,1.73611e-15,1.48612
37,11222934000000,114973,0.0547955,0.084,18.2497,11.9048,2000000000.0,0.9,4.82143e-09,2.8699e-17,0.885193
37,11222935000000,118973,0.0531549,0.006,18.8129,166.667,4000000000.0,1.0,4.16667e-08,1.73611e-15,1.4795
37,11222936000000,120973,0.0529292,0.0395,18.8932,25.3165,2000000000.0,0.9,1.02532e-08,1.29787e-16,0.885193
37,11222937000000,124973,0.0519472,0.02225,19.2503,44.9438,4000000000.0,1.0,1.1236e-08,1.26247e-16,1.38084
37,11222938000000,128973,0.0505222,0.006,19.7933,166.667,4000000000.0,1.0,4.16667e-08,1.73611e-15,1.80401
37,11222939000000,130973,0.0510334,0.084,19.595,11.9048,2000000000.0,0.9,4.82143e-09,2.8699e-17,0.885193
37,11222940000000,134973,0.0496988,0.006,20.1212,166.667,4000000000.0,1.0,4.16667e-08,1.73611e-15,1.4795
37,11222941000000,136973,0.0501997,0.084,19.9204,11.9048,2000000000.0,0.9,4.82143e-09,2.8699e-17,0.885193
37,11222942000000,140973,0.0488604,0.003,20.4665,333.333,4000000000.0,1.0,8.33333e-08,6.94444e-15,1.50749
37,11222943000000,142973,0.049317,0.0815,20.277,12.2699,2000000000.0,0.9,4.96933e-09,3.04867e-17,0.461664
37,11222944000000,146973,0.0481721,0.00725,20.7589,137.931,4000000000.0,1.0,3.44828e-08,1.18906e-15,1.34071
37,11222945000000,150973,0.0468958,0.0,21.3239,0.0,4000000000.0,1.0,0.0,0.0,0.853717
37,11222946000000,151973,0.0477716,0.18,20.9329,5.55556,1000000000.0,0.8,3.55556e-09,1.97531e-17,0.000214028
37,11222947000000,155973,0.0466235,0.003,21.4484,333.333,4000000000.0,1.0,8.33333e-08,6.94444e-15,1.14262
37,11222948000000,156973,0.0474731,0.18,21.0645,5.55556,1000000000.0,0.8,3.55556e-09,1.97531e-17,0.461538
37,11222949000000,160973,0.046368,0.003,21.5666,333.333,4000000000.0,1.0,8.33333e-08,6.94444e-15,1.14263
37,11222950000000,161973,0.0471807,0.178,21.1951,5.61798,1000000000.0,0.8,3.59551e-09,2.01995e-17,0.461538
37,11222951000000,165973,0.0460557,0.0005,21.7128,2000.0,4000000000.0,1.0,5e-07,2.5e-13,1.14357
37,11222952000000,166973,0.0458517,0.012,21.8094,83.3333,1000000000.0,0.8,5.33333e-08,4.44444e-15,0.207982
37,11222953000000,170973,0.0469548,0.093,21.2971,10.7527,4000000000.0,1.0,2.68817e-09,7.22627e-18,3.19508
37,11222954000000,172973,0.0470536,0.0555,21.2524,18.018,2000000000.0,0.9,7.2973e-09,6.57414e-17,4.24891
37,11222955000000,174973,0.050042,0.3085,19.9832,3.24149,2000000000.0,0.9,1.3128e-09,2.12772e-18,2.95802
37,11222956000000,175973,0.0504282,0.118,19.8302,8.47458,1000000000.0,0.8,5.42373e-09,4.59638e-17,0.388275
37,11222957000000,176973,0.0516237,0.262,19.371,3.81679,1000000000.0,0.8,2.44275e-09,9.32347e-18,0.190558
37,11222958000000,177973,0.0534913,0.384,18.6946,2.60417,1000000000.0,0.8,1.66667e-09,4.3402800000000005e-18,0.775648
37,11222959000000,178973,0.0538293,0.114,18.5772,8.77193,1000000000.0,0.8,5.61404e-09,4.92459e-17,0.443542
37,11222960000000,179973,0.0562029,0.481,17.7927,2.079,1000000000.0,0.8,1.33056e-09,2.76624e-18,0.133006
37,11222961000000,180973,0.0568483,0.173,17.5907,5.78035,1000000000.0,0.8,3.69942e-09,2.13839e-17,0.794404
37,11222962000000,181973,0.0571623,0.114,17.494,8.77193,1000000000.0,0.8,5.61404e-09,4.92459e-17,0.28247
37,11222963000000,182973,0.0604242,0.654,16.5497,1.52905,1000000000.0,0.8,9.78593e-10,1.4963200000000001e-18,0.118283
37,11222964000000,183973,0.0607154,0.114,16.4703,8.77193,1000000000.0,0.8,5.61404e-09,4.92459e-17,0.68594
37,11222965000000,184973,0.0611873,0.148,16.3433,6.75676,1000000000.0,0.8,4.32432e-09,2.92184e-17,0.333878
37,11222966000000,185973,0.0635791,0.506,15.7284,1.97628,1000000000.0,0.8,1.26482e-09,2.49965e-18,1.46933
37,11222967000000,186973,0.0638488,0.114,15.662,8.77193,1000000000.0,0.8,5.61404e-09,4.92459e-17,0.736466
37,11222968000000,187973,0.0654509,0.365,15.2786,2.73973,1000000000.0,0.8,1.75342e-09,4.8039e-18,0.152792
37,11222969000000,188973,0.0666339,0.289,15.0074,3.46021,1000000000.0,0.8,2.21453e-09,7.66274e-18,0.895239
37,11222970000000,189973,0.0668832,0.114,14.9514,8.77193,1000000000.0,0.8,5.61404e-09,4.92459e-17,0.659752
37,11222971000000,190973,0.06957,0.58,14.374,1.72414,1000000000.0,0.8,1.10345e-09,1.9025e-18,0.123574
37,11222972000000,191973,0.0697233,0.099,14.3424,10.101,1000000000.0,0.8,6.46465e-09,6.52995e-17,0.751886
37,11222973000000,192973,0.0698232,0.089,14.3219,11.236,1000000000.0,0.8,7.19101e-09,8.07979e-17,0.200161
37,11222974000000,193973,0.0728349,0.654,13.7297,1.52905,1000000000.0,0.8,9.78593e-10,1.4963200000000001e-18,0.546625
37,11222975000000,194973,0.073046,0.114,13.69,8.77193,1000000000.0,0.8,5.61404e-09,4.92459e-17,0.643793
37,11222976000000,195973,0.0739796,0.256,13.5172,3.90625,1000000000.0,0.8,2.5e-09,9.76563e-18,0.197738
37,11222977000000,196973,0.0756246,0.398,13.2232,2.51256,1000000000.0,0.8,1.60804e-09,4.0403e-18,0.775931
37,11222978000000,197973,0.0758184,0.114,13.1894,8.77193,1000000000.0,0.8,5.61404e-09,4.92459e-17,0.419093
37,11222979000000,198973,0.0777794,0.466,12.8569,2.14592,1000000000.0,0.8,1.37339e-09,2.9471900000000003e-18,0.134834
37,11222980000000,199973,0.0783306,0.188,12.7664,5.31915,1000000000.0,0.8,3.40426e-09,1.81077e-17,0.813435
37,11222981000000,200973,0.0785081,0.114,12.7375,8.77193,1000000000.0,0.8,5.61404e-09,4.92459e-17,0.263615
37,11222982000000,201973,0.0813327,0.649,12.2952,1.54083,1000000000.0,0.8,9.86133e-10,1.5194600000000002e-18,0.118618
37,11222983000000,202973,0.0815133,0.118,12.2679,8.47458,1000000000.0,0.8,5.42373e-09,4.59638e-17,0.689197
37,11222984000000,203973,0.0817608,0.132,12.2308,7.57576,1000000000.0,0.8,4.84848e-09,3.67309e-17,0.43723
37,11222985000000,204973,0.0839135,0.523,11.917,1.91205,1000000000.0,0.8,1.22371e-09,2.3397900000000003e-18,1.38317
37,11222986000000,205973,0.0840596,0.114,11.8963,8.77193,1000000000.0,0.8,5.61404e-09,4.92459e-17,0.760692
37,11222987000000,206973,0.0853541,0.352,11.7159,2.84091,1000000000.0,0.8,1.81818e-09,5.165290000000001e-18,0.156455
37,11222988000000,207973,0.0863958,0.302,11.5746,3.31126,1000000000.0,0.8,2.11921e-09,7.01724e-18,0.921254
37,11222989000000,208973,0.0865279,0.114,11.557,8.77193,1000000000.0,0.8,5.61404e-09,4.92459e-17,0.5336
37,11222990000000,209973,0.0887971,0.563,11.2616,1.7762,1000000000.0,0.8,1.13677e-09,2.01912e-18,0.124632
37,11222991000000,210973,0.0888739,0.105,11.2519,9.52381,1000000000.0,0.8,6.09524e-09,5.80499e-17,0.782953
37,11222992000000,211973,0.0889264,0.1,11.2453,10.0,1000000000.0,0.8,6.4e-09,6.4e-17,0.483716
37,11222993000000,212973,0.0915797,0.654,10.9195,1.52905,1000000000.0,0.8,9.78593e-10,1.4963200000000001e-18,0.409431
37,11222994000000,213973,0.0916845,0.114,10.907,8.77193,1000000000.0,0.8,5.61404e-09,4.92459e-17,0.66131
37,11222995000000,214973,0.092393,0.244,10.8233,4.09836,1000000000.0,0.8,2.62295e-09,1.07498e-17,0.207576
37,11222996000000,215973,0.0938636,0.41,10.6538,2.43902,1000000000.0,0.8,1.56098e-09,3.80726e-18,0.76366
37,11222997000000,216973,0.0939564,0.114,10.6432,8.77193,1000000000.0,0.8,5.61404e-09,4.92459e-17,0.4579
37,11222998000000,217973,0.095599,0.452,10.4604,2.21239,1000000000.0,0.8,1.41593e-09,3.1325900000000004e-18,0.136814
37,11222999000000,219973,0.0956845,0.105,10.451,9.52381,2000000000.0,0.9,3.85714e-09,1.83673e-17,0.823941
37,11223000000000,220973,0.0957674,0.114,10.442,8.77193,1000000000.0,0.8,5.61404e-09,4.92459e-17,0.254672
37,11223001000000,221973,0.0982462,0.646,10.1785,1.54799,1000000000.0,0.8,9.90712e-10,1.5336100000000002e-18,0.257681
37,11223002000000,223973,0.0981011,0.082,10.1936,12.1951,2000000000.0,0.9,4.93902e-09,3.0116e-17,0.65935
37,11223003000000,225973,0.0984587,0.1385,10.1565,7.22022,2000000000.0,0.9,2.92419e-09,1.05566e-17,1.10386
37,11223004000000,226973,0.099448,0.323,10.0555,3.09598,1000000000.0,0.8,1.98142e-09,6.134440000000001e-18,1.62578
37,11223005000000,228973,0.0989942,0.0475,10.1016,21.0526,2000000000.0,0.9,8.52632e-09,8.97507e-17,0.553728
37,11223006000000,229973,0.098829,0.061,10.1185,16.3934,1000000000.0,0.8,1.04918e-08,1.71997e-16,0.166056
37,11223007000000,230973,0.0984661,0.015,10.1558,66.6667,1000000000.0,0.8,4.26667e-08,2.84444e-15,0.0351422
37,11223008000000,231973,0.0986753,0.147,10.1343,6.80272,1000000000.0,0.8,4.35374e-09,2.96173e-17,0.158029
37,11223009000000,232973,0.0989299,0.158,10.1082,6.32911,1000000000.0,0.8,4.05063e-09,2.56369e-17,0.323871
37,11223010000000,233973,0.0985584,0.012,10.1463,83.3333,1000000000.0,0.8,5.33333e-08,4.44444e-15,0.111931
37,11223011000000,234973,0.0987603,0.146,10.1255,6.84932,1000000000.0,0.8,4.38356e-09,3.00244e-17,0.0987407
37,11223012000000,235973,0.0994521,0.262,10.0551,3.81679,1000000000.0,0.8,2.44275e-09,9.32347e-18,0.541123
37,11223013000000,236973,0.100581,0.367,9.94223,2.7248,1000000000.0,0.8,1.74387e-09,4.75169e-18,0.813276
37,11223014000000,237973,0.100625,0.111,9.9379,9.00901,1000000000.0,0.8,5.76577e-09,5.19438e-17,0.602848
37,11223015000000,238973,0.102342,0.511,9.77115,1.95695,1000000000.0,0.8,1.25245e-09,2.4509700000000003e-18,0.124048
37,11223016000000,239973,0.102524,0.146,9.75381,6.84932,1000000000.0,0.8,4.38356e-09,3.00244e-17,0.864253
37,11223017000000,240973,0.102559,0.111,9.75047,9.00901,1000000000.0,0.8,5.76577e-09,5.19438e-17,0.432969
37,11223018000000,241973,0.104851,0.657,9.53739,1.52207,1000000000.0,0.8,9.74125e-10,1.48269e-18,0.139668
37,11223019000000,242973,0.104876,0.111,9.53508,9.00901,1000000000.0,0.8,5.76577e-09,5.19438e-17,0.718431
37,11223020000000,243973,0.105274,0.202,9.49903,4.9505,1000000000.0,0.8,3.16832e-09,1.56847e-17,0.217474
37,11223021000000,244973,0.106702,0.455,9.37193,2.1978,1000000000.0,0.8,1.40659e-09,3.09141e-18,0.815509
37,11223022000000,245973,0.106719,0.111,9.3704,9.00901,1000000000.0,0.8,5.76577e-09,5.19438e-17,0.651173
37,11223023000000,246973,0.108008,0.425,9.25859,2.35294,1000000000.0,0.8,1.50588e-09,3.54325e-18,0.132471
37,11223024000000,247973,0.108508,0.232,9.21593,4.31034,1000000000.0,0.8,2.75862e-09,1.18906e-17,0.76486
37,11223025000000,248973,0.108518,0.111,9.21508,9.00901,1000000000.0,0.8,5.76577e-09,5.19438e-17,0.574613
37,11223026000000,249973,0.110628,0.636,9.03931,1.57233,1000000000.0,0.8,1.00629e-09,1.5822200000000002e-18,0.122188
37,11223027000000,250973,0.110685,0.125,9.03463,8.0,1000000000.0,0.8,5.12e-09,4.096e-17,0.760566
37,11223028000000,251973,0.110663,0.105,9.03647,9.52381,1000000000.0,0.8,6.09524e-09,5.80499e-17,0.321642
37,11223029000000,252973,0.112435,0.559,8.89403,1.78891,1000000000.0,0.8,1.1449e-09,2.04812e-18,1.09791
37,11223030000000,253973,0.112429,0.111,8.89448,9.00901,1000000000.0,0.8,5.76577e-09,5.19438e-17,0.63237
37,11223031000000,254973,0.113314,0.338,8.82504,2.95858,1000000000.0,0.8,1.89349e-09,5.6020400000000004e-18,0.146128
37,11223032000000,255973,0.114118,0.319,8.7629,3.1348,1000000000.0,0.8,2.00627e-09,6.289250000000001e-18,1.04776
37,11223033000000,256973,0.114105,0.111,8.76383,9.00901,1000000000.0,0.8,5.76577e-09,5.19438e-17,0.58832
37,11223034000000,257973,0.115826,0.558,8.63363,1.79211,1000000000.0,0.8,1.14695e-09,2.0554700000000004e-18,0.121269
37,11223035000000,258973,0.115819,0.114,8.63416,8.77193,1000000000.0,0.8,5.61404e-09,4.92459e-17,0.815296
37,11223036000000,259973,0.115743,0.096,8.63985,10.4167,1000000000.0,0.8,6.66667e-09,6.94444e-17,0.57656
37,11223037000000,260973,0.117817,0.657,8.48775,1.52207,1000000000.0,0.8,9.74125e-10,1.48269e-18,0.518652
37,11223038000000,261973,0.117791,0.111,8.48963,9.00901,1000000000.0,0.8,5.76577e-09,5.19438e-17,0.718692
37,11223039000000,262973,0.118294,0.25,8.45355,4.0,1000000000.0,0.8,2.56e-09,1.024e-17,0.183131
37,11223040000000,263973,0.119387,0.407,8.37611,2.457,1000000000.0,0.8,1.57248e-09,3.86359e-18,0.821781
37,11223041000000,264973,0.119356,0.111,8.37833,9.00901,1000000000.0,0.8,5.76577e-09,5.19438e-17,0.459803
37,11223042000000,265973,0.120689,0.474,8.28576,2.1097,1000000000.0,0.8,1.35021e-09,2.84855e-18,0.126993
37,11223043000000,266973,0.120922,0.183,8.26977,5.46448,1000000000.0,0.8,3.49727e-09,1.91108e-17,0.798183
37,11223044000000,267973,0.120885,0.111,8.2723,9.00901,1000000000.0,0.8,5.76577e-09,5.19438e-17,0.317043
37,11223045000000,268973,0.122875,0.656,8.13837,1.52439,1000000000.0,0.8,9.7561e-10,1.4872100000000002e-18,0.135661
37,11223046000000,269973,0.122835,0.112,8.14103,8.92857,1000000000.0,0.8,5.71429e-09,5.10204e-17,0.71955
37,11223047000000,270973,0.122986,0.164,8.13098,6.09756,1000000000.0,0.8,3.90244e-09,2.37954e-17,0.277993
37,11223048000000,271973,0.124347,0.493,8.04202,2.0284,1000000000.0,0.8,1.29817e-09,2.63321e-18,1.20391
37,11223049000000,272973,0.124298,0.111,8.04518,9.00901,1000000000.0,0.8,5.76577e-09,5.19438e-17,0.666122
37,11223050000000,273973,0.125261,0.388,7.98336,2.57732,1000000000.0,0.8,1.64948e-09,4.2512500000000004e-18,0.138131
37,11223051000000,274973,0.125783,0.269,7.95018,3.71747,1000000000.0,0.8,2.37918e-09,8.844540000000001e-18,0.813323
37,11223052000000,275973,0.12573,0.111,7.95357,9.00901,1000000000.0,0.8,5.76577e-09,5.19438e-17,0.505361
37,11223053000000,276973,0.127471,0.608,7.84493,1.64474,1000000000.0,0.8,1.05263e-09,1.7313e-18,0.119876
37,11223054000000,277973,0.127491,0.133,7.8437,7.5188,1000000000.0,0.8,4.81203e-09,3.61807e-17,0.743941
37,11223055000000,278973,0.127288,0.071,7.85618,14.0845,1000000000.0,0.8,9.01408e-09,1.26959e-16,0.298449
37,11223056000000,279973,0.129023,0.613,7.75055,1.63132,1000000000.0,0.8,1.04405e-09,1.7031700000000001e-18,0.426542
37,11223057000000,280973,0.128959,0.111,7.7544,9.00901,1000000000.0,0.8,5.76577e-09,5.19438e-17,0.630659
37,11223058000000,281973,0.129598,0.309,7.7162,3.23625,1000000000.0,0.8,2.0712e-09,6.7029e-18,0.157642
37,11223059000000,282973,0.130369,0.348,7.67052,2.87356,1000000000.0,0.8,1.83908e-09,5.2847100000000006e-18,0.960838
37,11223060000000,283973,0.130301,0.111,7.67453,9.00901,1000000000.0,0.8,5.76577e-09,5.19438e-17,0.399924
37,11223061000000,284973,0.131707,0.531,7.5926,1.88324,1000000000.0,0.8,1.20527e-09,2.2698200000000003e-18,0.124216
37,11223062000000,285973,0.132922,0.479,7.52323,2.08768,1000000000.0,0.8,1.33612e-09,2.7893900000000002e-18,0.855205
37,11223063000000,286973,0.132971,0.147,7.52045,6.80272,1000000000.0,0.8,4.35374e-09,2.96173e-17,0.363766
37,11223064000000,287973,0.13337,0.248,7.49793,4.03226,1000000000.0,0.8,2.58065e-09,1.04058e-17,0.127178
37,11223065000000,288973,0.134269,0.393,7.44776,2.54453,1000000000.0,0.8,1.6285e-09,4.1437600000000005e-18,0.396843
37,11223066000000,289973,0.133981,0.051,7.46372,19.6078,1000000000.0,0.8,1.2549e-08,2.46059e-16,0.415551
37,11223067000000,290973,0.133909,0.113,7.46774,8.84956,1000000000.0,0.8,5.66372e-09,5.01214e-17,0.209235
37,11223068000000,291973,0.135417,0.574,7.38462,1.74216,1000000000.0,0.8,1.11498e-09,1.94248e-18,0.803235
37,11223069000000,292973,0.135398,0.13,7.38563,7.69231,1000000000.0,0.8,4.92308e-09,3.78698e-17,0.670404
37,11223070000000,293973,0.135247,0.091,7.39387,10.989,1000000000.0,0.8,7.03297e-09,7.72854e-17,0.521558
37,11223071000000,294973,0.136772,0.585,7.31145,1.7094,1000000000.0,0.8,1.09402e-09,1.8701100000000003e-18,0.726727
37,11223072000000,295973,0.136695,0.114,7.31556,8.77193,1000000000.0,0.8,5.61404e-09,4.92459e-17,0.570664
37,11223073000000,296973,0.137191,0.284,7.28911,3.52113,1000000000.0,0.8,2.25352e-09,7.93493e-18,0.217732
37,11223074000000,297973,0.137945,0.362,7.24925,2.76243,1000000000.0,0.8,1.76796e-09,4.88386e-18,0.820786
37,11223075000000,298973,0.137979,0.148,7.24748,6.75676,1000000000.0,0.8,4.32432e-09,2.92184e-17,0.32459
37,11223076000000,299973,0.139176,0.497,7.18515,2.01207,1000000000.0,0.8,1.28773e-09,2.591e-18,0.296117
37,11223077000000,300973,0.139149,0.131,7.18656,7.63359,1000000000.0,0.8,4.8855e-09,3.72939e-17,0.768189
37,11223078000000,301973,0.139065,0.114,7.19086,8.77193,1000000000.0,0.8,5.61404e-09,4.92459e-17,0.495657
37,11223079000000,302973,0.140739,0.646,7.10537,1.54799,1000000000.0,0.8,9.90712e-10,1.5336100000000002e-18,0.312604
37,11223080000000,303973,0.140763,0.148,7.10416,6.75676,1000000000.0,0.8,4.32432e-09,2.92184e-17,0.685091
37,11223081000000,304973,0.140996,0.212,7.0924,4.71698,1000000000.0,0.8,3.01887e-09,1.42399e-17,0.437429
37,11223082000000,305973,0.141895,0.416,7.04747,2.40385,1000000000.0,0.8,1.53846e-09,3.69822e-18,1.08121
37,11223083000000,306973,0.141804,0.114,7.05199,8.77193,1000000000.0,0.8,5.61404e-09,4.92459e-17,0.362435
37,11223084000000,307973,0.142844,0.462,7.00066,2.1645,1000000000.0,0.8,1.38528e-09,2.9984400000000003e-18,0.19458
37,11223085000000,308973,0.142977,0.184,6.99414,5.43478,1000000000.0,0.8,3.47826e-09,1.89036e-17,0.711943
37,11223086000000,309973,0.142993,0.148,6.99334,6.75676,1000000000.0,0.8,4.32432e-09,2.92184e-17,0.275939
37,11223087000000,310973,0.144553,0.628,6.91789,1.59236,1000000000.0,0.8,1.01911e-09,1.62278e-18,0.271273
37,11223088000000,311973,0.144455,0.114,6.92258,8.77193,1000000000.0,0.8,5.61404e-09,4.92459e-17,0.479494
37,11223089000000,312973,0.144562,0.178,6.91745,5.61798,1000000000.0,0.8,3.59551e-09,2.01995e-17,0.344686
37,11223090000000,313973,0.145592,0.468,6.8685,2.13675,1000000000.0,0.8,1.36752e-09,2.92205e-18,1.03444
37,11223091000000,314973,0.1456,0.148,6.86814,6.75676,1000000000.0,0.8,4.32432e-09,2.92184e-17,0.229394
37,11223092000000,315973,0.14638,0.392,6.83155,2.55102,1000000000.0,0.8,1.63265e-09,4.16493e-18,0.329666
37,11223093000000,316973,0.146662,0.236,6.81838,4.23729,1000000000.0,0.8,2.71186e-09,1.1491e-17,0.893269
37,11223094000000,317973,0.14656,0.114,6.82316,8.77193,1000000000.0,0.8,5.61404e-09,4.92459e-17,0.473303
37,11223095000000,318973,0.148069,0.628,6.75361,1.59236,1000000000.0,0.8,1.01911e-09,1.62278e-18,0.239554
37,11223096000000,319973,0.148059,0.145,6.75405,6.89655,1000000000.0,0.8,4.41379e-09,3.044e-17,0.688265
37,11223097000000,320973,0.147863,0.085,6.76302,11.7647,1000000000.0,0.8,7.52941e-09,8.85813e-17,0.692347
37,11223098000000,321973,0.149155,0.564,6.70442,1.77305,1000000000.0,0.8,1.13475e-09,2.01197e-18,0.80883
37,11223099000000,322973,0.149047,0.114,6.70931,8.77193,1000000000.0,0.8,5.61404e-09,4.92459e-17,0.313717
37,11223100000000,323973,0.149685,0.356,6.68068,2.80899,1000000000.0,0.8,1.79775e-09,5.0498700000000004e-18,0.187271
37,11223101000000,324973,0.150117,0.29,6.66147,3.44828,1000000000.0,0.8,2.2069e-09,7.60999e-18,0.829074
37,11223102000000,325973,0.150111,0.148,6.66176,6.75676,1000000000.0,0.8,4.32432e-09,2.92184e-17,0.246293
37,11223103000000,326973,0.151392,0.569,6.60538,1.75747,1000000000.0,0.8,1.12478e-09,1.97677e-18,0.289602
37,11223104000000,327973,0.151339,0.134,6.6077,7.46269,1000000000.0,0.8,4.77612e-09,3.56427e-17,0.854848
37,11223105000000,328973,0.151079,0.066,6.61904,15.1515,1000000000.0,0.8,9.69697e-09,1.46924e-16,0.543648
37,11223106000000,329973,0.152497,0.619,6.55749,1.61551,1000000000.0,0.8,1.03393e-09,1.6703200000000001e-18,0.418089
37,11223107000000,330973,0.152484,0.148,6.55808,6.75676,1000000000.0,0.8,4.32432e-09,2.92184e-17,0.268464
37,11223108000000,331973,0.152877,0.283,6.54121,3.53357,1000000000.0,0.8,2.26148e-09,7.99111e-18,0.344095
37,11223109000000,332973,0.153454,0.345,6.51662,2.89855,1000000000.0,0.8,1.85507e-09,5.37702e-18,0.905799
37,11223110000000,333973,0.153336,0.114,6.52164,8.77193,1000000000.0,0.8,5.61404e-09,4.92459e-17,0.392028
37,11223111000000,334973,0.154487,0.539,6.47303,1.85529,1000000000.0,0.8,1.18738e-09,2.20294e-18,0.200119
37,11223112000000,335973,0.154346,0.107,6.47896,9.34579,1000000000.0,0.8,5.98131e-09,5.59001e-17,0.778077
37,11223113000000,336973,0.154327,0.148,6.47975,6.75676,1000000000.0,0.8,4.32432e-09,2.92184e-17,0.467405
37,11223114000000,337973,0.155749,0.635,6.42058,1.5748,1000000000.0,0.8,1.00787e-09,1.5872e-18,0.309811
37,11223115000000,337986,0.155746,0.0769231,6.42071,13.0,1000000000.0,0.8,8.32e-09,1.0816e-16,0.231929
38,10205500000000,15545,0.0444516,0.0444516,22.4964,22.4964,4000000000.0,1.0,5.6241e-09,3.16305e-17,0.0
38,10205501000000,19545,0.069276,0.16575,14.435,6.03318,4000000000.0,1.0,1.5083e-09,2.27496e-18,4.0
38,10205502000000,21434,0.0632173,0.000529381,15.8185,1889.0,2000000000.0,0.9,7.65045e-07,7.22585e-13,0.394216
38,11206193000000,39127,0.102896,0.150964,9.71858,6.62411,4000000000.0,1.0,1.65603e-09,2.74243e-18,0.0
38,11206194000000,40348,0.0998315,0.001638,10.0169,610.5,2000000000.0,0.9,2.47253e-07,7.54738e-14,0.81514
38,11206195000000,40348,0.0998315,,10.0169,0.0,1000000000.0,0.8,0.0,0.0,0.0
38,11222906000000,42428,0.0960686,0.0230769,10.4092,43.3333,1000000000.0,0.8,2.77333e-08,1.20178e-15,0.0
38,11222907000000,46428,0.0891703,0.016,11.2145,62.5,4000000000.0,1.0,1.5625e-08,2.44141e-16,4.0
38,11222908000000,50428,0.0826327,0.00675,12.1018,148.148,4000000000.0,1.0,3.7037e-08,1.37174e-15,4.0
38,11222909000000,54428,0.0795914,0.04125,12.5642,24.2424,4000000000.0,1.0,6.06061e-09,3.67309e-17,3.18321
38,11222910000000,56428,0.0771957,0.012,12.9541,83.3333,2000000000.0,0.9,3.375e-08,1.40625e-15,1.84615
38,11222911000000,57428,0.0787769,0.168,12.6941,5.95238,1000000000.0,0.8,3.80952e-09,2.26757e-17,0.861538
38,11222912000000,59428,0.0765296,0.012,13.0668,83.3333,2000000000.0,0.9,3.375e-08,1.40625e-15,1.1318
38,11222913000000,60428,0.0764215,0.07,13.0853,14.2857,1000000000.0,0.8,9.14286e-09,1.30612e-16,0.861538
38,11222914000000,64428,0.073198,0.0245,13.6616,40.8163,4000000000.0,1.0,1.02041e-08,1.04123e-16,2.52313
38,11222915000000,66428,0.0713555,0.012,14.0143,83.3333,2000000000.0,0.9,3.375e-08,1.40625e-15,1.62138
38,11222916000000,68428,0.071725,0.084,13.9421,11.9048,2000000000.0,0.9,4.82143e-09,2.8699e-17,0.861538
38,11222917000000,72428,0.0680952,0.006,14.6853,166.667,4000000000.0,1.0,4.16667e-08,1.73611e-15,1.48414
38,11222918000000,74428,0.0685226,0.084,14.5937,11.9048,2000000000.0,0.9,4.82143e-09,2.8699e-17,0.913981
38,11222919000000,78428,0.0653338,0.006,15.306,166.667,4000000000.0,1.0,4.16667e-08,1.73611e-15,1.48255
38,11222920000000,80428,0.0656985,0.08,15.221,12.5,2000000000.0,0.9,5.0625e-09,3.16406e-17,0.913981
38,11222921000000,84428,0.0629649,0.008,15.8819,125.0,4000000000.0,1.0,3.125e-08,9.76562e-16,2.09051
38,11222922000000,85428,0.0622278,0.0,16.07,0.0,1000000000.0,0.8,0.0,0.0,1.15804
38,11222923000000,87428,0.0627259,0.084,15.9424,11.9048,2000000000.0,0.9,4.82143e-09,2.8699e-17,6.90394e-05
38,11222924000000,91428,0.0601129,0.003,16.6354,333.333,4000000000.0,1.0,8.33333e-08,6.94444e-15,1.51475
38,11222925000000,92428,0.06141,0.18,16.284,5.55556,1000000000.0,0.8,3.55556e-09,1.97531e-17,0.461538
38,11222926000000,96428,0.058987,0.003,16.9529,333.333,4000000000.0,1.0,8.33333e-08,6.94444e-15,1.14263
38,11222927000000,97428,0.0602291,0.18,16.6033,5.55556,1000000000.0,0.8,3.55556e-09,1.97531e-17,0.461538
38,11222928000000,101428,0.0579722,0.003,17.2497,333.333,4000000000.0,1.0,8.33333e-08,6.94444e-15,1.14263
38,11222929000000,102428,0.0574062,0.0,17.4197,0.0,1000000000.0,0.8,0.0,0.0,0.461538
38,11222930000000,104428,0.0580304,0.09,17.2323,11.1111,2000000000.0,0.9,4.5e-09,2.5e-17,9.54119e-05
38,11222931000000,106428,0.0571654,0.012,17.4931,83.3333,2000000000.0,0.9,3.375e-08,1.40625e-15,1.49263
38,11222932000000,108428,0.0576604,0.084,17.3429,11.9048,2000000000.0,0.9,4.82143e-09,2.8699e-17,0.861538
38,11222933000000,112428,0.0558224,0.006,17.914,166.667,4000000000.0,1.0,4.16667e-08,1.73611e-15,1.48414
38,11222934000000,114428,0.0563149,0.084,17.7573,11.9048,2000000000.0,0.9,4.82143e-09,2.8699e-17,0.913981
38,11222935000000,118428,0.0546155,0.006,18.3098,166.667,4000000000.0,1.0,4.16667e-08,1.73611e-15,1.48255
38,11222936000000,120428,0.0543644,0.0395,18.3944,25.3165,2000000000.0,0.9,1.02532e-08,1.29787e-16,0.913981
38,11222937000000,124428,0.053332,0.02225,18.7505,44.9438,4000000000.0,1.0,1.1236e-08,1.26247e-16,1.38147
38,11222938000000,128428,0.0518579,0.006,19.2835,166.667,4000000000.0,1.0,4.16667e-08,1.73611e-15,1.81665
38,11222939000000,130428,0.0523507,0.084,19.1019,11.9048,2000000000.0,0.9,4.82143e-09,2.8699e-17,0.913981
38,11222940000000,134428,0.0509715,0.006,19.6188,166.667,4000000000.0,1.0,4.16667e-08,1.73611e-15,1.48255
38,11222941000000,136428,0.0514557,0.084,19.4342,11.9048,2000000000.0,0.9,4.82143e-09,2.8699e-17,0.913981
38,11222942000000,140428,0.0500755,0.003,19.9699,333.333,4000000000.0,1.0,8.33333e-08,6.94444e-15,1.51476
38,11222943000000,142428,0.0505168,0.0815,19.7954,12.2699,2000000000.0,0.9,4.96933e-09,3.04867e-17,0.461569
38,11222944000000,146428,0.0493348,0.00725,20.2697,137.931,4000000000.0,1.0,3.44828e-08,1.18906e-15,1.33958
38,11222945000000,150428,0.048023,0.0,20.8234,0.0,4000000000.0,1.0,0.0,0.0,0.847552
38,11222946000000,151428,0.0488945,0.18,20.4522,5.55556,1000000000.0,0.8,3.55556e-09,1.97531e-17,5.13882e-05
38,11222947000000,155428,0.0477134,0.003,20.9585,333.333,4000000000.0,1.0,8.33333e-08,6.94444e-15,1.14263
38,11222948000000,156428,0.0485591,0.18,20.5935,5.55556,1000000000.0,0.8,3.55556e-09,1.97531e-17,0.461538
38,11222949000000,160428,0.0474231,0.003,21.0868,333.333,4000000000.0,1.0,8.33333e-08,6.94444e-15,1.14263
38,11222950000000,161428,0.048232,0.178,20.7331,5.61798,1000000000.0,0.8,3.59551e-09,2.01995e-17,0.461538
38,11222951000000,165428,0.0470779,0.0005,21.2414,2000.0,4000000000.0,1.0,5e-07,2.5e-13,1.14415
38,11222952000000,166428,0.0468671,0.012,21.3369,83.3333,1000000000.0,0.8,5.33333e-08,4.44444e-15,0.239912
38,11222953000000,170428,0.0479499,0.093,20.8551,10.7527,4000000000.0,1.0,2.68817e-09,7.22627e-18,3.19508
38,11222954000000,172428,0.0480374,0.0555,20.8171,18.018,2000000000.0,0.9,7.2973e-09,6.57414e-17,4.24952
38,11222955000000,174428,0.0510239,0.3085,19.5987,3.24149,2000000000.0,0.9,1.3128e-09,2.12772e-18,2.95803
38,11222956000000,175428,0.0514057,0.118,19.4531,8.47458,1000000000.0,0.8,5.42373e-09,4.59638e-17,0.390038
38,11222957000000,176428,0.0525994,0.262,19.0116,3.81679,1000000000.0,0.8,2.44275e-09,9.32347e-18,0.191594
38,11222958000000,177428,0.0544672,0.384,18.3597,2.60417,1000000000.0,0.8,1.66667e-09,4.3402800000000005e-18,0.766812
38,11222959000000,178428,0.0548008,0.114,18.2479,8.77193,1000000000.0,0.8,5.61404e-09,4.92459e-17,0.43834
38,11222960000000,179428,0.0571761,0.481,17.4898,2.079,1000000000.0,0.8,1.33056e-09,2.76624e-18,0.13326
38,11222961000000,180428,0.0578181,0.173,17.2956,5.78035,1000000000.0,0.8,3.69942e-09,2.13839e-17,0.793302
38,11222962000000,181428,0.0581277,0.114,17.2035,8.77193,1000000000.0,0.8,5.61404e-09,4.92459e-17,0.279623
38,11222963000000,182428,0.0613941,0.654,16.2882,1.52905,1000000000.0,0.8,9.78593e-10,1.4963200000000001e-18,0.11835
38,11222964000000,183428,0.0616809,0.114,16.2125,8.77193,1000000000.0,0.8,5.61404e-09,4.92459e-17,0.687541
38,11222965000000,184428,0.0621489,0.148,16.0904,6.75676,1000000000.0,0.8,4.32432e-09,2.92184e-17,0.338106
38,11222966000000,185428,0.0645426,0.506,15.4936,1.97628,1000000000.0,0.8,1.26482e-09,2.49965e-18,1.50384
38,11222967000000,186428,0.0648079,0.114,15.4302,8.77193,1000000000.0,0.8,5.61404e-09,4.92459e-17,0.735669
38,11222968000000,187428,0.0664095,0.365,15.0581,2.73973,1000000000.0,0.8,1.75342e-09,4.8039e-18,0.153269
38,11222969000000,188428,0.0675908,0.289,14.7949,3.46021,1000000000.0,0.8,2.21453e-09,7.66274e-18,0.90144
38,11222970000000,189428,0.0678358,0.114,14.7415,8.77193,1000000000.0,0.8,5.61404e-09,4.92459e-17,0.65977
38,11222971000000,190428,0.0705253,0.58,14.1793,1.72414,1000000000.0,0.8,1.10345e-09,1.9025e-18,0.123732
38,11222972000000,191428,0.0706741,0.099,14.1495,10.101,1000000000.0,0.8,6.46465e-09,6.52995e-17,0.753265
38,11222973000000,192428,0.0707693,0.089,14.1304,11.236,1000000000.0,0.8,7.19101e-09,8.07979e-17,0.200214
38,11222974000000,193428,0.0737846,0.654,13.553,1.52905,1000000000.0,0.8,9.78593e-10,1.4963200000000001e-18,0.568845
38,11222975000000,194428,0.0739914,0.114,13.5151,8.77193,1000000000.0,0.8,5.61404e-09,4.92459e-17,0.649571
38,11222976000000,195428,0.0749227,0.256,13.3471,3.90625,1000000000.0,0.8,2.5e-09,9.76563e-18,0.198877
38,11222977000000,196428,0.0765675,0.398,13.0604,2.51256,1000000000.0,0.8,1.60804e-09,4.0403e-18,0.766335
38,11222978000000,197428,0.0767571,0.114,13.0281,8.77193,1000000000.0,0.8,5.61404e-09,4.92459e-17,0.416734
38,11222979000000,198428,0.0787187,0.466,12.7035,2.14592,1000000000.0,0.8,1.37339e-09,2.9471900000000003e-18,0.135107
38,11222980000000,199428,0.0792667,0.188,12.6156,5.31915,1000000000.0,0.8,3.40426e-09,1.81077e-17,0.808584
38,11222981000000,200428,0.07944,0.114,12.5881,8.77193,1000000000.0,0.8,5.61404e-09,4.92459e-17,0.262976
38,11222982000000,201428,0.0822676,0.649,12.1555,1.54083,1000000000.0,0.8,9.86133e-10,1.5194600000000002e-18,0.118699
38,11222983000000,202428,0.0824441,0.118,12.1294,8.47458,1000000000.0,0.8,5.42373e-09,4.59638e-17,0.690879
38,11222984000000,203428,0.0826877,0.132,12.0937,7.57576,1000000000.0,0.8,4.84848e-09,3.67309e-17,0.445242
38,11222985000000,204428,0.0848416,0.523,11.7867,1.91205,1000000000.0,0.8,1.22371e-09,2.3397900000000003e-18,1.41081
38,11222986000000,205428,0.0849835,0.114,11.767,8.77193,1000000000.0,0.8,5.61404e-09,4.92459e-17,0.760871
38,11222987000000,206428,0.0862771,0.352,11.5906,2.84091,1000000000.0,0.8,1.81818e-09,5.165290000000001e-18,0.156977
38,11222988000000,207428,0.087317,0.302,11.4525,3.31126,1000000000.0,0.8,2.11921e-09,7.01724e-18,0.929279
38,11222989000000,208428,0.0874451,0.114,11.4358,8.77193,1000000000.0,0.8,5.61404e-09,4.92459e-17,0.533625
38,11222990000000,209428,0.0897158,0.563,11.1463,1.7762,1000000000.0,0.8,1.13677e-09,2.01912e-18,0.124802
38,11222991000000,210428,0.0897884,0.105,11.1373,9.52381,1000000000.0,0.8,6.09524e-09,5.80499e-17,0.784419
38,11222992000000,211428,0.0898367,0.1,11.1313,10.0,1000000000.0,0.8,6.4e-09,6.4e-17,0.551483
38,11222993000000,212428,0.0924925,0.654,10.8117,1.52905,1000000000.0,0.8,9.78593e-10,1.4963200000000001e-18,0.450254
38,11222994000000,213428,0.0925933,0.114,10.7999,8.77193,1000000000.0,0.8,5.61404e-09,4.92459e-17,0.664057
38,11222995000000,214428,0.0932994,0.244,10.7182,4.09836,1000000000.0,0.8,2.62295e-09,1.07498e-17,0.208907
38,11222996000000,215428,0.0947695,0.41,10.5519,2.43902,1000000000.0,0.8,1.56098e-09,3.80726e-18,0.755046
38,11222997000000,216428,0.0948583,0.114,10.542,8.77193,1000000000.0,0.8,5.61404e-09,4.92459e-17,0.447722
38,11222998000000,217428,0.0965009,0.452,10.3626,2.21239,1000000000.0,0.8,1.41593e-09,3.1325900000000004e-18,0.137108
38,11222999000000,219428,0.0965784,0.105,10.3543,9.52381,2000000000.0,0.9,3.85714e-09,1.83673e-17,0.818102
38,11223000000000,220428,0.0966574,0.114,10.3458,8.77193,1000000000.0,0.8,5.61404e-09,4.92459e-17,0.254664
38,11223001000000,221428,0.0991383,0.646,10.0869,1.54799,1000000000.0,0.8,9.90712e-10,1.5336100000000002e-18,0.239276
38,11223002000000,223428,0.0989849,0.082,10.1026,12.1951,2000000000.0,0.9,4.93902e-09,3.0116e-17,0.656456
38,11223003000000,225428,0.0993355,0.1385,10.0669,7.22022,2000000000.0,0.9,2.92419e-09,1.05566e-17,1.10386
38,11223004000000,226428,0.100323,0.323,9.96778,3.09598,1000000000.0,0.8,1.98142e-09,6.134440000000001e-18,1.62572
38,11223005000000,228428,0.0998608,0.0475,10.0139,21.0526,2000000000.0,0.9,8.52632e-09,8.97507e-17,0.55395
38,11223006000000,229428,0.0996914,0.061,10.031,16.3934,1000000000.0,0.8,1.04918e-08,1.71997e-16,0.165764
38,11223007000000,230428,0.0993239,0.015,10.0681,66.6667,1000000000.0,0.8,4.26667e-08,2.84444e-15,0.0351464
38,11223008000000,231428,0.0995299,0.147,10.0472,6.80272,1000000000.0,0.8,4.35374e-09,2.96173e-17,0.158028
38,11223009000000,232428,0.0997814,0.158,10.0219,6.32911,1000000000.0,0.8,4.05063e-09,2.56369e-17,0.324043
38,11223010000000,233428,0.0994054,0.012,10.0598,83.3333,1000000000.0,0.8,5.33333e-08,4.44444e-15,0.112124
38,11223011000000,234428,0.0996041,0.146,10.0397,6.84932,1000000000.0,0.8,4.38356e-09,3.00244e-17,0.0987396
38,11223012000000,235428,0.100294,0.262,9.97069,3.81679,1000000000.0,0.8,2.44275e-09,9.32347e-18,0.54141
38,11223013000000,236428,0.101422,0.367,9.85979,2.7248,1000000000.0,0.8,1.74387e-09,4.75169e-18,0.814144
38,11223014000000,237428,0.101462,0.111,9.85587,9.00901,1000000000.0,0.8,5.76577e-09,5.19438e-17,0.602904
38,11223015000000,238428,0.10318,0.511,9.6918,1.95695,1000000000.0,0.8,1.25245e-09,2.4509700000000003e-18,0.123999
38,11223016000000,239428,0.103359,0.146,9.67503,6.84932,1000000000.0,0.8,4.38356e-09,3.00244e-17,0.864467
38,11223017000000,240428,0.103391,0.111,9.67206,9.00901,1000000000.0,0.8,5.76577e-09,5.19438e-17,0.39974
38,11223018000000,241428,0.105684,0.657,9.4622,1.52207,1000000000.0,0.8,9.74125e-10,1.48269e-18,0.135363
38,11223019000000,242428,0.105706,0.111,9.46024,9.00901,1000000000.0,0.8,5.76577e-09,5.19438e-17,0.71954
38,11223020000000,243428,0.106101,0.202,9.42497,4.9505,1000000000.0,0.8,3.16832e-09,1.56847e-17,0.217624
38,11223021000000,244428,0.107529,0.455,9.29985,2.1978,1000000000.0,0.8,1.40659e-09,3.09141e-18,0.817715
38,11223022000000,245428,0.107543,0.111,9.29863,9.00901,1000000000.0,0.8,5.76577e-09,5.19438e-17,0.65126
38,11223023000000,246428,0.108831,0.425,9.18856,2.35294,1000000000.0,0.8,1.50588e-09,3.54325e-18,0.132472
38,11223024000000,247428,0.109329,0.232,9.14672,4.31034,1000000000.0,0.8,2.75862e-09,1.18906e-17,0.764518
38,11223025000000,248428,0.109336,0.111,9.14616,9.00901,1000000000.0,0.8,5.76577e-09,5.19438e-17,0.574615
38,11223026000000,249428,0.111447,0.636,8.97288,1.57233,1000000000.0,0.8,1.00629e-09,1.5822200000000002e-18,0.121442
38,11223027000000,250428,0.111501,0.125,8.96852,8.0,1000000000.0,0.8,5.12e-09,4.096e-17,0.762365
38,11223028000000,251428,0.111475,0.105,8.9706,9.52381,1000000000.0,0.8,6.09524e-09,5.80499e-17,0.321228
38,11223029000000,252428,0.113248,0.559,8.83017,1.78891,1000000000.0,0.8,1.1449e-09,2.04812e-18,1.10358
38,11223030000000,253428,0.113239,0.111,8.83086,9.00901,1000000000.0,0.8,5.76577e-09,5.19438e-17,0.627035
38,11223031000000,254428,0.114123,0.338,8.7625,2.95858,1000000000.0,0.8,1.89349e-09,5.6020400000000004e-18,0.146811
38,11223032000000,255428,0.114925,0.319,8.70135,3.1348,1000000000.0,0.8,2.00627e-09,6.289250000000001e-18,1.0498
38,11223033000000,256428,0.114909,0.111,8.7025,9.00901,1000000000.0,0.8,5.76577e-09,5.19438e-17,0.588328
38,11223034000000,257428,0.116631,0.558,8.57407,1.79211,1000000000.0,0.8,1.14695e-09,2.0554700000000004e-18,0.121227
38,11223035000000,258428,0.11662,0.114,8.57482,8.77193,1000000000.0,0.8,5.61404e-09,4.92459e-17,0.815903
38,11223036000000,259428,0.116541,0.096,8.58067,10.4167,1000000000.0,0.8,6.66667e-09,6.94444e-17,0.583526
38,11223037000000,260428,0.118616,0.657,8.43055,1.52207,1000000000.0,0.8,9.74125e-10,1.48269e-18,0.502552
38,11223038000000,261428,0.118587,0.111,8.43262,9.00901,1000000000.0,0.8,5.76577e-09,5.19438e-17,0.719848
38,11223039000000,262428,0.119088,0.25,8.39716,4.0,1000000000.0,0.8,2.56e-09,1.024e-17,0.182433
38,11223040000000,263428,0.120181,0.407,8.32079,2.457,1000000000.0,0.8,1.57248e-09,3.86359e-18,0.817638
38,11223041000000,264428,0.120146,0.111,8.3232,9.00901,1000000000.0,0.8,5.76577e-09,5.19438e-17,0.454141
38,11223042000000,265428,0.121479,0.474,8.23186,2.1097,1000000000.0,0.8,1.35021e-09,2.84855e-18,0.126985
38,11223043000000,266428,0.12171,0.183,8.21624,5.46448,1000000000.0,0.8,3.49727e-09,1.91108e-17,0.79761
38,11223044000000,267428,0.12167,0.111,8.21894,9.00901,1000000000.0,0.8,5.76577e-09,5.19438e-17,0.30951
38,11223045000000,268428,0.123661,0.656,8.08664,1.52439,1000000000.0,0.8,9.7561e-10,1.4872100000000002e-18,0.131421
38,11223046000000,269428,0.123617,0.112,8.08947,8.92857,1000000000.0,0.8,5.71429e-09,5.10204e-17,0.719699
38,11223047000000,270428,0.123767,0.164,8.07971,6.09756,1000000000.0,0.8,3.90244e-09,2.37954e-17,0.278796
38,11223048000000,271428,0.125127,0.493,7.99187,2.0284,1000000000.0,0.8,1.29817e-09,2.63321e-18,1.20977
38,11223049000000,272428,0.125075,0.111,7.99519,9.00901,1000000000.0,0.8,5.76577e-09,5.19438e-17,0.666123
38,11223050000000,273428,0.126037,0.388,7.93419,2.57732,1000000000.0,0.8,1.64948e-09,4.2512500000000004e-18,0.138149
38,11223051000000,274428,0.126558,0.269,7.90153,3.71747,1000000000.0,0.8,2.37918e-09,8.844540000000001e-18,0.814061
38,11223052000000,275428,0.126501,0.111,7.90506,9.00901,1000000000.0,0.8,5.76577e-09,5.19438e-17,0.570717
38,11223053000000,276428,0.128243,0.608,7.79769,1.64474,1000000000.0,0.8,1.05263e-09,1.7313e-18,0.119835
38,11223054000000,277428,0.12826,0.133,7.79664,7.5188,1000000000.0,0.8,4.81203e-09,3.61807e-17,0.74353
38,11223055000000,278428,0.128055,0.071,7.80917,14.0845,1000000000.0,0.8,9.01408e-09,1.26959e-16,0.319675
38,11223056000000,279428,0.12979,0.613,7.70475,1.63132,1000000000.0,0.8,1.04405e-09,1.7031700000000001e-18,0.413675
38,11223057000000,280428,0.129723,0.111,7.70873,9.00901,1000000000.0,0.8,5.76577e-09,5.19438e-17,0.628783
38,11223058000000,281428,0.13036,0.309,7.67106,3.23625,1000000000.0,0.8,2.0712e-09,6.7029e-18,0.157794
38,11223059000000,282428,0.131131,0.348,7.62598,2.87356,1000000000.0,0.8,1.83908e-09,5.2847100000000006e-18,0.960196
38,11223060000000,283428,0.13106,0.111,7.63011,9.00901,1000000000.0,0.8,5.76577e-09,5.19438e-17,0.399193
38,11223061000000,284428,0.132466,0.531,7.54911,1.88324,1000000000.0,0.8,1.20527e-09,2.2698200000000003e-18,0.124214
38,11223062000000,285428,0.13368,0.479,7.48055,2.08768,1000000000.0,0.8,1.33612e-09,2.7893900000000002e-18,0.857215
38,11223063000000,286428,0.133726,0.147,7.47795,6.80272,1000000000.0,0.8,4.35374e-09,2.96173e-17,0.363759
38,11223064000000,287428,0.134124,0.248,7.45579,4.03226,1000000000.0,0.8,2.58065e-09,1.04058e-17,0.134691
38,11223065000000,288428,0.135022,0.393,7.40622,2.54453,1000000000.0,0.8,1.6285e-09,4.1437600000000005e-18,0.453505
38,11223066000000,289428,0.134731,0.051,7.42218,19.6078,1000000000.0,0.8,1.2549e-08,2.46059e-16,0.417462
38,11223067000000,290428,0.134656,0.113,7.42631,8.84956,1000000000.0,0.8,5.66372e-09,5.01214e-17,0.183767
38,11223068000000,291428,0.136164,0.574,7.34409,1.74216,1000000000.0,0.8,1.11498e-09,1.94248e-18,0.806678
38,11223069000000,292428,0.136143,0.13,7.34522,7.69231,1000000000.0,0.8,4.92308e-09,3.78698e-17,0.670382
38,11223070000000,293428,0.135989,0.091,7.35353,10.989,1000000000.0,0.8,7.03297e-09,7.72854e-17,0.505564
38,11223071000000,294428,0.137514,0.585,7.27198,1.7094,1000000000.0,0.8,1.09402e-09,1.8701100000000003e-18,0.735582
38,11223072000000,295428,0.137435,0.114,7.27619,8.77193,1000000000.0,0.8,5.61404e-09,4.92459e-17,0.594794
38,11223073000000,296428,0.137929,0.284,7.25011,3.52113,1000000000.0,0.8,2.25352e-09,7.93493e-18,0.194007
38,11223074000000,297428,0.138682,0.362,7.21073,2.76243,1000000000.0,0.8,1.76796e-09,4.88386e-18,0.857997
38,11223075000000,298428,0.138714,0.148,7.2091,6.75676,1000000000.0,0.8,4.32432e-09,2.92184e-17,0.352861
38,11223076000000,299428,0.13991,0.497,7.14745,2.01207,1000000000.0,0.8,1.28773e-09,2.591e-18,0.282191
38,11223077000000,300428,0.13988,0.131,7.14896,7.63359,1000000000.0,0.8,4.8855e-09,3.72939e-17,0.77122
38,11223078000000,301428,0.139795,0.114,7.15335,8.77193,1000000000.0,0.8,5.61404e-09,4.92459e-17,0.457895
38,11223079000000,302428,0.141468,0.646,7.06872,1.54799,1000000000.0,0.8,9.90712e-10,1.5336100000000002e-18,0.292564
38,11223080000000,303428,0.14149,0.148,7.06764,6.75676,1000000000.0,0.8,4.32432e-09,2.92184e-17,0.693443
38,11223081000000,304428,0.141722,0.212,7.05609,4.71698,1000000000.0,0.8,3.01887e-09,1.42399e-17,0.402954
38,11223082000000,305428,0.14262,0.416,7.01166,2.40385,1000000000.0,0.8,1.53846e-09,3.69822e-18,1.0836
38,11223083000000,306428,0.142526,0.114,7.01626,8.77193,1000000000.0,0.8,5.61404e-09,4.92459e-17,0.365542
38,11223084000000,307428,0.143565,0.462,6.96547,2.1645,1000000000.0,0.8,1.38528e-09,2.9984400000000003e-18,0.167141
38,11223085000000,308428,0.143696,0.184,6.95912,5.43478,1000000000.0,0.8,3.47826e-09,1.89036e-17,0.739347
38,11223086000000,309428,0.14371,0.148,6.95844,6.75676,1000000000.0,0.8,4.32432e-09,2.92184e-17,0.27067
38,11223087000000,310428,0.14527,0.628,6.88371,1.59236,1000000000.0,0.8,1.01911e-09,1.62278e-18,0.263986
38,11223088000000,311428,0.14517,0.114,6.88848,8.77193,1000000000.0,0.8,5.61404e-09,4.92459e-17,0.486154
38,11223089000000,312428,0.145275,0.178,6.88349,5.61798,1000000000.0,0.8,3.59551e-09,2.01995e-17,0.296642
38,11223090000000,313428,0.146305,0.468,6.83505,2.13675,1000000000.0,0.8,1.36752e-09,2.92205e-18,1.06687
38,11223091000000,314428,0.14631,0.148,6.8348,6.75676,1000000000.0,0.8,4.32432e-09,2.92184e-17,0.231466
38,11223092000000,315428,0.147089,0.392,6.7986,2.55102,1000000000.0,0.8,1.63265e-09,4.16493e-18,0.308232
38,11223093000000,316428,0.14737,0.236,6.78564,4.23729,1000000000.0,0.8,2.71186e-09,1.1491e-17,0.896161
38,11223094000000,317428,0.147265,0.114,6.79048,8.77193,1000000000.0,0.8,5.61404e-09,4.92459e-17,0.481773
38,11223095000000,318428,0.148775,0.628,6.72158,1.59236,1000000000.0,0.8,1.01911e-09,1.62278e-18,0.203516
38,11223096000000,319428,0.148763,0.145,6.72211,6.89655,1000000000.0,0.8,4.41379e-09,3.044e-17,0.718203
38,11223097000000,320428,0.148564,0.085,6.73112,11.7647,1000000000.0,0.8,7.52941e-09,8.85813e-17,0.671672
38,11223098000000,321428,0.149856,0.564,6.67306,1.77305,1000000000.0,0.8,1.13475e-09,2.01197e-18,0.794442
38,11223099000000,322428,0.149745,0.114,6.67802,8.77193,1000000000.0,0.8,5.61404e-09,4.92459e-17,0.312429
38,11223100000000,323428,0.150383,0.356,6.6497,2.80899,1000000000.0,0.8,1.79775e-09,5.0498700000000004e-18,0.170306
38,11223101000000,324428,0.150813,0.29,6.63072,3.44828,1000000000.0,0.8,2.2069e-09,7.60999e-18,0.861043
38,11223102000000,325428,0.150804,0.148,6.6311,6.75676,1000000000.0,0.8,4.32432e-09,2.92184e-17,0.245217
38,11223103000000,326428,0.152086,0.569,6.57524,1.75747,1000000000.0,0.8,1.12478e-09,1.97677e-18,0.277504
38,11223104000000,327428,0.15203,0.134,6.57763,7.46269,1000000000.0,0.8,4.77612e-09,3.56427e-17,0.856962
38,11223105000000,328428,0.151768,0.066,6.58899,15.1515,1000000000.0,0.8,9.69697e-09,1.46924e-16,0.54803
38,11223106000000,329428,0.153187,0.619,6.52798,1.61551,1000000000.0,0.8,1.03393e-09,1.6703200000000001e-18,0.413232
38,11223107000000,330428,0.153171,0.148,6.52865,6.75676,1000000000.0,0.8,4.32432e-09,2.92184e-17,0.267017
38,11223108000000,331428,0.153563,0.283,6.512,3.53357,1000000000.0,0.8,2.26148e-09,7.99111e-18,0.323876
38,11223109000000,332428,0.154139,0.345,6.48767,2.89855,1000000000.0,0.8,1.85507e-09,5.37702e-18,0.908903
38,11223110000000,333428,0.154018,0.114,6.49274,8.77193,1000000000.0,0.8,5.61404e-09,4.92459e-17,0.389059
38,11223111000000,334428,0.155169,0.539,6.44457,1.85529,1000000000.0,0.8,1.18738e-09,2.20294e-18,0.172679
38,11223112000000,335428,0.155026,0.107,6.45054,9.34579,1000000000.0,0.8,5.98131e-09,5.59001e-17,0.817574
38,11223113000000,336428,0.155005,0.148,6.45141,6.75676,1000000000.0,0.8,4.32432e-09,2.92184e-17,0.476403
38,11223114000000,337428,0.156427,0.635,6.39274,1.5748,1000000000.0,0.8,1.00787e-09,1.5872e-18,0.291208
38,11223115000000,337441,0.156424,0.0769231,6.39287,13.0,1000000000.0,0.8,8.32e-09,1.0816e-16,0.231929
39,10205500000000,15545,0.0454165,0.0454165,22.0184,22.0184,4000000000.0,1.0,5.5046e-09,3.03007e-17,0.0
39,10205501000000,19545,0.069276,0.162,14.435,6.17284,4000000000.0,1.0,1.54321e-09,2.3815e-18,4.0
39,10205502000000,21294,0.0636329,0.000571755,15.7151,1749.0,2000000000.0,0.9,7.08345e-07,6.19448e-13,0.394216
39,11206193000000,38987,0.106959,0.159102,9.3494,6.28526,4000000000.0,1.0,1.57131e-09,2.46903e-18,0.0
39,11206194000000,39928,0.104488,0.0021254,9.57047,470.5,2000000000.0,0.9,1.90553e-07,4.48275e-14,0.81514
39,11206195000000,39928,0.104488,,9.57047,0.0,1000000000.0,0.8,0.0,0.0,0.0
39,11222906000000,42008,0.100457,0.0230769,9.9545,43.3333,1000000000.0,0.8,2.77333e-08,1.20178e-15,0.0
39,11222907000000,46008,0.0931142,0.016,10.7395,62.5,4000000000.0,1.0,1.5625e-08,2.44141e-16,4.0
39,11222908000000,50008,0.0862062,0.00675,11.6001,148.148,4000000000.0,1.0,3.7037e-08,1.37174e-15,4.0
39,11222909000000,54008,0.0828766,0.04125,12.0661,24.2424,4000000000.0,1.0,6.06061e-09,3.67309e-17,3.1832
39,11222910000000,56008,0.0803457,0.012,12.4462,83.3333,2000000000.0,0.9,3.375e-08,1.40625e-15,1.84615
39,11222911000000,57008,0.0818832,0.168,12.2125,5.95238,1000000000.0,0.8,3.80952e-09,2.26757e-17,0.861538
39,11222912000000,59008,0.0795146,0.012,12.5763,83.3333,2000000000.0,0.9,3.375e-08,1.40625e-15,1.1318
39,11222913000000,60008,0.0793561,0.07,12.6014,14.2857,1000000000.0,0.8,9.14286e-09,1.30612e-16,0.861538
39,11222914000000,64008,0.075928,0.0245,13.1704,40.8163,4000000000.0,1.0,1.02041e-08,1.04123e-16,2.52302
39,11222915000000,66008,0.073991,0.012,13.5152,83.3333,2000000000.0,0.9,3.375e-08,1.40625e-15,1.60387
39,11222916000000,68008,0.0742854,0.084,13.4616,11.9048,2000000000.0,0.9,4.82143e-09,2.8699e-17,0.861538
39,11222917000000,72008,0.0704922,0.006,14.186,166.667,4000000000.0,1.0,4.16667e-08,1.73611e-15,1.48366
39,11222918000000,74008,0.0708572,0.084,14.1129,11.9048,2000000000.0,0.9,4.82143e-09,2.8699e-17,0.920893
39,11222919000000,78008,0.0675315,0.006,14.8079,166.667,4000000000.0,1.0,4.16667e-08,1.73611e-15,1.48328
39,11222920000000,80008,0.0678432,0.08,14.7399,12.5,2000000000.0,0.9,5.0625e-09,3.16406e-17,0.920893
39,11222921000000,84008,0.0649938,0.008,15.3861,125.0,4000000000.0,1.0,3.125e-08,9.76562e-16,2.09163
39,11222922000000,85008,0.0642292,0.0,15.5692,0.0,1000000000.0,0.8,0.0,0.0,1.16844
39,11222923000000,87008,0.0646837,0.084,15.4598,11.9048,2000000000.0,0.9,4.82143e-09,2.8699e-17,1.65764e-05
39,11222924000000,91008,0.0619726,0.003,16.1362,333.333,4000000000.0,1.0,8.33333e-08,6.94444e-15,1.51651
39,11222925000000,92008,0.0632554,0.18,15.8089,5.55556,1000000000.0,0.8,3.55556e-09,1.97531e-17,0.461538
39,11222926000000,96008,0.0607449,0.003,16.4623,333.333,4000000000.0,1.0,8.33333e-08,6.94444e-15,1.14263
39,11222927000000,97008,0.0619743,0.18,16.1357,5.55556,1000000000.0,0.8,3.55556e-09,1.97531e-17,0.461538
39,11222928000000,101008,0.0596388,0.003,16.7676,333.333,4000000000.0,1.0,8.33333e-08,6.94444e-15,1.14263
39,11222929000000,102008,0.0590542,0.0,16.9336,0.0,1000000000.0,0.8,0.0,0.0,0.461538
39,11222930000000,104008,0.0596493,0.09,16.7647,11.1111,2000000000.0,0.9,4.5e-09,2.5e-17,2.29084e-05
39,11222931000000,106008,0.0587503,0.012,17.0212,83.3333,2000000000.0,0.9,3.375e-08,1.40625e-15,1.49208
39,11222932000000,108008,0.0592178,0.084,16.8868,11.9048,2000000000.0,0.9,4.82143e-09,2.8699e-17,0.861538
39,11222933000000,112008,0.0573173,0.006,17.4467,166.667,4000000000.0,1.0,4.16667e-08,1.73611e-15,1.48366
39,11222934000000,114008,0.0577854,0.084,17.3054,11.9048,2000000000.0,0.9,4.82143e-09,2.8699e-17,0.920893
39,11222935000000,118008,0.0560301,0.006,17.8475,166.667,4000000000.0,1.0,4.16667e-08,1.73611e-15,1.48328
39,11222936000000,120008,0.0557546,0.0395,17.9357,25.3165,2000000000.0,0.9,1.02532e-08,1.29787e-16,0.920893
39,11222937000000,124008,0.0546739,0.02225,18.2903,44.9438,4000000000.0,1.0,1.1236e-08,1.26247e-16,1.38162
39,11222938000000,128008,0.0531529,0.006,18.8136,166.667,4000000000.0,1.0,4.16667e-08,1.73611e-15,1.8255
39,11222939000000,130008,0.0536275,0.084,18.6472,11.9048,2000000000.0,0.9,4.82143e-09,2.8699e-17,0.920893
39,11222940000000,134008,0.0522058,0.006,19.1549,166.667,4000000000.0,1.0,4.16667e-08,1.73611e-15,1.48328
39,11222941000000,136008,0.0526734,0.084,18.9849,11.9048,2000000000.0,0.9,4.82143e-09,2.8699e-17,0.920893
39,11222942000000,140008,0.0512542,0.003,19.5106,333.333,4000000000.0,1.0,8.33333e-08,6.94444e-15,1.51651
39,11222943000000,142008,0.0516802,0.0815,19.3498,12.2699,2000000000.0,0.9,4.96933e-09,3.04867e-17,0.461546
39,11222944000000,146008,0.050463,0.00725,19.8165,137.931,4000000000.0,1.0,3.44828e-08,1.18906e-15,1.33931
39,11222945000000,150008,0.0491174,0.0,20.3594,0.0,4000000000.0,1.0,0.0,0.0,0.844531
39,11222946000000,151008,0.0499841,0.18,20.0064,5.55556,1000000000.0,0.8,3.55556e-09,1.97531e-17,1.23383e-05
39,11222947000000,155008,0.0487717,0.003,20.5037,333.333,4000000000.0,1.0,8.33333e-08,6.94444e-15,1.14263
39,11222948000000,156008,0.0496128,0.18,20.1561,5.55556,1000000000.0,0.8,3.55556e-09,1.97531e-17,0.461538
39,11222949000000,160008,0.0484476,0.003,20.6409,333.333,4000000000.0,1.0,8.33333e-08,6.94444e-15,1.14263
39,11222950000000,161008,0.0492522,0.178,20.3037,5.61798,1000000000.0,0.8,3.59551e-09,2.01995e-17,0.461538
39,11222951000000,165008,0.0480704,0.0005,20.8028,2000.0,4000000000.0,1.0,5e-07,2.5e-13,1.1443
39,11222952000000,166008,0.0478531,0.012,20.8973,83.3333,1000000000.0,0.8,5.33333e-08,4.44444e-15,0.247578
39,11222953000000,170008,0.0489153,0.093,20.4435,10.7527,4000000000.0,1.0,2.68817e-09,7.22627e-18,3.19508
39,11222954000000,172008,0.0489919,0.0555,20.4115,18.018,2000000000.0,0.9,7.2973e-09,6.57414e-17,4.24995
39,11222955000000,174008,0.0519746,0.3085,19.2402,3.24149,2000000000.0,0.9,1.3128e-09,2.12772e-18,2.95805
39,11222956000000,175008,0.0523519,0.118,19.1015,8.47458,1000000000.0,0.8,5.42373e-09,4.59638e-17,0.390322
39,11222957000000,176008,0.053543,0.262,18.6766,3.81679,1000000000.0,0.8,2.44275e-09,9.32347e-18,0.191846
39,11222958000000,177008,0.0554099,0.384,18.0473,2.60417,1000000000.0,0.8,1.66667e-09,4.3402800000000005e-18,0.765772
39,11222959000000,178008,0.0557391,0.114,17.9407,8.77193,1000000000.0,0.8,5.61404e-09,4.92459e-17,0.436531
39,11222960000000,179008,0.0581147,0.481,17.2073,2.079,1000000000.0,0.8,1.33056e-09,2.76624e-18,0.133323
39,11222961000000,180008,0.0587529,0.173,17.0204,5.78035,1000000000.0,0.8,3.69942e-09,2.13839e-17,0.793176
39,11222962000000,181008,0.0590582,0.114,16.9325,8.77193,1000000000.0,0.8,5.61404e-09,4.92459e-17,0.277536
39,11222963000000,182008,0.0623269,0.654,16.0444,1.52905,1000000000.0,0.8,9.78593e-10,1.4963200000000001e-18,0.118378
39,11222964000000,183008,0.0626093,0.114,15.9721,8.77193,1000000000.0,0.8,5.61404e-09,4.92459e-17,0.68775
39,11222965000000,184008,0.0630733,0.148,15.8546,6.75676,1000000000.0,0.8,4.32432e-09,2.92184e-17,0.339102
39,11222966000000,185008,0.0654674,0.506,15.2748,1.97628,1000000000.0,0.8,1.26482e-09,2.49965e-18,1.5079
39,11222967000000,186008,0.0657284,0.114,15.2141,8.77193,1000000000.0,0.8,5.61404e-09,4.92459e-17,0.735065
39,11222968000000,187008,0.0673287,0.365,14.8525,2.73973,1000000000.0,0.8,1.75342e-09,4.8039e-18,0.153385
39,11222969000000,188008,0.0685077,0.289,14.5969,3.46021,1000000000.0,0.8,2.21453e-09,7.66274e-18,0.90217
39,11222970000000,189008,0.0687484,0.114,14.5458,8.77193,1000000000.0,0.8,5.61404e-09,4.92459e-17,0.65977
39,11222971000000,190008,0.0714391,0.58,13.9979,1.72414,1000000000.0,0.8,1.10345e-09,1.9025e-18,0.123773
39,11222972000000,191008,0.0715834,0.099,13.9697,10.101,1000000000.0,0.8,6.46465e-09,6.52995e-17,0.753428
39,11222973000000,192008,0.0716741,0.089,13.952,11.236,1000000000.0,0.8,7.19101e-09,8.07979e-17,0.200355
39,11222974000000,193008,0.0746912,0.654,13.3885,1.52905,1000000000.0,0.8,9.78593e-10,1.4963200000000001e-18,0.571572
39,11222975000000,194008,0.0748938,0.114,13.3522,8.77193,1000000000.0,0.8,5.61404e-09,4.92459e-17,0.65428
39,11222976000000,195008,0.0758225,0.256,13.1887,3.90625,1000000000.0,0.8,2.5e-09,9.76563e-18,0.199147
39,11222977000000,196008,0.0774662,0.398,12.9089,2.51256,1000000000.0,0.8,1.60804e-09,4.0403e-18,0.765216
39,11222978000000,197008,0.0776517,0.114,12.878,8.77193,1000000000.0,0.8,5.61404e-09,4.92459e-17,0.415058
39,11222979000000,198008,0.0796129,0.466,12.5608,2.14592,1000000000.0,0.8,1.37339e-09,2.9471900000000003e-18,0.135175
39,11222980000000,199008,0.0801576,0.188,12.4754,5.31915,1000000000.0,0.8,3.40426e-09,1.81077e-17,0.808026
39,11222981000000,200008,0.0803268,0.114,12.4491,8.77193,1000000000.0,0.8,5.61404e-09,4.92459e-17,0.262638
39,11222982000000,201008,0.0831559,0.649,12.0256,1.54083,1000000000.0,0.8,9.86133e-10,1.5194600000000002e-18,0.118728
39,11222983000000,202008,0.0833284,0.118,12.0007,8.47458,1000000000.0,0.8,5.42373e-09,4.59638e-17,0.691101
39,11222984000000,203008,0.0835681,0.132,11.9663,7.57576,1000000000.0,0.8,4.84848e-09,3.67309e-17,0.447094
39,11222985000000,204008,0.0857221,0.523,11.6656,1.91205,1000000000.0,0.8,1.22371e-09,2.3397900000000003e-18,1.41406
39,11222986000000,205008,0.0858601,0.114,11.6469,8.77193,1000000000.0,0.8,5.61404e-09,4.92459e-17,0.760874
39,11222987000000,206008,0.087152,0.352,11.4742,2.84091,1000000000.0,0.8,1.81818e-09,5.165290000000001e-18,0.157104
39,11222988000000,207008,0.0881898,0.302,11.3392,3.31126,1000000000.0,0.8,2.11921e-09,7.01724e-18,0.930223
39,11222989000000,208008,0.0883139,0.114,11.3232,8.77193,1000000000.0,0.8,5.61404e-09,4.92459e-17,0.533625
39,11222990000000,209008,0.090585,0.563,11.0393,1.7762,1000000000.0,0.8,1.13677e-09,2.01912e-18,0.124846
39,11222991000000,210008,0.0906537,0.105,11.031,9.52381,1000000000.0,0.8,6.09524e-09,5.80499e-17,0.783864
39,11222992000000,211008,0.090698,0.1,11.0256,10.0,1000000000.0,0.8,6.4e-09,6.4e-17,0.598997
39,11222993000000,212008,0.093355,0.654,10.7118,1.52905,1000000000.0,0.8,9.78593e-10,1.4963200000000001e-18,0.46488
39,11222994000000,213008,0.0934519,0.114,10.7007,8.77193,1000000000.0,0.8,5.61404e-09,4.92459e-17,0.665375
39,11222995000000,214008,0.0941554,0.244,10.6207,4.09836,1000000000.0,0.8,2.62295e-09,1.07498e-17,0.209231
39,11222996000000,215008,0.0956243,0.41,10.4576,2.43902,1000000000.0,0.8,1.56098e-09,3.80726e-18,0.753961
39,11222997000000,216008,0.0957094,0.114,10.4483,8.77193,1000000000.0,0.8,5.61404e-09,4.92459e-17,0.440583
39,11222998000000,217008,0.0973512,0.452,10.2721,2.21239,1000000000.0,0.8,1.41593e-09,3.1325900000000004e-18,0.13718
39,11222999000000,219008,0.0974211,0.105,10.2647,9.52381,2000000000.0,0.9,3.85714e-09,1.83673e-17,0.817415
39,11223000000000,220008,0.0974965,0.114,10.2568,8.77193,1000000000.0,0.8,5.61404e-09,4.92459e-17,0.254664
39,11223001000000,221008,0.0999783,0.646,10.0022,1.54799,1000000000.0,0.8,9.90712e-10,1.5336100000000002e-18,0.23291
39,11223002000000,223008,0.099817,0.082,10.0183,12.1951,2000000000.0,0.9,4.93902e-09,3.0116e-17,0.654883
39,11223003000000,225008,0.100161,0.1385,9.98394,7.22022,2000000000.0,0.9,2.92419e-09,1.05566e-17,1.10386
39,11223004000000,226008,0.101147,0.323,9.88661,3.09598,1000000000.0,0.8,1.98142e-09,6.134440000000001e-18,1.62572
39,11223005000000,228008,0.100676,0.0475,9.93283,21.0526,2000000000.0,0.9,8.52632e-09,8.97507e-17,0.553954
39,11223006000000,229008,0.100503,0.061,9.94995,16.3934,1000000000.0,0.8,1.04918e-08,1.71997e-16,0.165694
39,11223007000000,230008,0.100131,0.015,9.98689,66.6667,1000000000.0,0.8,4.26667e-08,2.84444e-15,0.0351468
39,11223008000000,231008,0.100334,0.147,9.96669,6.80272,1000000000.0,0.8,4.35374e-09,2.96173e-17,0.158028
39,11223009000000,232008,0.100583,0.158,9.94206,6.32911,1000000000.0,0.8,4.05063e-09,2.56369e-17,0.324072
39,11223010000000,233008,0.100203,0.012,9.97978,83.3333,1000000000.0,0.8,5.33333e-08,4.44444e-15,0.112177
39,11223011000000,234008,0.100398,0.146,9.96033,6.84932,1000000000.0,0.8,4.38356e-09,3.00244e-17,0.0987393
39,11223012000000,235008,0.101086,0.262,9.89257,3.81679,1000000000.0,0.8,2.44275e-09,9.32347e-18,0.541484
39,11223013000000,236008,0.102213,0.367,9.78353,2.7248,1000000000.0,0.8,1.74387e-09,4.75169e-18,0.814158
39,11223014000000,237008,0.10225,0.111,9.77998,9.00901,1000000000.0,0.8,5.76577e-09,5.19438e-17,0.602905
39,11223015000000,238008,0.103967,0.511,9.61843,1.95695,1000000000.0,0.8,1.25245e-09,2.4509700000000003e-18,0.123952
39,11223016000000,239008,0.104143,0.146,9.60219,6.84932,1000000000.0,0.8,4.38356e-09,3.00244e-17,0.864554
39,11223017000000,240008,0.104172,0.111,9.59955,9.00901,1000000000.0,0.8,5.76577e-09,5.19438e-17,0.376477
39,11223018000000,241008,0.106465,0.657,9.39273,1.52207,1000000000.0,0.8,9.74125e-10,1.48269e-18,0.132352
39,11223019000000,242008,0.106484,0.111,9.39107,9.00901,1000000000.0,0.8,5.76577e-09,5.19438e-17,0.719962
39,11223020000000,243008,0.106877,0.202,9.35654,4.9505,1000000000.0,0.8,3.16832e-09,1.56847e-17,0.217593
39,11223021000000,244008,0.108304,0.455,9.23328,2.1978,1000000000.0,0.8,1.40659e-09,3.09141e-18,0.817975
39,11223022000000,245008,0.108315,0.111,9.23235,9.00901,1000000000.0,0.8,5.76577e-09,5.19438e-17,0.651261
39,11223023000000,246008,0.109602,0.425,9.12391,2.35294,1000000000.0,0.8,1.50588e-09,3.54325e-18,0.132454
39,11223024000000,247008,0.110098,0.232,9.08285,4.31034,1000000000.0,0.8,2.75862e-09,1.18906e-17,0.764478
39,11223025000000,248008,0.110101,0.111,9.08255,9.00901,1000000000.0,0.8,5.76577e-09,5.19438e-17,0.574615
39,11223026000000,249008,0.112213,0.636,8.9116,1.57233,1000000000.0,0.8,1.00629e-09,1.5822200000000002e-18,0.120916
39,11223027000000,250008,0.112264,0.125,8.90754,8.0,1000000000.0,0.8,5.12e-09,4.096e-17,0.763048
39,11223028000000,251008,0.112235,0.105,8.90984,9.52381,1000000000.0,0.8,6.09524e-09,5.80499e-17,0.321125
39,11223029000000,252008,0.114008,0.559,8.77129,1.78891,1000000000.0,0.8,1.1449e-09,2.04812e-18,1.10412
39,11223030000000,253008,0.113996,0.111,8.77221,9.00901,1000000000.0,0.8,5.76577e-09,5.19438e-17,0.622988
39,11223031000000,254008,0.114878,0.338,8.70487,2.95858,1000000000.0,0.8,1.89349e-09,5.6020400000000004e-18,0.147254
39,11223032000000,255008,0.115679,0.319,8.64463,3.1348,1000000000.0,0.8,2.00627e-09,6.289250000000001e-18,1.05004
39,11223033000000,256008,0.11566,0.111,8.646,9.00901,1000000000.0,0.8,5.76577e-09,5.19438e-17,0.588328
39,11223034000000,257008,0.117382,0.558,8.51923,1.79211,1000000000.0,0.8,1.14695e-09,2.0554700000000004e-18,0.121189
39,11223035000000,258008,0.117368,0.114,8.52018,8.77193,1000000000.0,0.8,5.61404e-09,4.92459e-17,0.815979
39,11223036000000,259008,0.117286,0.096,8.52617,10.4167,1000000000.0,0.8,6.66667e-09,6.94444e-17,0.589206
39,11223037000000,260008,0.119362,0.657,8.3779,1.52207,1000000000.0,0.8,9.74125e-10,1.48269e-18,0.497007
39,11223038000000,261008,0.11933,0.111,8.38015,9.00901,1000000000.0,0.8,5.76577e-09,5.19438e-17,0.720311
39,11223039000000,262008,0.119828,0.25,8.34527,4.0,1000000000.0,0.8,2.56e-09,1.024e-17,0.18187
39,11223040000000,263008,0.12092,0.407,8.26991,2.457,1000000000.0,0.8,1.57248e-09,3.86359e-18,0.817151
39,11223041000000,264008,0.120883,0.111,8.27248,9.00901,1000000000.0,0.8,5.76577e-09,5.19438e-17,0.450189
39,11223042000000,265008,0.122215,0.474,8.18229,2.1097,1000000000.0,0.8,1.35021e-09,2.84855e-18,0.126965
39,11223043000000,266008,0.122444,0.183,8.16702,5.46448,1000000000.0,0.8,3.49727e-09,1.91108e-17,0.797623
39,11223044000000,267008,0.122401,0.111,8.16988,9.00901,1000000000.0,0.8,5.76577e-09,5.19438e-17,0.304172
39,11223045000000,268008,0.124392,0.656,8.03911,1.52439,1000000000.0,0.8,9.7561e-10,1.4872100000000002e-18,0.128452
39,11223046000000,269008,0.124346,0.112,8.04209,8.92857,1000000000.0,0.8,5.71429e-09,5.10204e-17,0.719635
39,11223047000000,270008,0.124493,0.164,8.03261,6.09756,1000000000.0,0.8,3.90244e-09,2.37954e-17,0.278858
39,11223048000000,271008,0.125852,0.493,7.94582,2.0284,1000000000.0,0.8,1.29817e-09,2.63321e-18,1.21046
39,11223049000000,272008,0.125798,0.111,7.94927,9.00901,1000000000.0,0.8,5.76577e-09,5.19438e-17,0.666123
39,11223050000000,273008,0.126773,0.392,7.88812,2.55102,1000000000.0,0.8,1.63265e-09,4.16493e-18,0.139154
39,11223051000000,274008,0.127277,0.265,7.85686,3.77358,1000000000.0,0.8,2.41509e-09,9.11356e-18,0.845295
39,11223052000000,275008,0.127218,0.111,7.86052,9.00901,1000000000.0,0.8,5.76577e-09,5.19438e-17,0.571004
39,11223053000000,276008,0.129018,0.624,7.75086,1.60256,1000000000.0,0.8,1.02564e-09,1.64366e-18,0.121566
39,11223054000000,277008,0.129043,0.136,7.74934,7.35294,1000000000.0,0.8,4.70588e-09,3.46021e-17,0.770764
39,11223055000000,278008,0.128899,0.089,7.758,11.236,1000000000.0,0.8,7.19101e-09,8.07979e-17,0.475775
39,11223056000000,279008,0.130502,0.576,7.66274,1.73611,1000000000.0,0.8,1.11111e-09,1.92901e-18,0.442732
39,11223057000000,280008,0.130432,0.111,7.66683,9.00901,1000000000.0,0.8,5.76577e-09,5.19438e-17,0.631654
39,11223058000000,281008,0.131149,0.332,7.6249,3.01205,1000000000.0,0.8,1.92771e-09,5.8063600000000004e-18,0.151248
39,11223059000000,282008,0.131837,0.325,7.58514,3.07692,1000000000.0,0.8,1.96923e-09,6.059170000000001e-18,1.03049
39,11223060000000,283008,0.131763,0.111,7.58938,9.00901,1000000000.0,0.8,5.76577e-09,5.19438e-17,0.402232
39,11223061000000,284008,0.133236,0.55,7.5055,1.81818,1000000000.0,0.8,1.16364e-09,2.1157e-18,0.121778
39,11223062000000,285008,0.134414,0.469,7.43971,2.1322,1000000000.0,0.8,1.36461e-09,2.9096100000000004e-18,0.821757
39,11223063000000,286008,0.134426,0.138,7.43902,7.24638,1000000000.0,0.8,4.63768e-09,3.36064e-17,0.387949
39,11223064000000,287008,0.134881,0.265,7.41393,3.77358,1000000000.0,0.8,2.41509e-09,9.11356e-18,0.137325
39,11223065000000,288008,0.135718,0.376,7.36819,2.65957,1000000000.0,0.8,1.70213e-09,4.526940000000001e-18,0.505662
39,11223066000000,289008,0.135425,0.051,7.38414,19.6078,1000000000.0,0.8,1.2549e-08,2.46059e-16,0.42283
39,11223067000000,290008,0.135348,0.113,7.38836,8.84956,1000000000.0,0.8,5.66372e-09,5.01214e-17,0.172609
39,11223068000000,291008,0.136855,0.574,7.30699,1.74216,1000000000.0,0.8,1.11498e-09,1.94248e-18,0.807256
39,11223069000000,292008,0.136832,0.13,7.30824,7.69231,1000000000.0,0.8,4.92308e-09,3.78698e-17,0.670382
39,11223070000000,293008,0.136675,0.091,7.3166,10.989,1000000000.0,0.8,7.03297e-09,7.72854e-17,0.494766
39,11223071000000,294008,0.1382,0.585,7.23587,1.7094,1000000000.0,0.8,1.09402e-09,1.8701100000000003e-18,0.735408
39,11223072000000,295008,0.138118,0.114,7.24017,8.77193,1000000000.0,0.8,5.61404e-09,4.92459e-17,0.607449
39,11223073000000,296008,0.138611,0.284,7.21443,3.52113,1000000000.0,0.8,2.25352e-09,7.93493e-18,0.18697
39,11223074000000,297008,0.139363,0.362,7.17549,2.76243,1000000000.0,0.8,1.76796e-09,4.88386e-18,0.862689
39,11223075000000,298008,0.139392,0.148,7.174,6.75676,1000000000.0,0.8,4.32432e-09,2.92184e-17,0.37304
39,11223076000000,299008,0.140588,0.497,7.11297,2.01207,1000000000.0,0.8,1.28773e-09,2.591e-18,0.274173
39,11223077000000,300008,0.140556,0.131,7.11459,7.63359,1000000000.0,0.8,4.8855e-09,3.72939e-17,0.771262
39,11223078000000,301008,0.140468,0.114,7.11906,8.77193,1000000000.0,0.8,5.61404e-09,4.92459e-17,0.432139
39,11223079000000,302008,0.142142,0.646,7.03522,1.54799,1000000000.0,0.8,9.90712e-10,1.5336100000000002e-18,0.285674
39,11223080000000,303008,0.142161,0.148,7.03427,6.75676,1000000000.0,0.8,4.32432e-09,2.92184e-17,0.69378
39,11223081000000,304008,0.142391,0.212,7.02292,4.71698,1000000000.0,0.8,3.01887e-09,1.42399e-17,0.384558
39,11223082000000,305008,0.143288,0.416,6.97895,2.40385,1000000000.0,0.8,1.53846e-09,3.69822e-18,1.08364
39,11223083000000,306008,0.143192,0.114,6.98361,8.77193,1000000000.0,0.8,5.61404e-09,4.92459e-17,0.367988
39,11223084000000,307008,0.144231,0.462,6.93333,2.1645,1000000000.0,0.8,1.38528e-09,2.9984400000000003e-18,0.159021
39,11223085000000,308008,0.14436,0.184,6.92713,5.43478,1000000000.0,0.8,3.47826e-09,1.89036e-17,0.742573
39,11223086000000,309008,0.144372,0.148,6.92657,6.75676,1000000000.0,0.8,4.32432e-09,2.92184e-17,0.267453
39,11223087000000,310008,0.145932,0.628,6.85252,1.59236,1000000000.0,0.8,1.01911e-09,1.62278e-18,0.258067
39,11223088000000,311008,0.145829,0.114,6.85734,8.77193,1000000000.0,0.8,5.61404e-09,4.92459e-17,0.48739
39,11223089000000,312008,0.145932,0.178,6.8525,5.61798,1000000000.0,0.8,3.59551e-09,2.01995e-17,0.281051
39,11223090000000,313008,0.146961,0.468,6.80452,2.13675,1000000000.0,0.8,1.36752e-09,2.92205e-18,1.07069
39,11223091000000,314008,0.146964,0.148,6.80437,6.75676,1000000000.0,0.8,4.32432e-09,2.92184e-17,0.233986
39,11223092000000,315008,0.147742,0.392,6.76854,2.55102,1000000000.0,0.8,1.63265e-09,4.16493e-18,0.29646
39,11223093000000,316008,0.148022,0.236,6.75577,4.23729,1000000000.0,0.8,2.71186e-09,1.1491e-17,0.896357
39,11223094000000,317008,0.147914,0.114,6.76067,8.77193,1000000000.0,0.8,5.61404e-09,4.92459e-17,0.487964
39,11223095000000,318008,0.149424,0.628,6.69237,1.59236,1000000000.0,0.8,1.01911e-09,1.62278e-18,0.191784
39,11223096000000,319008,0.14941,0.145,6.69299,6.89655,1000000000.0,0.8,4.41379e-09,3.044e-17,0.726158
39,11223097000000,320008,0.149209,0.085,6.70202,11.7647,1000000000.0,0.8,7.52941e-09,8.85813e-17,0.660447
39,11223098000000,321008,0.150501,0.564,6.64448,1.77305,1000000000.0,0.8,1.13475e-09,2.01197e-18,0.784043
39,11223099000000,322008,0.150388,0.114,6.64949,8.77193,1000000000.0,0.8,5.61404e-09,4.92459e-17,0.312404
39,11223100000000,323008,0.151024,0.356,6.62146,2.80899,1000000000.0,0.8,1.79775e-09,5.0498700000000004e-18,0.165492
39,11223101000000,324008,0.151453,0.29,6.60271,3.44828,1000000000.0,0.8,2.2069e-09,7.60999e-18,0.864805
39,11223102000000,325008,0.151442,0.148,6.60317,6.75676,1000000000.0,0.8,4.32432e-09,2.92184e-17,0.245207
39,11223103000000,326008,0.152723,0.569,6.54779,1.75747,1000000000.0,0.8,1.12478e-09,1.97677e-18,0.26927
39,11223104000000,327008,0.152666,0.134,6.55025,7.46269,1000000000.0,0.8,4.77612e-09,3.56427e-17,0.856992
39,11223105000000,328008,0.152402,0.066,6.5616,15.1515,1000000000.0,0.8,9.69697e-09,1.46924e-16,0.551259
39,11223106000000,329008,0.15382,0.619,6.50111,1.61551,1000000000.0,0.8,1.03393e-09,1.6703200000000001e-18,0.413138
39,11223107000000,330008,0.153802,0.148,6.50185,6.75676,1000000000.0,0.8,4.32432e-09,2.92184e-17,0.266898
39,11223108000000,331008,0.154193,0.283,6.48539,3.53357,1000000000.0,0.8,2.26148e-09,7.99111e-18,0.315409
39,11223109000000,332008,0.154767,0.345,6.46131,2.89855,1000000000.0,0.8,1.85507e-09,5.37702e-18,0.909049
39,11223110000000,333008,0.154645,0.114,6.46643,8.77193,1000000000.0,0.8,5.61404e-09,4.92459e-17,0.387873
39,11223111000000,334008,0.155796,0.539,6.41866,1.85529,1000000000.0,0.8,1.18738e-09,2.20294e-18,0.164007
39,11223112000000,335008,0.15565,0.107,6.42467,9.34579,1000000000.0,0.8,5.98131e-09,5.59001e-17,0.825012
39,11223113000000,336008,0.155627,0.148,6.42561,6.75676,1000000000.0,0.8,4.32432e-09,2.92184e-17,0.480065
39,11223114000000,337008,0.15705,0.635,6.36741,1.5748,1000000000.0,0.8,1.00787e-09,1.5872e-18,0.27635
39,11223115000000,337021,0.157047,0.0769231,6.36754,13.0,1000000000.0,0.8,8.32e-09,1.0816e-16,0.231929
