CU,perfLevel,clock,Cycles,IPC,CPI,CPI_delta,ED2P,EDP,Frequency,IPC_delta,Sensitivity,Voltage
0,2,10881501000000,1000,0.016,62.5,62.5,204800,1.28e+07,1000000000,0.016,16,0.8
0,2,12175902000000,54754,0.0890894,11.2247,11.0559,6.54483e+06,7.23593e+07,1000000000,0.0904491,4862,0.8
0,0,12175903000000,58754,0.0830241,12.0447,0,0,0,4000000000,0,0,1
0,2,12175904000000,59754,0.0818355,12.2196,83.3333,115200,9.6e+06,1000000000,0.012,12,0.8
0,2,12175905000000,60754,0.0843237,11.8591,4.29185,4.34312e+07,1.864e+08,1000000000,0.233,233,0.8
0,0,12175906000000,64754,0.0822806,12.1535,19.5122,1.05062e+07,2.05e+08,4000000000,0.05125,51.25,1
0,2,12175907000000,65754,0.0818657,12.2151,18.1818,2.42e+06,4.4e+07,1000000000,0.055,55,0.8
0,0,12175908000000,69754,0.0858732,11.6451,6.58979,9.21122e+07,6.07e+08,4000000000,0.15175,151.75,1
0,2,12175909000000,70754,0.0863273,11.5838,8.47458,1.11392e+07,9.44e+07,1000000000,0.118,118,0.8
0,1,12175910000000,72754,0.0929983,10.7529,3.03951,1.94834e+08,5.922e+08,2000000000,0.329,329,0.9
0,0,12175911000000,76754,0.0899758,11.1141,28.5714,4.9e+06,1.4e+08,4000000000,0.035,35,1
0,2,12175912000000,77754,0.0926255,10.7962,3.37838,7.00928e+07,2.368e+08,1000000000,0.296,296,0.8
0,0,12175913000000,81754,0.0921545,10.8513,12.0482,2.7556e+07,3.32e+08,4000000000,0.083,83,1
0,2,12175914000000,82754,0.0928777,10.7668,6.57895,1.84832e+07,1.216e+08,1000000000,0.152,152,0.8
0,1,12175915000000,84754,0.0978125,10.2236,3.31126,1.64167e+08,5.436e+08,2000000000,0.302,302,0.9
0,0,12175916000000,88754,0.0951168,10.5134,26.3158,5.776e+06,1.52e+08,4000000000,0.038,38,1
0,2,12175917000000,89754,0.0985694,10.1451,2.46914,1.3122e+08,3.24e+08,1000000000,0.405,405,0.8
0,0,12175918000000,93754,0.0966145,10.3504,18.9573,1.11302e+07,2.11e+08,4000000000,0.05275,52.75,1
0,2,12175919000000,94754,0.096798,10.3308,8.77193,1.03968e+07,9.12e+07,1000000000,0.114,114,0.8
0,1,12175920000000,96754,0.101681,9.83472,3.003,1.996e+08,5.994e+08,2000000000,0.333,333,0.9
0,0,12175921000000,100754,0.0991524,10.0855,26.3158,5.776e+06,1.52e+08,4000000000,0.038,38,1
0,2,12175922000000,101754,0.102571,9.74935,2.23714,1.59847e+08,3.576e+08,1000000000,0.447,447,0.8
0,0,12175923000000,105754,0.100176,9.98244,25.4777,6.16225e+06,1.57e+08,4000000000,0.03925,39.25,1
0,2,12175924000000,106754,0.100305,9.96956,8.77193,1.03968e+07,9.12e+07,1000000000,0.114,114,0.8
0,1,12175925000000,108754,0.104585,9.56163,3.003,1.996e+08,5.994e+08,2000000000,0.333,333,0.9
0,0,12175926000000,112754,0.102223,9.78258,26.3158,5.776e+06,1.52e+08,4000000000,0.038,38,1
0,2,12175927000000,113754,0.105429,9.48503,2.14133,1.74471e+08,3.736e+08,1000000000,0.467,467,0.8
0,0,12175928000000,117754,0.103011,9.70767,29.1971,4.69225e+06,1.37e+08,4000000000,0.03425,34.25,1
0,2,12175929000000,118754,0.103104,9.69895,8.77193,1.03968e+07,9.12e+07,1000000000,0.114,114,0.8
0,1,12175930000000,120754,0.106912,9.35352,3.003,1.996e+08,5.994e+08,2000000000,0.333,333,0.9
0,0,12175931000000,124754,0.104702,9.55091,26.3158,5.776e+06,1.52e+08,4000000000,0.038,38,1
0,2,12175932000000,125754,0.107623,9.29171,2.11864,1.78227e+08,3.776e+08,1000000000,0.472,472,0.8
0,0,12175933000000,129754,0.105322,9.49466,30.303,4.356e+06,1.32e+08,4000000000,0.033,33,1
0,2,12175934000000,130754,0.105389,9.48868,8.77193,1.03968e+07,9.12e+07,1000000000,0.114,114,0.8
0,1,12175935000000,132754,0.108818,9.18967,3.003,1.996e+08,5.994e+08,2000000000,0.333,333,0.9
0,0,12175936000000,136754,0.106746,9.368,26.3158,5.776e+06,1.52e+08,4000000000,0.038,38,1
0,2,12175937000000,137754,0.109383,9.14216,2.12766,1.7672e+08,3.76e+08,1000000000,0.47,470,0.8
0,0,12175938000000,141754,0.107242,9.32469,29.8507,4.489e+06,1.34e+08,4000000000,0.0335,33.5,1
0,2,12175939000000,142754,0.107289,9.32058,8.77193,1.03968e+07,9.12e+07,1000000000,0.114,114,0.8
0,1,12175940000000,144754,0.110408,9.05731,3.003,1.996e+08,5.994e+08,2000000000,0.333,333,0.9
0,0,12175941000000,148754,0.108461,9.21991,26.3158,5.776e+06,1.52e+08,4000000000,0.038,38,1
0,2,12175942000000,149754,0.110895,9.01752,2.11416,1.78983e+08,3.784e+08,1000000000,0.473,473,0.8
0,0,12175943000000,153754,0.108862,9.18592,30.5344,4.29025e+06,1.31e+08,4000000000,0.03275,32.75,1
0,2,12175944000000,154754,0.108895,9.18312,8.77193,1.03968e+07,9.12e+07,1000000000,0.114,114,0.8
0,1,12175945000000,156754,0.111755,8.94817,3.003,1.996e+08,5.994e+08,2000000000,0.333,333,0.9
0,0,12175946000000,160754,0.10992,9.09757,26.3158,5.776e+06,1.52e+08,4000000000,0.038,38,1
0,2,12175947000000,161754,0.112158,8.916,2.11864,1.78227e+08,3.776e+08,1000000000,0.472,472,0.8
0,0,12175948000000,165754,0.110248,9.07048,30.303,4.356e+06,1.32e+08,4000000000,0.033,33,1
0,2,12175949000000,166754,0.11027,9.06863,8.77193,1.03968e+07,9.12e+07,1000000000,0.114,114,0.8
0,1,12175950000000,168754,0.11291,8.85662,3.003,1.996e+08,5.994e+08,2000000000,0.333,333,0.9
0,0,12175951000000,172754,0.111175,8.99479,26.3158,5.776e+06,1.52e+08,4000000000,0.038,38,1
0,2,12175952000000,173754,0.113241,8.83076,2.12766,1.7672e+08,3.76e+08,1000000000,0.47,470,0.8
0,0,12175953000000,177754,0.113584,8.80406,7.7821,6.6049e+07,5.14e+08,4000000000,0.1285,128.5,1
0,2,12175954000000,178754,0.113385,8.81952,12.8205,4.8672e+06,6.24e+07,1000000000,0.078,78,0.8
0,2,12175955000000,179754,0.115174,8.68251,2.29885,1.5138e+08,3.48e+08,1000000000,0.435,435,0.8
0,1,12175956000000,181754,0.115156,8.6839,8.81057,2.3188e+07,2.043e+08,2000000000,0.1135,113.5,0.9
0,2,12175957000000,182754,0.115062,8.69098,10.2041,7.6832e+06,7.84e+07,1000000000,0.098,98,0.8
0,1,12175958000000,184754,0.117334,8.52265,3.07692,1.90125e+08,5.85e+08,2000000000,0.325,325,0.9
0,1,12175959000000,186754,0.116977,8.54866,11.9048,1.27008e+07,1.512e+08,2000000000,0.084,84,0.9
0,2,12175960000000,187754,0.117404,8.51762,5.07614,3.10472e+07,1.576e+08,1000000000,0.197,197,0.8
0,1,12175961000000,189754,0.118353,8.44928,4.81928,7.75012e+07,3.735e+08,2000000000,0.2075,207.5,0.9
0,0,12175962000000,193754,0.116643,8.57319,28.169,5.041e+06,1.42e+08,4000000000,0.0355,35.5,1
0,2,12175963000000,194754,0.118442,8.44297,2.14133,1.74471e+08,3.736e+08,1000000000,0.467,467,0.8
0,0,12175964000000,198754,0.116798,8.56182,27.2109,5.40225e+06,1.47e+08,4000000000,0.03675,36.75,1
0,2,12175965000000,199754,0.116804,8.56137,8.47458,1.11392e+07,9.44e+07,1000000000,0.118,118,0.8
0,1,12175966000000,201754,0.118868,8.41273,3.07692,1.90125e+08,5.85e+08,2000000000,0.325,325,0.9
0,0,12175967000000,205754,0.117257,8.52831,27.7778,5.184e+06,1.44e+08,4000000000,0.036,36,1
0,2,12175968000000,206754,0.118087,8.46832,3.46021,6.68168e+07,2.312e+08,1000000000,0.289,289,0.8
0,0,12175969000000,210754,0.117473,8.51256,11.6618,2.94123e+07,3.43e+08,4000000000,0.08575,85.75,1
0,2,12175970000000,211754,0.1174,8.51786,9.80392,8.3232e+06,8.16e+07,1000000000,0.102,102,0.8
0,1,12175971000000,213754,0.119418,8.37397,3.003,1.996e+08,5.994e+08,2000000000,0.333,333,0.9
0,0,12175972000000,217754,0.117885,8.48282,27.7778,5.184e+06,1.44e+08,4000000000,0.036,36,1
0,2,12175973000000,218754,0.118238,8.45753,5.12821,3.042e+07,1.56e+08,1000000000,0.195,195,0.8
0,0,12175974000000,222754,0.118076,8.46909,9.15332,4.77422e+07,4.37e+08,4000000000,0.10925,109.25,1
0,2,12175975000000,223754,0.118228,8.45823,6.57895,1.84832e+07,1.216e+08,1000000000,0.152,152,0.8
0,1,12175976000000,225754,0.119856,8.34334,3.31126,1.64167e+08,5.436e+08,2000000000,0.302,302,0.9
0,0,12175977000000,229754,0.11817,8.46239,43.4783,2.116e+06,9.2e+07,4000000000,0.023,23,1
0,2,12175978000000,230754,0.11816,8.46307,8.62069,1.07648e+07,9.28e+07,1000000000,0.116,116,0.8
0,0,12175979000000,234754,0.11855,8.43529,7.0922,7.9524e+07,5.64e+08,4000000000,0.141,141,1
0,2,12175980000000,235754,0.118687,8.4255,6.62252,1.82408e+07,1.208e+08,1000000000,0.151,151,0.8
0,1,12175981000000,237754,0.120284,8.31366,3.24149,1.7131e+08,5.553e+08,2000000000,0.3085,308.5,0.9
0,0,12175982000000,241754,0.118658,8.4276,45.4545,1.936e+06,8.8e+07,4000000000,0.022,22,1
0,2,12175983000000,242754,0.118231,8.45803,66.6667,180000,1.2e+07,1000000000,0.015,15,0.8
0,0,12175984000000,246754,0.119042,8.40042,5.94354,1.13232e+08,6.73e+08,4000000000,0.16825,168.25,1
0,2,12175985000000,247754,0.119175,8.39105,6.57895,1.84832e+07,1.216e+08,1000000000,0.152,152,0.8
0,1,12175986000000,249754,0.120639,8.28921,3.31126,1.64167e+08,5.436e+08,2000000000,0.302,302,0.9
0,0,12175987000000,253754,0.119273,8.38413,29.4118,4.624e+06,1.36e+08,4000000000,0.034,34,1
0,2,12175988000000,254754,0.118821,8.41606,250,12800,3.2e+06,1000000000,0.004,4,0.8
0,0,12175989000000,258754,0.119426,8.37337,6.32911,9.9856e+07,6.32e+08,4000000000,0.158,158,1
0,2,12175990000000,259754,0.119421,8.37376,8.47458,1.11392e+07,9.44e+07,1000000000,0.118,118,0.8
0,1,12175991000000,261754,0.120976,8.26609,3.09598,1.87792e+08,5.814e+08,2000000000,0.323,323,0.9
0,0,12175992000000,265754,0.119272,8.3842,129.032,240250,3.1e+07,4000000000,0.00775,7.75,1
0,2,12175993000000,266754,0.1192,8.38928,10,8e+06,8e+07,1000000000,0.1,100,0.8
0,0,12175994000000,270754,0.11985,8.34373,6.12557,1.06602e+08,6.53e+08,4000000000,0.16325,163.25,1
0,2,12175995000000,271754,0.11977,8.34933,10.2041,7.6832e+06,7.84e+07,1000000000,0.098,98,0.8
0,1,12175996000000,273754,0.120937,8.26876,3.57782,1.40616e+08,5.031e+08,2000000000,0.2795,279.5,0.9
0,0,12175997000000,277754,0.119595,8.36155,36.036,3.08025e+06,1.11e+08,4000000000,0.02775,27.75,1
0,2,12175998000000,278754,0.119575,8.36295,8.77193,1.03968e+07,9.12e+07,1000000000,0.114,114,0.8
0,0,12175999000000,282754,0.12014,8.32364,6.26959,1.01761e+08,6.38e+08,4000000000,0.1595,159.5,1
0,2,12176000000000,283754,0.120294,8.31294,6.09756,2.15168e+07,1.312e+08,1000000000,0.164,164,0.8
0,1,12176001000000,285754,0.121094,8.25807,4.26439,9.89824e+07,4.221e+08,2000000000,0.2345,234.5,0.9
0,0,12176002000000,289754,0.121199,8.25087,7.76699,6.63062e+07,5.15e+08,4000000000,0.12875,128.75,1
0,2,12176003000000,290754,0.121195,8.25115,8.33333,1.152e+07,9.6e+07,1000000000,0.12,120,0.8
0,0,12176004000000,294754,0.1216,8.2237,6.62252,9.1204e+07,6.04e+08,4000000000,0.151,151,1
0,2,12176005000000,295754,0.121574,8.22544,8.77193,1.03968e+07,9.12e+07,1000000000,0.114,114,0.8
0,1,12176006000000,297754,0.122134,8.1877,4.87805,7.5645e+07,3.69e+08,2000000000,0.205,205,0.9
0,0,12176007000000,301754,0.121351,8.24059,15.873,1.5876e+07,2.52e+08,4000000000,0.063,63,1
0,2,12176008000000,302754,0.121425,8.23551,6.94444,1.65888e+07,1.152e+08,1000000000,0.144,144,0.8
0,0,12176009000000,306754,0.121902,8.20329,6.32911,9.9856e+07,6.32e+08,4000000000,0.158,158,1
0,1,12176010000000,308754,0.121521,8.22905,15.873,7.1442e+06,1.134e+08,2000000000,0.063,63,0.9
0,2,12176011000000,309754,0.122542,8.16044,2.28311,1.53475e+08,3.504e+08,1000000000,0.438,438,0.8
0,0,12176012000000,313754,0.121567,8.22595,21.7391,8.464e+06,1.84e+08,4000000000,0.046,46,1
0,2,12176013000000,314754,0.121555,8.22671,8.47458,1.11392e+07,9.44e+07,1000000000,0.118,118,0.8
0,1,12176014000000,316754,0.12284,8.14068,3.07692,1.90125e+08,5.85e+08,2000000000,0.325,325,0.9
0,0,12176015000000,320754,0.121757,8.21309,27.7778,5.184e+06,1.44e+08,4000000000,0.036,36,1
0,2,12176016000000,321754,0.122808,8.14278,2.17391,1.6928e+08,3.68e+08,1000000000,0.46,460,0.8
0,0,12176017000000,325754,0.121828,8.20829,23.2558,7.396e+06,1.72e+08,4000000000,0.043,43,1
0,2,12176018000000,326754,0.121816,8.20907,8.47458,1.11392e+07,9.44e+07,1000000000,0.118,118,0.8
0,1,12176019000000,328754,0.123077,8.12501,3.03951,1.94834e+08,5.922e+08,2000000000,0.329,329,0.9
0,0,12176020000000,332754,0.122018,8.19551,28.5714,4.9e+06,1.4e+08,4000000000,0.035,35,1
0,2,12176021000000,333754,0.123028,8.12825,2.17865,1.68545e+08,3.672e+08,1000000000,0.459,459,0.8
0,0,12176022000000,337754,0.122036,8.19433,25.4777,6.16225e+06,1.57e+08,4000000000,0.03925,39.25,1
0,2,12176023000000,338754,0.122012,8.19593,8.77193,1.03968e+07,9.12e+07,1000000000,0.114,114,0.8
0,2,12176024000000,339754,0.123578,8.09208,1.52905,3.42173e+08,5.232e+08,1000000000,0.654,654,0.8
0,0,12176025000000,343754,0.122617,8.15549,24.3902,6.724e+06,1.64e+08,4000000000,0.041,41,1
0,2,12176026000000,344754,0.122867,8.13886,4.78469,3.49448e+07,1.672e+08,1000000000,0.209,209,0.8
0,0,12176027000000,348754,0.122637,8.15417,9.73236,4.22302e+07,4.11e+08,4000000000,0.10275,102.75,1
0,1,12176028000000,350754,0.122359,8.17265,13.5135,9.8568e+06,1.332e+08,2000000000,0.074,74,0.9
0,2,12176029000000,351754,0.123729,8.08221,1.65563,2.91853e+08,4.832e+08,1000000000,0.604,604,0.8
0,0,12176030000000,355754,0.122798,8.14343,24.3902,6.724e+06,1.64e+08,4000000000,0.041,41,1
0,2,12176031000000,356754,0.122942,8.13393,5.74713,2.42208e+07,1.392e+08,1000000000,0.174,174,0.8
0,0,12176032000000,360754,0.122815,8.14233,8.96861,4.9729e+07,4.46e+08,4000000000,0.1115,111.5,1
0,1,12176033000000,362754,0.122546,8.16021,13.5135,9.8568e+06,1.332e+08,2000000000,0.074,74,0.9
0,2,12176034000000,363754,0.123867,8.0732,1.65837,2.90887e+08,4.824e+08,1000000000,0.603,603,0.8
0,0,12176035000000,367754,0.122968,8.13219,24.2424,6.80625e+06,1.65e+08,4000000000,0.04125,41.25,1
0,2,12176036000000,368754,0.123025,8.12842,6.94444,1.65888e+07,1.152e+08,1000000000,0.144,144,0.8
0,1,12176037000000,370754,0.123602,8.09047,4.34783,9.522e+07,4.14e+08,2000000000,0.23,230,0.9
0,1,12176038000000,372754,0.123379,8.10511,12.1951,1.21032e+07,1.476e+08,2000000000,0.082,82,0.9
0,1,12176039000000,374754,0.124343,8.04228,3.28947,1.66349e+08,5.472e+08,2000000000,0.304,304,0.9
0,0,12176040000000,378754,0.123389,8.10446,29.4118,4.624e+06,1.36e+08,4000000000,0.034,34,1
0,2,12176041000000,379754,0.123896,8.07129,3.16456,7.98848e+07,2.528e+08,1000000000,0.316,316,0.8
0,0,12176042000000,383754,0.123438,8.1012,12.5,2.56e+07,3.2e+08,4000000000,0.08,80,1
0,2,12176043000000,384754,0.123523,8.09565,6.41026,1.94688e+07,1.248e+08,1000000000,0.156,156,0.8
0,1,12176044000000,386754,0.124467,8.03428,3.26797,1.68545e+08,5.508e+08,2000000000,0.306,306,0.9
0,0,12176045000000,390754,0.123592,8.09115,25.641,6.084e+06,1.56e+08,4000000000,0.039,39,1
0,2,12176046000000,391754,0.124318,8.0439,2.45098,1.33171e+08,3.264e+08,1000000000,0.408,408,0.8
0,0,12176047000000,395754,0.123557,8.09346,20.4082,9.604e+06,1.96e+08,4000000000,0.049,49,1
0,2,12176048000000,396754,0.123532,8.09504,8.77193,1.03968e+07,9.12e+07,1000000000,0.114,114,0.8
0,1,12176049000000,397985,0.124834,8.01065,1.83731,5.33219e+08,9.79691e+08,2000000000,0.544273,335,0.9
0,0,12176050000000,397985,0.124834,8.01065,0,-nan,-nan,4000000000,-nan,0,1
0,2,12176051000000,397985,0.124834,8.01065,0,-nan,-nan,1000000000,-nan,0,0.8
0,0,12176052000000,397985,0.124834,8.01065,0,-nan,-nan,4000000000,-nan,0,1
0,2,12176053000000,397985,0.124834,8.01065,0,-nan,-nan,1000000000,-nan,0,0.8
0,2,12176054000000,397985,0.124834,8.01065,0,-nan,-nan,1000000000,-nan,0,0.8
0,0,12176055000000,397985,0.124834,8.01065,0,-nan,-nan,4000000000,-nan,0,1
0,2,12176056000000,397985,0.124834,8.01065,0,-nan,-nan,1000000000,-nan,0,0.8
0,0,12176057000000,397985,0.124834,8.01065,0,-nan,-nan,4000000000,-nan,0,1
1,2,10881501000000,1000,0.016,62.5,62.5,204800,1.28e+07,1000000000,0.016,16,0.8
1,2,12175902000000,54263,0.0898771,11.1263,10.9572,6.66331e+06,7.30113e+07,1000000000,0.0912641,4861,0.8
1,0,12175903000000,58263,0.0837066,11.9465,0,0,0,4000000000,0,0,1
1,2,12175904000000,59263,0.0824967,12.1217,83.3333,115200,9.6e+06,1000000000,0.012,12,0.8
1,2,12175905000000,60263,0.0849941,11.7655,4.29185,4.34312e+07,1.864e+08,1000000000,0.233,233,0.8
1,0,12175906000000,64263,0.0828937,12.0636,19.5122,1.05062e+07,2.05e+08,4000000000,0.05125,51.25,1
1,2,12175907000000,65263,0.0824663,12.1262,18.1818,2.42e+06,4.4e+07,1000000000,0.055,55,0.8
1,0,12175908000000,69263,0.0864675,11.565,6.58979,9.21122e+07,6.07e+08,4000000000,0.15175,151.75,1
1,2,12175909000000,70263,0.0869163,11.5053,8.47458,1.11392e+07,9.44e+07,1000000000,0.118,118,0.8
1,1,12175910000000,72263,0.0936164,10.6819,3.03951,1.94834e+08,5.922e+08,2000000000,0.329,329,0.9
1,0,12175911000000,76263,0.0905419,11.0446,28.5714,4.9e+06,1.4e+08,4000000000,0.035,35,1
1,2,12175912000000,77263,0.0932011,10.7295,3.37838,7.00928e+07,2.368e+08,1000000000,0.296,296,0.8
1,0,12175913000000,81263,0.092699,10.7876,12.0482,2.7556e+07,3.32e+08,4000000000,0.083,83,1
1,2,12175914000000,82263,0.0934199,10.7044,6.57895,1.84832e+07,1.216e+08,1000000000,0.152,152,0.8
1,1,12175915000000,84263,0.0983706,10.1656,3.31126,1.64167e+08,5.436e+08,2000000000,0.302,302,0.9
1,0,12175916000000,88263,0.0956346,10.4565,26.3158,5.776e+06,1.52e+08,4000000000,0.038,38,1
1,2,12175917000000,89263,0.0991004,10.0908,2.46914,1.3122e+08,3.24e+08,1000000000,0.405,405,0.8
1,0,12175918000000,93263,0.0971125,10.2973,18.9573,1.11302e+07,2.11e+08,4000000000,0.05275,52.75,1
1,2,12175919000000,94263,0.0972916,10.2784,8.77193,1.03968e+07,9.12e+07,1000000000,0.114,114,0.8
1,1,12175920000000,96263,0.102189,9.78581,3.003,1.996e+08,5.994e+08,2000000000,0.333,333,0.9
1,0,12175921000000,100263,0.099628,10.0373,26.3158,5.776e+06,1.52e+08,4000000000,0.038,38,1
1,2,12175922000000,101263,0.103058,9.70324,2.23714,1.59847e+08,3.576e+08,1000000000,0.447,447,0.8
1,0,12175923000000,105263,0.100634,9.93703,25.4777,6.16225e+06,1.57e+08,4000000000,0.03925,39.25,1
1,2,12175924000000,106263,0.100759,9.92463,8.77193,1.03968e+07,9.12e+07,1000000000,0.114,114,0.8
1,1,12175925000000,108263,0.10505,9.5193,3.003,1.996e+08,5.994e+08,2000000000,0.333,333,0.9
1,0,12175926000000,112263,0.102661,9.74082,26.3158,5.776e+06,1.52e+08,4000000000,0.038,38,1
1,2,12175927000000,113263,0.105877,9.44488,2.14133,1.74471e+08,3.736e+08,1000000000,0.467,467,0.8
1,0,12175928000000,117263,0.103434,9.66799,29.1971,4.69225e+06,1.37e+08,4000000000,0.03425,34.25,1
1,2,12175929000000,118263,0.103524,9.65964,8.77193,1.03968e+07,9.12e+07,1000000000,0.114,114,0.8
1,1,12175930000000,120263,0.10734,9.31621,3.003,1.996e+08,5.994e+08,2000000000,0.333,333,0.9
1,0,12175931000000,124263,0.105108,9.51405,26.3158,5.776e+06,1.52e+08,4000000000,0.038,38,1
1,2,12175932000000,125263,0.108037,9.25611,2.11864,1.78227e+08,3.776e+08,1000000000,0.472,472,0.8
1,0,12175933000000,129263,0.105715,9.45942,30.303,4.356e+06,1.32e+08,4000000000,0.033,33,1
1,2,12175934000000,130263,0.105778,9.45373,8.77193,1.03968e+07,9.12e+07,1000000000,0.114,114,0.8
1,1,12175935000000,132263,0.109214,9.15632,3.003,1.996e+08,5.994e+08,2000000000,0.333,333,0.9
1,0,12175936000000,136263,0.107124,9.335,26.3158,5.776e+06,1.52e+08,4000000000,0.038,38,1
1,2,12175937000000,137263,0.109767,9.11017,2.12766,1.7672e+08,3.76e+08,1000000000,0.47,470,0.8
1,0,12175938000000,141263,0.107608,9.29301,29.8507,4.489e+06,1.34e+08,4000000000,0.0335,33.5,1
1,2,12175939000000,142263,0.107653,9.28913,8.77193,1.03968e+07,9.12e+07,1000000000,0.114,114,0.8
1,1,12175940000000,144263,0.110777,9.02716,3.003,1.996e+08,5.994e+08,2000000000,0.333,333,0.9
1,0,12175941000000,148263,0.108813,9.19005,26.3158,5.776e+06,1.52e+08,4000000000,0.038,38,1
1,2,12175942000000,149263,0.111253,8.9885,2.11416,1.78983e+08,3.784e+08,1000000000,0.473,473,0.8
1,0,12175943000000,153263,0.109204,9.15714,30.5344,4.29025e+06,1.31e+08,4000000000,0.03275,32.75,1
1,2,12175944000000,154263,0.109236,9.15453,8.77193,1.03968e+07,9.12e+07,1000000000,0.114,114,0.8
1,1,12175945000000,156263,0.112099,8.92065,3.003,1.996e+08,5.994e+08,2000000000,0.333,333,0.9
1,0,12175946000000,160263,0.11025,9.07029,26.3158,5.776e+06,1.52e+08,4000000000,0.038,38,1
1,2,12175947000000,161263,0.112493,8.88942,2.11864,1.78227e+08,3.776e+08,1000000000,0.472,472,0.8
1,0,12175948000000,165263,0.110569,9.04411,30.303,4.356e+06,1.32e+08,4000000000,0.033,33,1
1,2,12175949000000,166263,0.11059,9.04242,8.77193,1.03968e+07,9.12e+07,1000000000,0.114,114,0.8
1,1,12175950000000,168263,0.113233,8.83131,3.003,1.996e+08,5.994e+08,2000000000,0.333,333,0.9
1,0,12175951000000,172263,0.111487,8.9697,26.3158,5.776e+06,1.52e+08,4000000000,0.038,38,1
1,2,12175952000000,173263,0.113556,8.80625,2.12766,1.7672e+08,3.76e+08,1000000000,0.47,470,0.8
1,0,12175953000000,177263,0.113893,8.78018,7.7821,6.6049e+07,5.14e+08,4000000000,0.1285,128.5,1
1,2,12175954000000,178263,0.113692,8.79573,12.8205,4.8672e+06,6.24e+07,1000000000,0.078,78,0.8
1,2,12175955000000,179263,0.115484,8.65921,2.29885,1.5138e+08,3.48e+08,1000000000,0.435,435,0.8
1,1,12175956000000,181263,0.115462,8.66085,8.81057,2.3188e+07,2.043e+08,2000000000,0.1135,113.5,0.9
1,2,12175957000000,182263,0.115366,8.66805,10.2041,7.6832e+06,7.84e+07,1000000000,0.098,98,0.8
1,1,12175958000000,184263,0.117642,8.50039,3.07692,1.90125e+08,5.85e+08,2000000000,0.325,325,0.9
1,1,12175959000000,186263,0.11728,8.52657,11.9048,1.27008e+07,1.512e+08,2000000000,0.084,84,0.9
1,2,12175960000000,187263,0.117706,8.49574,5.07614,3.10472e+07,1.576e+08,1000000000,0.197,197,0.8
1,1,12175961000000,189263,0.118655,8.4278,4.81928,7.75012e+07,3.735e+08,2000000000,0.2075,207.5,0.9
1,0,12175962000000,193263,0.116934,8.55184,28.169,5.041e+06,1.42e+08,4000000000,0.0355,35.5,1
1,2,12175963000000,194263,0.118736,8.42205,2.14133,1.74471e+08,3.736e+08,1000000000,0.467,467,0.8
1,0,12175964000000,198263,0.117082,8.54103,27.2109,5.40225e+06,1.47e+08,4000000000,0.03675,36.75,1
1,2,12175965000000,199263,0.117086,8.5407,8.47458,1.11392e+07,9.44e+07,1000000000,0.118,118,0.8
1,1,12175966000000,201263,0.119153,8.3926,3.07692,1.90125e+08,5.85e+08,2000000000,0.325,325,0.9
1,0,12175967000000,205263,0.117532,8.50831,27.7778,5.184e+06,1.44e+08,4000000000,0.036,36,1
1,2,12175968000000,206263,0.118363,8.44855,3.46021,6.68168e+07,2.312e+08,1000000000,0.289,289,0.8
1,0,12175969000000,210263,0.117743,8.49307,11.6618,2.94123e+07,3.43e+08,4000000000,0.08575,85.75,1
1,2,12175970000000,211263,0.117668,8.49845,9.80392,8.3232e+06,8.16e+07,1000000000,0.102,102,0.8
1,1,12175971000000,213263,0.119688,8.35506,3.003,1.996e+08,5.994e+08,2000000000,0.333,333,0.9
1,0,12175972000000,217263,0.118147,8.46402,27.7778,5.184e+06,1.44e+08,4000000000,0.036,36,1
1,2,12175973000000,218263,0.118499,8.43887,5.12821,3.042e+07,1.56e+08,1000000000,0.195,195,0.8
1,0,12175974000000,222263,0.118333,8.45074,9.15332,4.77422e+07,4.37e+08,4000000000,0.10925,109.25,1
1,2,12175975000000,223263,0.118484,8.43999,6.57895,1.84832e+07,1.216e+08,1000000000,0.152,152,0.8
1,1,12175976000000,225263,0.120113,8.3255,3.31126,1.64167e+08,5.436e+08,2000000000,0.302,302,0.9
1,0,12175977000000,229263,0.118419,8.44462,43.4783,2.116e+06,9.2e+07,4000000000,0.023,23,1
1,2,12175978000000,230263,0.118408,8.44537,8.62069,1.07648e+07,9.28e+07,1000000000,0.116,116,0.8
1,0,12175979000000,234263,0.118794,8.41795,7.0922,7.9524e+07,5.64e+08,4000000000,0.141,141,1
1,2,12175980000000,235263,0.118931,8.40826,6.62252,1.82408e+07,1.208e+08,1000000000,0.151,151,0.8
1,1,12175981000000,237263,0.120529,8.29678,3.24149,1.7131e+08,5.553e+08,2000000000,0.3085,308.5,0.9
1,0,12175982000000,241263,0.118895,8.41077,45.4545,1.936e+06,8.8e+07,4000000000,0.022,22,1
1,2,12175983000000,242263,0.118466,8.44122,66.6667,180000,1.2e+07,1000000000,0.015,15,0.8
1,0,12175984000000,246263,0.119275,8.38399,5.94354,1.13232e+08,6.73e+08,4000000000,0.16825,168.25,1
1,2,12175985000000,247263,0.119407,8.3747,6.57895,1.84832e+07,1.216e+08,1000000000,0.152,152,0.8
1,1,12175986000000,249263,0.120872,8.27319,3.31126,1.64167e+08,5.436e+08,2000000000,0.302,302,0.9
1,0,12175987000000,253263,0.1195,8.36818,29.4118,4.624e+06,1.36e+08,4000000000,0.034,34,1
1,2,12175988000000,254263,0.119046,8.40011,250,12800,3.2e+06,1000000000,0.004,4,0.8
1,0,12175989000000,258263,0.119649,8.35776,6.32911,9.9856e+07,6.32e+08,4000000000,0.158,158,1
1,2,12175990000000,259263,0.119643,8.3582,8.47458,1.11392e+07,9.44e+07,1000000000,0.118,118,0.8
1,1,12175991000000,261263,0.1212,8.25084,3.09598,1.87792e+08,5.814e+08,2000000000,0.323,323,0.9
1,0,12175992000000,265263,0.119489,8.36897,129.032,240250,3.1e+07,4000000000,0.00775,7.75,1
1,2,12175993000000,266263,0.119416,8.3741,10,8e+06,8e+07,1000000000,0.1,100,0.8
1,0,12175994000000,270263,0.120065,8.32885,6.12557,1.06602e+08,6.53e+08,4000000000,0.16325,163.25,1
1,2,12175995000000,271263,0.119983,8.3345,10.2041,7.6832e+06,7.84e+07,1000000000,0.098,98,0.8
1,1,12175996000000,273263,0.121151,8.25418,3.57782,1.40616e+08,5.031e+08,2000000000,0.2795,279.5,0.9
1,0,12175997000000,277263,0.119803,8.34702,36.036,3.08025e+06,1.11e+08,4000000000,0.02775,27.75,1
1,2,12175998000000,278263,0.119782,8.34847,8.77193,1.03968e+07,9.12e+07,1000000000,0.114,114,0.8
1,0,12175999000000,282263,0.120345,8.30943,6.26959,1.01761e+08,6.38e+08,4000000000,0.1595,159.5,1
1,2,12176000000000,283263,0.120499,8.2988,6.09756,2.15168e+07,1.312e+08,1000000000,0.164,164,0.8
1,1,12176001000000,285263,0.121299,8.24412,4.26439,9.89824e+07,4.221e+08,2000000000,0.2345,234.5,0.9
1,0,12176002000000,289263,0.121402,8.23712,7.76699,6.63062e+07,5.15e+08,4000000000,0.12875,128.75,1
1,2,12176003000000,290263,0.121397,8.23745,8.33333,1.152e+07,9.6e+07,1000000000,0.12,120,0.8
1,0,12176004000000,294263,0.121799,8.21023,6.62252,9.1204e+07,6.04e+08,4000000000,0.151,151,1
1,2,12176005000000,295263,0.121773,8.21202,8.77193,1.03968e+07,9.12e+07,1000000000,0.114,114,0.8
1,1,12176006000000,297263,0.122333,8.17443,4.87805,7.5645e+07,3.69e+08,2000000000,0.205,205,0.9
1,0,12176007000000,301263,0.121545,8.22741,15.873,1.5876e+07,2.52e+08,4000000000,0.063,63,1
1,2,12176008000000,302263,0.121619,8.22238,6.94444,1.65888e+07,1.152e+08,1000000000,0.144,144,0.8
1,0,12176009000000,306263,0.122094,8.19038,6.32911,9.9856e+07,6.32e+08,4000000000,0.158,158,1
1,1,12176010000000,308263,0.121711,8.21618,15.873,7.1442e+06,1.134e+08,2000000000,0.063,63,0.9
1,2,12176011000000,309263,0.122734,8.14772,2.28311,1.53475e+08,3.504e+08,1000000000,0.438,438,0.8
1,0,12176012000000,313263,0.121754,8.21329,21.7391,8.464e+06,1.84e+08,4000000000,0.046,46,1
1,2,12176013000000,314263,0.121742,8.21409,8.47458,1.11392e+07,9.44e+07,1000000000,0.118,118,0.8
1,1,12176014000000,316263,0.123027,8.12827,3.07692,1.90125e+08,5.85e+08,2000000000,0.325,325,0.9
1,0,12176015000000,320263,0.12194,8.20073,27.7778,5.184e+06,1.44e+08,4000000000,0.036,36,1
1,2,12176016000000,321263,0.122993,8.13056,2.17391,1.6928e+08,3.68e+08,1000000000,0.46,460,0.8
1,0,12176017000000,325263,0.122009,8.19612,23.2558,7.396e+06,1.72e+08,4000000000,0.043,43,1
1,2,12176018000000,326263,0.121997,8.19694,8.47458,1.11392e+07,9.44e+07,1000000000,0.118,118,0.8
1,1,12176019000000,328263,0.123258,8.11307,3.03951,1.94834e+08,5.922e+08,2000000000,0.329,329,0.9
1,0,12176020000000,332263,0.122195,8.18362,28.5714,4.9e+06,1.4e+08,4000000000,0.035,35,1
1,2,12176021000000,333263,0.123206,8.11649,2.17865,1.68545e+08,3.672e+08,1000000000,0.459,459,0.8
1,0,12176022000000,337263,0.12221,8.18262,25.4777,6.16225e+06,1.57e+08,4000000000,0.03925,39.25,1
1,2,12176023000000,338263,0.122186,8.18424,8.77193,1.03968e+07,9.12e+07,1000000000,0.114,114,0.8
1,2,12176024000000,339263,0.123754,8.08058,1.52905,3.42173e+08,5.232e+08,1000000000,0.654,654,0.8
1,0,12176025000000,343263,0.122789,8.14404,24.3902,6.724e+06,1.64e+08,4000000000,0.041,41,1
1,2,12176026000000,344263,0.12304,8.12746,4.78469,3.49448e+07,1.672e+08,1000000000,0.209,209,0.8
1,0,12176027000000,348263,0.122807,8.14288,9.73236,4.22302e+07,4.11e+08,4000000000,0.10275,102.75,1
1,1,12176028000000,350263,0.122528,8.1614,13.5135,9.8568e+06,1.332e+08,2000000000,0.074,74,0.9
1,2,12176029000000,351263,0.123899,8.07112,1.65563,2.91853e+08,4.832e+08,1000000000,0.604,604,0.8
1,0,12176030000000,355263,0.122965,8.13238,24.3902,6.724e+06,1.64e+08,4000000000,0.041,41,1
1,2,12176031000000,356263,0.123108,8.12292,5.74713,2.42208e+07,1.392e+08,1000000000,0.174,174,0.8
1,0,12176032000000,360263,0.12298,8.13143,8.96861,4.9729e+07,4.46e+08,4000000000,0.1115,111.5,1
1,1,12176033000000,362263,0.122709,8.14935,13.5135,9.8568e+06,1.332e+08,2000000000,0.074,74,0.9
1,2,12176034000000,363263,0.124031,8.06248,1.65837,2.90887e+08,4.824e+08,1000000000,0.603,603,0.8
1,0,12176035000000,367263,0.12313,8.12151,24.2424,6.80625e+06,1.65e+08,4000000000,0.04125,41.25,1
1,2,12176036000000,368263,0.123186,8.11778,6.94444,1.65888e+07,1.152e+08,1000000000,0.144,144,0.8
1,1,12176037000000,370263,0.123763,8.07993,4.34783,9.522e+07,4.14e+08,2000000000,0.23,230,0.9
1,1,12176038000000,372263,0.123539,8.09461,12.1951,1.21032e+07,1.476e+08,2000000000,0.082,82,0.9
1,1,12176039000000,374263,0.124503,8.03191,3.28947,1.66349e+08,5.472e+08,2000000000,0.304,304,0.9
1,0,12176040000000,378263,0.123546,8.09413,29.4118,4.624e+06,1.36e+08,4000000000,0.034,34,1
1,2,12176041000000,379263,0.124054,8.06102,3.16456,7.98848e+07,2.528e+08,1000000000,0.316,316,0.8
1,0,12176042000000,383263,0.123594,8.09101,12.5,2.56e+07,3.2e+08,4000000000,0.08,80,1
1,2,12176043000000,384263,0.123678,8.08549,6.41026,1.94688e+07,1.248e+08,1000000000,0.156,156,0.8
1,1,12176044000000,386263,0.124622,8.02424,3.26797,1.68545e+08,5.508e+08,2000000000,0.306,306,0.9
1,0,12176045000000,390263,0.123745,8.08115,25.641,6.084e+06,1.56e+08,4000000000,0.039,39,1
1,2,12176046000000,391263,0.124471,8.03398,2.45098,1.33171e+08,3.264e+08,1000000000,0.408,408,0.8
1,0,12176047000000,395263,0.123708,8.08358,20.4082,9.604e+06,1.96e+08,4000000000,0.049,49,1
1,2,12176048000000,396263,0.123683,8.08518,8.77193,1.03968e+07,9.12e+07,1000000000,0.114,114,0.8
1,1,12176049000000,397494,0.124986,8.00093,1.83731,5.33219e+08,9.79691e+08,2000000000,0.544273,335,0.9
1,0,12176050000000,397494,0.124986,8.00093,0,-nan,-nan,4000000000,-nan,0,1
1,2,12176051000000,397494,0.124986,8.00093,0,-nan,-nan,1000000000,-nan,0,0.8
1,0,12176052000000,397494,0.124986,8.00093,0,-nan,-nan,4000000000,-nan,0,1
1,2,12176053000000,397494,0.124986,8.00093,0,-nan,-nan,1000000000,-nan,0,0.8
1,2,12176054000000,397494,0.124986,8.00093,0,-nan,-nan,1000000000,-nan,0,0.8
1,0,12176055000000,397494,0.124986,8.00093,0,-nan,-nan,4000000000,-nan,0,1
1,2,12176056000000,397494,0.124986,8.00093,0,-nan,-nan,1000000000,-nan,0,0.8
1,0,12176057000000,397494,0.124986,8.00093,0,-nan,-nan,4000000000,-nan,0,1
2,2,10881501000000,1000,0.016,62.5,62.5,204800,1.28e+07,1000000000,0.016,16,0.8
2,2,12175902000000,54271,0.0898638,11.1279,10.9589,6.66131e+06,7.30003e+07,1000000000,0.0912504,4861,0.8
2,0,12175903000000,58271,0.0836951,11.9481,0,0,0,4000000000,0,0,1
2,2,12175904000000,59271,0.0824855,12.1233,83.3333,115200,9.6e+06,1000000000,0.012,12,0.8
2,2,12175905000000,60271,0.0849828,11.7671,4.29185,4.34312e+07,1.864e+08,1000000000,0.233,233,0.8
2,0,12175906000000,64271,0.0828834,12.0651,19.5122,1.05062e+07,2.05e+08,4000000000,0.05125,51.25,1
2,2,12175907000000,65271,0.0824562,12.1276,18.1818,2.42e+06,4.4e+07,1000000000,0.055,55,0.8
2,0,12175908000000,69271,0.0864575,11.5664,6.58979,9.21122e+07,6.07e+08,4000000000,0.15175,151.75,1
2,2,12175909000000,70271,0.0869064,11.5066,8.47458,1.11392e+07,9.44e+07,1000000000,0.118,118,0.8
2,1,12175910000000,72271,0.093606,10.6831,3.03951,1.94834e+08,5.922e+08,2000000000,0.329,329,0.9
2,0,12175911000000,76271,0.0905324,11.0458,28.5714,4.9e+06,1.4e+08,4000000000,0.035,35,1
2,2,12175912000000,77271,0.0931915,10.7306,3.37838,7.00928e+07,2.368e+08,1000000000,0.296,296,0.8
2,0,12175913000000,81271,0.0926899,10.7887,12.0482,2.7556e+07,3.32e+08,4000000000,0.083,83,1
2,2,12175914000000,82271,0.0934108,10.7054,6.57895,1.84832e+07,1.216e+08,1000000000,0.152,152,0.8
2,1,12175915000000,84271,0.0983612,10.1666,3.31126,1.64167e+08,5.436e+08,2000000000,0.302,302,0.9
2,0,12175916000000,88271,0.095626,10.4574,26.3158,5.776e+06,1.52e+08,4000000000,0.038,38,1
2,2,12175917000000,89271,0.0990915,10.0917,2.46914,1.3122e+08,3.24e+08,1000000000,0.405,405,0.8
2,0,12175918000000,93271,0.0971041,10.2982,18.9573,1.11302e+07,2.11e+08,4000000000,0.05275,52.75,1
2,2,12175919000000,94271,0.0972834,10.2792,8.77193,1.03968e+07,9.12e+07,1000000000,0.114,114,0.8
2,1,12175920000000,96271,0.10218,9.78662,3.003,1.996e+08,5.994e+08,2000000000,0.333,333,0.9
2,0,12175921000000,100271,0.09962,10.0381,26.3158,5.776e+06,1.52e+08,4000000000,0.038,38,1
2,2,12175922000000,101271,0.10305,9.70401,2.23714,1.59847e+08,3.576e+08,1000000000,0.447,447,0.8
2,0,12175923000000,105271,0.100626,9.93779,25.4777,6.16225e+06,1.57e+08,4000000000,0.03925,39.25,1
2,2,12175924000000,106271,0.100752,9.92538,8.77193,1.03968e+07,9.12e+07,1000000000,0.114,114,0.8
2,1,12175925000000,108271,0.105042,9.52,3.003,1.996e+08,5.994e+08,2000000000,0.333,333,0.9
2,0,12175926000000,112271,0.102653,9.74152,26.3158,5.776e+06,1.52e+08,4000000000,0.038,38,1
2,2,12175927000000,113271,0.10587,9.44555,2.14133,1.74471e+08,3.736e+08,1000000000,0.467,467,0.8
2,0,12175928000000,117271,0.103427,9.66865,29.1971,4.69225e+06,1.37e+08,4000000000,0.03425,34.25,1
2,2,12175929000000,118271,0.103517,9.6603,8.77193,1.03968e+07,9.12e+07,1000000000,0.114,114,0.8
2,1,12175930000000,120271,0.107333,9.31683,3.003,1.996e+08,5.994e+08,2000000000,0.333,333,0.9
2,0,12175931000000,124271,0.105101,9.51466,26.3158,5.776e+06,1.52e+08,4000000000,0.038,38,1
2,2,12175932000000,125271,0.10803,9.25671,2.11864,1.78227e+08,3.776e+08,1000000000,0.472,472,0.8
2,0,12175933000000,129271,0.105708,9.46001,30.303,4.356e+06,1.32e+08,4000000000,0.033,33,1
2,2,12175934000000,130271,0.105772,9.45431,8.77193,1.03968e+07,9.12e+07,1000000000,0.114,114,0.8
2,1,12175935000000,132271,0.109208,9.15687,3.003,1.996e+08,5.994e+08,2000000000,0.333,333,0.9
2,0,12175936000000,136271,0.107117,9.33555,26.3158,5.776e+06,1.52e+08,4000000000,0.038,38,1
2,2,12175937000000,137271,0.109761,9.11071,2.12766,1.7672e+08,3.76e+08,1000000000,0.47,470,0.8
2,0,12175938000000,141271,0.107602,9.29353,29.8507,4.489e+06,1.34e+08,4000000000,0.0335,33.5,1
2,2,12175939000000,142271,0.107647,9.28965,8.77193,1.03968e+07,9.12e+07,1000000000,0.114,114,0.8
2,1,12175940000000,144271,0.110771,9.02766,3.003,1.996e+08,5.994e+08,2000000000,0.333,333,0.9
2,0,12175941000000,148271,0.108808,9.19054,26.3158,5.776e+06,1.52e+08,4000000000,0.038,38,1
2,2,12175942000000,149271,0.111247,8.98898,2.11416,1.78983e+08,3.784e+08,1000000000,0.473,473,0.8
2,0,12175943000000,153271,0.109199,9.15761,30.5344,4.29025e+06,1.31e+08,4000000000,0.03275,32.75,1
2,2,12175944000000,154271,0.10923,9.15501,8.77193,1.03968e+07,9.12e+07,1000000000,0.114,114,0.8
2,1,12175945000000,156271,0.112094,8.92111,3.003,1.996e+08,5.994e+08,2000000000,0.333,333,0.9
2,0,12175946000000,160271,0.110245,9.07075,26.3158,5.776e+06,1.52e+08,4000000000,0.038,38,1
2,2,12175947000000,161271,0.112488,8.88986,2.11864,1.78227e+08,3.776e+08,1000000000,0.472,472,0.8
2,0,12175948000000,165271,0.110564,9.04455,30.303,4.356e+06,1.32e+08,4000000000,0.033,33,1
2,2,12175949000000,166271,0.110585,9.04286,8.77193,1.03968e+07,9.12e+07,1000000000,0.114,114,0.8
2,1,12175950000000,168271,0.113228,8.83173,3.003,1.996e+08,5.994e+08,2000000000,0.333,333,0.9
2,0,12175951000000,172271,0.111481,8.97011,26.3158,5.776e+06,1.52e+08,4000000000,0.038,38,1
2,2,12175952000000,173271,0.11355,8.80666,2.12766,1.7672e+08,3.76e+08,1000000000,0.47,470,0.8
2,0,12175953000000,177271,0.113888,8.78057,7.7821,6.6049e+07,5.14e+08,4000000000,0.1285,128.5,1
2,2,12175954000000,178271,0.113686,8.79612,12.8205,4.8672e+06,6.24e+07,1000000000,0.078,78,0.8
2,2,12175955000000,179271,0.115479,8.6596,2.29885,1.5138e+08,3.48e+08,1000000000,0.435,435,0.8
2,1,12175956000000,181271,0.115457,8.66124,8.81057,2.3188e+07,2.043e+08,2000000000,0.1135,113.5,0.9
2,2,12175957000000,182271,0.115361,8.66843,10.2041,7.6832e+06,7.84e+07,1000000000,0.098,98,0.8
2,1,12175958000000,184271,0.117637,8.50076,3.07692,1.90125e+08,5.85e+08,2000000000,0.325,325,0.9
2,1,12175959000000,186271,0.117275,8.52694,11.9048,1.27008e+07,1.512e+08,2000000000,0.084,84,0.9
2,2,12175960000000,187271,0.117701,8.4961,5.07614,3.10472e+07,1.576e+08,1000000000,0.197,197,0.8
2,1,12175961000000,189271,0.11865,8.42815,4.81928,7.75012e+07,3.735e+08,2000000000,0.2075,207.5,0.9
2,0,12175962000000,193271,0.116929,8.55219,28.169,5.041e+06,1.42e+08,4000000000,0.0355,35.5,1
2,2,12175963000000,194271,0.118731,8.4224,2.14133,1.74471e+08,3.736e+08,1000000000,0.467,467,0.8
2,0,12175964000000,198271,0.117077,8.54138,27.2109,5.40225e+06,1.47e+08,4000000000,0.03675,36.75,1
2,2,12175965000000,199271,0.117082,8.54104,8.47458,1.11392e+07,9.44e+07,1000000000,0.118,118,0.8
2,1,12175966000000,201271,0.119148,8.39294,3.07692,1.90125e+08,5.85e+08,2000000000,0.325,325,0.9
2,0,12175967000000,205271,0.117528,8.50864,27.7778,5.184e+06,1.44e+08,4000000000,0.036,36,1
2,2,12175968000000,206271,0.118359,8.44888,3.46021,6.68168e+07,2.312e+08,1000000000,0.289,289,0.8
2,0,12175969000000,210271,0.117739,8.4934,11.6618,2.94123e+07,3.43e+08,4000000000,0.08575,85.75,1
2,2,12175970000000,211271,0.117664,8.49877,9.80392,8.3232e+06,8.16e+07,1000000000,0.102,102,0.8
2,1,12175971000000,213271,0.119683,8.35538,3.003,1.996e+08,5.994e+08,2000000000,0.333,333,0.9
2,0,12175972000000,217271,0.118143,8.46433,27.7778,5.184e+06,1.44e+08,4000000000,0.036,36,1
2,2,12175973000000,218271,0.118495,8.43918,5.12821,3.042e+07,1.56e+08,1000000000,0.195,195,0.8
2,0,12175974000000,222271,0.118329,8.45105,9.15332,4.77422e+07,4.37e+08,4000000000,0.10925,109.25,1
2,2,12175975000000,223271,0.118479,8.44029,6.57895,1.84832e+07,1.216e+08,1000000000,0.152,152,0.8
2,1,12175976000000,225271,0.120109,8.32579,3.31126,1.64167e+08,5.436e+08,2000000000,0.302,302,0.9
2,0,12175977000000,229271,0.118414,8.44492,43.4783,2.116e+06,9.2e+07,4000000000,0.023,23,1
2,2,12175978000000,230271,0.118404,8.44566,8.62069,1.07648e+07,9.28e+07,1000000000,0.116,116,0.8
2,0,12175979000000,234271,0.11879,8.41823,7.0922,7.9524e+07,5.64e+08,4000000000,0.141,141,1
2,2,12175980000000,235271,0.118927,8.40854,6.62252,1.82408e+07,1.208e+08,1000000000,0.151,151,0.8
2,1,12175981000000,237271,0.120525,8.29706,3.24149,1.7131e+08,5.553e+08,2000000000,0.3085,308.5,0.9
2,0,12175982000000,241271,0.118891,8.41105,45.4545,1.936e+06,8.8e+07,4000000000,0.022,22,1
2,2,12175983000000,242271,0.118462,8.4415,66.6667,180000,1.2e+07,1000000000,0.015,15,0.8
2,0,12175984000000,246271,0.119271,8.38426,5.94354,1.13232e+08,6.73e+08,4000000000,0.16825,168.25,1
2,2,12175985000000,247271,0.119403,8.37497,6.57895,1.84832e+07,1.216e+08,1000000000,0.152,152,0.8
2,1,12175986000000,249271,0.120868,8.27346,3.31126,1.64167e+08,5.436e+08,2000000000,0.302,302,0.9
2,0,12175987000000,253271,0.119497,8.36845,29.4118,4.624e+06,1.36e+08,4000000000,0.034,34,1
2,2,12175988000000,254271,0.119042,8.40038,250,12800,3.2e+06,1000000000,0.004,4,0.8
2,0,12175989000000,258271,0.119646,8.35801,6.32911,9.9856e+07,6.32e+08,4000000000,0.158,158,1
2,2,12175990000000,259271,0.119639,8.35846,8.47458,1.11392e+07,9.44e+07,1000000000,0.118,118,0.8
2,1,12175991000000,261271,0.121196,8.2511,3.09598,1.87792e+08,5.814e+08,2000000000,0.323,323,0.9
2,0,12175992000000,265271,0.119485,8.36923,129.032,240250,3.1e+07,4000000000,0.00775,7.75,1
2,2,12175993000000,266271,0.119412,8.37436,10,8e+06,8e+07,1000000000,0.1,100,0.8
2,0,12175994000000,270271,0.120061,8.3291,6.12557,1.06602e+08,6.53e+08,4000000000,0.16325,163.25,1
2,2,12175995000000,271271,0.11998,8.33475,10.2041,7.6832e+06,7.84e+07,1000000000,0.098,98,0.8
2,1,12175996000000,273271,0.121147,8.25443,3.57782,1.40616e+08,5.031e+08,2000000000,0.2795,279.5,0.9
2,0,12175997000000,277271,0.1198,8.34726,36.036,3.08025e+06,1.11e+08,4000000000,0.02775,27.75,1
2,2,12175998000000,278271,0.119779,8.34871,8.77193,1.03968e+07,9.12e+07,1000000000,0.114,114,0.8
2,0,12175999000000,282271,0.120342,8.30966,6.26959,1.01761e+08,6.38e+08,4000000000,0.1595,159.5,1
2,2,12176000000000,283271,0.120496,8.29904,6.09756,2.15168e+07,1.312e+08,1000000000,0.164,164,0.8
2,1,12176001000000,285271,0.121295,8.24435,4.26439,9.89824e+07,4.221e+08,2000000000,0.2345,234.5,0.9
2,0,12176002000000,289271,0.121398,8.23735,7.76699,6.63062e+07,5.15e+08,4000000000,0.12875,128.75,1
2,2,12176003000000,290271,0.121393,8.23768,8.33333,1.152e+07,9.6e+07,1000000000,0.12,120,0.8
2,0,12176004000000,294271,0.121796,8.21046,6.62252,9.1204e+07,6.04e+08,4000000000,0.151,151,1
2,2,12176005000000,295271,0.121769,8.21224,8.77193,1.03968e+07,9.12e+07,1000000000,0.114,114,0.8
2,1,12176006000000,297271,0.122329,8.17465,4.87805,7.5645e+07,3.69e+08,2000000000,0.205,205,0.9
2,0,12176007000000,301271,0.121542,8.22763,15.873,1.5876e+07,2.52e+08,4000000000,0.063,63,1
2,2,12176008000000,302271,0.121616,8.2226,6.94444,1.65888e+07,1.152e+08,1000000000,0.144,144,0.8
2,0,12176009000000,306271,0.122091,8.1906,6.32911,9.9856e+07,6.32e+08,4000000000,0.158,158,1
2,1,12176010000000,308271,0.121708,8.2164,15.873,7.1442e+06,1.134e+08,2000000000,0.063,63,0.9
2,2,12176011000000,309271,0.122731,8.14793,2.28311,1.53475e+08,3.504e+08,1000000000,0.438,438,0.8
2,0,12176012000000,313271,0.121751,8.2135,21.7391,8.464e+06,1.84e+08,4000000000,0.046,46,1
2,2,12176013000000,314271,0.121739,8.2143,8.47458,1.11392e+07,9.44e+07,1000000000,0.118,118,0.8
2,1,12176014000000,316271,0.123024,8.12848,3.07692,1.90125e+08,5.85e+08,2000000000,0.325,325,0.9
2,0,12176015000000,320271,0.121937,8.20093,27.7778,5.184e+06,1.44e+08,4000000000,0.036,36,1
2,2,12176016000000,321271,0.12299,8.13077,2.17391,1.6928e+08,3.68e+08,1000000000,0.46,460,0.8
2,0,12176017000000,325271,0.122006,8.19632,23.2558,7.396e+06,1.72e+08,4000000000,0.043,43,1
2,2,12176018000000,326271,0.121994,8.19715,8.47458,1.11392e+07,9.44e+07,1000000000,0.118,118,0.8
2,1,12176019000000,328271,0.123255,8.11327,3.03951,1.94834e+08,5.922e+08,2000000000,0.329,329,0.9
2,0,12176020000000,332271,0.122192,8.18381,28.5714,4.9e+06,1.4e+08,4000000000,0.035,35,1
2,2,12176021000000,333271,0.123203,8.11668,2.17865,1.68545e+08,3.672e+08,1000000000,0.459,459,0.8
2,0,12176022000000,337271,0.122207,8.18281,25.4777,6.16225e+06,1.57e+08,4000000000,0.03925,39.25,1
2,2,12176023000000,338271,0.122183,8.18444,8.77193,1.03968e+07,9.12e+07,1000000000,0.114,114,0.8
2,2,12176024000000,339271,0.123751,8.08077,1.52905,3.42173e+08,5.232e+08,1000000000,0.654,654,0.8
2,0,12176025000000,343271,0.122786,8.14423,24.3902,6.724e+06,1.64e+08,4000000000,0.041,41,1
2,2,12176026000000,344271,0.123037,8.12765,4.78469,3.49448e+07,1.672e+08,1000000000,0.209,209,0.8
2,0,12176027000000,348271,0.122804,8.14307,9.73236,4.22302e+07,4.11e+08,4000000000,0.10275,102.75,1
2,1,12176028000000,350271,0.122525,8.16159,13.5135,9.8568e+06,1.332e+08,2000000000,0.074,74,0.9
2,2,12176029000000,351271,0.123896,8.0713,1.65563,2.91853e+08,4.832e+08,1000000000,0.604,604,0.8
2,0,12176030000000,355271,0.122962,8.13256,24.3902,6.724e+06,1.64e+08,4000000000,0.041,41,1
2,2,12176031000000,356271,0.123106,8.1231,5.74713,2.42208e+07,1.392e+08,1000000000,0.174,174,0.8
2,0,12176032000000,360271,0.122977,8.13161,8.96861,4.9729e+07,4.46e+08,4000000000,0.1115,111.5,1
2,1,12176033000000,362271,0.122706,8.14953,13.5135,9.8568e+06,1.332e+08,2000000000,0.074,74,0.9
2,2,12176034000000,363271,0.124029,8.06266,1.65837,2.90887e+08,4.824e+08,1000000000,0.603,603,0.8
2,0,12176035000000,367271,0.123127,8.12169,24.2424,6.80625e+06,1.65e+08,4000000000,0.04125,41.25,1
2,2,12176036000000,368271,0.123184,8.11795,6.94444,1.65888e+07,1.152e+08,1000000000,0.144,144,0.8
2,1,12176037000000,370271,0.123761,8.08011,4.34783,9.522e+07,4.14e+08,2000000000,0.23,230,0.9
2,1,12176038000000,372271,0.123536,8.09478,12.1951,1.21032e+07,1.476e+08,2000000000,0.082,82,0.9
2,1,12176039000000,374271,0.124501,8.03208,3.28947,1.66349e+08,5.472e+08,2000000000,0.304,304,0.9
2,0,12176040000000,378271,0.123544,8.0943,29.4118,4.624e+06,1.36e+08,4000000000,0.034,34,1
2,2,12176041000000,379271,0.124051,8.06119,3.16456,7.98848e+07,2.528e+08,1000000000,0.316,316,0.8
2,0,12176042000000,383271,0.123591,8.09118,12.5,2.56e+07,3.2e+08,4000000000,0.08,80,1
2,2,12176043000000,384271,0.123676,8.08566,6.41026,1.94688e+07,1.248e+08,1000000000,0.156,156,0.8
2,1,12176044000000,386271,0.12462,8.02441,3.26797,1.68545e+08,5.508e+08,2000000000,0.306,306,0.9
2,0,12176045000000,390271,0.123742,8.08132,25.641,6.084e+06,1.56e+08,4000000000,0.039,39,1
2,2,12176046000000,391271,0.124469,8.03415,2.45098,1.33171e+08,3.264e+08,1000000000,0.408,408,0.8
2,0,12176047000000,395271,0.123705,8.08375,20.4082,9.604e+06,1.96e+08,4000000000,0.049,49,1
2,2,12176048000000,396271,0.123681,8.08535,8.77193,1.03968e+07,9.12e+07,1000000000,0.114,114,0.8
2,1,12176049000000,397502,0.124983,8.00109,1.83731,5.33219e+08,9.79691e+08,2000000000,0.544273,335,0.9
2,0,12176050000000,397502,0.124983,8.00109,0,-nan,-nan,4000000000,-nan,0,1
2,2,12176051000000,397502,0.124983,8.00109,0,-nan,-nan,1000000000,-nan,0,0.8
2,0,12176052000000,397502,0.124983,8.00109,0,-nan,-nan,4000000000,-nan,0,1
2,2,12176053000000,397502,0.124983,8.00109,0,-nan,-nan,1000000000,-nan,0,0.8
2,2,12176054000000,397502,0.124983,8.00109,0,-nan,-nan,1000000000,-nan,0,0.8
2,0,12176055000000,397502,0.124983,8.00109,0,-nan,-nan,4000000000,-nan,0,1
2,2,12176056000000,397502,0.124983,8.00109,0,-nan,-nan,1000000000,-nan,0,0.8
2,0,12176057000000,397502,0.124983,8.00109,0,-nan,-nan,4000000000,-nan,0,1
3,2,12175902000000,54268,0.089574,11.164,11.164,6.4188e+06,7.16592e+07,1000000000,0.089574,4861,0.8
3,0,12175903000000,58268,0.0834249,11.9868,0,0,0,4000000000,0,0,1
3,2,12175904000000,59268,0.0822197,12.1625,83.3333,115200,9.6e+06,1000000000,0.012,12,0.8
3,2,12175905000000,60268,0.0847216,11.8034,4.29185,4.34312e+07,1.864e+08,1000000000,0.233,233,0.8
3,0,12175906000000,64268,0.0826383,12.1009,19.5122,1.05062e+07,2.05e+08,4000000000,0.05125,51.25,1
3,2,12175907000000,65268,0.0822149,12.1633,18.1818,2.42e+06,4.4e+07,1000000000,0.055,55,0.8
3,0,12175908000000,69268,0.0862303,11.5969,6.58979,9.21122e+07,6.07e+08,4000000000,0.15175,151.75,1
3,2,12175909000000,70268,0.0866824,11.5364,8.47458,1.11392e+07,9.44e+07,1000000000,0.118,118,0.8
3,1,12175910000000,72268,0.0933885,10.708,3.03951,1.94834e+08,5.922e+08,2000000000,0.329,329,0.9
3,0,12175911000000,76268,0.0903262,11.071,28.5714,4.9e+06,1.4e+08,4000000000,0.035,35,1
3,2,12175912000000,77268,0.092988,10.7541,3.37838,7.00928e+07,2.368e+08,1000000000,0.296,296,0.8
3,0,12175913000000,81268,0.0924964,10.8112,12.0482,2.7556e+07,3.32e+08,4000000000,0.083,83,1
3,2,12175914000000,82268,0.0932197,10.7273,6.57895,1.84832e+07,1.216e+08,1000000000,0.152,152,0.8
3,1,12175915000000,84268,0.0981749,10.1859,3.31126,1.64167e+08,5.436e+08,2000000000,0.302,302,0.9
3,0,12175916000000,88268,0.095448,10.4769,26.3158,5.776e+06,1.52e+08,4000000000,0.038,38,1
3,2,12175917000000,89268,0.0989156,10.1096,2.46914,1.3122e+08,3.24e+08,1000000000,0.405,405,0.8
3,0,12175918000000,93268,0.0969357,10.3161,18.9573,1.11302e+07,2.11e+08,4000000000,0.05275,52.75,1
3,2,12175919000000,94268,0.0971167,10.2969,8.77193,1.03968e+07,9.12e+07,1000000000,0.114,114,0.8
3,1,12175920000000,96268,0.102017,9.80226,3.003,1.996e+08,5.994e+08,2000000000,0.333,333,0.9
3,0,12175921000000,100268,0.0994634,10.0539,26.3158,5.776e+06,1.52e+08,4000000000,0.038,38,1
3,2,12175922000000,101268,0.102895,9.71862,2.23714,1.59847e+08,3.576e+08,1000000000,0.447,447,0.8
3,0,12175923000000,105268,0.100477,9.95254,25.4777,6.16225e+06,1.57e+08,4000000000,0.03925,39.25,1
3,2,12175924000000,106268,0.100604,9.93995,8.77193,1.03968e+07,9.12e+07,1000000000,0.114,114,0.8
3,1,12175925000000,108268,0.104897,9.53315,3.003,1.996e+08,5.994e+08,2000000000,0.333,333,0.9
3,0,12175926000000,112268,0.102514,9.7548,26.3158,5.776e+06,1.52e+08,4000000000,0.038,38,1
3,2,12175927000000,113268,0.105732,9.45792,2.14133,1.74471e+08,3.736e+08,1000000000,0.467,467,0.8
3,0,12175928000000,117268,0.103293,9.68117,29.1971,4.69225e+06,1.37e+08,4000000000,0.03425,34.25,1
3,2,12175929000000,118268,0.103384,9.67269,8.77193,1.03968e+07,9.12e+07,1000000000,0.114,114,0.8
3,1,12175930000000,120268,0.107202,9.32816,3.003,1.996e+08,5.994e+08,2000000000,0.333,333,0.9
3,0,12175931000000,124268,0.104975,9.5261,26.3158,5.776e+06,1.52e+08,4000000000,0.038,38,1
3,2,12175932000000,125268,0.107905,9.26744,2.11864,1.78227e+08,3.776e+08,1000000000,0.472,472,0.8
3,0,12175933000000,129268,0.105587,9.47088,30.303,4.356e+06,1.32e+08,4000000000,0.033,33,1
3,2,12175934000000,130268,0.105651,9.46509,8.77193,1.03968e+07,9.12e+07,1000000000,0.114,114,0.8
3,1,12175935000000,132268,0.109089,9.16682,3.003,1.996e+08,5.994e+08,2000000000,0.333,333,0.9
3,0,12175936000000,136268,0.107002,9.34559,26.3158,5.776e+06,1.52e+08,4000000000,0.038,38,1
3,2,12175937000000,137268,0.109647,9.12019,2.12766,1.7672e+08,3.76e+08,1000000000,0.47,470,0.8
3,0,12175938000000,141268,0.107491,9.30313,29.8507,4.489e+06,1.34e+08,4000000000,0.0335,33.5,1
3,2,12175939000000,142268,0.107536,9.29917,8.77193,1.03968e+07,9.12e+07,1000000000,0.114,114,0.8
3,1,12175940000000,144268,0.110662,9.03652,3.003,1.996e+08,5.994e+08,2000000000,0.333,333,0.9
3,0,12175941000000,148268,0.108702,9.19948,26.3158,5.776e+06,1.52e+08,4000000000,0.038,38,1
3,2,12175942000000,149268,0.111142,8.99747,2.11416,1.78983e+08,3.784e+08,1000000000,0.473,473,0.8
3,0,12175943000000,153268,0.109096,9.1662,30.5344,4.29025e+06,1.31e+08,4000000000,0.03275,32.75,1
3,2,12175944000000,154268,0.109128,9.16353,8.77193,1.03968e+07,9.12e+07,1000000000,0.114,114,0.8
3,1,12175945000000,156268,0.111993,8.92909,3.003,1.996e+08,5.994e+08,2000000000,0.333,333,0.9
3,0,12175946000000,160268,0.110147,9.0788,26.3158,5.776e+06,1.52e+08,4000000000,0.038,38,1
3,2,12175947000000,161268,0.112391,8.89754,2.11864,1.78227e+08,3.776e+08,1000000000,0.472,472,0.8
3,0,12175948000000,165268,0.110469,9.05231,30.303,4.356e+06,1.32e+08,4000000000,0.033,33,1
3,2,12175949000000,166268,0.11049,9.05057,8.77193,1.03968e+07,9.12e+07,1000000000,0.114,114,0.8
3,1,12175950000000,168268,0.113135,8.839,3.003,1.996e+08,5.994e+08,2000000000,0.333,333,0.9
3,0,12175951000000,172268,0.11139,8.97743,26.3158,5.776e+06,1.52e+08,4000000000,0.038,38,1
3,2,12175952000000,173268,0.11346,8.81367,2.12766,1.7672e+08,3.76e+08,1000000000,0.47,470,0.8
3,0,12175953000000,177268,0.113799,8.78739,7.7821,6.6049e+07,5.14e+08,4000000000,0.1285,128.5,1
3,2,12175954000000,178268,0.113599,8.80292,12.8205,4.8672e+06,6.24e+07,1000000000,0.078,78,0.8
3,2,12175955000000,179268,0.115391,8.66615,2.29885,1.5138e+08,3.48e+08,1000000000,0.435,435,0.8
3,1,12175956000000,181268,0.115371,8.66772,8.81057,2.3188e+07,2.043e+08,2000000000,0.1135,113.5,0.9
3,2,12175957000000,182268,0.115275,8.67488,10.2041,7.6832e+06,7.84e+07,1000000000,0.098,98,0.8
3,1,12175958000000,184268,0.117552,8.5069,3.07692,1.90125e+08,5.85e+08,2000000000,0.325,325,0.9
3,1,12175959000000,186268,0.117191,8.53305,11.9048,1.27008e+07,1.512e+08,2000000000,0.084,84,0.9
3,2,12175960000000,187268,0.117618,8.50213,5.07614,3.10472e+07,1.576e+08,1000000000,0.197,197,0.8
3,1,12175961000000,189268,0.118567,8.43403,4.81928,7.75012e+07,3.735e+08,2000000000,0.2075,207.5,0.9
3,0,12175962000000,193268,0.116848,8.55812,28.169,5.041e+06,1.42e+08,4000000000,0.0355,35.5,1
3,2,12175963000000,194268,0.118651,8.42811,2.14133,1.74471e+08,3.736e+08,1000000000,0.467,467,0.8
3,0,12175964000000,198268,0.116998,8.54714,27.2109,5.40225e+06,1.47e+08,4000000000,0.03675,36.75,1
3,2,12175965000000,199268,0.117003,8.54677,8.47458,1.11392e+07,9.44e+07,1000000000,0.118,118,0.8
3,1,12175966000000,201268,0.11907,8.39841,3.07692,1.90125e+08,5.85e+08,2000000000,0.325,325,0.9
3,0,12175967000000,205268,0.117451,8.51416,27.7778,5.184e+06,1.44e+08,4000000000,0.036,36,1
3,2,12175968000000,206268,0.118283,8.4543,3.46021,6.68168e+07,2.312e+08,1000000000,0.289,289,0.8
3,0,12175969000000,210268,0.117664,8.49877,11.6618,2.94123e+07,3.43e+08,4000000000,0.08575,85.75,1
3,2,12175970000000,211268,0.11759,8.50413,9.80392,8.3232e+06,8.16e+07,1000000000,0.102,102,0.8
3,1,12175971000000,213268,0.11961,8.3605,3.003,1.996e+08,5.994e+08,2000000000,0.333,333,0.9
3,0,12175972000000,217268,0.118071,8.4695,27.7778,5.184e+06,1.44e+08,4000000000,0.036,36,1
3,2,12175973000000,218268,0.118423,8.44429,5.12821,3.042e+07,1.56e+08,1000000000,0.195,195,0.8
3,0,12175974000000,222268,0.118258,8.45608,9.15332,4.77422e+07,4.37e+08,4000000000,0.10925,109.25,1
3,2,12175975000000,223268,0.118409,8.44529,6.57895,1.84832e+07,1.216e+08,1000000000,0.152,152,0.8
3,1,12175976000000,225268,0.120039,8.33061,3.31126,1.64167e+08,5.436e+08,2000000000,0.302,302,0.9
3,0,12175977000000,229268,0.118346,8.44978,43.4783,2.116e+06,9.2e+07,4000000000,0.023,23,1
3,2,12175978000000,230268,0.118336,8.45051,8.62069,1.07648e+07,9.28e+07,1000000000,0.116,116,0.8
3,0,12175979000000,234268,0.118723,8.42297,7.0922,7.9524e+07,5.64e+08,4000000000,0.141,141,1
3,2,12175980000000,235268,0.11886,8.41325,6.62252,1.82408e+07,1.208e+08,1000000000,0.151,151,0.8
3,1,12175981000000,237268,0.120459,8.3016,3.24149,1.7131e+08,5.553e+08,2000000000,0.3085,308.5,0.9
3,0,12175982000000,241268,0.118826,8.41564,45.4545,1.936e+06,8.8e+07,4000000000,0.022,22,1
3,2,12175983000000,242268,0.118398,8.4461,66.6667,180000,1.2e+07,1000000000,0.015,15,0.8
3,0,12175984000000,246268,0.119208,8.38873,5.94354,1.13232e+08,6.73e+08,4000000000,0.16825,168.25,1
3,2,12175985000000,247268,0.11934,8.37941,6.57895,1.84832e+07,1.216e+08,1000000000,0.152,152,0.8
3,1,12175986000000,249268,0.120806,8.27775,3.31126,1.64167e+08,5.436e+08,2000000000,0.302,302,0.9
3,0,12175987000000,253268,0.119435,8.37277,29.4118,4.624e+06,1.36e+08,4000000000,0.034,34,1
3,2,12175988000000,254268,0.118981,8.40472,250,12800,3.2e+06,1000000000,0.004,4,0.8
3,0,12175989000000,258268,0.119585,8.36225,6.32911,9.9856e+07,6.32e+08,4000000000,0.158,158,1
3,2,12175990000000,259268,0.119579,8.36267,8.47458,1.11392e+07,9.44e+07,1000000000,0.118,118,0.8
3,1,12175991000000,261268,0.121136,8.25517,3.09598,1.87792e+08,5.814e+08,2000000000,0.323,323,0.9
3,0,12175992000000,265268,0.119426,8.37336,129.032,240250,3.1e+07,4000000000,0.00775,7.75,1
3,2,12175993000000,266268,0.119353,8.37848,10,8e+06,8e+07,1000000000,0.1,100,0.8
3,0,12175994000000,270268,0.120003,8.33312,6.12557,1.06602e+08,6.53e+08,4000000000,0.16325,163.25,1
3,2,12175995000000,271268,0.119922,8.33875,10.2041,7.6832e+06,7.84e+07,1000000000,0.098,98,0.8
3,1,12175996000000,273268,0.12109,8.25833,3.57782,1.40616e+08,5.031e+08,2000000000,0.2795,279.5,0.9
3,0,12175997000000,277268,0.119743,8.35119,36.036,3.08025e+06,1.11e+08,4000000000,0.02775,27.75,1
3,2,12175998000000,278268,0.119723,8.35263,8.77193,1.03968e+07,9.12e+07,1000000000,0.114,114,0.8
3,0,12175999000000,282268,0.120286,8.31349,6.26959,1.01761e+08,6.38e+08,4000000000,0.1595,159.5,1
3,2,12176000000000,283268,0.120441,8.30284,6.09756,2.15168e+07,1.312e+08,1000000000,0.164,164,0.8
3,1,12176001000000,285268,0.12124,8.24808,4.26439,9.89824e+07,4.221e+08,2000000000,0.2345,234.5,0.9
3,0,12176002000000,289268,0.121344,8.24102,7.76699,6.63062e+07,5.15e+08,4000000000,0.12875,128.75,1
3,2,12176003000000,290268,0.12134,8.24133,8.33333,1.152e+07,9.6e+07,1000000000,0.12,120,0.8
3,0,12176004000000,294268,0.121743,8.21404,6.62252,9.1204e+07,6.04e+08,4000000000,0.151,151,1
3,2,12176005000000,295268,0.121717,8.21581,8.77193,1.03968e+07,9.12e+07,1000000000,0.114,114,0.8
3,1,12176006000000,297268,0.122277,8.17816,4.87805,7.5645e+07,3.69e+08,2000000000,0.205,205,0.9
3,0,12176007000000,301268,0.12149,8.23114,15.873,1.5876e+07,2.52e+08,4000000000,0.063,63,1
3,2,12176008000000,302268,0.121564,8.2261,6.94444,1.65888e+07,1.152e+08,1000000000,0.144,144,0.8
3,0,12176009000000,306268,0.12204,8.19402,6.32911,9.9856e+07,6.32e+08,4000000000,0.158,158,1
3,1,12176010000000,308268,0.121657,8.21982,15.873,7.1442e+06,1.134e+08,2000000000,0.063,63,0.9
3,2,12176011000000,309268,0.12268,8.15129,2.28311,1.53475e+08,3.504e+08,1000000000,0.438,438,0.8
3,0,12176012000000,313268,0.121701,8.21687,21.7391,8.464e+06,1.84e+08,4000000000,0.046,46,1
3,2,12176013000000,314268,0.121689,8.21766,8.47458,1.11392e+07,9.44e+07,1000000000,0.118,118,0.8
3,1,12176014000000,316268,0.122975,8.13175,3.07692,1.90125e+08,5.85e+08,2000000000,0.325,325,0.9
3,0,12176015000000,320268,0.121889,8.20422,27.7778,5.184e+06,1.44e+08,4000000000,0.036,36,1
3,2,12176016000000,321268,0.122941,8.13398,2.17391,1.6928e+08,3.68e+08,1000000000,0.46,460,0.8
3,0,12176017000000,325268,0.121958,8.19955,23.2558,7.396e+06,1.72e+08,4000000000,0.043,43,1
3,2,12176018000000,326268,0.121946,8.20037,8.47458,1.11392e+07,9.44e+07,1000000000,0.118,118,0.8
3,1,12176019000000,328268,0.123207,8.1164,3.03951,1.94834e+08,5.922e+08,2000000000,0.329,329,0.9
3,0,12176020000000,332268,0.122145,8.18697,28.5714,4.9e+06,1.4e+08,4000000000,0.035,35,1
3,2,12176021000000,333268,0.123156,8.11977,2.17865,1.68545e+08,3.672e+08,1000000000,0.459,459,0.8
3,0,12176022000000,337268,0.122161,8.18592,25.4777,6.16225e+06,1.57e+08,4000000000,0.03925,39.25,1
3,2,12176023000000,338268,0.122137,8.18753,8.77193,1.03968e+07,9.12e+07,1000000000,0.114,114,0.8
3,2,12176024000000,339268,0.123705,8.08378,1.52905,3.42173e+08,5.232e+08,1000000000,0.654,654,0.8
3,0,12176025000000,343268,0.122741,8.14725,24.3902,6.724e+06,1.64e+08,4000000000,0.041,41,1
3,2,12176026000000,344268,0.122991,8.13065,4.78469,3.49448e+07,1.672e+08,1000000000,0.209,209,0.8
3,0,12176027000000,348268,0.122759,8.14605,9.73236,4.22302e+07,4.11e+08,4000000000,0.10275,102.75,1
3,1,12176028000000,350268,0.122481,8.16456,13.5135,9.8568e+06,1.332e+08,2000000000,0.074,74,0.9
3,2,12176029000000,351268,0.123851,8.0742,1.65563,2.91853e+08,4.832e+08,1000000000,0.604,604,0.8
3,0,12176030000000,355268,0.122918,8.13547,24.3902,6.724e+06,1.64e+08,4000000000,0.041,41,1
3,2,12176031000000,356268,0.123062,8.126,5.74713,2.42208e+07,1.392e+08,1000000000,0.174,174,0.8
3,0,12176032000000,360268,0.122933,8.13448,8.96861,4.9729e+07,4.46e+08,4000000000,0.1115,111.5,1
3,1,12176033000000,362268,0.122663,8.1524,13.5135,9.8568e+06,1.332e+08,2000000000,0.074,74,0.9
3,2,12176034000000,363268,0.123986,8.06545,1.65837,2.90887e+08,4.824e+08,1000000000,0.603,603,0.8
3,0,12176035000000,367268,0.123085,8.1245,24.2424,6.80625e+06,1.65e+08,4000000000,0.04125,41.25,1
3,2,12176036000000,368268,0.123141,8.12075,6.94444,1.65888e+07,1.152e+08,1000000000,0.144,144,0.8
3,1,12176037000000,370268,0.123718,8.08287,4.34783,9.522e+07,4.14e+08,2000000000,0.23,230,0.9
3,1,12176038000000,372268,0.123494,8.09754,12.1951,1.21032e+07,1.476e+08,2000000000,0.082,82,0.9
3,1,12176039000000,374268,0.124459,8.03478,3.28947,1.66349e+08,5.472e+08,2000000000,0.304,304,0.9
3,0,12176040000000,378268,0.123502,8.09701,29.4118,4.624e+06,1.36e+08,4000000000,0.034,34,1
3,2,12176041000000,379268,0.12401,8.06387,3.16456,7.98848e+07,2.528e+08,1000000000,0.316,316,0.8
3,0,12176042000000,383268,0.123551,8.09385,12.5,2.56e+07,3.2e+08,4000000000,0.08,80,1
3,2,12176043000000,384268,0.123635,8.08832,6.41026,1.94688e+07,1.248e+08,1000000000,0.156,156,0.8
3,1,12176044000000,386268,0.124579,8.02702,3.26797,1.68545e+08,5.508e+08,2000000000,0.306,306,0.9
3,0,12176045000000,390268,0.123702,8.08393,25.641,6.084e+06,1.56e+08,4000000000,0.039,39,1
3,2,12176046000000,391268,0.124429,8.03673,2.45098,1.33171e+08,3.264e+08,1000000000,0.408,408,0.8
3,0,12176047000000,395268,0.123665,8.08633,20.4082,9.604e+06,1.96e+08,4000000000,0.049,49,1
3,2,12176048000000,396268,0.123641,8.08793,8.77193,1.03968e+07,9.12e+07,1000000000,0.114,114,0.8
3,1,12176049000000,397499,0.124944,8.0036,1.83731,5.33219e+08,9.79691e+08,2000000000,0.544273,335,0.9
3,0,12176050000000,397499,0.124944,8.0036,0,-nan,-nan,4000000000,-nan,0,1
3,2,12176051000000,397499,0.124944,8.0036,0,-nan,-nan,1000000000,-nan,0,0.8
3,0,12176052000000,397499,0.124944,8.0036,0,-nan,-nan,4000000000,-nan,0,1
3,2,12176053000000,397499,0.124944,8.0036,0,-nan,-nan,1000000000,-nan,0,0.8
3,2,12176054000000,397499,0.124944,8.0036,0,-nan,-nan,1000000000,-nan,0,0.8
3,0,12176055000000,397499,0.124944,8.0036,0,-nan,-nan,4000000000,-nan,0,1
3,2,12176056000000,397499,0.124944,8.0036,0,-nan,-nan,1000000000,-nan,0,0.8
3,0,12176057000000,397499,0.124944,8.0036,0,-nan,-nan,4000000000,-nan,0,1
4,2,10881501000000,1000,0.016,62.5,62.5,204800,1.28e+07,1000000000,0.016,16,0.8
4,2,12175902000000,54820,0.0889639,11.2405,11.0718,6.5261e+06,7.22557e+07,1000000000,0.0903196,4861,0.8
4,0,12175903000000,58820,0.082914,12.0607,0,0,0,4000000000,0,0,1
4,2,12175904000000,59820,0.0817285,12.2356,83.3333,115200,9.6e+06,1000000000,0.012,12,0.8
4,2,12175905000000,60820,0.0848076,11.7914,3.71747,5.78888e+07,2.152e+08,1000000000,0.269,269,0.8
4,0,12175906000000,64820,0.0830454,12.0416,17.7778,1.26562e+07,2.25e+08,4000000000,0.05625,56.25,1
4,2,12175907000000,65820,0.0826648,12.097,17.2414,2.6912e+06,4.64e+07,1000000000,0.058,58,0.8
4,0,12175908000000,69820,0.0857777,11.658,7.29927,7.5076e+07,5.48e+08,4000000000,0.137,137,1
4,2,12175909000000,70820,0.0862327,11.5965,8.47458,1.11392e+07,9.44e+07,1000000000,0.118,118,0.8
4,1,12175910000000,72820,0.0929003,10.7642,3.03951,1.94834e+08,5.922e+08,2000000000,0.329,329,0.9
4,0,12175911000000,76820,0.0898854,11.1253,28.5714,4.9e+06,1.4e+08,4000000000,0.035,35,1
4,2,12175912000000,77820,0.0925855,10.8008,3.33333,7.2e+07,2.4e+08,1000000000,0.3,300,0.8
4,0,12175913000000,81820,0.0918724,10.8847,12.8205,2.4336e+07,3.12e+08,4000000000,0.078,78,1
4,2,12175914000000,82820,0.0921879,10.8474,8.47458,1.11392e+07,9.44e+07,1000000000,0.118,118,0.8
4,1,12175915000000,84820,0.0978661,10.218,3.003,1.996e+08,5.994e+08,2000000000,0.333,333,0.9
4,0,12175916000000,88820,0.09517,10.5075,26.3158,5.776e+06,1.52e+08,4000000000,0.038,38,1
4,2,12175917000000,89820,0.098664,10.1354,2.44499,1.33825e+08,3.272e+08,1000000000,0.409,409,0.8
4,0,12175918000000,93820,0.0965359,10.3588,20.5128,9.50625e+06,1.95e+08,4000000000,0.04875,48.75,1
4,2,12175919000000,94820,0.0967201,10.3391,8.77193,1.03968e+07,9.12e+07,1000000000,0.114,114,0.8
4,1,12175920000000,96820,0.101601,9.84243,3.003,1.996e+08,5.994e+08,2000000000,0.333,333,0.9
4,0,12175921000000,100820,0.0990776,10.0931,26.3158,5.776e+06,1.52e+08,4000000000,0.038,38,1
4,2,12175922000000,101820,0.102554,9.75101,2.20751,1.64167e+08,3.624e+08,1000000000,0.453,453,0.8
4,0,12175923000000,105820,0.100104,9.98962,26.4901,5.70025e+06,1.51e+08,4000000000,0.03775,37.75,1
4,2,12175924000000,106820,0.100234,9.97665,8.77193,1.03968e+07,9.12e+07,1000000000,0.114,114,0.8
4,1,12175925000000,108820,0.104512,9.56828,3.003,1.996e+08,5.994e+08,2000000000,0.333,333,0.9
4,0,12175926000000,112820,0.102154,9.78915,26.3158,5.776e+06,1.52e+08,4000000000,0.038,38,1
4,2,12175927000000,113820,0.105359,9.49133,2.14133,1.74471e+08,3.736e+08,1000000000,0.467,467,0.8
4,0,12175928000000,117820,0.102945,9.71391,29.1971,4.69225e+06,1.37e+08,4000000000,0.03425,34.25,1
4,2,12175929000000,118820,0.103038,9.70514,8.77193,1.03968e+07,9.12e+07,1000000000,0.114,114,0.8
4,1,12175930000000,120820,0.106845,9.35936,3.003,1.996e+08,5.994e+08,2000000000,0.333,333,0.9
4,0,12175931000000,124820,0.104639,9.5567,26.3158,5.776e+06,1.52e+08,4000000000,0.038,38,1
4,2,12175932000000,125820,0.107558,9.29727,2.11864,1.78227e+08,3.776e+08,1000000000,0.472,472,0.8
4,0,12175933000000,129820,0.105261,9.50018,30.303,4.356e+06,1.32e+08,4000000000,0.033,33,1
4,2,12175934000000,130820,0.105328,9.49416,8.77193,1.03968e+07,9.12e+07,1000000000,0.114,114,0.8
4,1,12175935000000,132820,0.108756,9.19488,3.003,1.996e+08,5.994e+08,2000000000,0.333,333,0.9
4,0,12175936000000,136820,0.106688,9.37316,26.3158,5.776e+06,1.52e+08,4000000000,0.038,38,1
4,2,12175937000000,137820,0.109338,9.14593,2.11864,1.78227e+08,3.776e+08,1000000000,0.472,472,0.8
4,0,12175938000000,141820,0.107185,9.32965,30.303,4.356e+06,1.32e+08,4000000000,0.033,33,1
4,2,12175939000000,142820,0.107233,9.3255,8.77193,1.03968e+07,9.12e+07,1000000000,0.114,114,0.8
4,1,12175940000000,144820,0.110351,9.06201,3.003,1.996e+08,5.994e+08,2000000000,0.333,333,0.9
4,0,12175941000000,148820,0.108406,9.22457,26.3158,5.776e+06,1.52e+08,4000000000,0.038,38,1
4,2,12175942000000,149820,0.11082,9.02367,2.12766,1.7672e+08,3.76e+08,1000000000,0.47,470,0.8
4,0,12175943000000,153820,0.108809,9.19042,29.8507,4.489e+06,1.34e+08,4000000000,0.0335,33.5,1
4,2,12175944000000,154820,0.108843,9.18759,8.77193,1.03968e+07,9.12e+07,1000000000,0.114,114,0.8
4,1,12175945000000,156820,0.111701,8.95245,3.003,1.996e+08,5.994e+08,2000000000,0.333,333,0.9
4,0,12175946000000,160820,0.109868,9.10182,26.3158,5.776e+06,1.52e+08,4000000000,0.038,38,1
4,2,12175947000000,161820,0.112112,8.91963,2.11416,1.78983e+08,3.784e+08,1000000000,0.473,473,0.8
4,0,12175948000000,165820,0.110198,9.07459,30.5344,4.29025e+06,1.31e+08,4000000000,0.03275,32.75,1
4,2,12175949000000,166820,0.110221,9.07271,8.77193,1.03968e+07,9.12e+07,1000000000,0.114,114,0.8
4,1,12175950000000,168820,0.11286,8.86055,3.003,1.996e+08,5.994e+08,2000000000,0.333,333,0.9
4,0,12175951000000,172820,0.111127,8.9987,26.3158,5.776e+06,1.52e+08,4000000000,0.038,38,1
4,2,12175952000000,173820,0.113203,8.83366,2.11864,1.78227e+08,3.776e+08,1000000000,0.472,472,0.8
4,0,12175953000000,177820,0.113536,8.80777,7.8125,6.5536e+07,5.12e+08,4000000000,0.128,128,1
4,2,12175954000000,178820,0.113572,8.80496,8.33333,1.152e+07,9.6e+07,1000000000,0.12,120,0.8
4,2,12175955000000,179820,0.115516,8.65685,2.15983,1.71495e+08,3.704e+08,1000000000,0.463,463,0.8
4,1,12175956000000,181820,0.115086,8.68913,13.0719,1.0534e+07,1.377e+08,2000000000,0.0765,76.5,0.9
4,2,12175957000000,182820,0.115059,8.69123,9.09091,9.68e+06,8.8e+07,1000000000,0.11,110,0.8
4,1,12175958000000,184820,0.117309,8.52451,3.09598,1.87792e+08,5.814e+08,2000000000,0.323,323,0.9
4,1,12175959000000,186820,0.116738,8.56619,15.625,7.3728e+06,1.152e+08,2000000000,0.064,64,0.9
4,2,12175960000000,187820,0.117506,8.51019,3.83142,5.44968e+07,2.088e+08,1000000000,0.261,261,0.8
4,1,12175961000000,189820,0.118265,8.45561,5.27704,6.46384e+07,3.411e+08,2000000000,0.1895,189.5,0.9
4,0,12175962000000,193820,0.11667,8.57118,24.3902,6.724e+06,1.64e+08,4000000000,0.041,41,1
4,2,12175963000000,194820,0.118638,8.42902,2,2e+08,4e+08,1000000000,0.5,500,0.8
4,0,12175964000000,198820,0.116774,8.56355,38.4615,2.704e+06,1.04e+08,4000000000,0.026,26,1
4,2,12175965000000,199820,0.11701,8.54626,6.09756,2.15168e+07,1.312e+08,1000000000,0.164,164,0.8
4,1,12175966000000,201820,0.118844,8.41443,3.31126,1.64167e+08,5.436e+08,2000000000,0.302,302,0.9
4,0,12175967000000,205820,0.117214,8.5314,28.5714,4.9e+06,1.4e+08,4000000000,0.035,35,1
4,2,12175968000000,206820,0.117822,8.48736,4.11523,4.72392e+07,1.944e+08,1000000000,0.243,243,0.8
4,0,12175969000000,210820,0.117394,8.51832,10.4987,3.62902e+07,3.81e+08,4000000000,0.09525,95.25,1
4,2,12175970000000,211820,0.117425,8.51606,8.06452,1.23008e+07,9.92e+07,1000000000,0.124,124,0.8
4,1,12175971000000,213820,0.119339,8.37951,3.10559,1.86631e+08,5.796e+08,2000000000,0.322,322,0.9
4,0,12175972000000,217820,0.117863,8.4844,25.641,6.084e+06,1.56e+08,4000000000,0.039,39,1
4,2,12175973000000,218820,0.117869,8.48403,8.40336,1.13288e+07,9.52e+07,1000000000,0.119,119,0.8
4,0,12175974000000,222820,0.118037,8.47192,7.85855,6.47702e+07,5.09e+08,4000000000,0.12725,127.25,1
4,2,12175975000000,223820,0.118189,8.46104,6.57895,1.84832e+07,1.216e+08,1000000000,0.152,152,0.8
4,1,12175976000000,225820,0.119817,8.34608,3.31126,1.64167e+08,5.436e+08,2000000000,0.302,302,0.9
4,0,12175977000000,229820,0.11834,8.4502,28.5714,4.9e+06,1.4e+08,4000000000,0.035,35,1
4,2,12175978000000,230820,0.11788,8.48322,83.3333,115200,9.6e+06,1000000000,0.012,12,0.8
4,0,12175979000000,234820,0.118495,8.43917,6.49351,9.4864e+07,6.16e+08,4000000000,0.154,154,1
4,2,12175980000000,235820,0.118476,8.44053,8.77193,1.03968e+07,9.12e+07,1000000000,0.114,114,0.8
4,1,12175981000000,237820,0.12023,8.31742,3.0581,1.92472e+08,5.886e+08,2000000000,0.327,327,0.9
4,0,12175982000000,241820,0.118861,8.41318,26.6667,5.625e+06,1.5e+08,4000000000,0.0375,37.5,1
4,2,12175983000000,242820,0.118372,8.44797,0,0,0,1000000000,0,0,0.8
4,0,12175984000000,246820,0.11899,8.4041,6.38978,9.7969e+07,6.26e+08,4000000000,0.1565,156.5,1
4,2,12175985000000,247820,0.119139,8.39356,6.41026,1.94688e+07,1.248e+08,1000000000,0.156,156,0.8
4,1,12175986000000,249820,0.120635,8.28948,3.26797,1.68545e+08,5.508e+08,2000000000,0.306,306,0.9
4,0,12175987000000,253820,0.119348,8.37883,25.641,6.084e+06,1.56e+08,4000000000,0.039,39,1
4,2,12175988000000,254820,0.11888,8.41184,0,0,0,1000000000,0,0,0.8
4,0,12175989000000,258820,0.119407,8.3747,6.53595,9.3636e+07,6.12e+08,4000000000,0.153,153,1
4,2,12175990000000,259820,0.119548,8.36483,6.41026,1.94688e+07,1.248e+08,1000000000,0.156,156,0.8
4,1,12175991000000,261820,0.120957,8.26739,3.28947,1.66349e+08,5.472e+08,2000000000,0.304,304,0.9
4,0,12175992000000,265820,0.119494,8.36859,42.1053,2.25625e+06,9.5e+07,4000000000,0.02375,23.75,1
4,2,12175993000000,266820,0.11929,8.38292,15.3846,3.38e+06,5.2e+07,1000000000,0.065,65,0.8
4,0,12175994000000,270820,0.119744,8.35117,6.66667,9e+07,6e+08,4000000000,0.15,150,1
4,2,12175995000000,271820,0.119921,8.3388,5.95238,2.25792e+07,1.344e+08,1000000000,0.168,168,0.8
4,1,12175996000000,273820,0.121116,8.25654,3.52734,1.4467e+08,5.103e+08,2000000000,0.2835,283.5,0.9
4,0,12175997000000,277820,0.119505,8.36782,108.108,342250,3.7e+07,4000000000,0.00925,9.25,1
4,2,12175998000000,278820,0.119665,8.35666,6.09756,2.15168e+07,1.312e+08,1000000000,0.164,164,0.8
4,0,12175999000000,282820,0.120122,8.32485,6.57895,9.2416e+07,6.08e+08,4000000000,0.152,152,1
4,2,12176000000000,283820,0.120115,8.32536,8.47458,1.11392e+07,9.44e+07,1000000000,0.118,118,0.8
4,1,12176001000000,285820,0.120611,8.29113,5.2356,6.56658e+07,3.438e+08,2000000000,0.191,191,0.9
4,0,12176002000000,289820,0.121168,8.25298,6.21118,1.03684e+08,6.44e+08,4000000000,0.161,161,1
4,2,12176003000000,290820,0.120999,8.26451,13.8889,4.1472e+06,5.76e+07,1000000000,0.072,72,0.8
4,0,12176004000000,294820,0.121596,8.22394,6.06061,1.089e+08,6.6e+08,4000000000,0.165,165,1
4,2,12176005000000,295820,0.121544,8.22751,9.43396,8.9888e+06,8.48e+07,1000000000,0.106,106,0.8
4,1,12176006000000,297820,0.12243,8.16796,3.94477,1.15672e+08,4.563e+08,2000000000,0.2535,253.5,0.9
4,0,12176007000000,301820,0.121281,8.24532,27.972,5.11225e+06,1.43e+08,4000000000,0.03575,35.75,1
4,2,12176008000000,302820,0.12127,8.24606,8.47458,1.11392e+07,9.44e+07,1000000000,0.118,118,0.8
4,0,12176009000000,306820,0.121847,8.20703,6.0423,1.09561e+08,6.62e+08,4000000000,0.1655,165.5,1
4,1,12176010000000,308820,0.121466,8.23279,15.873,7.1442e+06,1.134e+08,2000000000,0.063,63,0.9
4,2,12176011000000,309820,0.122749,8.14673,1.92678,2.15489e+08,4.152e+08,1000000000,0.519,519,0.8
4,0,12176012000000,313820,0.121719,8.21561,23.8095,7.056e+06,1.68e+08,4000000000,0.042,42,1
4,2,12176013000000,314820,0.121593,8.22414,12.1951,5.3792e+06,6.56e+07,1000000000,0.082,82,0.8
4,1,12176014000000,316820,0.122868,8.13882,3.09119,1.88374e+08,5.823e+08,2000000000,0.3235,323.5,0.9
4,0,12176015000000,320820,0.121654,8.22004,39.2157,2.601e+06,1.02e+08,4000000000,0.0255,25.5,1
4,2,12176016000000,321820,0.122994,8.13046,1.80832,2.44647e+08,4.424e+08,1000000000,0.553,553,0.8
4,0,12176017000000,325820,0.122172,8.1852,17.8571,1.2544e+07,2.24e+08,4000000000,0.056,56,1
4,2,12176018000000,326820,0.121902,8.20331,29.4118,924800,2.72e+07,1000000000,0.034,34,0.8
4,1,12176019000000,328820,0.123007,8.12965,3.29489,1.65802e+08,5.463e+08,2000000000,0.3035,303.5,0.9
4,0,12176020000000,332820,0.121811,8.20947,42.5532,2.209e+06,9.4e+07,4000000000,0.0235,23.5,1
4,2,12176021000000,333820,0.123129,8.12155,1.77936,2.52675e+08,4.496e+08,1000000000,0.562,562,0.8
4,0,12176022000000,337820,0.122222,8.18184,21.5054,8.649e+06,1.86e+08,4000000000,0.0465,46.5,1
4,2,12176023000000,338820,0.12205,8.19336,15.625,3.2768e+06,5.12e+07,1000000000,0.064,64,0.8
4,2,12176024000000,339820,0.123533,8.095,1.59744,3.13501e+08,5.008e+08,1000000000,0.626,626,0.8
4,0,12176025000000,343820,0.122503,8.16306,28.5714,4.9e+06,1.4e+08,4000000000,0.035,35,1
4,2,12176026000000,344820,0.123073,8.12527,3.1348,8.14088e+07,2.552e+08,1000000000,0.319,319,0.8
4,0,12176027000000,348820,0.122547,8.1601,12.945,2.38702e+07,3.09e+08,4000000000,0.07725,77.25,1
4,1,12176028000000,350820,0.122208,8.18277,15.873,7.1442e+06,1.134e+08,2000000000,0.063,63,0.9
4,2,12176029000000,351820,0.123708,8.08354,1.53846,3.38e+08,5.2e+08,1000000000,0.65,650,0.8
4,0,12176030000000,355820,0.122688,8.15073,30.303,4.356e+06,1.32e+08,4000000000,0.033,33,1
4,2,12176031000000,356820,0.122964,8.13246,4.52489,3.90728e+07,1.768e+08,1000000000,0.221,221,0.8
4,0,12176032000000,360820,0.122751,8.14658,9.63855,4.30562e+07,4.15e+08,4000000000,0.10375,103.75,1
4,1,12176033000000,362820,0.122389,8.1707,17.5439,5.8482e+06,1.026e+08,2000000000,0.057,57,0.9
4,2,12176034000000,363820,0.123814,8.07663,1.56006,3.28705e+08,5.128e+08,1000000000,0.641,641,0.8
4,0,12176035000000,367820,0.122862,8.13923,27.5862,5.25625e+06,1.45e+08,4000000000,0.03625,36.25,1
4,2,12176036000000,368820,0.122984,8.13113,5.95238,2.25792e+07,1.344e+08,1000000000,0.168,168,0.8
4,1,12176037000000,370820,0.123572,8.09244,4.31034,9.68832e+07,4.176e+08,2000000000,0.232,232,0.9
4,1,12176038000000,372820,0.12329,8.11095,14.0845,9.0738e+06,1.278e+08,2000000000,0.071,71,0.9
4,1,12176039000000,374820,0.124292,8.04559,3.21543,1.74098e+08,5.598e+08,2000000000,0.311,311,0.9
4,0,12176040000000,378820,0.123349,8.10709,28.5714,4.9e+06,1.4e+08,4000000000,0.035,35,1
4,2,12176041000000,379820,0.123969,8.06652,2.78552,1.03105e+08,2.872e+08,1000000000,0.359,359,0.8
4,0,12176042000000,383820,0.123378,8.10516,14.8699,1.80902e+07,2.69e+08,4000000000,0.06725,67.25,1
4,2,12176043000000,384820,0.123349,8.10711,8.92857,1.00352e+07,8.96e+07,1000000000,0.112,112,0.8
4,1,12176044000000,386820,0.124448,8.03548,2.97619,2.03213e+08,6.048e+08,2000000000,0.336,336,0.9
4,0,12176045000000,390820,0.123384,8.10477,48.7805,1.681e+06,8.2e+07,4000000000,0.0205,20.5,1
4,2,12176046000000,391820,0.124202,8.05137,2.25225,1.57709e+08,3.552e+08,1000000000,0.444,444,0.8
4,0,12176047000000,395820,0.123569,8.09266,16.2602,1.5129e+07,2.46e+08,4000000000,0.0615,61.5,1
4,2,12176048000000,396820,0.123507,8.09671,10.101,7.8408e+06,7.92e+07,1000000000,0.099,99,0.8
4,1,12176049000000,398023,0.124819,8.01157,1.79285,5.59998e+08,1.00399e+09,2000000000,0.557772,335.5,0.9
4,0,12176050000000,398023,0.124819,8.01157,0,-nan,-nan,4000000000,-nan,0,1
4,2,12176051000000,398023,0.124819,8.01157,0,-nan,-nan,1000000000,-nan,0,0.8
4,0,12176052000000,398023,0.124819,8.01157,0,-nan,-nan,4000000000,-nan,0,1
4,2,12176053000000,398023,0.124819,8.01157,0,-nan,-nan,1000000000,-nan,0,0.8
4,2,12176054000000,398023,0.124819,8.01157,0,-nan,-nan,1000000000,-nan,0,0.8
4,0,12176055000000,398023,0.124819,8.01157,0,-nan,-nan,4000000000,-nan,0,1
4,2,12176056000000,398023,0.124819,8.01157,0,-nan,-nan,1000000000,-nan,0,0.8
4,0,12176057000000,398023,0.124819,8.01157,0,-nan,-nan,4000000000,-nan,0,1
5,2,10881501000000,1000,0.016,62.5,62.5,204800,1.28e+07,1000000000,0.016,16,0.8
5,2,12175902000000,54820,0.0889639,11.2405,11.0718,6.5261e+06,7.22557e+07,1000000000,0.0903196,4861,0.8
5,0,12175903000000,58820,0.082914,12.0607,0,0,0,4000000000,0,0,1
5,2,12175904000000,59820,0.0817285,12.2356,83.3333,115200,9.6e+06,1000000000,0.012,12,0.8
5,2,12175905000000,60820,0.0848076,11.7914,3.71747,5.78888e+07,2.152e+08,1000000000,0.269,269,0.8
5,0,12175906000000,64820,0.0830454,12.0416,17.7778,1.26562e+07,2.25e+08,4000000000,0.05625,56.25,1
5,2,12175907000000,65820,0.0826648,12.097,17.2414,2.6912e+06,4.64e+07,1000000000,0.058,58,0.8
5,0,12175908000000,69820,0.0857777,11.658,7.29927,7.5076e+07,5.48e+08,4000000000,0.137,137,1
5,2,12175909000000,70820,0.0862327,11.5965,8.47458,1.11392e+07,9.44e+07,1000000000,0.118,118,0.8
5,1,12175910000000,72820,0.0929003,10.7642,3.03951,1.94834e+08,5.922e+08,2000000000,0.329,329,0.9
5,0,12175911000000,76820,0.0898854,11.1253,28.5714,4.9e+06,1.4e+08,4000000000,0.035,35,1
5,2,12175912000000,77820,0.0925855,10.8008,3.33333,7.2e+07,2.4e+08,1000000000,0.3,300,0.8
5,0,12175913000000,81820,0.0918724,10.8847,12.8205,2.4336e+07,3.12e+08,4000000000,0.078,78,1
5,2,12175914000000,82820,0.0921879,10.8474,8.47458,1.11392e+07,9.44e+07,1000000000,0.118,118,0.8
5,1,12175915000000,84820,0.0978661,10.218,3.003,1.996e+08,5.994e+08,2000000000,0.333,333,0.9
5,0,12175916000000,88820,0.09517,10.5075,26.3158,5.776e+06,1.52e+08,4000000000,0.038,38,1
5,2,12175917000000,89820,0.098664,10.1354,2.44499,1.33825e+08,3.272e+08,1000000000,0.409,409,0.8
5,0,12175918000000,93820,0.0965359,10.3588,20.5128,9.50625e+06,1.95e+08,4000000000,0.04875,48.75,1
5,2,12175919000000,94820,0.0967201,10.3391,8.77193,1.03968e+07,9.12e+07,1000000000,0.114,114,0.8
5,1,12175920000000,96820,0.101601,9.84243,3.003,1.996e+08,5.994e+08,2000000000,0.333,333,0.9
5,0,12175921000000,100820,0.0990776,10.0931,26.3158,5.776e+06,1.52e+08,4000000000,0.038,38,1
5,2,12175922000000,101820,0.102554,9.75101,2.20751,1.64167e+08,3.624e+08,1000000000,0.453,453,0.8
5,0,12175923000000,105820,0.100104,9.98962,26.4901,5.70025e+06,1.51e+08,4000000000,0.03775,37.75,1
5,2,12175924000000,106820,0.100234,9.97665,8.77193,1.03968e+07,9.12e+07,1000000000,0.114,114,0.8
5,1,12175925000000,108820,0.104512,9.56828,3.003,1.996e+08,5.994e+08,2000000000,0.333,333,0.9
5,0,12175926000000,112820,0.102154,9.78915,26.3158,5.776e+06,1.52e+08,4000000000,0.038,38,1
5,2,12175927000000,113820,0.105359,9.49133,2.14133,1.74471e+08,3.736e+08,1000000000,0.467,467,0.8
5,0,12175928000000,117820,0.102945,9.71391,29.1971,4.69225e+06,1.37e+08,4000000000,0.03425,34.25,1
5,2,12175929000000,118820,0.103038,9.70514,8.77193,1.03968e+07,9.12e+07,1000000000,0.114,114,0.8
5,1,12175930000000,120820,0.106845,9.35936,3.003,1.996e+08,5.994e+08,2000000000,0.333,333,0.9
5,0,12175931000000,124820,0.104639,9.5567,26.3158,5.776e+06,1.52e+08,4000000000,0.038,38,1
5,2,12175932000000,125820,0.107558,9.29727,2.11864,1.78227e+08,3.776e+08,1000000000,0.472,472,0.8
5,0,12175933000000,129820,0.105261,9.50018,30.303,4.356e+06,1.32e+08,4000000000,0.033,33,1
5,2,12175934000000,130820,0.105328,9.49416,8.77193,1.03968e+07,9.12e+07,1000000000,0.114,114,0.8
5,1,12175935000000,132820,0.108756,9.19488,3.003,1.996e+08,5.994e+08,2000000000,0.333,333,0.9
5,0,12175936000000,136820,0.106688,9.37316,26.3158,5.776e+06,1.52e+08,4000000000,0.038,38,1
5,2,12175937000000,137820,0.109338,9.14593,2.11864,1.78227e+08,3.776e+08,1000000000,0.472,472,0.8
5,0,12175938000000,141820,0.107185,9.32965,30.303,4.356e+06,1.32e+08,4000000000,0.033,33,1
5,2,12175939000000,142820,0.107233,9.3255,8.77193,1.03968e+07,9.12e+07,1000000000,0.114,114,0.8
5,1,12175940000000,144820,0.110351,9.06201,3.003,1.996e+08,5.994e+08,2000000000,0.333,333,0.9
5,0,12175941000000,148820,0.108406,9.22457,26.3158,5.776e+06,1.52e+08,4000000000,0.038,38,1
5,2,12175942000000,149820,0.11082,9.02367,2.12766,1.7672e+08,3.76e+08,1000000000,0.47,470,0.8
5,0,12175943000000,153820,0.108809,9.19042,29.8507,4.489e+06,1.34e+08,4000000000,0.0335,33.5,1
5,2,12175944000000,154820,0.108843,9.18759,8.77193,1.03968e+07,9.12e+07,1000000000,0.114,114,0.8
5,1,12175945000000,156820,0.111701,8.95245,3.003,1.996e+08,5.994e+08,2000000000,0.333,333,0.9
5,0,12175946000000,160820,0.109868,9.10182,26.3158,5.776e+06,1.52e+08,4000000000,0.038,38,1
5,2,12175947000000,161820,0.112112,8.91963,2.11416,1.78983e+08,3.784e+08,1000000000,0.473,473,0.8
5,0,12175948000000,165820,0.110198,9.07459,30.5344,4.29025e+06,1.31e+08,4000000000,0.03275,32.75,1
5,2,12175949000000,166820,0.110221,9.07271,8.77193,1.03968e+07,9.12e+07,1000000000,0.114,114,0.8
5,1,12175950000000,168820,0.11286,8.86055,3.003,1.996e+08,5.994e+08,2000000000,0.333,333,0.9
5,0,12175951000000,172820,0.111127,8.9987,26.3158,5.776e+06,1.52e+08,4000000000,0.038,38,1
5,2,12175952000000,173820,0.113203,8.83366,2.11864,1.78227e+08,3.776e+08,1000000000,0.472,472,0.8
5,0,12175953000000,177820,0.113536,8.80777,7.8125,6.5536e+07,5.12e+08,4000000000,0.128,128,1
5,2,12175954000000,178820,0.113572,8.80496,8.33333,1.152e+07,9.6e+07,1000000000,0.12,120,0.8
5,2,12175955000000,179820,0.115516,8.65685,2.15983,1.71495e+08,3.704e+08,1000000000,0.463,463,0.8
5,1,12175956000000,181820,0.115086,8.68913,13.0719,1.0534e+07,1.377e+08,2000000000,0.0765,76.5,0.9
5,2,12175957000000,182820,0.115059,8.69123,9.09091,9.68e+06,8.8e+07,1000000000,0.11,110,0.8
5,1,12175958000000,184820,0.117309,8.52451,3.09598,1.87792e+08,5.814e+08,2000000000,0.323,323,0.9
5,1,12175959000000,186820,0.116738,8.56619,15.625,7.3728e+06,1.152e+08,2000000000,0.064,64,0.9
5,2,12175960000000,187820,0.117506,8.51019,3.83142,5.44968e+07,2.088e+08,1000000000,0.261,261,0.8
5,1,12175961000000,189820,0.118265,8.45561,5.27704,6.46384e+07,3.411e+08,2000000000,0.1895,189.5,0.9
5,0,12175962000000,193820,0.11667,8.57118,24.3902,6.724e+06,1.64e+08,4000000000,0.041,41,1
5,2,12175963000000,194820,0.118638,8.42902,2,2e+08,4e+08,1000000000,0.5,500,0.8
5,0,12175964000000,198820,0.116774,8.56355,38.4615,2.704e+06,1.04e+08,4000000000,0.026,26,1
5,2,12175965000000,199820,0.11701,8.54626,6.09756,2.15168e+07,1.312e+08,1000000000,0.164,164,0.8
5,1,12175966000000,201820,0.118844,8.41443,3.31126,1.64167e+08,5.436e+08,2000000000,0.302,302,0.9
5,0,12175967000000,205820,0.117214,8.5314,28.5714,4.9e+06,1.4e+08,4000000000,0.035,35,1
5,2,12175968000000,206820,0.117822,8.48736,4.11523,4.72392e+07,1.944e+08,1000000000,0.243,243,0.8
5,0,12175969000000,210820,0.117394,8.51832,10.4987,3.62902e+07,3.81e+08,4000000000,0.09525,95.25,1
5,2,12175970000000,211820,0.117425,8.51606,8.06452,1.23008e+07,9.92e+07,1000000000,0.124,124,0.8
5,1,12175971000000,213820,0.119339,8.37951,3.10559,1.86631e+08,5.796e+08,2000000000,0.322,322,0.9
5,0,12175972000000,217820,0.117863,8.4844,25.641,6.084e+06,1.56e+08,4000000000,0.039,39,1
5,2,12175973000000,218820,0.117869,8.48403,8.40336,1.13288e+07,9.52e+07,1000000000,0.119,119,0.8
5,0,12175974000000,222820,0.118037,8.47192,7.85855,6.47702e+07,5.09e+08,4000000000,0.12725,127.25,1
5,2,12175975000000,223820,0.118189,8.46104,6.57895,1.84832e+07,1.216e+08,1000000000,0.152,152,0.8
5,1,12175976000000,225820,0.119817,8.34608,3.31126,1.64167e+08,5.436e+08,2000000000,0.302,302,0.9
5,0,12175977000000,229820,0.11834,8.4502,28.5714,4.9e+06,1.4e+08,4000000000,0.035,35,1
5,2,12175978000000,230820,0.11788,8.48322,83.3333,115200,9.6e+06,1000000000,0.012,12,0.8
5,0,12175979000000,234820,0.118495,8.43917,6.49351,9.4864e+07,6.16e+08,4000000000,0.154,154,1
5,2,12175980000000,235820,0.118476,8.44053,8.77193,1.03968e+07,9.12e+07,1000000000,0.114,114,0.8
5,1,12175981000000,237820,0.12023,8.31742,3.0581,1.92472e+08,5.886e+08,2000000000,0.327,327,0.9
5,0,12175982000000,241820,0.118861,8.41318,26.6667,5.625e+06,1.5e+08,4000000000,0.0375,37.5,1
5,2,12175983000000,242820,0.118372,8.44797,0,0,0,1000000000,0,0,0.8
5,0,12175984000000,246820,0.11899,8.4041,6.38978,9.7969e+07,6.26e+08,4000000000,0.1565,156.5,1
5,2,12175985000000,247820,0.119139,8.39356,6.41026,1.94688e+07,1.248e+08,1000000000,0.156,156,0.8
5,1,12175986000000,249820,0.120635,8.28948,3.26797,1.68545e+08,5.508e+08,2000000000,0.306,306,0.9
5,0,12175987000000,253820,0.119348,8.37883,25.641,6.084e+06,1.56e+08,4000000000,0.039,39,1
5,2,12175988000000,254820,0.11888,8.41184,0,0,0,1000000000,0,0,0.8
5,0,12175989000000,258820,0.119407,8.3747,6.53595,9.3636e+07,6.12e+08,4000000000,0.153,153,1
5,2,12175990000000,259820,0.119548,8.36483,6.41026,1.94688e+07,1.248e+08,1000000000,0.156,156,0.8
5,1,12175991000000,261820,0.120957,8.26739,3.28947,1.66349e+08,5.472e+08,2000000000,0.304,304,0.9
5,0,12175992000000,265820,0.119494,8.36859,42.1053,2.25625e+06,9.5e+07,4000000000,0.02375,23.75,1
5,2,12175993000000,266820,0.11929,8.38292,15.3846,3.38e+06,5.2e+07,1000000000,0.065,65,0.8
5,0,12175994000000,270820,0.119744,8.35117,6.66667,9e+07,6e+08,4000000000,0.15,150,1
5,2,12175995000000,271820,0.119921,8.3388,5.95238,2.25792e+07,1.344e+08,1000000000,0.168,168,0.8
5,1,12175996000000,273820,0.121116,8.25654,3.52734,1.4467e+08,5.103e+08,2000000000,0.2835,283.5,0.9
5,0,12175997000000,277820,0.119505,8.36782,108.108,342250,3.7e+07,4000000000,0.00925,9.25,1
5,2,12175998000000,278820,0.119665,8.35666,6.09756,2.15168e+07,1.312e+08,1000000000,0.164,164,0.8
5,0,12175999000000,282820,0.120122,8.32485,6.57895,9.2416e+07,6.08e+08,4000000000,0.152,152,1
5,2,12176000000000,283820,0.120115,8.32536,8.47458,1.11392e+07,9.44e+07,1000000000,0.118,118,0.8
5,1,12176001000000,285820,0.120611,8.29113,5.2356,6.56658e+07,3.438e+08,2000000000,0.191,191,0.9
5,0,12176002000000,289820,0.121168,8.25298,6.21118,1.03684e+08,6.44e+08,4000000000,0.161,161,1
5,2,12176003000000,290820,0.120999,8.26451,13.8889,4.1472e+06,5.76e+07,1000000000,0.072,72,0.8
5,0,12176004000000,294820,0.121596,8.22394,6.06061,1.089e+08,6.6e+08,4000000000,0.165,165,1
5,2,12176005000000,295820,0.121544,8.22751,9.43396,8.9888e+06,8.48e+07,1000000000,0.106,106,0.8
5,1,12176006000000,297820,0.12243,8.16796,3.94477,1.15672e+08,4.563e+08,2000000000,0.2535,253.5,0.9
5,0,12176007000000,301820,0.121281,8.24532,27.972,5.11225e+06,1.43e+08,4000000000,0.03575,35.75,1
5,2,12176008000000,302820,0.12127,8.24606,8.47458,1.11392e+07,9.44e+07,1000000000,0.118,118,0.8
5,0,12176009000000,306820,0.121847,8.20703,6.0423,1.09561e+08,6.62e+08,4000000000,0.1655,165.5,1
5,1,12176010000000,308820,0.121466,8.23279,15.873,7.1442e+06,1.134e+08,2000000000,0.063,63,0.9
5,2,12176011000000,309820,0.122749,8.14673,1.92678,2.15489e+08,4.152e+08,1000000000,0.519,519,0.8
5,0,12176012000000,313820,0.121719,8.21561,23.8095,7.056e+06,1.68e+08,4000000000,0.042,42,1
5,2,12176013000000,314820,0.121593,8.22414,12.1951,5.3792e+06,6.56e+07,1000000000,0.082,82,0.8
5,1,12176014000000,316820,0.122868,8.13882,3.09119,1.88374e+08,5.823e+08,2000000000,0.3235,323.5,0.9
5,0,12176015000000,320820,0.121654,8.22004,39.2157,2.601e+06,1.02e+08,4000000000,0.0255,25.5,1
5,2,12176016000000,321820,0.122994,8.13046,1.80832,2.44647e+08,4.424e+08,1000000000,0.553,553,0.8
5,0,12176017000000,325820,0.122172,8.1852,17.8571,1.2544e+07,2.24e+08,4000000000,0.056,56,1
5,2,12176018000000,326820,0.121902,8.20331,29.4118,924800,2.72e+07,1000000000,0.034,34,0.8
5,1,12176019000000,328820,0.123007,8.12965,3.29489,1.65802e+08,5.463e+08,2000000000,0.3035,303.5,0.9
5,0,12176020000000,332820,0.121811,8.20947,42.5532,2.209e+06,9.4e+07,4000000000,0.0235,23.5,1
5,2,12176021000000,333820,0.123129,8.12155,1.77936,2.52675e+08,4.496e+08,1000000000,0.562,562,0.8
5,0,12176022000000,337820,0.122222,8.18184,21.5054,8.649e+06,1.86e+08,4000000000,0.0465,46.5,1
5,2,12176023000000,338820,0.12205,8.19336,15.625,3.2768e+06,5.12e+07,1000000000,0.064,64,0.8
5,2,12176024000000,339820,0.123533,8.095,1.59744,3.13501e+08,5.008e+08,1000000000,0.626,626,0.8
5,0,12176025000000,343820,0.122503,8.16306,28.5714,4.9e+06,1.4e+08,4000000000,0.035,35,1
5,2,12176026000000,344820,0.123073,8.12527,3.1348,8.14088e+07,2.552e+08,1000000000,0.319,319,0.8
5,0,12176027000000,348820,0.122547,8.1601,12.945,2.38702e+07,3.09e+08,4000000000,0.07725,77.25,1
5,1,12176028000000,350820,0.122208,8.18277,15.873,7.1442e+06,1.134e+08,2000000000,0.063,63,0.9
5,2,12176029000000,351820,0.123708,8.08354,1.53846,3.38e+08,5.2e+08,1000000000,0.65,650,0.8
5,0,12176030000000,355820,0.122688,8.15073,30.303,4.356e+06,1.32e+08,4000000000,0.033,33,1
5,2,12176031000000,356820,0.122964,8.13246,4.52489,3.90728e+07,1.768e+08,1000000000,0.221,221,0.8
5,0,12176032000000,360820,0.122751,8.14658,9.63855,4.30562e+07,4.15e+08,4000000000,0.10375,103.75,1
5,1,12176033000000,362820,0.122389,8.1707,17.5439,5.8482e+06,1.026e+08,2000000000,0.057,57,0.9
5,2,12176034000000,363820,0.123814,8.07663,1.56006,3.28705e+08,5.128e+08,1000000000,0.641,641,0.8
5,0,12176035000000,367820,0.122862,8.13923,27.5862,5.25625e+06,1.45e+08,4000000000,0.03625,36.25,1
5,2,12176036000000,368820,0.122984,8.13113,5.95238,2.25792e+07,1.344e+08,1000000000,0.168,168,0.8
5,1,12176037000000,370820,0.123572,8.09244,4.31034,9.68832e+07,4.176e+08,2000000000,0.232,232,0.9
5,1,12176038000000,372820,0.12329,8.11095,14.0845,9.0738e+06,1.278e+08,2000000000,0.071,71,0.9
5,1,12176039000000,374820,0.124292,8.04559,3.21543,1.74098e+08,5.598e+08,2000000000,0.311,311,0.9
5,0,12176040000000,378820,0.123349,8.10709,28.5714,4.9e+06,1.4e+08,4000000000,0.035,35,1
5,2,12176041000000,379820,0.123969,8.06652,2.78552,1.03105e+08,2.872e+08,1000000000,0.359,359,0.8
5,0,12176042000000,383820,0.123378,8.10516,14.8699,1.80902e+07,2.69e+08,4000000000,0.06725,67.25,1
5,2,12176043000000,384820,0.123349,8.10711,8.92857,1.00352e+07,8.96e+07,1000000000,0.112,112,0.8
5,1,12176044000000,386820,0.124448,8.03548,2.97619,2.03213e+08,6.048e+08,2000000000,0.336,336,0.9
5,0,12176045000000,390820,0.123384,8.10477,48.7805,1.681e+06,8.2e+07,4000000000,0.0205,20.5,1
5,2,12176046000000,391820,0.124202,8.05137,2.25225,1.57709e+08,3.552e+08,1000000000,0.444,444,0.8
5,0,12176047000000,395820,0.123569,8.09266,16.2602,1.5129e+07,2.46e+08,4000000000,0.0615,61.5,1
5,2,12176048000000,396820,0.123507,8.09671,10.101,7.8408e+06,7.92e+07,1000000000,0.099,99,0.8
5,1,12176049000000,398023,0.124819,8.01157,1.79285,5.59998e+08,1.00399e+09,2000000000,0.557772,335.5,0.9
5,0,12176050000000,398023,0.124819,8.01157,0,-nan,-nan,4000000000,-nan,0,1
5,2,12176051000000,398023,0.124819,8.01157,0,-nan,-nan,1000000000,-nan,0,0.8
5,0,12176052000000,398023,0.124819,8.01157,0,-nan,-nan,4000000000,-nan,0,1
5,2,12176053000000,398023,0.124819,8.01157,0,-nan,-nan,1000000000,-nan,0,0.8
5,2,12176054000000,398023,0.124819,8.01157,0,-nan,-nan,1000000000,-nan,0,0.8
5,0,12176055000000,398023,0.124819,8.01157,0,-nan,-nan,4000000000,-nan,0,1
5,2,12176056000000,398023,0.124819,8.01157,0,-nan,-nan,1000000000,-nan,0,0.8
5,0,12176057000000,398023,0.124819,8.01157,0,-nan,-nan,4000000000,-nan,0,1
6,2,10881501000000,1000,0.016,62.5,62.5,204800,1.28e+07,1000000000,0.016,16,0.8
6,2,12175902000000,54820,0.0889639,11.2405,11.0718,6.5261e+06,7.22557e+07,1000000000,0.0903196,4861,0.8
6,0,12175903000000,58820,0.082914,12.0607,0,0,0,4000000000,0,0,1
6,2,12175904000000,59820,0.0817285,12.2356,83.3333,115200,9.6e+06,1000000000,0.012,12,0.8
6,2,12175905000000,60820,0.0848076,11.7914,3.71747,5.78888e+07,2.152e+08,1000000000,0.269,269,0.8
6,0,12175906000000,64820,0.0830454,12.0416,17.7778,1.26562e+07,2.25e+08,4000000000,0.05625,56.25,1
6,2,12175907000000,65820,0.0826648,12.097,17.2414,2.6912e+06,4.64e+07,1000000000,0.058,58,0.8
6,0,12175908000000,69820,0.0857777,11.658,7.29927,7.5076e+07,5.48e+08,4000000000,0.137,137,1
6,2,12175909000000,70820,0.0862327,11.5965,8.47458,1.11392e+07,9.44e+07,1000000000,0.118,118,0.8
6,1,12175910000000,72820,0.0929003,10.7642,3.03951,1.94834e+08,5.922e+08,2000000000,0.329,329,0.9
6,0,12175911000000,76820,0.0898854,11.1253,28.5714,4.9e+06,1.4e+08,4000000000,0.035,35,1
6,2,12175912000000,77820,0.0925855,10.8008,3.33333,7.2e+07,2.4e+08,1000000000,0.3,300,0.8
6,0,12175913000000,81820,0.0918724,10.8847,12.8205,2.4336e+07,3.12e+08,4000000000,0.078,78,1
6,2,12175914000000,82820,0.0921879,10.8474,8.47458,1.11392e+07,9.44e+07,1000000000,0.118,118,0.8
6,1,12175915000000,84820,0.0978661,10.218,3.003,1.996e+08,5.994e+08,2000000000,0.333,333,0.9
6,0,12175916000000,88820,0.09517,10.5075,26.3158,5.776e+06,1.52e+08,4000000000,0.038,38,1
6,2,12175917000000,89820,0.098664,10.1354,2.44499,1.33825e+08,3.272e+08,1000000000,0.409,409,0.8
6,0,12175918000000,93820,0.0965359,10.3588,20.5128,9.50625e+06,1.95e+08,4000000000,0.04875,48.75,1
6,2,12175919000000,94820,0.0967201,10.3391,8.77193,1.03968e+07,9.12e+07,1000000000,0.114,114,0.8
6,1,12175920000000,96820,0.101601,9.84243,3.003,1.996e+08,5.994e+08,2000000000,0.333,333,0.9
6,0,12175921000000,100820,0.0990776,10.0931,26.3158,5.776e+06,1.52e+08,4000000000,0.038,38,1
6,2,12175922000000,101820,0.102554,9.75101,2.20751,1.64167e+08,3.624e+08,1000000000,0.453,453,0.8
6,0,12175923000000,105820,0.100104,9.98962,26.4901,5.70025e+06,1.51e+08,4000000000,0.03775,37.75,1
6,2,12175924000000,106820,0.100234,9.97665,8.77193,1.03968e+07,9.12e+07,1000000000,0.114,114,0.8
6,1,12175925000000,108820,0.104512,9.56828,3.003,1.996e+08,5.994e+08,2000000000,0.333,333,0.9
6,0,12175926000000,112820,0.102154,9.78915,26.3158,5.776e+06,1.52e+08,4000000000,0.038,38,1
6,2,12175927000000,113820,0.105359,9.49133,2.14133,1.74471e+08,3.736e+08,1000000000,0.467,467,0.8
6,0,12175928000000,117820,0.102945,9.71391,29.1971,4.69225e+06,1.37e+08,4000000000,0.03425,34.25,1
6,2,12175929000000,118820,0.103038,9.70514,8.77193,1.03968e+07,9.12e+07,1000000000,0.114,114,0.8
6,1,12175930000000,120820,0.106845,9.35936,3.003,1.996e+08,5.994e+08,2000000000,0.333,333,0.9
6,0,12175931000000,124820,0.104639,9.5567,26.3158,5.776e+06,1.52e+08,4000000000,0.038,38,1
6,2,12175932000000,125820,0.107558,9.29727,2.11864,1.78227e+08,3.776e+08,1000000000,0.472,472,0.8
6,0,12175933000000,129820,0.105261,9.50018,30.303,4.356e+06,1.32e+08,4000000000,0.033,33,1
6,2,12175934000000,130820,0.105328,9.49416,8.77193,1.03968e+07,9.12e+07,1000000000,0.114,114,0.8
6,1,12175935000000,132820,0.108756,9.19488,3.003,1.996e+08,5.994e+08,2000000000,0.333,333,0.9
6,0,12175936000000,136820,0.106688,9.37316,26.3158,5.776e+06,1.52e+08,4000000000,0.038,38,1
6,2,12175937000000,137820,0.109338,9.14593,2.11864,1.78227e+08,3.776e+08,1000000000,0.472,472,0.8
6,0,12175938000000,141820,0.107185,9.32965,30.303,4.356e+06,1.32e+08,4000000000,0.033,33,1
6,2,12175939000000,142820,0.107233,9.3255,8.77193,1.03968e+07,9.12e+07,1000000000,0.114,114,0.8
6,1,12175940000000,144820,0.110351,9.06201,3.003,1.996e+08,5.994e+08,2000000000,0.333,333,0.9
6,0,12175941000000,148820,0.108406,9.22457,26.3158,5.776e+06,1.52e+08,4000000000,0.038,38,1
6,2,12175942000000,149820,0.11082,9.02367,2.12766,1.7672e+08,3.76e+08,1000000000,0.47,470,0.8
6,0,12175943000000,153820,0.108809,9.19042,29.8507,4.489e+06,1.34e+08,4000000000,0.0335,33.5,1
6,2,12175944000000,154820,0.108843,9.18759,8.77193,1.03968e+07,9.12e+07,1000000000,0.114,114,0.8
6,1,12175945000000,156820,0.111701,8.95245,3.003,1.996e+08,5.994e+08,2000000000,0.333,333,0.9
6,0,12175946000000,160820,0.109868,9.10182,26.3158,5.776e+06,1.52e+08,4000000000,0.038,38,1
6,2,12175947000000,161820,0.112112,8.91963,2.11416,1.78983e+08,3.784e+08,1000000000,0.473,473,0.8
6,0,12175948000000,165820,0.110198,9.07459,30.5344,4.29025e+06,1.31e+08,4000000000,0.03275,32.75,1
6,2,12175949000000,166820,0.110221,9.07271,8.77193,1.03968e+07,9.12e+07,1000000000,0.114,114,0.8
6,1,12175950000000,168820,0.11286,8.86055,3.003,1.996e+08,5.994e+08,2000000000,0.333,333,0.9
6,0,12175951000000,172820,0.111127,8.9987,26.3158,5.776e+06,1.52e+08,4000000000,0.038,38,1
6,2,12175952000000,173820,0.113203,8.83366,2.11864,1.78227e+08,3.776e+08,1000000000,0.472,472,0.8
6,0,12175953000000,177820,0.113536,8.80777,7.8125,6.5536e+07,5.12e+08,4000000000,0.128,128,1
6,2,12175954000000,178820,0.113572,8.80496,8.33333,1.152e+07,9.6e+07,1000000000,0.12,120,0.8
6,2,12175955000000,179820,0.115516,8.65685,2.15983,1.71495e+08,3.704e+08,1000000000,0.463,463,0.8
6,1,12175956000000,181820,0.115086,8.68913,13.0719,1.0534e+07,1.377e+08,2000000000,0.0765,76.5,0.9
6,2,12175957000000,182820,0.115059,8.69123,9.09091,9.68e+06,8.8e+07,1000000000,0.11,110,0.8
6,1,12175958000000,184820,0.117309,8.52451,3.09598,1.87792e+08,5.814e+08,2000000000,0.323,323,0.9
6,1,12175959000000,186820,0.116738,8.56619,15.625,7.3728e+06,1.152e+08,2000000000,0.064,64,0.9
6,2,12175960000000,187820,0.117506,8.51019,3.83142,5.44968e+07,2.088e+08,1000000000,0.261,261,0.8
6,1,12175961000000,189820,0.118265,8.45561,5.27704,6.46384e+07,3.411e+08,2000000000,0.1895,189.5,0.9
6,0,12175962000000,193820,0.11667,8.57118,24.3902,6.724e+06,1.64e+08,4000000000,0.041,41,1
6,2,12175963000000,194820,0.118638,8.42902,2,2e+08,4e+08,1000000000,0.5,500,0.8
6,0,12175964000000,198820,0.116774,8.56355,38.4615,2.704e+06,1.04e+08,4000000000,0.026,26,1
6,2,12175965000000,199820,0.11701,8.54626,6.09756,2.15168e+07,1.312e+08,1000000000,0.164,164,0.8
6,1,12175966000000,201820,0.118844,8.41443,3.31126,1.64167e+08,5.436e+08,2000000000,0.302,302,0.9
6,0,12175967000000,205820,0.117214,8.5314,28.5714,4.9e+06,1.4e+08,4000000000,0.035,35,1
6,2,12175968000000,206820,0.117822,8.48736,4.11523,4.72392e+07,1.944e+08,1000000000,0.243,243,0.8
6,0,12175969000000,210820,0.117394,8.51832,10.4987,3.62902e+07,3.81e+08,4000000000,0.09525,95.25,1
6,2,12175970000000,211820,0.117425,8.51606,8.06452,1.23008e+07,9.92e+07,1000000000,0.124,124,0.8
6,1,12175971000000,213820,0.119339,8.37951,3.10559,1.86631e+08,5.796e+08,2000000000,0.322,322,0.9
6,0,12175972000000,217820,0.117863,8.4844,25.641,6.084e+06,1.56e+08,4000000000,0.039,39,1
6,2,12175973000000,218820,0.117869,8.48403,8.40336,1.13288e+07,9.52e+07,1000000000,0.119,119,0.8
6,0,12175974000000,222820,0.118037,8.47192,7.85855,6.47702e+07,5.09e+08,4000000000,0.12725,127.25,1
6,2,12175975000000,223820,0.118189,8.46104,6.57895,1.84832e+07,1.216e+08,1000000000,0.152,152,0.8
6,1,12175976000000,225820,0.119817,8.34608,3.31126,1.64167e+08,5.436e+08,2000000000,0.302,302,0.9
6,0,12175977000000,229820,0.11834,8.4502,28.5714,4.9e+06,1.4e+08,4000000000,0.035,35,1
6,2,12175978000000,230820,0.11788,8.48322,83.3333,115200,9.6e+06,1000000000,0.012,12,0.8
6,0,12175979000000,234820,0.118495,8.43917,6.49351,9.4864e+07,6.16e+08,4000000000,0.154,154,1
6,2,12175980000000,235820,0.118476,8.44053,8.77193,1.03968e+07,9.12e+07,1000000000,0.114,114,0.8
6,1,12175981000000,237820,0.12023,8.31742,3.0581,1.92472e+08,5.886e+08,2000000000,0.327,327,0.9
6,0,12175982000000,241820,0.118861,8.41318,26.6667,5.625e+06,1.5e+08,4000000000,0.0375,37.5,1
6,2,12175983000000,242820,0.118372,8.44797,0,0,0,1000000000,0,0,0.8
6,0,12175984000000,246820,0.11899,8.4041,6.38978,9.7969e+07,6.26e+08,4000000000,0.1565,156.5,1
6,2,12175985000000,247820,0.119139,8.39356,6.41026,1.94688e+07,1.248e+08,1000000000,0.156,156,0.8
6,1,12175986000000,249820,0.120635,8.28948,3.26797,1.68545e+08,5.508e+08,2000000000,0.306,306,0.9
6,0,12175987000000,253820,0.119348,8.37883,25.641,6.084e+06,1.56e+08,4000000000,0.039,39,1
6,2,12175988000000,254820,0.11888,8.41184,0,0,0,1000000000,0,0,0.8
6,0,12175989000000,258820,0.119407,8.3747,6.53595,9.3636e+07,6.12e+08,4000000000,0.153,153,1
6,2,12175990000000,259820,0.119548,8.36483,6.41026,1.94688e+07,1.248e+08,1000000000,0.156,156,0.8
6,1,12175991000000,261820,0.120957,8.26739,3.28947,1.66349e+08,5.472e+08,2000000000,0.304,304,0.9
6,0,12175992000000,265820,0.119494,8.36859,42.1053,2.25625e+06,9.5e+07,4000000000,0.02375,23.75,1
6,2,12175993000000,266820,0.11929,8.38292,15.3846,3.38e+06,5.2e+07,1000000000,0.065,65,0.8
6,0,12175994000000,270820,0.119744,8.35117,6.66667,9e+07,6e+08,4000000000,0.15,150,1
6,2,12175995000000,271820,0.119921,8.3388,5.95238,2.25792e+07,1.344e+08,1000000000,0.168,168,0.8
6,1,12175996000000,273820,0.121116,8.25654,3.52734,1.4467e+08,5.103e+08,2000000000,0.2835,283.5,0.9
6,0,12175997000000,277820,0.119505,8.36782,108.108,342250,3.7e+07,4000000000,0.00925,9.25,1
6,2,12175998000000,278820,0.119665,8.35666,6.09756,2.15168e+07,1.312e+08,1000000000,0.164,164,0.8
6,0,12175999000000,282820,0.120122,8.32485,6.57895,9.2416e+07,6.08e+08,4000000000,0.152,152,1
6,2,12176000000000,283820,0.120115,8.32536,8.47458,1.11392e+07,9.44e+07,1000000000,0.118,118,0.8
6,1,12176001000000,285820,0.120611,8.29113,5.2356,6.56658e+07,3.438e+08,2000000000,0.191,191,0.9
6,0,12176002000000,289820,0.121168,8.25298,6.21118,1.03684e+08,6.44e+08,4000000000,0.161,161,1
6,2,12176003000000,290820,0.120999,8.26451,13.8889,4.1472e+06,5.76e+07,1000000000,0.072,72,0.8
6,0,12176004000000,294820,0.121596,8.22394,6.06061,1.089e+08,6.6e+08,4000000000,0.165,165,1
6,2,12176005000000,295820,0.121544,8.22751,9.43396,8.9888e+06,8.48e+07,1000000000,0.106,106,0.8
6,1,12176006000000,297820,0.12243,8.16796,3.94477,1.15672e+08,4.563e+08,2000000000,0.2535,253.5,0.9
6,0,12176007000000,301820,0.121281,8.24532,27.972,5.11225e+06,1.43e+08,4000000000,0.03575,35.75,1
6,2,12176008000000,302820,0.12127,8.24606,8.47458,1.11392e+07,9.44e+07,1000000000,0.118,118,0.8
6,0,12176009000000,306820,0.121847,8.20703,6.0423,1.09561e+08,6.62e+08,4000000000,0.1655,165.5,1
6,1,12176010000000,308820,0.121466,8.23279,15.873,7.1442e+06,1.134e+08,2000000000,0.063,63,0.9
6,2,12176011000000,309820,0.122749,8.14673,1.92678,2.15489e+08,4.152e+08,1000000000,0.519,519,0.8
6,0,12176012000000,313820,0.121719,8.21561,23.8095,7.056e+06,1.68e+08,4000000000,0.042,42,1
6,2,12176013000000,314820,0.121593,8.22414,12.1951,5.3792e+06,6.56e+07,1000000000,0.082,82,0.8
6,1,12176014000000,316820,0.122868,8.13882,3.09119,1.88374e+08,5.823e+08,2000000000,0.3235,323.5,0.9
6,0,12176015000000,320820,0.121654,8.22004,39.2157,2.601e+06,1.02e+08,4000000000,0.0255,25.5,1
6,2,12176016000000,321820,0.122994,8.13046,1.80832,2.44647e+08,4.424e+08,1000000000,0.553,553,0.8
6,0,12176017000000,325820,0.122172,8.1852,17.8571,1.2544e+07,2.24e+08,4000000000,0.056,56,1
6,2,12176018000000,326820,0.121902,8.20331,29.4118,924800,2.72e+07,1000000000,0.034,34,0.8
6,1,12176019000000,328820,0.123007,8.12965,3.29489,1.65802e+08,5.463e+08,2000000000,0.3035,303.5,0.9
6,0,12176020000000,332820,0.121811,8.20947,42.5532,2.209e+06,9.4e+07,4000000000,0.0235,23.5,1
6,2,12176021000000,333820,0.123129,8.12155,1.77936,2.52675e+08,4.496e+08,1000000000,0.562,562,0.8
6,0,12176022000000,337820,0.122222,8.18184,21.5054,8.649e+06,1.86e+08,4000000000,0.0465,46.5,1
6,2,12176023000000,338820,0.12205,8.19336,15.625,3.2768e+06,5.12e+07,1000000000,0.064,64,0.8
6,2,12176024000000,339820,0.123533,8.095,1.59744,3.13501e+08,5.008e+08,1000000000,0.626,626,0.8
6,0,12176025000000,343820,0.122503,8.16306,28.5714,4.9e+06,1.4e+08,4000000000,0.035,35,1
6,2,12176026000000,344820,0.123073,8.12527,3.1348,8.14088e+07,2.552e+08,1000000000,0.319,319,0.8
6,0,12176027000000,348820,0.122547,8.1601,12.945,2.38702e+07,3.09e+08,4000000000,0.07725,77.25,1
6,1,12176028000000,350820,0.122208,8.18277,15.873,7.1442e+06,1.134e+08,2000000000,0.063,63,0.9
6,2,12176029000000,351820,0.123708,8.08354,1.53846,3.38e+08,5.2e+08,1000000000,0.65,650,0.8
6,0,12176030000000,355820,0.122688,8.15073,30.303,4.356e+06,1.32e+08,4000000000,0.033,33,1
6,2,12176031000000,356820,0.122964,8.13246,4.52489,3.90728e+07,1.768e+08,1000000000,0.221,221,0.8
6,0,12176032000000,360820,0.122751,8.14658,9.63855,4.30562e+07,4.15e+08,4000000000,0.10375,103.75,1
6,1,12176033000000,362820,0.122389,8.1707,17.5439,5.8482e+06,1.026e+08,2000000000,0.057,57,0.9
6,2,12176034000000,363820,0.123814,8.07663,1.56006,3.28705e+08,5.128e+08,1000000000,0.641,641,0.8
6,0,12176035000000,367820,0.122862,8.13923,27.5862,5.25625e+06,1.45e+08,4000000000,0.03625,36.25,1
6,2,12176036000000,368820,0.122984,8.13113,5.95238,2.25792e+07,1.344e+08,1000000000,0.168,168,0.8
6,1,12176037000000,370820,0.123572,8.09244,4.31034,9.68832e+07,4.176e+08,2000000000,0.232,232,0.9
6,1,12176038000000,372820,0.12329,8.11095,14.0845,9.0738e+06,1.278e+08,2000000000,0.071,71,0.9
6,1,12176039000000,374820,0.124292,8.04559,3.21543,1.74098e+08,5.598e+08,2000000000,0.311,311,0.9
6,0,12176040000000,378820,0.123349,8.10709,28.5714,4.9e+06,1.4e+08,4000000000,0.035,35,1
6,2,12176041000000,379820,0.123969,8.06652,2.78552,1.03105e+08,2.872e+08,1000000000,0.359,359,0.8
6,0,12176042000000,383820,0.123378,8.10516,14.8699,1.80902e+07,2.69e+08,4000000000,0.06725,67.25,1
6,2,12176043000000,384820,0.123349,8.10711,8.92857,1.00352e+07,8.96e+07,1000000000,0.112,112,0.8
6,1,12176044000000,386820,0.124448,8.03548,2.97619,2.03213e+08,6.048e+08,2000000000,0.336,336,0.9
6,0,12176045000000,390820,0.123384,8.10477,48.7805,1.681e+06,8.2e+07,4000000000,0.0205,20.5,1
6,2,12176046000000,391820,0.124202,8.05137,2.25225,1.57709e+08,3.552e+08,1000000000,0.444,444,0.8
6,0,12176047000000,395820,0.123569,8.09266,16.2602,1.5129e+07,2.46e+08,4000000000,0.0615,61.5,1
6,2,12176048000000,396820,0.123507,8.09671,10.101,7.8408e+06,7.92e+07,1000000000,0.099,99,0.8
6,1,12176049000000,398023,0.124819,8.01157,1.79285,5.59998e+08,1.00399e+09,2000000000,0.557772,335.5,0.9
6,0,12176050000000,398023,0.124819,8.01157,0,-nan,-nan,4000000000,-nan,0,1
6,2,12176051000000,398023,0.124819,8.01157,0,-nan,-nan,1000000000,-nan,0,0.8
6,0,12176052000000,398023,0.124819,8.01157,0,-nan,-nan,4000000000,-nan,0,1
6,2,12176053000000,398023,0.124819,8.01157,0,-nan,-nan,1000000000,-nan,0,0.8
6,2,12176054000000,398023,0.124819,8.01157,0,-nan,-nan,1000000000,-nan,0,0.8
6,0,12176055000000,398023,0.124819,8.01157,0,-nan,-nan,4000000000,-nan,0,1
6,2,12176056000000,398023,0.124819,8.01157,0,-nan,-nan,1000000000,-nan,0,0.8
6,0,12176057000000,398023,0.124819,8.01157,0,-nan,-nan,4000000000,-nan,0,1
7,2,10881501000000,1000,0.016,62.5,62.5,204800,1.28e+07,1000000000,0.016,16,0.8
7,2,12175902000000,54126,0.0918782,10.884,10.7174,6.96488e+06,7.46452e+07,1000000000,0.0933065,4957,0.8
7,0,12175903000000,58126,0.0855555,11.6883,0,0,0,4000000000,0,0,1
7,2,12175904000000,59126,0.0843115,11.8608,83.3333,115200,9.6e+06,1000000000,0.012,12,0.8
7,2,12175905000000,60126,0.0873832,11.4439,3.71747,5.78888e+07,2.152e+08,1000000000,0.269,269,0.8
7,0,12175906000000,64126,0.0854412,11.704,17.7778,1.26562e+07,2.25e+08,4000000000,0.05625,56.25,1
7,2,12175907000000,65126,0.0850198,11.762,17.2414,2.6912e+06,4.64e+07,1000000000,0.058,58,0.8
7,0,12175908000000,69126,0.0880277,11.3601,7.29927,7.5076e+07,5.48e+08,4000000000,0.137,137,1
7,2,12175909000000,70126,0.0884551,11.3052,8.47458,1.11392e+07,9.44e+07,1000000000,0.118,118,0.8
7,1,12175910000000,72126,0.0951252,10.5125,3.03951,1.94834e+08,5.922e+08,2000000000,0.329,329,0.9
7,0,12175911000000,76126,0.091966,10.8736,28.5714,4.9e+06,1.4e+08,4000000000,0.035,35,1
7,2,12175912000000,77126,0.0946633,10.5638,3.33333,7.2e+07,2.4e+08,1000000000,0.3,300,0.8
7,0,12175913000000,81126,0.0938417,10.6562,12.8205,2.4336e+07,3.12e+08,4000000000,0.078,78,1
7,2,12175914000000,82126,0.0941358,10.6229,8.47458,1.11392e+07,9.44e+07,1000000000,0.118,118,0.8
7,1,12175915000000,84126,0.0998146,10.0186,3.003,1.996e+08,5.994e+08,2000000000,0.333,333,0.9
7,0,12175916000000,88126,0.0970088,10.3083,26.3158,5.776e+06,1.52e+08,4000000000,0.038,38,1
7,2,12175917000000,89126,0.100509,9.94932,2.44499,1.33825e+08,3.272e+08,1000000000,0.409,409,0.8
7,0,12175918000000,93126,0.0982862,10.1744,20.5128,9.50625e+06,1.95e+08,4000000000,0.04875,48.75,1
7,2,12175919000000,94126,0.0984531,10.1571,8.77193,1.03968e+07,9.12e+07,1000000000,0.114,114,0.8
7,1,12175920000000,96126,0.103333,9.67744,3.003,1.996e+08,5.994e+08,2000000000,0.333,333,0.9
7,0,12175921000000,100126,0.100723,9.92821,26.3158,5.776e+06,1.52e+08,4000000000,0.038,38,1
7,2,12175922000000,101126,0.104207,9.59632,2.20751,1.64167e+08,3.624e+08,1000000000,0.453,453,0.8
7,0,12175923000000,105126,0.101678,9.83497,26.4901,5.70025e+06,1.51e+08,4000000000,0.03775,37.75,1
7,2,12175924000000,106126,0.101794,9.82375,8.77193,1.03968e+07,9.12e+07,1000000000,0.114,114,0.8
7,1,12175925000000,108126,0.106071,9.42767,3.003,1.996e+08,5.994e+08,2000000000,0.333,333,0.9
7,0,12175926000000,112126,0.103642,9.64857,26.3158,5.776e+06,1.52e+08,4000000000,0.038,38,1
7,2,12175927000000,113126,0.106854,9.35854,2.14133,1.74471e+08,3.736e+08,1000000000,0.467,467,0.8
7,0,12175928000000,117126,0.104375,9.58086,29.1971,4.69225e+06,1.37e+08,4000000000,0.03425,34.25,1
7,2,12175929000000,118126,0.104456,9.57339,8.77193,1.03968e+07,9.12e+07,1000000000,0.114,114,0.8
7,1,12175930000000,120126,0.108261,9.23691,3.003,1.996e+08,5.994e+08,2000000000,0.333,333,0.9
7,0,12175931000000,124126,0.105997,9.43422,26.3158,5.776e+06,1.52e+08,4000000000,0.038,38,1
7,2,12175932000000,125126,0.108922,9.18086,2.11864,1.78227e+08,3.776e+08,1000000000,0.472,472,0.8
7,0,12175933000000,129126,0.10657,9.38348,30.303,4.356e+06,1.32e+08,4000000000,0.033,33,1
7,2,12175934000000,130126,0.106627,9.37845,8.77193,1.03968e+07,9.12e+07,1000000000,0.114,114,0.8
7,1,12175935000000,132126,0.110054,9.08645,3.003,1.996e+08,5.994e+08,2000000000,0.333,333,0.9
7,0,12175936000000,136126,0.107937,9.26468,26.3158,5.776e+06,1.52e+08,4000000000,0.038,38,1
7,2,12175937000000,137126,0.110592,9.04227,2.11864,1.78227e+08,3.776e+08,1000000000,0.472,472,0.8
7,0,12175938000000,141126,0.108393,9.22573,30.303,4.356e+06,1.32e+08,4000000000,0.033,33,1
7,2,12175939000000,142126,0.108432,9.22237,8.77193,1.03968e+07,9.12e+07,1000000000,0.114,114,0.8
7,1,12175940000000,144126,0.111548,8.96473,3.003,1.996e+08,5.994e+08,2000000000,0.333,333,0.9
7,0,12175941000000,148126,0.109562,9.12724,26.3158,5.776e+06,1.52e+08,4000000000,0.038,38,1
7,2,12175942000000,149126,0.111979,8.93024,2.12766,1.7672e+08,3.76e+08,1000000000,0.47,470,0.8
7,0,12175943000000,153126,0.109929,9.09677,29.8507,4.489e+06,1.34e+08,4000000000,0.0335,33.5,1
7,2,12175944000000,154126,0.109955,9.09459,8.77193,1.03968e+07,9.12e+07,1000000000,0.114,114,0.8
7,1,12175945000000,156126,0.112813,8.86425,3.003,1.996e+08,5.994e+08,2000000000,0.333,333,0.9
7,0,12175946000000,160126,0.110944,9.01357,26.3158,5.776e+06,1.52e+08,4000000000,0.038,38,1
7,2,12175947000000,161126,0.113191,8.83463,2.11416,1.78983e+08,3.784e+08,1000000000,0.473,473,0.8
7,0,12175948000000,165126,0.111242,8.98938,30.5344,4.29025e+06,1.31e+08,4000000000,0.03275,32.75,1
7,2,12175949000000,166126,0.111259,8.98804,8.77193,1.03968e+07,9.12e+07,1000000000,0.114,114,0.8
7,1,12175950000000,168126,0.113897,8.77988,3.003,1.996e+08,5.994e+08,2000000000,0.333,333,0.9
7,0,12175951000000,172126,0.112133,8.91798,26.3158,5.776e+06,1.52e+08,4000000000,0.038,38,1
7,2,12175952000000,173126,0.114212,8.75568,2.11864,1.78227e+08,3.776e+08,1000000000,0.472,472,0.8
7,0,12175953000000,177126,0.114523,8.73187,7.8125,6.5536e+07,5.12e+08,4000000000,0.128,128,1
7,2,12175954000000,178126,0.114554,8.72953,8.33333,1.152e+07,9.6e+07,1000000000,0.12,120,0.8
7,2,12175955000000,179126,0.116499,8.58376,2.15983,1.71495e+08,3.704e+08,1000000000,0.463,463,0.8
7,1,12175956000000,181126,0.116057,8.61643,13.0719,1.0534e+07,1.377e+08,2000000000,0.0765,76.5,0.9
7,2,12175957000000,182126,0.116024,8.6189,9.09091,9.68e+06,8.8e+07,1000000000,0.11,110,0.8
7,1,12175958000000,184126,0.118272,8.45507,3.09598,1.87792e+08,5.814e+08,2000000000,0.323,323,0.9
7,1,12175959000000,186126,0.117689,8.49696,15.625,7.3728e+06,1.152e+08,2000000000,0.064,64,0.9
7,2,12175960000000,187126,0.118455,8.44203,3.83142,5.44968e+07,2.088e+08,1000000000,0.261,261,0.8
7,1,12175961000000,189126,0.119206,8.38882,5.27704,6.46384e+07,3.411e+08,2000000000,0.1895,189.5,0.9
7,0,12175962000000,193126,0.117586,8.50438,24.3902,6.724e+06,1.64e+08,4000000000,0.041,41,1
7,2,12175963000000,194126,0.119556,8.36426,2,2e+08,4e+08,1000000000,0.5,500,0.8
7,0,12175964000000,198126,0.117668,8.49852,38.4615,2.704e+06,1.04e+08,4000000000,0.026,26,1
7,2,12175965000000,199126,0.1179,8.48175,6.09756,2.15168e+07,1.312e+08,1000000000,0.164,164,0.8
7,1,12175966000000,201126,0.119731,8.35206,3.31126,1.64167e+08,5.436e+08,2000000000,0.302,302,0.9
7,0,12175967000000,205126,0.118079,8.46893,28.5714,4.9e+06,1.4e+08,4000000000,0.035,35,1
7,2,12175968000000,206126,0.118685,8.42569,4.11523,4.72392e+07,1.944e+08,1000000000,0.243,243,0.8
7,0,12175969000000,210126,0.118239,8.45748,10.4987,3.62902e+07,3.81e+08,4000000000,0.09525,95.25,1
7,2,12175970000000,211126,0.118266,8.45552,8.06452,1.23008e+07,9.92e+07,1000000000,0.124,124,0.8
7,1,12175971000000,213126,0.120178,8.32101,3.10559,1.86631e+08,5.796e+08,2000000000,0.322,322,0.9
7,0,12175972000000,217126,0.118682,8.42586,25.641,6.084e+06,1.56e+08,4000000000,0.039,39,1
7,2,12175973000000,218126,0.118684,8.42576,8.40336,1.13288e+07,9.52e+07,1000000000,0.119,119,0.8
7,0,12175974000000,222126,0.118838,8.41482,7.85855,6.47702e+07,5.09e+08,4000000000,0.12725,127.25,1
7,2,12175975000000,223126,0.118987,8.40431,6.57895,1.84832e+07,1.216e+08,1000000000,0.152,152,0.8
7,1,12175976000000,225126,0.120612,8.29102,3.31126,1.64167e+08,5.436e+08,2000000000,0.302,302,0.9
7,0,12175977000000,229126,0.119118,8.39505,28.5714,4.9e+06,1.4e+08,4000000000,0.035,35,1
7,2,12175978000000,230126,0.118652,8.42798,83.3333,115200,9.6e+06,1000000000,0.012,12,0.8
7,0,12175979000000,234126,0.119256,8.3853,6.49351,9.4864e+07,6.16e+08,4000000000,0.154,154,1
7,2,12175980000000,235126,0.119234,8.38687,8.77193,1.03968e+07,9.12e+07,1000000000,0.114,114,0.8
7,1,12175981000000,237126,0.120986,8.2654,3.0581,1.92472e+08,5.886e+08,2000000000,0.327,327,0.9
7,0,12175982000000,241126,0.119601,8.36111,26.6667,5.625e+06,1.5e+08,4000000000,0.0375,37.5,1
7,2,12175983000000,242126,0.119107,8.39578,0,0,0,1000000000,0,0,0.8
7,0,12175984000000,246126,0.119715,8.35316,6.38978,9.7969e+07,6.26e+08,4000000000,0.1565,156.5,1
7,2,12175985000000,247126,0.119862,8.34293,6.41026,1.94688e+07,1.248e+08,1000000000,0.156,156,0.8
7,1,12175986000000,249126,0.121356,8.2402,3.26797,1.68545e+08,5.508e+08,2000000000,0.306,306,0.9
7,0,12175987000000,253126,0.120055,8.32953,25.641,6.084e+06,1.56e+08,4000000000,0.039,39,1
7,2,12175988000000,254126,0.119582,8.36243,0,0,0,1000000000,0,0,0.8
7,0,12175989000000,258126,0.1201,8.32638,6.53595,9.3636e+07,6.12e+08,4000000000,0.153,153,1
7,2,12175990000000,259126,0.120239,8.31678,6.41026,1.94688e+07,1.248e+08,1000000000,0.156,156,0.8
7,1,12175991000000,261126,0.121646,8.22056,3.28947,1.66349e+08,5.472e+08,2000000000,0.304,304,0.9
7,0,12175992000000,265126,0.120169,8.32159,42.1053,2.25625e+06,9.5e+07,4000000000,0.02375,23.75,1
7,2,12175993000000,266126,0.119962,8.33597,15.3846,3.38e+06,5.2e+07,1000000000,0.065,65,0.8
7,0,12175994000000,270126,0.120407,8.30518,6.66667,9e+07,6e+08,4000000000,0.15,150,1
7,2,12175995000000,271126,0.120582,8.29309,5.95238,2.25792e+07,1.344e+08,1000000000,0.168,168,0.8
7,1,12175996000000,273126,0.121775,8.21185,3.52734,1.4467e+08,5.103e+08,2000000000,0.2835,283.5,0.9
7,0,12175997000000,277126,0.120151,8.32285,108.108,342250,3.7e+07,4000000000,0.00925,9.25,1
7,2,12175998000000,278126,0.120309,8.31195,6.09756,2.15168e+07,1.312e+08,1000000000,0.164,164,0.8
7,0,12175999000000,282126,0.120758,8.28102,6.57895,9.2416e+07,6.08e+08,4000000000,0.152,152,1
7,2,12176000000000,283126,0.120748,8.28169,8.47458,1.11392e+07,9.44e+07,1000000000,0.118,118,0.8
7,1,12176001000000,285126,0.121241,8.24803,5.2356,6.56658e+07,3.438e+08,2000000000,0.191,191,0.9
7,0,12176002000000,289126,0.121791,8.21077,6.21118,1.03684e+08,6.44e+08,4000000000,0.161,161,1
7,2,12176003000000,290126,0.12162,8.22236,13.8889,4.1472e+06,5.76e+07,1000000000,0.072,72,0.8
7,0,12176004000000,294126,0.12221,8.18267,6.06061,1.089e+08,6.6e+08,4000000000,0.165,165,1
7,2,12176005000000,295126,0.122155,8.18635,9.43396,8.9888e+06,8.48e+07,1000000000,0.106,106,0.8
7,1,12176006000000,297126,0.123039,8.12752,3.94477,1.15672e+08,4.563e+08,2000000000,0.2535,253.5,0.9
7,0,12176007000000,301126,0.121879,8.20484,27.972,5.11225e+06,1.43e+08,4000000000,0.03575,35.75,1
7,2,12176008000000,302126,0.121866,8.20571,8.47458,1.11392e+07,9.44e+07,1000000000,0.118,118,0.8
7,0,12176009000000,306126,0.122437,8.1675,6.0423,1.09561e+08,6.62e+08,4000000000,0.1655,165.5,1
7,1,12176010000000,308126,0.122051,8.19332,15.873,7.1442e+06,1.134e+08,2000000000,0.063,63,0.9
7,2,12176011000000,309126,0.123335,8.10801,1.92678,2.15489e+08,4.152e+08,1000000000,0.519,519,0.8
7,0,12176012000000,313126,0.122296,8.17689,23.8095,7.056e+06,1.68e+08,4000000000,0.042,42,1
7,2,12176013000000,314126,0.122168,8.18548,12.1951,5.3792e+06,6.56e+07,1000000000,0.082,82,0.8
7,1,12176014000000,316126,0.123441,8.10102,3.09119,1.88374e+08,5.823e+08,2000000000,0.3235,323.5,0.9
7,0,12176015000000,320126,0.122218,8.18213,39.2157,2.601e+06,1.02e+08,4000000000,0.0255,25.5,1
7,2,12176016000000,321126,0.123559,8.0933,1.80832,2.44647e+08,4.424e+08,1000000000,0.553,553,0.8
7,0,12176017000000,325126,0.122728,8.14811,17.8571,1.2544e+07,2.24e+08,4000000000,0.056,56,1
7,2,12176018000000,326126,0.122456,8.16622,29.4118,924800,2.72e+07,1000000000,0.034,34,0.8
7,1,12176019000000,328126,0.123559,8.09328,3.29489,1.65802e+08,5.463e+08,2000000000,0.3035,303.5,0.9
7,0,12176020000000,332126,0.122354,8.173,42.5532,2.209e+06,9.4e+07,4000000000,0.0235,23.5,1
7,2,12176021000000,333126,0.123674,8.08578,1.77936,2.52675e+08,4.496e+08,1000000000,0.562,562,0.8
7,0,12176022000000,337126,0.122758,8.14609,21.5054,8.649e+06,1.86e+08,4000000000,0.0465,46.5,1
7,2,12176023000000,338126,0.122584,8.15764,15.625,3.2768e+06,5.12e+07,1000000000,0.064,64,0.8
7,2,12176024000000,339126,0.124069,8.06004,1.59744,3.13501e+08,5.008e+08,1000000000,0.626,626,0.8
7,0,12176025000000,343126,0.123031,8.12806,28.5714,4.9e+06,1.4e+08,4000000000,0.035,35,1
7,2,12176026000000,344126,0.1236,8.09061,3.1348,8.14088e+07,2.552e+08,1000000000,0.319,319,0.8
7,0,12176027000000,348126,0.123068,8.12562,12.945,2.38702e+07,3.09e+08,4000000000,0.07725,77.25,1
7,1,12176028000000,350126,0.122724,8.14834,15.873,7.1442e+06,1.134e+08,2000000000,0.063,63,0.9
7,2,12176029000000,351126,0.124226,8.04984,1.53846,3.38e+08,5.2e+08,1000000000,0.65,650,0.8
7,0,12176030000000,355126,0.123199,8.11698,30.303,4.356e+06,1.32e+08,4000000000,0.033,33,1
7,2,12176031000000,356126,0.123473,8.09893,4.52489,3.90728e+07,1.768e+08,1000000000,0.221,221,0.8
7,0,12176032000000,360126,0.123254,8.11332,9.63855,4.30562e+07,4.15e+08,4000000000,0.10375,103.75,1
7,1,12176033000000,362126,0.122888,8.13748,17.5439,5.8482e+06,1.026e+08,2000000000,0.057,57,0.9
7,2,12176034000000,363126,0.124315,8.04408,1.56006,3.28705e+08,5.128e+08,1000000000,0.641,641,0.8
7,0,12176035000000,367126,0.123355,8.10665,27.5862,5.25625e+06,1.45e+08,4000000000,0.03625,36.25,1
7,2,12176036000000,368126,0.123477,8.09869,5.95238,2.25792e+07,1.344e+08,1000000000,0.168,168,0.8
7,1,12176037000000,370126,0.124063,8.06041,4.31034,9.68832e+07,4.176e+08,2000000000,0.232,232,0.9
7,1,12176038000000,372126,0.123778,8.07898,14.0845,9.0738e+06,1.278e+08,2000000000,0.071,71,0.9
7,1,12176039000000,374126,0.124779,8.01418,3.21543,1.74098e+08,5.598e+08,2000000000,0.311,311,0.9
7,0,12176040000000,378126,0.123829,8.07565,28.5714,4.9e+06,1.4e+08,4000000000,0.035,35,1
7,2,12176041000000,379126,0.124449,8.03539,2.78552,1.03105e+08,2.872e+08,1000000000,0.359,359,0.8
7,0,12176042000000,383126,0.123852,8.07414,14.8699,1.80902e+07,2.69e+08,4000000000,0.06725,67.25,1
7,2,12176043000000,384126,0.123821,8.07615,8.92857,1.00352e+07,8.96e+07,1000000000,0.112,112,0.8
7,1,12176044000000,386126,0.12492,8.0051,2.97619,2.03213e+08,6.048e+08,2000000000,0.336,336,0.9
7,0,12176045000000,390126,0.12385,8.0743,48.7805,1.681e+06,8.2e+07,4000000000,0.0205,20.5,1
7,2,12176046000000,391126,0.124668,8.02129,2.25225,1.57709e+08,3.552e+08,1000000000,0.444,444,0.8
7,0,12176047000000,395126,0.124029,8.06264,16.2602,1.5129e+07,2.46e+08,4000000000,0.0615,61.5,1
7,2,12176048000000,396126,0.123966,8.06675,10.101,7.8408e+06,7.92e+07,1000000000,0.099,99,0.8
7,1,12176049000000,397329,0.125279,7.98218,1.79285,5.59998e+08,1.00399e+09,2000000000,0.557772,335.5,0.9
7,0,12176050000000,397329,0.125279,7.98218,0,-nan,-nan,4000000000,-nan,0,1
7,2,12176051000000,397329,0.125279,7.98218,0,-nan,-nan,1000000000,-nan,0,0.8
7,0,12176052000000,397329,0.125279,7.98218,0,-nan,-nan,4000000000,-nan,0,1
7,2,12176053000000,397329,0.125279,7.98218,0,-nan,-nan,1000000000,-nan,0,0.8
7,2,12176054000000,397329,0.125279,7.98218,0,-nan,-nan,1000000000,-nan,0,0.8
7,0,12176055000000,397329,0.125279,7.98218,0,-nan,-nan,4000000000,-nan,0,1
7,2,12176056000000,397329,0.125279,7.98218,0,-nan,-nan,1000000000,-nan,0,0.8
7,0,12176057000000,397329,0.125279,7.98218,0,-nan,-nan,4000000000,-nan,0,1
8,2,10881501000000,811,0.00246609,405.5,405.5,4865.28,1.97287e+06,1000000000,0.00246609,2,0.8
8,2,12175902000000,53629,0.0906599,11.0302,10.8679,6.77327e+06,7.36113e+07,1000000000,0.0920141,4860,0.8
8,0,12175903000000,57629,0.0843672,11.8529,0,0,0,4000000000,0,0,1
8,2,12175904000000,58629,0.0831329,12.0289,83.3333,115200,9.6e+06,1000000000,0.012,12,0.8
8,2,12175905000000,59629,0.0867866,11.5225,3.32226,7.24808e+07,2.408e+08,1000000000,0.301,301,0.8
8,0,12175906000000,63629,0.084364,11.8534,20.7254,9.31225e+06,1.93e+08,4000000000,0.04825,48.25,1
8,2,12175907000000,64629,0.0853023,11.723,6.89655,1.682e+07,1.16e+08,1000000000,0.145,145,0.8
8,0,12175908000000,68629,0.0869895,11.4956,8.75274,5.22122e+07,4.57e+08,4000000000,0.11425,114.25,1
8,2,12175909000000,69629,0.0873774,11.4446,8.77193,1.03968e+07,9.12e+07,1000000000,0.114,114,0.8
8,1,12175910000000,71629,0.0940122,10.6369,3.07692,1.90125e+08,5.85e+08,2000000000,0.325,325,0.9
8,0,12175911000000,75629,0.090944,10.9958,27.7778,5.184e+06,1.44e+08,4000000000,0.036,36,1
8,2,12175912000000,76629,0.0945204,10.5797,2.73973,1.0658e+08,2.92e+08,1000000000,0.365,365,0.8
8,0,12175913000000,80629,0.0931427,10.7362,14.9813,1.78223e+07,2.67e+08,4000000000,0.06675,66.75,1
8,2,12175914000000,81629,0.0933492,10.7125,9.09091,9.68e+06,8.8e+07,1000000000,0.11,110,0.8
8,1,12175915000000,83629,0.0988891,10.1123,3.07692,1.90125e+08,5.85e+08,2000000000,0.325,325,0.9
8,0,12175916000000,87629,0.0961326,10.4023,25.974,5.929e+06,1.54e+08,4000000000,0.0385,38.5,1
8,2,12175917000000,88629,0.100125,9.98749,2.22222,1.62e+08,3.6e+08,1000000000,0.45,450,0.8
8,0,12175918000000,92629,0.097572,10.2488,24.3902,6.724e+06,1.64e+08,4000000000,0.041,41,1
8,2,12175919000000,93629,0.0977902,10.226,8.47458,1.11392e+07,9.44e+07,1000000000,0.118,118,0.8
8,1,12175920000000,95629,0.102542,9.75209,3.07692,1.90125e+08,5.85e+08,2000000000,0.325,325,0.9
8,0,12175921000000,99629,0.0998705,10.013,27.7778,5.184e+06,1.44e+08,4000000000,0.036,36,1
8,2,12175922000000,100629,0.103489,9.66286,2.15517,1.72237e+08,3.712e+08,1000000000,0.464,464,0.8
8,0,12175923000000,104629,0.101138,9.88745,23.8095,7.056e+06,1.68e+08,4000000000,0.042,42,1
8,2,12175924000000,105629,0.101298,9.87187,8.47458,1.11392e+07,9.44e+07,1000000000,0.118,118,0.8
8,1,12175925000000,107629,0.105529,9.47605,3.03951,1.94834e+08,5.922e+08,2000000000,0.329,329,0.9
8,0,12175926000000,111629,0.103002,9.70856,28.5714,4.9e+06,1.4e+08,4000000000,0.035,35,1
8,2,12175927000000,112629,0.10618,9.41793,2.1692,1.70017e+08,3.688e+08,1000000000,0.461,461,0.8
8,0,12175928000000,116629,0.103868,9.62762,25.8065,6.00625e+06,1.55e+08,4000000000,0.03875,38.75,1
8,2,12175929000000,117629,0.103954,9.61964,8.77193,1.03968e+07,9.12e+07,1000000000,0.114,114,0.8
8,1,12175930000000,119629,0.107783,9.27788,3.003,1.996e+08,5.994e+08,2000000000,0.333,333,0.9
8,0,12175931000000,123629,0.105525,9.47639,26.3158,5.776e+06,1.52e+08,4000000000,0.038,38,1
8,2,12175932000000,124629,0.108426,9.2229,2.14133,1.74471e+08,3.736e+08,1000000000,0.467,467,0.8
8,0,12175933000000,128629,0.106119,9.42337,29.1971,4.69225e+06,1.37e+08,4000000000,0.03425,34.25,1
8,2,12175934000000,129629,0.10618,9.41797,8.77193,1.03968e+07,9.12e+07,1000000000,0.114,114,0.8
8,1,12175935000000,131629,0.109626,9.1219,3.003,1.996e+08,5.994e+08,2000000000,0.333,333,0.9
8,0,12175936000000,135629,0.107514,9.30112,26.3158,5.776e+06,1.52e+08,4000000000,0.038,38,1
8,2,12175937000000,136629,0.110182,9.07593,2.11864,1.78227e+08,3.776e+08,1000000000,0.472,472,0.8
8,0,12175938000000,140629,0.107986,9.26044,30.303,4.356e+06,1.32e+08,4000000000,0.033,33,1
8,2,12175939000000,141629,0.108029,9.2568,8.77193,1.03968e+07,9.12e+07,1000000000,0.114,114,0.8
8,1,12175940000000,143629,0.111161,8.99593,3.003,1.996e+08,5.994e+08,2000000000,0.333,333,0.9
8,0,12175941000000,147629,0.109179,9.15926,26.3158,5.776e+06,1.52e+08,4000000000,0.038,38,1
8,2,12175942000000,148629,0.11162,8.95895,2.11864,1.78227e+08,3.776e+08,1000000000,0.472,472,0.8
8,0,12175943000000,152629,0.10956,9.12744,30.303,4.356e+06,1.32e+08,4000000000,0.033,33,1
8,2,12175944000000,153629,0.109589,9.12503,8.77193,1.03968e+07,9.12e+07,1000000000,0.114,114,0.8
8,1,12175945000000,155629,0.11246,8.89207,3.003,1.996e+08,5.994e+08,2000000000,0.333,333,0.9
8,0,12175946000000,159629,0.110594,9.04209,26.3158,5.776e+06,1.52e+08,4000000000,0.038,38,1
8,2,12175947000000,160629,0.112831,8.86278,2.12766,1.7672e+08,3.76e+08,1000000000,0.47,470,0.8
8,0,12175948000000,164629,0.110904,9.01681,29.8507,4.489e+06,1.34e+08,4000000000,0.0335,33.5,1
8,2,12175949000000,165629,0.110923,9.0153,8.77193,1.03968e+07,9.12e+07,1000000000,0.114,114,0.8
8,1,12175950000000,167629,0.113572,8.80497,3.003,1.996e+08,5.994e+08,2000000000,0.333,333,0.9
8,0,12175951000000,171629,0.111811,8.94367,26.3158,5.776e+06,1.52e+08,4000000000,0.038,38,1
8,2,12175952000000,172629,0.113903,8.77938,2.11416,1.78983e+08,3.784e+08,1000000000,0.473,473,0.8
8,0,12175953000000,176629,0.114217,8.75528,7.82779,6.52802e+07,5.11e+08,4000000000,0.12775,127.75,1
8,2,12175954000000,177629,0.114249,8.75278,8.33333,1.152e+07,9.6e+07,1000000000,0.12,120,0.8
8,2,12175955000000,178629,0.116213,8.60489,2.15054,1.7298e+08,3.72e+08,1000000000,0.465,465,0.8
8,1,12175956000000,180629,0.115762,8.6384,13.245,1.02604e+07,1.359e+08,2000000000,0.0755,75.5,0.9
8,2,12175957000000,181629,0.115758,8.63872,8.69565,1.058e+07,9.2e+07,1000000000,0.115,115,0.8
8,1,12175958000000,183629,0.118031,8.47232,3.08166,1.8954e+08,5.841e+08,2000000000,0.3245,324.5,0.9
8,1,12175959000000,185629,0.117212,8.53153,23.8095,3.1752e+06,7.56e+07,2000000000,0.042,42,0.9
8,2,12175960000000,186629,0.117784,8.49008,4.46429,4.01408e+07,1.792e+08,1000000000,0.224,224,0.8
8,1,12175961000000,188629,0.119017,8.40218,4.2735,9.85608e+07,4.212e+08,2000000000,0.234,234,0.9
8,0,12175962000000,192629,0.117241,8.52945,29.8507,4.489e+06,1.34e+08,4000000000,0.0335,33.5,1
8,2,12175963000000,193629,0.119042,8.40039,2.14592,1.73725e+08,3.728e+08,1000000000,0.466,466,0.8
8,0,12175964000000,197629,0.117422,8.51629,25.641,6.084e+06,1.56e+08,4000000000,0.039,39,1
8,2,12175965000000,198629,0.117626,8.5015,6.32911,1.99712e+07,1.264e+08,1000000000,0.158,158,0.8
8,1,12175966000000,200629,0.119514,8.36721,3.25733,1.69648e+08,5.526e+08,2000000000,0.307,307,0.9
8,0,12175967000000,204629,0.117588,8.50424,47.619,1.764e+06,8.4e+07,4000000000,0.021,21,1
8,2,12175968000000,205629,0.118223,8.45862,4.03226,4.92032e+07,1.984e+08,1000000000,0.248,248,0.8
8,0,12175969000000,209629,0.118066,8.46986,9.09091,4.84e+07,4.4e+08,4000000000,0.11,110,1
8,2,12175970000000,210629,0.118227,8.45832,6.57895,1.84832e+07,1.216e+08,1000000000,0.152,152,0.8
8,1,12175971000000,212629,0.119955,8.33643,3.31126,1.64167e+08,5.436e+08,2000000000,0.302,302,0.9
8,0,12175972000000,216629,0.118165,8.46273,43.4783,2.116e+06,9.2e+07,4000000000,0.023,23,1
8,2,12175973000000,217629,0.118339,8.4503,6.41026,1.94688e+07,1.248e+08,1000000000,0.156,156,0.8
8,0,12175974000000,221629,0.118568,8.43401,7.63359,6.8644e+07,5.24e+08,4000000000,0.131,131,1
8,2,12175975000000,222629,0.118596,8.43196,8,1.25e+07,1e+08,1000000000,0.125,125,0.8
8,1,12175976000000,224629,0.120439,8.30299,3.0722,1.9071e+08,5.859e+08,2000000000,0.3255,325.5,0.9
8,0,12175977000000,228629,0.118891,8.41104,31.25,4.096e+06,1.28e+08,4000000000,0.032,32,1
8,2,12175978000000,229629,0.118426,8.44411,83.3333,115200,9.6e+06,1000000000,0.012,12,0.8
8,0,12175979000000,233629,0.119103,8.39607,6.32911,9.9856e+07,6.32e+08,4000000000,0.158,158,1
8,2,12175980000000,234629,0.119013,8.40241,10.2041,7.6832e+06,7.84e+07,1000000000,0.098,98,0.8
8,1,12175981000000,236629,0.120754,8.28127,3.07692,1.90125e+08,5.85e+08,2000000000,0.325,325,0.9
8,0,12175982000000,240629,0.119387,8.37611,25.974,5.929e+06,1.54e+08,4000000000,0.0385,38.5,1
8,2,12175983000000,241629,0.118893,8.41092,0,0,0,1000000000,0,0,0.8
8,0,12175984000000,245629,0.119505,8.36782,6.38978,9.7969e+07,6.26e+08,4000000000,0.1565,156.5,1
8,2,12175985000000,246629,0.119653,8.35747,6.41026,1.94688e+07,1.248e+08,1000000000,0.156,156,0.8
8,1,12175986000000,248629,0.12112,8.25626,3.31126,1.64167e+08,5.436e+08,2000000000,0.302,302,0.9
8,0,12175987000000,252629,0.119741,8.35137,29.4118,4.624e+06,1.36e+08,4000000000,0.034,34,1
8,2,12175988000000,253629,0.119284,8.38332,250,12800,3.2e+06,1000000000,0.004,4,0.8
8,0,12175989000000,257629,0.119886,8.34129,6.32911,9.9856e+07,6.32e+08,4000000000,0.158,158,1
8,2,12175990000000,258629,0.119878,8.34179,8.47458,1.11392e+07,9.44e+07,1000000000,0.118,118,0.8
8,1,12175991000000,260629,0.121437,8.23472,3.09598,1.87792e+08,5.814e+08,2000000000,0.323,323,0.9
8,0,12175992000000,264629,0.119719,8.35292,129.032,240250,3.1e+07,4000000000,0.00775,7.75,1
8,2,12175993000000,265629,0.119644,8.35811,10,8e+06,8e+07,1000000000,0.1,100,0.8
8,0,12175994000000,269629,0.120291,8.31316,6.12557,1.06602e+08,6.53e+08,4000000000,0.16325,163.25,1
8,2,12175995000000,270629,0.120209,8.31886,10.2041,7.6832e+06,7.84e+07,1000000000,0.098,98,0.8
8,1,12175996000000,272629,0.121377,8.23877,3.57782,1.40616e+08,5.031e+08,2000000000,0.2795,279.5,0.9
8,0,12175997000000,276629,0.120024,8.3317,36.036,3.08025e+06,1.11e+08,4000000000,0.02775,27.75,1
8,2,12175998000000,277629,0.120002,8.3332,8.77193,1.03968e+07,9.12e+07,1000000000,0.114,114,0.8
8,0,12175999000000,281629,0.120563,8.29443,6.26959,1.01761e+08,6.38e+08,4000000000,0.1595,159.5,1
8,2,12176000000000,282629,0.12054,8.29603,8.77193,1.03968e+07,9.12e+07,1000000000,0.114,114,0.8
8,1,12176001000000,284629,0.120599,8.29194,7.75194,2.99538e+07,2.322e+08,2000000000,0.129,129,0.9
8,0,12176002000000,288629,0.121616,8.22258,5.15464,1.50544e+08,7.76e+08,4000000000,0.194,194,1
8,2,12176003000000,289629,0.121442,8.23441,14.0845,4.0328e+06,5.68e+07,1000000000,0.071,71,0.8
8,0,12176004000000,293629,0.122038,8.19415,6.05144,1.0923e+08,6.61e+08,4000000000,0.16525,165.25,1
8,2,12176005000000,294629,0.122154,8.18641,6.41026,1.94688e+07,1.248e+08,1000000000,0.156,156,0.8
8,1,12176006000000,296629,0.122405,8.16957,6.26959,4.57924e+07,2.871e+08,2000000000,0.1595,159.5,0.9
8,0,12176007000000,300629,0.121738,8.21436,13.8408,2.08802e+07,2.89e+08,4000000000,0.07225,72.25,1
8,2,12176008000000,301629,0.121699,8.21698,9.09091,9.68e+06,8.8e+07,1000000000,0.11,110,0.8
8,0,12176009000000,305629,0.122259,8.17933,6.07903,1.08241e+08,6.58e+08,4000000000,0.1645,164.5,1
8,1,12176010000000,307629,0.121864,8.20585,16.2602,6.80805e+06,1.107e+08,2000000000,0.0615,61.5,0.9
8,2,12176011000000,308629,0.122827,8.14153,2.38663,1.40449e+08,3.352e+08,1000000000,0.419,419,0.8
8,0,12176012000000,312629,0.122004,8.19645,17.094,1.3689e+07,2.34e+08,4000000000,0.0585,58.5,1
8,2,12176013000000,313629,0.1221,8.19003,6.57895,1.84832e+07,1.216e+08,1000000000,0.152,152,0.8
8,1,12176014000000,315629,0.12324,8.11427,3.31126,1.64167e+08,5.436e+08,2000000000,0.302,302,0.9
8,0,12176015000000,319629,0.122073,8.19183,33.3333,3.6e+06,1.2e+08,4000000000,0.03,30,1
8,2,12176016000000,320629,0.123111,8.12274,2.1978,1.6562e+08,3.64e+08,1000000000,0.455,455,0.8
8,0,12176017000000,324629,0.122201,8.18324,20.3046,9.70225e+06,1.97e+08,4000000000,0.04925,49.25,1
8,2,12176018000000,325629,0.122188,8.1841,8.47458,1.11392e+07,9.44e+07,1000000000,0.118,118,0.8
8,1,12176019000000,327629,0.123414,8.10281,3.09598,1.87792e+08,5.814e+08,2000000000,0.323,323,0.9
8,0,12176020000000,331629,0.122378,8.17142,26.6667,5.625e+06,1.5e+08,4000000000,0.0375,37.5,1
8,2,12176021000000,332629,0.123402,8.10361,2.15983,1.71495e+08,3.704e+08,1000000000,0.463,463,0.8
8,0,12176022000000,336629,0.122384,8.171,26.4901,5.70025e+06,1.51e+08,4000000000,0.03775,37.75,1
8,2,12176023000000,337629,0.122371,8.17187,8.47458,1.11392e+07,9.44e+07,1000000000,0.118,118,0.8
8,2,12176024000000,338629,0.123941,8.06836,1.52905,3.42173e+08,5.232e+08,1000000000,0.654,654,0.8
8,0,12176025000000,342629,0.122973,8.13189,24.3902,6.724e+06,1.64e+08,4000000000,0.041,41,1
8,2,12176026000000,343629,0.123208,8.11633,4.90196,3.32928e+07,1.632e+08,1000000000,0.204,204,0.8
8,0,12176027000000,347629,0.122987,8.13091,9.61538,4.3264e+07,4.16e+08,4000000000,0.104,104,1
8,1,12176028000000,349629,0.122707,8.14948,13.5135,9.8568e+06,1.332e+08,2000000000,0.074,74,0.9
8,2,12176029000000,350629,0.12408,8.05933,1.65563,2.91853e+08,4.832e+08,1000000000,0.604,604,0.8
8,0,12176030000000,354629,0.123143,8.12065,24.3902,6.724e+06,1.64e+08,4000000000,0.041,41,1
8,2,12176031000000,355629,0.123221,8.11549,6.62252,1.82408e+07,1.208e+08,1000000000,0.151,151,0.8
8,0,12176032000000,359629,0.123144,8.1206,8.60215,5.40562e+07,4.65e+08,4000000000,0.11625,116.25,1
8,1,12176033000000,361629,0.12285,8.14003,14.2857,8.82e+06,1.26e+08,2000000000,0.07,70,0.9
8,2,12176034000000,362629,0.124174,8.05323,1.65837,2.90887e+08,4.824e+08,1000000000,0.603,603,0.8
8,0,12176035000000,366629,0.123302,8.11018,22.5989,7.83225e+06,1.77e+08,4000000000,0.04425,44.25,1
8,2,12176036000000,367629,0.123195,8.11722,11.9048,5.6448e+06,6.72e+07,1000000000,0.084,84,0.8
8,1,12176037000000,369629,0.123935,8.06874,3.84615,1.2168e+08,4.68e+08,2000000000,0.26,260,0.9
8,1,12176038000000,371629,0.123613,8.08979,15.625,7.3728e+06,1.152e+08,2000000000,0.064,64,0.9
8,1,12176039000000,373629,0.124664,8.02158,3.125,1.8432e+08,5.76e+08,2000000000,0.32,320,0.9
8,0,12176040000000,377629,0.123738,8.0816,26.8456,5.55025e+06,1.49e+08,4000000000,0.03725,37.25,1
8,2,12176041000000,378629,0.124198,8.05165,3.3557,7.10432e+07,2.384e+08,1000000000,0.298,298,0.8
8,0,12176042000000,382629,0.123728,8.08223,12.6183,2.51222e+07,3.17e+08,4000000000,0.07925,79.25,1
8,2,12176043000000,383629,0.123713,8.08321,8.47458,1.11392e+07,9.44e+07,1000000000,0.118,118,0.8
8,1,12176044000000,385629,0.124799,8.0129,3.003,1.996e+08,5.994e+08,2000000000,0.333,333,0.9
8,0,12176045000000,389629,0.123908,8.07053,26.3158,5.776e+06,1.52e+08,4000000000,0.038,38,1
8,2,12176046000000,390629,0.12463,8.02377,2.46305,1.31869e+08,3.248e+08,1000000000,0.406,406,0.8
8,0,12176047000000,394629,0.123868,8.07309,20.202,9.801e+06,1.98e+08,4000000000,0.0495,49.5,1
8,2,12176048000000,395629,0.123843,8.07472,8.77193,1.03968e+07,9.12e+07,1000000000,0.114,114,0.8
8,1,12176049000000,396864,0.125146,7.99066,1.84328,5.29771e+08,9.76518e+08,2000000000,0.54251,335,0.9
8,0,12176050000000,396864,0.125146,7.99066,0,-nan,-nan,4000000000,-nan,0,1
8,2,12176051000000,396864,0.125146,7.99066,0,-nan,-nan,1000000000,-nan,0,0.8
8,0,12176052000000,396864,0.125146,7.99066,0,-nan,-nan,4000000000,-nan,0,1
8,2,12176053000000,396864,0.125146,7.99066,0,-nan,-nan,1000000000,-nan,0,0.8
8,2,12176054000000,396864,0.125146,7.99066,0,-nan,-nan,1000000000,-nan,0,0.8
8,0,12176055000000,396864,0.125146,7.99066,0,-nan,-nan,4000000000,-nan,0,1
8,2,12176056000000,396864,0.125146,7.99066,0,-nan,-nan,1000000000,-nan,0,0.8
8,0,12176057000000,396864,0.125146,7.99066,0,-nan,-nan,4000000000,-nan,0,1
9,2,10881501000000,741,0.00269906,370.5,370.5,5827.92,2.15924e+06,1000000000,0.00269906,2,0.8
9,2,12175902000000,53489,0.0899998,11.1111,10.9618,6.65778e+06,7.2981e+07,1000000000,0.0912262,4812,0.8
9,0,12175903000000,57489,0.0837378,11.942,0,0,0,4000000000,0,0,1
9,2,12175904000000,58489,0.0825112,12.1196,83.3333,115200,9.6e+06,1000000000,0.012,12,0.8
9,2,12175905000000,59489,0.086184,11.6031,3.32226,7.24808e+07,2.408e+08,1000000000,0.301,301,0.8
9,0,12175906000000,63489,0.083794,11.934,20.7254,9.31225e+06,1.93e+08,4000000000,0.04825,48.25,1
9,2,12175907000000,64489,0.0847431,11.8004,6.89655,1.682e+07,1.16e+08,1000000000,0.145,145,0.8
9,0,12175908000000,68489,0.0864664,11.5652,8.75274,5.22122e+07,4.57e+08,4000000000,0.11425,114.25,1
9,2,12175909000000,69489,0.0868627,11.5124,8.77193,1.03968e+07,9.12e+07,1000000000,0.114,114,0.8
9,1,12175910000000,71489,0.0935249,10.6923,3.07692,1.90125e+08,5.85e+08,2000000000,0.325,325,0.9
9,0,12175911000000,75489,0.0904768,11.0526,27.7778,5.184e+06,1.44e+08,4000000000,0.036,36,1
9,2,12175912000000,76489,0.0940658,10.6309,2.73973,1.0658e+08,2.92e+08,1000000000,0.365,365,0.8
9,0,12175913000000,80489,0.0927083,10.7865,14.9813,1.78223e+07,2.67e+08,4000000000,0.06675,66.75,1
9,2,12175914000000,81489,0.0929205,10.7619,9.09091,9.68e+06,8.8e+07,1000000000,0.11,110,0.8
9,1,12175915000000,83489,0.09848,10.1543,3.07692,1.90125e+08,5.85e+08,2000000000,0.325,325,0.9
9,0,12175916000000,87489,0.0957377,10.4452,25.974,5.929e+06,1.54e+08,4000000000,0.0385,38.5,1
9,2,12175917000000,88489,0.0997412,10.0259,2.22222,1.62e+08,3.6e+08,1000000000,0.45,450,0.8
9,0,12175918000000,92489,0.0972007,10.288,24.3902,6.724e+06,1.64e+08,4000000000,0.041,41,1
9,2,12175919000000,93489,0.0974232,10.2645,8.47458,1.11392e+07,9.44e+07,1000000000,0.118,118,0.8
9,1,12175920000000,95489,0.10219,9.78571,3.07692,1.90125e+08,5.85e+08,2000000000,0.325,325,0.9
9,0,12175921000000,99489,0.0995286,10.0474,27.7778,5.184e+06,1.44e+08,4000000000,0.036,36,1
9,2,12175922000000,100489,0.103156,9.6941,2.15517,1.72237e+08,3.712e+08,1000000000,0.464,464,0.8
9,0,12175923000000,104489,0.100814,9.91921,23.8095,7.056e+06,1.68e+08,4000000000,0.042,42,1
9,2,12175924000000,105489,0.100977,9.90321,8.47458,1.11392e+07,9.44e+07,1000000000,0.118,118,0.8
9,1,12175925000000,107489,0.10522,9.50389,3.03951,1.94834e+08,5.922e+08,2000000000,0.329,329,0.9
9,0,12175926000000,111489,0.102701,9.73703,28.5714,4.9e+06,1.4e+08,4000000000,0.035,35,1
9,2,12175927000000,112489,0.105886,9.44413,2.1692,1.70017e+08,3.688e+08,1000000000,0.461,461,0.8
9,0,12175928000000,116489,0.103581,9.65432,25.8065,6.00625e+06,1.55e+08,4000000000,0.03875,38.75,1
9,2,12175929000000,117489,0.103669,9.64606,8.77193,1.03968e+07,9.12e+07,1000000000,0.114,114,0.8
9,1,12175930000000,119489,0.107508,9.30165,3.003,1.996e+08,5.994e+08,2000000000,0.333,333,0.9
9,0,12175931000000,123489,0.105256,9.50062,26.3158,5.776e+06,1.52e+08,4000000000,0.038,38,1
9,2,12175932000000,124489,0.108162,9.24538,2.14133,1.74471e+08,3.736e+08,1000000000,0.467,467,0.8
9,0,12175933000000,128489,0.105861,9.44633,29.1971,4.69225e+06,1.37e+08,4000000000,0.03425,34.25,1
9,2,12175934000000,129489,0.105924,9.44073,8.77193,1.03968e+07,9.12e+07,1000000000,0.114,114,0.8
9,1,12175935000000,131489,0.109378,9.14261,3.003,1.996e+08,5.994e+08,2000000000,0.333,333,0.9
9,0,12175936000000,135489,0.107271,9.32221,26.3158,5.776e+06,1.52e+08,4000000000,0.038,38,1
9,2,12175937000000,136489,0.109943,9.09563,2.11864,1.78227e+08,3.776e+08,1000000000,0.472,472,0.8
9,0,12175938000000,140489,0.107752,9.28055,30.303,4.356e+06,1.32e+08,4000000000,0.033,33,1
9,2,12175939000000,141489,0.107796,9.27675,8.77193,1.03968e+07,9.12e+07,1000000000,0.114,114,0.8
9,1,12175940000000,143489,0.110935,9.01426,3.003,1.996e+08,5.994e+08,2000000000,0.333,333,0.9
9,0,12175941000000,147489,0.108957,9.17791,26.3158,5.776e+06,1.52e+08,4000000000,0.038,38,1
9,2,12175942000000,148489,0.111402,8.97648,2.11864,1.78227e+08,3.776e+08,1000000000,0.472,472,0.8
9,0,12175943000000,152489,0.109346,9.14532,30.303,4.356e+06,1.32e+08,4000000000,0.033,33,1
9,2,12175944000000,153489,0.109376,9.14278,8.77193,1.03968e+07,9.12e+07,1000000000,0.114,114,0.8
9,1,12175945000000,155489,0.112252,8.9085,3.003,1.996e+08,5.994e+08,2000000000,0.333,333,0.9
9,0,12175946000000,159489,0.11039,9.05879,26.3158,5.776e+06,1.52e+08,4000000000,0.038,38,1
9,2,12175947000000,160489,0.112631,8.87857,2.12766,1.7672e+08,3.76e+08,1000000000,0.47,470,0.8
9,0,12175948000000,164489,0.110706,9.03289,29.8507,4.489e+06,1.34e+08,4000000000,0.0335,33.5,1
9,2,12175949000000,165489,0.110726,9.03127,8.77193,1.03968e+07,9.12e+07,1000000000,0.114,114,0.8
9,1,12175950000000,167489,0.113381,8.81985,3.003,1.996e+08,5.994e+08,2000000000,0.333,333,0.9
9,0,12175951000000,171489,0.111622,8.95878,26.3158,5.776e+06,1.52e+08,4000000000,0.038,38,1
9,2,12175952000000,172489,0.113717,8.79373,2.11416,1.78983e+08,3.784e+08,1000000000,0.473,473,0.8
9,0,12175953000000,176489,0.114035,8.7692,7.82779,6.52802e+07,5.11e+08,4000000000,0.12775,127.75,1
9,2,12175954000000,177489,0.114069,8.76662,8.33333,1.152e+07,9.6e+07,1000000000,0.12,120,0.8
9,2,12175955000000,178489,0.116035,8.61808,2.15054,1.7298e+08,3.72e+08,1000000000,0.465,465,0.8
9,1,12175956000000,180489,0.115586,8.65157,13.245,1.02604e+07,1.359e+08,2000000000,0.0755,75.5,0.9
9,2,12175957000000,181489,0.115583,8.65181,8.69565,1.058e+07,9.2e+07,1000000000,0.115,115,0.8
9,1,12175958000000,183489,0.11786,8.48465,3.08166,1.8954e+08,5.841e+08,2000000000,0.3245,324.5,0.9
9,1,12175959000000,185489,0.117042,8.54394,23.8095,3.1752e+06,7.56e+07,2000000000,0.042,42,0.9
9,2,12175960000000,186489,0.117616,8.50228,4.46429,4.01408e+07,1.792e+08,1000000000,0.224,224,0.8
9,1,12175961000000,188489,0.11885,8.41394,4.2735,9.85608e+07,4.212e+08,2000000000,0.234,234,0.9
9,0,12175962000000,192489,0.117077,8.5414,29.8507,4.489e+06,1.34e+08,4000000000,0.0335,33.5,1
9,2,12175963000000,193489,0.11888,8.41183,2.14592,1.73725e+08,3.728e+08,1000000000,0.466,466,0.8
9,0,12175964000000,197489,0.117262,8.5279,25.641,6.084e+06,1.56e+08,4000000000,0.039,39,1
9,2,12175965000000,198489,0.117467,8.513,6.32911,1.99712e+07,1.264e+08,1000000000,0.158,158,0.8
9,1,12175966000000,200489,0.119358,8.37814,3.25733,1.69648e+08,5.526e+08,2000000000,0.307,307,0.9
9,0,12175967000000,204489,0.117434,8.51541,47.619,1.764e+06,8.4e+07,4000000000,0.021,21,1
9,2,12175968000000,205489,0.11807,8.46958,4.03226,4.92032e+07,1.984e+08,1000000000,0.248,248,0.8
9,0,12175969000000,209489,0.117915,8.48065,9.09091,4.84e+07,4.4e+08,4000000000,0.11,110,1
9,2,12175970000000,210489,0.118077,8.46902,6.57895,1.84832e+07,1.216e+08,1000000000,0.152,152,0.8
9,1,12175971000000,212489,0.119809,8.34665,3.31126,1.64167e+08,5.436e+08,2000000000,0.302,302,0.9
9,0,12175972000000,216489,0.11802,8.47315,43.4783,2.116e+06,9.2e+07,4000000000,0.023,23,1
9,2,12175973000000,217489,0.118194,8.46063,6.41026,1.94688e+07,1.248e+08,1000000000,0.156,156,0.8
9,0,12175974000000,221489,0.118426,8.44411,7.63359,6.8644e+07,5.24e+08,4000000000,0.131,131,1
9,2,12175975000000,222489,0.118455,8.442,8,1.25e+07,1e+08,1000000000,0.125,125,0.8
9,1,12175976000000,224489,0.1203,8.31256,3.0722,1.9071e+08,5.859e+08,2000000000,0.3255,325.5,0.9
9,0,12175977000000,228489,0.118754,8.42076,31.25,4.096e+06,1.28e+08,4000000000,0.032,32,1
9,2,12175978000000,229489,0.118289,8.45388,83.3333,115200,9.6e+06,1000000000,0.012,12,0.8
9,0,12175979000000,233489,0.118969,8.40554,6.32911,9.9856e+07,6.32e+08,4000000000,0.158,158,1
9,2,12175980000000,234489,0.11888,8.41186,10.2041,7.6832e+06,7.84e+07,1000000000,0.098,98,0.8
9,1,12175981000000,236489,0.120623,8.2903,3.07692,1.90125e+08,5.85e+08,2000000000,0.325,325,0.9
9,0,12175982000000,240489,0.119257,8.38525,25.974,5.929e+06,1.54e+08,4000000000,0.0385,38.5,1
9,2,12175983000000,241489,0.118763,8.42012,0,0,0,1000000000,0,0,0.8
9,0,12175984000000,245489,0.119378,8.37675,6.38978,9.7969e+07,6.26e+08,4000000000,0.1565,156.5,1
9,2,12175985000000,246489,0.119527,8.36634,6.41026,1.94688e+07,1.248e+08,1000000000,0.156,156,0.8
9,1,12175986000000,248489,0.120995,8.26478,3.31126,1.64167e+08,5.436e+08,2000000000,0.302,302,0.9
9,0,12175987000000,252489,0.119617,8.36001,29.4118,4.624e+06,1.36e+08,4000000000,0.034,34,1
9,2,12175988000000,253489,0.119161,8.39201,250,12800,3.2e+06,1000000000,0.004,4,0.8
9,0,12175989000000,257489,0.119764,8.34973,6.32911,9.9856e+07,6.32e+08,4000000000,0.158,158,1
9,2,12175990000000,258489,0.119758,8.35021,8.47458,1.11392e+07,9.44e+07,1000000000,0.118,118,0.8
9,1,12175991000000,260489,0.121318,8.2428,3.09598,1.87792e+08,5.814e+08,2000000000,0.323,323,0.9
9,0,12175992000000,264489,0.1196,8.36117,129.032,240250,3.1e+07,4000000000,0.00775,7.75,1
9,2,12175993000000,265489,0.119527,8.36634,10,8e+06,8e+07,1000000000,0.1,100,0.8
9,0,12175994000000,269489,0.120176,8.32116,6.12557,1.06602e+08,6.53e+08,4000000000,0.16325,163.25,1
9,2,12175995000000,270489,0.120094,8.32684,10.2041,7.6832e+06,7.84e+07,1000000000,0.098,98,0.8
9,1,12175996000000,272489,0.121264,8.2465,3.57782,1.40616e+08,5.031e+08,2000000000,0.2795,279.5,0.9
9,0,12175997000000,276489,0.119911,8.33954,36.036,3.08025e+06,1.11e+08,4000000000,0.02775,27.75,1
9,2,12175998000000,277489,0.119889,8.34102,8.77193,1.03968e+07,9.12e+07,1000000000,0.114,114,0.8
9,0,12175999000000,281489,0.120452,8.30204,6.26959,1.01761e+08,6.38e+08,4000000000,0.1595,159.5,1
9,2,12176000000000,282489,0.120429,8.30362,8.77193,1.03968e+07,9.12e+07,1000000000,0.114,114,0.8
9,1,12176001000000,284489,0.12049,8.29946,7.75194,2.99538e+07,2.322e+08,2000000000,0.129,129,0.9
9,0,12176002000000,288489,0.121509,8.22985,5.15464,1.50544e+08,7.76e+08,4000000000,0.194,194,1
9,2,12176003000000,289489,0.121334,8.24168,14.0845,4.0328e+06,5.68e+07,1000000000,0.071,71,0.8
9,0,12176004000000,293489,0.121933,8.20122,6.05144,1.0923e+08,6.61e+08,4000000000,0.16525,165.25,1
9,2,12176005000000,294489,0.122049,8.19345,6.41026,1.94688e+07,1.248e+08,1000000000,0.156,156,0.8
9,1,12176006000000,296489,0.122301,8.17653,6.26959,4.57924e+07,2.871e+08,2000000000,0.1595,159.5,0.9
9,0,12176007000000,300489,0.121635,8.22131,13.8408,2.08802e+07,2.89e+08,4000000000,0.07225,72.25,1
9,2,12176008000000,301489,0.121596,8.22392,9.09091,9.68e+06,8.8e+07,1000000000,0.11,110,0.8
9,0,12176009000000,305489,0.122158,8.1861,6.07903,1.08241e+08,6.58e+08,4000000000,0.1645,164.5,1
9,1,12176010000000,307489,0.121764,8.21263,16.2602,6.80805e+06,1.107e+08,2000000000,0.0615,61.5,0.9
9,2,12176011000000,308489,0.122727,8.14815,2.38663,1.40449e+08,3.352e+08,1000000000,0.419,419,0.8
9,0,12176012000000,312489,0.121905,8.2031,17.094,1.3689e+07,2.34e+08,4000000000,0.0585,58.5,1
9,2,12176013000000,313489,0.122001,8.19665,6.57895,1.84832e+07,1.216e+08,1000000000,0.152,152,0.8
9,1,12176014000000,315489,0.123142,8.12069,3.31126,1.64167e+08,5.436e+08,2000000000,0.302,302,0.9
9,0,12176015000000,319489,0.121976,8.19833,33.3333,3.6e+06,1.2e+08,4000000000,0.03,30,1
9,2,12176016000000,320489,0.123015,8.12908,2.1978,1.6562e+08,3.64e+08,1000000000,0.455,455,0.8
9,0,12176017000000,324489,0.122106,8.18962,20.3046,9.70225e+06,1.97e+08,4000000000,0.04925,49.25,1
9,2,12176018000000,325489,0.122093,8.19046,8.47458,1.11392e+07,9.44e+07,1000000000,0.118,118,0.8
9,1,12176019000000,327489,0.12332,8.10897,3.09598,1.87792e+08,5.814e+08,2000000000,0.323,323,0.9
9,0,12176020000000,331489,0.122285,8.17764,26.6667,5.625e+06,1.5e+08,4000000000,0.0375,37.5,1
9,2,12176021000000,332489,0.123309,8.10969,2.15983,1.71495e+08,3.704e+08,1000000000,0.463,463,0.8
9,0,12176022000000,336489,0.122292,8.17713,26.4901,5.70025e+06,1.51e+08,4000000000,0.03775,37.75,1
9,2,12176023000000,337489,0.12228,8.17798,8.47458,1.11392e+07,9.44e+07,1000000000,0.118,118,0.8
9,2,12176024000000,338489,0.12385,8.07426,1.52905,3.42173e+08,5.232e+08,1000000000,0.654,654,0.8
9,0,12176025000000,342489,0.122883,8.13784,24.3902,6.724e+06,1.64e+08,4000000000,0.041,41,1
9,2,12176026000000,343489,0.123119,8.12223,4.90196,3.32928e+07,1.632e+08,1000000000,0.204,204,0.8
9,0,12176027000000,347489,0.122899,8.13677,9.61538,4.3264e+07,4.16e+08,4000000000,0.104,104,1
9,1,12176028000000,349489,0.122619,8.15534,13.5135,9.8568e+06,1.332e+08,2000000000,0.074,74,0.9
9,2,12176029000000,350489,0.123992,8.06501,1.65563,2.91853e+08,4.832e+08,1000000000,0.604,604,0.8
9,0,12176030000000,354489,0.123056,8.12638,24.3902,6.724e+06,1.64e+08,4000000000,0.041,41,1
9,2,12176031000000,355489,0.123135,8.12119,6.62252,1.82408e+07,1.208e+08,1000000000,0.151,151,0.8
9,0,12176032000000,359489,0.123058,8.12625,8.60215,5.40562e+07,4.65e+08,4000000000,0.11625,116.25,1
9,1,12176033000000,361489,0.122764,8.14568,14.2857,8.82e+06,1.26e+08,2000000000,0.07,70,0.9
9,2,12176034000000,362489,0.124089,8.05871,1.65837,2.90887e+08,4.824e+08,1000000000,0.603,603,0.8
9,0,12176035000000,366489,0.123218,8.1157,22.5989,7.83225e+06,1.77e+08,4000000000,0.04425,44.25,1
9,2,12176036000000,367489,0.123111,8.12274,11.9048,5.6448e+06,6.72e+07,1000000000,0.084,84,0.8
9,1,12176037000000,369489,0.123852,8.07414,3.84615,1.2168e+08,4.68e+08,2000000000,0.26,260,0.9
9,1,12176038000000,371489,0.12353,8.09521,15.625,7.3728e+06,1.152e+08,2000000000,0.064,64,0.9
9,1,12176039000000,373489,0.124582,8.02684,3.125,1.8432e+08,5.76e+08,2000000000,0.32,320,0.9
9,0,12176040000000,377489,0.123657,8.08691,26.8456,5.55025e+06,1.49e+08,4000000000,0.03725,37.25,1
9,2,12176041000000,378489,0.124117,8.0569,3.3557,7.10432e+07,2.384e+08,1000000000,0.298,298,0.8
9,0,12176042000000,382489,0.123648,8.08747,12.6183,2.51222e+07,3.17e+08,4000000000,0.07925,79.25,1
9,2,12176043000000,383489,0.123633,8.08844,8.47458,1.11392e+07,9.44e+07,1000000000,0.118,118,0.8
9,1,12176044000000,385489,0.12472,8.01799,3.003,1.996e+08,5.994e+08,2000000000,0.333,333,0.9
9,0,12176045000000,389489,0.123829,8.07566,26.3158,5.776e+06,1.52e+08,4000000000,0.038,38,1
9,2,12176046000000,390489,0.124552,8.02881,2.46305,1.31869e+08,3.248e+08,1000000000,0.406,406,0.8
9,0,12176047000000,394489,0.123791,8.07816,20.202,9.801e+06,1.98e+08,4000000000,0.0495,49.5,1
9,2,12176048000000,395489,0.123766,8.07978,8.77193,1.03968e+07,9.12e+07,1000000000,0.114,114,0.8
9,1,12176049000000,396724,0.125069,7.99557,1.84328,5.29771e+08,9.76518e+08,2000000000,0.54251,335,0.9
9,0,12176050000000,396724,0.125069,7.99557,0,-nan,-nan,4000000000,-nan,0,1
9,2,12176051000000,396724,0.125069,7.99557,0,-nan,-nan,1000000000,-nan,0,0.8
9,0,12176052000000,396724,0.125069,7.99557,0,-nan,-nan,4000000000,-nan,0,1
9,2,12176053000000,396724,0.125069,7.99557,0,-nan,-nan,1000000000,-nan,0,0.8
9,2,12176054000000,396724,0.125069,7.99557,0,-nan,-nan,1000000000,-nan,0,0.8
9,0,12176055000000,396724,0.125069,7.99557,0,-nan,-nan,4000000000,-nan,0,1
9,2,12176056000000,396724,0.125069,7.99557,0,-nan,-nan,1000000000,-nan,0,0.8
9,0,12176057000000,396724,0.125069,7.99557,0,-nan,-nan,4000000000,-nan,0,1
10,2,10881501000000,670,0.00298507,335,335,7128.54,2.38806e+06,1000000000,0.00298507,2,0.8
10,2,12175902000000,53141,0.0923957,10.823,10.6909,6.99939e+06,7.48299e+07,1000000000,0.0935374,4908,0.8
10,0,12175903000000,57141,0.0859278,11.6377,0,0,0,4000000000,0,0,1
10,2,12175904000000,58141,0.0846563,11.8125,83.3333,115200,9.6e+06,1000000000,0.012,12,0.8
10,2,12175905000000,59141,0.0883144,11.3232,3.32226,7.24808e+07,2.408e+08,1000000000,0.301,301,0.8
10,0,12175906000000,63141,0.0857763,11.6582,20.7254,9.31225e+06,1.93e+08,4000000000,0.04825,48.25,1
10,2,12175907000000,64141,0.0866996,11.5341,6.89655,1.682e+07,1.16e+08,1000000000,0.145,145,0.8
10,0,12175908000000,68141,0.0883169,11.3229,8.75274,5.22122e+07,4.57e+08,4000000000,0.11425,114.25,1
10,2,12175909000000,69141,0.0886883,11.2754,8.77193,1.03968e+07,9.12e+07,1000000000,0.114,114,0.8
10,1,12175910000000,71141,0.0953318,10.4897,3.07692,1.90125e+08,5.85e+08,2000000000,0.325,325,0.9
10,0,12175911000000,75141,0.0921734,10.8491,27.7778,5.184e+06,1.44e+08,4000000000,0.036,36,1
10,2,12175912000000,76141,0.0957566,10.4431,2.73973,1.0658e+08,2.92e+08,1000000000,0.365,365,0.8
10,0,12175913000000,80141,0.0943088,10.6035,14.9813,1.78223e+07,2.67e+08,4000000000,0.06675,66.75,1
10,2,12175914000000,81141,0.0945022,10.5818,9.09091,9.68e+06,8.8e+07,1000000000,0.11,110,0.8
10,1,12175915000000,83141,0.100047,9.99531,3.07692,1.90125e+08,5.85e+08,2000000000,0.325,325,0.9
10,0,12175916000000,87141,0.0972217,10.2858,25.974,5.929e+06,1.54e+08,4000000000,0.0385,38.5,1
10,2,12175917000000,88141,0.101224,9.87906,2.22222,1.62e+08,3.6e+08,1000000000,0.45,450,0.8
10,0,12175918000000,92141,0.0986097,10.141,24.3902,6.724e+06,1.64e+08,4000000000,0.041,41,1
10,2,12175919000000,93141,0.0988179,10.1196,8.47458,1.11392e+07,9.44e+07,1000000000,0.118,118,0.8
10,1,12175920000000,95141,0.103573,9.65506,3.07692,1.90125e+08,5.85e+08,2000000000,0.325,325,0.9
10,0,12175921000000,99141,0.100846,9.91608,27.7778,5.184e+06,1.44e+08,4000000000,0.036,36,1
10,2,12175922000000,100141,0.104473,9.57188,2.15517,1.72237e+08,3.712e+08,1000000000,0.464,464,0.8
10,0,12175923000000,104141,0.102073,9.7969,23.8095,7.056e+06,1.68e+08,4000000000,0.042,42,1
10,2,12175924000000,105141,0.102225,9.78238,8.47458,1.11392e+07,9.44e+07,1000000000,0.118,118,0.8
10,1,12175925000000,107141,0.106458,9.39339,3.03951,1.94834e+08,5.922e+08,2000000000,0.329,329,0.9
10,0,12175926000000,111141,0.103886,9.62593,28.5714,4.9e+06,1.4e+08,4000000000,0.035,35,1
10,2,12175927000000,112141,0.107071,9.33964,2.1692,1.70017e+08,3.688e+08,1000000000,0.461,461,0.8
10,0,12175928000000,116141,0.104718,9.5495,25.8065,6.00625e+06,1.55e+08,4000000000,0.03875,38.75,1
10,2,12175929000000,117141,0.104797,9.54228,8.77193,1.03968e+07,9.12e+07,1000000000,0.114,114,0.8
10,1,12175930000000,119141,0.108628,9.20576,3.003,1.996e+08,5.994e+08,2000000000,0.333,333,0.9
10,0,12175931000000,123141,0.106333,9.40438,26.3158,5.776e+06,1.52e+08,4000000000,0.038,38,1
10,2,12175932000000,124141,0.109239,9.15427,2.14133,1.74471e+08,3.736e+08,1000000000,0.467,467,0.8
10,0,12175933000000,128141,0.106898,9.35472,29.1971,4.69225e+06,1.37e+08,4000000000,0.03425,34.25,1
10,2,12175934000000,129141,0.106953,9.34991,8.77193,1.03968e+07,9.12e+07,1000000000,0.114,114,0.8
10,1,12175935000000,131141,0.1104,9.05795,3.003,1.996e+08,5.994e+08,2000000000,0.333,333,0.9
10,0,12175936000000,135141,0.108257,9.23725,26.3158,5.776e+06,1.52e+08,4000000000,0.038,38,1
10,2,12175937000000,136141,0.110929,9.01477,2.11864,1.78227e+08,3.776e+08,1000000000,0.472,472,0.8
10,0,12175938000000,140141,0.108705,9.19923,30.303,4.356e+06,1.32e+08,4000000000,0.033,33,1
10,2,12175939000000,141141,0.108742,9.19605,8.77193,1.03968e+07,9.12e+07,1000000000,0.114,114,0.8
10,1,12175940000000,143141,0.111876,8.93849,3.003,1.996e+08,5.994e+08,2000000000,0.333,333,0.9
10,0,12175941000000,147141,0.109867,9.10188,26.3158,5.776e+06,1.52e+08,4000000000,0.038,38,1
10,2,12175942000000,148141,0.112312,8.90377,2.11864,1.78227e+08,3.776e+08,1000000000,0.472,472,0.8
10,0,12175943000000,152141,0.110227,9.07221,30.303,4.356e+06,1.32e+08,4000000000,0.033,33,1
10,2,12175944000000,153141,0.110251,9.07018,8.77193,1.03968e+07,9.12e+07,1000000000,0.114,114,0.8
10,1,12175945000000,155141,0.113123,8.83994,3.003,1.996e+08,5.994e+08,2000000000,0.333,333,0.9
10,0,12175946000000,159141,0.111235,8.99,26.3158,5.776e+06,1.52e+08,4000000000,0.038,38,1
10,2,12175947000000,160141,0.113475,8.81251,2.12766,1.7672e+08,3.76e+08,1000000000,0.47,470,0.8
10,0,12175948000000,164141,0.111526,8.96651,29.8507,4.489e+06,1.34e+08,4000000000,0.0335,33.5,1
10,2,12175949000000,165141,0.111541,8.96531,8.77193,1.03968e+07,9.12e+07,1000000000,0.114,114,0.8
10,1,12175950000000,167141,0.114191,8.75726,3.003,1.996e+08,5.994e+08,2000000000,0.333,333,0.9
10,0,12175951000000,171141,0.11241,8.89599,26.3158,5.776e+06,1.52e+08,4000000000,0.038,38,1
10,2,12175952000000,172141,0.114505,8.73325,2.11416,1.78983e+08,3.784e+08,1000000000,0.473,473,0.8
10,0,12175953000000,176141,0.114806,8.71036,7.82779,6.52802e+07,5.11e+08,4000000000,0.12775,127.75,1
10,2,12175954000000,177141,0.114835,8.70814,8.33333,1.152e+07,9.6e+07,1000000000,0.12,120,0.8
10,2,12175955000000,178141,0.116801,8.56159,2.15054,1.7298e+08,3.72e+08,1000000000,0.465,465,0.8
10,1,12175956000000,180141,0.116342,8.59533,13.245,1.02604e+07,1.359e+08,2000000000,0.0755,75.5,0.9
10,2,12175957000000,181141,0.116335,8.59588,8.69565,1.058e+07,9.2e+07,1000000000,0.115,115,0.8
10,1,12175958000000,183141,0.118608,8.43113,3.08166,1.8954e+08,5.841e+08,2000000000,0.3245,324.5,0.9
10,1,12175959000000,185141,0.117781,8.49037,23.8095,3.1752e+06,7.56e+07,2000000000,0.042,42,0.9
10,2,12175960000000,186141,0.118351,8.44943,4.46429,4.01408e+07,1.792e+08,1000000000,0.224,224,0.8
10,1,12175961000000,188141,0.119581,8.36257,4.2735,9.85608e+07,4.212e+08,2000000000,0.234,234,0.9
10,0,12175962000000,192141,0.117788,8.48979,29.8507,4.489e+06,1.34e+08,4000000000,0.0335,33.5,1
10,2,12175963000000,193141,0.119591,8.36181,2.14592,1.73725e+08,3.728e+08,1000000000,0.466,466,0.8
10,0,12175964000000,197141,0.117956,8.47772,25.641,6.084e+06,1.56e+08,4000000000,0.039,39,1
10,2,12175965000000,198141,0.118158,8.46322,6.32911,1.99712e+07,1.264e+08,1000000000,0.158,158,0.8
10,1,12175966000000,200141,0.120045,8.33018,3.25733,1.69648e+08,5.526e+08,2000000000,0.307,307,0.9
10,0,12175967000000,204141,0.118105,8.46707,47.619,1.764e+06,8.4e+07,4000000000,0.021,21,1
10,2,12175968000000,205141,0.118738,8.42191,4.03226,4.92032e+07,1.984e+08,1000000000,0.248,248,0.8
10,0,12175969000000,209141,0.118571,8.43378,9.09091,4.84e+07,4.4e+08,4000000000,0.11,110,1
10,2,12175970000000,210141,0.11873,8.42248,6.57895,1.84832e+07,1.216e+08,1000000000,0.152,152,0.8
10,1,12175971000000,212141,0.120458,8.30167,3.31126,1.64167e+08,5.436e+08,2000000000,0.302,302,0.9
10,0,12175972000000,216141,0.118654,8.42786,43.4783,2.116e+06,9.2e+07,4000000000,0.023,23,1
10,2,12175973000000,217141,0.118826,8.41567,6.41026,1.94688e+07,1.248e+08,1000000000,0.156,156,0.8
10,0,12175974000000,221141,0.119046,8.4001,7.63359,6.8644e+07,5.24e+08,4000000000,0.131,131,1
10,2,12175975000000,222141,0.119073,8.39821,8,1.25e+07,1e+08,1000000000,0.125,125,0.8
10,1,12175976000000,224141,0.120915,8.27028,3.0722,1.9071e+08,5.859e+08,2000000000,0.3255,325.5,0.9
10,0,12175977000000,228141,0.119356,8.3783,31.25,4.096e+06,1.28e+08,4000000000,0.032,32,1
10,2,12175978000000,229141,0.118887,8.41131,83.3333,115200,9.6e+06,1000000000,0.012,12,0.8
10,0,12175979000000,233141,0.119559,8.3641,6.32911,9.9856e+07,6.32e+08,4000000000,0.158,158,1
10,2,12175980000000,234141,0.119466,8.37055,10.2041,7.6832e+06,7.84e+07,1000000000,0.098,98,0.8
10,1,12175981000000,236141,0.121207,8.25033,3.07692,1.90125e+08,5.85e+08,2000000000,0.325,325,0.9
10,0,12175982000000,240141,0.11983,8.34518,25.974,5.929e+06,1.54e+08,4000000000,0.0385,38.5,1
10,2,12175983000000,241141,0.119333,8.37993,0,0,0,1000000000,0,0,0.8
10,0,12175984000000,245141,0.119939,8.33756,6.38978,9.7969e+07,6.26e+08,4000000000,0.1565,156.5,1
10,2,12175985000000,246141,0.120086,8.32739,6.41026,1.94688e+07,1.248e+08,1000000000,0.156,156,0.8
10,1,12175986000000,248141,0.121552,8.22694,3.31126,1.64167e+08,5.436e+08,2000000000,0.302,302,0.9
10,0,12175987000000,252141,0.120163,8.32203,29.4118,4.624e+06,1.36e+08,4000000000,0.034,34,1
10,2,12175988000000,253141,0.119704,8.35394,250,12800,3.2e+06,1000000000,0.004,4,0.8
10,0,12175989000000,257141,0.1203,8.31257,6.32911,9.9856e+07,6.32e+08,4000000000,0.158,158,1
10,2,12175990000000,258141,0.120291,8.31318,8.47458,1.11392e+07,9.44e+07,1000000000,0.118,118,0.8
10,1,12175991000000,260141,0.121849,8.20686,3.09598,1.87792e+08,5.814e+08,2000000000,0.323,323,0.9
10,0,12175992000000,264141,0.120121,8.32491,129.032,240250,3.1e+07,4000000000,0.00775,7.75,1
10,2,12175993000000,265141,0.120046,8.33017,10,8e+06,8e+07,1000000000,0.1,100,0.8
10,0,12175994000000,269141,0.120688,8.28585,6.12557,1.06602e+08,6.53e+08,4000000000,0.16325,163.25,1
10,2,12175995000000,270141,0.120604,8.29162,10.2041,7.6832e+06,7.84e+07,1000000000,0.098,98,0.8
10,1,12175996000000,272141,0.121771,8.21211,3.57782,1.40616e+08,5.031e+08,2000000000,0.2795,279.5,0.9
10,0,12175997000000,276141,0.12041,8.30499,36.036,3.08025e+06,1.11e+08,4000000000,0.02775,27.75,1
10,2,12175998000000,277141,0.120386,8.30659,8.77193,1.03968e+07,9.12e+07,1000000000,0.114,114,0.8
10,0,12175999000000,281141,0.120943,8.26837,6.26959,1.01761e+08,6.38e+08,4000000000,0.1595,159.5,1
10,2,12176000000000,282141,0.120918,8.27005,8.77193,1.03968e+07,9.12e+07,1000000000,0.114,114,0.8
10,1,12176001000000,284141,0.120975,8.26616,7.75194,2.99538e+07,2.322e+08,2000000000,0.129,129,0.9
10,0,12176002000000,288141,0.121989,8.19747,5.15464,1.50544e+08,7.76e+08,4000000000,0.194,194,1
10,2,12176003000000,289141,0.121813,8.20934,14.0845,4.0328e+06,5.68e+07,1000000000,0.071,71,0.8
10,0,12176004000000,293141,0.122405,8.16958,6.05144,1.0923e+08,6.61e+08,4000000000,0.16525,165.25,1
10,2,12176005000000,294141,0.122519,8.16197,6.41026,1.94688e+07,1.248e+08,1000000000,0.156,156,0.8
10,1,12176006000000,296141,0.122769,8.14536,6.26959,4.57924e+07,2.871e+08,2000000000,0.1595,159.5,0.9
10,0,12176007000000,300141,0.122096,8.19028,13.8408,2.08802e+07,2.89e+08,4000000000,0.07225,72.25,1
10,2,12176008000000,301141,0.122056,8.19298,9.09091,9.68e+06,8.8e+07,1000000000,0.11,110,0.8
10,0,12176009000000,305141,0.122612,8.1558,6.07903,1.08241e+08,6.58e+08,4000000000,0.1645,164.5,1
10,1,12176010000000,307141,0.122214,8.18235,16.2602,6.80805e+06,1.107e+08,2000000000,0.0615,61.5,0.9
10,2,12176011000000,308141,0.123177,8.11837,2.38663,1.40449e+08,3.352e+08,1000000000,0.419,419,0.8
10,0,12176012000000,312141,0.122349,8.17337,17.094,1.3689e+07,2.34e+08,4000000000,0.0585,58.5,1
10,2,12176013000000,313141,0.122443,8.16705,6.57895,1.84832e+07,1.216e+08,1000000000,0.152,152,0.8
10,1,12176014000000,315141,0.123583,8.09174,3.31126,1.64167e+08,5.436e+08,2000000000,0.302,302,0.9
10,0,12176015000000,319141,0.12241,8.16928,33.3333,3.6e+06,1.2e+08,4000000000,0.03,30,1
10,2,12176016000000,320141,0.123449,8.10053,2.1978,1.6562e+08,3.64e+08,1000000000,0.455,455,0.8
10,0,12176017000000,324141,0.122533,8.16106,20.3046,9.70225e+06,1.97e+08,4000000000,0.04925,49.25,1
10,2,12176018000000,325141,0.122519,8.16199,8.47458,1.11392e+07,9.44e+07,1000000000,0.118,118,0.8
10,1,12176019000000,327141,0.123745,8.08115,3.09598,1.87792e+08,5.814e+08,2000000000,0.323,323,0.9
10,0,12176020000000,331141,0.122703,8.14976,26.6667,5.625e+06,1.5e+08,4000000000,0.0375,37.5,1
10,2,12176021000000,332141,0.123728,8.08227,2.15983,1.71495e+08,3.704e+08,1000000000,0.463,463,0.8
10,0,12176022000000,336141,0.122704,8.14966,26.4901,5.70025e+06,1.51e+08,4000000000,0.03775,37.75,1
10,2,12176023000000,337141,0.122691,8.15059,8.47458,1.11392e+07,9.44e+07,1000000000,0.118,118,0.8
10,2,12176024000000,338141,0.124262,8.04753,1.52905,3.42173e+08,5.232e+08,1000000000,0.654,654,0.8
10,0,12176025000000,342141,0.123288,8.11107,24.3902,6.724e+06,1.64e+08,4000000000,0.041,41,1
10,2,12176026000000,343141,0.123524,8.09562,4.90196,3.32928e+07,1.632e+08,1000000000,0.204,204,0.8
10,0,12176027000000,347141,0.123299,8.11039,9.61538,4.3264e+07,4.16e+08,4000000000,0.104,104,1
10,1,12176028000000,349141,0.123016,8.12901,13.5135,9.8568e+06,1.332e+08,2000000000,0.074,74,0.9
10,2,12176029000000,350141,0.12439,8.03924,1.65563,2.91853e+08,4.832e+08,1000000000,0.604,604,0.8
10,0,12176030000000,354141,0.123448,8.10058,24.3902,6.724e+06,1.64e+08,4000000000,0.041,41,1
10,2,12176031000000,355141,0.123526,8.09549,6.62252,1.82408e+07,1.208e+08,1000000000,0.151,151,0.8
10,0,12176032000000,359141,0.123445,8.1008,8.60215,5.40562e+07,4.65e+08,4000000000,0.11625,116.25,1
10,1,12176033000000,361141,0.123149,8.12027,14.2857,8.82e+06,1.26e+08,2000000000,0.07,70,0.9
10,2,12176034000000,362141,0.124474,8.03383,1.65837,2.90887e+08,4.824e+08,1000000000,0.603,603,0.8
10,0,12176035000000,366141,0.123597,8.0908,22.5989,7.83225e+06,1.77e+08,4000000000,0.04425,44.25,1
10,2,12176036000000,367141,0.123489,8.09786,11.9048,5.6448e+06,6.72e+07,1000000000,0.084,84,0.8
10,1,12176037000000,369141,0.124229,8.04965,3.84615,1.2168e+08,4.68e+08,2000000000,0.26,260,0.9
10,1,12176038000000,371141,0.123904,8.07074,15.625,7.3728e+06,1.152e+08,2000000000,0.064,64,0.9
10,1,12176039000000,373141,0.124955,8.00285,3.125,1.8432e+08,5.76e+08,2000000000,0.32,320,0.9
10,0,12176040000000,377141,0.124025,8.06288,26.8456,5.55025e+06,1.49e+08,4000000000,0.03725,37.25,1
10,2,12176041000000,378141,0.124485,8.03308,3.3557,7.10432e+07,2.384e+08,1000000000,0.298,298,0.8
10,0,12176042000000,382141,0.124012,8.06375,12.6183,2.51222e+07,3.17e+08,4000000000,0.07925,79.25,1
10,2,12176043000000,383141,0.123996,8.06477,8.47458,1.11392e+07,9.44e+07,1000000000,0.118,118,0.8
10,1,12176044000000,385141,0.125081,7.99479,3.003,1.996e+08,5.994e+08,2000000000,0.333,333,0.9
10,0,12176045000000,389141,0.124186,8.05241,26.3158,5.776e+06,1.52e+08,4000000000,0.038,38,1
10,2,12176046000000,390141,0.124909,8.00585,2.46305,1.31869e+08,3.248e+08,1000000000,0.406,406,0.8
10,0,12176047000000,394141,0.124143,8.0552,20.202,9.801e+06,1.98e+08,4000000000,0.0495,49.5,1
10,2,12176048000000,395141,0.124118,8.05687,8.77193,1.03968e+07,9.12e+07,1000000000,0.114,114,0.8
10,1,12176049000000,396376,0.125421,7.97313,1.84328,5.29771e+08,9.76518e+08,2000000000,0.54251,335,0.9
10,0,12176050000000,396376,0.125421,7.97313,0,-nan,-nan,4000000000,-nan,0,1
10,2,12176051000000,396376,0.125421,7.97313,0,-nan,-nan,1000000000,-nan,0,0.8
10,0,12176052000000,396376,0.125421,7.97313,0,-nan,-nan,4000000000,-nan,0,1
10,2,12176053000000,396376,0.125421,7.97313,0,-nan,-nan,1000000000,-nan,0,0.8
10,2,12176054000000,396376,0.125421,7.97313,0,-nan,-nan,1000000000,-nan,0,0.8
10,0,12176055000000,396376,0.125421,7.97313,0,-nan,-nan,4000000000,-nan,0,1
10,2,12176056000000,396376,0.125421,7.97313,0,-nan,-nan,1000000000,-nan,0,0.8
10,0,12176057000000,396376,0.125421,7.97313,0,-nan,-nan,4000000000,-nan,0,1
11,2,10881501000000,600,0.00333333,300,300,8888.89,2.66667e+06,1000000000,0.00333333,2,0.8
11,2,12175902000000,53141,0.0923957,10.823,10.7052,6.98076e+06,7.47302e+07,1000000000,0.0934128,4908,0.8
11,0,12175903000000,57141,0.0859278,11.6377,0,0,0,4000000000,0,0,1
11,2,12175904000000,58141,0.0846563,11.8125,83.3333,115200,9.6e+06,1000000000,0.012,12,0.8
11,2,12175905000000,59141,0.0883144,11.3232,3.32226,7.24808e+07,2.408e+08,1000000000,0.301,301,0.8
11,0,12175906000000,63141,0.0857763,11.6582,20.7254,9.31225e+06,1.93e+08,4000000000,0.04825,48.25,1
11,2,12175907000000,64141,0.0866996,11.5341,6.89655,1.682e+07,1.16e+08,1000000000,0.145,145,0.8
11,0,12175908000000,68141,0.0883169,11.3229,8.75274,5.22122e+07,4.57e+08,4000000000,0.11425,114.25,1
11,2,12175909000000,69141,0.0886883,11.2754,8.77193,1.03968e+07,9.12e+07,1000000000,0.114,114,0.8
11,1,12175910000000,71141,0.0953318,10.4897,3.07692,1.90125e+08,5.85e+08,2000000000,0.325,325,0.9
11,0,12175911000000,75141,0.0921734,10.8491,27.7778,5.184e+06,1.44e+08,4000000000,0.036,36,1
11,2,12175912000000,76141,0.0957566,10.4431,2.73973,1.0658e+08,2.92e+08,1000000000,0.365,365,0.8
11,0,12175913000000,80141,0.0943088,10.6035,14.9813,1.78223e+07,2.67e+08,4000000000,0.06675,66.75,1
11,2,12175914000000,81141,0.0945022,10.5818,9.09091,9.68e+06,8.8e+07,1000000000,0.11,110,0.8
11,1,12175915000000,83141,0.100047,9.99531,3.07692,1.90125e+08,5.85e+08,2000000000,0.325,325,0.9
11,0,12175916000000,87141,0.0972217,10.2858,25.974,5.929e+06,1.54e+08,4000000000,0.0385,38.5,1
11,2,12175917000000,88141,0.101224,9.87906,2.22222,1.62e+08,3.6e+08,1000000000,0.45,450,0.8
11,0,12175918000000,92141,0.0986097,10.141,24.3902,6.724e+06,1.64e+08,4000000000,0.041,41,1
11,2,12175919000000,93141,0.0988179,10.1196,8.47458,1.11392e+07,9.44e+07,1000000000,0.118,118,0.8
11,1,12175920000000,95141,0.103573,9.65506,3.07692,1.90125e+08,5.85e+08,2000000000,0.325,325,0.9
11,0,12175921000000,99141,0.100846,9.91608,27.7778,5.184e+06,1.44e+08,4000000000,0.036,36,1
11,2,12175922000000,100141,0.104473,9.57188,2.15517,1.72237e+08,3.712e+08,1000000000,0.464,464,0.8
11,0,12175923000000,104141,0.102073,9.7969,23.8095,7.056e+06,1.68e+08,4000000000,0.042,42,1
11,2,12175924000000,105141,0.102225,9.78238,8.47458,1.11392e+07,9.44e+07,1000000000,0.118,118,0.8
11,1,12175925000000,107141,0.106458,9.39339,3.03951,1.94834e+08,5.922e+08,2000000000,0.329,329,0.9
11,0,12175926000000,111141,0.103886,9.62593,28.5714,4.9e+06,1.4e+08,4000000000,0.035,35,1
11,2,12175927000000,112141,0.107071,9.33964,2.1692,1.70017e+08,3.688e+08,1000000000,0.461,461,0.8
11,0,12175928000000,116141,0.104718,9.5495,25.8065,6.00625e+06,1.55e+08,4000000000,0.03875,38.75,1
11,2,12175929000000,117141,0.104797,9.54228,8.77193,1.03968e+07,9.12e+07,1000000000,0.114,114,0.8
11,1,12175930000000,119141,0.108628,9.20576,3.003,1.996e+08,5.994e+08,2000000000,0.333,333,0.9
11,0,12175931000000,123141,0.106333,9.40438,26.3158,5.776e+06,1.52e+08,4000000000,0.038,38,1
11,2,12175932000000,124141,0.109239,9.15427,2.14133,1.74471e+08,3.736e+08,1000000000,0.467,467,0.8
11,0,12175933000000,128141,0.106898,9.35472,29.1971,4.69225e+06,1.37e+08,4000000000,0.03425,34.25,1
11,2,12175934000000,129141,0.106953,9.34991,8.77193,1.03968e+07,9.12e+07,1000000000,0.114,114,0.8
11,1,12175935000000,131141,0.1104,9.05795,3.003,1.996e+08,5.994e+08,2000000000,0.333,333,0.9
11,0,12175936000000,135141,0.108257,9.23725,26.3158,5.776e+06,1.52e+08,4000000000,0.038,38,1
11,2,12175937000000,136141,0.110929,9.01477,2.11864,1.78227e+08,3.776e+08,1000000000,0.472,472,0.8
11,0,12175938000000,140141,0.108705,9.19923,30.303,4.356e+06,1.32e+08,4000000000,0.033,33,1
11,2,12175939000000,141141,0.108742,9.19605,8.77193,1.03968e+07,9.12e+07,1000000000,0.114,114,0.8
11,1,12175940000000,143141,0.111876,8.93849,3.003,1.996e+08,5.994e+08,2000000000,0.333,333,0.9
11,0,12175941000000,147141,0.109867,9.10188,26.3158,5.776e+06,1.52e+08,4000000000,0.038,38,1
11,2,12175942000000,148141,0.112312,8.90377,2.11864,1.78227e+08,3.776e+08,1000000000,0.472,472,0.8
11,0,12175943000000,152141,0.110227,9.07221,30.303,4.356e+06,1.32e+08,4000000000,0.033,33,1
11,2,12175944000000,153141,0.110251,9.07018,8.77193,1.03968e+07,9.12e+07,1000000000,0.114,114,0.8
11,1,12175945000000,155141,0.113123,8.83994,3.003,1.996e+08,5.994e+08,2000000000,0.333,333,0.9
11,0,12175946000000,159141,0.111235,8.99,26.3158,5.776e+06,1.52e+08,4000000000,0.038,38,1
11,2,12175947000000,160141,0.113475,8.81251,2.12766,1.7672e+08,3.76e+08,1000000000,0.47,470,0.8
11,0,12175948000000,164141,0.111526,8.96651,29.8507,4.489e+06,1.34e+08,4000000000,0.0335,33.5,1
11,2,12175949000000,165141,0.111541,8.96531,8.77193,1.03968e+07,9.12e+07,1000000000,0.114,114,0.8
11,1,12175950000000,167141,0.114191,8.75726,3.003,1.996e+08,5.994e+08,2000000000,0.333,333,0.9
11,0,12175951000000,171141,0.11241,8.89599,26.3158,5.776e+06,1.52e+08,4000000000,0.038,38,1
11,2,12175952000000,172141,0.114505,8.73325,2.11416,1.78983e+08,3.784e+08,1000000000,0.473,473,0.8
11,0,12175953000000,176141,0.114806,8.71036,7.82779,6.52802e+07,5.11e+08,4000000000,0.12775,127.75,1
11,2,12175954000000,177141,0.114835,8.70814,8.33333,1.152e+07,9.6e+07,1000000000,0.12,120,0.8
11,2,12175955000000,178141,0.116801,8.56159,2.15054,1.7298e+08,3.72e+08,1000000000,0.465,465,0.8
11,1,12175956000000,180141,0.116342,8.59533,13.245,1.02604e+07,1.359e+08,2000000000,0.0755,75.5,0.9
11,2,12175957000000,181141,0.116335,8.59588,8.69565,1.058e+07,9.2e+07,1000000000,0.115,115,0.8
11,1,12175958000000,183141,0.118608,8.43113,3.08166,1.8954e+08,5.841e+08,2000000000,0.3245,324.5,0.9
11,1,12175959000000,185141,0.117781,8.49037,23.8095,3.1752e+06,7.56e+07,2000000000,0.042,42,0.9
11,2,12175960000000,186141,0.118351,8.44943,4.46429,4.01408e+07,1.792e+08,1000000000,0.224,224,0.8
11,1,12175961000000,188141,0.119581,8.36257,4.2735,9.85608e+07,4.212e+08,2000000000,0.234,234,0.9
11,0,12175962000000,192141,0.117788,8.48979,29.8507,4.489e+06,1.34e+08,4000000000,0.0335,33.5,1
11,2,12175963000000,193141,0.119591,8.36181,2.14592,1.73725e+08,3.728e+08,1000000000,0.466,466,0.8
11,0,12175964000000,197141,0.117956,8.47772,25.641,6.084e+06,1.56e+08,4000000000,0.039,39,1
11,2,12175965000000,198141,0.118158,8.46322,6.32911,1.99712e+07,1.264e+08,1000000000,0.158,158,0.8
11,1,12175966000000,200141,0.120045,8.33018,3.25733,1.69648e+08,5.526e+08,2000000000,0.307,307,0.9
11,0,12175967000000,204141,0.118105,8.46707,47.619,1.764e+06,8.4e+07,4000000000,0.021,21,1
11,2,12175968000000,205141,0.118738,8.42191,4.03226,4.92032e+07,1.984e+08,1000000000,0.248,248,0.8
11,0,12175969000000,209141,0.118571,8.43378,9.09091,4.84e+07,4.4e+08,4000000000,0.11,110,1
11,2,12175970000000,210141,0.11873,8.42248,6.57895,1.84832e+07,1.216e+08,1000000000,0.152,152,0.8
11,1,12175971000000,212141,0.120458,8.30167,3.31126,1.64167e+08,5.436e+08,2000000000,0.302,302,0.9
11,0,12175972000000,216141,0.118654,8.42786,43.4783,2.116e+06,9.2e+07,4000000000,0.023,23,1
11,2,12175973000000,217141,0.118826,8.41567,6.41026,1.94688e+07,1.248e+08,1000000000,0.156,156,0.8
11,0,12175974000000,221141,0.119046,8.4001,7.63359,6.8644e+07,5.24e+08,4000000000,0.131,131,1
11,2,12175975000000,222141,0.119073,8.39821,8,1.25e+07,1e+08,1000000000,0.125,125,0.8
11,1,12175976000000,224141,0.120915,8.27028,3.0722,1.9071e+08,5.859e+08,2000000000,0.3255,325.5,0.9
11,0,12175977000000,228141,0.119356,8.3783,31.25,4.096e+06,1.28e+08,4000000000,0.032,32,1
11,2,12175978000000,229141,0.118887,8.41131,83.3333,115200,9.6e+06,1000000000,0.012,12,0.8
11,0,12175979000000,233141,0.119559,8.3641,6.32911,9.9856e+07,6.32e+08,4000000000,0.158,158,1
11,2,12175980000000,234141,0.119466,8.37055,10.2041,7.6832e+06,7.84e+07,1000000000,0.098,98,0.8
11,1,12175981000000,236141,0.121207,8.25033,3.07692,1.90125e+08,5.85e+08,2000000000,0.325,325,0.9
11,0,12175982000000,240141,0.11983,8.34518,25.974,5.929e+06,1.54e+08,4000000000,0.0385,38.5,1
11,2,12175983000000,241141,0.119333,8.37993,0,0,0,1000000000,0,0,0.8
11,0,12175984000000,245141,0.119939,8.33756,6.38978,9.7969e+07,6.26e+08,4000000000,0.1565,156.5,1
11,2,12175985000000,246141,0.120086,8.32739,6.41026,1.94688e+07,1.248e+08,1000000000,0.156,156,0.8
11,1,12175986000000,248141,0.121552,8.22694,3.31126,1.64167e+08,5.436e+08,2000000000,0.302,302,0.9
11,0,12175987000000,252141,0.120163,8.32203,29.4118,4.624e+06,1.36e+08,4000000000,0.034,34,1
11,2,12175988000000,253141,0.119704,8.35394,250,12800,3.2e+06,1000000000,0.004,4,0.8
11,0,12175989000000,257141,0.1203,8.31257,6.32911,9.9856e+07,6.32e+08,4000000000,0.158,158,1
11,2,12175990000000,258141,0.120291,8.31318,8.47458,1.11392e+07,9.44e+07,1000000000,0.118,118,0.8
11,1,12175991000000,260141,0.121849,8.20686,3.09598,1.87792e+08,5.814e+08,2000000000,0.323,323,0.9
11,0,12175992000000,264141,0.120121,8.32491,129.032,240250,3.1e+07,4000000000,0.00775,7.75,1
11,2,12175993000000,265141,0.120046,8.33017,10,8e+06,8e+07,1000000000,0.1,100,0.8
11,0,12175994000000,269141,0.120688,8.28585,6.12557,1.06602e+08,6.53e+08,4000000000,0.16325,163.25,1
11,2,12175995000000,270141,0.120604,8.29162,10.2041,7.6832e+06,7.84e+07,1000000000,0.098,98,0.8
11,1,12175996000000,272141,0.121771,8.21211,3.57782,1.40616e+08,5.031e+08,2000000000,0.2795,279.5,0.9
11,0,12175997000000,276141,0.12041,8.30499,36.036,3.08025e+06,1.11e+08,4000000000,0.02775,27.75,1
11,2,12175998000000,277141,0.120386,8.30659,8.77193,1.03968e+07,9.12e+07,1000000000,0.114,114,0.8
11,0,12175999000000,281141,0.120943,8.26837,6.26959,1.01761e+08,6.38e+08,4000000000,0.1595,159.5,1
11,2,12176000000000,282141,0.120918,8.27005,8.77193,1.03968e+07,9.12e+07,1000000000,0.114,114,0.8
11,1,12176001000000,284141,0.120975,8.26616,7.75194,2.99538e+07,2.322e+08,2000000000,0.129,129,0.9
11,0,12176002000000,288141,0.121989,8.19747,5.15464,1.50544e+08,7.76e+08,4000000000,0.194,194,1
11,2,12176003000000,289141,0.121813,8.20934,14.0845,4.0328e+06,5.68e+07,1000000000,0.071,71,0.8
11,0,12176004000000,293141,0.122405,8.16958,6.05144,1.0923e+08,6.61e+08,4000000000,0.16525,165.25,1
11,2,12176005000000,294141,0.122519,8.16197,6.41026,1.94688e+07,1.248e+08,1000000000,0.156,156,0.8
11,1,12176006000000,296141,0.122769,8.14536,6.26959,4.57924e+07,2.871e+08,2000000000,0.1595,159.5,0.9
11,0,12176007000000,300141,0.122096,8.19028,13.8408,2.08802e+07,2.89e+08,4000000000,0.07225,72.25,1
11,2,12176008000000,301141,0.122056,8.19298,9.09091,9.68e+06,8.8e+07,1000000000,0.11,110,0.8
11,0,12176009000000,305141,0.122612,8.1558,6.07903,1.08241e+08,6.58e+08,4000000000,0.1645,164.5,1
11,1,12176010000000,307141,0.122214,8.18235,16.2602,6.80805e+06,1.107e+08,2000000000,0.0615,61.5,0.9
11,2,12176011000000,308141,0.123177,8.11837,2.38663,1.40449e+08,3.352e+08,1000000000,0.419,419,0.8
11,0,12176012000000,312141,0.122349,8.17337,17.094,1.3689e+07,2.34e+08,4000000000,0.0585,58.5,1
11,2,12176013000000,313141,0.122443,8.16705,6.57895,1.84832e+07,1.216e+08,1000000000,0.152,152,0.8
11,1,12176014000000,315141,0.123583,8.09174,3.31126,1.64167e+08,5.436e+08,2000000000,0.302,302,0.9
11,0,12176015000000,319141,0.12241,8.16928,33.3333,3.6e+06,1.2e+08,4000000000,0.03,30,1
11,2,12176016000000,320141,0.123449,8.10053,2.1978,1.6562e+08,3.64e+08,1000000000,0.455,455,0.8
11,0,12176017000000,324141,0.122533,8.16106,20.3046,9.70225e+06,1.97e+08,4000000000,0.04925,49.25,1
11,2,12176018000000,325141,0.122519,8.16199,8.47458,1.11392e+07,9.44e+07,1000000000,0.118,118,0.8
11,1,12176019000000,327141,0.123745,8.08115,3.09598,1.87792e+08,5.814e+08,2000000000,0.323,323,0.9
11,0,12176020000000,331141,0.122703,8.14976,26.6667,5.625e+06,1.5e+08,4000000000,0.0375,37.5,1
11,2,12176021000000,332141,0.123728,8.08227,2.15983,1.71495e+08,3.704e+08,1000000000,0.463,463,0.8
11,0,12176022000000,336141,0.122704,8.14966,26.4901,5.70025e+06,1.51e+08,4000000000,0.03775,37.75,1
11,2,12176023000000,337141,0.122691,8.15059,8.47458,1.11392e+07,9.44e+07,1000000000,0.118,118,0.8
11,2,12176024000000,338141,0.124262,8.04753,1.52905,3.42173e+08,5.232e+08,1000000000,0.654,654,0.8
11,0,12176025000000,342141,0.123288,8.11107,24.3902,6.724e+06,1.64e+08,4000000000,0.041,41,1
11,2,12176026000000,343141,0.123524,8.09562,4.90196,3.32928e+07,1.632e+08,1000000000,0.204,204,0.8
11,0,12176027000000,347141,0.123299,8.11039,9.61538,4.3264e+07,4.16e+08,4000000000,0.104,104,1
11,1,12176028000000,349141,0.123016,8.12901,13.5135,9.8568e+06,1.332e+08,2000000000,0.074,74,0.9
11,2,12176029000000,350141,0.12439,8.03924,1.65563,2.91853e+08,4.832e+08,1000000000,0.604,604,0.8
11,0,12176030000000,354141,0.123448,8.10058,24.3902,6.724e+06,1.64e+08,4000000000,0.041,41,1
11,2,12176031000000,355141,0.123526,8.09549,6.62252,1.82408e+07,1.208e+08,1000000000,0.151,151,0.8
11,0,12176032000000,359141,0.123445,8.1008,8.60215,5.40562e+07,4.65e+08,4000000000,0.11625,116.25,1
11,1,12176033000000,361141,0.123149,8.12027,14.2857,8.82e+06,1.26e+08,2000000000,0.07,70,0.9
11,2,12176034000000,362141,0.124474,8.03383,1.65837,2.90887e+08,4.824e+08,1000000000,0.603,603,0.8
11,0,12176035000000,366141,0.123597,8.0908,22.5989,7.83225e+06,1.77e+08,4000000000,0.04425,44.25,1
11,2,12176036000000,367141,0.123489,8.09786,11.9048,5.6448e+06,6.72e+07,1000000000,0.084,84,0.8
11,1,12176037000000,369141,0.124229,8.04965,3.84615,1.2168e+08,4.68e+08,2000000000,0.26,260,0.9
11,1,12176038000000,371141,0.123904,8.07074,15.625,7.3728e+06,1.152e+08,2000000000,0.064,64,0.9
11,1,12176039000000,373141,0.124955,8.00285,3.125,1.8432e+08,5.76e+08,2000000000,0.32,320,0.9
11,0,12176040000000,377141,0.124025,8.06288,26.8456,5.55025e+06,1.49e+08,4000000000,0.03725,37.25,1
11,2,12176041000000,378141,0.124485,8.03308,3.3557,7.10432e+07,2.384e+08,1000000000,0.298,298,0.8
11,0,12176042000000,382141,0.124012,8.06375,12.6183,2.51222e+07,3.17e+08,4000000000,0.07925,79.25,1
11,2,12176043000000,383141,0.123996,8.06477,8.47458,1.11392e+07,9.44e+07,1000000000,0.118,118,0.8
11,1,12176044000000,385141,0.125081,7.99479,3.003,1.996e+08,5.994e+08,2000000000,0.333,333,0.9
11,0,12176045000000,389141,0.124186,8.05241,26.3158,5.776e+06,1.52e+08,4000000000,0.038,38,1
11,2,12176046000000,390141,0.124909,8.00585,2.46305,1.31869e+08,3.248e+08,1000000000,0.406,406,0.8
11,0,12176047000000,394141,0.124143,8.0552,20.202,9.801e+06,1.98e+08,4000000000,0.0495,49.5,1
11,2,12176048000000,395141,0.124118,8.05687,8.77193,1.03968e+07,9.12e+07,1000000000,0.114,114,0.8
11,1,12176049000000,396376,0.125421,7.97313,1.84328,5.29771e+08,9.76518e+08,2000000000,0.54251,335,0.9
11,0,12176050000000,396376,0.125421,7.97313,0,-nan,-nan,4000000000,-nan,0,1
11,2,12176051000000,396376,0.125421,7.97313,0,-nan,-nan,1000000000,-nan,0,0.8
11,0,12176052000000,396376,0.125421,7.97313,0,-nan,-nan,4000000000,-nan,0,1
11,2,12176053000000,396376,0.125421,7.97313,0,-nan,-nan,1000000000,-nan,0,0.8
11,2,12176054000000,396376,0.125421,7.97313,0,-nan,-nan,1000000000,-nan,0,0.8
11,0,12176055000000,396376,0.125421,7.97313,0,-nan,-nan,4000000000,-nan,0,1
11,2,12176056000000,396376,0.125421,7.97313,0,-nan,-nan,1000000000,-nan,0,0.8
11,0,12176057000000,396376,0.125421,7.97313,0,-nan,-nan,4000000000,-nan,0,1
12,2,12175902000000,53765,0.0904306,11.0582,11.0582,6.54215e+06,7.23445e+07,1000000000,0.0904306,4862,0.8
12,0,12175903000000,57765,0.0841686,11.8809,0,0,0,4000000000,0,0,1
12,2,12175904000000,58765,0.0829405,12.0568,83.3333,115200,9.6e+06,1000000000,0.012,12,0.8
12,2,12175905000000,59765,0.0873756,11.4448,2.87356,9.68832e+07,2.784e+08,1000000000,0.348,348,0.8
12,0,12175906000000,63765,0.0841841,11.8787,27.3973,5.329e+06,1.46e+08,4000000000,0.0365,36.5,1
12,2,12175907000000,64765,0.0867598,11.5261,3.98406,5.04008e+07,2.008e+08,1000000000,0.251,251,0.8
12,0,12175908000000,68765,0.0868756,11.5107,11.2676,3.15062e+07,3.55e+08,4000000000,0.08875,88.75,1
12,2,12175909000000,69765,0.0877517,11.3958,6.75676,1.75232e+07,1.184e+08,1000000000,0.148,148,0.8
12,1,12175910000000,71765,0.0938898,10.6508,3.24675,1.70755e+08,5.544e+08,2000000000,0.308,308,0.9
12,0,12175911000000,75765,0.0907807,11.0156,28.5714,4.9e+06,1.4e+08,4000000000,0.035,35,1
12,2,12175912000000,76765,0.0946655,10.5635,2.57069,1.21057e+08,3.112e+08,1000000000,0.389,389,0.8
12,0,12175913000000,80765,0.0928868,10.7658,17.0213,1.38062e+07,2.35e+08,4000000000,0.05875,58.75,1
12,2,12175914000000,81765,0.0931939,10.7303,8.47458,1.11392e+07,9.44e+07,1000000000,0.118,118,0.8
12,1,12175915000000,83765,0.0987286,10.1288,3.07692,1.90125e+08,5.85e+08,2000000000,0.325,325,0.9
12,0,12175916000000,87765,0.0958697,10.4308,27.7778,5.184e+06,1.44e+08,4000000000,0.036,36,1
12,2,12175917000000,88765,0.0997353,10.0265,2.2779,1.54177e+08,3.512e+08,1000000000,0.439,439,0.8
12,0,12175918000000,92765,0.0975152,10.2548,20.7254,9.31225e+06,1.93e+08,4000000000,0.04825,48.25,1
12,2,12175919000000,93765,0.0977337,10.2319,8.47458,1.11392e+07,9.44e+07,1000000000,0.118,118,0.8
12,1,12175920000000,95765,0.102438,9.76198,3.09598,1.87792e+08,5.814e+08,2000000000,0.323,323,0.9
12,0,12175921000000,99765,0.0998346,10.0166,26.6667,5.625e+06,1.5e+08,4000000000,0.0375,37.5,1
12,2,12175922000000,100765,0.103478,9.66385,2.14133,1.74471e+08,3.736e+08,1000000000,0.467,467,0.8
12,0,12175923000000,104765,0.100931,9.90779,27.2109,5.40225e+06,1.47e+08,4000000000,0.03675,36.75,1
12,2,12175924000000,105765,0.101092,9.89198,8.47458,1.11392e+07,9.44e+07,1000000000,0.118,118,0.8
12,1,12175925000000,107765,0.105396,9.48803,3.003,1.996e+08,5.994e+08,2000000000,0.333,333,0.9
12,0,12175926000000,111765,0.102984,9.71025,26.3158,5.776e+06,1.52e+08,4000000000,0.038,38,1
12,2,12175927000000,112765,0.106177,9.41827,2.15983,1.71495e+08,3.704e+08,1000000000,0.463,463,0.8
12,0,12175928000000,116765,0.103747,9.63885,28.3688,4.97025e+06,1.41e+08,4000000000,0.03525,35.25,1
12,2,12175929000000,117765,0.103834,9.63077,8.77193,1.03968e+07,9.12e+07,1000000000,0.114,114,0.8
12,1,12175930000000,119765,0.107661,9.28843,3.003,1.996e+08,5.994e+08,2000000000,0.333,333,0.9
12,0,12175931000000,123765,0.105409,9.48682,26.3158,5.776e+06,1.52e+08,4000000000,0.038,38,1
12,2,12175932000000,124765,0.108332,9.23091,2.12766,1.7672e+08,3.76e+08,1000000000,0.47,470,0.8
12,0,12175933000000,128765,0.106007,9.43333,29.8507,4.489e+06,1.34e+08,4000000000,0.0335,33.5,1
12,2,12175934000000,129765,0.106069,9.42786,8.77193,1.03968e+07,9.12e+07,1000000000,0.114,114,0.8
12,1,12175935000000,131765,0.109513,9.13132,3.003,1.996e+08,5.994e+08,2000000000,0.333,333,0.9
12,0,12175936000000,135765,0.107406,9.31045,26.3158,5.776e+06,1.52e+08,4000000000,0.038,38,1
12,2,12175937000000,136765,0.110087,9.08375,2.1097,1.79741e+08,3.792e+08,1000000000,0.474,474,0.8
12,0,12175938000000,140765,0.107882,9.26939,30.7692,4.225e+06,1.3e+08,4000000000,0.0325,32.5,1
12,2,12175939000000,141765,0.107925,9.26569,8.77193,1.03968e+07,9.12e+07,1000000000,0.114,114,0.8
12,1,12175940000000,143765,0.111056,9.00445,3.003,1.996e+08,5.994e+08,2000000000,0.333,333,0.9
12,0,12175941000000,147765,0.109079,9.1677,26.3158,5.776e+06,1.52e+08,4000000000,0.038,38,1
12,2,12175942000000,148765,0.111532,8.96607,2.1097,1.79741e+08,3.792e+08,1000000000,0.474,474,0.8
12,0,12175943000000,152765,0.109462,9.13557,30.7692,4.225e+06,1.3e+08,4000000000,0.0325,32.5,1
12,2,12175944000000,153765,0.109492,9.13311,8.77193,1.03968e+07,9.12e+07,1000000000,0.114,114,0.8
12,1,12175945000000,155765,0.112362,8.89984,3.003,1.996e+08,5.994e+08,2000000000,0.333,333,0.9
12,0,12175946000000,159765,0.1105,9.04979,26.3158,5.776e+06,1.52e+08,4000000000,0.038,38,1
12,2,12175947000000,160765,0.112761,8.86833,2.1097,1.79741e+08,3.792e+08,1000000000,0.474,474,0.8
12,0,12175948000000,164765,0.110812,9.02426,30.7692,4.225e+06,1.3e+08,4000000000,0.0325,32.5,1
12,2,12175949000000,165765,0.110832,9.0227,8.77193,1.03968e+07,9.12e+07,1000000000,0.114,114,0.8
12,1,12175950000000,167765,0.11348,8.81211,3.003,1.996e+08,5.994e+08,2000000000,0.333,333,0.9
12,0,12175951000000,171765,0.111722,8.95076,26.3158,5.776e+06,1.52e+08,4000000000,0.038,38,1
12,2,12175952000000,172765,0.113819,8.78585,2.1097,1.79741e+08,3.792e+08,1000000000,0.474,474,0.8
12,0,12175953000000,176765,0.111979,8.93023,30.7692,4.225e+06,1.3e+08,4000000000,0.0325,32.5,1
12,2,12175954000000,177765,0.111861,8.93965,10.989,6.6248e+06,7.28e+07,1000000000,0.091,91,0.8
12,2,12175955000000,178765,0.111482,8.97009,22.7273,1.5488e+06,3.52e+07,1000000000,0.044,44,0.8
12,1,12175956000000,180765,0.111382,8.9781,9.7561,1.89112e+07,1.845e+08,2000000000,0.1025,102.5,0.9
12,2,12175957000000,181765,0.110835,9.02239,83.3333,115200,9.6e+06,1000000000,0.012,12,0.8
12,1,12175958000000,183765,0.110282,9.06765,16.6667,6.48e+06,1.08e+08,2000000000,0.06,60,0.9
12,1,12175959000000,185765,0.109159,9.16091,166.667,64800,1.08e+07,2000000000,0.006,6,0.9
12,2,12175960000000,186765,0.109469,9.135,5.98802,2.23112e+07,1.336e+08,1000000000,0.167,167,0.8
12,1,12175961000000,188765,0.111694,8.953,3.12989,1.83744e+08,5.751e+08,2000000000,0.3195,319.5,0.9
12,0,12175962000000,192765,0.109937,9.09612,37.037,2.916e+06,1.08e+08,4000000000,0.027,27,1
12,2,12175963000000,193765,0.110015,9.08969,8,1.25e+07,1e+08,1000000000,0.125,125,0.8
12,0,12175964000000,197765,0.110338,9.06306,7.93651,6.3504e+07,5.04e+08,4000000000,0.126,126,1
12,2,12175965000000,198765,0.110382,9.05948,8.40336,1.13288e+07,9.52e+07,1000000000,0.119,119,0.8
12,1,12175966000000,200765,0.112554,8.88459,3.04414,1.94242e+08,5.913e+08,2000000000,0.3285,328.5,0.9
12,0,12175967000000,204765,0.110996,9.00937,30.5344,4.29025e+06,1.31e+08,4000000000,0.03275,32.75,1
12,2,12175968000000,205765,0.112026,8.92651,3.09598,8.34632e+07,2.584e+08,1000000000,0.323,323,0.8
12,0,12175969000000,209765,0.111334,8.98197,13.2013,2.29522e+07,3.03e+08,4000000000,0.07575,75.75,1
12,2,12175970000000,210765,0.111546,8.96491,6.41026,1.94688e+07,1.248e+08,1000000000,0.156,156,0.8
12,1,12175971000000,212765,0.113482,8.81197,3.14961,1.81451e+08,5.715e+08,2000000000,0.3175,317.5,0.9
12,0,12175972000000,216765,0.111891,8.93729,36.6972,2.97025e+06,1.09e+08,4000000000,0.02725,27.25,1
12,2,12175973000000,217765,0.113209,8.8332,2.50627,1.27361e+08,3.192e+08,1000000000,0.399,399,0.8
12,0,12175974000000,221765,0.112182,8.9141,17.7778,1.26562e+07,2.25e+08,4000000000,0.05625,56.25,1
12,2,12175975000000,222765,0.112208,8.91203,8.47458,1.11392e+07,9.44e+07,1000000000,0.118,118,0.8
12,1,12175976000000,224765,0.114101,8.76413,3.07692,1.90125e+08,5.85e+08,2000000000,0.325,325,0.9
12,0,12175977000000,228765,0.112736,8.8703,27.7778,5.184e+06,1.44e+08,4000000000,0.036,36,1
12,2,12175978000000,229765,0.114156,8.75996,2.2779,1.54177e+08,3.512e+08,1000000000,0.439,439,0.8
12,0,12175979000000,233765,0.113058,8.84502,20,1e+07,2e+08,4000000000,0.05,50,1
12,2,12175980000000,234765,0.113083,8.84304,8.40336,1.13288e+07,9.52e+07,1000000000,0.119,119,0.8
12,1,12175981000000,236765,0.114903,8.703,3.04414,1.94242e+08,5.913e+08,2000000000,0.3285,328.5,0.9
12,0,12175982000000,240765,0.113538,8.80762,30.5344,4.29025e+06,1.31e+08,4000000000,0.03275,32.75,1
12,2,12175983000000,241765,0.115041,8.69252,2.09644,1.82023e+08,3.816e+08,1000000000,0.477,477,0.8
12,0,12175984000000,245765,0.113727,8.79302,29.1971,4.69225e+06,1.37e+08,4000000000,0.03425,34.25,1
12,2,12175985000000,246765,0.113744,8.79168,8.47458,1.11392e+07,9.44e+07,1000000000,0.118,118,0.8
12,1,12175986000000,248765,0.115474,8.65992,3.03951,1.94834e+08,5.922e+08,2000000000,0.329,329,0.9
12,0,12175987000000,252765,0.114225,8.75468,27.3973,5.329e+06,1.46e+08,4000000000,0.0365,36.5,1
12,2,12175988000000,253765,0.115627,8.64852,2.12766,1.7672e+08,3.76e+08,1000000000,0.47,470,0.8
12,0,12175989000000,257765,0.114391,8.74195,27.7778,5.184e+06,1.44e+08,4000000000,0.036,36,1
12,2,12175990000000,258765,0.114374,8.74324,9.09091,9.68e+06,8.8e+07,1000000000,0.11,110,0.8
12,1,12175991000000,260765,0.116154,8.60923,2.886,2.16112e+08,6.237e+08,2000000000,0.3465,346.5,0.9
12,0,12175992000000,264765,0.114849,8.70708,33.6134,3.54025e+06,1.19e+08,4000000000,0.02975,29.75,1
12,2,12175993000000,265765,0.116151,8.60945,2.1692,1.70017e+08,3.688e+08,1000000000,0.461,461,0.8
12,0,12175994000000,269765,0.114996,8.69593,26.1438,5.85225e+06,1.53e+08,4000000000,0.03825,38.25,1
12,2,12175995000000,270765,0.115007,8.69509,8.47458,1.11392e+07,9.44e+07,1000000000,0.118,118,0.8
12,1,12175996000000,272765,0.116632,8.57401,2.97177,2.03818e+08,6.057e+08,2000000000,0.3365,336.5,0.9
12,0,12175997000000,276765,0.115383,8.66678,33.0579,3.66025e+06,1.21e+08,4000000000,0.03025,30.25,1
12,2,12175998000000,277765,0.116627,8.57432,2.1692,1.70017e+08,3.688e+08,1000000000,0.461,461,0.8
12,0,12175999000000,281765,0.115579,8.65212,23.3918,7.31025e+06,1.71e+08,4000000000,0.04275,42.75,1
12,2,12176000000000,282765,0.115587,8.65148,8.47458,1.11392e+07,9.44e+07,1000000000,0.118,118,0.8
12,1,12176001000000,284765,0.11703,8.54483,3.11526,1.85474e+08,5.778e+08,2000000000,0.321,321,0.9
12,0,12176002000000,288765,0.115991,8.62139,23.8095,7.056e+06,1.68e+08,4000000000,0.042,42,1
12,2,12176003000000,289765,0.117164,8.53505,2.19298,1.66349e+08,3.648e+08,1000000000,0.456,456,0.8
12,0,12176004000000,293765,0.116059,8.61633,27.7778,5.184e+06,1.44e+08,4000000000,0.036,36,1
12,2,12176005000000,294765,0.116065,8.61584,8.47458,1.11392e+07,9.44e+07,1000000000,0.118,118,0.8
12,1,12176006000000,296765,0.118929,8.40837,1.84843,5.26826e+08,9.738e+08,2000000000,0.541,541,0.9
12,0,12176007000000,300765,0.117693,8.49667,38.4615,2.704e+06,1.04e+08,4000000000,0.026,26,1
12,2,12176008000000,301765,0.118334,8.45067,3.21543,7.73768e+07,2.488e+08,1000000000,0.311,311,0.8
12,0,12176009000000,305765,0.117849,8.48546,12.3077,2.64062e+07,3.25e+08,4000000000,0.08125,81.25,1
12,1,12176010000000,307765,0.117444,8.51473,18.018,5.54445e+06,9.99e+07,2000000000,0.0555,55.5,0.9
12,2,12176011000000,308765,0.119139,8.39355,1.56006,3.28705e+08,5.128e+08,1000000000,0.641,641,0.8
12,0,12176012000000,312765,0.11791,8.48107,43.4783,2.116e+06,9.2e+07,4000000000,0.023,23,1
12,2,12176013000000,313765,0.118101,8.46732,5.61798,2.53472e+07,1.424e+08,1000000000,0.178,178,0.8
12,1,12176014000000,315765,0.118968,8.40561,3.92157,1.17045e+08,4.59e+08,2000000000,0.255,255,0.9
12,0,12176015000000,319765,0.11773,8.494,50,1.6e+06,8e+07,4000000000,0.02,20,1
12,2,12176016000000,320765,0.119196,8.38952,1.70068,2.76595e+08,4.704e+08,1000000000,0.588,588,0.8
12,0,12176017000000,324765,0.118178,8.46183,27.3973,5.329e+06,1.46e+08,4000000000,0.0365,36.5,1
12,2,12176018000000,325765,0.118054,8.47067,12.8205,4.8672e+06,6.24e+07,1000000000,0.078,78,0.8
12,1,12176019000000,327765,0.119299,8.38231,3.10559,1.86631e+08,5.796e+08,2000000000,0.322,322,0.9
12,0,12176020000000,331765,0.118319,8.45175,26.3158,5.776e+06,1.52e+08,4000000000,0.038,38,1
12,2,12176021000000,332765,0.119517,8.36703,1.93424,2.13831e+08,4.136e+08,1000000000,0.517,517,0.8
12,0,12176022000000,336765,0.118626,8.42987,22.4719,7.921e+06,1.78e+08,4000000000,0.0445,44.5,1
12,2,12176023000000,337765,0.11844,8.44307,17.8571,2.5088e+06,4.48e+07,1000000000,0.056,56,0.8
12,2,12176024000000,338765,0.119936,8.3378,1.6,3.125e+08,5e+08,1000000000,0.625,625,0.8
12,0,12176025000000,342765,0.118962,8.40605,27.3973,5.329e+06,1.46e+08,4000000000,0.0365,36.5,1
12,2,12176026000000,343765,0.11955,8.36472,3.11526,8.24328e+07,2.568e+08,1000000000,0.321,321,0.8
12,0,12176027000000,347765,0.119109,8.39566,12.3077,2.64062e+07,3.25e+08,4000000000,0.08125,81.25,1
12,1,12176028000000,349765,0.118783,8.41874,16.129,6.9192e+06,1.116e+08,2000000000,0.062,62,0.9
12,2,12176029000000,350765,0.1202,8.31946,1.62338,3.03565e+08,4.928e+08,1000000000,0.616,616,0.8
12,0,12176030000000,354765,0.119104,8.39601,43.4783,2.116e+06,9.2e+07,4000000000,0.023,23,1
12,2,12176031000000,355765,0.119368,8.37745,4.69484,3.62952e+07,1.704e+08,1000000000,0.213,213,0.8
12,0,12176032000000,359765,0.11935,8.37871,8.49257,5.54602e+07,4.71e+08,4000000000,0.11775,117.75,1
12,1,12176033000000,361765,0.119122,8.39479,12.8205,1.09512e+07,1.404e+08,2000000000,0.078,78,0.9
12,2,12176034000000,362765,0.120406,8.30525,1.7094,2.7378e+08,4.68e+08,1000000000,0.585,585,0.8
12,0,12176035000000,366765,0.119395,8.37554,36.036,3.08025e+06,1.11e+08,4000000000,0.02775,27.75,1
12,2,12176036000000,367765,0.119378,8.37676,8.84956,1.02152e+07,9.04e+07,1000000000,0.113,113,0.8
12,1,12176037000000,369765,0.120266,8.31493,3.52734,1.4467e+08,5.103e+08,2000000000,0.2835,283.5,0.9
12,1,12176038000000,371765,0.119952,8.33666,16.129,6.9192e+06,1.116e+08,2000000000,0.062,62,0.9
12,1,12176039000000,373765,0.121044,8.26146,3.08642,1.88957e+08,5.832e+08,2000000000,0.324,324,0.9
12,0,12176040000000,377765,0.120112,8.32558,30.303,4.356e+06,1.32e+08,4000000000,0.033,33,1
12,2,12176041000000,378765,0.120481,8.30006,3.84615,5.408e+07,2.08e+08,1000000000,0.26,260,0.8
12,0,12176042000000,382765,0.120215,8.31845,10.5263,3.61e+07,3.8e+08,4000000000,0.095,95,1
12,2,12176043000000,383765,0.120146,8.32318,10.6383,7.0688e+06,7.52e+07,1000000000,0.094,94,0.8
12,1,12176044000000,385765,0.121229,8.24883,3.03951,1.94834e+08,5.922e+08,2000000000,0.329,329,0.9
12,0,12176045000000,389765,0.120416,8.30453,23.8095,7.056e+06,1.68e+08,4000000000,0.042,42,1
12,2,12176046000000,390765,0.121093,8.2581,2.5974,1.1858e+08,3.08e+08,1000000000,0.385,385,0.8
12,0,12176047000000,394765,0.120431,8.3035,17.9372,1.24322e+07,2.23e+08,4000000000,0.05575,55.75,1
12,2,12176048000000,395765,0.120425,8.30392,8.47458,1.11392e+07,9.44e+07,1000000000,0.118,118,0.8
12,1,12176049000000,397765,0.121474,8.23223,3.03951,1.94834e+08,5.922e+08,2000000000,0.329,329,0.9
12,0,12176050000000,401765,0.120613,8.29099,28.5714,4.9e+06,1.4e+08,4000000000,0.035,35,1
12,2,12176051000000,402765,0.121396,8.23751,2.29358,1.52077e+08,3.488e+08,1000000000,0.436,436,0.8
12,0,12176052000000,406765,0.120645,8.28881,22.2222,8.1e+06,1.8e+08,4000000000,0.045,45,1
12,2,12176053000000,407765,0.120628,8.28993,8.77193,1.03968e+07,9.12e+07,1000000000,0.114,114,0.8
12,2,12176054000000,408765,0.121914,8.20253,1.54799,3.33853e+08,5.168e+08,1000000000,0.646,646,0.8
12,0,12176055000000,408928,0.121924,8.20185,6.79167,8.67176e+07,5.88957e+08,4000000000,0.147239,6,1
12,2,12176056000000,408928,0.121924,8.20185,0,-nan,-nan,1000000000,-nan,0,0.8
12,0,12176057000000,408928,0.121924,8.20185,0,-nan,-nan,4000000000,-nan,0,1
13,2,10881501000000,1000,0.001,1000,1000,800,800000,1000000000,0.001,1,0.8
13,2,12175902000000,53282,0.0921512,10.8517,10.6502,7.05296e+06,7.51157e+07,1000000000,0.0938946,4909,0.8
13,0,12175903000000,57282,0.0857163,11.6664,0,0,0,4000000000,0,0,1
13,2,12175904000000,58282,0.0844515,11.8411,83.3333,115200,9.6e+06,1000000000,0.012,12,0.8
13,2,12175905000000,59282,0.0888971,11.249,2.87356,9.68832e+07,2.784e+08,1000000000,0.348,348,0.8
13,0,12175906000000,63282,0.0855852,11.6843,27.3973,5.329e+06,1.46e+08,4000000000,0.0365,36.5,1
13,2,12175907000000,64282,0.0881584,11.3432,3.98406,5.04008e+07,2.008e+08,1000000000,0.251,251,0.8
13,0,12175908000000,68282,0.0881931,11.3388,11.2676,3.15062e+07,3.55e+08,4000000000,0.08875,88.75,1
13,2,12175909000000,69282,0.0890563,11.2288,6.75676,1.75232e+07,1.184e+08,1000000000,0.148,148,0.8
13,1,12175910000000,71282,0.0951993,10.5043,3.24675,1.70755e+08,5.544e+08,2000000000,0.308,308,0.9
13,0,12175911000000,75282,0.0920007,10.8695,28.5714,4.9e+06,1.4e+08,4000000000,0.035,35,1
13,2,12175912000000,76282,0.0958942,10.4282,2.57069,1.21057e+08,3.112e+08,1000000000,0.389,389,0.8
13,0,12175913000000,80282,0.0940435,10.6334,17.0213,1.38062e+07,2.35e+08,4000000000,0.05875,58.75,1
13,2,12175914000000,81282,0.0943382,10.6002,8.47458,1.11392e+07,9.44e+07,1000000000,0.118,118,0.8
13,1,12175915000000,83282,0.0998775,10.0123,3.07692,1.90125e+08,5.85e+08,2000000000,0.325,325,0.9
13,0,12175916000000,87282,0.0969501,10.3146,27.7778,5.184e+06,1.44e+08,4000000000,0.036,36,1
13,2,12175917000000,88282,0.100825,9.91821,2.2779,1.54177e+08,3.512e+08,1000000000,0.439,439,0.8
13,0,12175918000000,92282,0.0985458,10.1476,20.7254,9.31225e+06,1.93e+08,4000000000,0.04825,48.25,1
13,2,12175919000000,93282,0.0987543,10.1261,8.47458,1.11392e+07,9.44e+07,1000000000,0.118,118,0.8
13,1,12175920000000,95282,0.103461,9.66545,3.09598,1.87792e+08,5.814e+08,2000000000,0.323,323,0.9
13,0,12175921000000,99282,0.100804,9.92026,26.6667,5.625e+06,1.5e+08,4000000000,0.0375,37.5,1
13,2,12175922000000,100282,0.104455,9.57346,2.14133,1.74471e+08,3.736e+08,1000000000,0.467,467,0.8
13,0,12175923000000,104282,0.101858,9.81755,27.2109,5.40225e+06,1.47e+08,4000000000,0.03675,36.75,1
13,2,12175924000000,105282,0.102012,9.80279,8.47458,1.11392e+07,9.44e+07,1000000000,0.118,118,0.8
13,1,12175925000000,107282,0.106318,9.40575,3.003,1.996e+08,5.994e+08,2000000000,0.333,333,0.9
13,0,12175926000000,111282,0.103862,9.62814,26.3158,5.776e+06,1.52e+08,4000000000,0.038,38,1
13,2,12175927000000,112282,0.107061,9.34049,2.15983,1.71495e+08,3.704e+08,1000000000,0.463,463,0.8
13,0,12175928000000,116282,0.104591,9.56109,28.3688,4.97025e+06,1.41e+08,4000000000,0.03525,35.25,1
13,2,12175929000000,117282,0.104671,9.55376,8.77193,1.03968e+07,9.12e+07,1000000000,0.114,114,0.8
13,1,12175930000000,119282,0.108499,9.21666,3.003,1.996e+08,5.994e+08,2000000000,0.333,333,0.9
13,0,12175931000000,123282,0.106212,9.41515,26.3158,5.776e+06,1.52e+08,4000000000,0.038,38,1
13,2,12175932000000,124282,0.109139,9.16264,2.12766,1.7672e+08,3.76e+08,1000000000,0.47,470,0.8
13,0,12175933000000,128282,0.10678,9.36502,29.8507,4.489e+06,1.34e+08,4000000000,0.0335,33.5,1
13,2,12175934000000,129282,0.106836,9.36012,8.77193,1.03968e+07,9.12e+07,1000000000,0.114,114,0.8
13,1,12175935000000,131282,0.110282,9.06769,3.003,1.996e+08,5.994e+08,2000000000,0.333,333,0.9
13,0,12175936000000,135282,0.108144,9.24689,26.3158,5.776e+06,1.52e+08,4000000000,0.038,38,1
13,2,12175937000000,136282,0.110829,9.02291,2.1097,1.79741e+08,3.792e+08,1000000000,0.474,474,0.8
13,0,12175938000000,140282,0.108596,9.20848,30.7692,4.225e+06,1.3e+08,4000000000,0.0325,32.5,1
13,2,12175939000000,141282,0.108634,9.20524,8.77193,1.03968e+07,9.12e+07,1000000000,0.114,114,0.8
13,1,12175940000000,143282,0.111766,8.9473,3.003,1.996e+08,5.994e+08,2000000000,0.333,333,0.9
13,0,12175941000000,147282,0.109762,9.1106,26.3158,5.776e+06,1.52e+08,4000000000,0.038,38,1
13,2,12175942000000,148282,0.112219,8.91118,2.1097,1.79741e+08,3.792e+08,1000000000,0.474,474,0.8
13,0,12175943000000,152282,0.110125,9.08062,30.7692,4.225e+06,1.3e+08,4000000000,0.0325,32.5,1
13,2,12175944000000,153282,0.11015,9.07854,8.77193,1.03968e+07,9.12e+07,1000000000,0.114,114,0.8
13,1,12175945000000,155282,0.11302,8.84798,3.003,1.996e+08,5.994e+08,2000000000,0.333,333,0.9
13,0,12175946000000,159282,0.111136,8.99797,26.3158,5.776e+06,1.52e+08,4000000000,0.038,38,1
13,2,12175947000000,160282,0.1134,8.81833,2.1097,1.79741e+08,3.792e+08,1000000000,0.474,474,0.8
13,0,12175948000000,164282,0.11143,8.97422,30.7692,4.225e+06,1.3e+08,4000000000,0.0325,32.5,1
13,2,12175949000000,165282,0.111446,8.97296,8.77193,1.03968e+07,9.12e+07,1000000000,0.114,114,0.8
13,1,12175950000000,167282,0.114095,8.76464,3.003,1.996e+08,5.994e+08,2000000000,0.333,333,0.9
13,0,12175951000000,171282,0.112318,8.90332,26.3158,5.776e+06,1.52e+08,4000000000,0.038,38,1
13,2,12175952000000,172282,0.114417,8.73996,2.1097,1.79741e+08,3.792e+08,1000000000,0.474,474,0.8
13,0,12175953000000,176282,0.112558,8.88429,30.7692,4.225e+06,1.3e+08,4000000000,0.0325,32.5,1
13,2,12175954000000,177282,0.112437,8.89389,10.989,6.6248e+06,7.28e+07,1000000000,0.091,91,0.8
13,2,12175955000000,178282,0.112053,8.92436,22.7273,1.5488e+06,3.52e+07,1000000000,0.044,44,0.8
13,1,12175956000000,180282,0.111947,8.93281,9.7561,1.89112e+07,1.845e+08,2000000000,0.1025,102.5,0.9
13,2,12175957000000,181282,0.111396,8.97702,83.3333,115200,9.6e+06,1000000000,0.012,12,0.8
13,1,12175958000000,183282,0.110835,9.02245,16.6667,6.48e+06,1.08e+08,2000000000,0.06,60,0.9
13,1,12175959000000,185282,0.109703,9.11552,166.667,64800,1.08e+07,2000000000,0.006,6,0.9
13,2,12175960000000,186282,0.110011,9.09003,5.98802,2.23112e+07,1.336e+08,1000000000,0.167,167,0.8
13,1,12175961000000,188282,0.112236,8.90981,3.12989,1.83744e+08,5.751e+08,2000000000,0.3195,319.5,0.9
13,0,12175962000000,192282,0.110463,9.05282,37.037,2.916e+06,1.08e+08,4000000000,0.027,27,1
13,2,12175963000000,193282,0.110538,9.04667,8,1.25e+07,1e+08,1000000000,0.125,125,0.8
13,0,12175964000000,197282,0.110851,9.02108,7.93651,6.3504e+07,5.04e+08,4000000000,0.126,126,1
13,2,12175965000000,198282,0.110893,9.01774,8.40336,1.13288e+07,9.52e+07,1000000000,0.119,119,0.8
13,1,12175966000000,200282,0.113066,8.84442,3.04414,1.94242e+08,5.913e+08,2000000000,0.3285,328.5,0.9
13,0,12175967000000,204282,0.111493,8.96918,30.5344,4.29025e+06,1.31e+08,4000000000,0.03275,32.75,1
13,2,12175968000000,205282,0.112523,8.88705,3.09598,8.34632e+07,2.584e+08,1000000000,0.323,323,0.8
13,0,12175969000000,209282,0.11182,8.94291,13.2013,2.29522e+07,3.03e+08,4000000000,0.07575,75.75,1
13,2,12175970000000,210282,0.112031,8.92614,6.41026,1.94688e+07,1.248e+08,1000000000,0.156,156,0.8
13,1,12175971000000,212282,0.113966,8.77452,3.14961,1.81451e+08,5.715e+08,2000000000,0.3175,317.5,0.9
13,0,12175972000000,216282,0.112363,8.89976,36.6972,2.97025e+06,1.09e+08,4000000000,0.02725,27.25,1
13,2,12175973000000,217282,0.113682,8.79649,2.50627,1.27361e+08,3.192e+08,1000000000,0.399,399,0.8
13,0,12175974000000,221282,0.112644,8.87756,17.7778,1.26562e+07,2.25e+08,4000000000,0.05625,56.25,1
13,2,12175975000000,222282,0.112668,8.87566,8.47458,1.11392e+07,9.44e+07,1000000000,0.118,118,0.8
13,1,12175976000000,224282,0.114561,8.72896,3.07692,1.90125e+08,5.85e+08,2000000000,0.325,325,0.9
13,0,12175977000000,228282,0.113185,8.83513,27.7778,5.184e+06,1.44e+08,4000000000,0.036,36,1
13,2,12175978000000,229282,0.114606,8.72558,2.2779,1.54177e+08,3.512e+08,1000000000,0.439,439,0.8
13,0,12175979000000,233282,0.113498,8.81074,20,1e+07,2e+08,4000000000,0.05,50,1
13,2,12175980000000,234282,0.113521,8.80892,8.40336,1.13288e+07,9.52e+07,1000000000,0.119,119,0.8
13,1,12175981000000,236282,0.115341,8.66994,3.04414,1.94242e+08,5.913e+08,2000000000,0.3285,328.5,0.9
13,0,12175982000000,240282,0.113966,8.77454,30.5344,4.29025e+06,1.31e+08,4000000000,0.03275,32.75,1
13,2,12175983000000,241282,0.115471,8.66021,2.09644,1.82023e+08,3.816e+08,1000000000,0.477,477,0.8
13,0,12175984000000,245282,0.114146,8.7607,29.1971,4.69225e+06,1.37e+08,4000000000,0.03425,34.25,1
13,2,12175985000000,246282,0.114162,8.7595,8.47458,1.11392e+07,9.44e+07,1000000000,0.118,118,0.8
13,1,12175986000000,248282,0.115937,8.6254,2.98954,2.01402e+08,6.021e+08,2000000000,0.3345,334.5,0.9
13,0,12175987000000,252282,0.114634,8.72344,29.6296,4.55625e+06,1.35e+08,4000000000,0.03375,33.75,1
13,2,12175988000000,253282,0.116033,8.61826,2.1322,1.75969e+08,3.752e+08,1000000000,0.469,469,0.8
13,0,12175989000000,257282,0.114792,8.71138,27.5862,5.25625e+06,1.45e+08,4000000000,0.03625,36.25,1
13,2,12175990000000,258282,0.114805,8.71044,8.47458,1.11392e+07,9.44e+07,1000000000,0.118,118,0.8
13,1,12175991000000,260282,0.116466,8.5862,3.02115,1.9721e+08,5.958e+08,2000000000,0.331,331,0.9
13,0,12175992000000,264282,0.115203,8.68035,30.303,4.356e+06,1.32e+08,4000000000,0.033,33,1
13,2,12175993000000,265282,0.116525,8.58185,2.14592,1.73725e+08,3.728e+08,1000000000,0.466,466,0.8
13,0,12175994000000,269282,0.11544,8.66248,22.9885,7.569e+06,1.74e+08,4000000000,0.0435,43.5,1
13,2,12175995000000,270282,0.115391,8.66622,9.80392,8.3232e+06,8.16e+07,1000000000,0.102,102,0.8
13,1,12175996000000,272282,0.11696,8.54996,3.03951,1.94834e+08,5.922e+08,2000000000,0.329,329,0.9
13,0,12175997000000,276282,0.115795,8.63597,27.3973,5.329e+06,1.46e+08,4000000000,0.0365,36.5,1
13,2,12175998000000,277282,0.117119,8.53832,2.07039,1.86631e+08,3.864e+08,1000000000,0.483,483,0.8
13,0,12175999000000,281282,0.115919,8.62669,30.5344,4.29025e+06,1.31e+08,4000000000,0.03275,32.75,1
13,2,12176000000000,282282,0.115927,8.62615,8.47458,1.11392e+07,9.44e+07,1000000000,0.118,118,0.8
13,1,12176001000000,284282,0.117412,8.51705,3.0581,1.92472e+08,5.886e+08,2000000000,0.327,327,0.9
13,0,12176002000000,288282,0.11631,8.59773,26.3158,5.776e+06,1.52e+08,4000000000,0.038,38,1
13,2,12176003000000,289282,0.117525,8.50879,2.13675,1.75219e+08,3.744e+08,1000000000,0.468,468,0.8
13,0,12176004000000,293282,0.116468,8.58604,25,6.4e+06,1.6e+08,4000000000,0.04,40,1
13,2,12176005000000,294282,0.116419,8.58967,9.80392,8.3232e+06,8.16e+07,1000000000,0.102,102,0.8
13,1,12176006000000,296282,0.119285,8.38328,1.84843,5.26826e+08,9.738e+08,2000000000,0.541,541,0.9
13,0,12176007000000,300282,0.118076,8.46914,35.0877,3.249e+06,1.14e+08,4000000000,0.0285,28.5,1
13,2,12176008000000,301282,0.118683,8.42582,3.32226,7.24808e+07,2.408e+08,1000000000,0.301,301,0.8
13,0,12176009000000,305282,0.118166,8.46266,12.6183,2.51222e+07,3.17e+08,4000000000,0.07925,79.25,1
13,1,12176010000000,307282,0.117765,8.4915,17.6991,5.74605e+06,1.017e+08,2000000000,0.0565,56.5,0.9
13,2,12176011000000,308282,0.119494,8.36859,1.5361,3.39041e+08,5.208e+08,1000000000,0.651,651,0.8
13,0,12176012000000,312282,0.118246,8.45697,45.4545,1.936e+06,8.8e+07,4000000000,0.022,22,1
13,2,12176013000000,313282,0.118465,8.4413,5.34759,2.79752e+07,1.496e+08,1000000000,0.187,187,0.8
13,1,12176014000000,315282,0.119277,8.38382,4.0568,1.09372e+08,4.437e+08,2000000000,0.2465,246.5,0.9
13,0,12176015000000,319282,0.118237,8.45758,27.5862,5.25625e+06,1.45e+08,4000000000,0.03625,36.25,1
13,2,12176016000000,320282,0.119676,8.35591,1.72712,2.68193e+08,4.632e+08,1000000000,0.579,579,0.8
13,0,12176017000000,324282,0.118782,8.41875,21.164,8.93025e+06,1.89e+08,4000000000,0.04725,47.25,1
13,2,12176018000000,325282,0.11862,8.43027,15.1515,3.4848e+06,5.28e+07,1000000000,0.066,66,0.8
13,1,12176019000000,327282,0.119609,8.36055,3.56506,1.41624e+08,5.049e+08,2000000000,0.2805,280.5,0.9
13,0,12176020000000,331282,0.1186,8.43171,27.7778,5.184e+06,1.44e+08,4000000000,0.036,36,1
13,2,12176021000000,332282,0.119907,8.33978,1.80832,2.44647e+08,4.424e+08,1000000000,0.553,553,0.8
13,0,12176022000000,336282,0.11893,8.40831,26.4901,5.70025e+06,1.51e+08,4000000000,0.03775,37.75,1
13,2,12176023000000,337282,0.118684,8.42573,27.7778,1.0368e+06,2.88e+07,1000000000,0.036,36,0.8
13,2,12176024000000,338282,0.120249,8.31609,1.54321,3.35923e+08,5.184e+08,1000000000,0.648,648,0.8
13,0,12176025000000,342282,0.119101,8.39626,45.4545,1.936e+06,8.8e+07,4000000000,0.022,22,1
13,2,12176026000000,343282,0.119514,8.36722,3.83142,5.44968e+07,2.088e+08,1000000000,0.261,261,0.8
13,0,12176027000000,347282,0.119344,8.37914,9.54654,4.38902e+07,4.19e+08,4000000000,0.10475,104.75,1
13,1,12176028000000,349282,0.119016,8.40226,16.129,6.9192e+06,1.116e+08,2000000000,0.062,62,0.9
13,2,12176029000000,350282,0.12046,8.3015,1.6,3.125e+08,5e+08,1000000000,0.625,625,0.8
13,0,12176030000000,354282,0.119402,8.37507,37.3832,2.86225e+06,1.07e+08,4000000000,0.02675,26.75,1
13,2,12176031000000,355282,0.119384,8.37633,8.84956,1.02152e+07,9.04e+07,1000000000,0.113,113,0.8
13,0,12176032000000,359282,0.119655,8.35734,6.95652,8.26562e+07,5.75e+08,4000000000,0.14375,143.75,1
13,1,12176033000000,361282,0.119353,8.37853,15.3846,7.605e+06,1.17e+08,2000000000,0.065,65,0.9
13,2,12176034000000,362282,0.120655,8.28812,1.69205,2.79425e+08,4.728e+08,1000000000,0.591,591,0.8
13,0,12176035000000,366282,0.119684,8.35535,31.4961,4.03225e+06,1.27e+08,4000000000,0.03175,31.75,1
13,2,12176036000000,367282,0.119551,8.36462,14.0845,4.0328e+06,5.68e+07,1000000000,0.071,71,0.8
13,1,12176037000000,369282,0.120531,8.29661,3.32779,1.6254e+08,5.409e+08,2000000000,0.3005,300.5,0.9
13,1,12176038000000,371282,0.120219,8.31818,16,7.03125e+06,1.125e+08,2000000000,0.0625,62.5,0.9
13,1,12176039000000,373282,0.121308,8.2435,3.09119,1.88374e+08,5.823e+08,2000000000,0.3235,323.5,0.9
13,0,12176040000000,377282,0.120377,8.30725,29.8507,4.489e+06,1.34e+08,4000000000,0.0335,33.5,1
13,2,12176041000000,378282,0.12068,8.28639,4.25532,4.418e+07,1.88e+08,1000000000,0.235,235,0.8
13,0,12176042000000,382282,0.120503,8.29857,9.63855,4.30562e+07,4.15e+08,4000000000,0.10375,103.75,1
13,2,12176043000000,383282,0.120574,8.29363,6.75676,1.75232e+07,1.184e+08,1000000000,0.148,148,0.8
13,1,12176044000000,385282,0.121547,8.22725,3.24675,1.70755e+08,5.544e+08,2000000000,0.308,308,0.9
13,0,12176045000000,389282,0.120627,8.29,31.25,4.096e+06,1.28e+08,4000000000,0.032,32,1
13,2,12176046000000,390282,0.121228,8.24894,2.8169,1.0082e+08,2.84e+08,1000000000,0.355,355,0.8
13,0,12176047000000,394282,0.120721,8.28358,14.0351,2.03062e+07,2.85e+08,4000000000,0.07125,71.25,1
13,2,12176048000000,395282,0.120769,8.28024,7.14286,1.568e+07,1.12e+08,1000000000,0.14,140,0.8
13,1,12176049000000,397282,0.121722,8.21543,3.22581,1.7298e+08,5.58e+08,2000000000,0.31,310,0.9
13,0,12176050000000,401282,0.120868,8.27351,27.7778,5.184e+06,1.44e+08,4000000000,0.036,36,1
13,2,12176051000000,402282,0.121609,8.22309,2.38663,1.40449e+08,3.352e+08,1000000000,0.419,419,0.8
13,0,12176052000000,406282,0.120916,8.2702,19.5122,1.05062e+07,2.05e+08,4000000000,0.05125,51.25,1
13,2,12176053000000,407282,0.120909,8.27069,8.47458,1.11392e+07,9.44e+07,1000000000,0.118,118,0.8
13,2,12176054000000,408282,0.122166,8.18561,1.57729,3.21565e+08,5.072e+08,1000000000,0.634,634,0.8
13,0,12176055000000,408475,0.122176,8.18489,6.89286,8.41902e+07,5.80311e+08,4000000000,0.145078,7,1
13,2,12176056000000,408475,0.122176,8.18489,0,-nan,-nan,1000000000,-nan,0,0.8
13,0,12176057000000,408475,0.122176,8.18489,0,-nan,-nan,4000000000,-nan,0,1
14,2,10881501000000,951,0.00210305,475.5,475.5,3538.25,1.68244e+06,1000000000,0.00210305,2,0.8
14,2,12175902000000,53281,0.0921529,10.8515,10.6622,7.03716e+06,7.50315e+07,1000000000,0.0937894,4908,0.8
14,0,12175903000000,57281,0.0857178,11.6662,0,0,0,4000000000,0,0,1
14,2,12175904000000,58281,0.0844529,11.8409,83.3333,115200,9.6e+06,1000000000,0.012,12,0.8
14,2,12175905000000,59281,0.0888986,11.2488,2.87356,9.68832e+07,2.784e+08,1000000000,0.348,348,0.8
14,0,12175906000000,63281,0.0855865,11.6841,27.3973,5.329e+06,1.46e+08,4000000000,0.0365,36.5,1
14,2,12175907000000,64281,0.0881598,11.343,3.98406,5.04008e+07,2.008e+08,1000000000,0.251,251,0.8
14,0,12175908000000,68281,0.0881944,11.3386,11.2676,3.15062e+07,3.55e+08,4000000000,0.08875,88.75,1
14,2,12175909000000,69281,0.0890576,11.2287,6.75676,1.75232e+07,1.184e+08,1000000000,0.148,148,0.8
14,1,12175910000000,71281,0.0952007,10.5041,3.24675,1.70755e+08,5.544e+08,2000000000,0.308,308,0.9
14,0,12175911000000,75281,0.092002,10.8693,28.5714,4.9e+06,1.4e+08,4000000000,0.035,35,1
14,2,12175912000000,76281,0.0958954,10.428,2.57069,1.21057e+08,3.112e+08,1000000000,0.389,389,0.8
14,0,12175913000000,80281,0.0940447,10.6332,17.0213,1.38062e+07,2.35e+08,4000000000,0.05875,58.75,1
14,2,12175914000000,81281,0.0943394,10.6,8.47458,1.11392e+07,9.44e+07,1000000000,0.118,118,0.8
14,1,12175915000000,83281,0.0998787,10.0121,3.07692,1.90125e+08,5.85e+08,2000000000,0.325,325,0.9
14,0,12175916000000,87281,0.0969512,10.3145,27.7778,5.184e+06,1.44e+08,4000000000,0.036,36,1
14,2,12175917000000,88281,0.100826,9.9181,2.2779,1.54177e+08,3.512e+08,1000000000,0.439,439,0.8
14,0,12175918000000,92281,0.0985468,10.1475,20.7254,9.31225e+06,1.93e+08,4000000000,0.04825,48.25,1
14,2,12175919000000,93281,0.0987554,10.126,8.47458,1.11392e+07,9.44e+07,1000000000,0.118,118,0.8
14,1,12175920000000,95281,0.103462,9.66535,3.09598,1.87792e+08,5.814e+08,2000000000,0.323,323,0.9
14,0,12175921000000,99281,0.100805,9.92016,26.6667,5.625e+06,1.5e+08,4000000000,0.0375,37.5,1
14,2,12175922000000,100281,0.104456,9.57337,2.14133,1.74471e+08,3.736e+08,1000000000,0.467,467,0.8
14,0,12175923000000,104281,0.101859,9.81745,27.2109,5.40225e+06,1.47e+08,4000000000,0.03675,36.75,1
14,2,12175924000000,105281,0.102013,9.8027,8.47458,1.11392e+07,9.44e+07,1000000000,0.118,118,0.8
14,1,12175925000000,107281,0.106319,9.40566,3.003,1.996e+08,5.994e+08,2000000000,0.333,333,0.9
14,0,12175926000000,111281,0.103863,9.62805,26.3158,5.776e+06,1.52e+08,4000000000,0.038,38,1
14,2,12175927000000,112281,0.107062,9.3404,2.15983,1.71495e+08,3.704e+08,1000000000,0.463,463,0.8
14,0,12175928000000,116281,0.104591,9.56101,28.3688,4.97025e+06,1.41e+08,4000000000,0.03525,35.25,1
14,2,12175929000000,117281,0.104672,9.55368,8.77193,1.03968e+07,9.12e+07,1000000000,0.114,114,0.8
14,1,12175930000000,119281,0.1085,9.21658,3.003,1.996e+08,5.994e+08,2000000000,0.333,333,0.9
14,0,12175931000000,123281,0.106213,9.41508,26.3158,5.776e+06,1.52e+08,4000000000,0.038,38,1
14,2,12175932000000,124281,0.10914,9.16256,2.12766,1.7672e+08,3.76e+08,1000000000,0.47,470,0.8
14,0,12175933000000,128281,0.106781,9.36494,29.8507,4.489e+06,1.34e+08,4000000000,0.0335,33.5,1
14,2,12175934000000,129281,0.106837,9.36005,8.77193,1.03968e+07,9.12e+07,1000000000,0.114,114,0.8
14,1,12175935000000,131281,0.110283,9.06762,3.003,1.996e+08,5.994e+08,2000000000,0.333,333,0.9
14,0,12175936000000,135281,0.108145,9.24682,26.3158,5.776e+06,1.52e+08,4000000000,0.038,38,1
14,2,12175937000000,136281,0.11083,9.02284,2.1097,1.79741e+08,3.792e+08,1000000000,0.474,474,0.8
14,0,12175938000000,140281,0.108596,9.20842,30.7692,4.225e+06,1.3e+08,4000000000,0.0325,32.5,1
14,2,12175939000000,141281,0.108635,9.20517,8.77193,1.03968e+07,9.12e+07,1000000000,0.114,114,0.8
14,1,12175940000000,143281,0.111766,8.94723,3.003,1.996e+08,5.994e+08,2000000000,0.333,333,0.9
14,0,12175941000000,147281,0.109763,9.11054,26.3158,5.776e+06,1.52e+08,4000000000,0.038,38,1
14,2,12175942000000,148281,0.112219,8.91112,2.1097,1.79741e+08,3.792e+08,1000000000,0.474,474,0.8
14,0,12175943000000,152281,0.110125,9.08056,30.7692,4.225e+06,1.3e+08,4000000000,0.0325,32.5,1
14,2,12175944000000,153281,0.110151,9.07848,8.77193,1.03968e+07,9.12e+07,1000000000,0.114,114,0.8
14,1,12175945000000,155281,0.113021,8.84792,3.003,1.996e+08,5.994e+08,2000000000,0.333,333,0.9
14,0,12175946000000,159281,0.111137,8.99791,26.3158,5.776e+06,1.52e+08,4000000000,0.038,38,1
14,2,12175947000000,160281,0.113401,8.81828,2.1097,1.79741e+08,3.792e+08,1000000000,0.474,474,0.8
14,0,12175948000000,164281,0.111431,8.97416,30.7692,4.225e+06,1.3e+08,4000000000,0.0325,32.5,1
14,2,12175949000000,165281,0.111447,8.97291,8.77193,1.03968e+07,9.12e+07,1000000000,0.114,114,0.8
14,1,12175950000000,167281,0.114095,8.76459,3.003,1.996e+08,5.994e+08,2000000000,0.333,333,0.9
14,0,12175951000000,171281,0.112318,8.90326,26.3158,5.776e+06,1.52e+08,4000000000,0.038,38,1
14,2,12175952000000,172281,0.114418,8.7399,2.1097,1.79741e+08,3.792e+08,1000000000,0.474,474,0.8
14,0,12175953000000,176281,0.112559,8.88424,30.7692,4.225e+06,1.3e+08,4000000000,0.0325,32.5,1
14,2,12175954000000,177281,0.112437,8.89384,10.989,6.6248e+06,7.28e+07,1000000000,0.091,91,0.8
14,2,12175955000000,178281,0.112053,8.92431,22.7273,1.5488e+06,3.52e+07,1000000000,0.044,44,0.8
14,1,12175956000000,180281,0.111947,8.93276,9.7561,1.89112e+07,1.845e+08,2000000000,0.1025,102.5,0.9
14,2,12175957000000,181281,0.111396,8.97697,83.3333,115200,9.6e+06,1000000000,0.012,12,0.8
14,1,12175958000000,183281,0.110835,9.0224,16.6667,6.48e+06,1.08e+08,2000000000,0.06,60,0.9
14,1,12175959000000,185281,0.109704,9.11547,166.667,64800,1.08e+07,2000000000,0.006,6,0.9
14,2,12175960000000,186281,0.110011,9.08998,5.98802,2.23112e+07,1.336e+08,1000000000,0.167,167,0.8
14,1,12175961000000,188281,0.112236,8.90976,3.12989,1.83744e+08,5.751e+08,2000000000,0.3195,319.5,0.9
14,0,12175962000000,192281,0.110463,9.05278,37.037,2.916e+06,1.08e+08,4000000000,0.027,27,1
14,2,12175963000000,193281,0.110539,9.04662,8,1.25e+07,1e+08,1000000000,0.125,125,0.8
14,0,12175964000000,197281,0.110852,9.02103,7.93651,6.3504e+07,5.04e+08,4000000000,0.126,126,1
14,2,12175965000000,198281,0.110893,9.01769,8.40336,1.13288e+07,9.52e+07,1000000000,0.119,119,0.8
14,1,12175966000000,200281,0.113066,8.84438,3.04414,1.94242e+08,5.913e+08,2000000000,0.3285,328.5,0.9
14,0,12175967000000,204281,0.111493,8.96913,30.5344,4.29025e+06,1.31e+08,4000000000,0.03275,32.75,1
14,2,12175968000000,205281,0.112524,8.88701,3.09598,8.34632e+07,2.584e+08,1000000000,0.323,323,0.8
14,0,12175969000000,209281,0.111821,8.94287,13.2013,2.29522e+07,3.03e+08,4000000000,0.07575,75.75,1
14,2,12175970000000,210281,0.112031,8.9261,6.41026,1.94688e+07,1.248e+08,1000000000,0.156,156,0.8
14,1,12175971000000,212281,0.113967,8.77448,3.14961,1.81451e+08,5.715e+08,2000000000,0.3175,317.5,0.9
14,0,12175972000000,216281,0.112363,8.89972,36.6972,2.97025e+06,1.09e+08,4000000000,0.02725,27.25,1
14,2,12175973000000,217281,0.113682,8.79645,2.50627,1.27361e+08,3.192e+08,1000000000,0.399,399,0.8
14,0,12175974000000,221281,0.112644,8.87752,17.7778,1.26562e+07,2.25e+08,4000000000,0.05625,56.25,1
14,2,12175975000000,222281,0.112668,8.87562,8.47458,1.11392e+07,9.44e+07,1000000000,0.118,118,0.8
14,1,12175976000000,224281,0.114562,8.72893,3.07692,1.90125e+08,5.85e+08,2000000000,0.325,325,0.9
14,0,12175977000000,228281,0.113185,8.83509,27.7778,5.184e+06,1.44e+08,4000000000,0.036,36,1
14,2,12175978000000,229281,0.114606,8.72554,2.2779,1.54177e+08,3.512e+08,1000000000,0.439,439,0.8
14,0,12175979000000,233281,0.113498,8.8107,20,1e+07,2e+08,4000000000,0.05,50,1
14,2,12175980000000,234281,0.113522,8.80888,8.40336,1.13288e+07,9.52e+07,1000000000,0.119,119,0.8
14,1,12175981000000,236281,0.115341,8.66991,3.04414,1.94242e+08,5.913e+08,2000000000,0.3285,328.5,0.9
14,0,12175982000000,240281,0.113967,8.7745,30.5344,4.29025e+06,1.31e+08,4000000000,0.03275,32.75,1
14,2,12175983000000,241281,0.115471,8.66017,2.09644,1.82023e+08,3.816e+08,1000000000,0.477,477,0.8
14,0,12175984000000,245281,0.114147,8.76066,29.1971,4.69225e+06,1.37e+08,4000000000,0.03425,34.25,1
14,2,12175985000000,246281,0.114162,8.75946,8.47458,1.11392e+07,9.44e+07,1000000000,0.118,118,0.8
14,1,12175986000000,248281,0.115937,8.62536,2.98954,2.01402e+08,6.021e+08,2000000000,0.3345,334.5,0.9
14,0,12175987000000,252281,0.114634,8.72341,29.6296,4.55625e+06,1.35e+08,4000000000,0.03375,33.75,1
14,2,12175988000000,253281,0.116033,8.61822,2.1322,1.75969e+08,3.752e+08,1000000000,0.469,469,0.8
14,0,12175989000000,257281,0.114793,8.71135,27.5862,5.25625e+06,1.45e+08,4000000000,0.03625,36.25,1
14,2,12175990000000,258281,0.114805,8.71041,8.47458,1.11392e+07,9.44e+07,1000000000,0.118,118,0.8
14,1,12175991000000,260281,0.116466,8.58616,3.02115,1.9721e+08,5.958e+08,2000000000,0.331,331,0.9
14,0,12175992000000,264281,0.115203,8.68032,30.303,4.356e+06,1.32e+08,4000000000,0.033,33,1
14,2,12175993000000,265281,0.116525,8.58181,2.14592,1.73725e+08,3.728e+08,1000000000,0.466,466,0.8
14,0,12175994000000,269281,0.115441,8.66245,22.9885,7.569e+06,1.74e+08,4000000000,0.0435,43.5,1
14,2,12175995000000,270281,0.115391,8.66619,9.80392,8.3232e+06,8.16e+07,1000000000,0.102,102,0.8
14,1,12175996000000,272281,0.11696,8.54993,3.03951,1.94834e+08,5.922e+08,2000000000,0.329,329,0.9
14,0,12175997000000,276281,0.115795,8.63594,27.3973,5.329e+06,1.46e+08,4000000000,0.0365,36.5,1
14,2,12175998000000,277281,0.117119,8.53829,2.07039,1.86631e+08,3.864e+08,1000000000,0.483,483,0.8
14,0,12175999000000,281281,0.11592,8.62666,30.5344,4.29025e+06,1.31e+08,4000000000,0.03275,32.75,1
14,2,12176000000000,282281,0.115927,8.62612,8.47458,1.11392e+07,9.44e+07,1000000000,0.118,118,0.8
14,1,12176001000000,284281,0.117412,8.51702,3.0581,1.92472e+08,5.886e+08,2000000000,0.327,327,0.9
14,0,12176002000000,288281,0.11631,8.5977,26.3158,5.776e+06,1.52e+08,4000000000,0.038,38,1
14,2,12176003000000,289281,0.117526,8.50877,2.13675,1.75219e+08,3.744e+08,1000000000,0.468,468,0.8
14,0,12176004000000,293281,0.116469,8.58601,25,6.4e+06,1.6e+08,4000000000,0.04,40,1
14,2,12176005000000,294281,0.116419,8.58964,9.80392,8.3232e+06,8.16e+07,1000000000,0.102,102,0.8
14,1,12176006000000,296281,0.119285,8.38326,1.84843,5.26826e+08,9.738e+08,2000000000,0.541,541,0.9
14,0,12176007000000,300281,0.118076,8.46912,35.0877,3.249e+06,1.14e+08,4000000000,0.0285,28.5,1
14,2,12176008000000,301281,0.118683,8.42579,3.32226,7.24808e+07,2.408e+08,1000000000,0.301,301,0.8
14,0,12176009000000,305281,0.118167,8.46263,12.6183,2.51222e+07,3.17e+08,4000000000,0.07925,79.25,1
14,1,12176010000000,307281,0.117765,8.49147,17.6991,5.74605e+06,1.017e+08,2000000000,0.0565,56.5,0.9
14,2,12176011000000,308281,0.119495,8.36856,1.5361,3.39041e+08,5.208e+08,1000000000,0.651,651,0.8
14,0,12176012000000,312281,0.118246,8.45694,45.4545,1.936e+06,8.8e+07,4000000000,0.022,22,1
14,2,12176013000000,313281,0.118466,8.44127,5.34759,2.79752e+07,1.496e+08,1000000000,0.187,187,0.8
14,1,12176014000000,315281,0.119278,8.3838,4.0568,1.09372e+08,4.437e+08,2000000000,0.2465,246.5,0.9
14,0,12176015000000,319281,0.118238,8.45755,27.5862,5.25625e+06,1.45e+08,4000000000,0.03625,36.25,1
14,2,12176016000000,320281,0.119676,8.35588,1.72712,2.68193e+08,4.632e+08,1000000000,0.579,579,0.8
14,0,12176017000000,324281,0.118783,8.41873,21.164,8.93025e+06,1.89e+08,4000000000,0.04725,47.25,1
14,2,12176018000000,325281,0.118621,8.43024,15.1515,3.4848e+06,5.28e+07,1000000000,0.066,66,0.8
14,1,12176019000000,327281,0.11961,8.36052,3.56506,1.41624e+08,5.049e+08,2000000000,0.2805,280.5,0.9
14,0,12176020000000,331281,0.1186,8.43169,27.7778,5.184e+06,1.44e+08,4000000000,0.036,36,1
14,2,12176021000000,332281,0.119908,8.33976,1.80832,2.44647e+08,4.424e+08,1000000000,0.553,553,0.8
14,0,12176022000000,336281,0.11893,8.40829,26.4901,5.70025e+06,1.51e+08,4000000000,0.03775,37.75,1
14,2,12176023000000,337281,0.118684,8.42571,27.7778,1.0368e+06,2.88e+07,1000000000,0.036,36,0.8
14,2,12176024000000,338281,0.120249,8.31607,1.54321,3.35923e+08,5.184e+08,1000000000,0.648,648,0.8
14,0,12176025000000,342281,0.119101,8.39624,45.4545,1.936e+06,8.8e+07,4000000000,0.022,22,1
14,2,12176026000000,343281,0.119514,8.3672,3.83142,5.44968e+07,2.088e+08,1000000000,0.261,261,0.8
14,0,12176027000000,347281,0.119344,8.37912,9.54654,4.38902e+07,4.19e+08,4000000000,0.10475,104.75,1
14,1,12176028000000,349281,0.119016,8.40224,16.129,6.9192e+06,1.116e+08,2000000000,0.062,62,0.9
14,2,12176029000000,350281,0.12046,8.30148,1.6,3.125e+08,5e+08,1000000000,0.625,625,0.8
14,0,12176030000000,354281,0.119402,8.37504,37.3832,2.86225e+06,1.07e+08,4000000000,0.02675,26.75,1
14,2,12176031000000,355281,0.119384,8.37631,8.84956,1.02152e+07,9.04e+07,1000000000,0.113,113,0.8
14,0,12176032000000,359281,0.119656,8.35732,6.95652,8.26562e+07,5.75e+08,4000000000,0.14375,143.75,1
14,1,12176033000000,361281,0.119353,8.3785,15.3846,7.605e+06,1.17e+08,2000000000,0.065,65,0.9
14,2,12176034000000,362281,0.120655,8.2881,1.69205,2.79425e+08,4.728e+08,1000000000,0.591,591,0.8
14,0,12176035000000,366281,0.119684,8.35533,31.4961,4.03225e+06,1.27e+08,4000000000,0.03175,31.75,1
14,2,12176036000000,367281,0.119552,8.36459,14.0845,4.0328e+06,5.68e+07,1000000000,0.071,71,0.8
14,1,12176037000000,369281,0.120532,8.29659,3.32779,1.6254e+08,5.409e+08,2000000000,0.3005,300.5,0.9
14,1,12176038000000,371281,0.120219,8.31816,16,7.03125e+06,1.125e+08,2000000000,0.0625,62.5,0.9
14,1,12176039000000,373281,0.121308,8.24347,3.09119,1.88374e+08,5.823e+08,2000000000,0.3235,323.5,0.9
14,0,12176040000000,377281,0.120377,8.30723,29.8507,4.489e+06,1.34e+08,4000000000,0.0335,33.5,1
14,2,12176041000000,378281,0.12068,8.28637,4.25532,4.418e+07,1.88e+08,1000000000,0.235,235,0.8
14,0,12176042000000,382281,0.120503,8.29855,9.63855,4.30562e+07,4.15e+08,4000000000,0.10375,103.75,1
14,2,12176043000000,383281,0.120575,8.29361,6.75676,1.75232e+07,1.184e+08,1000000000,0.148,148,0.8
14,1,12176044000000,385281,0.121548,8.22723,3.24675,1.70755e+08,5.544e+08,2000000000,0.308,308,0.9
14,0,12176045000000,389281,0.120628,8.28998,31.25,4.096e+06,1.28e+08,4000000000,0.032,32,1
14,2,12176046000000,390281,0.121228,8.24892,2.8169,1.0082e+08,2.84e+08,1000000000,0.355,355,0.8
14,0,12176047000000,394281,0.120721,8.28356,14.0351,2.03062e+07,2.85e+08,4000000000,0.07125,71.25,1
14,2,12176048000000,395281,0.12077,8.28022,7.14286,1.568e+07,1.12e+08,1000000000,0.14,140,0.8
14,1,12176049000000,397281,0.121722,8.21541,3.22581,1.7298e+08,5.58e+08,2000000000,0.31,310,0.9
14,0,12176050000000,401281,0.120868,8.27349,27.7778,5.184e+06,1.44e+08,4000000000,0.036,36,1
14,2,12176051000000,402281,0.121609,8.22307,2.38663,1.40449e+08,3.352e+08,1000000000,0.419,419,0.8
14,0,12176052000000,406281,0.120916,8.27018,19.5122,1.05062e+07,2.05e+08,4000000000,0.05125,51.25,1
14,2,12176053000000,407281,0.120909,8.27067,8.47458,1.11392e+07,9.44e+07,1000000000,0.118,118,0.8
14,2,12176054000000,408281,0.122166,8.18559,1.57729,3.21565e+08,5.072e+08,1000000000,0.634,634,0.8
14,0,12176055000000,408474,0.122177,8.18487,6.89286,8.41902e+07,5.80311e+08,4000000000,0.145078,7,1
14,2,12176056000000,408474,0.122177,8.18487,0,-nan,-nan,1000000000,-nan,0,0.8
14,0,12176057000000,408474,0.122177,8.18487,0,-nan,-nan,4000000000,-nan,0,1
15,2,10881501000000,881,0.00227015,440.5,440.5,4122.86,1.81612e+06,1000000000,0.00227015,2,0.8
15,2,12175902000000,53282,0.0921512,10.8517,10.6767,7.01811e+06,7.49299e+07,1000000000,0.0936623,4908,0.8
15,0,12175903000000,57282,0.0857163,11.6664,0,0,0,4000000000,0,0,1
15,2,12175904000000,58282,0.0844515,11.8411,83.3333,115200,9.6e+06,1000000000,0.012,12,0.8
15,2,12175905000000,59282,0.0888971,11.249,2.87356,9.68832e+07,2.784e+08,1000000000,0.348,348,0.8
15,0,12175906000000,63282,0.0855852,11.6843,27.3973,5.329e+06,1.46e+08,4000000000,0.0365,36.5,1
15,2,12175907000000,64282,0.0881584,11.3432,3.98406,5.04008e+07,2.008e+08,1000000000,0.251,251,0.8
15,0,12175908000000,68282,0.0881931,11.3388,11.2676,3.15062e+07,3.55e+08,4000000000,0.08875,88.75,1
15,2,12175909000000,69282,0.0890563,11.2288,6.75676,1.75232e+07,1.184e+08,1000000000,0.148,148,0.8
15,1,12175910000000,71282,0.0951993,10.5043,3.24675,1.70755e+08,5.544e+08,2000000000,0.308,308,0.9
15,0,12175911000000,75282,0.0920007,10.8695,28.5714,4.9e+06,1.4e+08,4000000000,0.035,35,1
15,2,12175912000000,76282,0.0958942,10.4282,2.57069,1.21057e+08,3.112e+08,1000000000,0.389,389,0.8
15,0,12175913000000,80282,0.0940435,10.6334,17.0213,1.38062e+07,2.35e+08,4000000000,0.05875,58.75,1
15,2,12175914000000,81282,0.0943382,10.6002,8.47458,1.11392e+07,9.44e+07,1000000000,0.118,118,0.8
15,1,12175915000000,83282,0.0998775,10.0123,3.07692,1.90125e+08,5.85e+08,2000000000,0.325,325,0.9
15,0,12175916000000,87282,0.0969501,10.3146,27.7778,5.184e+06,1.44e+08,4000000000,0.036,36,1
15,2,12175917000000,88282,0.100825,9.91821,2.2779,1.54177e+08,3.512e+08,1000000000,0.439,439,0.8
15,0,12175918000000,92282,0.0985458,10.1476,20.7254,9.31225e+06,1.93e+08,4000000000,0.04825,48.25,1
15,2,12175919000000,93282,0.0987543,10.1261,8.47458,1.11392e+07,9.44e+07,1000000000,0.118,118,0.8
15,1,12175920000000,95282,0.103461,9.66545,3.09598,1.87792e+08,5.814e+08,2000000000,0.323,323,0.9
15,0,12175921000000,99282,0.100804,9.92026,26.6667,5.625e+06,1.5e+08,4000000000,0.0375,37.5,1
15,2,12175922000000,100282,0.104455,9.57346,2.14133,1.74471e+08,3.736e+08,1000000000,0.467,467,0.8
15,0,12175923000000,104282,0.101858,9.81755,27.2109,5.40225e+06,1.47e+08,4000000000,0.03675,36.75,1
15,2,12175924000000,105282,0.102012,9.80279,8.47458,1.11392e+07,9.44e+07,1000000000,0.118,118,0.8
15,1,12175925000000,107282,0.106318,9.40575,3.003,1.996e+08,5.994e+08,2000000000,0.333,333,0.9
15,0,12175926000000,111282,0.103862,9.62814,26.3158,5.776e+06,1.52e+08,4000000000,0.038,38,1
15,2,12175927000000,112282,0.107061,9.34049,2.15983,1.71495e+08,3.704e+08,1000000000,0.463,463,0.8
15,0,12175928000000,116282,0.104591,9.56109,28.3688,4.97025e+06,1.41e+08,4000000000,0.03525,35.25,1
15,2,12175929000000,117282,0.104671,9.55376,8.77193,1.03968e+07,9.12e+07,1000000000,0.114,114,0.8
15,1,12175930000000,119282,0.108499,9.21666,3.003,1.996e+08,5.994e+08,2000000000,0.333,333,0.9
15,0,12175931000000,123282,0.106212,9.41515,26.3158,5.776e+06,1.52e+08,4000000000,0.038,38,1
15,2,12175932000000,124282,0.109139,9.16264,2.12766,1.7672e+08,3.76e+08,1000000000,0.47,470,0.8
15,0,12175933000000,128282,0.10678,9.36502,29.8507,4.489e+06,1.34e+08,4000000000,0.0335,33.5,1
15,2,12175934000000,129282,0.106836,9.36012,8.77193,1.03968e+07,9.12e+07,1000000000,0.114,114,0.8
15,1,12175935000000,131282,0.110282,9.06769,3.003,1.996e+08,5.994e+08,2000000000,0.333,333,0.9
15,0,12175936000000,135282,0.108144,9.24689,26.3158,5.776e+06,1.52e+08,4000000000,0.038,38,1
15,2,12175937000000,136282,0.110829,9.02291,2.1097,1.79741e+08,3.792e+08,1000000000,0.474,474,0.8
15,0,12175938000000,140282,0.108596,9.20848,30.7692,4.225e+06,1.3e+08,4000000000,0.0325,32.5,1
15,2,12175939000000,141282,0.108634,9.20524,8.77193,1.03968e+07,9.12e+07,1000000000,0.114,114,0.8
15,1,12175940000000,143282,0.111766,8.9473,3.003,1.996e+08,5.994e+08,2000000000,0.333,333,0.9
15,0,12175941000000,147282,0.109762,9.1106,26.3158,5.776e+06,1.52e+08,4000000000,0.038,38,1
15,2,12175942000000,148282,0.112219,8.91118,2.1097,1.79741e+08,3.792e+08,1000000000,0.474,474,0.8
15,0,12175943000000,152282,0.110125,9.08062,30.7692,4.225e+06,1.3e+08,4000000000,0.0325,32.5,1
15,2,12175944000000,153282,0.11015,9.07854,8.77193,1.03968e+07,9.12e+07,1000000000,0.114,114,0.8
15,1,12175945000000,155282,0.11302,8.84798,3.003,1.996e+08,5.994e+08,2000000000,0.333,333,0.9
15,0,12175946000000,159282,0.111136,8.99797,26.3158,5.776e+06,1.52e+08,4000000000,0.038,38,1
15,2,12175947000000,160282,0.1134,8.81833,2.1097,1.79741e+08,3.792e+08,1000000000,0.474,474,0.8
15,0,12175948000000,164282,0.11143,8.97422,30.7692,4.225e+06,1.3e+08,4000000000,0.0325,32.5,1
15,2,12175949000000,165282,0.111446,8.97296,8.77193,1.03968e+07,9.12e+07,1000000000,0.114,114,0.8
15,1,12175950000000,167282,0.114095,8.76464,3.003,1.996e+08,5.994e+08,2000000000,0.333,333,0.9
15,0,12175951000000,171282,0.112318,8.90332,26.3158,5.776e+06,1.52e+08,4000000000,0.038,38,1
15,2,12175952000000,172282,0.114417,8.73996,2.1097,1.79741e+08,3.792e+08,1000000000,0.474,474,0.8
15,0,12175953000000,176282,0.112558,8.88429,30.7692,4.225e+06,1.3e+08,4000000000,0.0325,32.5,1
15,2,12175954000000,177282,0.112437,8.89389,10.989,6.6248e+06,7.28e+07,1000000000,0.091,91,0.8
15,2,12175955000000,178282,0.112053,8.92436,22.7273,1.5488e+06,3.52e+07,1000000000,0.044,44,0.8
15,1,12175956000000,180282,0.111947,8.93281,9.7561,1.89112e+07,1.845e+08,2000000000,0.1025,102.5,0.9
15,2,12175957000000,181282,0.111396,8.97702,83.3333,115200,9.6e+06,1000000000,0.012,12,0.8
15,1,12175958000000,183282,0.110835,9.02245,16.6667,6.48e+06,1.08e+08,2000000000,0.06,60,0.9
15,1,12175959000000,185282,0.109703,9.11552,166.667,64800,1.08e+07,2000000000,0.006,6,0.9
15,2,12175960000000,186282,0.110011,9.09003,5.98802,2.23112e+07,1.336e+08,1000000000,0.167,167,0.8
15,1,12175961000000,188282,0.112236,8.90981,3.12989,1.83744e+08,5.751e+08,2000000000,0.3195,319.5,0.9
15,0,12175962000000,192282,0.110463,9.05282,37.037,2.916e+06,1.08e+08,4000000000,0.027,27,1
15,2,12175963000000,193282,0.110538,9.04667,8,1.25e+07,1e+08,1000000000,0.125,125,0.8
15,0,12175964000000,197282,0.110851,9.02108,7.93651,6.3504e+07,5.04e+08,4000000000,0.126,126,1
15,2,12175965000000,198282,0.110893,9.01774,8.40336,1.13288e+07,9.52e+07,1000000000,0.119,119,0.8
15,1,12175966000000,200282,0.113066,8.84442,3.04414,1.94242e+08,5.913e+08,2000000000,0.3285,328.5,0.9
15,0,12175967000000,204282,0.111493,8.96918,30.5344,4.29025e+06,1.31e+08,4000000000,0.03275,32.75,1
15,2,12175968000000,205282,0.112523,8.88705,3.09598,8.34632e+07,2.584e+08,1000000000,0.323,323,0.8
15,0,12175969000000,209282,0.11182,8.94291,13.2013,2.29522e+07,3.03e+08,4000000000,0.07575,75.75,1
15,2,12175970000000,210282,0.112031,8.92614,6.41026,1.94688e+07,1.248e+08,1000000000,0.156,156,0.8
15,1,12175971000000,212282,0.113966,8.77452,3.14961,1.81451e+08,5.715e+08,2000000000,0.3175,317.5,0.9
15,0,12175972000000,216282,0.112363,8.89976,36.6972,2.97025e+06,1.09e+08,4000000000,0.02725,27.25,1
15,2,12175973000000,217282,0.113682,8.79649,2.50627,1.27361e+08,3.192e+08,1000000000,0.399,399,0.8
15,0,12175974000000,221282,0.112644,8.87756,17.7778,1.26562e+07,2.25e+08,4000000000,0.05625,56.25,1
15,2,12175975000000,222282,0.112668,8.87566,8.47458,1.11392e+07,9.44e+07,1000000000,0.118,118,0.8
15,1,12175976000000,224282,0.114561,8.72896,3.07692,1.90125e+08,5.85e+08,2000000000,0.325,325,0.9
15,0,12175977000000,228282,0.113185,8.83513,27.7778,5.184e+06,1.44e+08,4000000000,0.036,36,1
15,2,12175978000000,229282,0.114606,8.72558,2.2779,1.54177e+08,3.512e+08,1000000000,0.439,439,0.8
15,0,12175979000000,233282,0.113498,8.81074,20,1e+07,2e+08,4000000000,0.05,50,1
15,2,12175980000000,234282,0.113521,8.80892,8.40336,1.13288e+07,9.52e+07,1000000000,0.119,119,0.8
15,1,12175981000000,236282,0.115341,8.66994,3.04414,1.94242e+08,5.913e+08,2000000000,0.3285,328.5,0.9
15,0,12175982000000,240282,0.113966,8.77454,30.5344,4.29025e+06,1.31e+08,4000000000,0.03275,32.75,1
15,2,12175983000000,241282,0.115471,8.66021,2.09644,1.82023e+08,3.816e+08,1000000000,0.477,477,0.8
15,0,12175984000000,245282,0.114146,8.7607,29.1971,4.69225e+06,1.37e+08,4000000000,0.03425,34.25,1
15,2,12175985000000,246282,0.114162,8.7595,8.47458,1.11392e+07,9.44e+07,1000000000,0.118,118,0.8
15,1,12175986000000,248282,0.115937,8.6254,2.98954,2.01402e+08,6.021e+08,2000000000,0.3345,334.5,0.9
15,0,12175987000000,252282,0.114634,8.72344,29.6296,4.55625e+06,1.35e+08,4000000000,0.03375,33.75,1
15,2,12175988000000,253282,0.116033,8.61826,2.1322,1.75969e+08,3.752e+08,1000000000,0.469,469,0.8
15,0,12175989000000,257282,0.114792,8.71138,27.5862,5.25625e+06,1.45e+08,4000000000,0.03625,36.25,1
15,2,12175990000000,258282,0.114805,8.71044,8.47458,1.11392e+07,9.44e+07,1000000000,0.118,118,0.8
15,1,12175991000000,260282,0.116466,8.5862,3.02115,1.9721e+08,5.958e+08,2000000000,0.331,331,0.9
15,0,12175992000000,264282,0.115203,8.68035,30.303,4.356e+06,1.32e+08,4000000000,0.033,33,1
15,2,12175993000000,265282,0.116525,8.58185,2.14592,1.73725e+08,3.728e+08,1000000000,0.466,466,0.8
15,0,12175994000000,269282,0.11544,8.66248,22.9885,7.569e+06,1.74e+08,4000000000,0.0435,43.5,1
15,2,12175995000000,270282,0.115391,8.66622,9.80392,8.3232e+06,8.16e+07,1000000000,0.102,102,0.8
15,1,12175996000000,272282,0.11696,8.54996,3.03951,1.94834e+08,5.922e+08,2000000000,0.329,329,0.9
15,0,12175997000000,276282,0.115795,8.63597,27.3973,5.329e+06,1.46e+08,4000000000,0.0365,36.5,1
15,2,12175998000000,277282,0.117119,8.53832,2.07039,1.86631e+08,3.864e+08,1000000000,0.483,483,0.8
15,0,12175999000000,281282,0.115919,8.62669,30.5344,4.29025e+06,1.31e+08,4000000000,0.03275,32.75,1
15,2,12176000000000,282282,0.115927,8.62615,8.47458,1.11392e+07,9.44e+07,1000000000,0.118,118,0.8
15,1,12176001000000,284282,0.117412,8.51705,3.0581,1.92472e+08,5.886e+08,2000000000,0.327,327,0.9
15,0,12176002000000,288282,0.11631,8.59773,26.3158,5.776e+06,1.52e+08,4000000000,0.038,38,1
15,2,12176003000000,289282,0.117525,8.50879,2.13675,1.75219e+08,3.744e+08,1000000000,0.468,468,0.8
15,0,12176004000000,293282,0.116468,8.58604,25,6.4e+06,1.6e+08,4000000000,0.04,40,1
15,2,12176005000000,294282,0.116419,8.58967,9.80392,8.3232e+06,8.16e+07,1000000000,0.102,102,0.8
15,1,12176006000000,296282,0.119285,8.38328,1.84843,5.26826e+08,9.738e+08,2000000000,0.541,541,0.9
15,0,12176007000000,300282,0.118076,8.46914,35.0877,3.249e+06,1.14e+08,4000000000,0.0285,28.5,1
15,2,12176008000000,301282,0.118683,8.42582,3.32226,7.24808e+07,2.408e+08,1000000000,0.301,301,0.8
15,0,12176009000000,305282,0.118166,8.46266,12.6183,2.51222e+07,3.17e+08,4000000000,0.07925,79.25,1
15,1,12176010000000,307282,0.117765,8.4915,17.6991,5.74605e+06,1.017e+08,2000000000,0.0565,56.5,0.9
15,2,12176011000000,308282,0.119494,8.36859,1.5361,3.39041e+08,5.208e+08,1000000000,0.651,651,0.8
15,0,12176012000000,312282,0.118246,8.45697,45.4545,1.936e+06,8.8e+07,4000000000,0.022,22,1
15,2,12176013000000,313282,0.118465,8.4413,5.34759,2.79752e+07,1.496e+08,1000000000,0.187,187,0.8
15,1,12176014000000,315282,0.119277,8.38382,4.0568,1.09372e+08,4.437e+08,2000000000,0.2465,246.5,0.9
15,0,12176015000000,319282,0.118237,8.45758,27.5862,5.25625e+06,1.45e+08,4000000000,0.03625,36.25,1
15,2,12176016000000,320282,0.119676,8.35591,1.72712,2.68193e+08,4.632e+08,1000000000,0.579,579,0.8
15,0,12176017000000,324282,0.118782,8.41875,21.164,8.93025e+06,1.89e+08,4000000000,0.04725,47.25,1
15,2,12176018000000,325282,0.11862,8.43027,15.1515,3.4848e+06,5.28e+07,1000000000,0.066,66,0.8
15,1,12176019000000,327282,0.119609,8.36055,3.56506,1.41624e+08,5.049e+08,2000000000,0.2805,280.5,0.9
15,0,12176020000000,331282,0.1186,8.43171,27.7778,5.184e+06,1.44e+08,4000000000,0.036,36,1
15,2,12176021000000,332282,0.119907,8.33978,1.80832,2.44647e+08,4.424e+08,1000000000,0.553,553,0.8
15,0,12176022000000,336282,0.11893,8.40831,26.4901,5.70025e+06,1.51e+08,4000000000,0.03775,37.75,1
15,2,12176023000000,337282,0.118684,8.42573,27.7778,1.0368e+06,2.88e+07,1000000000,0.036,36,0.8
15,2,12176024000000,338282,0.120249,8.31609,1.54321,3.35923e+08,5.184e+08,1000000000,0.648,648,0.8
15,0,12176025000000,342282,0.119101,8.39626,45.4545,1.936e+06,8.8e+07,4000000000,0.022,22,1
15,2,12176026000000,343282,0.119514,8.36722,3.83142,5.44968e+07,2.088e+08,1000000000,0.261,261,0.8
15,0,12176027000000,347282,0.119344,8.37914,9.54654,4.38902e+07,4.19e+08,4000000000,0.10475,104.75,1
15,1,12176028000000,349282,0.119016,8.40226,16.129,6.9192e+06,1.116e+08,2000000000,0.062,62,0.9
15,2,12176029000000,350282,0.12046,8.3015,1.6,3.125e+08,5e+08,1000000000,0.625,625,0.8
15,0,12176030000000,354282,0.119402,8.37507,37.3832,2.86225e+06,1.07e+08,4000000000,0.02675,26.75,1
15,2,12176031000000,355282,0.119384,8.37633,8.84956,1.02152e+07,9.04e+07,1000000000,0.113,113,0.8
15,0,12176032000000,359282,0.119655,8.35734,6.95652,8.26562e+07,5.75e+08,4000000000,0.14375,143.75,1
15,1,12176033000000,361282,0.119353,8.37853,15.3846,7.605e+06,1.17e+08,2000000000,0.065,65,0.9
15,2,12176034000000,362282,0.120655,8.28812,1.69205,2.79425e+08,4.728e+08,1000000000,0.591,591,0.8
15,0,12176035000000,366282,0.119684,8.35535,31.4961,4.03225e+06,1.27e+08,4000000000,0.03175,31.75,1
15,2,12176036000000,367282,0.119551,8.36462,14.0845,4.0328e+06,5.68e+07,1000000000,0.071,71,0.8
15,1,12176037000000,369282,0.120531,8.29661,3.32779,1.6254e+08,5.409e+08,2000000000,0.3005,300.5,0.9
15,1,12176038000000,371282,0.120219,8.31818,16,7.03125e+06,1.125e+08,2000000000,0.0625,62.5,0.9
15,1,12176039000000,373282,0.121308,8.2435,3.09119,1.88374e+08,5.823e+08,2000000000,0.3235,323.5,0.9
15,0,12176040000000,377282,0.120377,8.30725,29.8507,4.489e+06,1.34e+08,4000000000,0.0335,33.5,1
15,2,12176041000000,378282,0.12068,8.28639,4.25532,4.418e+07,1.88e+08,1000000000,0.235,235,0.8
15,0,12176042000000,382282,0.120503,8.29857,9.63855,4.30562e+07,4.15e+08,4000000000,0.10375,103.75,1
15,2,12176043000000,383282,0.120574,8.29363,6.75676,1.75232e+07,1.184e+08,1000000000,0.148,148,0.8
15,1,12176044000000,385282,0.121547,8.22725,3.24675,1.70755e+08,5.544e+08,2000000000,0.308,308,0.9
15,0,12176045000000,389282,0.120627,8.29,31.25,4.096e+06,1.28e+08,4000000000,0.032,32,1
15,2,12176046000000,390282,0.121228,8.24894,2.8169,1.0082e+08,2.84e+08,1000000000,0.355,355,0.8
15,0,12176047000000,394282,0.120721,8.28358,14.0351,2.03062e+07,2.85e+08,4000000000,0.07125,71.25,1
15,2,12176048000000,395282,0.120769,8.28024,7.14286,1.568e+07,1.12e+08,1000000000,0.14,140,0.8
15,1,12176049000000,397282,0.121722,8.21543,3.22581,1.7298e+08,5.58e+08,2000000000,0.31,310,0.9
15,0,12176050000000,401282,0.120868,8.27351,27.7778,5.184e+06,1.44e+08,4000000000,0.036,36,1
15,2,12176051000000,402282,0.121609,8.22309,2.38663,1.40449e+08,3.352e+08,1000000000,0.419,419,0.8
15,0,12176052000000,406282,0.120916,8.2702,19.5122,1.05062e+07,2.05e+08,4000000000,0.05125,51.25,1
15,2,12176053000000,407282,0.120909,8.27069,8.47458,1.11392e+07,9.44e+07,1000000000,0.118,118,0.8
15,2,12176054000000,408282,0.122166,8.18561,1.57729,3.21565e+08,5.072e+08,1000000000,0.634,634,0.8
15,0,12176055000000,408475,0.122176,8.18489,6.89286,8.41902e+07,5.80311e+08,4000000000,0.145078,7,1
15,2,12176056000000,408475,0.122176,8.18489,0,-nan,-nan,1000000000,-nan,0,0.8
15,0,12176057000000,408475,0.122176,8.18489,0,-nan,-nan,4000000000,-nan,0,1
16,2,10881501000000,1000,0.016,62.5,62.5,204800,1.28e+07,1000000000,0.016,16,0.8
16,2,12175902000000,54328,0.088886,11.2504,11.08,6.51645e+06,7.22022e+07,1000000000,0.0902528,4813,0.8
16,0,12175903000000,58328,0.0827904,12.0787,0,0,0,4000000000,0,0,1
16,2,12175904000000,59328,0.0815972,12.2553,83.3333,115200,9.6e+06,1000000000,0.012,12,0.8
16,2,12175905000000,60328,0.0856153,11.6802,3.08642,8.39808e+07,2.592e+08,1000000000,0.324,324,0.8
16,0,12175906000000,64328,0.0829343,12.0577,23.5294,7.225e+06,1.7e+08,4000000000,0.0425,42.5,1
16,2,12175907000000,65328,0.0847569,11.7984,4.9505,3.26432e+07,1.616e+08,1000000000,0.202,202,0.8
16,0,12175908000000,69328,0.0856364,11.6773,10,4e+07,4e+08,4000000000,0.1,100,1
16,2,12175909000000,70328,0.0860397,11.6225,8.77193,1.03968e+07,9.12e+07,1000000000,0.114,114,0.8
16,1,12175910000000,72328,0.0926474,10.7936,3.07692,1.90125e+08,5.85e+08,2000000000,0.325,325,0.9
16,0,12175911000000,76328,0.0896788,11.1509,27.7778,5.184e+06,1.44e+08,4000000000,0.036,36,1
16,2,12175912000000,77328,0.0931745,10.7325,2.77778,1.0368e+08,2.88e+08,1000000000,0.36,360,0.8
16,0,12175913000000,81328,0.0919364,10.8771,14.7059,1.8496e+07,2.72e+08,4000000000,0.068,68,1
16,2,12175914000000,82328,0.0921558,10.8512,9.09091,9.68e+06,8.8e+07,1000000000,0.11,110,0.8
16,1,12175915000000,84328,0.0976781,10.2377,3.07692,1.90125e+08,5.85e+08,2000000000,0.325,325,0.9
16,0,12175916000000,88328,0.0949982,10.5265,25.974,5.929e+06,1.54e+08,4000000000,0.0385,38.5,1
16,2,12175917000000,89328,0.0989499,10.1061,2.23214,1.60563e+08,3.584e+08,1000000000,0.448,448,0.8
16,0,12175918000000,93328,0.0964877,10.364,24.0964,6.889e+06,1.66e+08,4000000000,0.0415,41.5,1
16,2,12175919000000,94328,0.0967157,10.3396,8.47458,1.11392e+07,9.44e+07,1000000000,0.118,118,0.8
16,1,12175920000000,96328,0.101455,9.85654,3.07692,1.90125e+08,5.85e+08,2000000000,0.325,325,0.9
16,0,12175921000000,100328,0.0988458,10.1168,27.7778,5.184e+06,1.44e+08,4000000000,0.036,36,1
16,2,12175922000000,101328,0.102449,9.76091,2.15517,1.72237e+08,3.712e+08,1000000000,0.464,464,0.8
16,0,12175923000000,105328,0.100154,9.98464,23.8095,7.056e+06,1.68e+08,4000000000,0.042,42,1
16,2,12175924000000,106328,0.100322,9.96794,8.47458,1.11392e+07,9.44e+07,1000000000,0.118,118,0.8
16,1,12175925000000,108328,0.104544,9.56539,3.03951,1.94834e+08,5.922e+08,2000000000,0.329,329,0.9
16,0,12175926000000,112328,0.102067,9.79747,28.5714,4.9e+06,1.4e+08,4000000000,0.035,35,1
16,2,12175927000000,113328,0.105234,9.5026,2.1692,1.70017e+08,3.688e+08,1000000000,0.461,461,0.8
16,0,12175928000000,117328,0.102968,9.71178,25.8065,6.00625e+06,1.55e+08,4000000000,0.03875,38.75,1
16,2,12175929000000,118328,0.103061,9.70299,8.77193,1.03968e+07,9.12e+07,1000000000,0.114,114,0.8
16,1,12175930000000,120328,0.106883,9.35604,3.003,1.996e+08,5.994e+08,2000000000,0.333,333,0.9
16,0,12175931000000,124328,0.104667,9.55414,26.3158,5.776e+06,1.52e+08,4000000000,0.038,38,1
16,2,12175932000000,125328,0.107558,9.29733,2.14133,1.74471e+08,3.736e+08,1000000000,0.467,467,0.8
16,0,12175933000000,129328,0.10529,9.49754,29.1971,4.69225e+06,1.37e+08,4000000000,0.03425,34.25,1
16,2,12175934000000,130328,0.105357,9.49152,8.77193,1.03968e+07,9.12e+07,1000000000,0.114,114,0.8
16,1,12175935000000,132328,0.108798,9.19136,3.003,1.996e+08,5.994e+08,2000000000,0.333,333,0.9
16,0,12175936000000,136328,0.106721,9.37027,26.3158,5.776e+06,1.52e+08,4000000000,0.038,38,1
16,2,12175937000000,137328,0.10938,9.1424,2.11864,1.78227e+08,3.776e+08,1000000000,0.472,472,0.8
16,0,12175938000000,141328,0.107219,9.32673,30.303,4.356e+06,1.32e+08,4000000000,0.033,33,1
16,2,12175939000000,142328,0.107266,9.32259,8.77193,1.03968e+07,9.12e+07,1000000000,0.114,114,0.8
16,1,12175940000000,144328,0.110394,9.05843,3.003,1.996e+08,5.994e+08,2000000000,0.333,333,0.9
16,0,12175941000000,148328,0.108442,9.22151,26.3158,5.776e+06,1.52e+08,4000000000,0.038,38,1
16,2,12175942000000,149328,0.110877,9.01903,2.11864,1.78227e+08,3.776e+08,1000000000,0.472,472,0.8
16,0,12175943000000,153328,0.108845,9.18737,30.303,4.356e+06,1.32e+08,4000000000,0.033,33,1
16,2,12175944000000,154328,0.108878,9.18455,8.77193,1.03968e+07,9.12e+07,1000000000,0.114,114,0.8
16,1,12175945000000,156328,0.111746,8.94888,3.003,1.996e+08,5.994e+08,2000000000,0.333,333,0.9
16,0,12175946000000,160328,0.109906,9.09869,26.3158,5.776e+06,1.52e+08,4000000000,0.038,38,1
16,2,12175947000000,161328,0.11215,8.9166,2.11864,1.78227e+08,3.776e+08,1000000000,0.472,472,0.8
16,0,12175948000000,165328,0.110235,9.0715,30.303,4.356e+06,1.32e+08,4000000000,0.033,33,1
16,2,12175949000000,166328,0.110258,9.06963,8.77193,1.03968e+07,9.12e+07,1000000000,0.114,114,0.8
16,1,12175950000000,168328,0.112905,8.85704,3.003,1.996e+08,5.994e+08,2000000000,0.333,333,0.9
16,0,12175951000000,172328,0.111166,8.99556,26.3158,5.776e+06,1.52e+08,4000000000,0.038,38,1
16,2,12175952000000,173328,0.113248,8.8302,2.11864,1.78227e+08,3.776e+08,1000000000,0.472,472,0.8
16,0,12175953000000,177328,0.111438,8.97363,30.303,4.356e+06,1.32e+08,4000000000,0.033,33,1
16,2,12175954000000,178328,0.111323,8.98287,10.989,6.6248e+06,7.28e+07,1000000000,0.091,91,0.8
16,2,12175955000000,179328,0.111042,9.00557,16.3934,2.9768e+06,4.88e+07,1000000000,0.061,61,0.8
16,1,12175956000000,181328,0.110921,9.01546,10,1.8e+07,1.8e+08,2000000000,0.1,100,0.9
16,2,12175957000000,182328,0.11097,9.01142,8.33333,1.152e+07,9.6e+07,1000000000,0.12,120,0.8
16,1,12175958000000,184328,0.110737,9.03037,11.1732,1.44184e+07,1.611e+08,2000000000,0.0895,89.5,0.9
16,1,12175959000000,186328,0.112812,8.86432,3.28947,1.66349e+08,5.472e+08,2000000000,0.304,304,0.9
16,2,12175960000000,187328,0.112679,8.87474,11.3636,6.1952e+06,7.04e+07,1000000000,0.088,88,0.8
16,1,12175961000000,189328,0.112144,8.91711,16.129,6.9192e+06,1.116e+08,2000000000,0.062,62,0.9
16,0,12175962000000,193328,0.11287,8.85972,6.79117,8.67302e+07,5.89e+08,4000000000,0.14725,147.25,1
16,2,12175963000000,194328,0.112907,8.85684,8.33333,1.152e+07,9.6e+07,1000000000,0.12,120,0.8
16,0,12175964000000,198328,0.113776,8.78919,6.41026,9.7344e+07,6.24e+08,4000000000,0.156,156,1
16,2,12175965000000,199328,0.113652,8.7988,11.236,6.3368e+06,7.12e+07,1000000000,0.089,89,0.8
16,1,12175966000000,201328,0.115985,8.62181,2.86944,2.18614e+08,6.273e+08,2000000000,0.3485,348.5,0.9
16,0,12175967000000,205328,0.114271,8.75114,35.7143,3.136e+06,1.12e+08,4000000000,0.028,28,1
16,2,12175968000000,206328,0.114236,8.75384,9.34579,9.1592e+06,8.56e+07,1000000000,0.107,107,0.8
16,0,12175969000000,210328,0.114512,8.73274,7.76699,6.63062e+07,5.15e+08,4000000000,0.12875,128.75,1
16,2,12175970000000,211328,0.114528,8.73148,8.47458,1.11392e+07,9.44e+07,1000000000,0.118,118,0.8
16,1,12175971000000,213328,0.116534,8.58117,3.04414,1.94242e+08,5.913e+08,2000000000,0.3285,328.5,0.9
16,0,12175972000000,217328,0.115093,8.6886,26.1438,5.85225e+06,1.53e+08,4000000000,0.03825,38.25,1
16,2,12175973000000,218328,0.115904,8.62786,3.42466,6.82112e+07,2.336e+08,1000000000,0.292,292,0.8
16,0,12175974000000,222328,0.115271,8.6752,12.3839,2.60822e+07,3.23e+08,4000000000,0.08075,80.75,1
16,2,12175975000000,223328,0.115212,8.67967,9.80392,8.3232e+06,8.16e+07,1000000000,0.102,102,0.8
16,1,12175976000000,225328,0.117185,8.53354,2.96296,2.05031e+08,6.075e+08,2000000000,0.3375,337.5,0.9
16,0,12175977000000,229328,0.115708,8.64247,30.7692,4.225e+06,1.3e+08,4000000000,0.0325,32.5,1
16,2,12175978000000,230328,0.116951,8.55062,2.48756,1.29283e+08,3.216e+08,1000000000,0.402,402,0.8
16,0,12175979000000,234328,0.11591,8.62737,17.8571,1.2544e+07,2.24e+08,4000000000,0.056,56,1
16,2,12175980000000,235328,0.115804,8.63526,10.989,6.6248e+06,7.28e+07,1000000000,0.091,91,0.8
16,1,12175981000000,237328,0.117748,8.49268,2.886,2.16112e+08,6.237e+08,2000000000,0.3465,346.5,0.9
16,0,12175982000000,241328,0.116327,8.59644,31.25,4.096e+06,1.28e+08,4000000000,0.032,32,1
16,2,12175983000000,242328,0.117531,8.50841,2.45098,1.33171e+08,3.264e+08,1000000000,0.408,408,0.8
16,0,12175984000000,246328,0.116483,8.58495,18.8679,1.1236e+07,2.12e+08,4000000000,0.053,53,1
16,2,12175985000000,247328,0.116489,8.5845,8.47458,1.11392e+07,9.44e+07,1000000000,0.118,118,0.8
16,1,12175986000000,249328,0.118242,8.45724,2.98507,2.02005e+08,6.03e+08,2000000000,0.335,335,0.9
16,0,12175987000000,253328,0.116908,8.55375,29.6296,4.55625e+06,1.35e+08,4000000000,0.03375,33.75,1
16,2,12175988000000,254328,0.11806,8.47026,2.43902,1.3448e+08,3.28e+08,1000000000,0.41,410,0.8
16,0,12175989000000,258328,0.117111,8.53892,17.6211,1.28822e+07,2.27e+08,4000000000,0.05675,56.75,1
16,2,12175990000000,259328,0.117184,8.53361,7.35294,1.47968e+07,1.088e+08,1000000000,0.136,136,0.8
16,1,12175991000000,261328,0.118675,8.4264,3.20513,1.75219e+08,5.616e+08,2000000000,0.312,312,0.9
16,0,12175992000000,265328,0.117387,8.51885,30.0752,4.42225e+06,1.33e+08,4000000000,0.03325,33.25,1
16,2,12175993000000,266328,0.118628,8.4297,2.23214,1.60563e+08,3.584e+08,1000000000,0.448,448,0.8
16,0,12175994000000,270328,0.117505,8.51025,23.3918,7.31025e+06,1.71e+08,4000000000,0.04275,42.75,1
16,2,12175995000000,271328,0.117507,8.51012,8.47458,1.11392e+07,9.44e+07,1000000000,0.118,118,0.8
16,1,12175996000000,273328,0.119084,8.39743,3.003,1.996e+08,5.994e+08,2000000000,0.333,333,0.9
16,0,12175997000000,277328,0.117839,8.48617,30.5344,4.29025e+06,1.31e+08,4000000000,0.03275,32.75,1
16,2,12175998000000,278328,0.118932,8.40819,2.36967,1.42467e+08,3.376e+08,1000000000,0.422,422,0.8
16,0,12175999000000,282328,0.117951,8.47806,20.1005,9.90025e+06,1.99e+08,4000000000,0.04975,49.75,1
16,2,12176000000000,283328,0.117952,8.47805,8.47458,1.11392e+07,9.44e+07,1000000000,0.118,118,0.8
16,1,12176001000000,285328,0.119473,8.37009,2.98507,2.02005e+08,6.03e+08,2000000000,0.335,335,0.9
16,0,12176002000000,289328,0.118264,8.45568,31.25,4.096e+06,1.28e+08,4000000000,0.032,32,1
16,2,12176003000000,290328,0.119269,8.38444,2.43902,1.3448e+08,3.28e+08,1000000000,0.41,410,0.8
16,0,12176004000000,294328,0.119802,8.34713,6.30915,1.00489e+08,6.34e+08,4000000000,0.1585,158.5,1
16,2,12176005000000,295328,0.119396,8.37549,0,0,0,1000000000,0,0,0.8
16,1,12176006000000,297328,0.118593,8.43221,0,0,0,2000000000,0,0,0.9
16,0,12176007000000,301328,0.117364,8.52051,38.4615,2.704e+06,1.04e+08,4000000000,0.026,26,1
16,2,12176008000000,302328,0.11904,8.40057,1.60256,3.11501e+08,4.992e+08,1000000000,0.624,624,0.8
16,0,12176009000000,306328,0.117772,8.49095,45.4545,1.936e+06,8.8e+07,4000000000,0.022,22,1
16,1,12176010000000,308328,0.11826,8.45591,5.18135,6.70482e+07,3.474e+08,2000000000,0.193,193,0.9
16,2,12176011000000,309328,0.118816,8.4164,3.44828,6.728e+07,2.32e+08,1000000000,0.29,290,0.8
16,0,12176012000000,313328,0.117592,8.50395,43.4783,2.116e+06,9.2e+07,4000000000,0.023,23,1
16,2,12176013000000,314328,0.119124,8.39462,1.66945,2.87041e+08,4.792e+08,1000000000,0.599,599,0.8
16,1,12176014000000,316328,0.118734,8.42216,17.3913,5.95125e+06,1.035e+08,2000000000,0.0575,57.5,0.9
16,0,12176015000000,320328,0.117645,8.50015,31.746,3.969e+06,1.26e+08,4000000000,0.0315,31.5,1
16,2,12176016000000,321328,0.119159,8.39218,1.65563,2.91853e+08,4.832e+08,1000000000,0.604,604,0.8
16,0,12176017000000,325328,0.117976,8.47628,43.4783,2.116e+06,9.2e+07,4000000000,0.023,23,1
16,2,12176018000000,326328,0.118507,8.43835,3.43643,6.77448e+07,2.328e+08,1000000000,0.291,291,0.8
16,1,12176019000000,328328,0.119018,8.40208,4.93827,7.38112e+07,3.645e+08,2000000000,0.2025,202.5,0.9
16,0,12176020000000,332328,0.118019,8.47322,27.7778,5.184e+06,1.44e+08,4000000000,0.036,36,1
16,2,12176021000000,333328,0.119447,8.37192,1.6835,2.82269e+08,4.752e+08,1000000000,0.594,594,0.8
16,0,12176022000000,337328,0.118546,8.43552,22.9885,7.569e+06,1.74e+08,4000000000,0.0435,43.5,1
16,2,12176023000000,338328,0.118512,8.43795,9.34579,9.1592e+06,8.56e+07,1000000000,0.107,107,0.8
16,2,12176024000000,339328,0.119628,8.35927,2.01207,1.97607e+08,3.976e+08,1000000000,0.497,497,0.8
16,0,12176025000000,343328,0.118712,8.42378,24.3902,6.724e+06,1.64e+08,4000000000,0.041,41,1
16,2,12176026000000,344328,0.119523,8.36661,2.51256,1.26723e+08,3.184e+08,1000000000,0.398,398,0.8
16,0,12176027000000,348328,0.118742,8.42165,19.4175,1.0609e+07,2.06e+08,4000000000,0.0515,51.5,1
16,1,12176028000000,350328,0.118426,8.44408,15.748,7.25805e+06,1.143e+08,2000000000,0.0635,63.5,0.9
16,2,12176029000000,351328,0.119914,8.33934,1.56006,3.28705e+08,5.128e+08,1000000000,0.641,641,0.8
16,0,12176030000000,355328,0.119025,8.40158,24.3902,6.724e+06,1.64e+08,4000000000,0.041,41,1
16,2,12176031000000,356328,0.1193,8.38222,4.60829,3.76712e+07,1.736e+08,1000000000,0.217,217,0.8
16,0,12176032000000,360328,0.119094,8.39671,9.92556,4.06022e+07,4.03e+08,4000000000,0.10075,100.75,1
16,1,12176033000000,362328,0.118845,8.4143,13.5135,9.8568e+06,1.332e+08,2000000000,0.074,74,0.9
16,2,12176034000000,363328,0.120181,8.32081,1.65563,2.91853e+08,4.832e+08,1000000000,0.604,604,0.8
16,0,12176035000000,367328,0.119318,8.38093,24.3902,6.724e+06,1.64e+08,4000000000,0.041,41,1
16,2,12176036000000,368328,0.119415,8.37414,6.45161,1.922e+07,1.24e+08,1000000000,0.155,155,0.8
16,1,12176037000000,370328,0.120015,8.33228,4.33839,9.56344e+07,4.149e+08,2000000000,0.2305,230.5,0.9
16,1,12176038000000,372328,0.119779,8.34872,13.1579,1.03968e+07,1.368e+08,2000000000,0.076,76,0.9
16,1,12176039000000,374328,0.120752,8.28141,3.31126,1.64167e+08,5.436e+08,2000000000,0.302,302,0.9
16,0,12176040000000,378328,0.119909,8.33965,24.3902,6.724e+06,1.64e+08,4000000000,0.041,41,1
16,2,12176041000000,379328,0.120413,8.30476,3.21543,7.73768e+07,2.488e+08,1000000000,0.311,311,0.8
16,0,12176042000000,383328,0.119931,8.33811,13.468,2.20522e+07,2.97e+08,4000000000,0.07425,74.25,1
16,2,12176043000000,384328,0.119926,8.33846,8.47458,1.11392e+07,9.44e+07,1000000000,0.118,118,0.8
16,1,12176044000000,386328,0.121009,8.26388,3.03951,1.94834e+08,5.922e+08,2000000000,0.329,329,0.9
16,0,12176045000000,390328,0.120127,8.32451,28.5714,4.9e+06,1.4e+08,4000000000,0.035,35,1
16,2,12176046000000,391328,0.120824,8.27647,2.54453,1.23559e+08,3.144e+08,1000000000,0.393,393,0.8
16,0,12176047000000,395328,0.120156,8.32252,18.2648,1.19902e+07,2.19e+08,4000000000,0.05475,54.75,1
16,2,12176048000000,396328,0.12013,8.32429,9.09091,9.68e+06,8.8e+07,1000000000,0.11,110,0.8
16,1,12176049000000,398328,0.121199,8.25089,3.003,1.996e+08,5.994e+08,2000000000,0.333,333,0.9
16,0,12176050000000,402328,0.120181,8.32081,53.3333,1.40625e+06,7.5e+07,4000000000,0.01875,18.75,1
16,2,12176051000000,403328,0.120941,8.26848,2.34192,1.45863e+08,3.416e+08,1000000000,0.427,427,0.8
16,0,12176052000000,407328,0.120416,8.30451,14.8148,1.8225e+07,2.7e+08,4000000000,0.0675,67.5,1
16,2,12176053000000,408328,0.120362,8.3083,10.2041,7.6832e+06,7.84e+07,1000000000,0.098,98,0.8
16,2,12176054000000,409328,0.121636,8.22125,1.55763,3.29731e+08,5.136e+08,1000000000,0.642,642,0.8
16,0,12176055000000,409613,0.121639,8.22103,7.91667,6.38227e+07,5.05263e+08,4000000000,0.126316,9,1
16,2,12176056000000,409613,0.121639,8.22103,0,-nan,-nan,1000000000,-nan,0,0.8
16,0,12176057000000,409613,0.121639,8.22103,0,-nan,-nan,4000000000,-nan,0,1
17,2,10881501000000,1000,0.016,62.5,62.5,204800,1.28e+07,1000000000,0.016,16,0.8
17,2,12175902000000,54189,0.089114,11.2216,11.0511,6.55055e+06,7.23909e+07,1000000000,0.0904886,4813,0.8
17,0,12175903000000,58189,0.0829882,12.0499,0,0,0,4000000000,0,0,1
17,2,12175904000000,59189,0.0817888,12.2266,83.3333,115200,9.6e+06,1000000000,0.012,12,0.8
17,2,12175905000000,60189,0.085813,11.6532,3.08642,8.39808e+07,2.592e+08,1000000000,0.324,324,0.8
17,0,12175906000000,64189,0.0831139,12.0317,23.5294,7.225e+06,1.7e+08,4000000000,0.0425,42.5,1
17,2,12175907000000,65189,0.0849376,11.7733,4.9505,3.26432e+07,1.616e+08,1000000000,0.202,202,0.8
17,0,12175908000000,69189,0.0858084,11.6539,10,4e+07,4e+08,4000000000,0.1,100,1
17,2,12175909000000,70189,0.0862101,11.5996,8.77193,1.03968e+07,9.12e+07,1000000000,0.114,114,0.8
17,1,12175910000000,72189,0.0928258,10.7729,3.07692,1.90125e+08,5.85e+08,2000000000,0.325,325,0.9
17,0,12175911000000,76189,0.0898424,11.1306,27.7778,5.184e+06,1.44e+08,4000000000,0.036,36,1
17,2,12175912000000,77189,0.0933423,10.7133,2.77778,1.0368e+08,2.88e+08,1000000000,0.36,360,0.8
17,0,12175913000000,81189,0.0920938,10.8585,14.7059,1.8496e+07,2.72e+08,4000000000,0.068,68,1
17,2,12175914000000,82189,0.0923116,10.8329,9.09091,9.68e+06,8.8e+07,1000000000,0.11,110,0.8
17,1,12175915000000,84189,0.0978394,10.2208,3.07692,1.90125e+08,5.85e+08,2000000000,0.325,325,0.9
17,0,12175916000000,88189,0.0951479,10.51,25.974,5.929e+06,1.54e+08,4000000000,0.0385,38.5,1
17,2,12175917000000,89189,0.0991041,10.0904,2.23214,1.60563e+08,3.584e+08,1000000000,0.448,448,0.8
17,0,12175918000000,93189,0.0966316,10.3486,24.0964,6.889e+06,1.66e+08,4000000000,0.0415,41.5,1
17,2,12175919000000,94189,0.0968584,10.3243,8.47458,1.11392e+07,9.44e+07,1000000000,0.118,118,0.8
17,1,12175920000000,96189,0.101602,9.84232,3.07692,1.90125e+08,5.85e+08,2000000000,0.325,325,0.9
17,0,12175921000000,100189,0.0989829,10.1028,27.7778,5.184e+06,1.44e+08,4000000000,0.036,36,1
17,2,12175922000000,101189,0.10259,9.74752,2.15517,1.72237e+08,3.712e+08,1000000000,0.464,464,0.8
17,0,12175923000000,105189,0.100286,9.97147,23.8095,7.056e+06,1.68e+08,4000000000,0.042,42,1
17,2,12175924000000,106189,0.100453,9.95491,8.47458,1.11392e+07,9.44e+07,1000000000,0.118,118,0.8
17,1,12175925000000,108189,0.104678,9.55311,3.03951,1.94834e+08,5.922e+08,2000000000,0.329,329,0.9
17,0,12175926000000,112189,0.102194,9.78535,28.5714,4.9e+06,1.4e+08,4000000000,0.035,35,1
17,2,12175927000000,113189,0.105364,9.49094,2.1692,1.70017e+08,3.688e+08,1000000000,0.461,461,0.8
17,0,12175928000000,117189,0.10309,9.70027,25.8065,6.00625e+06,1.55e+08,4000000000,0.03875,38.75,1
17,2,12175929000000,118189,0.103182,9.69159,8.77193,1.03968e+07,9.12e+07,1000000000,0.114,114,0.8
17,1,12175930000000,120189,0.107006,9.34523,3.003,1.996e+08,5.994e+08,2000000000,0.333,333,0.9
17,0,12175931000000,124189,0.104784,9.54346,26.3158,5.776e+06,1.52e+08,4000000000,0.038,38,1
17,2,12175932000000,125189,0.107677,9.28702,2.14133,1.74471e+08,3.736e+08,1000000000,0.467,467,0.8
17,0,12175933000000,129189,0.105404,9.48733,29.1971,4.69225e+06,1.37e+08,4000000000,0.03425,34.25,1
17,2,12175934000000,130189,0.10547,9.48139,8.77193,1.03968e+07,9.12e+07,1000000000,0.114,114,0.8
17,1,12175935000000,132189,0.108912,9.1817,3.003,1.996e+08,5.994e+08,2000000000,0.333,333,0.9
17,0,12175936000000,136189,0.106829,9.36071,26.3158,5.776e+06,1.52e+08,4000000000,0.038,38,1
17,2,12175937000000,137189,0.109491,9.13315,2.11864,1.78227e+08,3.776e+08,1000000000,0.472,472,0.8
17,0,12175938000000,141189,0.107324,9.31756,30.303,4.356e+06,1.32e+08,4000000000,0.033,33,1
17,2,12175939000000,142189,0.107371,9.31349,8.77193,1.03968e+07,9.12e+07,1000000000,0.114,114,0.8
17,1,12175940000000,144189,0.110501,9.04971,3.003,1.996e+08,5.994e+08,2000000000,0.333,333,0.9
17,0,12175941000000,148189,0.108544,9.21287,26.3158,5.776e+06,1.52e+08,4000000000,0.038,38,1
17,2,12175942000000,149189,0.11098,9.01063,2.11864,1.78227e+08,3.776e+08,1000000000,0.472,472,0.8
17,0,12175943000000,153189,0.108944,9.17904,30.303,4.356e+06,1.32e+08,4000000000,0.033,33,1
17,2,12175944000000,154189,0.108977,9.17628,8.77193,1.03968e+07,9.12e+07,1000000000,0.114,114,0.8
17,1,12175945000000,156189,0.111845,8.94092,3.003,1.996e+08,5.994e+08,2000000000,0.333,333,0.9
17,0,12175946000000,160189,0.110001,9.0908,26.3158,5.776e+06,1.52e+08,4000000000,0.038,38,1
17,2,12175947000000,161189,0.112247,8.90892,2.11864,1.78227e+08,3.776e+08,1000000000,0.472,472,0.8
17,0,12175948000000,165189,0.110328,9.06387,30.303,4.356e+06,1.32e+08,4000000000,0.033,33,1
17,2,12175949000000,166189,0.11035,9.06205,8.77193,1.03968e+07,9.12e+07,1000000000,0.114,114,0.8
17,1,12175950000000,168189,0.112998,8.84972,3.003,1.996e+08,5.994e+08,2000000000,0.333,333,0.9
17,0,12175951000000,172189,0.111256,8.98831,26.3158,5.776e+06,1.52e+08,4000000000,0.038,38,1
17,2,12175952000000,173189,0.113339,8.82312,2.11864,1.78227e+08,3.776e+08,1000000000,0.472,472,0.8
17,0,12175953000000,177189,0.111525,8.9666,30.303,4.356e+06,1.32e+08,4000000000,0.033,33,1
17,2,12175954000000,178189,0.11141,8.97587,10.989,6.6248e+06,7.28e+07,1000000000,0.091,91,0.8
17,2,12175955000000,179189,0.111128,8.99859,16.3934,2.9768e+06,4.88e+07,1000000000,0.061,61,0.8
17,1,12175956000000,181189,0.111006,9.00855,10,1.8e+07,1.8e+08,2000000000,0.1,100,0.9
17,2,12175957000000,182189,0.111055,9.00455,8.33333,1.152e+07,9.6e+07,1000000000,0.12,120,0.8
17,1,12175958000000,184189,0.110821,9.02356,11.1732,1.44184e+07,1.611e+08,2000000000,0.0895,89.5,0.9
17,1,12175959000000,186189,0.112896,8.85771,3.28947,1.66349e+08,5.472e+08,2000000000,0.304,304,0.9
17,2,12175960000000,187189,0.112763,8.86815,11.3636,6.1952e+06,7.04e+07,1000000000,0.088,88,0.8
17,1,12175961000000,189189,0.112226,8.91056,16.129,6.9192e+06,1.116e+08,2000000000,0.062,62,0.9
17,0,12175962000000,193189,0.112952,8.85335,6.79117,8.67302e+07,5.89e+08,4000000000,0.14725,147.25,1
17,2,12175963000000,194189,0.112988,8.85051,8.33333,1.152e+07,9.6e+07,1000000000,0.12,120,0.8
17,0,12175964000000,198189,0.113856,8.78303,6.41026,9.7344e+07,6.24e+08,4000000000,0.156,156,1
17,2,12175965000000,199189,0.113731,8.79266,11.236,6.3368e+06,7.12e+07,1000000000,0.089,89,0.8
17,1,12175966000000,201189,0.116065,8.61586,2.86944,2.18614e+08,6.273e+08,2000000000,0.3485,348.5,0.9
17,0,12175967000000,205189,0.114348,8.74522,35.7143,3.136e+06,1.12e+08,4000000000,0.028,28,1
17,2,12175968000000,206189,0.114313,8.74794,9.34579,9.1592e+06,8.56e+07,1000000000,0.107,107,0.8
17,0,12175969000000,210189,0.114587,8.72697,7.76699,6.63062e+07,5.15e+08,4000000000,0.12875,128.75,1
17,2,12175970000000,211189,0.114604,8.72574,8.47458,1.11392e+07,9.44e+07,1000000000,0.118,118,0.8
17,1,12175971000000,213189,0.11661,8.57558,3.04414,1.94242e+08,5.913e+08,2000000000,0.3285,328.5,0.9
17,0,12175972000000,217189,0.115167,8.68304,26.1438,5.85225e+06,1.53e+08,4000000000,0.03825,38.25,1
17,2,12175973000000,218189,0.115977,8.62237,3.42466,6.82112e+07,2.336e+08,1000000000,0.292,292,0.8
17,0,12175974000000,222189,0.115343,8.66978,12.3839,2.60822e+07,3.23e+08,4000000000,0.08075,80.75,1
17,2,12175975000000,223189,0.115283,8.67427,9.80392,8.3232e+06,8.16e+07,1000000000,0.102,102,0.8
17,1,12175976000000,225189,0.117257,8.52827,2.96296,2.05031e+08,6.075e+08,2000000000,0.3375,337.5,0.9
17,0,12175977000000,229189,0.115778,8.63723,30.7692,4.225e+06,1.3e+08,4000000000,0.0325,32.5,1
17,2,12175978000000,230189,0.117021,8.54546,2.48756,1.29283e+08,3.216e+08,1000000000,0.402,402,0.8
17,0,12175979000000,234189,0.115979,8.62225,17.8571,1.2544e+07,2.24e+08,4000000000,0.056,56,1
17,2,12175980000000,235189,0.115873,8.63016,10.989,6.6248e+06,7.28e+07,1000000000,0.091,91,0.8
17,1,12175981000000,237189,0.117817,8.48771,2.886,2.16112e+08,6.237e+08,2000000000,0.3465,346.5,0.9
17,0,12175982000000,241189,0.116394,8.59149,31.25,4.096e+06,1.28e+08,4000000000,0.032,32,1
17,2,12175983000000,242189,0.117598,8.50353,2.45098,1.33171e+08,3.264e+08,1000000000,0.408,408,0.8
17,0,12175984000000,246189,0.116549,8.58011,18.8679,1.1236e+07,2.12e+08,4000000000,0.053,53,1
17,2,12175985000000,247189,0.116555,8.57967,8.47458,1.11392e+07,9.44e+07,1000000000,0.118,118,0.8
17,1,12175986000000,249189,0.118308,8.45253,2.98507,2.02005e+08,6.03e+08,2000000000,0.335,335,0.9
17,0,12175987000000,253189,0.116972,8.54906,29.6296,4.55625e+06,1.35e+08,4000000000,0.03375,33.75,1
17,2,12175988000000,254189,0.118125,8.46563,2.43902,1.3448e+08,3.28e+08,1000000000,0.41,410,0.8
17,0,12175989000000,258189,0.117174,8.53433,17.6211,1.28822e+07,2.27e+08,4000000000,0.05675,56.75,1
17,2,12175990000000,259189,0.117246,8.52904,7.35294,1.47968e+07,1.088e+08,1000000000,0.136,136,0.8
17,1,12175991000000,261189,0.118738,8.42192,3.20513,1.75219e+08,5.616e+08,2000000000,0.312,312,0.9
17,0,12175992000000,265189,0.117448,8.51438,30.0752,4.42225e+06,1.33e+08,4000000000,0.03325,33.25,1
17,2,12175993000000,266189,0.11869,8.4253,2.23214,1.60563e+08,3.584e+08,1000000000,0.448,448,0.8
17,0,12175994000000,270189,0.117566,8.50587,23.3918,7.31025e+06,1.71e+08,4000000000,0.04275,42.75,1
17,2,12175995000000,271189,0.117567,8.50576,8.47458,1.11392e+07,9.44e+07,1000000000,0.118,118,0.8
17,1,12175996000000,273189,0.119145,8.39316,3.003,1.996e+08,5.994e+08,2000000000,0.333,333,0.9
17,0,12175997000000,277189,0.117898,8.48192,30.5344,4.29025e+06,1.31e+08,4000000000,0.03275,32.75,1
17,2,12175998000000,278189,0.118991,8.40399,2.36967,1.42467e+08,3.376e+08,1000000000,0.422,422,0.8
17,0,12175999000000,282189,0.11801,8.47389,20.1005,9.90025e+06,1.99e+08,4000000000,0.04975,49.75,1
17,2,12176000000000,283189,0.11801,8.47389,8.47458,1.11392e+07,9.44e+07,1000000000,0.118,118,0.8
17,1,12176001000000,285189,0.119531,8.36601,2.98507,2.02005e+08,6.03e+08,2000000000,0.335,335,0.9
17,0,12176002000000,289189,0.118321,8.45162,31.25,4.096e+06,1.28e+08,4000000000,0.032,32,1
17,2,12176003000000,290189,0.119326,8.38043,2.43902,1.3448e+08,3.28e+08,1000000000,0.41,410,0.8
17,0,12176004000000,294189,0.119858,8.34318,6.30915,1.00489e+08,6.34e+08,4000000000,0.1585,158.5,1
17,2,12176005000000,295189,0.119452,8.37154,0,0,0,1000000000,0,0,0.8
17,1,12176006000000,297189,0.118648,8.42826,0,0,0,2000000000,0,0,0.9
17,0,12176007000000,301189,0.117418,8.51658,38.4615,2.704e+06,1.04e+08,4000000000,0.026,26,1
17,2,12176008000000,302189,0.119094,8.3967,1.60256,3.11501e+08,4.992e+08,1000000000,0.624,624,0.8
17,0,12176009000000,306189,0.117826,8.4871,45.4545,1.936e+06,8.8e+07,4000000000,0.022,22,1
17,1,12176010000000,308189,0.118314,8.4521,5.18135,6.70482e+07,3.474e+08,2000000000,0.193,193,0.9
17,2,12176011000000,309189,0.118869,8.41262,3.44828,6.728e+07,2.32e+08,1000000000,0.29,290,0.8
17,0,12176012000000,313189,0.117645,8.50018,43.4783,2.116e+06,9.2e+07,4000000000,0.023,23,1
17,2,12176013000000,314189,0.119177,8.3909,1.66945,2.87041e+08,4.792e+08,1000000000,0.599,599,0.8
17,1,12176014000000,316189,0.118787,8.41846,17.3913,5.95125e+06,1.035e+08,2000000000,0.0575,57.5,0.9
17,0,12176015000000,320189,0.117696,8.49646,31.746,3.969e+06,1.26e+08,4000000000,0.0315,31.5,1
17,2,12176016000000,321189,0.11921,8.38855,1.65563,2.91853e+08,4.832e+08,1000000000,0.604,604,0.8
17,0,12176017000000,325189,0.118027,8.47266,43.4783,2.116e+06,9.2e+07,4000000000,0.023,23,1
17,2,12176018000000,326189,0.118557,8.43476,3.43643,6.77448e+07,2.328e+08,1000000000,0.291,291,0.8
17,1,12176019000000,328189,0.119069,8.39852,4.93827,7.38112e+07,3.645e+08,2000000000,0.2025,202.5,0.9
17,0,12176020000000,332189,0.118068,8.46967,27.7778,5.184e+06,1.44e+08,4000000000,0.036,36,1
17,2,12176021000000,333189,0.119497,8.36843,1.6835,2.82269e+08,4.752e+08,1000000000,0.594,594,0.8
17,0,12176022000000,337189,0.118595,8.43204,22.9885,7.569e+06,1.74e+08,4000000000,0.0435,43.5,1
17,2,12176023000000,338189,0.118561,8.43448,9.34579,9.1592e+06,8.56e+07,1000000000,0.107,107,0.8
17,2,12176024000000,339189,0.119677,8.35585,2.01207,1.97607e+08,3.976e+08,1000000000,0.497,497,0.8
17,0,12176025000000,343189,0.11876,8.42037,24.3902,6.724e+06,1.64e+08,4000000000,0.041,41,1
17,2,12176026000000,344189,0.118415,8.44491,0,0,0,1000000000,0,0,0.8
17,0,12176027000000,348189,0.118835,8.41504,6.45161,9.61e+07,6.2e+08,4000000000,0.155,155,1
17,1,12176028000000,350189,0.118256,8.45622,57.1429,551250,3.15e+07,2000000000,0.0175,17.5,0.9
17,2,12176029000000,351189,0.118241,8.45729,8.84956,1.02152e+07,9.04e+07,1000000000,0.113,113,0.8
17,0,12176030000000,355189,0.118689,8.42539,6.32911,9.9856e+07,6.32e+08,4000000000,0.158,158,1
17,2,12176031000000,356189,0.11862,8.43031,10.6383,7.0688e+06,7.52e+07,1000000000,0.094,94,0.8
17,0,12176032000000,360189,0.118851,8.41386,7.16846,7.7841e+07,5.58e+08,4000000000,0.1395,139.5,1
17,1,12176033000000,362189,0.118493,8.43929,18.5185,5.2488e+06,9.72e+07,2000000000,0.054,54,0.9
17,2,12176034000000,363189,0.118564,8.43429,6.94444,1.65888e+07,1.152e+08,1000000000,0.144,144,0.8
17,0,12176035000000,367189,0.118928,8.40846,6.57895,9.2416e+07,6.08e+08,4000000000,0.152,152,1
17,2,12176036000000,368189,0.119039,8.40058,6.25,2.048e+07,1.28e+08,1000000000,0.16,160,0.8
17,1,12176037000000,370189,0.119101,8.39621,7.66284,3.06544e+07,2.349e+08,2000000000,0.1305,130.5,0.9
17,1,12176038000000,372189,0.119415,8.37415,5.6338,5.67112e+07,3.195e+08,2000000000,0.1775,177.5,0.9
17,1,12176039000000,374189,0.119122,8.39478,15.5039,7.48845e+06,1.161e+08,2000000000,0.0645,64.5,0.9
17,0,12176040000000,378189,0.119509,8.36757,6.42055,9.70322e+07,6.23e+08,4000000000,0.15575,155.75,1
17,2,12176041000000,379189,0.119505,8.36785,8.47458,1.11392e+07,9.44e+07,1000000000,0.118,118,0.8
17,0,12176042000000,383189,0.119956,8.33636,6.14439,1.0595e+08,6.51e+08,4000000000,0.16275,162.75,1
17,2,12176043000000,384189,0.11967,8.35629,100,80000,8e+06,1000000000,0.01,10,0.8
17,1,12176044000000,386189,0.119426,8.37339,13.7931,9.46125e+06,1.305e+08,2000000000,0.0725,72.5,0.9
17,0,12176045000000,390189,0.119809,8.34665,6.37959,9.82822e+07,6.27e+08,4000000000,0.15675,156.75,1
17,2,12176046000000,391189,0.119801,8.34715,8.54701,1.09512e+07,9.36e+07,1000000000,0.117,117,0.8
17,0,12176047000000,395189,0.120216,8.31837,6.22084,1.03362e+08,6.43e+08,4000000000,0.16075,160.75,1
17,2,12176048000000,396189,0.119912,8.33942,0,0,0,1000000000,0,0,0.8
17,1,12176049000000,398189,0.119624,8.35952,16,7.03125e+06,1.125e+08,2000000000,0.0625,62.5,0.9
17,0,12176050000000,402189,0.120063,8.32896,6.10687,1.07256e+08,6.55e+08,4000000000,0.16375,163.75,1
17,2,12176051000000,403189,0.119974,8.33517,11.9048,5.6448e+06,6.72e+07,1000000000,0.084,84,0.8
17,0,12176052000000,407189,0.120485,8.29982,5.81395,1.18336e+08,6.88e+08,4000000000,0.172,172,1
17,2,12176053000000,408189,0.120189,8.3202,0,0,0,1000000000,0,0,0.8
17,2,12176054000000,409189,0.120118,8.32514,10.989,6.6248e+06,7.28e+07,1000000000,0.091,91,0.8
17,0,12176055000000,411328,0.121132,8.25545,3.17359,3.97153e+08,1.2604e+09,4000000000,0.315101,168.5,1
17,2,12176056000000,411328,0.121132,8.25545,0,-nan,-nan,1000000000,-nan,0,0.8
17,0,12176057000000,411328,0.121132,8.25545,0,-nan,-nan,4000000000,-nan,0,1
18,2,10881501000000,1000,0.016,62.5,62.5,204800,1.28e+07,1000000000,0.016,16,0.8
18,2,12175902000000,54258,0.0890007,11.2359,11.0654,6.53359e+06,7.22971e+07,1000000000,0.0903714,4813,0.8
18,0,12175903000000,58258,0.0828899,12.0642,0,0,0,4000000000,0,0,1
18,2,12175904000000,59258,0.0816936,12.2409,83.3333,115200,9.6e+06,1000000000,0.012,12,0.8
18,2,12175905000000,60258,0.0857148,11.6666,3.08642,8.39808e+07,2.592e+08,1000000000,0.324,324,0.8
18,0,12175906000000,64258,0.0830247,12.0446,23.5294,7.225e+06,1.7e+08,4000000000,0.0425,42.5,1
18,2,12175907000000,65258,0.0848478,11.7858,4.9505,3.26432e+07,1.616e+08,1000000000,0.202,202,0.8
18,0,12175908000000,69258,0.0857229,11.6655,10,4e+07,4e+08,4000000000,0.1,100,1
18,2,12175909000000,70258,0.0861254,11.611,8.77193,1.03968e+07,9.12e+07,1000000000,0.114,114,0.8
18,1,12175910000000,72258,0.0927371,10.7832,3.07692,1.90125e+08,5.85e+08,2000000000,0.325,325,0.9
18,0,12175911000000,76258,0.0897611,11.1407,27.7778,5.184e+06,1.44e+08,4000000000,0.036,36,1
18,2,12175912000000,77258,0.093259,10.7228,2.77778,1.0368e+08,2.88e+08,1000000000,0.36,360,0.8
18,0,12175913000000,81258,0.0920156,10.8677,14.7059,1.8496e+07,2.72e+08,4000000000,0.068,68,1
18,2,12175914000000,82258,0.0922342,10.842,9.09091,9.68e+06,8.8e+07,1000000000,0.11,110,0.8
18,1,12175915000000,84258,0.0977593,10.2292,3.07692,1.90125e+08,5.85e+08,2000000000,0.325,325,0.9
18,0,12175916000000,88258,0.0950735,10.5182,25.974,5.929e+06,1.54e+08,4000000000,0.0385,38.5,1
18,2,12175917000000,89258,0.0990275,10.0982,2.23214,1.60563e+08,3.584e+08,1000000000,0.448,448,0.8
18,0,12175918000000,93258,0.0965601,10.3562,24.0964,6.889e+06,1.66e+08,4000000000,0.0415,41.5,1
18,2,12175919000000,94258,0.0967875,10.3319,8.47458,1.11392e+07,9.44e+07,1000000000,0.118,118,0.8
18,1,12175920000000,96258,0.101529,9.84938,3.07692,1.90125e+08,5.85e+08,2000000000,0.325,325,0.9
18,0,12175921000000,100258,0.0989148,10.1097,27.7778,5.184e+06,1.44e+08,4000000000,0.036,36,1
18,2,12175922000000,101258,0.10252,9.75417,2.15517,1.72237e+08,3.712e+08,1000000000,0.464,464,0.8
18,0,12175923000000,105258,0.10022,9.97801,23.8095,7.056e+06,1.68e+08,4000000000,0.042,42,1
18,2,12175924000000,106258,0.100388,9.96138,8.47458,1.11392e+07,9.44e+07,1000000000,0.118,118,0.8
18,1,12175925000000,108258,0.104611,9.55921,3.03951,1.94834e+08,5.922e+08,2000000000,0.329,329,0.9
18,0,12175926000000,112258,0.102131,9.79137,28.5714,4.9e+06,1.4e+08,4000000000,0.035,35,1
18,2,12175927000000,113258,0.105299,9.49673,2.1692,1.70017e+08,3.688e+08,1000000000,0.461,461,0.8
18,0,12175928000000,117258,0.103029,9.70598,25.8065,6.00625e+06,1.55e+08,4000000000,0.03875,38.75,1
18,2,12175929000000,118258,0.103122,9.69725,8.77193,1.03968e+07,9.12e+07,1000000000,0.114,114,0.8
18,1,12175930000000,120258,0.106945,9.35059,3.003,1.996e+08,5.994e+08,2000000000,0.333,333,0.9
18,0,12175931000000,124258,0.104726,9.54876,26.3158,5.776e+06,1.52e+08,4000000000,0.038,38,1
18,2,12175932000000,125258,0.107618,9.29214,2.14133,1.74471e+08,3.736e+08,1000000000,0.467,467,0.8
18,0,12175933000000,129258,0.105347,9.4924,29.1971,4.69225e+06,1.37e+08,4000000000,0.03425,34.25,1
18,2,12175934000000,130258,0.105414,9.48642,8.77193,1.03968e+07,9.12e+07,1000000000,0.114,114,0.8
18,1,12175935000000,132258,0.108855,9.1865,3.003,1.996e+08,5.994e+08,2000000000,0.333,333,0.9
18,0,12175936000000,136258,0.106775,9.36545,26.3158,5.776e+06,1.52e+08,4000000000,0.038,38,1
18,2,12175937000000,137258,0.109436,9.13774,2.11864,1.78227e+08,3.776e+08,1000000000,0.472,472,0.8
18,0,12175938000000,141258,0.107272,9.32211,30.303,4.356e+06,1.32e+08,4000000000,0.033,33,1
18,2,12175939000000,142258,0.107319,9.31801,8.77193,1.03968e+07,9.12e+07,1000000000,0.114,114,0.8
18,1,12175940000000,144258,0.110448,9.05404,3.003,1.996e+08,5.994e+08,2000000000,0.333,333,0.9
18,0,12175941000000,148258,0.108493,9.21716,26.3158,5.776e+06,1.52e+08,4000000000,0.038,38,1
18,2,12175942000000,149258,0.110929,9.0148,2.11864,1.78227e+08,3.776e+08,1000000000,0.472,472,0.8
18,0,12175943000000,153258,0.108895,9.18317,30.303,4.356e+06,1.32e+08,4000000000,0.033,33,1
18,2,12175944000000,154258,0.108928,9.18038,8.77193,1.03968e+07,9.12e+07,1000000000,0.114,114,0.8
18,1,12175945000000,156258,0.111796,8.94487,3.003,1.996e+08,5.994e+08,2000000000,0.333,333,0.9
18,0,12175946000000,160258,0.109954,9.09472,26.3158,5.776e+06,1.52e+08,4000000000,0.038,38,1
18,2,12175947000000,161258,0.112199,8.91273,2.11864,1.78227e+08,3.776e+08,1000000000,0.472,472,0.8
18,0,12175948000000,165258,0.110282,9.06765,30.303,4.356e+06,1.32e+08,4000000000,0.033,33,1
18,2,12175949000000,166258,0.110304,9.06582,8.77193,1.03968e+07,9.12e+07,1000000000,0.114,114,0.8
18,1,12175950000000,168258,0.112952,8.85335,3.003,1.996e+08,5.994e+08,2000000000,0.333,333,0.9
18,0,12175951000000,172258,0.111211,8.99191,26.3158,5.776e+06,1.52e+08,4000000000,0.038,38,1
18,2,12175952000000,173258,0.113293,8.82663,2.11864,1.78227e+08,3.776e+08,1000000000,0.472,472,0.8
18,0,12175953000000,177258,0.111482,8.97009,30.303,4.356e+06,1.32e+08,4000000000,0.033,33,1
18,2,12175954000000,178258,0.111367,8.97935,10.989,6.6248e+06,7.28e+07,1000000000,0.091,91,0.8
18,2,12175955000000,179258,0.11103,9.00658,19.6078,2.0808e+06,4.08e+07,1000000000,0.051,51,0.8
18,1,12175956000000,181258,0.110892,9.01781,10.1523,1.7464e+07,1.773e+08,2000000000,0.0985,98.5,0.9
18,2,12175957000000,182258,0.110898,9.01732,8.92857,1.00352e+07,8.96e+07,1000000000,0.112,112,0.8
18,1,12175958000000,184258,0.110649,9.03757,11.3636,1.39392e+07,1.584e+08,2000000000,0.088,88,0.9
18,1,12175959000000,186258,0.112709,8.87239,3.30579,1.64711e+08,5.445e+08,2000000000,0.3025,302.5,0.9
18,2,12175960000000,187258,0.112673,8.87521,9.43396,8.9888e+06,8.48e+07,1000000000,0.106,106,0.8
18,1,12175961000000,189258,0.113343,8.82281,5.68182,5.57568e+07,3.168e+08,2000000000,0.176,176,0.9
18,0,12175962000000,193258,0.112725,8.87115,11.976,2.7889e+07,3.34e+08,4000000000,0.0835,83.5,1
18,2,12175963000000,194258,0.112536,8.88605,13.1579,4.6208e+06,6.08e+07,1000000000,0.076,76,0.8
18,0,12175964000000,198258,0.113675,8.797,5.91716,1.14244e+08,6.76e+08,4000000000,0.169,169,1
18,2,12175965000000,199258,0.113787,8.78834,7.35294,1.47968e+07,1.088e+08,1000000000,0.136,136,0.8
18,1,12175966000000,201258,0.115752,8.63917,3.21027,1.74658e+08,5.607e+08,2000000000,0.3115,311.5,0.9
18,0,12175967000000,205258,0.114144,8.76085,30.0752,4.42225e+06,1.33e+08,4000000000,0.03325,33.25,1
18,2,12175968000000,206258,0.114318,8.74753,6.66667,1.8e+07,1.2e+08,1000000000,0.15,150,0.8
18,0,12175969000000,210258,0.114512,8.73273,8.03213,6.2001e+07,4.98e+08,4000000000,0.1245,124.5,1
18,2,12175970000000,211258,0.114594,8.72642,7.57576,1.39392e+07,1.056e+08,1000000000,0.132,132,0.8
18,1,12175971000000,213258,0.116465,8.5863,3.18471,1.77473e+08,5.652e+08,2000000000,0.314,314,0.9
18,0,12175972000000,217258,0.114946,8.69972,29.4118,4.624e+06,1.36e+08,4000000000,0.034,34,1
18,2,12175973000000,218258,0.116037,8.61794,2.83286,9.96872e+07,2.824e+08,1000000000,0.353,353,0.8
18,0,12175974000000,222258,0.11515,8.68433,14.9813,1.78223e+07,2.67e+08,4000000000,0.06675,66.75,1
18,2,12175975000000,223258,0.115145,8.68472,8.77193,1.03968e+07,9.12e+07,1000000000,0.114,114,0.8
18,1,12175976000000,225258,0.117115,8.53865,2.96736,2.04424e+08,6.066e+08,2000000000,0.337,337,0.9
18,0,12175977000000,229258,0.115643,8.64733,30.5344,4.29025e+06,1.31e+08,4000000000,0.03275,32.75,1
18,2,12175978000000,230258,0.116943,8.55119,2.40964,1.3778e+08,3.32e+08,1000000000,0.415,415,0.8
18,0,12175979000000,234258,0.115808,8.63497,19.802,1.0201e+07,2.02e+08,4000000000,0.0505,50.5,1
18,2,12175980000000,235258,0.115711,8.6422,10.7527,6.9192e+06,7.44e+07,1000000000,0.093,93,0.8
18,1,12175981000000,237258,0.117682,8.49748,2.86123,2.1987e+08,6.291e+08,2000000000,0.3495,349.5,0.9
18,0,12175982000000,241258,0.116257,8.60161,31.4961,4.03225e+06,1.27e+08,4000000000,0.03175,31.75,1
18,2,12175983000000,242258,0.117466,8.51313,2.44499,1.33825e+08,3.272e+08,1000000000,0.409,409,0.8
18,0,12175984000000,246258,0.116419,8.5897,18.8679,1.1236e+07,2.12e+08,4000000000,0.053,53,1
18,2,12175985000000,247258,0.116425,8.58922,8.47458,1.11392e+07,9.44e+07,1000000000,0.118,118,0.8
18,1,12175986000000,249258,0.118179,8.46176,2.98507,2.02005e+08,6.03e+08,2000000000,0.335,335,0.9
18,0,12175987000000,253258,0.116845,8.55833,29.6296,4.55625e+06,1.35e+08,4000000000,0.03375,33.75,1
18,2,12175988000000,254258,0.117998,8.4747,2.43902,1.3448e+08,3.28e+08,1000000000,0.41,410,0.8
18,0,12175989000000,258258,0.117065,8.54226,17.316,1.33402e+07,2.31e+08,4000000000,0.05775,57.75,1
18,2,12175990000000,259258,0.11703,8.54481,9.25926,9.3312e+06,8.64e+07,1000000000,0.108,108,0.8
18,1,12175991000000,261258,0.11863,8.42958,3.06748,1.91297e+08,5.868e+08,2000000000,0.326,326,0.9
18,0,12175992000000,265258,0.117324,8.52344,31.25,4.096e+06,1.28e+08,4000000000,0.032,32,1
18,2,12175993000000,266258,0.118656,8.42775,2.11864,1.78227e+08,3.776e+08,1000000000,0.472,472,0.8
18,0,12175994000000,270258,0.117473,8.5126,25.8065,6.00625e+06,1.55e+08,4000000000,0.03875,38.75,1
18,2,12175995000000,271258,0.117479,8.51219,8.40336,1.13288e+07,9.52e+07,1000000000,0.119,119,0.8
18,1,12175996000000,273258,0.119071,8.39838,2.98507,2.02005e+08,6.03e+08,2000000000,0.335,335,0.9
18,0,12175997000000,277258,0.117789,8.48974,33.0579,3.66025e+06,1.21e+08,4000000000,0.03025,30.25,1
18,2,12175998000000,278258,0.118908,8.40989,2.331,1.47233e+08,3.432e+08,1000000000,0.429,429,0.8
18,0,12175999000000,282258,0.117882,8.48309,21.5054,8.649e+06,1.86e+08,4000000000,0.0465,46.5,1
18,2,12176000000000,283258,0.117868,8.48408,8.77193,1.03968e+07,9.12e+07,1000000000,0.114,114,0.8
18,1,12176001000000,285258,0.119418,8.37393,2.94985,2.06858e+08,6.102e+08,2000000000,0.339,339,0.9
18,0,12176002000000,289258,0.118213,8.45932,31.0078,4.16025e+06,1.29e+08,4000000000,0.03225,32.25,1
18,2,12176003000000,290258,0.119256,8.38532,2.3753,1.41793e+08,3.368e+08,1000000000,0.421,421,0.8
18,0,12176004000000,294258,0.119749,8.35082,6.43087,9.6721e+07,6.22e+08,4000000000,0.1555,155.5,1
18,2,12176005000000,295258,0.119343,8.3792,0,0,0,1000000000,0,0,0.8
18,1,12176006000000,297258,0.11889,8.41114,19.2308,4.8672e+06,9.36e+07,2000000000,0.052,52,0.9
18,0,12176007000000,301258,0.119356,8.37829,6.49351,9.4864e+07,6.16e+08,4000000000,0.154,154,1
18,2,12176008000000,302258,0.119352,8.3786,8.47458,1.11392e+07,9.44e+07,1000000000,0.118,118,0.8
18,0,12176009000000,306258,0.119941,8.33741,6.07903,1.08241e+08,6.58e+08,4000000000,0.1645,164.5,1
18,1,12176010000000,308258,0.119163,8.39185,0,0,0,2000000000,0,0,0.9
18,2,12176011000000,309258,0.119111,8.39554,9.70874,8.4872e+06,8.24e+07,1000000000,0.103,103,0.8
18,0,12176012000000,313258,0.119738,8.35154,5.94354,1.13232e+08,6.73e+08,4000000000,0.16825,168.25,1
18,2,12176013000000,314258,0.119682,8.35548,9.80392,8.3232e+06,8.16e+07,1000000000,0.102,102,0.8
18,1,12176014000000,316258,0.120351,8.30902,4.43459,9.15304e+07,4.059e+08,2000000000,0.2255,225.5,0.9
18,0,12176015000000,320258,0.119532,8.36598,18.2648,1.19902e+07,2.19e+08,4000000000,0.05475,54.75,1
18,2,12176016000000,321258,0.119424,8.37351,11.7647,5.78e+06,6.8e+07,1000000000,0.085,85,0.8
18,0,12176017000000,325258,0.120031,8.33119,5.92593,1.13906e+08,6.75e+08,4000000000,0.16875,168.75,1
18,2,12176018000000,326258,0.120089,8.32716,7.19424,1.54568e+07,1.112e+08,1000000000,0.139,139,0.8
18,1,12176019000000,328258,0.119702,8.35411,17.6991,5.74605e+06,1.017e+08,2000000000,0.0565,56.5,0.9
18,0,12176020000000,332258,0.119801,8.34714,7.8125,6.5536e+07,5.12e+08,4000000000,0.128,128,1
18,2,12176021000000,333258,0.119796,8.34752,8.47458,1.11392e+07,9.44e+07,1000000000,0.118,118,0.8
18,0,12176022000000,337258,0.120291,8.31319,6.19195,1.04329e+08,6.46e+08,4000000000,0.1615,161.5,1
18,2,12176023000000,338258,0.120272,8.31448,8.77193,1.03968e+07,9.12e+07,1000000000,0.114,114,0.8
18,2,12176024000000,339258,0.120124,8.32474,14.2857,3.92e+06,5.6e+07,1000000000,0.07,70,0.8
18,0,12176025000000,343258,0.120449,8.30229,6.75676,8.7616e+07,5.92e+08,4000000000,0.148,148,1
18,2,12176026000000,344258,0.120424,8.30398,8.92857,1.00352e+07,8.96e+07,1000000000,0.112,112,0.8
18,0,12176027000000,348258,0.120913,8.27039,6.13497,1.06276e+08,6.52e+08,4000000000,0.163,163,1
18,1,12176028000000,350258,0.120346,8.3094,46.5116,832050,3.87e+07,2000000000,0.0215,21.5,0.9
18,2,12176029000000,351258,0.120197,8.31971,14.7059,3.6992e+06,5.44e+07,1000000000,0.068,68,0.8
18,0,12176030000000,355258,0.120771,8.28011,5.83942,1.17306e+08,6.85e+08,4000000000,0.17125,171.25,1
18,2,12176031000000,356258,0.120688,8.28584,10.989,6.6248e+06,7.28e+07,1000000000,0.091,91,0.8
18,0,12176032000000,360258,0.120369,8.30777,10.8696,3.3856e+07,3.68e+08,4000000000,0.092,92,1
18,1,12176033000000,362258,0.12048,8.3001,7.11744,3.55325e+07,2.529e+08,2000000000,0.1405,140.5,0.9
18,2,12176034000000,363258,0.120452,8.30209,9.09091,9.68e+06,8.8e+07,1000000000,0.11,110,0.8
18,0,12176035000000,367258,0.120953,8.26767,6.00601,1.10889e+08,6.66e+08,4000000000,0.1665,166.5,1
18,2,12176036000000,368258,0.120918,8.27007,9.25926,9.3312e+06,8.64e+07,1000000000,0.108,108,0.8
18,1,12176037000000,370258,0.120683,8.28614,12.9032,1.08112e+07,1.395e+08,2000000000,0.0775,77.5,0.9
18,1,12176038000000,372258,0.121349,8.24072,4.08998,1.07604e+08,4.401e+08,2000000000,0.2445,244.5,0.9
18,1,12176039000000,374258,0.121117,8.25648,12.8205,1.09512e+07,1.404e+08,2000000000,0.078,78,0.9
18,0,12176040000000,378258,0.121475,8.23213,6.45161,9.61e+07,6.2e+08,4000000000,0.155,155,1
18,2,12176041000000,379258,0.121466,8.23275,8.47458,1.11392e+07,9.44e+07,1000000000,0.118,118,0.8
18,0,12176042000000,383258,0.121273,8.24583,9.70874,4.2436e+07,4.12e+08,4000000000,0.103,103,1
18,2,12176043000000,384258,0.121567,8.22593,4.2735,4.38048e+07,1.872e+08,1000000000,0.234,234,0.8
18,1,12176044000000,386258,0.121269,8.24615,15.625,7.3728e+06,1.152e+08,2000000000,0.064,64,0.9
18,0,12176045000000,390258,0.121758,8.21302,5.91716,1.14244e+08,6.76e+08,4000000000,0.169,169,1
18,2,12176046000000,391258,0.121669,8.21902,11.4943,6.0552e+06,6.96e+07,1000000000,0.087,87,0.8
18,0,12176047000000,395258,0.12209,8.19069,6.12557,1.06602e+08,6.53e+08,4000000000,0.16325,163.25,1
18,2,12176048000000,396258,0.121908,8.20291,20,2e+06,4e+07,1000000000,0.05,50,0.8
18,1,12176049000000,398258,0.121532,8.2283,21.2766,3.9762e+06,8.46e+07,2000000000,0.047,47,0.9
18,0,12176050000000,402258,0.121934,8.20115,6.17284,1.04976e+08,6.48e+08,4000000000,0.162,162,1
18,2,12176051000000,403258,0.121959,8.19947,7.57576,1.39392e+07,1.056e+08,1000000000,0.132,132,0.8
18,0,12176052000000,406655,0.122465,8.1656,5.47903,1.33245e+08,7.30056e+08,4000000000,0.182514,155,1
18,2,12176053000000,406655,0.122465,8.1656,0,-nan,-nan,1000000000,-nan,0,0.8
18,2,12176054000000,406655,0.122465,8.1656,0,-nan,-nan,1000000000,-nan,0,0.8
18,0,12176055000000,406655,0.122465,8.1656,0,-nan,-nan,4000000000,-nan,0,1
18,2,12176056000000,406655,0.122465,8.1656,0,-nan,-nan,1000000000,-nan,0,0.8
18,0,12176057000000,406655,0.122465,8.1656,0,-nan,-nan,4000000000,-nan,0,1
19,2,10881501000000,1000,0.016,62.5,62.5,204800,1.28e+07,1000000000,0.016,16,0.8
19,2,12175902000000,53779,0.0915785,10.9196,10.7515,6.92076e+06,7.44084e+07,1000000000,0.0930105,4909,0.8
19,0,12175903000000,57779,0.0852386,11.7318,0,0,0,4000000000,0,0,1
19,2,12175904000000,58779,0.0839926,11.9058,83.3333,115200,9.6e+06,1000000000,0.012,12,0.8
19,2,12175905000000,59779,0.0880075,11.3627,3.08642,8.39808e+07,2.592e+08,1000000000,0.324,324,0.8
19,0,12175906000000,63779,0.0851534,11.7435,23.5294,7.225e+06,1.7e+08,4000000000,0.0425,42.5,1
19,2,12175907000000,64779,0.0869572,11.4999,4.9505,3.26432e+07,1.616e+08,1000000000,0.202,202,0.8
19,0,12175908000000,68779,0.0877157,11.4005,10,4e+07,4e+08,4000000000,0.1,100,1
19,2,12175909000000,69779,0.0880924,11.3517,8.77193,1.03968e+07,9.12e+07,1000000000,0.114,114,0.8
19,1,12175910000000,71779,0.0946934,10.5604,3.07692,1.90125e+08,5.85e+08,2000000000,0.325,325,0.9
19,0,12175911000000,75779,0.0915953,10.9176,27.7778,5.184e+06,1.44e+08,4000000000,0.036,36,1
19,2,12175912000000,76779,0.0950911,10.5162,2.77778,1.0368e+08,2.88e+08,1000000000,0.36,360,0.8
19,0,12175913000000,80779,0.0937496,10.6667,14.7059,1.8496e+07,2.72e+08,4000000000,0.068,68,1
19,2,12175914000000,81779,0.0939483,10.6441,9.09091,9.68e+06,8.8e+07,1000000000,0.11,110,0.8
19,1,12175915000000,83779,0.0994641,10.0539,3.07692,1.90125e+08,5.85e+08,2000000000,0.325,325,0.9
19,0,12175916000000,87779,0.096686,10.3428,25.974,5.929e+06,1.54e+08,4000000000,0.0385,38.5,1
19,2,12175917000000,88779,0.100643,9.93609,2.23214,1.60563e+08,3.584e+08,1000000000,0.448,448,0.8
19,0,12175918000000,92779,0.0980933,10.1944,24.0964,6.889e+06,1.66e+08,4000000000,0.0415,41.5,1
19,2,12175919000000,93779,0.0983056,10.1724,8.47458,1.11392e+07,9.44e+07,1000000000,0.118,118,0.8
19,1,12175920000000,95779,0.103039,9.70504,3.07692,1.90125e+08,5.85e+08,2000000000,0.325,325,0.9
19,0,12175921000000,99779,0.100352,9.96495,27.7778,5.184e+06,1.44e+08,4000000000,0.036,36,1
19,2,12175922000000,100779,0.10396,9.61907,2.15517,1.72237e+08,3.712e+08,1000000000,0.464,464,0.8
19,0,12175923000000,104779,0.101595,9.84302,23.8095,7.056e+06,1.68e+08,4000000000,0.042,42,1
19,2,12175924000000,105779,0.10175,9.82802,8.47458,1.11392e+07,9.44e+07,1000000000,0.118,118,0.8
19,1,12175925000000,107779,0.105967,9.43691,3.03951,1.94834e+08,5.922e+08,2000000000,0.329,329,0.9
19,0,12175926000000,111779,0.103427,9.66863,28.5714,4.9e+06,1.4e+08,4000000000,0.035,35,1
19,2,12175927000000,112779,0.106598,9.38105,2.1692,1.70017e+08,3.688e+08,1000000000,0.461,461,0.8
19,0,12175928000000,116779,0.104274,9.59013,25.8065,6.00625e+06,1.55e+08,4000000000,0.03875,38.75,1
19,2,12175929000000,117779,0.104356,9.58254,8.77193,1.03968e+07,9.12e+07,1000000000,0.114,114,0.8
19,1,12175930000000,119779,0.108174,9.24435,3.003,1.996e+08,5.994e+08,2000000000,0.333,333,0.9
19,0,12175931000000,123779,0.105906,9.44229,26.3158,5.776e+06,1.52e+08,4000000000,0.038,38,1
19,2,12175932000000,124779,0.1088,9.19115,2.14133,1.74471e+08,3.736e+08,1000000000,0.467,467,0.8
19,0,12175933000000,128779,0.106485,9.39102,29.1971,4.69225e+06,1.37e+08,4000000000,0.03425,34.25,1
19,2,12175934000000,129779,0.106543,9.38591,8.77193,1.03968e+07,9.12e+07,1000000000,0.114,114,0.8
19,1,12175935000000,131779,0.10998,9.0926,3.003,1.996e+08,5.994e+08,2000000000,0.333,333,0.9
19,0,12175936000000,135779,0.107859,9.27136,26.3158,5.776e+06,1.52e+08,4000000000,0.038,38,1
19,2,12175937000000,136779,0.110521,9.04803,2.11864,1.78227e+08,3.776e+08,1000000000,0.472,472,0.8
19,0,12175938000000,140779,0.108319,9.23202,30.303,4.356e+06,1.32e+08,4000000000,0.033,33,1
19,2,12175939000000,141779,0.108359,9.2286,8.77193,1.03968e+07,9.12e+07,1000000000,0.114,114,0.8
19,1,12175940000000,143779,0.111484,8.96993,3.003,1.996e+08,5.994e+08,2000000000,0.333,333,0.9
19,0,12175941000000,147779,0.109495,9.13287,26.3158,5.776e+06,1.52e+08,4000000000,0.038,38,1
19,2,12175942000000,148779,0.111931,8.93407,2.11864,1.78227e+08,3.776e+08,1000000000,0.472,472,0.8
19,0,12175943000000,152779,0.109865,9.10211,30.303,4.356e+06,1.32e+08,4000000000,0.033,33,1
19,2,12175944000000,153779,0.109891,9.09989,8.77193,1.03968e+07,9.12e+07,1000000000,0.114,114,0.8
19,1,12175945000000,155779,0.112756,8.86872,3.003,1.996e+08,5.994e+08,2000000000,0.333,333,0.9
19,0,12175946000000,159779,0.110884,9.0184,26.3158,5.776e+06,1.52e+08,4000000000,0.038,38,1
19,2,12175947000000,160779,0.11313,8.83935,2.11864,1.78227e+08,3.776e+08,1000000000,0.472,472,0.8
19,0,12175948000000,164779,0.111185,8.994,30.303,4.356e+06,1.32e+08,4000000000,0.033,33,1
19,2,12175949000000,165779,0.111202,8.99262,8.77193,1.03968e+07,9.12e+07,1000000000,0.114,114,0.8
19,1,12175950000000,167779,0.113846,8.78378,3.003,1.996e+08,5.994e+08,2000000000,0.333,333,0.9
19,0,12175951000000,171779,0.11208,8.92219,26.3158,5.776e+06,1.52e+08,4000000000,0.038,38,1
19,2,12175952000000,172779,0.114163,8.75939,2.11864,1.78227e+08,3.776e+08,1000000000,0.472,472,0.8
19,0,12175953000000,176779,0.112327,8.9026,30.303,4.356e+06,1.32e+08,4000000000,0.033,33,1
19,2,12175954000000,177779,0.112679,8.87475,5.71429,2.45e+07,1.4e+08,1000000000,0.175,175,0.8
19,2,12175955000000,178779,0.11239,8.89758,16.3934,2.9768e+06,4.88e+07,1000000000,0.061,61,0.8
19,1,12175956000000,180779,0.112253,8.90844,10,1.8e+07,1.8e+08,2000000000,0.1,100,0.9
19,2,12175957000000,181779,0.112549,8.88504,6.0241,2.20448e+07,1.328e+08,1000000000,0.166,166,0.8
19,1,12175958000000,183779,0.114659,8.72148,3.26264,1.69096e+08,5.517e+08,2000000000,0.3065,306.5,0.9
19,1,12175959000000,185779,0.114044,8.76854,17.3913,5.95125e+06,1.035e+08,2000000000,0.0575,57.5,0.9
19,2,12175960000000,186779,0.114451,8.73738,5.26316,2.888e+07,1.52e+08,1000000000,0.19,190,0.8
19,1,12175961000000,188779,0.115675,8.64491,4.34783,9.522e+07,4.14e+08,2000000000,0.23,230,0.9
19,0,12175962000000,192779,0.113939,8.77664,31.25,4.096e+06,1.28e+08,4000000000,0.032,32,1
19,2,12175963000000,193779,0.116437,8.58835,1.67224,2.86083e+08,4.784e+08,1000000000,0.598,598,0.8
19,0,12175964000000,197779,0.114992,8.69626,22.2222,8.1e+06,1.8e+08,4000000000,0.045,45,1
19,2,12175965000000,198779,0.114866,8.70578,11.1111,6.48e+06,7.2e+07,1000000000,0.09,90,0.8
19,1,12175966000000,200779,0.116427,8.58911,3.68324,1.32682e+08,4.887e+08,2000000000,0.2715,271.5,0.9
19,0,12175967000000,204779,0.114812,8.70992,29.6296,4.55625e+06,1.35e+08,4000000000,0.03375,33.75,1
19,2,12175968000000,205779,0.117121,8.53819,1.69492,2.7848e+08,4.72e+08,1000000000,0.59,590,0.8
19,0,12175969000000,209779,0.115407,8.66497,36.6972,2.97025e+06,1.09e+08,4000000000,0.02725,27.25,1
19,2,12175970000000,210779,0.11513,8.68583,17.5439,2.5992e+06,4.56e+07,1000000000,0.057,57,0.8
19,1,12175971000000,212779,0.117084,8.54088,3.09598,1.87792e+08,5.814e+08,2000000000,0.323,323,0.9
19,0,12175972000000,216779,0.115606,8.65005,27.027,5.476e+06,1.48e+08,4000000000,0.037,37,1
19,2,12175973000000,217779,0.117495,8.51098,1.89753,2.22183e+08,4.216e+08,1000000000,0.527,527,0.8
19,0,12175974000000,221779,0.116332,8.59609,18.8679,1.1236e+07,2.12e+08,4000000000,0.053,53,1
19,2,12175975000000,222779,0.115967,8.62315,28.5714,980000,2.8e+07,1000000000,0.035,35,0.8
19,1,12175976000000,224779,0.117756,8.49216,3.15457,1.8088e+08,5.706e+08,2000000000,0.317,317,0.9
19,0,12175977000000,228779,0.116256,8.60168,31.25,4.096e+06,1.28e+08,4000000000,0.032,32,1
19,2,12175978000000,229779,0.118026,8.47268,1.91205,2.18823e+08,4.184e+08,1000000000,0.523,523,0.8
19,0,12175979000000,233779,0.116649,8.57275,26.6667,5.625e+06,1.5e+08,4000000000,0.0375,37.5,1
19,2,12175980000000,234779,0.116441,8.58801,14.7059,3.6992e+06,5.44e+07,1000000000,0.068,68,0.8
19,1,12175981000000,236779,0.118207,8.45972,3.0722,1.9071e+08,5.859e+08,2000000000,0.3255,325.5,0.9
19,0,12175982000000,240779,0.116821,8.56012,28.777,4.83025e+06,1.39e+08,4000000000,0.03475,34.75,1
19,2,12175983000000,241779,0.11848,8.44024,1.9305,2.14659e+08,4.144e+08,1000000000,0.518,518,0.8
19,0,12175984000000,245779,0.117268,8.52748,22.7273,7.744e+06,1.76e+08,4000000000,0.044,44,1
19,2,12175985000000,246779,0.117064,8.54232,14.9254,3.5912e+06,5.36e+07,1000000000,0.067,67,0.8
19,1,12175986000000,248779,0.11868,8.42605,3.14465,1.82023e+08,5.724e+08,2000000000,0.318,318,0.9
19,0,12175987000000,252779,0.117348,8.52169,28.9855,4.761e+06,1.38e+08,4000000000,0.0345,34.5,1
19,2,12175988000000,253779,0.118895,8.4108,1.96078,2.0808e+08,4.08e+08,1000000000,0.51,510,0.8
19,0,12175989000000,257779,0.117733,8.49382,22.7273,7.744e+06,1.76e+08,4000000000,0.044,44,1
19,2,12175990000000,258779,0.117579,8.50491,12.8205,4.8672e+06,6.24e+07,1000000000,0.078,78,0.8
19,1,12175991000000,260779,0.119181,8.39057,3.06279,1.91884e+08,5.877e+08,2000000000,0.3265,326.5,0.9
19,0,12175992000000,264779,0.117842,8.48596,32.7869,3.721e+06,1.22e+08,4000000000,0.0305,30.5,1
19,2,12175993000000,265779,0.119265,8.38472,2.01613,1.96813e+08,3.968e+08,1000000000,0.496,496,0.8
19,0,12175994000000,269779,0.118067,8.46977,25.974,5.929e+06,1.54e+08,4000000000,0.0385,38.5,1
19,2,12175995000000,270779,0.117963,8.47721,11.1111,6.48e+06,7.2e+07,1000000000,0.09,90,0.8
19,1,12175996000000,272779,0.119555,8.36438,2.98507,2.02005e+08,6.03e+08,2000000000,0.335,335,0.9
19,0,12175997000000,276779,0.118286,8.45411,31.4961,4.03225e+06,1.27e+08,4000000000,0.03175,31.75,1
19,2,12175998000000,277779,0.119627,8.35928,2.03666,1.92865e+08,3.928e+08,1000000000,0.491,491,0.8
19,0,12175999000000,281779,0.118376,8.44763,31.746,3.969e+06,1.26e+08,4000000000,0.0315,31.5,1
19,2,12176000000000,282779,0.118365,8.44848,8.69565,1.058e+07,9.2e+07,1000000000,0.115,115,0.8
19,1,12176001000000,284779,0.119925,8.33857,2.93686,2.08692e+08,6.129e+08,2000000000,0.3405,340.5,0.9
19,0,12176002000000,288779,0.118679,8.42609,33.3333,3.6e+06,1.2e+08,4000000000,0.03,30,1
19,2,12176003000000,289779,0.119836,8.34473,2.20264,1.64893e+08,3.632e+08,1000000000,0.454,454,0.8
19,0,12176004000000,293779,0.120189,8.32023,6.86106,8.49722e+07,5.83e+08,4000000000,0.14575,145.75,1
19,2,12176005000000,294779,0.120015,8.33227,14.4928,3.8088e+06,5.52e+07,1000000000,0.069,69,0.8
19,1,12176006000000,296779,0.121427,8.2354,3.0349,1.95426e+08,5.931e+08,2000000000,0.3295,329.5,0.9
19,0,12176007000000,300779,0.120274,8.31432,28.777,4.83025e+06,1.39e+08,4000000000,0.03475,34.75,1
19,2,12176008000000,301779,0.121317,8.24285,2.29885,1.5138e+08,3.48e+08,1000000000,0.435,435,0.8
19,0,12176009000000,305779,0.120365,8.30808,20.6186,9.409e+06,1.94e+08,4000000000,0.0485,48.5,1
19,1,12176010000000,307779,0.120011,8.33254,15.1515,7.8408e+06,1.188e+08,2000000000,0.066,66,0.9
19,2,12176011000000,308779,0.12167,8.21898,1.58228,3.19539e+08,5.056e+08,1000000000,0.632,632,0.8
19,0,12176012000000,312779,0.120408,8.30512,43.4783,2.116e+06,9.2e+07,4000000000,0.023,23,1
19,2,12176013000000,313779,0.12077,8.28022,4.2735,4.38048e+07,1.872e+08,1000000000,0.234,234,0.8
19,1,12176014000000,315779,0.121405,8.23693,4.52489,8.79138e+07,3.978e+08,2000000000,0.221,221,0.9
19,0,12176015000000,319779,0.120349,8.30919,27.027,5.476e+06,1.48e+08,4000000000,0.037,37,1
19,2,12176016000000,320779,0.121828,8.20827,1.68067,2.8322e+08,4.76e+08,1000000000,0.595,595,0.8
19,0,12176017000000,324779,0.120688,8.28581,34.188,3.42225e+06,1.17e+08,4000000000,0.02925,29.25,1
19,2,12176018000000,325779,0.120612,8.29102,10.4167,7.3728e+06,7.68e+07,1000000000,0.096,96,0.8
19,1,12176019000000,327779,0.121634,8.2214,3.47222,1.49299e+08,5.184e+08,2000000000,0.288,288,0.9
19,0,12176020000000,331779,0.120607,8.29137,27.3973,5.329e+06,1.46e+08,4000000000,0.0365,36.5,1
19,2,12176021000000,332779,0.121916,8.20239,1.79856,2.47309e+08,4.448e+08,1000000000,0.556,556,0.8
19,0,12176022000000,336779,0.12107,8.25965,19.7044,1.03022e+07,2.03e+08,4000000000,0.05075,50.75,1
19,2,12176023000000,337779,0.120819,8.27687,27.7778,1.0368e+06,2.88e+07,1000000000,0.036,36,0.8
19,2,12176024000000,338779,0.122254,8.17971,1.64745,2.94759e+08,4.856e+08,1000000000,0.607,607,0.8
19,0,12176025000000,342779,0.121241,8.24801,28.169,5.041e+06,1.42e+08,4000000000,0.0355,35.5,1
19,2,12176026000000,343779,0.121857,8.20632,3.003,8.87112e+07,2.664e+08,1000000000,0.333,333,0.8
19,0,12176027000000,347779,0.121287,8.24492,13.8408,2.08802e+07,2.89e+08,4000000000,0.07225,72.25,1
19,1,12176028000000,349779,0.120948,8.26803,16.129,6.9192e+06,1.116e+08,2000000000,0.062,62,0.9
19,2,12176029000000,350779,0.122439,8.16734,1.5528,3.31789e+08,5.152e+08,1000000000,0.644,644,0.8
19,0,12176030000000,354779,0.121307,8.24358,45.4545,1.936e+06,8.8e+07,4000000000,0.022,22,1
19,2,12176031000000,355779,0.121474,8.23219,5.52486,2.62088e+07,1.448e+08,1000000000,0.181,181,0.8
19,0,12176032000000,359779,0.121511,8.22973,8.01603,6.22502e+07,4.99e+08,4000000000,0.12475,124.75,1
19,1,12176033000000,361779,0.121204,8.25056,15.1515,7.8408e+06,1.188e+08,2000000000,0.066,66,0.9
19,2,12176034000000,362779,0.122469,8.16536,1.72414,2.6912e+08,4.64e+08,1000000000,0.58,580,0.8
19,0,12176035000000,366779,0.121681,8.21822,19.9005,1.01002e+07,2.01e+08,4000000000,0.05025,50.25,1
19,2,12176036000000,367779,0.1215,8.23048,18.1818,2.42e+06,4.4e+07,1000000000,0.055,55,0.8
19,1,12176037000000,369779,0.122379,8.17137,3.52113,1.45181e+08,5.112e+08,2000000000,0.284,284,0.9
19,1,12176038000000,371779,0.122151,8.18662,12.5,1.152e+07,1.44e+08,2000000000,0.08,80,0.9
19,1,12176039000000,373779,0.123124,8.12192,3.28947,1.66349e+08,5.472e+08,2000000000,0.304,304,0.9
19,0,12176040000000,377779,0.122243,8.1804,25,6.4e+06,1.6e+08,4000000000,0.04,40,1
19,2,12176041000000,378779,0.122573,8.15842,4.04858,4.88072e+07,1.976e+08,1000000000,0.247,247,0.8
19,0,12176042000000,382779,0.122235,8.18096,11.0803,3.25802e+07,3.61e+08,4000000000,0.09025,90.25,1
19,2,12176043000000,383779,0.122203,8.1831,9.09091,9.68e+06,8.8e+07,1000000000,0.11,110,0.8
19,1,12176044000000,385779,0.123275,8.11193,3.03951,1.94834e+08,5.922e+08,2000000000,0.329,329,0.9
19,0,12176045000000,389779,0.1222,8.1833,54.0541,1.369e+06,7.4e+07,4000000000,0.0185,18.5,1
19,2,12176046000000,390779,0.122801,8.14326,2.80112,1.01959e+08,2.856e+08,1000000000,0.357,357,0.8
19,0,12176047000000,394779,0.12242,8.16857,11.7302,2.90703e+07,3.41e+08,4000000000,0.08525,85.25,1
19,2,12176048000000,395779,0.122346,8.17354,10.7527,6.9192e+06,7.44e+07,1000000000,0.093,93,0.8
19,1,12176049000000,397779,0.123428,8.1019,2.96296,2.05031e+08,6.075e+08,2000000000,0.3375,337.5,0.9
19,0,12176050000000,401779,0.122391,8.17056,51.9481,1.48225e+06,7.7e+07,4000000000,0.01925,19.25,1
19,2,12176051000000,402779,0.123147,8.12038,2.34192,1.45863e+08,3.416e+08,1000000000,0.427,427,0.8
19,0,12176052000000,403694,0.123542,8.09444,3.36397,3.53472e+08,1.18907e+09,4000000000,0.297268,68,1
19,2,12176053000000,403694,0.123542,8.09444,0,-nan,-nan,1000000000,-nan,0,0.8
19,2,12176054000000,403694,0.123542,8.09444,0,-nan,-nan,1000000000,-nan,0,0.8
19,0,12176055000000,403694,0.123542,8.09444,0,-nan,-nan,4000000000,-nan,0,1
19,2,12176056000000,403694,0.123542,8.09444,0,-nan,-nan,1000000000,-nan,0,0.8
19,0,12176057000000,403694,0.123542,8.09444,0,-nan,-nan,4000000000,-nan,0,1
20,2,10881501000000,1000,0.016,62.5,62.5,204800,1.28e+07,1000000000,0.016,16,0.8
20,2,12175902000000,54399,0.08877,11.2651,11.0947,6.49913e+06,7.21062e+07,1000000000,0.0901328,4813,0.8
20,0,12175903000000,58399,0.0826898,12.0934,0,0,0,4000000000,0,0,1
20,2,12175904000000,59399,0.0814997,12.27,83.3333,115200,9.6e+06,1000000000,0.012,12,0.8
20,2,12175905000000,60399,0.0862928,11.5884,2.69542,1.10113e+08,2.968e+08,1000000000,0.371,371,0.8
20,0,12175906000000,64399,0.0828429,12.071,32.5203,3.78225e+06,1.23e+08,4000000000,0.03075,30.75,1
20,2,12175907000000,65399,0.0861787,11.6038,3.32226,7.24808e+07,2.408e+08,1000000000,0.301,301,0.8
20,0,12175908000000,69399,0.0856496,11.6755,12.987,2.3716e+07,3.08e+08,4000000000,0.077,77,1
20,2,12175909000000,70399,0.0859529,11.6343,9.34579,9.1592e+06,8.56e+07,1000000000,0.107,107,0.8
20,1,12175910000000,72399,0.0925427,10.8058,3.08166,1.8954e+08,5.841e+08,2000000000,0.3245,324.5,0.9
20,0,12175911000000,76399,0.0894383,11.1809,30.0752,4.42225e+06,1.33e+08,4000000000,0.03325,33.25,1
20,2,12175912000000,77399,0.0940451,10.6332,2.24215,1.59133e+08,3.568e+08,1000000000,0.446,446,0.8
20,0,12175913000000,81399,0.0918439,10.888,20.3046,9.70225e+06,1.97e+08,4000000000,0.04925,49.25,1
20,2,12175914000000,82399,0.0920764,10.8606,9.00901,9.8568e+06,8.88e+07,1000000000,0.111,111,0.8
20,1,12175915000000,84399,0.0978211,10.2227,2.98954,2.01402e+08,6.021e+08,2000000000,0.3345,334.5,0.9
20,0,12175916000000,88399,0.0948314,10.545,31.4961,4.03225e+06,1.27e+08,4000000000,0.03175,31.75,1
20,2,12175917000000,89399,0.0993523,10.0652,2.00401,1.99201e+08,3.992e+08,1000000000,0.499,499,0.8
20,0,12175918000000,93399,0.0967355,10.3375,26.1438,5.85225e+06,1.53e+08,4000000000,0.03825,38.25,1
20,2,12175919000000,94399,0.096643,10.3474,11.3636,6.1952e+06,7.04e+07,1000000000,0.088,88,0.8
20,1,12175920000000,96399,0.101453,9.85675,3.04414,1.94242e+08,5.913e+08,2000000000,0.3285,328.5,0.9
20,0,12175921000000,100399,0.0986564,10.1362,32,3.90625e+06,1.25e+08,4000000000,0.03125,31.25,1
20,2,12175922000000,101399,0.102792,9.72839,1.9305,2.14659e+08,4.144e+08,1000000000,0.518,518,0.8
20,0,12175923000000,105399,0.10038,9.9621,25.4777,6.16225e+06,1.57e+08,4000000000,0.03925,39.25,1
20,2,12175924000000,106399,0.10033,9.96712,10.5263,7.22e+06,7.6e+07,1000000000,0.095,95,0.8
20,1,12175925000000,108399,0.104355,9.58266,3.13972,1.82596e+08,5.733e+08,2000000000,0.3185,318.5,0.9
20,0,12175926000000,112399,0.10178,9.82509,31.25,4.096e+06,1.28e+08,4000000000,0.032,32,1
20,2,12175927000000,113399,0.105777,9.45386,1.8018,2.4642e+08,4.44e+08,1000000000,0.555,555,0.8
20,0,12175928000000,117399,0.104055,9.61027,18.0995,1.22102e+07,2.21e+08,4000000000,0.05525,55.25,1
20,2,12175929000000,118399,0.103464,9.66522,29.4118,924800,2.72e+07,1000000000,0.034,34,0.8
20,1,12175930000000,120399,0.106712,9.37103,3.34448,1.60922e+08,5.382e+08,2000000000,0.299,299,0.9
20,0,12175931000000,124399,0.10431,9.58685,31.25,4.096e+06,1.28e+08,4000000000,0.032,32,1
20,2,12175932000000,125399,0.107951,9.26343,1.78253,2.51777e+08,4.488e+08,1000000000,0.561,561,0.8
20,0,12175933000000,129399,0.10633,9.40468,18.018,1.2321e+07,2.22e+08,4000000000,0.0555,55.5,1
20,2,12175934000000,130399,0.105791,9.45263,27.7778,1.0368e+06,2.88e+07,1000000000,0.036,36,0.8
20,1,12175935000000,132399,0.108672,9.20204,3.37268,1.58242e+08,5.337e+08,2000000000,0.2965,296.5,0.9
20,0,12175936000000,136399,0.106401,9.3984,32,3.90625e+06,1.25e+08,4000000000,0.03125,31.25,1
20,2,12175937000000,137399,0.10952,9.13072,1.86916,2.2898e+08,4.28e+08,1000000000,0.535,535,0.8
20,0,12175938000000,141399,0.107575,9.29584,24.5399,6.64225e+06,1.63e+08,4000000000,0.04075,40.75,1
20,2,12175939000000,142399,0.107374,9.31321,12.6582,4.9928e+06,6.32e+07,1000000000,0.079,79,0.8
20,1,12175940000000,144399,0.110278,9.06801,3.15457,1.8088e+08,5.706e+08,2000000000,0.317,317,0.9
20,0,12175941000000,148399,0.108148,9.24662,32,3.90625e+06,1.25e+08,4000000000,0.03125,31.25,1
20,2,12175942000000,149399,0.110965,9.01188,1.89036,2.23873e+08,4.232e+08,1000000000,0.529,529,0.8
20,0,12175943000000,153399,0.10914,9.16253,24.3902,6.724e+06,1.64e+08,4000000000,0.041,41,1
20,2,12175944000000,154399,0.108964,9.17731,12.1951,5.3792e+06,6.56e+07,1000000000,0.082,82,0.8
20,1,12175945000000,156399,0.111638,8.95756,3.14465,1.82023e+08,5.724e+08,2000000000,0.318,318,0.9
20,0,12175946000000,160399,0.109633,9.12135,32,3.90625e+06,1.25e+08,4000000000,0.03125,31.25,1
20,2,12175947000000,161399,0.112113,8.91954,1.96078,2.0808e+08,4.08e+08,1000000000,0.51,510,0.8
20,0,12175948000000,165399,0.110345,9.06246,25.641,6.084e+06,1.56e+08,4000000000,0.039,39,1
20,2,12175949000000,166399,0.110211,9.0735,11.3636,6.1952e+06,7.04e+07,1000000000,0.088,88,0.8
20,1,12175950000000,168399,0.112804,8.86497,3.04414,1.94242e+08,5.913e+08,2000000000,0.3285,328.5,0.9
20,0,12175951000000,172399,0.110911,9.01621,32,3.90625e+06,1.25e+08,4000000000,0.03125,31.25,1
20,2,12175952000000,173399,0.113259,8.82932,1.9305,2.14659e+08,4.144e+08,1000000000,0.518,518,0.8
20,0,12175953000000,177399,0.111365,8.9795,34.188,3.42225e+06,1.17e+08,4000000000,0.02925,29.25,1
20,2,12175954000000,178399,0.111172,8.99506,12.987,4.7432e+06,6.16e+07,1000000000,0.077,77,0.8
20,2,12175955000000,179399,0.110642,9.03819,62.5,204800,1.28e+07,1000000000,0.016,16,0.8
20,1,12175956000000,181399,0.110083,9.08403,16.6667,6.48e+06,1.08e+08,2000000000,0.06,60,0.9
20,2,12175957000000,182399,0.109546,9.12862,83.3333,115200,9.6e+06,1000000000,0.012,12,0.8
20,1,12175958000000,184399,0.109008,9.17362,16.6667,6.48e+06,1.08e+08,2000000000,0.06,60,0.9
20,1,12175959000000,186399,0.107903,9.26759,166.667,64800,1.08e+07,2000000000,0.006,6,0.9
20,2,12175960000000,187399,0.107967,9.26205,8.33333,1.152e+07,9.6e+07,1000000000,0.12,120,0.8
20,1,12175961000000,189399,0.106891,9.35535,166.667,64800,1.08e+07,2000000000,0.006,6,0.9
20,0,12175962000000,193399,0.105538,9.47523,24.0964,6.889e+06,1.66e+08,4000000000,0.0415,41.5,1
20,2,12175963000000,194399,0.10748,9.30406,2.07039,1.86631e+08,3.864e+08,1000000000,0.483,483,0.8
20,0,12175964000000,198399,0.10615,9.42066,24.0964,6.889e+06,1.66e+08,4000000000,0.0415,41.5,1
20,2,12175965000000,199399,0.106009,9.4332,12.8205,4.8672e+06,6.24e+07,1000000000,0.078,78,0.8
20,1,12175966000000,201399,0.108149,9.24655,3.11042,1.86052e+08,5.787e+08,2000000000,0.3215,321.5,0.9
20,0,12175967000000,205399,0.106651,9.37638,32,3.90625e+06,1.25e+08,4000000000,0.03125,31.25,1
20,2,12175968000000,206399,0.108692,9.20028,1.89394,2.23027e+08,4.224e+08,1000000000,0.528,528,0.8
20,0,12175969000000,210399,0.107372,9.3134,25.4777,6.16225e+06,1.57e+08,4000000000,0.03925,39.25,1
20,2,12175970000000,211399,0.107214,9.32711,13.5135,4.3808e+06,5.92e+07,1000000000,0.074,74,0.8
20,1,12175971000000,213399,0.109218,9.156,3.11526,1.85474e+08,5.778e+08,2000000000,0.321,321,0.9
20,0,12175972000000,217399,0.107852,9.27193,28.5714,4.9e+06,1.4e+08,4000000000,0.035,35,1
20,2,12175973000000,218399,0.109827,9.10527,1.85529,2.32417e+08,4.312e+08,1000000000,0.539,539,0.8
20,0,12175974000000,222399,0.108863,9.18587,17.7778,1.26562e+07,2.25e+08,4000000000,0.05625,56.25,1
20,2,12175975000000,223399,0.108528,9.21423,29.4118,924800,2.72e+07,1000000000,0.034,34,0.8
20,1,12175976000000,225399,0.11032,9.06455,3.22061,1.73538e+08,5.589e+08,2000000000,0.3105,310.5,0.9
20,0,12175977000000,229399,0.108906,9.1822,34.188,3.42225e+06,1.17e+08,4000000000,0.02925,29.25,1
20,2,12175978000000,230399,0.110925,9.0151,1.74216,2.63581e+08,4.592e+08,1000000000,0.574,574,0.8
20,0,12175979000000,234399,0.10986,9.10252,20.6186,9.409e+06,1.94e+08,4000000000,0.0485,48.5,1
20,2,12175980000000,235399,0.109644,9.12046,16.9492,2.7848e+06,4.72e+07,1000000000,0.059,59,0.8
20,1,12175981000000,237399,0.111117,8.99955,3.51494,1.45692e+08,5.121e+08,2000000000,0.2845,284.5,0.9
20,0,12175982000000,241399,0.10998,9.09258,23.5294,7.225e+06,1.7e+08,4000000000,0.0425,42.5,1
20,2,12175983000000,242399,0.11177,8.94692,1.83824,2.36749e+08,4.352e+08,1000000000,0.544,544,0.8
20,0,12175984000000,246399,0.110743,9.0299,20.6186,9.409e+06,1.94e+08,4000000000,0.0485,48.5,1
20,2,12175985000000,247399,0.110534,9.04699,16.9492,2.7848e+06,4.72e+07,1000000000,0.059,59,0.8
20,1,12175986000000,249399,0.112009,8.92783,3.39559,1.56114e+08,5.301e+08,2000000000,0.2945,294.5,0.9
20,0,12175987000000,253399,0.110715,9.03222,33.3333,3.6e+06,1.2e+08,4000000000,0.03,30,1
20,2,12175988000000,254399,0.11254,8.88575,1.73913,2.645e+08,4.6e+08,1000000000,0.575,575,0.8
20,0,12175989000000,258399,0.111545,8.96503,20.7254,9.31225e+06,1.93e+08,4000000000,0.04825,48.25,1
20,2,12175990000000,259399,0.111157,8.99629,90.9091,96800,8.8e+06,1000000000,0.011,11,0.8
20,1,12175991000000,261399,0.112697,8.87332,3.2,1.75781e+08,5.625e+08,2000000000,0.3125,312.5,0.9
20,0,12175992000000,265399,0.111609,8.95983,24.6914,6.561e+06,1.62e+08,4000000000,0.0405,40.5,1
20,2,12175993000000,266399,0.113135,8.83901,1.9305,2.14659e+08,4.144e+08,1000000000,0.518,518,0.8
20,0,12175994000000,270399,0.112171,8.91494,20.8333,9.216e+06,1.92e+08,4000000000,0.048,48,1
20,2,12175995000000,271399,0.111946,8.93289,19.6078,2.0808e+06,4.08e+07,1000000000,0.051,51,0.8
20,1,12175996000000,273399,0.113413,8.81733,3.2,1.75781e+08,5.625e+08,2000000000,0.3125,312.5,0.9
20,0,12175997000000,277399,0.112189,8.91356,35.0877,3.249e+06,1.14e+08,4000000000,0.0285,28.5,1
20,2,12175998000000,278399,0.113729,8.79284,1.84843,2.34145e+08,4.328e+08,1000000000,0.541,541,0.8
20,0,12175999000000,282399,0.112713,8.8721,23.8095,7.056e+06,1.68e+08,4000000000,0.042,42,1
20,2,12176000000000,283399,0.112566,8.8837,14.0845,4.0328e+06,5.68e+07,1000000000,0.071,71,0.8
20,1,12176001000000,285399,0.113995,8.77233,3.15956,1.8031e+08,5.697e+08,2000000000,0.3165,316.5,0.9
20,0,12176002000000,289399,0.112969,8.85202,25.1572,6.32025e+06,1.59e+08,4000000000,0.03975,39.75,1
20,2,12176003000000,290399,0.114422,8.73959,1.86916,2.2898e+08,4.28e+08,1000000000,0.535,535,0.8
20,0,12176004000000,294399,0.113557,8.80617,19.7044,1.03022e+07,2.03e+08,4000000000,0.05075,50.75,1
20,2,12176005000000,295399,0.113359,8.82157,18.1818,2.42e+06,4.4e+07,1000000000,0.055,55,0.8
20,1,12176006000000,297399,0.1146,8.72598,3.3557,1.59847e+08,5.364e+08,2000000000,0.298,298,0.9
20,0,12176007000000,301399,0.113527,8.80846,29.6296,4.55625e+06,1.35e+08,4000000000,0.03375,33.75,1
20,2,12176008000000,302399,0.114941,8.70013,1.84843,2.34145e+08,4.328e+08,1000000000,0.541,541,0.8
20,0,12176009000000,306399,0.114808,8.71021,9.54654,4.38902e+07,4.19e+08,4000000000,0.10475,104.75,1
20,1,12176010000000,308399,0.11431,8.74816,26.3158,2.5992e+06,6.84e+07,2000000000,0.038,38,0.9
20,2,12176011000000,309399,0.115466,8.66057,2.11864,1.78227e+08,3.776e+08,1000000000,0.472,472,0.8
20,0,12176012000000,313399,0.114104,8.76395,114.286,306250,3.5e+07,4000000000,0.00875,8.75,1
20,2,12176013000000,314399,0.114011,8.77107,11.7647,5.78e+06,6.8e+07,1000000000,0.085,85,0.8
20,1,12176014000000,316399,0.114732,8.71599,4.38596,9.35712e+07,4.104e+08,2000000000,0.228,228,0.9
20,0,12176015000000,320399,0.113636,8.79999,37.037,2.916e+06,1.08e+08,4000000000,0.027,27,1
20,2,12176016000000,321399,0.113949,8.77588,4.6729,3.66368e+07,1.712e+08,1000000000,0.214,214,0.8
20,0,12176017000000,325399,0.113378,8.82007,14.8148,1.8225e+07,2.7e+08,4000000000,0.0675,67.5,1
20,2,12176018000000,326399,0.113282,8.82756,12.1951,5.3792e+06,6.56e+07,1000000000,0.082,82,0.8
20,1,12176019000000,328399,0.114047,8.7683,4.1841,1.02818e+08,4.302e+08,2000000000,0.239,239,0.9
20,0,12176020000000,332399,0.113,8.84958,37.037,2.916e+06,1.08e+08,4000000000,0.027,27,1
20,2,12176021000000,333399,0.114065,8.76697,2.13675,1.75219e+08,3.744e+08,1000000000,0.468,468,0.8
20,0,12176022000000,337399,0.112938,8.85445,52.6316,1.444e+06,7.6e+07,4000000000,0.019,19,1
20,2,12176023000000,338399,0.11297,8.85189,8.06452,1.23008e+07,9.92e+07,1000000000,0.124,124,0.8
20,2,12176024000000,339399,0.113757,8.79067,2.63158,1.1552e+08,3.04e+08,1000000000,0.38,380,0.8
20,0,12176025000000,343399,0.112642,8.87772,55.5556,1.296e+06,7.2e+07,4000000000,0.018,18,1
20,2,12176026000000,344399,0.113653,8.79871,2.1692,1.70017e+08,3.688e+08,1000000000,0.461,461,0.8
20,0,12176027000000,348399,0.112678,8.87482,34.7826,3.30625e+06,1.15e+08,4000000000,0.02875,28.75,1
20,1,12176028000000,350399,0.112241,8.90943,27.7778,2.3328e+06,6.48e+07,2000000000,0.036,36,0.9
20,2,12176029000000,351399,0.113139,8.83867,2.33645,1.46547e+08,3.424e+08,1000000000,0.428,428,0.8
20,0,12176030000000,355399,0.11208,8.92223,52.6316,1.444e+06,7.6e+07,4000000000,0.019,19,1
20,2,12176031000000,356399,0.11298,8.85112,2.30947,1.49991e+08,3.464e+08,1000000000,0.433,433,0.8
20,0,12176032000000,360399,0.112201,8.9126,23.3918,7.31025e+06,1.71e+08,4000000000,0.04275,42.75,1
20,1,12176033000000,362399,0.111733,8.94989,36.3636,1.36125e+06,4.95e+07,2000000000,0.0275,27.5,0.9
20,2,12176034000000,363399,0.112573,8.88311,2.39808,1.39111e+08,3.336e+08,1000000000,0.417,417,0.8
20,0,12176035000000,367399,0.111554,8.96423,52.6316,1.444e+06,7.6e+07,4000000000,0.019,19,1
20,2,12176036000000,368399,0.112473,8.89101,2.22222,1.62e+08,3.6e+08,1000000000,0.45,450,0.8
20,1,12176037000000,370399,0.112184,8.91389,16.9492,6.2658e+06,1.062e+08,2000000000,0.059,59,0.9
20,1,12176038000000,372399,0.111727,8.95039,37.037,1.3122e+06,4.86e+07,2000000000,0.027,27,0.9
20,1,12176039000000,374399,0.112364,8.89964,4.329,9.60498e+07,4.158e+08,2000000000,0.231,231,0.9
20,0,12176040000000,378399,0.111409,8.97595,45.4545,1.936e+06,8.8e+07,4000000000,0.022,22,1
20,2,12176041000000,379399,0.11238,8.89835,2.08333,1.8432e+08,3.84e+08,1000000000,0.48,480,0.8
20,0,12176042000000,383399,0.111406,8.97617,52.6316,1.444e+06,7.6e+07,4000000000,0.019,19,1
20,2,12176043000000,384399,0.111644,8.95701,4.92611,3.29672e+07,1.624e+08,1000000000,0.203,203,0.8
20,1,12176044000000,386399,0.111846,8.9409,6.64452,4.07704e+07,2.709e+08,2000000000,0.1505,150.5,0.9
20,0,12176045000000,390399,0.110958,9.0124,39.604,2.55025e+06,1.01e+08,4000000000,0.02525,25.25,1
20,2,12176046000000,391399,0.111878,8.9383,2.12314,1.77473e+08,3.768e+08,1000000000,0.471,471,0.8
20,0,12176047000000,395399,0.110939,9.014,52.6316,1.444e+06,7.6e+07,4000000000,0.019,19,1
20,2,12176048000000,396399,0.11135,8.9807,3.64964,6.00608e+07,2.192e+08,1000000000,0.274,274,0.8
20,1,12176049000000,398399,0.111368,8.97922,8.69565,2.3805e+07,2.07e+08,2000000000,0.115,115,0.9
20,0,12176050000000,402399,0.110475,9.05183,46.5116,1.849e+06,8.6e+07,4000000000,0.0215,21.5,1
20,2,12176051000000,403399,0.111406,8.97619,2.05761,1.88957e+08,3.888e+08,1000000000,0.486,486,0.8
20,0,12176052000000,407399,0.110499,9.04989,52.6316,1.444e+06,7.6e+07,4000000000,0.019,19,1
20,2,12176053000000,408399,0.110992,9.00966,3.20513,7.78752e+07,2.496e+08,1000000000,0.312,312,0.8
20,2,12176054000000,409399,0.11119,8.99363,5.20833,2.94912e+07,1.536e+08,1000000000,0.192,192,0.8
20,0,12176055000000,413399,0.110288,9.06716,55.5556,1.296e+06,7.2e+07,4000000000,0.018,18,1
20,2,12176056000000,414320,0.11125,8.98878,1.842,2.35782e+08,4.34311e+08,1000000000,0.542888,500,0.8
20,0,12176057000000,414320,0.11125,8.98878,0,-nan,-nan,4000000000,-nan,0,1
21,2,10881501000000,1000,0.016,62.5,62.5,204800,1.28e+07,1000000000,0.016,16,0.8
21,2,12175902000000,54269,0.0898671,11.1275,10.9584,6.66181e+06,7.30031e+07,1000000000,0.0912538,4861,0.8
21,0,12175903000000,58269,0.083698,11.9477,0,0,0,4000000000,0,0,1
21,2,12175904000000,59269,0.0824883,12.1229,83.3333,115200,9.6e+06,1000000000,0.012,12,0.8
21,2,12175905000000,60269,0.0872754,11.458,2.69542,1.10113e+08,2.968e+08,1000000000,0.371,371,0.8
21,0,12175906000000,64269,0.0837573,11.9393,32.5203,3.78225e+06,1.23e+08,4000000000,0.03075,30.75,1
21,2,12175907000000,65269,0.0870858,11.4829,3.32226,7.24808e+07,2.408e+08,1000000000,0.301,301,0.8
21,0,12175908000000,69269,0.0865033,11.5602,12.987,2.3716e+07,3.08e+08,4000000000,0.077,77,1
21,2,12175909000000,70269,0.086795,11.5214,9.34579,9.1592e+06,8.56e+07,1000000000,0.107,107,0.8
21,1,12175910000000,72269,0.0933734,10.7097,3.08166,1.8954e+08,5.841e+08,2000000000,0.3245,324.5,0.9
21,0,12175911000000,76269,0.0902201,11.084,30.0752,4.42225e+06,1.33e+08,4000000000,0.03325,33.25,1
21,2,12175912000000,77269,0.0948246,10.5458,2.24215,1.59133e+08,3.568e+08,1000000000,0.446,446,0.8
21,0,12175913000000,81269,0.0925814,10.8013,20.3046,9.70225e+06,1.97e+08,4000000000,0.04925,49.25,1
21,2,12175914000000,82269,0.0928053,10.7752,9.00901,9.8568e+06,8.88e+07,1000000000,0.111,111,0.8
21,1,12175915000000,84269,0.0985416,10.148,2.98954,2.01402e+08,6.021e+08,2000000000,0.3345,334.5,0.9
21,0,12175916000000,88269,0.0955148,10.4696,31.4961,4.03225e+06,1.27e+08,4000000000,0.03175,31.75,1
21,2,12175917000000,89269,0.100035,9.99653,2.00401,1.99201e+08,3.992e+08,1000000000,0.499,499,0.8
21,0,12175918000000,93269,0.097385,10.2685,26.1438,5.85225e+06,1.53e+08,4000000000,0.03825,38.25,1
21,2,12175919000000,94269,0.0972854,10.279,11.3636,6.1952e+06,7.04e+07,1000000000,0.088,88,0.8
21,1,12175920000000,96269,0.102089,9.79538,3.04414,1.94242e+08,5.913e+08,2000000000,0.3285,328.5,0.9
21,0,12175921000000,100269,0.099263,10.0742,32,3.90625e+06,1.25e+08,4000000000,0.03125,31.25,1
21,2,12175922000000,101269,0.103398,9.67138,1.9305,2.14659e+08,4.144e+08,1000000000,0.518,518,0.8
21,0,12175923000000,105269,0.10096,9.90487,25.4777,6.16225e+06,1.57e+08,4000000000,0.03925,39.25,1
21,2,12175924000000,106269,0.100904,9.91038,10.5263,7.22e+06,7.6e+07,1000000000,0.095,95,0.8
21,1,12175925000000,108269,0.104924,9.53072,3.13972,1.82596e+08,5.733e+08,2000000000,0.3185,318.5,0.9
21,0,12175926000000,112269,0.102326,9.77272,31.25,4.096e+06,1.28e+08,4000000000,0.032,32,1
21,2,12175927000000,113269,0.106322,9.40538,1.8018,2.4642e+08,4.44e+08,1000000000,0.555,555,0.8
21,0,12175928000000,117269,0.10458,9.56205,18.0995,1.22102e+07,2.21e+08,4000000000,0.05525,55.25,1
21,2,12175929000000,118269,0.103983,9.61693,29.4118,924800,2.72e+07,1000000000,0.034,34,0.8
21,1,12175930000000,120269,0.107226,9.32607,3.34448,1.60922e+08,5.382e+08,2000000000,0.299,299,0.9
21,0,12175931000000,124269,0.104805,9.54154,31.25,4.096e+06,1.28e+08,4000000000,0.032,32,1
21,2,12175932000000,125269,0.108447,9.22113,1.78253,2.51777e+08,4.488e+08,1000000000,0.561,561,0.8
21,0,12175933000000,129269,0.106808,9.36257,18.018,1.2321e+07,2.22e+08,4000000000,0.0555,55.5,1
21,2,12175934000000,130269,0.106265,9.41046,27.7778,1.0368e+06,2.88e+07,1000000000,0.036,36,0.8
21,1,12175935000000,132269,0.109141,9.16244,3.37268,1.58242e+08,5.337e+08,2000000000,0.2965,296.5,0.9
21,0,12175936000000,136269,0.106855,9.35849,32,3.90625e+06,1.25e+08,4000000000,0.03125,31.25,1
21,2,12175937000000,137269,0.109974,9.09307,1.86916,2.2898e+08,4.28e+08,1000000000,0.535,535,0.8
21,0,12175938000000,141269,0.108014,9.25808,24.5399,6.64225e+06,1.63e+08,4000000000,0.04075,40.75,1
21,2,12175939000000,142269,0.10781,9.27559,12.6582,4.9928e+06,6.32e+07,1000000000,0.079,79,0.8
21,1,12175940000000,144269,0.11071,9.03262,3.15457,1.8088e+08,5.706e+08,2000000000,0.317,317,0.9
21,0,12175941000000,148269,0.108566,9.21097,32,3.90625e+06,1.25e+08,4000000000,0.03125,31.25,1
21,2,12175942000000,149269,0.111383,8.97805,1.89036,2.23873e+08,4.232e+08,1000000000,0.529,529,0.8
21,0,12175943000000,153269,0.109546,9.12859,24.3902,6.724e+06,1.64e+08,4000000000,0.041,41,1
21,2,12175944000000,154269,0.109367,9.14349,12.1951,5.3792e+06,6.56e+07,1000000000,0.082,82,0.8
21,1,12175945000000,156269,0.112038,8.92558,3.14465,1.82023e+08,5.724e+08,2000000000,0.318,318,0.9
21,0,12175946000000,160269,0.110021,9.08915,32,3.90625e+06,1.25e+08,4000000000,0.03125,31.25,1
21,2,12175947000000,161269,0.112501,8.88877,1.96078,2.0808e+08,4.08e+08,1000000000,0.51,510,0.8
21,0,12175948000000,165269,0.110723,9.03159,25.641,6.084e+06,1.56e+08,4000000000,0.039,39,1
21,2,12175949000000,166269,0.110586,9.04275,11.3636,6.1952e+06,7.04e+07,1000000000,0.088,88,0.8
21,1,12175950000000,168269,0.113176,8.8358,3.04414,1.94242e+08,5.913e+08,2000000000,0.3285,328.5,0.9
21,0,12175951000000,172269,0.111274,8.98685,32,3.90625e+06,1.25e+08,4000000000,0.03125,31.25,1
21,2,12175952000000,173269,0.113621,8.80119,1.9305,2.14659e+08,4.144e+08,1000000000,0.518,518,0.8
21,0,12175953000000,177269,0.111717,8.95117,34.188,3.42225e+06,1.17e+08,4000000000,0.02925,29.25,1
21,2,12175954000000,178269,0.111522,8.9668,12.987,4.7432e+06,6.16e+07,1000000000,0.077,77,0.8
21,2,12175955000000,179269,0.11099,9.00985,62.5,204800,1.28e+07,1000000000,0.016,16,0.8
21,1,12175956000000,181269,0.110427,9.05575,16.6667,6.48e+06,1.08e+08,2000000000,0.06,60,0.9
21,2,12175957000000,182269,0.109887,9.10025,83.3333,115200,9.6e+06,1000000000,0.012,12,0.8
21,1,12175958000000,184269,0.109346,9.14532,16.6667,6.48e+06,1.08e+08,2000000000,0.06,60,0.9
21,1,12175959000000,186269,0.108236,9.23908,166.667,64800,1.08e+07,2000000000,0.006,6,0.9
21,2,12175960000000,187269,0.108299,9.23372,8.33333,1.152e+07,9.6e+07,1000000000,0.12,120,0.8
21,1,12175961000000,189269,0.107218,9.32681,166.667,64800,1.08e+07,2000000000,0.006,6,0.9
21,0,12175962000000,193269,0.105858,9.44665,24.0964,6.889e+06,1.66e+08,4000000000,0.0415,41.5,1
21,2,12175963000000,194269,0.107799,9.27653,2.07039,1.86631e+08,3.864e+08,1000000000,0.483,483,0.8
21,0,12175964000000,198269,0.106461,9.39307,24.0964,6.889e+06,1.66e+08,4000000000,0.0415,41.5,1
21,2,12175965000000,199269,0.106319,9.40569,12.8205,4.8672e+06,6.24e+07,1000000000,0.078,78,0.8
21,1,12175966000000,201269,0.108457,9.22026,3.11042,1.86052e+08,5.787e+08,2000000000,0.3215,321.5,0.9
21,0,12175967000000,205269,0.106952,9.34996,32,3.90625e+06,1.25e+08,4000000000,0.03125,31.25,1
21,2,12175968000000,206269,0.108994,9.17485,1.89394,2.23027e+08,4.224e+08,1000000000,0.528,528,0.8
21,0,12175969000000,210269,0.107667,9.28791,25.4777,6.16225e+06,1.57e+08,4000000000,0.03925,39.25,1
21,2,12175970000000,211269,0.107507,9.30168,13.5135,4.3808e+06,5.92e+07,1000000000,0.074,74,0.8
21,1,12175971000000,213269,0.10951,9.13162,3.11526,1.85474e+08,5.778e+08,2000000000,0.321,321,0.9
21,0,12175972000000,217269,0.108138,9.24746,28.5714,4.9e+06,1.4e+08,4000000000,0.035,35,1
21,2,12175973000000,218269,0.110112,9.08168,1.85529,2.32417e+08,4.312e+08,1000000000,0.539,539,0.8
21,0,12175974000000,222269,0.109143,9.16233,17.7778,1.26562e+07,2.25e+08,4000000000,0.05625,56.25,1
21,2,12175975000000,223269,0.108806,9.19067,29.4118,924800,2.72e+07,1000000000,0.034,34,0.8
21,1,12175976000000,225269,0.110597,9.04186,3.22061,1.73538e+08,5.589e+08,2000000000,0.3105,310.5,0.9
21,0,12175977000000,229269,0.109177,9.1594,34.188,3.42225e+06,1.17e+08,4000000000,0.02925,29.25,1
21,2,12175978000000,230269,0.111196,8.99313,1.74216,2.63581e+08,4.592e+08,1000000000,0.574,574,0.8
21,0,12175979000000,234269,0.110126,9.08055,20.6186,9.409e+06,1.94e+08,4000000000,0.0485,48.5,1
21,2,12175980000000,235269,0.109908,9.0985,16.9492,2.7848e+06,4.72e+07,1000000000,0.059,59,0.8
21,1,12175981000000,237269,0.11138,8.97828,3.51494,1.45692e+08,5.121e+08,2000000000,0.2845,284.5,0.9
21,0,12175982000000,241269,0.110238,9.07129,23.5294,7.225e+06,1.7e+08,4000000000,0.0425,42.5,1
21,2,12175983000000,242269,0.112028,8.92631,1.83824,2.36749e+08,4.352e+08,1000000000,0.544,544,0.8
21,0,12175984000000,246269,0.110997,9.00929,20.6186,9.409e+06,1.94e+08,4000000000,0.0485,48.5,1
21,2,12175985000000,247269,0.110786,9.02639,16.9492,2.7848e+06,4.72e+07,1000000000,0.059,59,0.8
21,1,12175986000000,249269,0.11226,8.90787,3.39559,1.56114e+08,5.301e+08,2000000000,0.2945,294.5,0.9
21,0,12175987000000,253269,0.110961,9.01217,33.3333,3.6e+06,1.2e+08,4000000000,0.03,30,1
21,2,12175988000000,254269,0.112786,8.86634,1.73913,2.645e+08,4.6e+08,1000000000,0.575,575,0.8
21,0,12175989000000,258269,0.111787,8.94562,20.7254,9.31225e+06,1.93e+08,4000000000,0.04825,48.25,1
21,2,12175990000000,259269,0.111398,8.97684,90.9091,96800,8.8e+06,1000000000,0.011,11,0.8
21,1,12175991000000,261269,0.112937,8.85448,3.2,1.75781e+08,5.625e+08,2000000000,0.3125,312.5,0.9
21,0,12175992000000,265269,0.111845,8.94095,24.6914,6.561e+06,1.62e+08,4000000000,0.0405,40.5,1
21,2,12175993000000,266269,0.11337,8.82065,1.9305,2.14659e+08,4.144e+08,1000000000,0.518,518,0.8
21,0,12175994000000,270269,0.112403,8.89657,20.8333,9.216e+06,1.92e+08,4000000000,0.048,48,1
21,2,12175995000000,271269,0.112176,8.91453,19.6078,2.0808e+06,4.08e+07,1000000000,0.051,51,0.8
21,1,12175996000000,273269,0.113643,8.79952,3.2,1.75781e+08,5.625e+08,2000000000,0.3125,312.5,0.9
21,0,12175997000000,277269,0.112414,8.89567,35.0877,3.249e+06,1.14e+08,4000000000,0.0285,28.5,1
21,2,12175998000000,278269,0.113954,8.77543,1.84843,2.34145e+08,4.328e+08,1000000000,0.541,541,0.8
21,0,12175999000000,282269,0.112935,8.85466,23.8095,7.056e+06,1.68e+08,4000000000,0.042,42,1
21,2,12176000000000,283269,0.112787,8.86629,14.0845,4.0328e+06,5.68e+07,1000000000,0.071,71,0.8
21,1,12176001000000,285269,0.114215,8.75542,3.15956,1.8031e+08,5.697e+08,2000000000,0.3165,316.5,0.9
21,0,12176002000000,289269,0.113185,8.83507,25.1572,6.32025e+06,1.59e+08,4000000000,0.03975,39.75,1
21,2,12176003000000,290269,0.114638,8.72307,1.86916,2.2898e+08,4.28e+08,1000000000,0.535,535,0.8
21,0,12176004000000,294269,0.11377,8.78966,19.7044,1.03022e+07,2.03e+08,4000000000,0.05075,50.75,1
21,2,12176005000000,295269,0.113571,8.80506,18.1818,2.42e+06,4.4e+07,1000000000,0.055,55,0.8
21,1,12176006000000,297269,0.114812,8.7099,3.3557,1.59847e+08,5.364e+08,2000000000,0.298,298,0.9
21,0,12176007000000,301269,0.113736,8.79232,29.6296,4.55625e+06,1.35e+08,4000000000,0.03375,33.75,1
21,2,12176008000000,302269,0.115149,8.68439,1.84843,2.34145e+08,4.328e+08,1000000000,0.541,541,0.8
21,0,12176009000000,306269,0.114739,8.71543,11.9403,2.80562e+07,3.35e+08,4000000000,0.08375,83.75,1
21,1,12176010000000,308269,0.11415,8.76038,41.6667,1.0368e+06,4.32e+07,2000000000,0.024,24,0.9
21,2,12176011000000,309269,0.114842,8.70763,3.04878,8.60672e+07,2.624e+08,1000000000,0.328,328,0.8
21,0,12176012000000,313269,0.113529,8.80835,83.3333,576000,4.8e+07,4000000000,0.012,12,1
21,2,12176013000000,314269,0.114237,8.75377,2.97619,9.03168e+07,2.688e+08,1000000000,0.336,336,0.8
21,1,12176014000000,316269,0.113669,8.79747,40.8163,1.08045e+06,4.41e+07,2000000000,0.0245,24.5,0.9
21,0,12176015000000,320269,0.113283,8.82746,12.0846,2.73902e+07,3.31e+08,4000000000,0.08275,82.75,1
21,2,12176016000000,321269,0.113133,8.83918,15.3846,3.38e+06,5.2e+07,1000000000,0.065,65,0.8
21,0,12176017000000,325269,0.111987,8.92958,50,1.6e+06,8e+07,4000000000,0.02,20,1
21,2,12176018000000,326269,0.112389,8.89768,4.11523,4.72392e+07,1.944e+08,1000000000,0.243,243,0.8
21,1,12176019000000,328269,0.111875,8.93857,35.7143,1.4112e+06,5.04e+07,2000000000,0.028,28,0.9
21,0,12176020000000,332269,0.111515,8.9674,12.1951,2.6896e+07,3.28e+08,4000000000,0.082,82,1
21,2,12176021000000,333269,0.11136,8.97985,16.6667,2.88e+06,4.8e+07,1000000000,0.06,60,0.8
21,0,12176022000000,337269,0.110989,9.00994,12.5,2.56e+07,3.2e+08,4000000000,0.08,80,1
21,2,12176023000000,338269,0.110796,9.02556,21.7391,1.6928e+06,3.68e+07,1000000000,0.046,46,0.8
21,2,12176024000000,339269,0.111416,8.97537,3.11526,8.24328e+07,2.568e+08,1000000000,0.321,321,0.8
21,0,12176025000000,343269,0.110342,9.06273,51.9481,1.48225e+06,7.7e+07,4000000000,0.01925,19.25,1
21,2,12176026000000,344269,0.110132,9.08002,26.3158,1.1552e+06,3.04e+07,1000000000,0.038,38,0.8
21,0,12176027000000,348269,0.109723,9.11389,13.4228,2.2201e+07,2.98e+08,4000000000,0.0745,74.5,1
21,1,12176028000000,350269,0.109245,9.15377,38.4615,1.2168e+06,4.68e+07,2000000000,0.026,26,0.9
21,2,12176029000000,351269,0.109856,9.10283,3.08642,8.39808e+07,2.592e+08,1000000000,0.324,324,0.8
21,0,12176030000000,355269,0.108777,9.19314,71.4286,784000,5.6e+07,4000000000,0.014,14,1
21,2,12176031000000,356269,0.109381,9.14237,3.08642,8.39808e+07,2.592e+08,1000000000,0.324,324,0.8
21,0,12176032000000,360269,0.108333,9.2308,66.6667,900000,6e+07,4000000000,0.015,15,1
21,1,12176033000000,362269,0.108326,9.23143,9.34579,2.06082e+07,1.926e+08,2000000000,0.107,107,0.9
21,2,12176034000000,363269,0.108341,9.2301,8.77193,1.03968e+07,9.12e+07,1000000000,0.114,114,0.8
21,0,12176035000000,367269,0.107314,9.31847,71.4286,784000,5.6e+07,4000000000,0.014,14,1
21,2,12176036000000,368269,0.107913,9.26673,3.04878,8.60672e+07,2.624e+08,1000000000,0.328,328,0.8
21,1,12176037000000,370269,0.107462,9.30558,40.8163,1.08045e+06,4.41e+07,2000000000,0.0245,24.5,0.9
21,1,12176038000000,372269,0.107785,9.27773,5.97015,5.05012e+07,3.015e+08,2000000000,0.1675,167.5,0.9
21,1,12176039000000,374269,0.107359,9.31458,35.7143,1.4112e+06,5.04e+07,2000000000,0.028,28,0.9
21,0,12176040000000,378269,0.107112,9.33606,11.9048,2.8224e+07,3.36e+08,4000000000,0.084,84,1
21,2,12176041000000,379269,0.106998,9.34597,15.625,3.2768e+06,5.12e+07,1000000000,0.064,64,0.8
21,0,12176042000000,383269,0.106685,9.3734,12.987,2.3716e+07,3.08e+08,4000000000,0.077,77,1
21,2,12176043000000,384269,0.106569,9.38363,16.129,3.0752e+06,4.96e+07,1000000000,0.062,62,0.8
21,1,12176044000000,386269,0.106177,9.41821,32.2581,1.7298e+06,5.58e+07,2000000000,0.031,31,0.9
21,0,12176045000000,390269,0.105776,9.45396,14.9254,1.7956e+07,2.68e+08,4000000000,0.067,67,1
21,2,12176046000000,391269,0.105649,9.46535,17.8571,2.5088e+06,4.48e+07,1000000000,0.056,56,0.8
21,0,12176047000000,395269,0.105389,9.48866,12.5,2.56e+07,3.2e+08,4000000000,0.08,80,1
21,2,12176048000000,396269,0.105315,9.49534,13.1579,4.6208e+06,6.08e+07,1000000000,0.076,76,0.8
21,1,12176049000000,398269,0.105579,9.47155,6.32911,4.49352e+07,2.844e+08,2000000000,0.158,158,0.9
21,0,12176050000000,402269,0.104669,9.55395,71.4286,784000,5.6e+07,4000000000,0.014,14,1
21,2,12176051000000,403269,0.105161,9.50927,3.30033,7.34472e+07,2.424e+08,1000000000,0.303,303,0.8
21,0,12176052000000,403270,0.105163,9.50907,1,4e+09,4e+09,4000000000,1,0.25,1
21,2,12176053000000,403270,0.105163,9.50907,0,-nan,-nan,1000000000,-nan,0,0.8
21,2,12176054000000,403270,0.105163,9.50907,0,-nan,-nan,1000000000,-nan,0,0.8
21,0,12176055000000,403270,0.105163,9.50907,0,-nan,-nan,4000000000,-nan,0,1
21,2,12176056000000,403270,0.105163,9.50907,0,-nan,-nan,1000000000,-nan,0,0.8
21,0,12176057000000,403270,0.105163,9.50907,0,-nan,-nan,4000000000,-nan,0,1
22,2,10881501000000,1000,0.016,62.5,62.5,204800,1.28e+07,1000000000,0.016,16,0.8
22,2,12175902000000,54191,0.0908822,11.0032,10.8354,6.81396e+06,7.3832e+07,1000000000,0.09229,4909,0.8
22,0,12175903000000,58191,0.0846351,11.8154,0,0,0,4000000000,0,0,1
22,2,12175904000000,59191,0.083408,11.9893,83.3333,115200,9.6e+06,1000000000,0.012,12,0.8
22,2,12175905000000,60191,0.0881859,11.3397,2.69542,1.10113e+08,2.968e+08,1000000000,0.371,371,0.8
22,0,12175906000000,64191,0.0846069,11.8194,32.5203,3.78225e+06,1.23e+08,4000000000,0.03075,30.75,1
22,2,12175907000000,65191,0.0879262,11.3732,3.32226,7.24808e+07,2.408e+08,1000000000,0.301,301,0.8
22,0,12175908000000,69191,0.0872946,11.4555,12.987,2.3716e+07,3.08e+08,4000000000,0.077,77,1
22,2,12175909000000,70191,0.0875753,11.4187,9.34579,9.1592e+06,8.56e+07,1000000000,0.107,107,0.8
22,1,12175910000000,72191,0.0941392,10.6226,3.08166,1.8954e+08,5.841e+08,2000000000,0.3245,324.5,0.9
22,0,12175911000000,76191,0.0909425,10.996,30.0752,4.42225e+06,1.33e+08,4000000000,0.03325,33.25,1
22,2,12175912000000,77191,0.0955422,10.4666,2.24215,1.59133e+08,3.568e+08,1000000000,0.446,446,0.8
22,0,12175913000000,81191,0.0932616,10.7225,20.3046,9.70225e+06,1.97e+08,4000000000,0.04925,49.25,1
22,2,12175914000000,82191,0.0934774,10.6978,9.00901,9.8568e+06,8.88e+07,1000000000,0.111,111,0.8
22,1,12175915000000,84191,0.099203,10.0803,2.98954,2.01402e+08,6.021e+08,2000000000,0.3345,334.5,0.9
22,0,12175916000000,88191,0.0961436,10.4011,31.4961,4.03225e+06,1.27e+08,4000000000,0.03175,31.75,1
22,2,12175917000000,89191,0.10066,9.9344,2.00401,1.99201e+08,3.992e+08,1000000000,0.499,499,0.8
22,0,12175918000000,93191,0.0979816,10.206,26.1438,5.85225e+06,1.53e+08,4000000000,0.03825,38.25,1
22,2,12175919000000,94191,0.0978756,10.2171,11.3636,6.1952e+06,7.04e+07,1000000000,0.088,88,0.8
22,1,12175920000000,96191,0.102671,9.73987,3.04414,1.94242e+08,5.913e+08,2000000000,0.3285,328.5,0.9
22,0,12175921000000,100191,0.0998193,10.0181,32,3.90625e+06,1.25e+08,4000000000,0.03125,31.25,1
22,2,12175922000000,101191,0.103952,9.61983,1.9305,2.14659e+08,4.144e+08,1000000000,0.518,518,0.8
22,0,12175923000000,105191,0.101492,9.85303,25.4777,6.16225e+06,1.57e+08,4000000000,0.03925,39.25,1
22,2,12175924000000,106191,0.10143,9.85897,10.5263,7.22e+06,7.6e+07,1000000000,0.095,95,0.8
22,1,12175925000000,108191,0.105443,9.48378,3.13972,1.82596e+08,5.733e+08,2000000000,0.3185,318.5,0.9
22,0,12175926000000,112191,0.102825,9.72529,31.25,4.096e+06,1.28e+08,4000000000,0.032,32,1
22,2,12175927000000,113191,0.106819,9.36159,1.8018,2.4642e+08,4.44e+08,1000000000,0.555,555,0.8
22,0,12175928000000,117191,0.105059,9.51844,18.0995,1.22102e+07,2.21e+08,4000000000,0.05525,55.25,1
22,2,12175929000000,118191,0.104458,9.57322,29.4118,924800,2.72e+07,1000000000,0.034,34,0.8
22,1,12175930000000,120191,0.107695,9.28546,3.34448,1.60922e+08,5.382e+08,2000000000,0.299,299,0.9
22,0,12175931000000,124191,0.105257,9.50054,31.25,4.096e+06,1.28e+08,4000000000,0.032,32,1
22,2,12175932000000,125191,0.108898,9.18294,1.78253,2.51777e+08,4.488e+08,1000000000,0.561,561,0.8
22,0,12175933000000,129191,0.107244,9.3245,18.018,1.2321e+07,2.22e+08,4000000000,0.0555,55.5,1
22,2,12175934000000,130191,0.106697,9.37233,27.7778,1.0368e+06,2.88e+07,1000000000,0.036,36,0.8
22,1,12175935000000,132191,0.109569,9.12669,3.37268,1.58242e+08,5.337e+08,2000000000,0.2965,296.5,0.9
22,0,12175936000000,136191,0.107268,9.3224,32,3.90625e+06,1.25e+08,4000000000,0.03125,31.25,1
22,2,12175937000000,137191,0.110386,9.0591,1.86916,2.2898e+08,4.28e+08,1000000000,0.535,535,0.8
22,0,12175938000000,141191,0.108413,9.22395,24.5399,6.64225e+06,1.63e+08,4000000000,0.04075,40.75,1
22,2,12175939000000,142191,0.108207,9.24158,12.6582,4.9928e+06,6.32e+07,1000000000,0.079,79,0.8
22,1,12175940000000,144191,0.111103,9.00069,3.15457,1.8088e+08,5.706e+08,2000000000,0.317,317,0.9
22,0,12175941000000,148191,0.108947,9.17876,32,3.90625e+06,1.25e+08,4000000000,0.03125,31.25,1
22,2,12175942000000,149191,0.111763,8.94752,1.89036,2.23873e+08,4.232e+08,1000000000,0.529,529,0.8
22,0,12175943000000,153191,0.109915,9.09793,24.3902,6.724e+06,1.64e+08,4000000000,0.041,41,1
22,2,12175944000000,154191,0.109734,9.11294,12.1951,5.3792e+06,6.56e+07,1000000000,0.082,82,0.8
22,1,12175945000000,156191,0.112401,8.89673,3.14465,1.82023e+08,5.724e+08,2000000000,0.318,318,0.9
22,0,12175946000000,160191,0.110374,9.06006,32,3.90625e+06,1.25e+08,4000000000,0.03125,31.25,1
22,2,12175947000000,161191,0.112854,8.86103,1.96078,2.0808e+08,4.08e+08,1000000000,0.51,510,0.8
22,0,12175948000000,165191,0.111065,9.00371,25.641,6.084e+06,1.56e+08,4000000000,0.039,39,1
22,2,12175949000000,166191,0.110927,9.01497,11.3636,6.1952e+06,7.04e+07,1000000000,0.088,88,0.8
22,1,12175950000000,168191,0.113514,8.8095,3.04414,1.94242e+08,5.913e+08,2000000000,0.3285,328.5,0.9
22,0,12175951000000,172191,0.111603,8.96035,32,3.90625e+06,1.25e+08,4000000000,0.03125,31.25,1
22,2,12175952000000,173191,0.113949,8.77583,1.9305,2.14659e+08,4.144e+08,1000000000,0.518,518,0.8
22,0,12175953000000,177191,0.112037,8.9256,34.188,3.42225e+06,1.17e+08,4000000000,0.02925,29.25,1
22,2,12175954000000,178191,0.111841,8.94129,12.987,4.7432e+06,6.16e+07,1000000000,0.077,77,0.8
22,2,12175955000000,179191,0.111306,8.98426,62.5,204800,1.28e+07,1000000000,0.016,16,0.8
22,1,12175956000000,181191,0.110739,9.0302,16.6667,6.48e+06,1.08e+08,2000000000,0.06,60,0.9
22,2,12175957000000,182191,0.110198,9.07461,83.3333,115200,9.6e+06,1000000000,0.012,12,0.8
22,1,12175958000000,184191,0.109652,9.11972,16.6667,6.48e+06,1.08e+08,2000000000,0.06,60,0.9
22,1,12175959000000,186191,0.108539,9.21327,166.667,64800,1.08e+07,2000000000,0.006,6,0.9
22,2,12175960000000,187191,0.1086,9.20808,8.33333,1.152e+07,9.6e+07,1000000000,0.12,120,0.8
22,1,12175961000000,189191,0.107516,9.30097,166.667,64800,1.08e+07,2000000000,0.006,6,0.9
22,0,12175962000000,193191,0.106149,9.42073,24.0964,6.889e+06,1.66e+08,4000000000,0.0415,41.5,1
22,2,12175963000000,194191,0.108089,9.2516,2.07039,1.86631e+08,3.864e+08,1000000000,0.483,483,0.8
22,0,12175964000000,198191,0.106746,9.36808,24.0964,6.889e+06,1.66e+08,4000000000,0.0415,41.5,1
22,2,12175965000000,199191,0.106601,9.38076,12.8205,4.8672e+06,6.24e+07,1000000000,0.078,78,0.8
22,1,12175966000000,201191,0.108737,9.19646,3.11042,1.86052e+08,5.787e+08,2000000000,0.3215,321.5,0.9
22,0,12175967000000,205191,0.107227,9.32602,32,3.90625e+06,1.25e+08,4000000000,0.03125,31.25,1
22,2,12175968000000,206191,0.109268,9.15184,1.89394,2.23027e+08,4.224e+08,1000000000,0.528,528,0.8
22,0,12175969000000,210191,0.107935,9.26482,25.4777,6.16225e+06,1.57e+08,4000000000,0.03925,39.25,1
22,2,12175970000000,211191,0.107774,9.27863,13.5135,4.3808e+06,5.92e+07,1000000000,0.074,74,0.8
22,1,12175971000000,213191,0.109775,9.10956,3.11526,1.85474e+08,5.778e+08,2000000000,0.321,321,0.9
22,0,12175972000000,217191,0.108398,9.22529,28.5714,4.9e+06,1.4e+08,4000000000,0.035,35,1
22,2,12175973000000,218191,0.110371,9.06034,1.85529,2.32417e+08,4.312e+08,1000000000,0.539,539,0.8
22,0,12175974000000,222191,0.109397,9.14103,17.7778,1.26562e+07,2.25e+08,4000000000,0.05625,56.25,1
22,2,12175975000000,223191,0.109059,9.16934,29.4118,924800,2.72e+07,1000000000,0.034,34,0.8
22,1,12175976000000,225191,0.110848,9.02135,3.22061,1.73538e+08,5.589e+08,2000000000,0.3105,310.5,0.9
22,0,12175977000000,229191,0.109424,9.13876,34.188,3.42225e+06,1.17e+08,4000000000,0.02925,29.25,1
22,2,12175978000000,230191,0.111442,8.97326,1.74216,2.63581e+08,4.592e+08,1000000000,0.574,574,0.8
22,0,12175979000000,234191,0.110367,9.06066,20.6186,9.409e+06,1.94e+08,4000000000,0.0485,48.5,1
22,2,12175980000000,235191,0.110149,9.07863,16.9492,2.7848e+06,4.72e+07,1000000000,0.059,59,0.8
22,1,12175981000000,237191,0.111619,8.95906,3.51494,1.45692e+08,5.121e+08,2000000000,0.2845,284.5,0.9
22,0,12175982000000,241191,0.110473,9.05202,23.5294,7.225e+06,1.7e+08,4000000000,0.0425,42.5,1
22,2,12175983000000,242191,0.112263,8.90768,1.83824,2.36749e+08,4.352e+08,1000000000,0.544,544,0.8
22,0,12175984000000,246191,0.111227,8.99065,20.6186,9.409e+06,1.94e+08,4000000000,0.0485,48.5,1
22,2,12175985000000,247191,0.111015,9.00776,16.9492,2.7848e+06,4.72e+07,1000000000,0.059,59,0.8
22,1,12175986000000,249191,0.112488,8.88984,3.39559,1.56114e+08,5.301e+08,2000000000,0.2945,294.5,0.9
22,0,12175987000000,253191,0.111185,8.99403,33.3333,3.6e+06,1.2e+08,4000000000,0.03,30,1
22,2,12175988000000,254191,0.11301,8.84881,1.73913,2.645e+08,4.6e+08,1000000000,0.575,575,0.8
22,0,12175989000000,258191,0.112006,8.92807,20.7254,9.31225e+06,1.93e+08,4000000000,0.04825,48.25,1
22,2,12175990000000,259191,0.111617,8.95925,90.9091,96800,8.8e+06,1000000000,0.011,11,0.8
22,1,12175991000000,261191,0.113155,8.83746,3.2,1.75781e+08,5.625e+08,2000000000,0.3125,312.5,0.9
22,0,12175992000000,265191,0.112059,8.92388,24.6914,6.561e+06,1.62e+08,4000000000,0.0405,40.5,1
22,2,12175993000000,266191,0.113584,8.80407,1.9305,2.14659e+08,4.144e+08,1000000000,0.518,518,0.8
22,0,12175994000000,270191,0.112613,8.87998,20.8333,9.216e+06,1.92e+08,4000000000,0.048,48,1
22,2,12175995000000,271191,0.112386,8.89793,19.6078,2.0808e+06,4.08e+07,1000000000,0.051,51,0.8
22,1,12175996000000,273191,0.113851,8.78343,3.2,1.75781e+08,5.625e+08,2000000000,0.3125,312.5,0.9
22,0,12175997000000,277191,0.112619,8.87949,35.0877,3.249e+06,1.14e+08,4000000000,0.0285,28.5,1
22,2,12175998000000,278191,0.114159,8.75971,1.84843,2.34145e+08,4.328e+08,1000000000,0.541,541,0.8
22,0,12175999000000,282191,0.113136,8.83891,23.8095,7.056e+06,1.68e+08,4000000000,0.042,42,1
22,2,12176000000000,283191,0.112987,8.85055,14.0845,4.0328e+06,5.68e+07,1000000000,0.071,71,0.8
22,1,12176001000000,285191,0.114415,8.74015,3.15956,1.8031e+08,5.697e+08,2000000000,0.3165,316.5,0.9
22,0,12176002000000,289191,0.113382,8.81976,25.1572,6.32025e+06,1.59e+08,4000000000,0.03975,39.75,1
22,2,12176003000000,290191,0.114835,8.70817,1.86916,2.2898e+08,4.28e+08,1000000000,0.535,535,0.8
22,0,12176004000000,294191,0.113963,8.77475,19.7044,1.03022e+07,2.03e+08,4000000000,0.05075,50.75,1
22,2,12176005000000,295191,0.113764,8.79016,18.1818,2.42e+06,4.4e+07,1000000000,0.055,55,0.8
22,1,12176006000000,297191,0.115003,8.69539,3.3557,1.59847e+08,5.364e+08,2000000000,0.298,298,0.9
22,0,12176007000000,301191,0.113924,8.77775,29.6296,4.55625e+06,1.35e+08,4000000000,0.03375,33.75,1
22,2,12176008000000,302191,0.115338,8.6702,1.84843,2.34145e+08,4.328e+08,1000000000,0.541,541,0.8
22,0,12176009000000,306191,0.114925,8.70133,11.9403,2.80562e+07,3.35e+08,4000000000,0.08375,83.75,1
22,1,12176010000000,308191,0.114335,8.74623,41.6667,1.0368e+06,4.32e+07,2000000000,0.024,24,0.9
22,2,12176011000000,309191,0.115026,8.69369,3.04878,8.60672e+07,2.624e+08,1000000000,0.328,328,0.8
22,0,12176012000000,313191,0.11371,8.79429,83.3333,576000,4.8e+07,4000000000,0.012,12,1
22,2,12176013000000,314191,0.114418,8.73991,2.97619,9.03168e+07,2.688e+08,1000000000,0.336,336,0.8
22,1,12176014000000,316191,0.113849,8.78357,40.8163,1.08045e+06,4.41e+07,2000000000,0.0245,24.5,0.9
22,0,12176015000000,320191,0.11346,8.81365,12.0846,2.73902e+07,3.31e+08,4000000000,0.08275,82.75,1
22,2,12176016000000,321191,0.11331,8.82538,15.3846,3.38e+06,5.2e+07,1000000000,0.065,65,0.8
22,0,12176017000000,325191,0.112162,8.91569,50,1.6e+06,8e+07,4000000000,0.02,20,1
22,2,12176018000000,326191,0.112563,8.88392,4.11523,4.72392e+07,1.944e+08,1000000000,0.243,243,0.8
22,1,12176019000000,328191,0.112048,8.92478,35.7143,1.4112e+06,5.04e+07,2000000000,0.028,28,0.9
22,0,12176020000000,332191,0.111686,8.95369,12.1951,2.6896e+07,3.28e+08,4000000000,0.082,82,1
22,2,12176021000000,333191,0.111531,8.96615,16.6667,2.88e+06,4.8e+07,1000000000,0.06,60,0.8
22,0,12176022000000,337191,0.111157,8.99632,12.5,2.56e+07,3.2e+08,4000000000,0.08,80,1
22,2,12176023000000,338191,0.110964,9.01194,21.7391,1.6928e+06,3.68e+07,1000000000,0.046,46,0.8
22,2,12176024000000,339191,0.111583,8.96193,3.11526,8.24328e+07,2.568e+08,1000000000,0.321,321,0.8
22,0,12176025000000,343191,0.110507,9.0492,51.9481,1.48225e+06,7.7e+07,4000000000,0.01925,19.25,1
22,2,12176026000000,344191,0.110296,9.06649,26.3158,1.1552e+06,3.04e+07,1000000000,0.038,38,0.8
22,0,12176027000000,348191,0.109885,9.10042,13.4228,2.2201e+07,2.98e+08,4000000000,0.0745,74.5,1
22,1,12176028000000,350191,0.109406,9.14027,38.4615,1.2168e+06,4.68e+07,2000000000,0.026,26,0.9
22,2,12176029000000,351191,0.110017,9.0895,3.08642,8.39808e+07,2.592e+08,1000000000,0.324,324,0.8
22,0,12176030000000,355191,0.108936,9.17972,71.4286,784000,5.6e+07,4000000000,0.014,14,1
22,2,12176031000000,356191,0.10954,9.12912,3.08642,8.39808e+07,2.592e+08,1000000000,0.324,324,0.8
22,0,12176032000000,360191,0.10849,9.21747,66.6667,900000,6e+07,4000000000,0.015,15,1
22,1,12176033000000,362191,0.108481,9.21817,9.34579,2.06082e+07,1.926e+08,2000000000,0.107,107,0.9
22,2,12176034000000,363191,0.108497,9.21688,8.77193,1.03968e+07,9.12e+07,1000000000,0.114,114,0.8
22,0,12176035000000,367191,0.107467,9.30516,71.4286,784000,5.6e+07,4000000000,0.014,14,1
22,2,12176036000000,368191,0.108066,9.25359,3.04878,8.60672e+07,2.624e+08,1000000000,0.328,328,0.8
22,1,12176037000000,370191,0.107615,9.29241,40.8163,1.08045e+06,4.41e+07,2000000000,0.0245,24.5,0.9
22,1,12176038000000,372191,0.107937,9.26471,5.97015,5.05012e+07,3.015e+08,2000000000,0.1675,167.5,0.9
22,1,12176039000000,374191,0.107509,9.30152,35.7143,1.4112e+06,5.04e+07,2000000000,0.028,28,0.9
22,0,12176040000000,378191,0.107261,9.32309,11.9048,2.8224e+07,3.36e+08,4000000000,0.084,84,1
22,2,12176041000000,379191,0.107147,9.33301,15.625,3.2768e+06,5.12e+07,1000000000,0.064,64,0.8
22,0,12176042000000,383191,0.106832,9.36051,12.987,2.3716e+07,3.08e+08,4000000000,0.077,77,1
22,2,12176043000000,384191,0.106715,9.37074,16.129,3.0752e+06,4.96e+07,1000000000,0.062,62,0.8
22,1,12176044000000,386191,0.106323,9.4053,32.2581,1.7298e+06,5.58e+07,2000000000,0.031,31,0.9
22,0,12176045000000,390191,0.10592,9.44109,14.9254,1.7956e+07,2.68e+08,4000000000,0.067,67,1
22,2,12176046000000,391191,0.105792,9.45248,17.8571,2.5088e+06,4.48e+07,1000000000,0.056,56,0.8
22,0,12176047000000,395191,0.105531,9.47587,12.5,2.56e+07,3.2e+08,4000000000,0.08,80,1
22,2,12176048000000,396191,0.105457,9.48256,13.1579,4.6208e+06,6.08e+07,1000000000,0.076,76,0.8
22,1,12176049000000,398191,0.105721,9.45889,6.32911,4.49352e+07,2.844e+08,2000000000,0.158,158,0.9
22,0,12176050000000,402191,0.104808,9.54122,71.4286,784000,5.6e+07,4000000000,0.014,14,1
22,2,12176051000000,403191,0.1053,9.49668,3.30033,7.34472e+07,2.424e+08,1000000000,0.303,303,0.8
22,0,12176052000000,403192,0.105302,9.49648,1,4e+09,4e+09,4000000000,1,0.25,1
22,2,12176053000000,403192,0.105302,9.49648,0,-nan,-nan,1000000000,-nan,0,0.8
22,2,12176054000000,403192,0.105302,9.49648,0,-nan,-nan,1000000000,-nan,0,0.8
22,0,12176055000000,403192,0.105302,9.49648,0,-nan,-nan,4000000000,-nan,0,1
22,2,12176056000000,403192,0.105302,9.49648,0,-nan,-nan,1000000000,-nan,0,0.8
22,0,12176057000000,403192,0.105302,9.49648,0,-nan,-nan,4000000000,-nan,0,1
23,2,10881501000000,533,0.00187617,533,533,2816.02,1.50094e+06,1000000000,0.00187617,1,0.8
23,2,12175902000000,52948,0.0927136,10.7859,10.6795,7.01436e+06,7.49099e+07,1000000000,0.0936373,4908,0.8
23,0,12175903000000,56948,0.0862014,11.6007,0,0,0,4000000000,0,0,1
23,2,12175904000000,57948,0.084921,11.7757,83.3333,115200,9.6e+06,1000000000,0.012,12,0.8
23,2,12175905000000,58948,0.089774,11.1391,2.69542,1.10113e+08,2.968e+08,1000000000,0.371,371,0.8
23,0,12175906000000,62948,0.0860234,11.6247,32.5203,3.78225e+06,1.23e+08,4000000000,0.03075,30.75,1
23,2,12175907000000,63948,0.0893851,11.1875,3.32226,7.24808e+07,2.408e+08,1000000000,0.301,301,0.8
23,0,12175908000000,67948,0.088656,11.2795,12.987,2.3716e+07,3.08e+08,4000000000,0.077,77,1
23,2,12175909000000,68948,0.0889221,11.2458,9.34579,9.1592e+06,8.56e+07,1000000000,0.107,107,0.8
23,1,12175910000000,70948,0.0955629,10.4643,3.08166,1.8954e+08,5.841e+08,2000000000,0.3245,324.5,0.9
23,0,12175911000000,74948,0.0922373,10.8416,30.0752,4.42225e+06,1.33e+08,4000000000,0.03325,33.25,1
23,2,12175912000000,75948,0.0968952,10.3204,2.24215,1.59133e+08,3.568e+08,1000000000,0.446,446,0.8
23,0,12175913000000,79948,0.0945114,10.5807,20.3046,9.70225e+06,1.97e+08,4000000000,0.04925,49.25,1
23,2,12175914000000,80948,0.0947151,10.558,9.00901,9.8568e+06,8.88e+07,1000000000,0.111,111,0.8
23,1,12175915000000,82948,0.100497,9.95058,2.98954,2.01402e+08,6.021e+08,2000000000,0.3345,334.5,0.9
23,0,12175916000000,86948,0.097334,10.2739,31.4961,4.03225e+06,1.27e+08,4000000000,0.03175,31.75,1
23,2,12175917000000,87948,0.101901,9.81343,2.00401,1.99201e+08,3.992e+08,1000000000,0.499,499,0.8
23,0,12175918000000,91948,0.0991321,10.0875,26.1438,5.85225e+06,1.53e+08,4000000000,0.03825,38.25,1
23,2,12175919000000,92948,0.0990124,10.0998,11.3636,6.1952e+06,7.04e+07,1000000000,0.088,88,0.8
23,1,12175920000000,94948,0.103846,9.62961,3.04414,1.94242e+08,5.913e+08,2000000000,0.3285,328.5,0.9
23,0,12175921000000,98948,0.100912,9.90966,32,3.90625e+06,1.25e+08,4000000000,0.03125,31.25,1
23,2,12175922000000,99948,0.105085,9.51614,1.9305,2.14659e+08,4.144e+08,1000000000,0.518,518,0.8
23,0,12175923000000,103948,0.102551,9.75122,25.4777,6.16225e+06,1.57e+08,4000000000,0.03925,39.25,1
23,2,12175924000000,104948,0.102479,9.75807,10.5263,7.22e+06,7.6e+07,1000000000,0.095,95,0.8
23,1,12175925000000,106948,0.106519,9.38799,3.13972,1.82596e+08,5.733e+08,2000000000,0.3185,318.5,0.9
23,0,12175926000000,110948,0.103832,9.6309,31.25,4.096e+06,1.28e+08,4000000000,0.032,32,1
23,2,12175927000000,111948,0.107863,9.27106,1.8018,2.4642e+08,4.44e+08,1000000000,0.555,555,0.8
23,0,12175928000000,115948,0.106048,9.42973,18.0995,1.22102e+07,2.21e+08,4000000000,0.05525,55.25,1
23,2,12175929000000,116948,0.105431,9.48483,29.4118,924800,2.72e+07,1000000000,0.034,34,0.8
23,1,12175930000000,118948,0.108686,9.2008,3.34448,1.60922e+08,5.382e+08,2000000000,0.299,299,0.9
23,0,12175931000000,122948,0.106191,9.41697,31.25,4.096e+06,1.28e+08,4000000000,0.032,32,1
23,2,12175932000000,123948,0.109861,9.10245,1.78253,2.51777e+08,4.488e+08,1000000000,0.561,561,0.8
23,0,12175933000000,127948,0.108161,9.24547,18.018,1.2321e+07,2.22e+08,4000000000,0.0555,55.5,1
23,2,12175934000000,128948,0.107602,9.29355,27.7778,1.0368e+06,2.88e+07,1000000000,0.036,36,0.8
23,1,12175935000000,130948,0.110487,9.05087,3.37268,1.58242e+08,5.337e+08,2000000000,0.2965,296.5,0.9
23,0,12175936000000,134948,0.108138,9.24745,32,3.90625e+06,1.25e+08,4000000000,0.03125,31.25,1
23,2,12175937000000,135948,0.111278,8.98652,1.86916,2.2898e+08,4.28e+08,1000000000,0.535,535,0.8
23,0,12175938000000,139948,0.109262,9.15231,24.5399,6.64225e+06,1.63e+08,4000000000,0.04075,40.75,1
23,2,12175939000000,140948,0.109047,9.17033,12.6582,4.9928e+06,6.32e+07,1000000000,0.079,79,0.8
23,1,12175940000000,142948,0.111957,8.93202,3.15457,1.8088e+08,5.706e+08,2000000000,0.317,317,0.9
23,0,12175941000000,146948,0.10976,9.11079,32,3.90625e+06,1.25e+08,4000000000,0.03125,31.25,1
23,2,12175942000000,147948,0.112594,8.8815,1.89036,2.23873e+08,4.232e+08,1000000000,0.529,529,0.8
23,0,12175943000000,151948,0.110709,9.0327,24.3902,6.724e+06,1.64e+08,4000000000,0.041,41,1
23,2,12175944000000,152948,0.110521,9.04804,12.1951,5.3792e+06,6.56e+07,1000000000,0.082,82,0.8
23,1,12175945000000,154948,0.113199,8.83398,3.14465,1.82023e+08,5.724e+08,2000000000,0.318,318,0.9
23,0,12175946000000,158948,0.111137,8.99791,32,3.90625e+06,1.25e+08,4000000000,0.03125,31.25,1
23,2,12175947000000,159948,0.113631,8.80044,1.96078,2.0808e+08,4.08e+08,1000000000,0.51,510,0.8
23,0,12175948000000,163948,0.11181,8.94376,25.641,6.084e+06,1.56e+08,4000000000,0.039,39,1
23,2,12175949000000,164948,0.111665,8.95532,11.3636,6.1952e+06,7.04e+07,1000000000,0.088,88,0.8
23,1,12175950000000,166948,0.114263,8.75173,3.04414,1.94242e+08,5.913e+08,2000000000,0.3285,328.5,0.9
23,0,12175951000000,170948,0.112321,8.90308,32,3.90625e+06,1.25e+08,4000000000,0.03125,31.25,1
23,2,12175952000000,171948,0.11468,8.71991,1.9305,2.14659e+08,4.144e+08,1000000000,0.518,518,0.8
23,0,12175953000000,175948,0.112738,8.87014,34.188,3.42225e+06,1.17e+08,4000000000,0.02925,29.25,1
23,2,12175954000000,176948,0.112536,8.88605,12.987,4.7432e+06,6.16e+07,1000000000,0.077,77,0.8
23,2,12175955000000,177948,0.111993,8.9291,62.5,204800,1.28e+07,1000000000,0.016,16,0.8
23,1,12175956000000,179948,0.111416,8.97541,16.6667,6.48e+06,1.08e+08,2000000000,0.06,60,0.9
23,2,12175957000000,180948,0.110866,9.01989,83.3333,115200,9.6e+06,1000000000,0.012,12,0.8
23,1,12175958000000,182948,0.11031,9.06536,16.6667,6.48e+06,1.08e+08,2000000000,0.06,60,0.9
23,1,12175959000000,184948,0.109182,9.15902,166.667,64800,1.08e+07,2000000000,0.006,6,0.9
23,2,12175960000000,185948,0.10924,9.15414,8.33333,1.152e+07,9.6e+07,1000000000,0.12,120,0.8
23,1,12175961000000,187948,0.108142,9.24713,166.667,64800,1.08e+07,2000000000,0.006,6,0.9
23,0,12175962000000,191948,0.106753,9.36743,24.0964,6.889e+06,1.66e+08,4000000000,0.0415,41.5,1
23,2,12175963000000,192948,0.108703,9.19939,2.07039,1.86631e+08,3.864e+08,1000000000,0.483,483,0.8
23,0,12175964000000,196948,0.107353,9.31505,23.6686,7.14025e+06,1.69e+08,4000000000,0.04225,42.25,1
23,2,12175965000000,197948,0.107225,9.32617,12.1951,5.3792e+06,6.56e+07,1000000000,0.082,82,0.8
23,1,12175966000000,199948,0.109333,9.14633,3.14465,1.82023e+08,5.724e+08,2000000000,0.318,318,0.9
23,0,12175967000000,203948,0.107836,9.27331,30.303,4.356e+06,1.32e+08,4000000000,0.033,33,1
23,2,12175968000000,204948,0.109891,9.0999,1.89036,2.23873e+08,4.232e+08,1000000000,0.529,529,0.8
23,0,12175969000000,208948,0.108453,9.2206,28.777,4.83025e+06,1.39e+08,4000000000,0.03475,34.75,1
23,2,12175970000000,209948,0.108317,9.23214,12.5,5.12e+06,6.4e+07,1000000000,0.08,80,0.8
23,1,12175971000000,211948,0.110442,9.05451,2.9985,2.002e+08,6.003e+08,2000000000,0.3335,333.5,0.9
23,0,12175972000000,215948,0.108989,9.17522,31.25,4.096e+06,1.28e+08,4000000000,0.032,32,1
23,2,12175973000000,216948,0.110856,9.02071,1.94553,2.11357e+08,4.112e+08,1000000000,0.514,514,0.8
23,0,12175974000000,220948,0.109546,9.12857,25.974,5.929e+06,1.54e+08,4000000000,0.0385,38.5,1
23,2,12175975000000,221948,0.10944,9.13742,11.6279,5.9168e+06,6.88e+07,1000000000,0.086,86,0.8
23,1,12175976000000,223948,0.111401,8.97659,3.03951,1.94834e+08,5.922e+08,2000000000,0.329,329,0.9
23,0,12175977000000,227948,0.110029,9.08847,30.0752,4.42225e+06,1.33e+08,4000000000,0.03325,33.25,1
23,2,12175978000000,228948,0.111811,8.94363,1.9305,2.14659e+08,4.144e+08,1000000000,0.518,518,0.8
23,0,12175979000000,232948,0.110565,9.04442,25.4777,6.16225e+06,1.57e+08,4000000000,0.03925,39.25,1
23,2,12175980000000,233948,0.110418,9.05652,13.1579,4.6208e+06,6.08e+07,1000000000,0.076,76,0.8
23,1,12175981000000,235948,0.112228,8.91042,3.08642,1.88957e+08,5.832e+08,2000000000,0.324,324,0.9
23,0,12175982000000,239948,0.110878,9.01891,32,3.90625e+06,1.25e+08,4000000000,0.03125,31.25,1
23,2,12175983000000,240948,0.112526,8.88681,1.9685,2.06451e+08,4.064e+08,1000000000,0.508,508,0.8
23,0,12175984000000,244948,0.111391,8.97739,23.2558,7.396e+06,1.72e+08,4000000000,0.043,43,1
23,2,12175985000000,245948,0.11128,8.98637,11.9048,5.6448e+06,6.72e+07,1000000000,0.084,84,0.8
23,1,12175986000000,247948,0.112995,8.84991,3.08642,1.88957e+08,5.832e+08,2000000000,0.324,324,0.9
23,0,12175987000000,251948,0.111789,8.94543,27.027,5.476e+06,1.48e+08,4000000000,0.037,37,1
23,2,12175988000000,252948,0.113419,8.8169,1.9084,2.19661e+08,4.192e+08,1000000000,0.524,524,0.8
23,0,12175989000000,256948,0.112369,8.89925,21.7391,8.464e+06,1.84e+08,4000000000,0.046,46,1
23,2,12175990000000,257948,0.112112,8.91967,21.7391,1.6928e+06,3.68e+07,1000000000,0.046,46,0.8
23,1,12175991000000,259948,0.113673,8.79718,3.1746,1.78605e+08,5.67e+08,2000000000,0.315,315,0.9
23,0,12175992000000,263948,0.11248,8.89043,28.5714,4.9e+06,1.4e+08,4000000000,0.035,35,1
23,2,12175993000000,264948,0.113898,8.7798,2.04918,1.90515e+08,3.904e+08,1000000000,0.488,488,0.8
23,0,12175994000000,268948,0.112665,8.87588,32.2581,3.844e+06,1.24e+08,4000000000,0.031,31,1
23,2,12175995000000,269948,0.112685,8.87432,8.47458,1.11392e+07,9.44e+07,1000000000,0.118,118,0.8
23,1,12175996000000,271948,0.114331,8.74656,2.97177,2.03818e+08,6.057e+08,2000000000,0.3365,336.5,0.9
23,0,12175997000000,275948,0.113112,8.8408,33.0579,3.66025e+06,1.21e+08,4000000000,0.03025,30.25,1
23,2,12175998000000,276948,0.114411,8.74039,2.11416,1.78983e+08,3.784e+08,1000000000,0.473,473,0.8
23,0,12175999000000,280948,0.113377,8.82014,23.9521,6.97225e+06,1.67e+08,4000000000,0.04175,41.75,1
23,2,12176000000000,281948,0.113514,8.8095,6.57895,1.84832e+07,1.216e+08,1000000000,0.152,152,0.8
23,1,12176001000000,283948,0.114866,8.70579,3.27332,1.67994e+08,5.499e+08,2000000000,0.3055,305.5,0.9
23,0,12176002000000,287948,0.113767,8.78989,27.972,5.11225e+06,1.43e+08,4000000000,0.03575,35.75,1
23,2,12176003000000,288948,0.114996,8.69592,2.1322,1.75969e+08,3.752e+08,1000000000,0.469,469,0.8
23,0,12176004000000,292948,0.113921,8.77799,27.5862,5.25625e+06,1.45e+08,4000000000,0.03625,36.25,1
23,2,12176005000000,293948,0.113908,8.77902,9.09091,9.68e+06,8.8e+07,1000000000,0.11,110,0.8
23,1,12176006000000,295948,0.115439,8.66257,2.93686,2.08692e+08,6.129e+08,2000000000,0.3405,340.5,0.9
23,0,12176007000000,299948,0.114303,8.74867,33.0579,3.66025e+06,1.21e+08,4000000000,0.03025,30.25,1
23,2,12176008000000,300948,0.115439,8.66262,2.19298,1.66349e+08,3.648e+08,1000000000,0.456,456,0.8
23,0,12176009000000,304948,0.115066,8.6907,11.4943,3.0276e+07,3.48e+08,4000000000,0.087,87,1
23,1,12176010000000,306948,0.114316,8.7477,0,0,0,2000000000,0,0,0.9
23,2,12176011000000,307948,0.114061,8.7672,27.7778,1.0368e+06,2.88e+07,1000000000,0.036,36,0.8
23,0,12176012000000,311948,0.113099,8.84181,25.641,6.084e+06,1.56e+08,4000000000,0.039,39,1
23,2,12176013000000,312948,0.112738,8.87016,0,0,0,1000000000,0,0,0.8
23,1,12176014000000,314948,0.112098,8.92078,83.3333,259200,2.16e+07,2000000000,0.012,12,0.9
23,0,12176015000000,318948,0.111219,8.99129,23.8095,7.056e+06,1.68e+08,4000000000,0.042,42,1
23,2,12176016000000,319948,0.110984,9.01034,27.7778,1.0368e+06,2.88e+07,1000000000,0.036,36,0.8
23,0,12176017000000,323948,0.110095,9.08308,25.641,6.084e+06,1.56e+08,4000000000,0.039,39,1
23,2,12176018000000,324948,0.109756,9.11112,0,0,0,1000000000,0,0,0.8
23,1,12176019000000,326948,0.109158,9.16103,83.3333,259200,2.16e+07,2000000000,0.012,12,0.9
23,0,12176020000000,330948,0.108346,9.22966,23.8095,7.056e+06,1.68e+08,4000000000,0.042,42,1
23,2,12176021000000,331948,0.108128,9.24827,27.7778,1.0368e+06,2.88e+07,1000000000,0.036,36,0.8
23,0,12176022000000,335948,0.107305,9.3192,25.641,6.084e+06,1.56e+08,4000000000,0.039,39,1
23,2,12176023000000,336948,0.107094,9.33762,27.7778,1.0368e+06,2.88e+07,1000000000,0.036,36,0.8
23,2,12176024000000,337948,0.106987,9.34694,14.0845,4.0328e+06,5.68e+07,1000000000,0.071,71,0.8
23,0,12176025000000,341948,0.105984,9.43539,47.0588,1.80625e+06,8.5e+07,4000000000,0.02125,21.25,1
23,2,12176026000000,342948,0.10578,9.45359,27.7778,1.0368e+06,2.88e+07,1000000000,0.036,36,0.8
23,0,12176027000000,346948,0.10501,9.52291,25.641,6.084e+06,1.56e+08,4000000000,0.039,39,1
23,1,12176028000000,348948,0.104477,9.5715,83.3333,259200,2.16e+07,2000000000,0.012,12,0.9
23,2,12176029000000,349948,0.104258,9.59156,35.7143,627200,2.24e+07,1000000000,0.028,28,0.8
23,0,12176030000000,353948,0.103476,9.66411,28.5714,4.9e+06,1.4e+08,4000000000,0.035,35,1
23,2,12176031000000,354948,0.103286,9.6819,27.7778,1.0368e+06,2.88e+07,1000000000,0.036,36,0.8
23,0,12176032000000,358948,0.102569,9.74952,25.641,6.084e+06,1.56e+08,4000000000,0.039,39,1
23,1,12176033000000,360948,0.102067,9.79745,83.3333,259200,2.16e+07,2000000000,0.012,12,0.9
23,2,12176034000000,361948,0.101849,9.81847,43.4783,423200,1.84e+07,1000000000,0.023,23,0.8
23,0,12176035000000,365948,0.101132,9.88808,27.5862,5.25625e+06,1.45e+08,4000000000,0.03625,36.25,1
23,2,12176036000000,366948,0.100954,9.90547,27.7778,1.0368e+06,2.88e+07,1000000000,0.036,36,0.8
23,1,12176037000000,368948,0.10083,9.91769,12.8205,1.09512e+07,1.404e+08,2000000000,0.078,78,0.9
23,1,12176038000000,370948,0.100351,9.96502,83.3333,259200,2.16e+07,2000000000,0.012,12,0.9
23,1,12176039000000,372948,0.0998933,10.0107,66.6667,405000,2.7e+07,2000000000,0.015,15,0.9
23,0,12176040000000,376948,0.0991994,10.0807,28.9855,4.761e+06,1.38e+08,4000000000,0.0345,34.5,1
23,2,12176041000000,377948,0.0990321,10.0977,27.7778,1.0368e+06,2.88e+07,1000000000,0.036,36,0.8
23,0,12176042000000,381948,0.0984034,10.1622,25.641,6.084e+06,1.56e+08,4000000000,0.039,39,1
23,2,12176043000000,382948,0.0982405,10.1791,27.7778,1.0368e+06,2.88e+07,1000000000,0.036,36,0.8
23,1,12176044000000,384948,0.0981353,10.19,12.8205,1.09512e+07,1.404e+08,2000000000,0.078,78,0.9
23,0,12176045000000,388948,0.0971261,10.2959,0,0,0,4000000000,0,0,1
23,2,12176046000000,389948,0.0969693,10.3125,27.7778,1.0368e+06,2.88e+07,1000000000,0.036,36,0.8
23,0,12176047000000,393948,0.0963807,10.3755,25.641,6.084e+06,1.56e+08,4000000000,0.039,39,1
23,2,12176048000000,394948,0.0962279,10.392,27.7778,1.0368e+06,2.88e+07,1000000000,0.036,36,0.8
23,1,12176049000000,396948,0.096136,10.4019,12.8205,1.09512e+07,1.404e+08,2000000000,0.078,78,0.9
23,0,12176050000000,400948,0.0951769,10.5067,0,0,0,4000000000,0,0,1
23,2,12176051000000,401948,0.0950297,10.523,27.7778,1.0368e+06,2.88e+07,1000000000,0.036,36,0.8
23,0,12176052000000,405948,0.0944776,10.5845,25.641,6.084e+06,1.56e+08,4000000000,0.039,39,1
23,2,12176053000000,406948,0.0943339,10.6006,27.7778,1.0368e+06,2.88e+07,1000000000,0.036,36,0.8
23,2,12176054000000,407948,0.0944851,10.5837,6.41026,1.94688e+07,1.248e+08,1000000000,0.156,156,0.8
23,0,12176055000000,411948,0.0935676,10.6875,0,0,0,4000000000,0,0,1
23,2,12176056000000,412948,0.0934282,10.7034,27.7778,1.0368e+06,2.88e+07,1000000000,0.036,36,0.8
23,0,12176057000000,414312,0.0934296,10.7032,10.6562,3.5225e+07,3.75367e+08,4000000000,0.0938416,32,1
24,2,12175902000000,53660,0.110958,9.01243,9.01243,9.84932e+06,8.87663e+07,1000000000,0.110958,5954,0.8
24,0,12175903000000,57660,0.10333,9.67774,1000,4000,4e+06,4000000000,0.001,1,1
24,2,12175904000000,58660,0.101568,9.84559,0,0,0,1000000000,0,0,0.8
24,2,12175905000000,59660,0.106235,9.41306,2.63158,1.1552e+08,3.04e+08,1000000000,0.38,380,0.8
24,0,12175906000000,63660,0.101477,9.85449,32.7869,3.721e+06,1.22e+08,4000000000,0.0305,30.5,1
24,2,12175907000000,64660,0.106001,9.43391,2.53807,1.24189e+08,3.152e+08,1000000000,0.394,394,0.8
24,0,12175908000000,68660,0.102796,9.72797,19.6078,1.0404e+07,2.04e+08,4000000000,0.051,51,1
24,2,12175909000000,69660,0.103015,9.70736,8.47458,1.11392e+07,9.44e+07,1000000000,0.118,118,0.8
24,1,12175910000000,71660,0.10921,9.15666,3.07692,1.90125e+08,5.85e+08,2000000000,0.325,325,0.9
24,0,12175911000000,75660,0.10534,9.4931,27.7778,5.184e+06,1.44e+08,4000000000,0.036,36,1
24,2,12175912000000,76660,0.109797,9.10776,2.23714,1.59847e+08,3.576e+08,1000000000,0.447,447,0.8
24,0,12175913000000,80660,0.106645,9.37689,21.6216,8.55625e+06,1.85e+08,4000000000,0.04625,46.25,1
24,2,12175914000000,81660,0.106784,9.36468,8.47458,1.11392e+07,9.44e+07,1000000000,0.118,118,0.8
24,1,12175915000000,83660,0.112097,8.92088,3.03951,1.94834e+08,5.922e+08,2000000000,0.329,329,0.9
24,0,12175916000000,87660,0.108579,9.20992,28.5714,4.9e+06,1.4e+08,4000000000,0.035,35,1
24,2,12175917000000,88660,0.11252,8.88733,2.18341,1.67811e+08,3.664e+08,1000000000,0.458,458,0.8
24,0,12175918000000,92660,0.109368,9.14348,25.3165,6.241e+06,1.58e+08,4000000000,0.0395,39.5,1
24,2,12175919000000,93660,0.109417,9.13934,8.77193,1.03968e+07,9.12e+07,1000000000,0.114,114,0.8
24,1,12175920000000,95660,0.114092,8.76489,3.003,1.996e+08,5.994e+08,2000000000,0.333,333,0.9
24,0,12175921000000,99660,0.111038,9.00596,26.3158,5.776e+06,1.52e+08,4000000000,0.038,38,1
24,2,12175922000000,100660,0.114584,8.72724,2.13675,1.75219e+08,3.744e+08,1000000000,0.468,468,0.8
24,0,12175923000000,104660,0.111504,8.96829,29.4118,4.624e+06,1.36e+08,4000000000,0.034,34,1
24,2,12175924000000,105660,0.111528,8.9664,8.77193,1.03968e+07,9.12e+07,1000000000,0.114,114,0.8
24,1,12175925000000,107660,0.115642,8.64739,3.003,1.996e+08,5.994e+08,2000000000,0.333,333,0.9
24,0,12175926000000,111660,0.11286,8.8605,26.3158,5.776e+06,1.52e+08,4000000000,0.038,38,1
24,2,12175927000000,112660,0.116048,8.6171,2.11864,1.78227e+08,3.776e+08,1000000000,0.472,472,0.8
24,0,12175928000000,116660,0.113201,8.83386,30.303,4.356e+06,1.32e+08,4000000000,0.033,33,1
24,2,12175929000000,117660,0.113208,8.83333,8.77193,1.03968e+07,9.12e+07,1000000000,0.114,114,0.8
24,1,12175930000000,119660,0.116881,8.5557,3.003,1.996e+08,5.994e+08,2000000000,0.333,333,0.9
24,0,12175931000000,123660,0.11433,8.74664,26.3158,5.776e+06,1.52e+08,4000000000,0.038,38,1
24,2,12175932000000,124660,0.117199,8.53251,2.11864,1.78227e+08,3.776e+08,1000000000,0.472,472,0.8
24,0,12175933000000,128660,0.114581,8.72745,30.303,4.356e+06,1.32e+08,4000000000,0.033,33,1
24,2,12175934000000,129660,0.114577,8.72779,8.77193,1.03968e+07,9.12e+07,1000000000,0.114,114,0.8
24,1,12175935000000,131660,0.117895,8.48215,3.003,1.996e+08,5.994e+08,2000000000,0.333,333,0.9
24,0,12175936000000,135660,0.115539,8.6551,26.3158,5.776e+06,1.52e+08,4000000000,0.038,38,1
24,2,12175937000000,136660,0.118155,8.46349,2.11416,1.78983e+08,3.784e+08,1000000000,0.473,473,0.8
24,0,12175938000000,140660,0.115726,8.64111,30.5344,4.29025e+06,1.31e+08,4000000000,0.03275,32.75,1
24,2,12175939000000,141660,0.115714,8.64202,8.77193,1.03968e+07,9.12e+07,1000000000,0.114,114,0.8
24,1,12175940000000,143660,0.118739,8.42185,3.003,1.996e+08,5.994e+08,2000000000,0.333,333,0.9
24,0,12175941000000,147660,0.116552,8.5799,26.3158,5.776e+06,1.52e+08,4000000000,0.038,38,1
24,2,12175942000000,148660,0.118943,8.40742,2.11864,1.78227e+08,3.776e+08,1000000000,0.472,472,0.8
24,0,12175943000000,152660,0.116691,8.56966,30.303,4.356e+06,1.32e+08,4000000000,0.033,33,1
24,2,12175944000000,153660,0.116673,8.57095,8.77193,1.03968e+07,9.12e+07,1000000000,0.114,114,0.8
24,1,12175945000000,155660,0.119453,8.37152,3.003,1.996e+08,5.994e+08,2000000000,0.333,333,0.9
24,0,12175946000000,159660,0.117412,8.51702,26.3158,5.776e+06,1.52e+08,4000000000,0.038,38,1
24,2,12175947000000,160660,0.119619,8.35987,2.11864,1.78227e+08,3.776e+08,1000000000,0.472,472,0.8
24,0,12175948000000,164660,0.117515,8.50956,30.303,4.356e+06,1.32e+08,4000000000,0.033,33,1
24,2,12175949000000,165660,0.117494,8.5111,8.77193,1.03968e+07,9.12e+07,1000000000,0.114,114,0.8
24,1,12175950000000,167660,0.120064,8.32886,3.003,1.996e+08,5.994e+08,2000000000,0.333,333,0.9
24,0,12175951000000,171660,0.118152,8.46366,26.3158,5.776e+06,1.52e+08,4000000000,0.038,38,1
24,2,12175952000000,172660,0.120202,8.31936,2.11864,1.78227e+08,3.776e+08,1000000000,0.472,472,0.8
24,0,12175953000000,176660,0.118227,8.4583,30.303,4.356e+06,1.32e+08,4000000000,0.033,33,1
24,2,12175954000000,177660,0.118074,8.46928,10.989,6.6248e+06,7.28e+07,1000000000,0.091,91,0.8
24,2,12175955000000,178660,0.117754,8.49225,16.3934,2.9768e+06,4.88e+07,1000000000,0.061,61,0.8
24,1,12175956000000,180660,0.116534,8.5812,133.333,101250,1.35e+07,2000000000,0.0075,7.5,0.9
24,2,12175957000000,181660,0.116911,8.55354,5.40541,2.738e+07,1.48e+08,1000000000,0.185,185,0.8
24,1,12175958000000,183660,0.116291,8.59912,16.6667,6.48e+06,1.08e+08,2000000000,0.06,60,0.9
24,1,12175959000000,185660,0.115103,8.68788,166.667,64800,1.08e+07,2000000000,0.006,6,0.9
24,2,12175960000000,186660,0.115381,8.66695,5.98802,2.23112e+07,1.336e+08,1000000000,0.167,167,0.8
24,1,12175961000000,188660,0.117301,8.52508,3.37268,1.58242e+08,5.337e+08,2000000000,0.2965,296.5,0.9
24,0,12175962000000,192660,0.115665,8.64567,25.974,5.929e+06,1.54e+08,4000000000,0.0385,38.5,1
24,2,12175963000000,193660,0.115945,8.62474,5.88235,2.312e+07,1.36e+08,1000000000,0.17,170,0.8
24,0,12175964000000,197660,0.115967,8.62316,8.54701,5.4756e+07,4.68e+08,4000000000,0.117,117,1
24,2,12175965000000,198660,0.115786,8.63664,12.5,5.12e+06,6.4e+07,1000000000,0.08,80,0.8
24,1,12175966000000,200660,0.1181,8.46738,2.87356,2.17987e+08,6.264e+08,2000000000,0.348,348,0.9
24,0,12175967000000,204660,0.116457,8.58689,29.4118,4.624e+06,1.36e+08,4000000000,0.034,34,1
24,2,12175968000000,205660,0.117587,8.50432,2.86533,9.74408e+07,2.792e+08,1000000000,0.349,349,0.8
24,0,12175969000000,209660,0.116694,8.56944,14.1343,2.00222e+07,2.83e+08,4000000000,0.07075,70.75,1
24,2,12175970000000,210660,0.116728,8.5669,8.06452,1.23008e+07,9.92e+07,1000000000,0.124,124,0.8
24,1,12175971000000,212660,0.118584,8.43287,3.18471,1.77473e+08,5.652e+08,2000000000,0.314,314,0.9
24,0,12175972000000,216660,0.117031,8.54472,28.9855,4.761e+06,1.38e+08,4000000000,0.0345,34.5,1
24,2,12175973000000,217660,0.118602,8.43153,2.17865,1.68545e+08,3.672e+08,1000000000,0.459,459,0.8
24,0,12175974000000,221660,0.117216,8.53129,23.9521,6.97225e+06,1.67e+08,4000000000,0.04175,41.75,1
24,2,12175975000000,222660,0.117336,8.52254,6.94444,1.65888e+07,1.152e+08,1000000000,0.144,144,0.8
24,1,12175976000000,224660,0.119171,8.39129,3.09119,1.88374e+08,5.823e+08,2000000000,0.3235,323.5,0.9
24,0,12175977000000,228660,0.117563,8.50606,36.6972,2.97025e+06,1.09e+08,4000000000,0.02725,27.25,1
24,2,12175978000000,229660,0.118945,8.40722,2.29885,1.5138e+08,3.48e+08,1000000000,0.435,435,0.8
24,0,12175979000000,233660,0.117718,8.49487,21.164,8.93025e+06,1.89e+08,4000000000,0.04725,47.25,1
24,2,12175980000000,234660,0.117685,8.49725,9.09091,9.68e+06,8.8e+07,1000000000,0.11,110,0.8
24,1,12175981000000,236660,0.119534,8.3658,2.97177,2.03818e+08,6.057e+08,2000000000,0.3365,336.5,0.9
24,0,12175982000000,240660,0.118096,8.46768,30.303,4.356e+06,1.32e+08,4000000000,0.033,33,1
24,2,12175983000000,241660,0.119486,8.36918,2.20264,1.64893e+08,3.632e+08,1000000000,0.454,454,0.8
24,0,12175984000000,245660,0.118253,8.45645,22.8571,7.65625e+06,1.75e+08,4000000000,0.04375,43.75,1
24,2,12175985000000,246660,0.118252,8.45653,8.47458,1.11392e+07,9.44e+07,1000000000,0.118,118,0.8
24,1,12175986000000,248660,0.119975,8.33507,3.00752,1.99001e+08,5.985e+08,2000000000,0.3325,332.5,0.9
24,0,12175987000000,252660,0.118602,8.43156,30.0752,4.42225e+06,1.33e+08,4000000000,0.03325,33.25,1
24,2,12175988000000,253660,0.119928,8.33832,2.1978,1.6562e+08,3.64e+08,1000000000,0.455,455,0.8
24,0,12175989000000,257660,0.118676,8.42632,25.4777,6.16225e+06,1.57e+08,4000000000,0.03925,39.25,1
24,2,12175990000000,258660,0.118642,8.4287,9.09091,9.68e+06,8.8e+07,1000000000,0.11,110,0.8
24,1,12175991000000,260660,0.120314,8.3116,2.97177,2.03818e+08,6.057e+08,2000000000,0.3365,336.5,0.9
24,0,12175992000000,264660,0.118968,8.40564,32,3.90625e+06,1.25e+08,4000000000,0.03125,31.25,1
24,2,12175993000000,265660,0.12027,8.31461,2.15054,1.7298e+08,3.72e+08,1000000000,0.465,465,0.8
24,0,12175994000000,269660,0.119091,8.39696,24.5399,6.64225e+06,1.63e+08,4000000000,0.04075,40.75,1
24,2,12175995000000,270660,0.119087,8.39724,8.47458,1.11392e+07,9.44e+07,1000000000,0.118,118,0.8
24,1,12175996000000,272660,0.120707,8.28452,2.94118,2.0808e+08,6.12e+08,2000000000,0.34,340,0.9
24,0,12175997000000,276660,0.119417,8.37399,31.746,3.969e+06,1.26e+08,4000000000,0.0315,31.5,1
24,2,12175998000000,277660,0.120576,8.29356,2.26757,1.55585e+08,3.528e+08,1000000000,0.441,441,0.8
24,0,12175999000000,281660,0.119499,8.36829,22.3464,8.01025e+06,1.79e+08,4000000000,0.04475,44.75,1
24,2,12176000000000,282660,0.119493,8.36866,8.47458,1.11392e+07,9.44e+07,1000000000,0.118,118,0.8
24,1,12176001000000,284660,0.120937,8.26875,3.07692,1.90125e+08,5.85e+08,2000000000,0.325,325,0.9
24,0,12176002000000,288660,0.119774,8.34905,27.027,5.476e+06,1.48e+08,4000000000,0.037,37,1
24,2,12176003000000,289660,0.120935,8.26891,2.19298,1.66349e+08,3.648e+08,1000000000,0.456,456,0.8
24,0,12176004000000,293660,0.119819,8.34593,25.641,6.084e+06,1.56e+08,4000000000,0.039,39,1
24,2,12176005000000,294660,0.119813,8.34636,8.47458,1.11392e+07,9.44e+07,1000000000,0.118,118,0.8
24,1,12176006000000,296660,0.122652,8.15314,1.84843,5.26826e+08,9.738e+08,2000000000,0.541,541,0.9
24,0,12176007000000,300660,0.121376,8.23884,37.3832,2.86225e+06,1.07e+08,4000000000,0.02675,26.75,1
24,2,12176008000000,301660,0.121879,8.20486,3.663,5.96232e+07,2.184e+08,1000000000,0.273,273,0.8
24,0,12176009000000,305660,0.121422,8.23571,11.4943,3.0276e+07,3.48e+08,4000000000,0.087,87,1
24,1,12176010000000,307660,0.121075,8.25933,14.7059,8.3232e+06,1.224e+08,2000000000,0.068,68,0.9
24,2,12176011000000,308660,0.122743,8.14707,1.57233,3.23597e+08,5.088e+08,1000000000,0.636,636,0.8
24,0,12176012000000,312660,0.121627,8.22184,28.169,5.041e+06,1.42e+08,4000000000,0.0355,35.5,1
24,2,12176013000000,313660,0.121874,8.2052,5.02513,3.16808e+07,1.592e+08,1000000000,0.199,199,0.8
24,1,12176014000000,315660,0.122429,8.16799,4.77327,7.90024e+07,3.771e+08,2000000000,0.2095,209.5,0.9
24,0,12176015000000,319660,0.121366,8.23951,26.6667,5.625e+06,1.5e+08,4000000000,0.0375,37.5,1
24,2,12176016000000,320660,0.122862,8.1392,1.66389,2.88961e+08,4.808e+08,1000000000,0.601,601,0.8
24,0,12176017000000,324660,0.121684,8.21799,36.6972,2.97025e+06,1.09e+08,4000000000,0.02725,27.25,1
24,2,12176018000000,325660,0.121667,8.21917,8.62069,1.07648e+07,9.28e+07,1000000000,0.116,116,0.8
24,1,12176019000000,327660,0.122633,8.1544,3.57143,1.4112e+08,5.04e+08,2000000000,0.28,280,0.9
24,0,12176020000000,331660,0.1216,8.22365,27.027,5.476e+06,1.48e+08,4000000000,0.037,37,1
24,2,12176021000000,332660,0.122885,8.13767,1.82149,2.41121e+08,4.392e+08,1000000000,0.549,549,0.8
24,0,12176022000000,336660,0.122007,8.19623,20.4082,9.604e+06,1.96e+08,4000000000,0.049,49,1
24,2,12176023000000,337660,0.12177,8.21218,23.8095,1.4112e+06,3.36e+07,1000000000,0.042,42,0.8
24,2,12176024000000,338660,0.123197,8.11706,1.65289,2.9282e+08,4.84e+08,1000000000,0.605,605,0.8
24,0,12176025000000,342660,0.122016,8.19565,45.4545,1.936e+06,8.8e+07,4000000000,0.022,22,1
24,2,12176026000000,343660,0.122551,8.15984,3.26797,7.49088e+07,2.448e+08,1000000000,0.306,306,0.8
24,0,12176027000000,347660,0.122229,8.18139,10.582,3.5721e+07,3.78e+08,4000000000,0.0945,94.5,1
24,1,12176028000000,349660,0.12189,8.20413,15.873,7.1442e+06,1.134e+08,2000000000,0.063,63,0.9
24,2,12176029000000,350660,0.12335,8.107,1.57729,3.21565e+08,5.072e+08,1000000000,0.634,634,0.8
24,0,12176030000000,354660,0.122218,8.18207,43.4783,2.116e+06,9.2e+07,4000000000,0.023,23,1
24,2,12176031000000,355660,0.122375,8.17158,5.61798,2.53472e+07,1.424e+08,1000000000,0.178,178,0.8
24,0,12176032000000,359660,0.12241,8.16926,7.96813,6.3001e+07,5.02e+08,4000000000,0.1255,125.5,1
24,1,12176033000000,361660,0.122098,8.19014,15.1515,7.8408e+06,1.188e+08,2000000000,0.066,66,0.9
24,2,12176034000000,362660,0.123405,8.10341,1.67785,2.84173e+08,4.768e+08,1000000000,0.596,596,0.8
24,0,12176035000000,366660,0.122408,8.16942,31.25,4.096e+06,1.28e+08,4000000000,0.032,32,1
24,2,12176036000000,367660,0.122252,8.17986,15.3846,3.38e+06,5.2e+07,1000000000,0.065,65,0.8
24,1,12176037000000,369660,0.123243,8.11405,3.27332,1.67994e+08,5.499e+08,2000000000,0.3055,305.5,0.9
24,1,12176038000000,371660,0.122924,8.1351,15.625,7.3728e+06,1.152e+08,2000000000,0.064,64,0.9
24,1,12176039000000,373660,0.123979,8.06588,3.125,1.8432e+08,5.76e+08,2000000000,0.32,320,0.9
24,0,12176040000000,377660,0.123063,8.12591,26.6667,5.625e+06,1.5e+08,4000000000,0.0375,37.5,1
24,2,12176041000000,378660,0.123419,8.10245,3.87597,5.32512e+07,2.064e+08,1000000000,0.258,258,0.8
24,0,12176042000000,382660,0.12306,8.12614,11.236,3.1684e+07,3.56e+08,4000000000,0.089,89,1
24,2,12176043000000,383660,0.123046,8.12701,8.47458,1.11392e+07,9.44e+07,1000000000,0.118,118,0.8
24,1,12176044000000,385660,0.124094,8.05842,3.07692,1.90125e+08,5.85e+08,2000000000,0.325,325,0.9
24,0,12176045000000,389660,0.123189,8.11758,27.7778,5.184e+06,1.44e+08,4000000000,0.036,36,1
24,2,12176046000000,390660,0.123867,8.07316,2.57732,1.20435e+08,3.104e+08,1000000000,0.388,388,0.8
24,0,12176047000000,394660,0.123261,8.1129,15.625,1.6384e+07,2.56e+08,4000000000,0.064,64,1
24,2,12176048000000,395660,0.123197,8.1171,10.2041,7.6832e+06,7.84e+07,1000000000,0.098,98,0.8
24,1,12176049000000,397660,0.124212,8.05078,3.07692,1.90125e+08,5.85e+08,2000000000,0.325,325,0.9
24,0,12176050000000,401660,0.123323,8.10877,28.5714,4.9e+06,1.4e+08,4000000000,0.035,35,1
24,2,12176051000000,402660,0.124189,8.05223,2.11864,1.78227e+08,3.776e+08,1000000000,0.472,472,0.8
24,0,12176052000000,406660,0.123351,8.10693,25.641,6.084e+06,1.56e+08,4000000000,0.039,39,1
24,2,12176053000000,407660,0.123338,8.1078,8.47458,1.11392e+07,9.44e+07,1000000000,0.118,118,0.8
24,2,12176054000000,408660,0.124627,8.02395,1.53846,3.38e+08,5.2e+08,1000000000,0.65,650,0.8
24,0,12176055000000,408896,0.124604,8.02544,11.8,2.87274e+07,3.38983e+08,4000000000,0.0847458,5,1
24,2,12176056000000,408896,0.124604,8.02544,0,-nan,-nan,1000000000,-nan,0,0.8
24,0,12176057000000,408896,0.124604,8.02544,0,-nan,-nan,4000000000,-nan,0,1
25,2,10881501000000,969,0.00103199,969,969,852.006,825593,1000000000,0.00103199,1,0.8
25,2,12175902000000,53095,0.113043,8.84622,8.68622,1.0603e+07,9.20999e+07,1000000000,0.115125,6001,0.8
25,0,12175903000000,57095,0.105193,9.50633,1000,4000,4e+06,4000000000,0.001,1,1
25,2,12175904000000,58095,0.103382,9.67283,0,0,0,1000000000,0,0,0.8
25,2,12175905000000,59095,0.108063,9.25384,2.63158,1.1552e+08,3.04e+08,1000000000,0.38,380,0.8
25,0,12175906000000,63095,0.103146,9.69499,32.7869,3.721e+06,1.22e+08,4000000000,0.0305,30.5,1
25,2,12175907000000,64095,0.107684,9.28644,2.53807,1.24189e+08,3.152e+08,1000000000,0.394,394,0.8
25,0,12175908000000,68095,0.104354,9.58275,19.6078,1.0404e+07,2.04e+08,4000000000,0.051,51,1
25,2,12175909000000,69095,0.104552,9.56465,8.47458,1.11392e+07,9.44e+07,1000000000,0.118,118,0.8
25,1,12175910000000,71095,0.110753,9.02908,3.07692,1.90125e+08,5.85e+08,2000000000,0.325,325,0.9
25,0,12175911000000,75095,0.106771,9.3658,27.7778,5.184e+06,1.44e+08,4000000000,0.036,36,1
25,2,12175912000000,76095,0.111243,8.98937,2.23714,1.59847e+08,3.576e+08,1000000000,0.447,447,0.8
25,0,12175913000000,80095,0.107997,9.25954,21.6216,8.55625e+06,1.85e+08,4000000000,0.04625,46.25,1
25,2,12175914000000,81095,0.10812,9.24897,8.47458,1.11392e+07,9.44e+07,1000000000,0.118,118,0.8
25,1,12175915000000,83095,0.113436,8.81551,3.03951,1.94834e+08,5.922e+08,2000000000,0.329,329,0.9
25,0,12175916000000,87095,0.109834,9.10464,28.5714,4.9e+06,1.4e+08,4000000000,0.035,35,1
25,2,12175917000000,88095,0.113786,8.78841,2.18341,1.67811e+08,3.664e+08,1000000000,0.458,458,0.8
25,0,12175918000000,92095,0.11056,9.04488,25.3165,6.241e+06,1.58e+08,4000000000,0.0395,39.5,1
25,2,12175919000000,93095,0.110597,9.04186,8.77193,1.03968e+07,9.12e+07,1000000000,0.114,114,0.8
25,1,12175920000000,95095,0.115274,8.67497,3.003,1.996e+08,5.994e+08,2000000000,0.333,333,0.9
25,0,12175921000000,99095,0.112155,8.91623,26.3158,5.776e+06,1.52e+08,4000000000,0.038,38,1
25,2,12175922000000,100095,0.11571,8.64229,2.13675,1.75219e+08,3.744e+08,1000000000,0.468,468,0.8
25,0,12175923000000,104095,0.11257,8.88334,29.4118,4.624e+06,1.36e+08,4000000000,0.034,34,1
25,2,12175924000000,105095,0.112584,8.88227,8.77193,1.03968e+07,9.12e+07,1000000000,0.114,114,0.8
25,1,12175925000000,107095,0.1167,8.56897,3.003,1.996e+08,5.994e+08,2000000000,0.333,333,0.9
25,0,12175926000000,111095,0.113867,8.78221,26.3158,5.776e+06,1.52e+08,4000000000,0.038,38,1
25,2,12175927000000,112095,0.117061,8.54252,2.11864,1.78227e+08,3.776e+08,1000000000,0.472,472,0.8
25,0,12175928000000,116095,0.114165,8.75924,30.303,4.356e+06,1.32e+08,4000000000,0.033,33,1
25,2,12175929000000,117095,0.114164,8.75935,8.77193,1.03968e+07,9.12e+07,1000000000,0.114,114,0.8
25,1,12175930000000,119095,0.117839,8.48618,3.003,1.996e+08,5.994e+08,2000000000,0.333,333,0.9
25,0,12175931000000,123095,0.115244,8.67722,26.3158,5.776e+06,1.52e+08,4000000000,0.038,38,1
25,2,12175932000000,124095,0.118119,8.46603,2.11864,1.78227e+08,3.776e+08,1000000000,0.472,472,0.8
25,0,12175933000000,128095,0.115461,8.66092,30.303,4.356e+06,1.32e+08,4000000000,0.033,33,1
25,2,12175934000000,129095,0.11545,8.66177,8.77193,1.03968e+07,9.12e+07,1000000000,0.114,114,0.8
25,1,12175935000000,131095,0.118769,8.41972,3.003,1.996e+08,5.994e+08,2000000000,0.333,333,0.9
25,0,12175936000000,135095,0.116377,8.59274,26.3158,5.776e+06,1.52e+08,4000000000,0.038,38,1
25,2,12175937000000,136095,0.118998,8.40352,2.11416,1.78983e+08,3.784e+08,1000000000,0.473,473,0.8
25,0,12175938000000,140095,0.116535,8.5811,30.5344,4.29025e+06,1.31e+08,4000000000,0.03275,32.75,1
25,2,12175939000000,141095,0.116517,8.58242,8.77193,1.03968e+07,9.12e+07,1000000000,0.114,114,0.8
25,1,12175940000000,143095,0.119543,8.36519,3.003,1.996e+08,5.994e+08,2000000000,0.333,333,0.9
25,0,12175941000000,147095,0.117326,8.52329,26.3158,5.776e+06,1.52e+08,4000000000,0.038,38,1
25,2,12175942000000,148095,0.11972,8.35279,2.11864,1.78227e+08,3.776e+08,1000000000,0.472,472,0.8
25,0,12175943000000,152095,0.11744,8.515,30.303,4.356e+06,1.32e+08,4000000000,0.033,33,1
25,2,12175944000000,153095,0.117417,8.51663,8.77193,1.03968e+07,9.12e+07,1000000000,0.114,114,0.8
25,1,12175945000000,155095,0.120197,8.31965,3.003,1.996e+08,5.994e+08,2000000000,0.333,333,0.9
25,0,12175946000000,159095,0.118131,8.4652,26.3158,5.776e+06,1.52e+08,4000000000,0.038,38,1
25,2,12175947000000,160095,0.120341,8.30972,2.11864,1.78227e+08,3.776e+08,1000000000,0.472,472,0.8
25,0,12175948000000,164095,0.118212,8.45938,30.303,4.356e+06,1.32e+08,4000000000,0.033,33,1
25,2,12175949000000,165095,0.118186,8.4612,8.77193,1.03968e+07,9.12e+07,1000000000,0.114,114,0.8
25,1,12175950000000,167095,0.120758,8.28105,3.003,1.996e+08,5.994e+08,2000000000,0.333,333,0.9
25,0,12175951000000,171095,0.118823,8.41589,26.3158,5.776e+06,1.52e+08,4000000000,0.038,38,1
25,2,12175952000000,172095,0.120875,8.273,2.11864,1.78227e+08,3.776e+08,1000000000,0.472,472,0.8
25,0,12175953000000,176095,0.118879,8.41191,30.303,4.356e+06,1.32e+08,4000000000,0.033,33,1
25,2,12175954000000,177095,0.118722,8.42307,10.989,6.6248e+06,7.28e+07,1000000000,0.091,91,0.8
25,2,12175955000000,178095,0.118397,8.44613,16.3934,2.9768e+06,4.88e+07,1000000000,0.061,61,0.8
25,1,12175956000000,180095,0.117166,8.5349,133.333,101250,1.35e+07,2000000000,0.0075,7.5,0.9
25,2,12175957000000,181095,0.117541,8.5077,5.40541,2.738e+07,1.48e+08,1000000000,0.185,185,0.8
25,1,12175958000000,183095,0.116912,8.55344,16.6667,6.48e+06,1.08e+08,2000000000,0.06,60,0.9
25,1,12175959000000,185095,0.115714,8.64203,166.667,64800,1.08e+07,2000000000,0.006,6,0.9
25,2,12175960000000,186095,0.115989,8.6215,5.98802,2.23112e+07,1.336e+08,1000000000,0.167,167,0.8
25,1,12175961000000,188095,0.117909,8.48115,3.37268,1.58242e+08,5.337e+08,2000000000,0.2965,296.5,0.9
25,0,12175962000000,192095,0.116255,8.60178,25.974,5.929e+06,1.54e+08,4000000000,0.0385,38.5,1
25,2,12175963000000,193095,0.116533,8.58124,5.88235,2.312e+07,1.36e+08,1000000000,0.17,170,0.8
25,0,12175964000000,197095,0.116543,8.58054,8.54701,5.4756e+07,4.68e+08,4000000000,0.117,117,1
25,2,12175965000000,198095,0.116358,8.59414,12.5,5.12e+06,6.4e+07,1000000000,0.08,80,0.8
25,1,12175966000000,200095,0.118674,8.42647,2.87356,2.17987e+08,6.264e+08,2000000000,0.348,348,0.9
25,0,12175967000000,204095,0.117014,8.54598,29.4118,4.624e+06,1.36e+08,4000000000,0.034,34,1
25,2,12175968000000,205095,0.118145,8.46416,2.86533,9.74408e+07,2.792e+08,1000000000,0.349,349,0.8
25,0,12175969000000,209095,0.117239,8.52962,14.1343,2.00222e+07,2.83e+08,4000000000,0.07075,70.75,1
25,2,12175970000000,210095,0.117271,8.52727,8.06452,1.23008e+07,9.92e+07,1000000000,0.124,124,0.8
25,1,12175971000000,212095,0.119126,8.39448,3.18471,1.77473e+08,5.652e+08,2000000000,0.314,314,0.9
25,0,12175972000000,216095,0.117559,8.50634,28.9855,4.761e+06,1.38e+08,4000000000,0.0345,34.5,1
25,2,12175973000000,217095,0.119132,8.39404,2.17865,1.68545e+08,3.672e+08,1000000000,0.459,459,0.8
25,0,12175974000000,221095,0.117732,8.49385,23.9521,6.97225e+06,1.67e+08,4000000000,0.04175,41.75,1
25,2,12175975000000,222095,0.11785,8.48533,6.94444,1.65888e+07,1.152e+08,1000000000,0.144,144,0.8
25,1,12175976000000,224095,0.119686,8.35521,3.09119,1.88374e+08,5.823e+08,2000000000,0.3235,323.5,0.9
25,0,12175977000000,228095,0.118065,8.46992,36.6972,2.97025e+06,1.09e+08,4000000000,0.02725,27.25,1
25,2,12175978000000,229095,0.119448,8.37183,2.29885,1.5138e+08,3.48e+08,1000000000,0.435,435,0.8
25,0,12175979000000,233095,0.118209,8.45957,21.164,8.93025e+06,1.89e+08,4000000000,0.04725,47.25,1
25,2,12175980000000,234095,0.118174,8.46208,9.09091,9.68e+06,8.8e+07,1000000000,0.11,110,0.8
25,1,12175981000000,236095,0.120024,8.33169,2.97177,2.03818e+08,6.057e+08,2000000000,0.3365,336.5,0.9
25,0,12175982000000,240095,0.118574,8.43356,30.303,4.356e+06,1.32e+08,4000000000,0.033,33,1
25,2,12175983000000,241095,0.119965,8.33575,2.20264,1.64893e+08,3.632e+08,1000000000,0.454,454,0.8
25,0,12175984000000,245095,0.118721,8.42309,22.8571,7.65625e+06,1.75e+08,4000000000,0.04375,43.75,1
25,2,12175985000000,246095,0.118718,8.4233,8.47458,1.11392e+07,9.44e+07,1000000000,0.118,118,0.8
25,1,12175986000000,248095,0.120442,8.30277,3.00752,1.99001e+08,5.985e+08,2000000000,0.3325,332.5,0.9
25,0,12175987000000,252095,0.119058,8.39925,30.0752,4.42225e+06,1.33e+08,4000000000,0.03325,33.25,1
25,2,12175988000000,253095,0.120386,8.30664,2.1978,1.6562e+08,3.64e+08,1000000000,0.455,455,0.8
25,0,12175989000000,257095,0.119123,8.39466,25.4777,6.16225e+06,1.57e+08,4000000000,0.03925,39.25,1
25,2,12175990000000,258095,0.119088,8.39716,9.09091,9.68e+06,8.8e+07,1000000000,0.11,110,0.8
25,1,12175991000000,260095,0.12076,8.28091,2.97177,2.03818e+08,6.057e+08,2000000000,0.3365,336.5,0.9
25,0,12175992000000,264095,0.119404,8.37493,32,3.90625e+06,1.25e+08,4000000000,0.03125,31.25,1
25,2,12175993000000,265095,0.120708,8.28448,2.15054,1.7298e+08,3.72e+08,1000000000,0.465,465,0.8
25,0,12175994000000,269095,0.119519,8.36686,24.5399,6.64225e+06,1.63e+08,4000000000,0.04075,40.75,1
25,2,12175995000000,270095,0.119514,8.36726,8.47458,1.11392e+07,9.44e+07,1000000000,0.118,118,0.8
25,1,12175996000000,272095,0.121134,8.25531,2.94118,2.0808e+08,6.12e+08,2000000000,0.34,340,0.9
25,0,12175997000000,276095,0.119836,8.34477,31.746,3.969e+06,1.26e+08,4000000000,0.0315,31.5,1
25,2,12175998000000,277095,0.120995,8.26483,2.26757,1.55585e+08,3.528e+08,1000000000,0.441,441,0.8
25,0,12175999000000,281095,0.11991,8.33961,22.3464,8.01025e+06,1.79e+08,4000000000,0.04475,44.75,1
25,2,12176000000000,282095,0.119903,8.34008,8.47458,1.11392e+07,9.44e+07,1000000000,0.118,118,0.8
25,1,12176001000000,284095,0.121347,8.24085,3.07692,1.90125e+08,5.85e+08,2000000000,0.325,325,0.9
25,0,12176002000000,288095,0.120176,8.32115,27.027,5.476e+06,1.48e+08,4000000000,0.037,37,1
25,2,12176003000000,289095,0.121337,8.24149,2.19298,1.66349e+08,3.648e+08,1000000000,0.456,456,0.8
25,0,12176004000000,293095,0.120214,8.31853,25.641,6.084e+06,1.56e+08,4000000000,0.039,39,1
25,2,12176005000000,294095,0.120206,8.31905,8.47458,1.11392e+07,9.44e+07,1000000000,0.118,118,0.8
25,1,12176006000000,296095,0.123048,8.12689,1.84843,5.26826e+08,9.738e+08,2000000000,0.541,541,0.9
25,0,12176007000000,300095,0.121765,8.21256,37.3832,2.86225e+06,1.07e+08,4000000000,0.02675,26.75,1
25,2,12176008000000,301095,0.122267,8.17882,3.663,5.96232e+07,2.184e+08,1000000000,0.273,273,0.8
25,0,12176009000000,305095,0.121805,8.20986,11.4943,3.0276e+07,3.48e+08,4000000000,0.087,87,1
25,1,12176010000000,307095,0.121454,8.23355,14.7059,8.3232e+06,1.224e+08,2000000000,0.068,68,0.9
25,2,12176011000000,308095,0.123124,8.12187,1.57233,3.23597e+08,5.088e+08,1000000000,0.636,636,0.8
25,0,12176012000000,312095,0.122001,8.19663,28.169,5.041e+06,1.42e+08,4000000000,0.0355,35.5,1
25,2,12176013000000,313095,0.122247,8.18014,5.02513,3.16808e+07,1.592e+08,1000000000,0.199,199,0.8
25,1,12176014000000,315095,0.122801,8.14325,4.77327,7.90024e+07,3.771e+08,2000000000,0.2095,209.5,0.9
25,0,12176015000000,319095,0.121732,8.21478,26.6667,5.625e+06,1.5e+08,4000000000,0.0375,37.5,1
25,2,12176016000000,320095,0.123229,8.11497,1.66389,2.88961e+08,4.808e+08,1000000000,0.601,601,0.8
25,0,12176017000000,324095,0.122044,8.19374,36.6972,2.97025e+06,1.09e+08,4000000000,0.02725,27.25,1
25,2,12176018000000,325095,0.122026,8.19498,8.62069,1.07648e+07,9.28e+07,1000000000,0.116,116,0.8
25,1,12176019000000,327095,0.122992,8.13062,3.57143,1.4112e+08,5.04e+08,2000000000,0.28,280,0.9
25,0,12176020000000,331095,0.121953,8.19989,27.027,5.476e+06,1.48e+08,4000000000,0.037,37,1
25,2,12176021000000,332095,0.123239,8.11433,1.82149,2.41121e+08,4.392e+08,1000000000,0.549,549,0.8
25,0,12176022000000,336095,0.122355,8.17292,20.4082,9.604e+06,1.96e+08,4000000000,0.049,49,1
25,2,12176023000000,337095,0.122117,8.18887,23.8095,1.4112e+06,3.36e+07,1000000000,0.042,42,0.8
25,2,12176024000000,338095,0.123545,8.09421,1.65289,2.9282e+08,4.84e+08,1000000000,0.605,605,0.8
25,0,12176025000000,342095,0.122358,8.17275,45.4545,1.936e+06,8.8e+07,4000000000,0.022,22,1
25,2,12176026000000,343095,0.122893,8.13715,3.26797,7.49088e+07,2.448e+08,1000000000,0.306,306,0.8
25,0,12176027000000,347095,0.122566,8.15888,10.582,3.5721e+07,3.78e+08,4000000000,0.0945,94.5,1
25,1,12176028000000,349095,0.122225,8.18166,15.873,7.1442e+06,1.134e+08,2000000000,0.063,63,0.9
25,2,12176029000000,350095,0.123686,8.08496,1.57729,3.21565e+08,5.072e+08,1000000000,0.634,634,0.8
25,0,12176030000000,354095,0.122549,8.16,43.4783,2.116e+06,9.2e+07,4000000000,0.023,23,1
25,2,12176031000000,355095,0.122705,8.14961,5.61798,2.53472e+07,1.424e+08,1000000000,0.178,178,0.8
25,0,12176032000000,359095,0.122736,8.14755,7.96813,6.3001e+07,5.02e+08,4000000000,0.1255,125.5,1
25,1,12176033000000,361095,0.122422,8.16846,15.1515,7.8408e+06,1.188e+08,2000000000,0.066,66,0.9
25,2,12176034000000,362095,0.12373,8.08212,1.67785,2.84173e+08,4.768e+08,1000000000,0.596,596,0.8
25,0,12176035000000,366095,0.122728,8.14812,31.25,4.096e+06,1.28e+08,4000000000,0.032,32,1
25,2,12176036000000,367095,0.12257,8.15857,15.3846,3.38e+06,5.2e+07,1000000000,0.065,65,0.8
25,1,12176037000000,369095,0.123562,8.09312,3.27332,1.67994e+08,5.499e+08,2000000000,0.3055,305.5,0.9
25,1,12176038000000,371095,0.123241,8.1142,15.625,7.3728e+06,1.152e+08,2000000000,0.064,64,0.9
25,1,12176039000000,373095,0.124295,8.04535,3.125,1.8432e+08,5.76e+08,2000000000,0.32,320,0.9
25,0,12176040000000,377095,0.123375,8.10539,26.6667,5.625e+06,1.5e+08,4000000000,0.0375,37.5,1
25,2,12176041000000,378095,0.123731,8.08206,3.87597,5.32512e+07,2.064e+08,1000000000,0.258,258,0.8
25,0,12176042000000,382095,0.123367,8.10588,11.236,3.1684e+07,3.56e+08,4000000000,0.089,89,1
25,2,12176043000000,383095,0.123353,8.1068,8.47458,1.11392e+07,9.44e+07,1000000000,0.118,118,0.8
25,1,12176044000000,385095,0.1244,8.03855,3.07692,1.90125e+08,5.85e+08,2000000000,0.325,325,0.9
25,0,12176045000000,389095,0.123492,8.09771,27.7778,5.184e+06,1.44e+08,4000000000,0.036,36,1
25,2,12176046000000,390095,0.12417,8.05349,2.57732,1.20435e+08,3.104e+08,1000000000,0.388,388,0.8
25,0,12176047000000,394095,0.123559,8.0933,15.625,1.6384e+07,2.56e+08,4000000000,0.064,64,1
25,2,12176048000000,395095,0.123494,8.09754,10.2041,7.6832e+06,7.84e+07,1000000000,0.098,98,0.8
25,1,12176049000000,397095,0.124509,8.03153,3.07692,1.90125e+08,5.85e+08,2000000000,0.325,325,0.9
25,0,12176050000000,401095,0.123617,8.08953,28.5714,4.9e+06,1.4e+08,4000000000,0.035,35,1
25,2,12176051000000,402095,0.124483,8.03322,2.11864,1.78227e+08,3.776e+08,1000000000,0.472,472,0.8
25,0,12176052000000,406095,0.123641,8.08793,25.641,6.084e+06,1.56e+08,4000000000,0.039,39,1
25,2,12176053000000,407095,0.123627,8.08884,8.47458,1.11392e+07,9.44e+07,1000000000,0.118,118,0.8
25,2,12176054000000,408095,0.124917,8.00532,1.53846,3.38e+08,5.2e+08,1000000000,0.65,650,0.8
25,0,12176055000000,408331,0.124894,8.0068,11.8,2.87274e+07,3.38983e+08,4000000000,0.0847458,5,1
25,2,12176056000000,408331,0.124894,8.0068,0,-nan,-nan,1000000000,-nan,0,0.8
25,0,12176057000000,408331,0.124894,8.0068,0,-nan,-nan,4000000000,-nan,0,1
26,2,10881501000000,899,0.00111235,899,899,989.853,889878,1000000000,0.00111235,1,0.8
26,2,12175902000000,53095,0.113043,8.84622,8.69788,1.05746e+07,9.19764e+07,1000000000,0.11497,6001,0.8
26,0,12175903000000,57095,0.105193,9.50633,1000,4000,4e+06,4000000000,0.001,1,1
26,2,12175904000000,58095,0.103382,9.67283,0,0,0,1000000000,0,0,0.8
26,2,12175905000000,59095,0.108063,9.25384,2.63158,1.1552e+08,3.04e+08,1000000000,0.38,380,0.8
26,0,12175906000000,63095,0.103146,9.69499,32.7869,3.721e+06,1.22e+08,4000000000,0.0305,30.5,1
26,2,12175907000000,64095,0.107684,9.28644,2.53807,1.24189e+08,3.152e+08,1000000000,0.394,394,0.8
26,0,12175908000000,68095,0.104354,9.58275,19.6078,1.0404e+07,2.04e+08,4000000000,0.051,51,1
26,2,12175909000000,69095,0.104552,9.56465,8.47458,1.11392e+07,9.44e+07,1000000000,0.118,118,0.8
26,1,12175910000000,71095,0.110753,9.02908,3.07692,1.90125e+08,5.85e+08,2000000000,0.325,325,0.9
26,0,12175911000000,75095,0.106771,9.3658,27.7778,5.184e+06,1.44e+08,4000000000,0.036,36,1
26,2,12175912000000,76095,0.111243,8.98937,2.23714,1.59847e+08,3.576e+08,1000000000,0.447,447,0.8
26,0,12175913000000,80095,0.107997,9.25954,21.6216,8.55625e+06,1.85e+08,4000000000,0.04625,46.25,1
26,2,12175914000000,81095,0.10812,9.24897,8.47458,1.11392e+07,9.44e+07,1000000000,0.118,118,0.8
26,1,12175915000000,83095,0.113436,8.81551,3.03951,1.94834e+08,5.922e+08,2000000000,0.329,329,0.9
26,0,12175916000000,87095,0.109834,9.10464,28.5714,4.9e+06,1.4e+08,4000000000,0.035,35,1
26,2,12175917000000,88095,0.113786,8.78841,2.18341,1.67811e+08,3.664e+08,1000000000,0.458,458,0.8
26,0,12175918000000,92095,0.11056,9.04488,25.3165,6.241e+06,1.58e+08,4000000000,0.0395,39.5,1
26,2,12175919000000,93095,0.110597,9.04186,8.77193,1.03968e+07,9.12e+07,1000000000,0.114,114,0.8
26,1,12175920000000,95095,0.115274,8.67497,3.003,1.996e+08,5.994e+08,2000000000,0.333,333,0.9
26,0,12175921000000,99095,0.112155,8.91623,26.3158,5.776e+06,1.52e+08,4000000000,0.038,38,1
26,2,12175922000000,100095,0.11571,8.64229,2.13675,1.75219e+08,3.744e+08,1000000000,0.468,468,0.8
26,0,12175923000000,104095,0.11257,8.88334,29.4118,4.624e+06,1.36e+08,4000000000,0.034,34,1
26,2,12175924000000,105095,0.112584,8.88227,8.77193,1.03968e+07,9.12e+07,1000000000,0.114,114,0.8
26,1,12175925000000,107095,0.1167,8.56897,3.003,1.996e+08,5.994e+08,2000000000,0.333,333,0.9
26,0,12175926000000,111095,0.113867,8.78221,26.3158,5.776e+06,1.52e+08,4000000000,0.038,38,1
26,2,12175927000000,112095,0.117061,8.54252,2.11864,1.78227e+08,3.776e+08,1000000000,0.472,472,0.8
26,0,12175928000000,116095,0.114165,8.75924,30.303,4.356e+06,1.32e+08,4000000000,0.033,33,1
26,2,12175929000000,117095,0.114164,8.75935,8.77193,1.03968e+07,9.12e+07,1000000000,0.114,114,0.8
26,1,12175930000000,119095,0.117839,8.48618,3.003,1.996e+08,5.994e+08,2000000000,0.333,333,0.9
26,0,12175931000000,123095,0.115244,8.67722,26.3158,5.776e+06,1.52e+08,4000000000,0.038,38,1
26,2,12175932000000,124095,0.118119,8.46603,2.11864,1.78227e+08,3.776e+08,1000000000,0.472,472,0.8
26,0,12175933000000,128095,0.115461,8.66092,30.303,4.356e+06,1.32e+08,4000000000,0.033,33,1
26,2,12175934000000,129095,0.11545,8.66177,8.77193,1.03968e+07,9.12e+07,1000000000,0.114,114,0.8
26,1,12175935000000,131095,0.118769,8.41972,3.003,1.996e+08,5.994e+08,2000000000,0.333,333,0.9
26,0,12175936000000,135095,0.116377,8.59274,26.3158,5.776e+06,1.52e+08,4000000000,0.038,38,1
26,2,12175937000000,136095,0.118998,8.40352,2.11416,1.78983e+08,3.784e+08,1000000000,0.473,473,0.8
26,0,12175938000000,140095,0.116535,8.5811,30.5344,4.29025e+06,1.31e+08,4000000000,0.03275,32.75,1
26,2,12175939000000,141095,0.116517,8.58242,8.77193,1.03968e+07,9.12e+07,1000000000,0.114,114,0.8
26,1,12175940000000,143095,0.119543,8.36519,3.003,1.996e+08,5.994e+08,2000000000,0.333,333,0.9
26,0,12175941000000,147095,0.117326,8.52329,26.3158,5.776e+06,1.52e+08,4000000000,0.038,38,1
26,2,12175942000000,148095,0.11972,8.35279,2.11864,1.78227e+08,3.776e+08,1000000000,0.472,472,0.8
26,0,12175943000000,152095,0.11744,8.515,30.303,4.356e+06,1.32e+08,4000000000,0.033,33,1
26,2,12175944000000,153095,0.117417,8.51663,8.77193,1.03968e+07,9.12e+07,1000000000,0.114,114,0.8
26,1,12175945000000,155095,0.120197,8.31965,3.003,1.996e+08,5.994e+08,2000000000,0.333,333,0.9
26,0,12175946000000,159095,0.118131,8.4652,26.3158,5.776e+06,1.52e+08,4000000000,0.038,38,1
26,2,12175947000000,160095,0.120341,8.30972,2.11864,1.78227e+08,3.776e+08,1000000000,0.472,472,0.8
26,0,12175948000000,164095,0.118212,8.45938,30.303,4.356e+06,1.32e+08,4000000000,0.033,33,1
26,2,12175949000000,165095,0.118186,8.4612,8.77193,1.03968e+07,9.12e+07,1000000000,0.114,114,0.8
26,1,12175950000000,167095,0.120758,8.28105,3.003,1.996e+08,5.994e+08,2000000000,0.333,333,0.9
26,0,12175951000000,171095,0.118823,8.41589,26.3158,5.776e+06,1.52e+08,4000000000,0.038,38,1
26,2,12175952000000,172095,0.120875,8.273,2.11864,1.78227e+08,3.776e+08,1000000000,0.472,472,0.8
26,0,12175953000000,176095,0.118879,8.41191,30.303,4.356e+06,1.32e+08,4000000000,0.033,33,1
26,2,12175954000000,177095,0.118722,8.42307,10.989,6.6248e+06,7.28e+07,1000000000,0.091,91,0.8
26,2,12175955000000,178095,0.118397,8.44613,16.3934,2.9768e+06,4.88e+07,1000000000,0.061,61,0.8
26,1,12175956000000,180095,0.117166,8.5349,133.333,101250,1.35e+07,2000000000,0.0075,7.5,0.9
26,2,12175957000000,181095,0.117541,8.5077,5.40541,2.738e+07,1.48e+08,1000000000,0.185,185,0.8
26,1,12175958000000,183095,0.116912,8.55344,16.6667,6.48e+06,1.08e+08,2000000000,0.06,60,0.9
26,1,12175959000000,185095,0.115714,8.64203,166.667,64800,1.08e+07,2000000000,0.006,6,0.9
26,2,12175960000000,186095,0.115989,8.6215,5.98802,2.23112e+07,1.336e+08,1000000000,0.167,167,0.8
26,1,12175961000000,188095,0.117988,8.47542,3.28947,1.66349e+08,5.472e+08,2000000000,0.304,304,0.9
26,0,12175962000000,192095,0.116203,8.60564,31.0078,4.16025e+06,1.29e+08,4000000000,0.03225,32.25,1
26,2,12175963000000,193095,0.116057,8.61647,11.3636,6.1952e+06,7.04e+07,1000000000,0.088,88,0.8
26,0,12175964000000,197095,0.116604,8.57606,6.99301,8.1796e+07,5.72e+08,4000000000,0.143,143,1
26,2,12175965000000,198095,0.116535,8.58111,9.70874,8.4872e+06,8.24e+07,1000000000,0.103,103,0.8
26,1,12175966000000,200095,0.118614,8.43073,3.08166,1.8954e+08,5.841e+08,2000000000,0.3245,324.5,0.9
26,0,12175967000000,204095,0.116946,8.55099,29.8507,4.489e+06,1.34e+08,4000000000,0.0335,33.5,1
26,2,12175968000000,205095,0.118014,8.4736,2.97619,9.03168e+07,2.688e+08,1000000000,0.336,336,0.8
26,0,12175969000000,209095,0.117105,8.53937,14.1844,1.9881e+07,2.82e+08,4000000000,0.0705,70.5,1
26,2,12175970000000,210095,0.11709,8.54045,8.77193,1.03968e+07,9.12e+07,1000000000,0.114,114,0.8
26,1,12175971000000,212095,0.119145,8.39315,2.98507,2.02005e+08,6.03e+08,2000000000,0.335,335,0.9
26,0,12175972000000,216095,0.117559,8.50634,29.8507,4.489e+06,1.34e+08,4000000000,0.0335,33.5,1
26,2,12175973000000,217095,0.118883,8.4116,2.46914,1.3122e+08,3.24e+08,1000000000,0.405,405,0.8
26,0,12175974000000,221095,0.11775,8.49255,17.7778,1.26562e+07,2.25e+08,4000000000,0.05625,56.25,1
26,2,12175975000000,222095,0.11785,8.48533,7.14286,1.568e+07,1.12e+08,1000000000,0.14,140,0.8
26,1,12175976000000,224095,0.11953,8.36612,3.26797,1.68545e+08,5.508e+08,2000000000,0.306,306,0.9
26,0,12175977000000,228095,0.118109,8.46678,25.974,5.929e+06,1.54e+08,4000000000,0.0385,38.5,1
26,2,12175978000000,229095,0.119549,8.36479,2.23214,1.60563e+08,3.584e+08,1000000000,0.448,448,0.8
26,0,12175979000000,233095,0.118209,8.45957,24.0964,6.889e+06,1.66e+08,4000000000,0.0415,41.5,1
26,2,12175980000000,234095,0.118208,8.45963,8.47458,1.11392e+07,9.44e+07,1000000000,0.118,118,0.8
26,1,12175981000000,236095,0.120058,8.32933,2.97177,2.03818e+08,6.057e+08,2000000000,0.3365,336.5,0.9
26,0,12175982000000,240095,0.118611,8.43089,30.0752,4.42225e+06,1.33e+08,4000000000,0.03325,33.25,1
26,2,12175983000000,241095,0.119994,8.33374,2.21239,1.63443e+08,3.616e+08,1000000000,0.452,452,0.8
26,0,12175984000000,245095,0.118787,8.41846,21.7391,8.464e+06,1.84e+08,4000000000,0.046,46,1
26,2,12175985000000,246095,0.118889,8.4112,6.94444,1.65888e+07,1.152e+08,1000000000,0.144,144,0.8
26,1,12175986000000,248095,0.120381,8.30694,3.28947,1.66349e+08,5.472e+08,2000000000,0.304,304,0.9
26,0,12175987000000,252095,0.11905,8.39981,27.3973,5.329e+06,1.46e+08,4000000000,0.0365,36.5,1
26,2,12175988000000,253095,0.120441,8.30282,2.12314,1.77473e+08,3.768e+08,1000000000,0.471,471,0.8
26,0,12175989000000,257095,0.119123,8.39466,27.972,5.11225e+06,1.43e+08,4000000000,0.03575,35.75,1
26,2,12175990000000,258095,0.119119,8.39497,8.47458,1.11392e+07,9.44e+07,1000000000,0.118,118,0.8
26,1,12175991000000,260095,0.12079,8.2788,2.97177,2.03818e+08,6.057e+08,2000000000,0.3365,336.5,0.9
26,0,12175992000000,264095,0.119465,8.37068,30.0752,4.42225e+06,1.33e+08,4000000000,0.03325,33.25,1
26,2,12175993000000,265095,0.120753,8.28137,2.1692,1.70017e+08,3.688e+08,1000000000,0.461,461,0.8
26,0,12175994000000,269095,0.119579,8.3627,23.9521,6.97225e+06,1.67e+08,4000000000,0.04175,41.75,1
26,2,12175995000000,270095,0.119514,8.36726,9.80392,8.3232e+06,8.16e+07,1000000000,0.102,102,0.8
26,1,12175996000000,272095,0.121083,8.25882,3.003,1.996e+08,5.994e+08,2000000000,0.333,333,0.9
26,0,12175997000000,276095,0.119836,8.34477,28.5714,4.9e+06,1.4e+08,4000000000,0.035,35,1
26,2,12175998000000,277095,0.121114,8.2567,2.1097,1.79741e+08,3.792e+08,1000000000,0.474,474,0.8
26,0,12175999000000,281095,0.119881,8.34159,28.9855,4.761e+06,1.38e+08,4000000000,0.0345,34.5,1
26,2,12176000000000,282095,0.119846,8.34403,9.09091,9.68e+06,8.8e+07,1000000000,0.11,110,0.8
26,1,12176001000000,284095,0.121403,8.23703,2.93255,2.09306e+08,6.138e+08,2000000000,0.341,341,0.9
26,0,12176002000000,288095,0.120176,8.32115,30.303,4.356e+06,1.32e+08,4000000000,0.033,33,1
26,2,12176003000000,289095,0.121317,8.2429,2.22222,1.62e+08,3.6e+08,1000000000,0.45,450,0.8
26,0,12176004000000,293095,0.120241,8.31664,23.5294,7.225e+06,1.7e+08,4000000000,0.0425,42.5,1
26,2,12176005000000,294095,0.120233,8.31717,8.47458,1.11392e+07,9.44e+07,1000000000,0.118,118,0.8
26,1,12176006000000,296095,0.123045,8.12711,1.86393,5.18098e+08,9.657e+08,2000000000,0.5365,536.5,0.9
26,0,12176007000000,300095,0.121408,8.23667,4000,250,1e+06,4000000000,0.00025,0.25,1
26,2,12176008000000,301095,0.121374,8.23902,9.00901,9.8568e+06,8.88e+07,1000000000,0.111,111,0.8
26,0,12176009000000,305095,0.121818,8.20898,6.44122,9.64102e+07,6.21e+08,4000000000,0.15525,155.25,1
26,1,12176010000000,307095,0.121024,8.26279,0,0,0,2000000000,0,0,0.9
26,2,12176011000000,308095,0.120976,8.26612,9.43396,8.9888e+06,8.48e+07,1000000000,0.106,106,0.8
26,0,12176012000000,312095,0.121572,8.22558,5.97015,1.12225e+08,6.7e+08,4000000000,0.1675,167.5,1
26,2,12176013000000,313095,0.121497,8.23068,10.2041,7.6832e+06,7.84e+07,1000000000,0.098,98,0.8
26,1,12176014000000,315095,0.121884,8.20453,5.47945,5.99512e+07,3.285e+08,2000000000,0.1825,182.5,0.9
26,0,12176015000000,319095,0.121274,8.24577,13.6519,2.14622e+07,2.93e+08,4000000000,0.07325,73.25,1
26,2,12176016000000,320095,0.121358,8.2401,6.75676,1.75232e+07,1.184e+08,1000000000,0.148,148,0.8
26,0,12176017000000,324095,0.121761,8.21284,6.49351,9.4864e+07,6.16e+08,4000000000,0.154,154,1
26,2,12176018000000,325095,0.121731,8.21486,8.92857,1.00352e+07,8.96e+07,1000000000,0.112,112,0.8
26,1,12176019000000,327095,0.121634,8.22136,9.43396,2.02248e+07,1.908e+08,2000000000,0.106,106,0.9
26,0,12176020000000,331095,0.121494,8.23087,9.09091,4.84e+07,4.4e+08,4000000000,0.11,110,1
26,2,12176021000000,332095,0.121483,8.23158,8.47458,1.11392e+07,9.44e+07,1000000000,0.118,118,0.8
26,0,12176022000000,336095,0.122007,8.19624,6.0423,1.09561e+08,6.62e+08,4000000000,0.1655,165.5,1
26,2,12176023000000,337095,0.121832,8.20802,15.873,3.1752e+06,5.04e+07,1000000000,0.063,63,0.8
26,2,12176024000000,338095,0.121679,8.21836,14.2857,3.92e+06,5.6e+07,1000000000,0.07,70,0.8
26,0,12176025000000,342095,0.122089,8.19075,6.37959,9.82822e+07,6.27e+08,4000000000,0.15675,156.75,1
26,2,12176026000000,343095,0.122065,8.19234,8.77193,1.03968e+07,9.12e+07,1000000000,0.114,114,0.8
26,0,12176027000000,347095,0.122566,8.15888,6.0423,1.09561e+08,6.62e+08,4000000000,0.1655,165.5,1
26,1,12176028000000,349095,0.121864,8.20589,0,0,0,2000000000,0,0,0.9
26,2,12176029000000,350095,0.121818,8.20894,9.43396,8.9888e+06,8.48e+07,1000000000,0.106,106,0.8
26,0,12176030000000,354095,0.122301,8.17658,6.07903,1.08241e+08,6.58e+08,4000000000,0.1645,164.5,1
26,2,12176031000000,355095,0.122266,8.1789,9.09091,9.68e+06,8.8e+07,1000000000,0.11,110,0.8
26,0,12176032000000,359095,0.121926,8.2017,10.8992,3.36722e+07,3.67e+08,4000000000,0.09175,91.75,1
26,1,12176033000000,361095,0.122045,8.19367,6.96864,3.7066e+07,2.583e+08,2000000000,0.1435,143.5,0.9
26,2,12176034000000,362095,0.122161,8.1859,6.09756,2.15168e+07,1.312e+08,1000000000,0.164,164,0.8
26,0,12176035000000,366095,0.122476,8.16484,6.62252,9.1204e+07,6.04e+08,4000000000,0.151,151,1
26,2,12176036000000,367095,0.122412,8.1691,10.101,7.8408e+06,7.92e+07,1000000000,0.099,99,0.8
26,1,12176037000000,369095,0.122142,8.18719,13.7931,9.46125e+06,1.305e+08,2000000000,0.0725,72.5,0.9
26,1,12176038000000,371095,0.122885,8.13769,3.84615,1.2168e+08,4.68e+08,2000000000,0.26,260,0.9
26,1,12176039000000,373095,0.122677,8.15152,11.9048,1.27008e+07,1.512e+08,2000000000,0.084,84,0.9
26,0,12176040000000,377095,0.122977,8.1316,6.62252,9.1204e+07,6.04e+08,4000000000,0.151,151,1
26,2,12176041000000,378095,0.122953,8.13317,8.77193,1.03968e+07,9.12e+07,1000000000,0.114,114,0.8
26,0,12176042000000,382095,0.123082,8.12467,7.39372,7.31702e+07,5.41e+08,4000000000,0.13525,135.25,1
26,2,12176043000000,383095,0.123087,8.12434,8,1.25e+07,1e+08,1000000000,0.125,125,0.8
26,1,12176044000000,385095,0.122785,8.1443,15.3846,7.605e+06,1.17e+08,2000000000,0.065,65,0.9
26,0,12176045000000,389095,0.123152,8.12002,6.30915,1.00489e+08,6.34e+08,4000000000,0.1585,158.5,1
26,2,12176046000000,390095,0.123108,8.12292,9.43396,8.9888e+06,8.48e+07,1000000000,0.106,106,0.8
26,0,12176047000000,394095,0.123529,8.09529,6.07903,1.08241e+08,6.58e+08,4000000000,0.1645,164.5,1
26,2,12176048000000,395095,0.123216,8.11583,0,0,0,1000000000,0,0,0.8
26,1,12176049000000,397095,0.122905,8.13636,16.2602,6.80805e+06,1.107e+08,2000000000,0.0615,61.5,0.9
26,0,12176050000000,401095,0.123317,8.10915,6.08828,1.07912e+08,6.57e+08,4000000000,0.16425,164.25,1
26,2,12176051000000,402095,0.123254,8.1133,10.2041,7.6832e+06,7.84e+07,1000000000,0.098,98,0.8
26,0,12176052000000,406095,0.123661,8.08664,6.07903,1.08241e+08,6.58e+08,4000000000,0.1645,164.5,1
26,2,12176053000000,407095,0.123362,8.10623,500,3200,1.6e+06,1000000000,0.002,2,0.8
26,2,12176054000000,408095,0.123417,8.10259,6.84932,1.70528e+07,1.168e+08,1000000000,0.146,146,0.8
26,0,12176055000000,410318,0.124289,8.04577,3.51741,3.23307e+08,1.1372e+09,4000000000,0.2843,158,1
26,2,12176056000000,410318,0.124289,8.04577,0,-nan,-nan,1000000000,-nan,0,0.8
26,0,12176057000000,410318,0.124289,8.04577,0,-nan,-nan,4000000000,-nan,0,1
27,2,10881501000000,829,0.00120627,829,829,1164.07,965018,1000000000,0.00120627,1,0.8
27,2,12175902000000,52885,0.113492,8.81123,8.67455,1.06315e+07,9.22238e+07,1000000000,0.11528,6001,0.8
27,0,12175903000000,56885,0.105581,9.47136,1000,4000,4e+06,4000000000,0.001,1,1
27,2,12175904000000,57885,0.103757,9.63786,0,0,0,1000000000,0,0,0.8
27,2,12175905000000,58885,0.108449,9.22095,2.63158,1.1552e+08,3.04e+08,1000000000,0.38,380,0.8
27,0,12175906000000,62885,0.10349,9.66272,32.7869,3.721e+06,1.22e+08,4000000000,0.0305,30.5,1
27,2,12175907000000,63885,0.108038,9.25601,2.53807,1.24189e+08,3.152e+08,1000000000,0.394,394,0.8
27,0,12175908000000,67885,0.104677,9.55319,19.6078,1.0404e+07,2.04e+08,4000000000,0.051,51,1
27,2,12175909000000,68885,0.10487,9.53558,8.47458,1.11392e+07,9.44e+07,1000000000,0.118,118,0.8
27,1,12175910000000,70885,0.111081,9.00241,3.07692,1.90125e+08,5.85e+08,2000000000,0.325,325,0.9
27,0,12175911000000,74885,0.107071,9.33961,27.7778,5.184e+06,1.44e+08,4000000000,0.036,36,1
27,2,12175912000000,75885,0.11155,8.96456,2.23714,1.59847e+08,3.576e+08,1000000000,0.447,447,0.8
27,0,12175913000000,79885,0.108281,9.23526,21.6216,8.55625e+06,1.85e+08,4000000000,0.04625,46.25,1
27,2,12175914000000,80885,0.108401,9.22502,8.47458,1.11392e+07,9.44e+07,1000000000,0.118,118,0.8
27,1,12175915000000,82885,0.113724,8.79323,3.03951,1.94834e+08,5.922e+08,2000000000,0.329,329,0.9
27,0,12175916000000,86885,0.1101,9.08269,28.5714,4.9e+06,1.4e+08,4000000000,0.035,35,1
27,2,12175917000000,87885,0.114058,8.76746,2.18341,1.67811e+08,3.664e+08,1000000000,0.458,458,0.8
27,0,12175918000000,91885,0.110812,9.02426,25.3165,6.241e+06,1.58e+08,4000000000,0.0395,39.5,1
27,2,12175919000000,92885,0.110847,9.02146,8.77193,1.03968e+07,9.12e+07,1000000000,0.114,114,0.8
27,1,12175920000000,94885,0.115529,8.65581,3.003,1.996e+08,5.994e+08,2000000000,0.333,333,0.9
27,0,12175921000000,98885,0.112393,8.89734,26.3158,5.776e+06,1.52e+08,4000000000,0.038,38,1
27,2,12175922000000,99885,0.115953,8.62416,2.13675,1.75219e+08,3.744e+08,1000000000,0.468,468,0.8
27,0,12175923000000,103885,0.112798,8.86542,29.4118,4.624e+06,1.36e+08,4000000000,0.034,34,1
27,2,12175924000000,104885,0.112809,8.86452,8.77193,1.03968e+07,9.12e+07,1000000000,0.114,114,0.8
27,1,12175925000000,106885,0.116929,8.55217,3.003,1.996e+08,5.994e+08,2000000000,0.333,333,0.9
27,0,12175926000000,110885,0.114082,8.76561,26.3158,5.776e+06,1.52e+08,4000000000,0.038,38,1
27,2,12175927000000,111885,0.117281,8.52652,2.11864,1.78227e+08,3.776e+08,1000000000,0.472,472,0.8
27,0,12175928000000,115885,0.114372,8.7434,30.303,4.356e+06,1.32e+08,4000000000,0.033,33,1
27,2,12175929000000,116885,0.114369,8.74364,8.77193,1.03968e+07,9.12e+07,1000000000,0.114,114,0.8
27,1,12175930000000,118885,0.118047,8.47121,3.003,1.996e+08,5.994e+08,2000000000,0.333,333,0.9
27,0,12175931000000,122885,0.115441,8.66241,26.3158,5.776e+06,1.52e+08,4000000000,0.038,38,1
27,2,12175932000000,123885,0.118319,8.4517,2.11864,1.78227e+08,3.776e+08,1000000000,0.472,472,0.8
27,0,12175933000000,127885,0.115651,8.64672,30.303,4.356e+06,1.32e+08,4000000000,0.033,33,1
27,2,12175934000000,128885,0.115638,8.64768,8.77193,1.03968e+07,9.12e+07,1000000000,0.114,114,0.8
27,1,12175935000000,130885,0.118959,8.40623,3.003,1.996e+08,5.994e+08,2000000000,0.333,333,0.9
27,0,12175936000000,134885,0.116559,8.57938,26.3158,5.776e+06,1.52e+08,4000000000,0.038,38,1
27,2,12175937000000,135885,0.119182,8.39055,2.11416,1.78983e+08,3.784e+08,1000000000,0.473,473,0.8
27,0,12175938000000,139885,0.11671,8.56823,30.5344,4.29025e+06,1.31e+08,4000000000,0.03275,32.75,1
27,2,12175939000000,140885,0.116691,8.56965,8.77193,1.03968e+07,9.12e+07,1000000000,0.114,114,0.8
27,1,12175940000000,142885,0.119719,8.35292,3.003,1.996e+08,5.994e+08,2000000000,0.333,333,0.9
27,0,12175941000000,146885,0.117493,8.51113,26.3158,5.776e+06,1.52e+08,4000000000,0.038,38,1
27,2,12175942000000,147885,0.11989,8.34095,2.11864,1.78227e+08,3.776e+08,1000000000,0.472,472,0.8
27,0,12175943000000,151885,0.117602,8.50325,30.303,4.356e+06,1.32e+08,4000000000,0.033,33,1
27,2,12175944000000,152885,0.117579,8.50495,8.77193,1.03968e+07,9.12e+07,1000000000,0.114,114,0.8
27,1,12175945000000,154885,0.12036,8.30839,3.003,1.996e+08,5.994e+08,2000000000,0.333,333,0.9
27,0,12175946000000,158885,0.118287,8.45403,26.3158,5.776e+06,1.52e+08,4000000000,0.038,38,1
27,2,12175947000000,159885,0.120499,8.29882,2.11864,1.78227e+08,3.776e+08,1000000000,0.472,472,0.8
27,0,12175948000000,163885,0.118363,8.44855,30.303,4.356e+06,1.32e+08,4000000000,0.033,33,1
27,2,12175949000000,164885,0.118337,8.45044,8.77193,1.03968e+07,9.12e+07,1000000000,0.114,114,0.8
27,1,12175950000000,166885,0.12091,8.27064,3.003,1.996e+08,5.994e+08,2000000000,0.333,333,0.9
27,0,12175951000000,170885,0.118969,8.40556,26.3158,5.776e+06,1.52e+08,4000000000,0.038,38,1
27,2,12175952000000,171885,0.121023,8.26291,2.11864,1.78227e+08,3.776e+08,1000000000,0.472,472,0.8
27,0,12175953000000,175885,0.119021,8.40188,30.303,4.356e+06,1.32e+08,4000000000,0.033,33,1
27,2,12175954000000,176885,0.118863,8.41308,10.989,6.6248e+06,7.28e+07,1000000000,0.091,91,0.8
27,2,12175955000000,177885,0.118537,8.43617,16.3934,2.9768e+06,4.88e+07,1000000000,0.061,61,0.8
27,1,12175956000000,179885,0.117303,8.52495,133.333,101250,1.35e+07,2000000000,0.0075,7.5,0.9
27,2,12175957000000,180885,0.117677,8.49784,5.40541,2.738e+07,1.48e+08,1000000000,0.185,185,0.8
27,1,12175958000000,182885,0.117046,8.54363,16.6667,6.48e+06,1.08e+08,2000000000,0.06,60,0.9
27,1,12175959000000,184885,0.115845,8.63223,166.667,64800,1.08e+07,2000000000,0.006,6,0.9
27,2,12175960000000,185885,0.11612,8.61177,5.98802,2.23112e+07,1.336e+08,1000000000,0.167,167,0.8
27,1,12175961000000,187885,0.11812,8.46596,3.28947,1.66349e+08,5.472e+08,2000000000,0.304,304,0.9
27,0,12175962000000,191885,0.11633,8.59623,31.0078,4.16025e+06,1.29e+08,4000000000,0.03225,32.25,1
27,2,12175963000000,192885,0.116183,8.6071,11.3636,6.1952e+06,7.04e+07,1000000000,0.088,88,0.8
27,0,12175964000000,196885,0.116728,8.56692,6.99301,8.1796e+07,5.72e+08,4000000000,0.143,143,1
27,2,12175965000000,197885,0.116659,8.57202,9.70874,8.4872e+06,8.24e+07,1000000000,0.103,103,0.8
27,1,12175966000000,199885,0.118738,8.42188,3.08166,1.8954e+08,5.841e+08,2000000000,0.3245,324.5,0.9
27,0,12175967000000,203885,0.117066,8.54219,29.8507,4.489e+06,1.34e+08,4000000000,0.0335,33.5,1
27,2,12175968000000,204885,0.118135,8.46492,2.97619,9.03168e+07,2.688e+08,1000000000,0.336,336,0.8
27,0,12175969000000,208885,0.117222,8.53079,14.1844,1.9881e+07,2.82e+08,4000000000,0.0705,70.5,1
27,2,12175970000000,209885,0.117207,8.53191,8.77193,1.03968e+07,9.12e+07,1000000000,0.114,114,0.8
27,1,12175971000000,211885,0.119263,8.38484,2.98507,2.02005e+08,6.03e+08,2000000000,0.335,335,0.9
27,0,12175972000000,215885,0.117674,8.49807,29.8507,4.489e+06,1.34e+08,4000000000,0.0335,33.5,1
27,2,12175973000000,216885,0.118999,8.40346,2.46914,1.3122e+08,3.24e+08,1000000000,0.405,405,0.8
27,0,12175974000000,220885,0.117862,8.48448,17.7778,1.26562e+07,2.25e+08,4000000000,0.05625,56.25,1
27,2,12175975000000,221885,0.117962,8.47731,7.14286,1.568e+07,1.12e+08,1000000000,0.14,140,0.8
27,1,12175976000000,223885,0.119642,8.35828,3.26797,1.68545e+08,5.508e+08,2000000000,0.306,306,0.9
27,0,12175977000000,227885,0.118218,8.45898,25.974,5.929e+06,1.54e+08,4000000000,0.0385,38.5,1
27,2,12175978000000,228885,0.119658,8.35713,2.23214,1.60563e+08,3.584e+08,1000000000,0.448,448,0.8
27,0,12175979000000,232885,0.118316,8.45195,24.0964,6.889e+06,1.66e+08,4000000000,0.0415,41.5,1
27,2,12175980000000,233885,0.118315,8.45205,8.47458,1.11392e+07,9.44e+07,1000000000,0.118,118,0.8
27,1,12175981000000,235885,0.120164,8.32193,2.97177,2.03818e+08,6.057e+08,2000000000,0.3365,336.5,0.9
27,0,12175982000000,239885,0.118715,8.42352,30.0752,4.42225e+06,1.33e+08,4000000000,0.03325,33.25,1
27,2,12175983000000,240885,0.120099,8.32648,2.21239,1.63443e+08,3.616e+08,1000000000,0.452,452,0.8
27,0,12175984000000,244885,0.118888,8.41125,21.7391,8.464e+06,1.84e+08,4000000000,0.046,46,1
27,2,12175985000000,245885,0.118991,8.40403,6.94444,1.65888e+07,1.152e+08,1000000000,0.144,144,0.8
27,1,12175986000000,247885,0.120483,8.29991,3.28947,1.66349e+08,5.472e+08,2000000000,0.304,304,0.9
27,0,12175987000000,251885,0.11915,8.39281,27.3973,5.329e+06,1.46e+08,4000000000,0.0365,36.5,1
27,2,12175988000000,252885,0.120541,8.29594,2.12314,1.77473e+08,3.768e+08,1000000000,0.471,471,0.8
27,0,12175989000000,256885,0.119221,8.38781,27.972,5.11225e+06,1.43e+08,4000000000,0.03575,35.75,1
27,2,12175990000000,257885,0.119216,8.38814,8.47458,1.11392e+07,9.44e+07,1000000000,0.118,118,0.8
27,1,12175991000000,259885,0.120888,8.27211,2.97177,2.03818e+08,6.057e+08,2000000000,0.3365,336.5,0.9
27,0,12175992000000,263885,0.11956,8.36403,30.0752,4.42225e+06,1.33e+08,4000000000,0.03325,33.25,1
27,2,12175993000000,264885,0.120849,8.27481,2.1692,1.70017e+08,3.688e+08,1000000000,0.461,461,0.8
27,0,12175994000000,268885,0.119672,8.35618,23.9521,6.97225e+06,1.67e+08,4000000000,0.04175,41.75,1
27,2,12175995000000,269885,0.119606,8.36075,9.80392,8.3232e+06,8.16e+07,1000000000,0.102,102,0.8
27,1,12175996000000,271885,0.121176,8.25244,3.003,1.996e+08,5.994e+08,2000000000,0.333,333,0.9
27,0,12175997000000,275885,0.119927,8.33842,28.5714,4.9e+06,1.4e+08,4000000000,0.035,35,1
27,2,12175998000000,276885,0.121206,8.25045,2.1097,1.79741e+08,3.792e+08,1000000000,0.474,474,0.8
27,0,12175999000000,280885,0.119971,8.33536,28.9855,4.761e+06,1.38e+08,4000000000,0.0345,34.5,1
27,2,12176000000000,281885,0.119935,8.33782,9.09091,9.68e+06,8.8e+07,1000000000,0.11,110,0.8
27,1,12176001000000,283885,0.121493,8.23094,2.93255,2.09306e+08,6.138e+08,2000000000,0.341,341,0.9
27,0,12176002000000,287885,0.120263,8.31509,30.303,4.356e+06,1.32e+08,4000000000,0.033,33,1
27,2,12176003000000,288885,0.121405,8.23691,2.22222,1.62e+08,3.6e+08,1000000000,0.45,450,0.8
27,0,12176004000000,292885,0.120327,8.31068,23.5294,7.225e+06,1.7e+08,4000000000,0.0425,42.5,1
27,2,12176005000000,293885,0.120319,8.31123,8.47458,1.11392e+07,9.44e+07,1000000000,0.118,118,0.8
27,1,12176006000000,295885,0.123132,8.12135,1.86393,5.18098e+08,9.657e+08,2000000000,0.5365,536.5,0.9
27,0,12176007000000,299885,0.121493,8.23091,4000,250,1e+06,4000000000,0.00025,0.25,1
27,2,12176008000000,300885,0.121458,8.23327,9.00901,9.8568e+06,8.88e+07,1000000000,0.111,111,0.8
27,0,12176009000000,304885,0.121902,8.20333,6.44122,9.64102e+07,6.21e+08,4000000000,0.15525,155.25,1
27,1,12176010000000,306885,0.121107,8.25714,0,0,0,2000000000,0,0,0.9
27,2,12176011000000,307885,0.121058,8.26049,9.43396,8.9888e+06,8.48e+07,1000000000,0.106,106,0.8
27,0,12176012000000,311885,0.121654,8.22005,5.97015,1.12225e+08,6.7e+08,4000000000,0.1675,167.5,1
27,2,12176013000000,312885,0.121578,8.22516,10.2041,7.6832e+06,7.84e+07,1000000000,0.098,98,0.8
27,1,12176014000000,314885,0.121965,8.19906,5.47945,5.99512e+07,3.285e+08,2000000000,0.1825,182.5,0.9
27,0,12176015000000,318885,0.121354,8.24035,13.6519,2.14622e+07,2.93e+08,4000000000,0.07325,73.25,1
27,2,12176016000000,319885,0.121437,8.2347,6.75676,1.75232e+07,1.184e+08,1000000000,0.148,148,0.8
27,0,12176017000000,323885,0.12184,8.20752,6.49351,9.4864e+07,6.16e+08,4000000000,0.154,154,1
27,2,12176018000000,324885,0.121809,8.20956,8.92857,1.00352e+07,8.96e+07,1000000000,0.112,112,0.8
27,1,12176019000000,326885,0.121713,8.21608,9.43396,2.02248e+07,1.908e+08,2000000000,0.106,106,0.9
27,0,12176020000000,330885,0.121571,8.22565,9.09091,4.84e+07,4.4e+08,4000000000,0.11,110,1
27,2,12176021000000,331885,0.12156,8.22638,8.47458,1.11392e+07,9.44e+07,1000000000,0.118,118,0.8
27,0,12176022000000,335885,0.122083,8.19112,6.0423,1.09561e+08,6.62e+08,4000000000,0.1655,165.5,1
27,2,12176023000000,336885,0.121908,8.2029,15.873,3.1752e+06,5.04e+07,1000000000,0.063,63,0.8
27,2,12176024000000,337885,0.121754,8.21325,14.2857,3.92e+06,5.6e+07,1000000000,0.07,70,0.8
27,0,12176025000000,341885,0.122164,8.18573,6.37959,9.82822e+07,6.27e+08,4000000000,0.15675,156.75,1
27,2,12176026000000,342885,0.12214,8.18732,8.77193,1.03968e+07,9.12e+07,1000000000,0.114,114,0.8
27,0,12176027000000,346885,0.12264,8.15394,6.0423,1.09561e+08,6.62e+08,4000000000,0.1655,165.5,1
27,1,12176028000000,348885,0.121937,8.20095,0,0,0,2000000000,0,0,0.9
27,2,12176029000000,349885,0.121891,8.20402,9.43396,8.9888e+06,8.48e+07,1000000000,0.106,106,0.8
27,0,12176030000000,353885,0.122373,8.17173,6.07903,1.08241e+08,6.58e+08,4000000000,0.1645,164.5,1
27,2,12176031000000,354885,0.122338,8.17406,9.09091,9.68e+06,8.8e+07,1000000000,0.11,110,0.8
27,0,12176032000000,358885,0.121997,8.1969,10.8992,3.36722e+07,3.67e+08,4000000000,0.09175,91.75,1
27,1,12176033000000,360885,0.122116,8.1889,6.96864,3.7066e+07,2.583e+08,2000000000,0.1435,143.5,0.9
27,2,12176034000000,361885,0.122232,8.18115,6.09756,2.15168e+07,1.312e+08,1000000000,0.164,164,0.8
27,0,12176035000000,365885,0.122547,8.16015,6.62252,9.1204e+07,6.04e+08,4000000000,0.151,151,1
27,2,12176036000000,366885,0.122483,8.16443,10.101,7.8408e+06,7.92e+07,1000000000,0.099,99,0.8
27,1,12176037000000,368885,0.122212,8.18253,13.7931,9.46125e+06,1.305e+08,2000000000,0.0725,72.5,0.9
27,1,12176038000000,370885,0.122955,8.13309,3.84615,1.2168e+08,4.68e+08,2000000000,0.26,260,0.9
27,1,12176039000000,372885,0.122746,8.14693,11.9048,1.27008e+07,1.512e+08,2000000000,0.084,84,0.9
27,0,12176040000000,376885,0.123045,8.12708,6.62252,9.1204e+07,6.04e+08,4000000000,0.151,151,1
27,2,12176041000000,377885,0.123022,8.12866,8.77193,1.03968e+07,9.12e+07,1000000000,0.114,114,0.8
27,0,12176042000000,381885,0.12315,8.1202,7.39372,7.31702e+07,5.41e+08,4000000000,0.13525,135.25,1
27,2,12176043000000,382885,0.123154,8.11988,8,1.25e+07,1e+08,1000000000,0.125,125,0.8
27,1,12176044000000,384885,0.122852,8.13986,15.3846,7.605e+06,1.17e+08,2000000000,0.065,65,0.9
27,0,12176045000000,388885,0.123219,8.11564,6.30915,1.00489e+08,6.34e+08,4000000000,0.1585,158.5,1
27,2,12176046000000,389885,0.123175,8.11854,9.43396,8.9888e+06,8.48e+07,1000000000,0.106,106,0.8
27,0,12176047000000,393885,0.123594,8.09098,6.07903,1.08241e+08,6.58e+08,4000000000,0.1645,164.5,1
27,2,12176048000000,394885,0.123281,8.11152,0,0,0,1000000000,0,0,0.8
27,1,12176049000000,396885,0.12297,8.13206,16.2602,6.80805e+06,1.107e+08,2000000000,0.0615,61.5,0.9
27,0,12176050000000,400885,0.123382,8.10491,6.08828,1.07912e+08,6.57e+08,4000000000,0.16425,164.25,1
27,2,12176051000000,401885,0.123319,8.10906,10.2041,7.6832e+06,7.84e+07,1000000000,0.098,98,0.8
27,0,12176052000000,405885,0.123725,8.08246,6.07903,1.08241e+08,6.58e+08,4000000000,0.1645,164.5,1
27,2,12176053000000,406885,0.123426,8.10205,500,3200,1.6e+06,1000000000,0.002,2,0.8
27,2,12176054000000,407885,0.123481,8.09842,6.84932,1.70528e+07,1.168e+08,1000000000,0.146,146,0.8
27,0,12176055000000,410108,0.124353,8.04165,3.51741,3.23307e+08,1.1372e+09,4000000000,0.2843,158,1
27,2,12176056000000,410108,0.124353,8.04165,0,-nan,-nan,1000000000,-nan,0,0.8
27,0,12176057000000,410108,0.124353,8.04165,0,-nan,-nan,4000000000,-nan,0,1
28,2,10881501000000,1000,0.015,66.6667,66.6667,180000,1.2e+07,1000000000,0.015,15,0.8
28,2,12175902000000,53579,0.112301,8.9046,8.76025,1.04246e+07,9.13216e+07,1000000000,0.114152,6002,0.8
28,0,12175903000000,57579,0.104569,9.56303,1000,4000,4e+06,4000000000,0.001,1,1
28,2,12175904000000,58579,0.102784,9.72911,0,0,0,1000000000,0,0,0.8
28,2,12175905000000,59579,0.107437,9.30776,2.63158,1.1552e+08,3.04e+08,1000000000,0.38,380,0.8
28,0,12175906000000,63579,0.102597,9.7469,32.7869,3.721e+06,1.22e+08,4000000000,0.0305,30.5,1
28,2,12175907000000,64579,0.106273,9.40973,2.94118,9.248e+07,2.72e+08,1000000000,0.34,340,0.8
28,0,12175908000000,68579,0.103836,9.63053,15.5039,1.6641e+07,2.58e+08,4000000000,0.0645,64.5,1
28,2,12175909000000,69579,0.10404,9.61169,8.47458,1.11392e+07,9.44e+07,1000000000,0.118,118,0.8
28,1,12175910000000,71579,0.110214,9.07327,3.07692,1.90125e+08,5.85e+08,2000000000,0.325,325,0.9
28,0,12175911000000,75579,0.106286,9.40856,27.7778,5.184e+06,1.44e+08,4000000000,0.036,36,1
28,2,12175912000000,76579,0.110566,9.04441,2.30415,1.50685e+08,3.472e+08,1000000000,0.434,434,0.8
28,0,12175913000000,80579,0.107534,9.29937,20.202,9.801e+06,1.98e+08,4000000000,0.0495,49.5,1
28,2,12175914000000,81579,0.107663,9.28828,8.47458,1.11392e+07,9.44e+07,1000000000,0.118,118,0.8
28,1,12175915000000,83579,0.112959,8.85277,3.03951,1.94834e+08,5.922e+08,2000000000,0.329,329,0.9
28,0,12175916000000,87579,0.109398,9.1409,28.5714,4.9e+06,1.4e+08,4000000000,0.035,35,1
28,2,12175917000000,88579,0.113323,8.82437,2.18818,1.67079e+08,3.656e+08,1000000000,0.457,457,0.8
28,0,12175918000000,92579,0.110144,9.07904,25.1572,6.32025e+06,1.59e+08,4000000000,0.03975,39.75,1
28,2,12175919000000,93579,0.110185,9.07565,8.77193,1.03968e+07,9.12e+07,1000000000,0.114,114,0.8
28,1,12175920000000,95579,0.114847,8.70721,3.003,1.996e+08,5.994e+08,2000000000,0.333,333,0.9
28,0,12175921000000,99579,0.111761,8.9477,26.3158,5.776e+06,1.52e+08,4000000000,0.038,38,1
28,2,12175922000000,100579,0.115263,8.67584,2.15517,1.72237e+08,3.712e+08,1000000000,0.464,464,0.8
28,0,12175923000000,104579,0.112193,8.91324,28.5714,4.9e+06,1.4e+08,4000000000,0.035,35,1
28,2,12175924000000,105579,0.11221,8.91188,8.77193,1.03968e+07,9.12e+07,1000000000,0.114,114,0.8
28,1,12175925000000,107579,0.116315,8.59738,3.003,1.996e+08,5.994e+08,2000000000,0.333,333,0.9
28,0,12175926000000,111579,0.113507,8.81003,26.3158,5.776e+06,1.52e+08,4000000000,0.038,38,1
28,2,12175927000000,112579,0.116691,8.56961,2.11864,1.78227e+08,3.776e+08,1000000000,0.472,472,0.8
28,0,12175928000000,116579,0.11382,8.78582,30.303,4.356e+06,1.32e+08,4000000000,0.033,33,1
28,2,12175929000000,117579,0.113821,8.7857,8.77193,1.03968e+07,9.12e+07,1000000000,0.114,114,0.8
28,1,12175930000000,119579,0.117487,8.51157,3.003,1.996e+08,5.994e+08,2000000000,0.333,333,0.9
28,0,12175931000000,123579,0.114914,8.70213,26.3158,5.776e+06,1.52e+08,4000000000,0.038,38,1
28,2,12175932000000,124579,0.117781,8.49036,2.11864,1.78227e+08,3.776e+08,1000000000,0.472,472,0.8
28,0,12175933000000,128579,0.115143,8.68484,30.303,4.356e+06,1.32e+08,4000000000,0.033,33,1
28,2,12175934000000,129579,0.115134,8.6855,8.77193,1.03968e+07,9.12e+07,1000000000,0.114,114,0.8
28,1,12175935000000,131579,0.118446,8.44267,3.003,1.996e+08,5.994e+08,2000000000,0.333,333,0.9
28,0,12175936000000,135579,0.116073,8.6153,26.3158,5.776e+06,1.52e+08,4000000000,0.038,38,1
28,2,12175937000000,136579,0.118679,8.42612,2.11864,1.78227e+08,3.776e+08,1000000000,0.472,472,0.8
28,0,12175938000000,140579,0.116241,8.60284,30.303,4.356e+06,1.32e+08,4000000000,0.033,33,1
28,2,12175939000000,141579,0.116225,8.60401,8.77193,1.03968e+07,9.12e+07,1000000000,0.114,114,0.8
28,1,12175940000000,143579,0.119244,8.38613,3.003,1.996e+08,5.994e+08,2000000000,0.333,333,0.9
28,0,12175941000000,147579,0.117042,8.54391,26.3158,5.776e+06,1.52e+08,4000000000,0.038,38,1
28,2,12175942000000,148579,0.119431,8.37301,2.11864,1.78227e+08,3.776e+08,1000000000,0.472,472,0.8
28,0,12175943000000,152579,0.117166,8.53493,30.303,4.356e+06,1.32e+08,4000000000,0.033,33,1
28,2,12175944000000,153579,0.117145,8.53643,8.77193,1.03968e+07,9.12e+07,1000000000,0.114,114,0.8
28,1,12175945000000,155579,0.11992,8.33891,3.003,1.996e+08,5.994e+08,2000000000,0.333,333,0.9
28,0,12175946000000,159579,0.117866,8.48418,26.3158,5.776e+06,1.52e+08,4000000000,0.038,38,1
28,2,12175947000000,160579,0.120072,8.32835,2.11864,1.78227e+08,3.776e+08,1000000000,0.472,472,0.8
28,0,12175948000000,164579,0.117956,8.47777,30.303,4.356e+06,1.32e+08,4000000000,0.033,33,1
28,2,12175949000000,165579,0.117932,8.47949,8.77193,1.03968e+07,9.12e+07,1000000000,0.114,114,0.8
28,1,12175950000000,167579,0.120498,8.29887,3.003,1.996e+08,5.994e+08,2000000000,0.333,333,0.9
28,0,12175951000000,171579,0.118575,8.43347,26.3158,5.776e+06,1.52e+08,4000000000,0.038,38,1
28,2,12175952000000,172579,0.120623,8.29029,2.11864,1.78227e+08,3.776e+08,1000000000,0.472,472,0.8
28,0,12175953000000,176579,0.118638,8.42899,30.303,4.356e+06,1.32e+08,4000000000,0.033,33,1
28,2,12175954000000,177579,0.118482,8.44007,10.989,6.6248e+06,7.28e+07,1000000000,0.091,91,0.8
28,2,12175955000000,178579,0.118161,8.46306,16.3934,2.9768e+06,4.88e+07,1000000000,0.061,61,0.8
28,1,12175956000000,180579,0.116935,8.55176,133.333,101250,1.35e+07,2000000000,0.0075,7.5,0.9
28,2,12175957000000,181579,0.11731,8.52444,5.40541,2.738e+07,1.48e+08,1000000000,0.185,185,0.8
28,1,12175958000000,183579,0.116685,8.57005,16.6667,6.48e+06,1.08e+08,2000000000,0.06,60,0.9
28,1,12175959000000,185579,0.115493,8.65856,166.667,64800,1.08e+07,2000000000,0.006,6,0.9
28,2,12175960000000,186579,0.115747,8.63952,6.13497,2.12552e+07,1.304e+08,1000000000,0.163,163,0.8
28,1,12175961000000,188579,0.117139,8.53685,4.04858,1.09816e+08,4.446e+08,2000000000,0.247,247,0.9
28,0,12175962000000,192579,0.115319,8.6716,33.8983,3.481e+06,1.18e+08,4000000000,0.0295,29.5,1
28,2,12175963000000,193579,0.115338,8.67018,8.40336,1.13288e+07,9.52e+07,1000000000,0.119,119,0.8
28,0,12175964000000,197579,0.116313,8.59749,6.11621,1.06929e+08,6.54e+08,4000000000,0.1635,163.5,1
28,2,12175965000000,198579,0.116221,8.60432,10.2041,7.6832e+06,7.84e+07,1000000000,0.098,98,0.8
28,1,12175966000000,200579,0.118303,8.45291,3.07692,1.90125e+08,5.85e+08,2000000000,0.325,325,0.9
28,0,12175967000000,204579,0.116752,8.56517,25.641,6.084e+06,1.56e+08,4000000000,0.039,39,1
28,2,12175968000000,205579,0.117361,8.5207,4.13223,4.68512e+07,1.936e+08,1000000000,0.242,242,0.8
28,0,12175969000000,209579,0.116906,8.5539,10.6952,3.4969e+07,3.74e+08,4000000000,0.0935,93.5,1
28,2,12175970000000,210579,0.11693,8.55213,8.19672,1.19072e+07,9.76e+07,1000000000,0.122,122,0.8
28,1,12175971000000,212579,0.118958,8.40632,3.00752,1.99001e+08,5.985e+08,2000000000,0.3325,332.5,0.9
28,0,12175972000000,216579,0.117366,8.52036,30.5344,4.29025e+06,1.31e+08,4000000000,0.03275,32.75,1
28,2,12175973000000,217579,0.118619,8.43035,2.5641,1.2168e+08,3.12e+08,1000000000,0.39,390,0.8
28,0,12175974000000,221579,0.117561,8.50624,16.6667,1.44e+07,2.4e+08,4000000000,0.06,60,1
28,2,12175975000000,222579,0.117716,8.49506,6.57895,1.84832e+07,1.216e+08,1000000000,0.152,152,0.8
28,1,12175976000000,224579,0.119392,8.37575,3.26797,1.68545e+08,5.508e+08,2000000000,0.306,306,0.9
28,0,12175977000000,228579,0.11788,8.48317,30.303,4.356e+06,1.32e+08,4000000000,0.033,33,1
28,2,12175978000000,229579,0.119297,8.38247,2.25734,1.56999e+08,3.544e+08,1000000000,0.443,443,0.8
28,0,12175979000000,233579,0.118093,8.46792,20.4082,9.604e+06,1.96e+08,4000000000,0.049,49,1
28,2,12175980000000,234579,0.118097,8.46764,8.40336,1.13288e+07,9.52e+07,1000000000,0.119,119,0.8
28,1,12175981000000,236579,0.119875,8.342,3.04414,1.94242e+08,5.913e+08,2000000000,0.3285,328.5,0.9
28,0,12175982000000,240579,0.118427,8.44403,30.5344,4.29025e+06,1.31e+08,4000000000,0.03275,32.75,1
28,2,12175983000000,241579,0.119886,8.34124,2.12314,1.77473e+08,3.768e+08,1000000000,0.471,471,0.8
28,0,12175984000000,245579,0.118516,8.43769,27.972,5.11225e+06,1.43e+08,4000000000,0.03575,35.75,1
28,2,12175985000000,246579,0.118514,8.43784,8.47458,1.11392e+07,9.44e+07,1000000000,0.118,118,0.8
28,1,12175986000000,248579,0.120207,8.31897,3.03951,1.94834e+08,5.922e+08,2000000000,0.329,329,0.9
28,0,12175987000000,252579,0.118882,8.41173,27.3973,5.329e+06,1.46e+08,4000000000,0.0365,36.5,1
28,2,12175988000000,253579,0.120262,8.31516,2.1322,1.75969e+08,3.752e+08,1000000000,0.469,469,0.8
28,0,12175989000000,257579,0.118958,8.40635,27.5862,5.25625e+06,1.45e+08,4000000000,0.03625,36.25,1
28,2,12175990000000,258579,0.118954,8.40661,8.47458,1.11392e+07,9.44e+07,1000000000,0.118,118,0.8
28,1,12175991000000,260579,0.120608,8.2913,2.98954,2.01402e+08,6.021e+08,2000000000,0.3345,334.5,0.9
28,0,12175992000000,264579,0.119303,8.38204,29.1971,4.69225e+06,1.37e+08,4000000000,0.03425,34.25,1
28,2,12175993000000,265579,0.120582,8.29312,2.17865,1.68545e+08,3.672e+08,1000000000,0.459,459,0.8
28,0,12175994000000,269579,0.11936,8.378,26.1438,5.85225e+06,1.53e+08,4000000000,0.03825,38.25,1
28,2,12175995000000,270579,0.119355,8.37836,8.47458,1.11392e+07,9.44e+07,1000000000,0.118,118,0.8
28,1,12175996000000,272579,0.120919,8.26999,3.00752,1.99001e+08,5.985e+08,2000000000,0.3325,332.5,0.9
28,0,12175997000000,276579,0.11968,8.35561,28.3688,4.97025e+06,1.41e+08,4000000000,0.03525,35.25,1
28,2,12175998000000,277579,0.120892,8.27187,2.19298,1.66349e+08,3.648e+08,1000000000,0.456,456,0.8
28,0,12175999000000,281579,0.119728,8.35224,25.641,6.084e+06,1.56e+08,4000000000,0.039,39,1
28,2,12176000000000,282579,0.119722,8.35266,8.47458,1.11392e+07,9.44e+07,1000000000,0.118,118,0.8
28,1,12176001000000,284579,0.121246,8.24771,2.97177,2.03818e+08,6.057e+08,2000000000,0.3365,336.5,0.9
28,0,12176002000000,288579,0.119984,8.33441,33.0579,3.66025e+06,1.21e+08,4000000000,0.03025,30.25,1
28,2,12176003000000,289579,0.121162,8.25341,2.1692,1.70017e+08,3.688e+08,1000000000,0.461,461,0.8
28,0,12176004000000,293579,0.120094,8.32683,23.3918,7.31025e+06,1.71e+08,4000000000,0.04275,42.75,1
28,2,12176005000000,294579,0.120087,8.32732,8.47458,1.11392e+07,9.44e+07,1000000000,0.118,118,0.8
28,1,12176006000000,296579,0.122898,8.13682,1.8622,5.19064e+08,9.666e+08,2000000000,0.537,537,0.9
28,0,12176007000000,300579,0.121619,8.22243,37.3832,2.86225e+06,1.07e+08,4000000000,0.02675,26.75,1
28,2,12176008000000,301579,0.122121,8.18863,3.663,5.96232e+07,2.184e+08,1000000000,0.273,273,0.8
28,0,12176009000000,305579,0.121726,8.21515,10.8696,3.3856e+07,3.68e+08,4000000000,0.092,92,1
28,1,12176010000000,307579,0.12139,8.23791,14.2857,8.82e+06,1.26e+08,2000000000,0.07,70,0.9
28,2,12176011000000,308579,0.122967,8.13227,1.64474,2.95731e+08,4.864e+08,1000000000,0.608,608,0.8
28,0,12176012000000,312579,0.12186,8.20611,27.3973,5.329e+06,1.46e+08,4000000000,0.0365,36.5,1
28,2,12176013000000,313579,0.122173,8.18509,4.54545,3.872e+07,1.76e+08,1000000000,0.22,220,0.8
28,1,12176014000000,315579,0.122711,8.14923,4.83092,7.71282e+07,3.726e+08,2000000000,0.207,207,0.9
28,0,12176015000000,319579,0.121638,8.2211,27.027,5.476e+06,1.48e+08,4000000000,0.037,37,1
28,2,12176016000000,320579,0.123105,8.12312,1.68919,2.80371e+08,4.736e+08,1000000000,0.592,592,0.8
28,0,12176017000000,324579,0.122131,8.18796,22.7273,7.744e+06,1.76e+08,4000000000,0.044,44,1
28,2,12176018000000,325579,0.122069,8.19211,9.80392,8.3232e+06,8.16e+07,1000000000,0.102,102,0.8
28,1,12176019000000,327579,0.122844,8.14043,4.01606,1.11602e+08,4.482e+08,2000000000,0.249,249,0.9
28,0,12176020000000,331579,0.121832,8.20801,25.641,6.084e+06,1.56e+08,4000000000,0.039,39,1
28,2,12176021000000,332579,0.123219,8.11564,1.71527,2.71911e+08,4.664e+08,1000000000,0.583,583,0.8
28,0,12176022000000,336579,0.12234,8.17396,20.3046,9.70225e+06,1.97e+08,4000000000,0.04925,49.25,1
28,2,12176023000000,337579,0.122084,8.19108,27.7778,1.0368e+06,2.88e+07,1000000000,0.036,36,0.8
28,2,12176024000000,338579,0.123401,8.10366,1.76056,2.58099e+08,4.544e+08,1000000000,0.568,568,0.8
28,0,12176025000000,342579,0.122439,8.16734,24.3902,6.724e+06,1.64e+08,4000000000,0.041,41,1
28,2,12176026000000,343579,0.123081,8.12474,2.91545,9.41192e+07,2.744e+08,1000000000,0.343,343,0.8
28,0,12176027000000,347579,0.122427,8.16814,15.0943,1.75562e+07,2.65e+08,4000000000,0.06625,66.25,1
28,1,12176028000000,349579,0.122104,8.18974,15.1515,7.8408e+06,1.188e+08,2000000000,0.066,66,0.9
28,2,12176029000000,350579,0.123558,8.09334,1.58228,3.19539e+08,5.056e+08,1000000000,0.632,632,0.8
28,0,12176030000000,354579,0.122627,8.1548,24.3902,6.724e+06,1.64e+08,4000000000,0.041,41,1
28,2,12176031000000,355579,0.122797,8.14353,5.46448,2.67912e+07,1.464e+08,1000000000,0.183,183,0.8
28,0,12176032000000,359579,0.122668,8.15206,8.98876,4.95062e+07,4.45e+08,4000000000,0.11125,111.25,1
28,1,12176033000000,361579,0.122302,8.17645,17.6991,5.74605e+06,1.017e+08,2000000000,0.0565,56.5,0.9
28,2,12176034000000,362579,0.1237,8.08408,1.58983,3.16513e+08,5.032e+08,1000000000,0.629,629,0.8
28,0,12176035000000,366579,0.122803,8.14312,24.0964,6.889e+06,1.66e+08,4000000000,0.0415,41.5,1
28,2,12176036000000,367579,0.122795,8.14363,8.33333,1.152e+07,9.6e+07,1000000000,0.12,120,0.8
28,1,12176037000000,369579,0.123462,8.09965,4.06504,1.08929e+08,4.428e+08,2000000000,0.246,246,0.9
28,1,12176038000000,371579,0.123217,8.11574,12.8205,1.09512e+07,1.404e+08,2000000000,0.078,78,0.9
28,1,12176039000000,373579,0.124185,8.05249,3.28947,1.66349e+08,5.472e+08,2000000000,0.304,304,0.9
28,0,12176040000000,377579,0.123198,8.11701,32.2581,3.844e+06,1.24e+08,4000000000,0.031,31,1
28,2,12176041000000,378579,0.123673,8.08584,3.30033,7.34472e+07,2.424e+08,1000000000,0.303,303,0.8
28,0,12176042000000,382579,0.123282,8.1115,11.5942,2.97562e+07,3.45e+08,4000000000,0.08625,86.25,1
28,2,12176043000000,383579,0.123367,8.10589,6.41026,1.94688e+07,1.248e+08,1000000000,0.156,156,0.8
28,1,12176044000000,385579,0.124283,8.04614,3.33333,1.62e+08,5.4e+08,2000000000,0.3,300,0.9
28,0,12176045000000,389579,0.123384,8.10475,27.2109,5.40225e+06,1.47e+08,4000000000,0.03675,36.75,1
28,2,12176046000000,390579,0.124067,8.06016,2.5641,1.2168e+08,3.12e+08,1000000000,0.39,390,0.8
28,0,12176047000000,394579,0.123445,8.10074,15.9363,1.57502e+07,2.51e+08,4000000000,0.06275,62.75,1
28,2,12176048000000,395579,0.123508,8.09667,6.75676,1.75232e+07,1.184e+08,1000000000,0.148,148,0.8
28,1,12176049000000,397579,0.124466,8.03433,3.18471,1.77473e+08,5.652e+08,2000000000,0.314,314,0.9
28,0,12176050000000,401579,0.123595,8.09097,27.027,5.476e+06,1.48e+08,4000000000,0.037,37,1
28,2,12176051000000,402579,0.124309,8.0445,2.43309,1.35137e+08,3.288e+08,1000000000,0.411,411,0.8
28,0,12176052000000,406579,0.12355,8.09386,21.164,8.93025e+06,1.89e+08,4000000000,0.04725,47.25,1
28,2,12176053000000,407579,0.123537,8.09475,8.47458,1.11392e+07,9.44e+07,1000000000,0.118,118,0.8
28,2,12176054000000,408579,0.124791,8.0134,1.57233,3.23597e+08,5.088e+08,1000000000,0.636,636,0.8
28,0,12176055000000,408832,0.124777,8.01427,9.73077,4.22441e+07,4.11067e+08,4000000000,0.102767,6.5,1
28,2,12176056000000,408832,0.124777,8.01427,0,-nan,-nan,1000000000,-nan,0,0.8
28,0,12176057000000,408832,0.124777,8.01427,0,-nan,-nan,4000000000,-nan,0,1
29,2,10881501000000,1000,0.009,111.111,111.111,64800,7.2e+06,1000000000,0.009,9,0.8
29,2,12175902000000,53223,0.11294,8.85427,8.70093,1.05672e+07,9.19442e+07,1000000000,0.11493,6002,0.8
29,0,12175903000000,57223,0.105115,9.51338,1000,4000,4e+06,4000000000,0.001,1,1
29,2,12175904000000,58223,0.10331,9.67963,0,0,0,1000000000,0,0,0.8
29,2,12175905000000,59223,0.107982,9.26083,2.63158,1.1552e+08,3.04e+08,1000000000,0.38,380,0.8
29,0,12175906000000,63223,0.10308,9.70124,32.7869,3.721e+06,1.22e+08,4000000000,0.0305,30.5,1
29,2,12175907000000,64223,0.106769,9.36605,2.94118,9.248e+07,2.72e+08,1000000000,0.34,340,0.8
29,0,12175908000000,68223,0.10429,9.58862,15.5039,1.6641e+07,2.58e+08,4000000000,0.0645,64.5,1
29,2,12175909000000,69223,0.104488,9.57044,8.47458,1.11392e+07,9.44e+07,1000000000,0.118,118,0.8
29,1,12175910000000,71223,0.110681,9.03501,3.07692,1.90125e+08,5.85e+08,2000000000,0.325,325,0.9
29,0,12175911000000,75223,0.106709,9.37125,27.7778,5.184e+06,1.44e+08,4000000000,0.036,36,1
29,2,12175912000000,76223,0.111003,9.00875,2.30415,1.50685e+08,3.472e+08,1000000000,0.434,434,0.8
29,0,12175913000000,80223,0.107937,9.2647,20.202,9.801e+06,1.98e+08,4000000000,0.0495,49.5,1
29,2,12175914000000,81223,0.108061,9.25407,8.47458,1.11392e+07,9.44e+07,1000000000,0.118,118,0.8
29,1,12175915000000,83223,0.11337,8.82067,3.03951,1.94834e+08,5.922e+08,2000000000,0.329,329,0.9
29,0,12175916000000,87223,0.109776,9.10945,28.5714,4.9e+06,1.4e+08,4000000000,0.035,35,1
29,2,12175917000000,88223,0.113712,8.79416,2.18818,1.67079e+08,3.656e+08,1000000000,0.457,457,0.8
29,0,12175918000000,92223,0.110504,9.04946,25.1572,6.32025e+06,1.59e+08,4000000000,0.03975,39.75,1
29,2,12175919000000,93223,0.110541,9.04639,8.77193,1.03968e+07,9.12e+07,1000000000,0.114,114,0.8
29,1,12175920000000,95223,0.115214,8.67952,3.003,1.996e+08,5.994e+08,2000000000,0.333,333,0.9
29,0,12175921000000,99223,0.112101,8.92053,26.3158,5.776e+06,1.52e+08,4000000000,0.038,38,1
29,2,12175922000000,100223,0.115612,8.64961,2.15517,1.72237e+08,3.712e+08,1000000000,0.464,464,0.8
29,0,12175923000000,104223,0.112518,8.88744,28.5714,4.9e+06,1.4e+08,4000000000,0.035,35,1
29,2,12175924000000,105223,0.112532,8.88633,8.77193,1.03968e+07,9.12e+07,1000000000,0.114,114,0.8
29,1,12175925000000,107223,0.116645,8.57304,3.003,1.996e+08,5.994e+08,2000000000,0.333,333,0.9
29,0,12175926000000,111223,0.113816,8.78608,26.3158,5.776e+06,1.52e+08,4000000000,0.038,38,1
29,2,12175927000000,112223,0.117008,8.54642,2.11864,1.78227e+08,3.776e+08,1000000000,0.472,472,0.8
29,0,12175928000000,116223,0.114117,8.76295,30.303,4.356e+06,1.32e+08,4000000000,0.033,33,1
29,2,12175929000000,117223,0.114116,8.76303,8.77193,1.03968e+07,9.12e+07,1000000000,0.114,114,0.8
29,1,12175930000000,119223,0.117788,8.48985,3.003,1.996e+08,5.994e+08,2000000000,0.333,333,0.9
29,0,12175931000000,123223,0.115198,8.68073,26.3158,5.776e+06,1.52e+08,4000000000,0.038,38,1
29,2,12175932000000,124223,0.11807,8.46956,2.11864,1.78227e+08,3.776e+08,1000000000,0.472,472,0.8
29,0,12175933000000,128223,0.115416,8.6643,30.303,4.356e+06,1.32e+08,4000000000,0.033,33,1
29,2,12175934000000,129223,0.115405,8.66512,8.77193,1.03968e+07,9.12e+07,1000000000,0.114,114,0.8
29,1,12175935000000,131223,0.118722,8.42307,3.003,1.996e+08,5.994e+08,2000000000,0.333,333,0.9
29,0,12175936000000,135223,0.116334,8.59596,26.3158,5.776e+06,1.52e+08,4000000000,0.038,38,1
29,2,12175937000000,136223,0.118945,8.40727,2.11864,1.78227e+08,3.776e+08,1000000000,0.472,472,0.8
29,0,12175938000000,140223,0.116493,8.58421,30.303,4.356e+06,1.32e+08,4000000000,0.033,33,1
29,2,12175939000000,141223,0.116475,8.58551,8.77193,1.03968e+07,9.12e+07,1000000000,0.114,114,0.8
29,1,12175940000000,143223,0.119499,8.36827,3.003,1.996e+08,5.994e+08,2000000000,0.333,333,0.9
29,0,12175941000000,147223,0.117285,8.52626,26.3158,5.776e+06,1.52e+08,4000000000,0.038,38,1
29,2,12175942000000,148223,0.119678,8.35577,2.11864,1.78227e+08,3.776e+08,1000000000,0.472,472,0.8
29,0,12175943000000,152223,0.1174,8.51788,30.303,4.356e+06,1.32e+08,4000000000,0.033,33,1
29,2,12175944000000,153223,0.117378,8.51949,8.77193,1.03968e+07,9.12e+07,1000000000,0.114,114,0.8
29,1,12175945000000,155223,0.120156,8.3225,3.003,1.996e+08,5.994e+08,2000000000,0.333,333,0.9
29,0,12175946000000,159223,0.118092,8.46796,26.3158,5.776e+06,1.52e+08,4000000000,0.038,38,1
29,2,12175947000000,160223,0.120301,8.31248,2.11864,1.78227e+08,3.776e+08,1000000000,0.472,472,0.8
29,0,12175948000000,164223,0.118175,8.46205,30.303,4.356e+06,1.32e+08,4000000000,0.033,33,1
29,2,12175949000000,165223,0.118149,8.46386,8.77193,1.03968e+07,9.12e+07,1000000000,0.114,114,0.8
29,1,12175950000000,167223,0.120719,8.2837,3.003,1.996e+08,5.994e+08,2000000000,0.333,333,0.9
29,0,12175951000000,171223,0.118787,8.41846,26.3158,5.776e+06,1.52e+08,4000000000,0.038,38,1
29,2,12175952000000,172223,0.120838,8.27558,2.11864,1.78227e+08,3.776e+08,1000000000,0.472,472,0.8
29,0,12175953000000,176223,0.118844,8.41441,30.303,4.356e+06,1.32e+08,4000000000,0.033,33,1
29,2,12175954000000,177223,0.118687,8.42555,10.989,6.6248e+06,7.28e+07,1000000000,0.091,91,0.8
29,2,12175955000000,178223,0.118363,8.44859,16.3934,2.9768e+06,4.88e+07,1000000000,0.061,61,0.8
29,1,12175956000000,180223,0.117133,8.53733,133.333,101250,1.35e+07,2000000000,0.0075,7.5,0.9
29,2,12175957000000,181223,0.117507,8.51012,5.40541,2.738e+07,1.48e+08,1000000000,0.185,185,0.8
29,1,12175958000000,183223,0.116879,8.55583,16.6667,6.48e+06,1.08e+08,2000000000,0.06,60,0.9
29,1,12175959000000,185223,0.115682,8.64437,166.667,64800,1.08e+07,2000000000,0.006,6,0.9
29,2,12175960000000,186223,0.115936,8.62543,6.13497,2.12552e+07,1.304e+08,1000000000,0.163,163,0.8
29,1,12175961000000,188223,0.117329,8.52305,4.04858,1.09816e+08,4.446e+08,2000000000,0.247,247,0.9
29,0,12175962000000,192223,0.115501,8.65791,33.8983,3.481e+06,1.18e+08,4000000000,0.0295,29.5,1
29,2,12175963000000,193223,0.115519,8.65656,8.40336,1.13288e+07,9.52e+07,1000000000,0.119,119,0.8
29,0,12175964000000,197223,0.116492,8.58424,6.11621,1.06929e+08,6.54e+08,4000000000,0.1635,163.5,1
29,2,12175965000000,198223,0.116399,8.59112,10.2041,7.6832e+06,7.84e+07,1000000000,0.098,98,0.8
29,1,12175966000000,200223,0.118483,8.44004,3.07692,1.90125e+08,5.85e+08,2000000000,0.325,325,0.9
29,0,12175967000000,204223,0.116926,8.55241,25.641,6.084e+06,1.56e+08,4000000000,0.039,39,1
29,2,12175968000000,205223,0.117536,8.50806,4.13223,4.68512e+07,1.936e+08,1000000000,0.242,242,0.8
29,0,12175969000000,209223,0.117076,8.54146,10.6952,3.4969e+07,3.74e+08,4000000000,0.0935,93.5,1
29,2,12175970000000,210223,0.117099,8.53975,8.19672,1.19072e+07,9.76e+07,1000000000,0.122,122,0.8
29,1,12175971000000,212223,0.119129,8.39423,3.00752,1.99001e+08,5.985e+08,2000000000,0.3325,332.5,0.9
29,0,12175972000000,216223,0.117531,8.50836,30.5344,4.29025e+06,1.31e+08,4000000000,0.03275,32.75,1
29,2,12175973000000,217223,0.118786,8.41852,2.5641,1.2168e+08,3.12e+08,1000000000,0.39,390,0.8
29,0,12175974000000,221223,0.117723,8.49453,16.6667,1.44e+07,2.4e+08,4000000000,0.06,60,1
29,2,12175975000000,222223,0.117877,8.48341,6.57895,1.84832e+07,1.216e+08,1000000000,0.152,152,0.8
29,1,12175976000000,224223,0.119555,8.36435,3.26797,1.68545e+08,5.508e+08,2000000000,0.306,306,0.9
29,0,12175977000000,228223,0.118038,8.47184,30.303,4.356e+06,1.32e+08,4000000000,0.033,33,1
29,2,12175978000000,229223,0.119456,8.3713,2.25734,1.56999e+08,3.544e+08,1000000000,0.443,443,0.8
29,0,12175979000000,233223,0.118247,8.45685,20.4082,9.604e+06,1.96e+08,4000000000,0.049,49,1
29,2,12175980000000,234223,0.118251,8.45662,8.40336,1.13288e+07,9.52e+07,1000000000,0.119,119,0.8
29,1,12175981000000,236223,0.120031,8.33121,3.04414,1.94242e+08,5.913e+08,2000000000,0.3285,328.5,0.9
29,0,12175982000000,240223,0.118577,8.43332,30.5344,4.29025e+06,1.31e+08,4000000000,0.03275,32.75,1
29,2,12175983000000,241223,0.120038,8.33067,2.12314,1.77473e+08,3.768e+08,1000000000,0.471,471,0.8
29,0,12175984000000,245223,0.118663,8.4272,27.972,5.11225e+06,1.43e+08,4000000000,0.03575,35.75,1
29,2,12175985000000,246223,0.118661,8.42739,8.47458,1.11392e+07,9.44e+07,1000000000,0.118,118,0.8
29,1,12175986000000,248223,0.120355,8.30872,3.03951,1.94834e+08,5.922e+08,2000000000,0.329,329,0.9
29,0,12175987000000,252223,0.119026,8.40155,27.3973,5.329e+06,1.46e+08,4000000000,0.0365,36.5,1
29,2,12175988000000,253223,0.120408,8.30512,2.1322,1.75969e+08,3.752e+08,1000000000,0.469,469,0.8
29,0,12175989000000,257223,0.119099,8.39638,27.5862,5.25625e+06,1.45e+08,4000000000,0.03625,36.25,1
29,2,12175990000000,258223,0.119095,8.39668,8.47458,1.11392e+07,9.44e+07,1000000000,0.118,118,0.8
29,1,12175991000000,260223,0.12075,8.28155,2.98954,2.01402e+08,6.021e+08,2000000000,0.3345,334.5,0.9
29,0,12175992000000,264223,0.119441,8.37235,29.1971,4.69225e+06,1.37e+08,4000000000,0.03425,34.25,1
29,2,12175993000000,265223,0.120721,8.28356,2.17865,1.68545e+08,3.672e+08,1000000000,0.459,459,0.8
29,0,12175994000000,269223,0.119496,8.3685,26.1438,5.85225e+06,1.53e+08,4000000000,0.03825,38.25,1
29,2,12175995000000,270223,0.11949,8.36889,8.47458,1.11392e+07,9.44e+07,1000000000,0.118,118,0.8
29,1,12175996000000,272223,0.121055,8.2607,3.00752,1.99001e+08,5.985e+08,2000000000,0.3325,332.5,0.9
29,0,12175997000000,276223,0.119813,8.34637,28.3688,4.97025e+06,1.41e+08,4000000000,0.03525,35.25,1
29,2,12175998000000,277223,0.121025,8.26273,2.19298,1.66349e+08,3.648e+08,1000000000,0.456,456,0.8
29,0,12175999000000,281223,0.119859,8.34316,25.641,6.084e+06,1.56e+08,4000000000,0.039,39,1
29,2,12176000000000,282223,0.119852,8.34362,8.47458,1.11392e+07,9.44e+07,1000000000,0.118,118,0.8
29,1,12176001000000,284223,0.121377,8.23883,2.97177,2.03818e+08,6.057e+08,2000000000,0.3365,336.5,0.9
29,0,12176002000000,288223,0.120112,8.32557,33.0579,3.66025e+06,1.21e+08,4000000000,0.03025,30.25,1
29,2,12176003000000,289223,0.12129,8.24467,2.1692,1.70017e+08,3.688e+08,1000000000,0.461,461,0.8
29,0,12176004000000,293223,0.120219,8.31815,23.3918,7.31025e+06,1.71e+08,4000000000,0.04275,42.75,1
29,2,12176005000000,294223,0.120212,8.31867,8.47458,1.11392e+07,9.44e+07,1000000000,0.118,118,0.8
29,1,12176006000000,296223,0.123026,8.12839,1.8622,5.19064e+08,9.666e+08,2000000000,0.537,537,0.9
29,0,12176007000000,300223,0.121386,8.23815,0,0,0,4000000000,0,0,1
29,2,12176008000000,301223,0.121246,8.24771,12.6582,4.9928e+06,6.32e+07,1000000000,0.079,79,0.8
29,0,12176009000000,305223,0.12177,8.2122,6.20155,1.04006e+08,6.45e+08,4000000000,0.16125,161.25,1
29,1,12176010000000,307223,0.120977,8.26602,0,0,0,2000000000,0,0,0.9
29,2,12176011000000,308223,0.120955,8.26756,8.77193,1.03968e+07,9.12e+07,1000000000,0.114,114,0.8
29,0,12176012000000,312223,0.121525,8.22874,6.0423,1.09561e+08,6.62e+08,4000000000,0.1655,165.5,1
29,2,12176013000000,313223,0.121476,8.2321,9.43396,8.9888e+06,8.48e+07,1000000000,0.106,106,0.8
29,1,12176014000000,315223,0.121793,8.21064,5.8309,5.29421e+07,3.087e+08,2000000000,0.1715,171.5,0.9
29,0,12176015000000,319223,0.121254,8.24716,12.6984,2.48062e+07,3.15e+08,4000000000,0.07875,78.75,1
29,2,12176016000000,320223,0.121337,8.24149,6.75676,1.75232e+07,1.184e+08,1000000000,0.148,148,0.8
29,0,12176017000000,324223,0.12174,8.21421,6.49351,9.4864e+07,6.16e+08,4000000000,0.154,154,1
29,2,12176018000000,325223,0.121664,8.21934,10.3093,7.5272e+06,7.76e+07,1000000000,0.097,97,0.8
29,1,12176019000000,327223,0.121339,8.24135,14.5985,8.44605e+06,1.233e+08,2000000000,0.0685,68.5,0.9
29,0,12176020000000,331223,0.121474,8.23221,7.54717,7.0225e+07,5.3e+08,4000000000,0.1325,132.5,1
29,2,12176021000000,332223,0.121464,8.23292,8.47458,1.11392e+07,9.44e+07,1000000000,0.118,118,0.8
29,0,12176022000000,336223,0.121987,8.19756,6.0423,1.09561e+08,6.62e+08,4000000000,0.1655,165.5,1
29,2,12176023000000,337223,0.121703,8.21673,38.4615,540800,2.08e+07,1000000000,0.026,26,0.8
29,2,12176024000000,338223,0.12158,8.22507,12.5,5.12e+06,6.4e+07,1000000000,0.08,80,0.8
29,0,12176025000000,342223,0.122081,8.19127,6.07903,1.08241e+08,6.58e+08,4000000000,0.1645,164.5,1
29,2,12176026000000,343223,0.122046,8.19363,9.09091,9.68e+06,8.8e+07,1000000000,0.11,110,0.8
29,0,12176027000000,347223,0.122279,8.17803,7.02988,8.09402e+07,5.69e+08,4000000000,0.14225,142.25,1
29,1,12176028000000,349223,0.121868,8.20562,19.802,4.59045e+06,9.09e+07,2000000000,0.0505,50.5,0.9
29,2,12176029000000,350223,0.121822,8.20867,9.43396,8.9888e+06,8.48e+07,1000000000,0.106,106,0.8
29,0,12176030000000,354223,0.122293,8.17708,6.11621,1.06929e+08,6.54e+08,4000000000,0.1635,163.5,1
29,2,12176031000000,355223,0.122247,8.18015,9.43396,8.9888e+06,8.48e+07,1000000000,0.106,106,0.8
29,0,12176032000000,359223,0.121941,8.20069,10.5541,3.59102e+07,3.79e+08,4000000000,0.09475,94.75,1
29,1,12176033000000,361223,0.122049,8.19341,7.06714,3.604e+07,2.547e+08,2000000000,0.1415,141.5,0.9
29,2,12176034000000,362223,0.122005,8.19639,9.43396,8.9888e+06,8.48e+07,1000000000,0.106,106,0.8
29,0,12176035000000,366223,0.122469,8.16533,6.07903,1.08241e+08,6.58e+08,4000000000,0.1645,164.5,1
29,2,12176036000000,367223,0.122435,8.16759,9.09091,9.68e+06,8.8e+07,1000000000,0.11,110,0.8
29,1,12176037000000,369223,0.122479,8.16468,7.66284,3.06544e+07,2.349e+08,2000000000,0.1305,130.5,0.9
29,1,12176038000000,371223,0.122867,8.13889,5.14139,6.80944e+07,3.501e+08,2000000000,0.1945,194.5,0.9
29,1,12176039000000,373223,0.122543,8.16038,16,7.03125e+06,1.125e+08,2000000000,0.0625,62.5,0.9
29,0,12176040000000,377223,0.12298,8.13138,6.10687,1.07256e+08,6.55e+08,4000000000,0.16375,163.75,1
29,2,12176041000000,378223,0.122957,8.13295,8.77193,1.03968e+07,9.12e+07,1000000000,0.114,114,0.8
29,0,12176042000000,382223,0.123224,8.11531,6.73401,8.8209e+07,5.94e+08,4000000000,0.1485,148.5,1
29,2,12176043000000,383223,0.123048,8.12688,17.8571,2.5088e+06,4.48e+07,1000000000,0.056,56,0.8
29,1,12176044000000,385223,0.122825,8.14167,12.5,1.152e+07,1.44e+08,2000000000,0.08,80,0.9
29,0,12176045000000,389223,0.123125,8.12184,6.57895,9.2416e+07,6.08e+08,4000000000,0.152,152,1
29,2,12176046000000,390223,0.123094,8.12389,9.00901,9.8568e+06,8.88e+07,1000000000,0.111,111,0.8
29,0,12176047000000,394223,0.123552,8.09376,5.94354,1.13232e+08,6.73e+08,4000000000,0.16825,168.25,1
29,2,12176048000000,395223,0.123239,8.1143,0,0,0,1000000000,0,0,0.8
29,1,12176049000000,397223,0.122923,8.13515,16.5289,6.58845e+06,1.089e+08,2000000000,0.0605,60.5,0.9
29,0,12176050000000,401223,0.123271,8.11223,6.33914,9.95402e+07,6.31e+08,4000000000,0.15775,157.75,1
29,2,12176051000000,402223,0.12322,8.11555,9.70874,8.4872e+06,8.24e+07,1000000000,0.103,103,0.8
29,0,12176052000000,406223,0.123664,8.08645,5.94354,1.13232e+08,6.73e+08,4000000000,0.16825,168.25,1
29,2,12176053000000,407223,0.12336,8.10636,0,0,0,1000000000,0,0,0.8
29,2,12176054000000,408223,0.123308,8.1098,9.80392,8.3232e+06,8.16e+07,1000000000,0.102,102,0.8
29,0,12176055000000,410302,0.124316,8.04403,3.10299,4.15433e+08,1.28908e+09,4000000000,0.32227,167.5,1
29,2,12176056000000,410302,0.124316,8.04403,0,-nan,-nan,1000000000,-nan,0,0.8
29,0,12176057000000,410302,0.124316,8.04403,0,-nan,-nan,4000000000,-nan,0,1
30,2,12175902000000,53508,0.11217,8.91503,8.91503,1.00657e+07,8.97361e+07,1000000000,0.11217,6002,0.8
30,0,12175903000000,57508,0.104438,9.57509,1000,4000,4e+06,4000000000,0.001,1,1
30,2,12175904000000,58508,0.102653,9.74159,0,0,0,1000000000,0,0,0.8
30,2,12175905000000,59508,0.107313,9.31851,2.63158,1.1552e+08,3.04e+08,1000000000,0.38,380,0.8
30,0,12175906000000,63508,0.102475,9.75845,32.7869,3.721e+06,1.22e+08,4000000000,0.0305,30.5,1
30,2,12175907000000,64508,0.106157,9.41998,2.94118,9.248e+07,2.72e+08,1000000000,0.34,340,0.8
30,0,12175908000000,68508,0.103725,9.64087,15.5039,1.6641e+07,2.58e+08,4000000000,0.0645,64.5,1
30,2,12175909000000,69508,0.10393,9.62182,8.47458,1.11392e+07,9.44e+07,1000000000,0.118,118,0.8
30,1,12175910000000,71508,0.110114,9.08153,3.07692,1.90125e+08,5.85e+08,2000000000,0.325,325,0.9
30,0,12175911000000,75508,0.106187,9.41731,27.7778,5.184e+06,1.44e+08,4000000000,0.036,36,1
30,2,12175912000000,76508,0.110472,9.05206,2.30415,1.50685e+08,3.472e+08,1000000000,0.434,434,0.8
30,0,12175913000000,80508,0.107443,9.30728,20.202,9.801e+06,1.98e+08,4000000000,0.0495,49.5,1
30,2,12175914000000,81508,0.107572,9.29608,8.47458,1.11392e+07,9.44e+07,1000000000,0.118,118,0.8
30,1,12175915000000,83508,0.112875,8.85933,3.03951,1.94834e+08,5.922e+08,2000000000,0.329,329,0.9
30,0,12175916000000,87508,0.109316,9.14782,28.5714,4.9e+06,1.4e+08,4000000000,0.035,35,1
30,2,12175917000000,88508,0.113244,8.83049,2.18818,1.67079e+08,3.656e+08,1000000000,0.457,457,0.8
30,0,12175918000000,92508,0.110066,9.08544,25.1572,6.32025e+06,1.59e+08,4000000000,0.03975,39.75,1
30,2,12175919000000,93508,0.110108,9.08197,8.77193,1.03968e+07,9.12e+07,1000000000,0.114,114,0.8
30,1,12175920000000,95508,0.114776,8.71264,3.003,1.996e+08,5.994e+08,2000000000,0.333,333,0.9
30,0,12175921000000,99508,0.11169,8.95339,26.3158,5.776e+06,1.52e+08,4000000000,0.038,38,1
30,2,12175922000000,100508,0.115195,8.68095,2.15517,1.72237e+08,3.712e+08,1000000000,0.464,464,0.8
30,0,12175923000000,104508,0.112125,8.91859,28.5714,4.9e+06,1.4e+08,4000000000,0.035,35,1
30,2,12175924000000,105508,0.112143,8.91717,8.77193,1.03968e+07,9.12e+07,1000000000,0.114,114,0.8
30,1,12175925000000,107508,0.116252,8.60202,3.003,1.996e+08,5.994e+08,2000000000,0.333,333,0.9
30,0,12175926000000,111508,0.113445,8.81486,26.3158,5.776e+06,1.52e+08,4000000000,0.038,38,1
30,2,12175927000000,112508,0.116632,8.574,2.11864,1.78227e+08,3.776e+08,1000000000,0.472,472,0.8
30,0,12175928000000,116508,0.11376,8.7904,30.303,4.356e+06,1.32e+08,4000000000,0.033,33,1
30,2,12175929000000,117508,0.113762,8.79025,8.77193,1.03968e+07,9.12e+07,1000000000,0.114,114,0.8
30,1,12175930000000,119508,0.117431,8.5156,3.003,1.996e+08,5.994e+08,2000000000,0.333,333,0.9
30,0,12175931000000,123508,0.114859,8.70633,26.3158,5.776e+06,1.52e+08,4000000000,0.038,38,1
30,2,12175932000000,124508,0.117727,8.4942,2.11864,1.78227e+08,3.776e+08,1000000000,0.472,472,0.8
30,0,12175933000000,128508,0.11509,8.68884,30.303,4.356e+06,1.32e+08,4000000000,0.033,33,1
30,2,12175934000000,129508,0.115082,8.68948,8.77193,1.03968e+07,9.12e+07,1000000000,0.114,114,0.8
30,1,12175935000000,131508,0.118396,8.44624,3.003,1.996e+08,5.994e+08,2000000000,0.333,333,0.9
30,0,12175936000000,135508,0.116023,8.61901,26.3158,5.776e+06,1.52e+08,4000000000,0.038,38,1
30,2,12175937000000,136508,0.11863,8.42954,2.11864,1.78227e+08,3.776e+08,1000000000,0.472,472,0.8
30,0,12175938000000,140508,0.116193,8.60639,30.303,4.356e+06,1.32e+08,4000000000,0.033,33,1
30,2,12175939000000,141508,0.116177,8.60754,8.77193,1.03968e+07,9.12e+07,1000000000,0.114,114,0.8
30,1,12175940000000,143508,0.119199,8.38934,3.003,1.996e+08,5.994e+08,2000000000,0.333,333,0.9
30,0,12175941000000,147508,0.116997,8.54722,26.3158,5.776e+06,1.52e+08,4000000000,0.038,38,1
30,2,12175942000000,148508,0.119388,8.37609,2.11864,1.78227e+08,3.776e+08,1000000000,0.472,472,0.8
30,0,12175943000000,152508,0.117122,8.53813,30.303,4.356e+06,1.32e+08,4000000000,0.033,33,1
30,2,12175944000000,153508,0.117101,8.53961,8.77193,1.03968e+07,9.12e+07,1000000000,0.114,114,0.8
30,1,12175945000000,155508,0.119878,8.34181,3.003,1.996e+08,5.994e+08,2000000000,0.333,333,0.9
30,0,12175946000000,159508,0.117825,8.48718,26.3158,5.776e+06,1.52e+08,4000000000,0.038,38,1
30,2,12175947000000,160508,0.120031,8.33115,2.11864,1.78227e+08,3.776e+08,1000000000,0.472,472,0.8
30,0,12175948000000,164508,0.117915,8.48067,30.303,4.356e+06,1.32e+08,4000000000,0.033,33,1
30,2,12175949000000,165508,0.117892,8.48237,8.77193,1.03968e+07,9.12e+07,1000000000,0.114,114,0.8
30,1,12175950000000,167508,0.12046,8.30152,3.003,1.996e+08,5.994e+08,2000000000,0.333,333,0.9
30,0,12175951000000,171508,0.118537,8.4362,26.3158,5.776e+06,1.52e+08,4000000000,0.038,38,1
30,2,12175952000000,172508,0.120586,8.29286,2.11864,1.78227e+08,3.776e+08,1000000000,0.472,472,0.8
30,0,12175953000000,176508,0.118601,8.43164,30.303,4.356e+06,1.32e+08,4000000000,0.033,33,1
30,2,12175954000000,177508,0.118445,8.44271,10.989,6.6248e+06,7.28e+07,1000000000,0.091,91,0.8
30,2,12175955000000,178508,0.118124,8.46571,16.3934,2.9768e+06,4.88e+07,1000000000,0.061,61,0.8
30,1,12175956000000,180508,0.116898,8.55448,133.333,101250,1.35e+07,2000000000,0.0075,7.5,0.9
30,2,12175957000000,181508,0.117273,8.52711,5.40541,2.738e+07,1.48e+08,1000000000,0.185,185,0.8
30,1,12175958000000,183508,0.116649,8.57274,16.6667,6.48e+06,1.08e+08,2000000000,0.06,60,0.9
30,1,12175959000000,185508,0.115456,8.66131,166.667,64800,1.08e+07,2000000000,0.006,6,0.9
30,2,12175960000000,186508,0.115711,8.64223,6.13497,2.12552e+07,1.304e+08,1000000000,0.163,163,0.8
30,1,12175961000000,188508,0.117104,8.53943,4.04858,1.09816e+08,4.446e+08,2000000000,0.247,247,0.9
30,0,12175962000000,192508,0.115284,8.67427,33.8983,3.481e+06,1.18e+08,4000000000,0.0295,29.5,1
30,2,12175963000000,193508,0.115303,8.67282,8.40336,1.13288e+07,9.52e+07,1000000000,0.119,119,0.8
30,0,12175964000000,197508,0.116279,8.60002,6.11621,1.06929e+08,6.54e+08,4000000000,0.1635,163.5,1
30,2,12175965000000,198508,0.116187,8.60683,10.2041,7.6832e+06,7.84e+07,1000000000,0.098,98,0.8
30,1,12175966000000,200508,0.11827,8.45526,3.07692,1.90125e+08,5.85e+08,2000000000,0.325,325,0.9
30,0,12175967000000,204508,0.116719,8.56757,25.641,6.084e+06,1.56e+08,4000000000,0.039,39,1
30,2,12175968000000,205508,0.117329,8.52306,4.13223,4.68512e+07,1.936e+08,1000000000,0.242,242,0.8
30,0,12175969000000,209508,0.116874,8.55624,10.6952,3.4969e+07,3.74e+08,4000000000,0.0935,93.5,1
30,2,12175970000000,210508,0.116898,8.55445,8.19672,1.19072e+07,9.76e+07,1000000000,0.122,122,0.8
30,1,12175971000000,212508,0.118927,8.4085,3.00752,1.99001e+08,5.985e+08,2000000000,0.3325,332.5,0.9
30,0,12175972000000,216508,0.117335,8.52259,30.5344,4.29025e+06,1.31e+08,4000000000,0.03275,32.75,1
30,2,12175973000000,217508,0.118589,8.4325,2.5641,1.2168e+08,3.12e+08,1000000000,0.39,390,0.8
30,0,12175974000000,221508,0.117531,8.50841,16.6667,1.44e+07,2.4e+08,4000000000,0.06,60,1
30,2,12175975000000,222508,0.117686,8.49721,6.57895,1.84832e+07,1.216e+08,1000000000,0.152,152,0.8
30,1,12175976000000,224508,0.119363,8.37779,3.26797,1.68545e+08,5.508e+08,2000000000,0.306,306,0.9
30,0,12175977000000,228508,0.117851,8.48526,30.303,4.356e+06,1.32e+08,4000000000,0.033,33,1
30,2,12175978000000,229508,0.119268,8.38447,2.25734,1.56999e+08,3.544e+08,1000000000,0.443,443,0.8
30,0,12175979000000,233508,0.118064,8.46995,20.4082,9.604e+06,1.96e+08,4000000000,0.049,49,1
30,2,12175980000000,234508,0.118068,8.46966,8.40336,1.13288e+07,9.52e+07,1000000000,0.119,119,0.8
30,1,12175981000000,236508,0.119848,8.34391,3.04414,1.94242e+08,5.913e+08,2000000000,0.3285,328.5,0.9
30,0,12175982000000,240508,0.118399,8.44599,30.5344,4.29025e+06,1.31e+08,4000000000,0.03275,32.75,1
30,2,12175983000000,241508,0.119859,8.34311,2.12314,1.77473e+08,3.768e+08,1000000000,0.471,471,0.8
30,0,12175984000000,245508,0.118489,8.4396,27.972,5.11225e+06,1.43e+08,4000000000,0.03575,35.75,1
30,2,12175985000000,246508,0.118487,8.43974,8.47458,1.11392e+07,9.44e+07,1000000000,0.118,118,0.8
30,1,12175986000000,248508,0.120181,8.32077,3.03951,1.94834e+08,5.922e+08,2000000000,0.329,329,0.9
30,0,12175987000000,252508,0.118856,8.41357,27.3973,5.329e+06,1.46e+08,4000000000,0.0365,36.5,1
30,2,12175988000000,253508,0.120237,8.31692,2.1322,1.75969e+08,3.752e+08,1000000000,0.469,469,0.8
30,0,12175989000000,257508,0.118932,8.40815,27.5862,5.25625e+06,1.45e+08,4000000000,0.03625,36.25,1
30,2,12175990000000,258508,0.118929,8.4084,8.47458,1.11392e+07,9.44e+07,1000000000,0.118,118,0.8
30,1,12175991000000,260508,0.120584,8.293,2.98954,2.01402e+08,6.021e+08,2000000000,0.3345,334.5,0.9
30,0,12175992000000,264508,0.119278,8.38377,29.1971,4.69225e+06,1.37e+08,4000000000,0.03425,34.25,1
30,2,12175993000000,265508,0.120558,8.29479,2.17865,1.68545e+08,3.672e+08,1000000000,0.459,459,0.8
30,0,12175994000000,269508,0.119336,8.3797,26.1438,5.85225e+06,1.53e+08,4000000000,0.03825,38.25,1
30,2,12175995000000,270508,0.119331,8.38005,8.47458,1.11392e+07,9.44e+07,1000000000,0.118,118,0.8
30,1,12175996000000,272508,0.120896,8.2716,3.00752,1.99001e+08,5.985e+08,2000000000,0.3325,332.5,0.9
30,0,12175997000000,276508,0.119657,8.35725,28.3688,4.97025e+06,1.41e+08,4000000000,0.03525,35.25,1
30,2,12175998000000,277508,0.120869,8.27345,2.19298,1.66349e+08,3.648e+08,1000000000,0.456,456,0.8
30,0,12175999000000,281508,0.119705,8.35385,25.641,6.084e+06,1.56e+08,4000000000,0.039,39,1
30,2,12176000000000,282508,0.119699,8.35427,8.47458,1.11392e+07,9.44e+07,1000000000,0.118,118,0.8
30,1,12176001000000,284508,0.121223,8.24924,2.97177,2.03818e+08,6.057e+08,2000000000,0.3365,336.5,0.9
30,0,12176002000000,288508,0.119962,8.33597,33.0579,3.66025e+06,1.21e+08,4000000000,0.03025,30.25,1
30,2,12176003000000,289508,0.12114,8.25491,2.1692,1.70017e+08,3.688e+08,1000000000,0.461,461,0.8
30,0,12176004000000,293508,0.120072,8.32836,23.3918,7.31025e+06,1.71e+08,4000000000,0.04275,42.75,1
30,2,12176005000000,294508,0.120065,8.32885,8.47458,1.11392e+07,9.44e+07,1000000000,0.118,118,0.8
30,1,12176006000000,296508,0.122877,8.13822,1.8622,5.19064e+08,9.666e+08,2000000000,0.537,537,0.9
30,0,12176007000000,300508,0.121241,8.24801,0,0,0,4000000000,0,0,1
30,2,12176008000000,301508,0.121101,8.25755,12.6582,4.9928e+06,6.32e+07,1000000000,0.079,79,0.8
30,0,12176009000000,305508,0.121627,8.22186,6.20155,1.04006e+08,6.45e+08,4000000000,0.16125,161.25,1
30,1,12176010000000,307508,0.120836,8.27569,0,0,0,2000000000,0,0,0.9
30,2,12176011000000,308508,0.120814,8.27721,8.77193,1.03968e+07,9.12e+07,1000000000,0.114,114,0.8
30,0,12176012000000,312508,0.121386,8.2382,6.0423,1.09561e+08,6.62e+08,4000000000,0.1655,165.5,1
30,2,12176013000000,313508,0.121337,8.24154,9.43396,8.9888e+06,8.48e+07,1000000000,0.106,106,0.8
30,1,12176014000000,315508,0.121655,8.21999,5.8309,5.29421e+07,3.087e+08,2000000000,0.1715,171.5,0.9
30,0,12176015000000,319508,0.121117,8.25645,12.6984,2.48062e+07,3.15e+08,4000000000,0.07875,78.75,1
30,2,12176016000000,320508,0.121201,8.25073,6.75676,1.75232e+07,1.184e+08,1000000000,0.148,148,0.8
30,0,12176017000000,324508,0.121606,8.2233,6.49351,9.4864e+07,6.16e+08,4000000000,0.154,154,1
30,2,12176018000000,325508,0.12153,8.22842,10.3093,7.5272e+06,7.76e+07,1000000000,0.097,97,0.8
30,1,12176019000000,327508,0.121206,8.2504,14.5985,8.44605e+06,1.233e+08,2000000000,0.0685,68.5,0.9
30,0,12176020000000,331508,0.121342,8.24114,7.54717,7.0225e+07,5.3e+08,4000000000,0.1325,132.5,1
30,2,12176021000000,332508,0.121332,8.24182,8.47458,1.11392e+07,9.44e+07,1000000000,0.118,118,0.8
30,0,12176022000000,336508,0.121857,8.20631,6.0423,1.09561e+08,6.62e+08,4000000000,0.1655,165.5,1
30,2,12176023000000,337508,0.121573,8.22548,38.4615,540800,2.08e+07,1000000000,0.026,26,0.8
30,2,12176024000000,338508,0.121451,8.2338,12.5,5.12e+06,6.4e+07,1000000000,0.08,80,0.8
30,0,12176025000000,342508,0.121953,8.19986,6.07903,1.08241e+08,6.58e+08,4000000000,0.1645,164.5,1
30,2,12176026000000,343508,0.121919,8.2022,9.09091,9.68e+06,8.8e+07,1000000000,0.11,110,0.8
30,0,12176027000000,347508,0.122153,8.18648,7.02988,8.09402e+07,5.69e+08,4000000000,0.14225,142.25,1
30,1,12176028000000,349508,0.121743,8.21405,19.802,4.59045e+06,9.09e+07,2000000000,0.0505,50.5,0.9
30,2,12176029000000,350508,0.121698,8.21709,9.43396,8.9888e+06,8.48e+07,1000000000,0.106,106,0.8
30,0,12176030000000,354508,0.122169,8.18536,6.11621,1.06929e+08,6.54e+08,4000000000,0.1635,163.5,1
30,2,12176031000000,355508,0.122124,8.18841,9.43396,8.9888e+06,8.48e+07,1000000000,0.106,106,0.8
30,0,12176032000000,359508,0.121819,8.20888,10.5541,3.59102e+07,3.79e+08,4000000000,0.09475,94.75,1
30,1,12176033000000,361508,0.121928,8.20155,7.06714,3.604e+07,2.547e+08,2000000000,0.1415,141.5,0.9
30,2,12176034000000,362508,0.121884,8.20451,9.43396,8.9888e+06,8.48e+07,1000000000,0.106,106,0.8
30,0,12176035000000,366508,0.122349,8.17332,6.07903,1.08241e+08,6.58e+08,4000000000,0.1645,164.5,1
30,2,12176036000000,367508,0.122316,8.17557,9.09091,9.68e+06,8.8e+07,1000000000,0.11,110,0.8
30,1,12176037000000,369508,0.12236,8.17261,7.66284,3.06544e+07,2.349e+08,2000000000,0.1305,130.5,0.9
30,1,12176038000000,371508,0.122748,8.14675,5.14139,6.80944e+07,3.501e+08,2000000000,0.1945,194.5,0.9
30,1,12176039000000,373508,0.122426,8.16822,16,7.03125e+06,1.125e+08,2000000000,0.0625,62.5,0.9
30,0,12176040000000,377508,0.122864,8.13911,6.10687,1.07256e+08,6.55e+08,4000000000,0.16375,163.75,1
30,2,12176041000000,378508,0.12284,8.14066,8.77193,1.03968e+07,9.12e+07,1000000000,0.114,114,0.8
30,0,12176042000000,382508,0.123109,8.12291,6.73401,8.8209e+07,5.94e+08,4000000000,0.1485,148.5,1
30,2,12176043000000,383508,0.122934,8.13448,17.8571,2.5088e+06,4.48e+07,1000000000,0.056,56,0.8
30,1,12176044000000,385508,0.122711,8.14924,12.5,1.152e+07,1.44e+08,2000000000,0.08,80,0.9
30,0,12176045000000,389508,0.121451,8.2338,0,0,0,4000000000,0,0,1
30,2,12176046000000,390508,0.122686,8.15087,1.65563,2.91853e+08,4.832e+08,1000000000,0.604,604,0.8
30,0,12176047000000,394508,0.121676,8.21857,43.4783,2.116e+06,9.2e+07,4000000000,0.023,23,1
30,2,12176048000000,395508,0.12179,8.21084,5.98802,2.23112e+07,1.336e+08,1000000000,0.167,167,0.8
30,1,12176049000000,397508,0.122538,8.16071,3.69686,1.31706e+08,4.869e+08,2000000000,0.2705,270.5,0.9
30,0,12176050000000,401508,0.121614,8.22274,33.6134,3.54025e+06,1.19e+08,4000000000,0.02975,29.75,1
30,2,12176051000000,402508,0.122683,8.15107,1.81159,2.43763e+08,4.416e+08,1000000000,0.552,552,0.8
30,0,12176052000000,406508,0.12198,8.19804,19.5122,1.05062e+07,2.05e+08,4000000000,0.05125,51.25,1
30,2,12176053000000,407508,0.121706,8.21655,100,80000,8e+06,1000000000,0.01,10,0.8
30,2,12176054000000,408508,0.12293,8.13469,1.60772,3.09507e+08,4.976e+08,1000000000,0.622,622,0.8
30,0,12176055000000,412508,0.121952,8.19998,45.4545,1.936e+06,8.8e+07,4000000000,0.022,22,1
30,2,12176056000000,413508,0.122353,8.17306,3.47222,6.63552e+07,2.304e+08,1000000000,0.288,288,0.8
30,0,12176057000000,414584,0.12301,8.12942,2.66337,5.63895e+08,1.50186e+09,4000000000,0.375465,101,1
31,2,12175902000000,53014,0.114121,8.76264,8.76264,1.04188e+07,9.12966e+07,1000000000,0.114121,6050,0.8
31,0,12175903000000,57014,0.106184,9.41758,1000,4000,4e+06,4000000000,0.001,1,1
31,2,12175904000000,58014,0.104354,9.58276,0,0,0,1000000000,0,0,0.8
31,2,12175905000000,59014,0.109025,9.17221,2.63158,1.1552e+08,3.04e+08,1000000000,0.38,380,0.8
31,0,12175906000000,63014,0.10404,9.61165,32.7869,3.721e+06,1.22e+08,4000000000,0.0305,30.5,1
31,2,12175907000000,64014,0.107726,9.28277,2.94118,9.248e+07,2.72e+08,1000000000,0.34,340,0.8
31,0,12175908000000,68014,0.105184,9.50713,15.5039,1.6641e+07,2.58e+08,4000000000,0.0645,64.5,1
31,2,12175909000000,69014,0.10537,9.49037,8.47458,1.11392e+07,9.44e+07,1000000000,0.118,118,0.8
31,1,12175910000000,71014,0.111555,8.96415,3.07692,1.90125e+08,5.85e+08,2000000000,0.325,325,0.9
31,0,12175911000000,75014,0.107527,9.30002,27.7778,5.184e+06,1.44e+08,4000000000,0.036,36,1
31,2,12175912000000,76014,0.111822,8.94282,2.30415,1.50685e+08,3.472e+08,1000000000,0.434,434,0.8
31,0,12175913000000,80014,0.108706,9.19913,20.202,9.801e+06,1.98e+08,4000000000,0.0495,49.5,1
31,2,12175914000000,81014,0.108821,9.18943,8.47458,1.11392e+07,9.44e+07,1000000000,0.118,118,0.8
31,1,12175915000000,83014,0.114125,8.7623,3.03951,1.94834e+08,5.922e+08,2000000000,0.329,329,0.9
31,0,12175916000000,87014,0.110488,9.05076,28.5714,4.9e+06,1.4e+08,4000000000,0.035,35,1
31,2,12175917000000,88014,0.114425,8.73935,2.18818,1.67079e+08,3.656e+08,1000000000,0.457,457,0.8
31,0,12175918000000,92014,0.111179,8.99453,25.1572,6.32025e+06,1.59e+08,4000000000,0.03975,39.75,1
31,2,12175919000000,93014,0.111209,8.99207,8.77193,1.03968e+07,9.12e+07,1000000000,0.114,114,0.8
31,1,12175920000000,95014,0.115878,8.62979,3.003,1.996e+08,5.994e+08,2000000000,0.333,333,0.9
31,0,12175921000000,99014,0.112732,8.87063,26.3158,5.776e+06,1.52e+08,4000000000,0.038,38,1
31,2,12175922000000,100014,0.116244,8.60261,2.15517,1.72237e+08,3.712e+08,1000000000,0.464,464,0.8
31,0,12175923000000,104014,0.113119,8.84022,28.5714,4.9e+06,1.4e+08,4000000000,0.035,35,1
31,2,12175924000000,105014,0.113128,8.83956,8.77193,1.03968e+07,9.12e+07,1000000000,0.114,114,0.8
31,1,12175925000000,107014,0.117237,8.52973,3.003,1.996e+08,5.994e+08,2000000000,0.333,333,0.9
31,0,12175926000000,111014,0.114382,8.74264,26.3158,5.776e+06,1.52e+08,4000000000,0.038,38,1
31,2,12175927000000,112014,0.117575,8.50524,2.11864,1.78227e+08,3.776e+08,1000000000,0.472,472,0.8
31,0,12175928000000,116014,0.114659,8.72155,30.303,4.356e+06,1.32e+08,4000000000,0.033,33,1
31,2,12175929000000,117014,0.114653,8.72197,8.77193,1.03968e+07,9.12e+07,1000000000,0.114,114,0.8
31,1,12175930000000,119014,0.118322,8.4515,3.003,1.996e+08,5.994e+08,2000000000,0.333,333,0.9
31,0,12175931000000,123014,0.11571,8.64226,26.3158,5.776e+06,1.52e+08,4000000000,0.038,38,1
31,2,12175932000000,124014,0.118583,8.43288,2.11864,1.78227e+08,3.776e+08,1000000000,0.472,472,0.8
31,0,12175933000000,128014,0.115909,8.62744,30.303,4.356e+06,1.32e+08,4000000000,0.033,33,1
31,2,12175934000000,129014,0.115894,8.62854,8.77193,1.03968e+07,9.12e+07,1000000000,0.114,114,0.8
31,1,12175935000000,131014,0.119209,8.38865,3.003,1.996e+08,5.994e+08,2000000000,0.333,333,0.9
31,0,12175936000000,135014,0.116803,8.56145,26.3158,5.776e+06,1.52e+08,4000000000,0.038,38,1
31,2,12175937000000,136014,0.119414,8.37421,2.11864,1.78227e+08,3.776e+08,1000000000,0.472,472,0.8
31,0,12175938000000,140014,0.116945,8.551,30.303,4.356e+06,1.32e+08,4000000000,0.033,33,1
31,2,12175939000000,141014,0.116925,8.55252,8.77193,1.03968e+07,9.12e+07,1000000000,0.114,114,0.8
31,1,12175940000000,143014,0.119946,8.33706,3.003,1.996e+08,5.994e+08,2000000000,0.333,333,0.9
31,0,12175941000000,147014,0.117717,8.49497,26.3158,5.776e+06,1.52e+08,4000000000,0.038,38,1
31,2,12175942000000,148014,0.12011,8.32568,2.11864,1.78227e+08,3.776e+08,1000000000,0.472,472,0.8
31,0,12175943000000,152014,0.117818,8.48766,30.303,4.356e+06,1.32e+08,4000000000,0.033,33,1
31,2,12175944000000,153014,0.117793,8.48946,8.77193,1.03968e+07,9.12e+07,1000000000,0.114,114,0.8
31,1,12175945000000,155014,0.12057,8.29395,3.003,1.996e+08,5.994e+08,2000000000,0.333,333,0.9
31,0,12175946000000,159014,0.118493,8.43934,26.3158,5.776e+06,1.52e+08,4000000000,0.038,38,1
31,2,12175947000000,160014,0.120702,8.28487,2.11864,1.78227e+08,3.776e+08,1000000000,0.472,472,0.8
31,0,12175948000000,164014,0.118563,8.43433,30.303,4.356e+06,1.32e+08,4000000000,0.033,33,1
31,2,12175949000000,165014,0.118535,8.4363,8.77193,1.03968e+07,9.12e+07,1000000000,0.114,114,0.8
31,1,12175950000000,167014,0.121104,8.25739,3.003,1.996e+08,5.994e+08,2000000000,0.333,333,0.9
31,0,12175951000000,171014,0.11916,8.39209,26.3158,5.776e+06,1.52e+08,4000000000,0.038,38,1
31,2,12175952000000,172014,0.121211,8.25007,2.11864,1.78227e+08,3.776e+08,1000000000,0.472,472,0.8
31,0,12175953000000,176014,0.119206,8.38881,30.303,4.356e+06,1.32e+08,4000000000,0.033,33,1
31,2,12175954000000,177014,0.119047,8.40004,10.989,6.6248e+06,7.28e+07,1000000000,0.091,91,0.8
31,2,12175955000000,178014,0.118721,8.42311,16.3934,2.9768e+06,4.88e+07,1000000000,0.061,61,0.8
31,1,12175956000000,180014,0.117485,8.5117,133.333,101250,1.35e+07,2000000000,0.0075,7.5,0.9
31,2,12175957000000,181014,0.117858,8.48477,5.40541,2.738e+07,1.48e+08,1000000000,0.185,185,0.8
31,1,12175958000000,183014,0.117226,8.53053,16.6667,6.48e+06,1.08e+08,2000000000,0.06,60,0.9
31,1,12175959000000,185014,0.116024,8.61893,166.667,64800,1.08e+07,2000000000,0.006,6,0.9
31,2,12175960000000,186014,0.116276,8.60021,6.13497,2.12552e+07,1.304e+08,1000000000,0.163,163,0.8
31,1,12175961000000,188014,0.117667,8.49858,4.04858,1.09816e+08,4.446e+08,2000000000,0.247,247,0.9
31,0,12175962000000,192014,0.11583,8.63333,33.8983,3.481e+06,1.18e+08,4000000000,0.0295,29.5,1
31,2,12175963000000,193014,0.115847,8.63211,8.40336,1.13288e+07,9.52e+07,1000000000,0.119,119,0.8
31,0,12175964000000,197014,0.116814,8.56062,6.11621,1.06929e+08,6.54e+08,4000000000,0.1635,163.5,1
31,2,12175965000000,198014,0.116719,8.56758,10.2041,7.6832e+06,7.84e+07,1000000000,0.098,98,0.8
31,1,12175966000000,200014,0.118802,8.41739,3.07692,1.90125e+08,5.85e+08,2000000000,0.325,325,0.9
31,0,12175967000000,204014,0.117237,8.52973,25.641,6.084e+06,1.56e+08,4000000000,0.039,39,1
31,2,12175968000000,205014,0.117846,8.48568,4.13223,4.68512e+07,1.936e+08,1000000000,0.242,242,0.8
31,0,12175969000000,209014,0.11738,8.51936,10.6952,3.4969e+07,3.74e+08,4000000000,0.0935,93.5,1
31,2,12175970000000,210014,0.117402,8.51776,8.19672,1.19072e+07,9.76e+07,1000000000,0.122,122,0.8
31,1,12175971000000,212014,0.119431,8.37305,3.00752,1.99001e+08,5.985e+08,2000000000,0.3325,332.5,0.9
31,0,12175972000000,216014,0.117826,8.48711,30.5344,4.29025e+06,1.31e+08,4000000000,0.03275,32.75,1
31,2,12175973000000,217014,0.11908,8.39772,2.5641,1.2168e+08,3.12e+08,1000000000,0.39,390,0.8
31,0,12175974000000,221014,0.118011,8.47381,16.6667,1.44e+07,2.4e+08,4000000000,0.06,60,1
31,2,12175975000000,222014,0.118164,8.46283,6.57895,1.84832e+07,1.216e+08,1000000000,0.152,152,0.8
31,1,12175976000000,224014,0.119841,8.34441,3.26797,1.68545e+08,5.508e+08,2000000000,0.306,306,0.9
31,0,12175977000000,228014,0.118317,8.45185,30.303,4.356e+06,1.32e+08,4000000000,0.033,33,1
31,2,12175978000000,229014,0.119735,8.35177,2.25734,1.56999e+08,3.544e+08,1000000000,0.443,443,0.8
31,0,12175979000000,233014,0.118521,8.43734,20.4082,9.604e+06,1.96e+08,4000000000,0.049,49,1
31,2,12175980000000,234014,0.118523,8.43719,8.40336,1.13288e+07,9.52e+07,1000000000,0.119,119,0.8
31,1,12175981000000,236014,0.120302,8.3124,3.04414,1.94242e+08,5.913e+08,2000000000,0.3285,328.5,0.9
31,0,12175982000000,240014,0.118843,8.41446,30.5344,4.29025e+06,1.31e+08,4000000000,0.03275,32.75,1
31,2,12175983000000,241014,0.120304,8.31226,2.12314,1.77473e+08,3.768e+08,1000000000,0.471,471,0.8
31,0,12175984000000,245014,0.118924,8.40874,27.972,5.11225e+06,1.43e+08,4000000000,0.03575,35.75,1
31,2,12175985000000,246014,0.11892,8.40901,8.47458,1.11392e+07,9.44e+07,1000000000,0.118,118,0.8
31,1,12175986000000,248014,0.120659,8.28785,2.98954,2.01402e+08,6.021e+08,2000000000,0.3345,334.5,0.9
31,0,12175987000000,252014,0.119279,8.3837,29.6296,4.55625e+06,1.35e+08,4000000000,0.03375,33.75,1
31,2,12175988000000,253014,0.120653,8.2882,2.14133,1.74471e+08,3.736e+08,1000000000,0.467,467,0.8
31,0,12175989000000,257014,0.119348,8.37889,27.2109,5.40225e+06,1.47e+08,4000000000,0.03675,36.75,1
31,2,12175990000000,258014,0.119311,8.38143,9.09091,9.68e+06,8.8e+07,1000000000,0.11,110,0.8
31,1,12175991000000,260014,0.121013,8.26359,2.93686,2.08692e+08,6.129e+08,2000000000,0.3405,340.5,0.9
31,0,12175992000000,264014,0.119683,8.3554,30.0752,4.42225e+06,1.33e+08,4000000000,0.03325,33.25,1
31,2,12175993000000,265014,0.120926,8.26954,2.22717,1.61281e+08,3.592e+08,1000000000,0.449,449,0.8
31,0,12175994000000,269014,0.119734,8.35188,24.5399,6.64225e+06,1.63e+08,4000000000,0.04075,40.75,1
31,2,12175995000000,270014,0.119697,8.35439,9.09091,9.68e+06,8.8e+07,1000000000,0.11,110,0.8
31,1,12175996000000,272014,0.121295,8.24435,2.96736,2.04424e+08,6.066e+08,2000000000,0.337,337,0.9
31,0,12175997000000,276014,0.120045,8.33023,28.5714,4.9e+06,1.4e+08,4000000000,0.035,35,1
31,2,12175998000000,277014,0.121275,8.24569,2.1692,1.70017e+08,3.688e+08,1000000000,0.461,461,0.8
31,0,12175999000000,281014,0.120143,8.32338,23.9521,6.97225e+06,1.67e+08,4000000000,0.04175,41.75,1
31,2,12176000000000,282014,0.120079,8.32784,9.80392,8.3232e+06,8.16e+07,1000000000,0.102,102,0.8
31,1,12176001000000,284014,0.12155,8.22704,3.03951,1.94834e+08,5.922e+08,2000000000,0.329,329,0.9
31,0,12176002000000,288014,0.120369,8.30778,27.3973,5.329e+06,1.46e+08,4000000000,0.0365,36.5,1
31,2,12176003000000,289014,0.12162,8.2223,2.07469,1.85859e+08,3.856e+08,1000000000,0.482,482,0.8
31,0,12176004000000,293014,0.120411,8.30491,30.303,4.356e+06,1.32e+08,4000000000,0.033,33,1
31,2,12176005000000,294014,0.120572,8.29377,5.95238,2.25792e+07,1.344e+08,1000000000,0.168,168,0.8
31,1,12176006000000,296014,0.123227,8.11509,1.94742,4.74628e+08,9.243e+08,2000000000,0.5135,513.5,0.9
31,0,12176007000000,300014,0.121948,8.20024,36.6972,2.97025e+06,1.09e+08,4000000000,0.02725,27.25,1
31,2,12176008000000,301014,0.122546,8.16021,3.31126,7.29632e+07,2.416e+08,1000000000,0.302,302,0.8
31,0,12176009000000,305014,0.122034,8.19445,11.976,2.7889e+07,3.34e+08,4000000000,0.0835,83.5,1
31,1,12176010000000,307014,0.1216,8.22366,18.018,5.54445e+06,9.99e+07,2000000000,0.0555,55.5,0.9
31,2,12176011000000,308014,0.123287,8.11118,1.56006,3.28705e+08,5.128e+08,1000000000,0.641,641,0.8
31,0,12176012000000,312014,0.122001,8.19666,43.4783,2.116e+06,9.2e+07,4000000000,0.023,23,1
31,2,12176013000000,313014,0.122183,8.18444,5.58659,2.56328e+07,1.432e+08,1000000000,0.179,179,0.8
31,1,12176014000000,315014,0.122985,8.13107,4.02414,1.11154e+08,4.473e+08,2000000000,0.2485,248.5,0.9
31,0,12176015000000,319014,0.121919,8.20214,26.3158,5.776e+06,1.52e+08,4000000000,0.038,38,1
31,2,12176016000000,320014,0.123323,8.10881,1.75131,2.60833e+08,4.568e+08,1000000000,0.571,571,0.8
31,0,12176017000000,324014,0.122223,8.18176,29.1971,4.69225e+06,1.37e+08,4000000000,0.03425,34.25,1
31,2,12176018000000,325014,0.121989,8.19749,21.7391,1.6928e+06,3.68e+07,1000000000,0.046,46,0.8
31,1,12176019000000,327014,0.123157,8.11973,3.19489,1.76344e+08,5.634e+08,2000000000,0.313,313,0.9
31,0,12176020000000,331014,0.122113,8.18916,27.2109,5.40225e+06,1.47e+08,4000000000,0.03675,36.75,1
31,2,12176021000000,332014,0.123311,8.10957,1.92308,2.1632e+08,4.16e+08,1000000000,0.52,520,0.8
31,0,12176022000000,336014,0.122272,8.17851,27.7778,5.184e+06,1.44e+08,4000000000,0.036,36,1
31,2,12176023000000,337014,0.122173,8.18512,11.236,6.3368e+06,7.12e+07,1000000000,0.089,89,0.8
31,2,12176024000000,338014,0.123717,8.08298,1.5528,3.31789e+08,5.152e+08,1000000000,0.644,644,0.8
31,0,12176025000000,342014,0.122527,8.16146,45.4545,1.936e+06,8.8e+07,4000000000,0.022,22,1
31,2,12176026000000,343014,0.122954,8.13311,3.71747,5.78888e+07,2.152e+08,1000000000,0.269,269,0.8
31,0,12176027000000,347014,0.12271,8.14931,9.82801,4.14122e+07,4.07e+08,4000000000,0.10175,101.75,1
31,1,12176028000000,349014,0.122476,8.16483,12.1951,1.21032e+07,1.476e+08,2000000000,0.082,82,0.9
31,2,12176029000000,350014,0.123852,8.07414,1.65563,2.91853e+08,4.832e+08,1000000000,0.604,604,0.8
31,0,12176030000000,354014,0.122713,8.14912,43.4783,2.116e+06,9.2e+07,4000000000,0.023,23,1
31,2,12176031000000,355014,0.122874,8.13842,5.55556,2.592e+07,1.44e+08,1000000000,0.18,180,0.8
31,0,12176032000000,359014,0.122987,8.13095,7.5188,7.0756e+07,5.32e+08,4000000000,0.133,133,1
31,1,12176033000000,361014,0.122627,8.15482,17.2414,6.0552e+06,1.044e+08,2000000000,0.058,58,0.9
31,2,12176034000000,362014,0.12397,8.06645,1.64204,2.96705e+08,4.872e+08,1000000000,0.609,609,0.8
31,0,12176035000000,366014,0.122886,8.13762,40.404,2.45025e+06,9.9e+07,4000000000,0.02475,24.75,1
31,2,12176036000000,367014,0.12293,8.13472,7.19424,1.54568e+07,1.112e+08,1000000000,0.139,139,0.8
31,1,12176037000000,369014,0.123719,8.08284,3.72439,1.29766e+08,4.833e+08,2000000000,0.2685,268.5,0.9
31,1,12176038000000,371014,0.123397,8.10393,15.625,7.3728e+06,1.152e+08,2000000000,0.064,64,0.9
31,1,12176039000000,373014,0.124462,8.03459,3.10559,1.86631e+08,5.796e+08,2000000000,0.322,322,0.9
31,0,12176040000000,377014,0.123399,8.10382,41.2371,2.35225e+06,9.7e+07,4000000000,0.02425,24.25,1
31,2,12176041000000,378014,0.123802,8.07739,3.62319,6.09408e+07,2.208e+08,1000000000,0.276,276,0.8
31,0,12176042000000,382014,0.12354,8.09455,10.1266,3.90062e+07,3.95e+08,4000000000,0.09875,98.75,1
31,2,12176043000000,383014,0.123526,8.09549,8.47458,1.11392e+07,9.44e+07,1000000000,0.118,118,0.8
31,1,12176044000000,385014,0.124582,8.02681,3.0581,1.92472e+08,5.886e+08,2000000000,0.327,327,0.9
31,0,12176045000000,389014,0.123641,8.08795,30.303,4.356e+06,1.32e+08,4000000000,0.033,33,1
31,2,12176046000000,390014,0.124229,8.04966,2.83286,9.96872e+07,2.824e+08,1000000000,0.353,353,0.8
31,0,12176047000000,394014,0.123666,8.08632,14.5455,1.89062e+07,2.75e+08,4000000000,0.06875,68.75,1
31,2,12176048000000,395014,0.123768,8.07965,6.09756,2.15168e+07,1.312e+08,1000000000,0.164,164,0.8
31,1,12176049000000,397014,0.124716,8.01822,3.20513,1.75219e+08,5.616e+08,2000000000,0.312,312,0.9
31,0,12176050000000,401014,0.123851,8.07422,26.3158,5.776e+06,1.52e+08,4000000000,0.038,38,1
31,2,12176051000000,402014,0.124583,8.02679,2.39234,1.39779e+08,3.344e+08,1000000000,0.418,418,0.8
31,0,12176052000000,406014,0.123784,8.07859,22.9885,7.569e+06,1.74e+08,4000000000,0.0435,43.5,1
31,2,12176053000000,407014,0.12375,8.08081,9.09091,9.68e+06,8.8e+07,1000000000,0.11,110,0.8
31,2,12176054000000,408014,0.12504,7.99745,1.53846,3.38e+08,5.2e+08,1000000000,0.65,650,0.8
31,0,12176055000000,408263,0.125032,7.99794,8.89286,5.05798e+07,4.49799e+08,4000000000,0.11245,7,1
31,2,12176056000000,408263,0.125032,7.99794,0,-nan,-nan,1000000000,-nan,0,0.8
31,0,12176057000000,408263,0.125032,7.99794,0,-nan,-nan,4000000000,-nan,0,1
32,2,10881501000000,904,0.00110619,904,904,978.933,884956,1000000000,0.00110619,1,0.8
32,2,12175902000000,52578,0.113241,8.8307,8.68033,1.06174e+07,9.21624e+07,1000000000,0.115203,5953,0.8
32,0,12175903000000,56578,0.105306,9.49614,1000,4000,4e+06,4000000000,0.001,1,1
32,2,12175904000000,57578,0.103477,9.66398,0,0,0,1000000000,0,0,0.8
32,2,12175905000000,58578,0.108198,9.24235,2.63158,1.1552e+08,3.04e+08,1000000000,0.38,380,0.8
32,0,12175906000000,62578,0.103231,9.687,32.7869,3.721e+06,1.22e+08,4000000000,0.0305,30.5,1
32,2,12175907000000,63578,0.107757,9.28011,2.55754,1.22305e+08,3.128e+08,1000000000,0.391,391,0.8
32,0,12175908000000,67578,0.104442,9.57467,19.3237,1.07122e+07,2.07e+08,4000000000,0.05175,51.75,1
32,2,12175909000000,68578,0.10464,9.55658,8.47458,1.11392e+07,9.44e+07,1000000000,0.118,118,0.8
32,1,12175910000000,70578,0.110884,9.0184,3.07692,1.90125e+08,5.85e+08,2000000000,0.325,325,0.9
32,0,12175911000000,74578,0.106868,9.35734,27.7778,5.184e+06,1.44e+08,4000000000,0.036,36,1
32,2,12175912000000,75578,0.111342,8.98134,2.24719,1.5842e+08,3.56e+08,1000000000,0.445,445,0.8
32,0,12175913000000,79578,0.108095,9.2511,21.3904,8.74225e+06,1.87e+08,4000000000,0.04675,46.75,1
32,2,12175914000000,80578,0.108218,9.2406,8.47458,1.11392e+07,9.44e+07,1000000000,0.118,118,0.8
32,1,12175915000000,82578,0.113565,8.8055,3.03951,1.94834e+08,5.922e+08,2000000000,0.329,329,0.9
32,0,12175916000000,86578,0.109936,9.09624,28.5714,4.9e+06,1.4e+08,4000000000,0.035,35,1
32,2,12175917000000,87578,0.11391,8.77887,2.18341,1.67811e+08,3.664e+08,1000000000,0.458,458,0.8
32,0,12175918000000,91578,0.11066,9.03671,25.3165,6.241e+06,1.58e+08,4000000000,0.0395,39.5,1
32,2,12175919000000,92578,0.110696,9.03376,8.77193,1.03968e+07,9.12e+07,1000000000,0.114,114,0.8
32,1,12175920000000,94578,0.115397,8.66575,3.003,1.996e+08,5.994e+08,2000000000,0.333,333,0.9
32,0,12175921000000,98578,0.112256,8.90819,26.3158,5.776e+06,1.52e+08,4000000000,0.038,38,1
32,2,12175922000000,99578,0.115829,8.63343,2.13675,1.75219e+08,3.744e+08,1000000000,0.468,468,0.8
32,0,12175923000000,103578,0.112669,8.87558,29.4118,4.624e+06,1.36e+08,4000000000,0.034,34,1
32,2,12175924000000,104578,0.112681,8.87458,8.77193,1.03968e+07,9.12e+07,1000000000,0.114,114,0.8
32,1,12175925000000,106578,0.116816,8.56048,3.003,1.996e+08,5.994e+08,2000000000,0.333,333,0.9
32,0,12175926000000,110578,0.113965,8.77464,26.3158,5.776e+06,1.52e+08,4000000000,0.038,38,1
32,2,12175927000000,111578,0.117174,8.53434,2.11864,1.78227e+08,3.776e+08,1000000000,0.472,472,0.8
32,0,12175928000000,115578,0.11426,8.75193,30.303,4.356e+06,1.32e+08,4000000000,0.033,33,1
32,2,12175929000000,116578,0.114258,8.7521,8.77193,1.03968e+07,9.12e+07,1000000000,0.114,114,0.8
32,1,12175930000000,118578,0.117948,8.47834,3.003,1.996e+08,5.994e+08,2000000000,0.333,333,0.9
32,0,12175931000000,122578,0.115339,8.67011,26.3158,5.776e+06,1.52e+08,4000000000,0.038,38,1
32,2,12175932000000,123578,0.118233,8.45787,2.11416,1.78983e+08,3.784e+08,1000000000,0.473,473,0.8
32,0,12175933000000,127578,0.115553,8.65405,30.5344,4.29025e+06,1.31e+08,4000000000,0.03275,32.75,1
32,2,12175934000000,128578,0.115541,8.65495,8.77193,1.03968e+07,9.12e+07,1000000000,0.114,114,0.8
32,1,12175935000000,130578,0.118871,8.41245,3.003,1.996e+08,5.994e+08,2000000000,0.333,333,0.9
32,0,12175936000000,134578,0.116468,8.58607,26.3158,5.776e+06,1.52e+08,4000000000,0.038,38,1
32,2,12175937000000,135578,0.119097,8.39648,2.11416,1.78983e+08,3.784e+08,1000000000,0.473,473,0.8
32,0,12175938000000,139578,0.116623,8.57464,30.5344,4.29025e+06,1.31e+08,4000000000,0.03275,32.75,1
32,2,12175939000000,140578,0.116604,8.57601,8.77193,1.03968e+07,9.12e+07,1000000000,0.114,114,0.8
32,1,12175940000000,142578,0.11964,8.35842,3.003,1.996e+08,5.994e+08,2000000000,0.333,333,0.9
32,0,12175941000000,146578,0.117412,8.51702,26.3158,5.776e+06,1.52e+08,4000000000,0.038,38,1
32,2,12175942000000,147578,0.119821,8.34576,2.11416,1.78983e+08,3.784e+08,1000000000,0.473,473,0.8
32,0,12175943000000,151578,0.117524,8.50893,30.5344,4.29025e+06,1.31e+08,4000000000,0.03275,32.75,1
32,2,12175944000000,152578,0.117501,8.5106,8.77193,1.03968e+07,9.12e+07,1000000000,0.114,114,0.8
32,1,12175945000000,154578,0.120289,8.31333,3.003,1.996e+08,5.994e+08,2000000000,0.333,333,0.9
32,0,12175946000000,158578,0.118213,8.4593,26.3158,5.776e+06,1.52e+08,4000000000,0.038,38,1
32,2,12175947000000,159578,0.120436,8.30314,2.11416,1.78983e+08,3.784e+08,1000000000,0.473,473,0.8
32,0,12175948000000,163578,0.118292,8.45364,30.5344,4.29025e+06,1.31e+08,4000000000,0.03275,32.75,1
32,2,12175949000000,164578,0.118266,8.45551,8.77193,1.03968e+07,9.12e+07,1000000000,0.114,114,0.8
32,1,12175950000000,166578,0.120844,8.27511,3.003,1.996e+08,5.994e+08,2000000000,0.333,333,0.9
32,0,12175951000000,170578,0.118902,8.41031,26.3158,5.776e+06,1.52e+08,4000000000,0.038,38,1
32,2,12175952000000,171578,0.120965,8.26683,2.11416,1.78983e+08,3.784e+08,1000000000,0.473,473,0.8
32,0,12175953000000,175578,0.118956,8.40649,30.5344,4.29025e+06,1.31e+08,4000000000,0.03275,32.75,1
32,2,12175954000000,176578,0.118797,8.4177,10.989,6.6248e+06,7.28e+07,1000000000,0.091,91,0.8
32,2,12175955000000,177578,0.118376,8.44765,22.7273,1.5488e+06,3.52e+07,1000000000,0.044,44,0.8
32,1,12175956000000,179578,0.118199,8.46028,9.7561,1.89112e+07,1.845e+08,2000000000,0.1025,102.5,0.9
32,2,12175957000000,180578,0.117611,8.50259,83.3333,115200,9.6e+06,1000000000,0.012,12,0.8
32,1,12175958000000,182578,0.11698,8.54846,16.6667,6.48e+06,1.08e+08,2000000000,0.06,60,0.9
32,1,12175959000000,184578,0.115778,8.63725,166.667,64800,1.08e+07,2000000000,0.006,6,0.9
32,2,12175960000000,185578,0.11586,8.63113,7.63359,1.37288e+07,1.048e+08,1000000000,0.131,131,0.8
32,1,12175961000000,187578,0.116735,8.56638,5.05051,7.05672e+07,3.564e+08,2000000000,0.198,198,0.9
32,0,12175962000000,191578,0.115598,8.65068,16.0643,1.55002e+07,2.49e+08,4000000000,0.06225,62.25,1
32,2,12175963000000,192578,0.115527,8.65597,9.80392,8.3232e+06,8.16e+07,1000000000,0.102,102,0.8
32,0,12175964000000,196578,0.116524,8.58194,6.07903,1.08241e+08,6.58e+08,4000000000,0.1645,164.5,1
32,2,12175965000000,197578,0.116491,8.58438,9.09091,9.68e+06,8.8e+07,1000000000,0.11,110,0.8
32,1,12175966000000,199578,0.11858,8.43311,3.07692,1.90125e+08,5.85e+08,2000000000,0.325,325,0.9
32,0,12175967000000,203578,0.117007,8.54652,25.974,5.929e+06,1.54e+08,4000000000,0.0385,38.5,1
32,2,12175968000000,204578,0.117417,8.51663,4.97512,3.23208e+07,1.608e+08,1000000000,0.201,201,0.8
32,0,12175969000000,208578,0.117165,8.53499,9.59233,4.34722e+07,4.17e+08,4000000000,0.10425,104.25,1
32,2,12175970000000,209578,0.11715,8.53609,8.77193,1.03968e+07,9.12e+07,1000000000,0.114,114,0.8
32,1,12175971000000,211578,0.119114,8.39529,3.07692,1.90125e+08,5.85e+08,2000000000,0.325,325,0.9
32,0,12175972000000,215578,0.117572,8.50541,27.7778,5.184e+06,1.44e+08,4000000000,0.036,36,1
32,2,12175973000000,216578,0.118659,8.42749,2.83286,9.96872e+07,2.824e+08,1000000000,0.353,353,0.8
32,0,12175974000000,220578,0.117754,8.49226,14.5455,1.89062e+07,2.75e+08,4000000000,0.06875,68.75,1
32,2,12175975000000,221578,0.117701,8.49609,9.43396,8.9888e+06,8.48e+07,1000000000,0.106,106,0.8
32,1,12175976000000,223578,0.11969,8.35493,2.94118,2.0808e+08,6.12e+08,2000000000,0.34,340,0.9
32,0,12175977000000,227578,0.118166,8.46267,30.303,4.356e+06,1.32e+08,4000000000,0.033,33,1
32,2,12175978000000,228578,0.119565,8.36363,2.28311,1.53475e+08,3.504e+08,1000000000,0.438,438,0.8
32,0,12175979000000,232578,0.118266,8.45554,22.7273,7.744e+06,1.76e+08,4000000000,0.044,44,1
32,2,12175980000000,233578,0.118265,8.45562,8.47458,1.11392e+07,9.44e+07,1000000000,0.118,118,0.8
32,1,12175981000000,235578,0.12002,8.33197,3.07692,1.90125e+08,5.85e+08,2000000000,0.325,325,0.9
32,0,12175982000000,239578,0.118617,8.4305,27.7778,5.184e+06,1.44e+08,4000000000,0.036,36,1
32,2,12175983000000,240578,0.120036,8.33084,2.17391,1.6928e+08,3.68e+08,1000000000,0.46,460,0.8
32,0,12175984000000,244578,0.118805,8.41718,22.3464,8.01025e+06,1.79e+08,4000000000,0.04475,44.75,1
32,2,12175985000000,245578,0.118805,8.41712,8.40336,1.13288e+07,9.52e+07,1000000000,0.119,119,0.8
32,1,12175986000000,247578,0.120499,8.2988,3.04414,1.94242e+08,5.913e+08,2000000000,0.3285,328.5,0.9
32,0,12175987000000,251578,0.119104,8.39601,30.5344,4.29025e+06,1.31e+08,4000000000,0.03275,32.75,1
32,2,12175988000000,252578,0.120545,8.29566,2.07039,1.86631e+08,3.864e+08,1000000000,0.483,483,0.8
32,0,12175989000000,256578,0.119176,8.39093,30.5344,4.29025e+06,1.31e+08,4000000000,0.03275,32.75,1
32,2,12175990000000,257578,0.119172,8.39126,8.47458,1.11392e+07,9.44e+07,1000000000,0.118,118,0.8
32,1,12175991000000,259578,0.120758,8.28106,3.07692,1.90125e+08,5.85e+08,2000000000,0.325,325,0.9
32,0,12175992000000,263578,0.119471,8.37021,27.7778,5.184e+06,1.44e+08,4000000000,0.036,36,1
32,2,12175993000000,264578,0.120811,8.27737,2.1097,1.79741e+08,3.792e+08,1000000000,0.474,474,0.8
32,0,12175994000000,268578,0.119626,8.35936,24.2424,6.80625e+06,1.65e+08,4000000000,0.04125,41.25,1
32,2,12175995000000,269578,0.119624,8.35953,8.40336,1.13288e+07,9.52e+07,1000000000,0.119,119,0.8
32,1,12175996000000,271578,0.121162,8.2534,3.04414,1.94242e+08,5.913e+08,2000000000,0.3285,328.5,0.9
32,0,12175997000000,275578,0.119854,8.34352,32.2581,3.844e+06,1.24e+08,4000000000,0.031,31,1
32,2,12175998000000,276578,0.121185,8.25187,2.04918,1.90515e+08,3.904e+08,1000000000,0.488,488,0.8
32,0,12175999000000,280578,0.120038,8.3307,24.5399,6.64225e+06,1.63e+08,4000000000,0.04075,40.75,1
32,2,12176000000000,281578,0.119953,8.33663,10.4167,7.3728e+06,7.68e+07,1000000000,0.096,96,0.8
32,1,12176001000000,283578,0.121452,8.23373,3.00752,1.99001e+08,5.985e+08,2000000000,0.3325,332.5,0.9
32,0,12176002000000,287578,0.120218,8.31823,30.5344,4.29025e+06,1.31e+08,4000000000,0.03275,32.75,1
32,2,12176003000000,288578,0.121638,8.22113,1.88679,2.2472e+08,4.24e+08,1000000000,0.53,530,0.8
32,0,12176004000000,292578,0.120546,8.29561,23.9521,6.97225e+06,1.67e+08,4000000000,0.04175,41.75,1
32,2,12176005000000,293578,0.120356,8.30865,15.3846,3.38e+06,5.2e+07,1000000000,0.065,65,0.8
32,1,12176006000000,295578,0.123101,8.1234,1.90114,4.98017e+08,9.468e+08,2000000000,0.526,526,0.9
32,0,12176007000000,299578,0.121851,8.20672,33.8983,3.481e+06,1.18e+08,4000000000,0.0295,29.5,1
32,2,12176008000000,300578,0.121516,8.22938,47.619,352800,1.68e+07,1000000000,0.021,21,0.8
32,0,12176009000000,304578,0.121933,8.20125,6.52529,9.39422e+07,6.13e+08,4000000000,0.15325,153.25,1
32,1,12176010000000,306578,0.121137,8.2551,0,0,0,2000000000,0,0,0.9
32,2,12176011000000,307578,0.121016,8.26334,11.9048,5.6448e+06,6.72e+07,1000000000,0.084,84,0.8
32,0,12176012000000,311578,0.119476,8.3699,1000,4000,4e+06,4000000000,0.001,1,1
32,2,12176013000000,312578,0.121179,8.25223,1.53374,3.40083e+08,5.216e+08,1000000000,0.652,652,0.8
32,1,12176014000000,314578,0.12093,8.26923,12.1951,1.21032e+07,1.476e+08,2000000000,0.082,82,0.9
32,0,12176015000000,318578,0.120809,8.27755,8.98876,4.95062e+07,4.45e+08,4000000000,0.11125,111.25,1
32,2,12176016000000,319578,0.120941,8.26851,6.13497,2.12552e+07,1.304e+08,1000000000,0.163,163,0.8
32,0,12176017000000,323578,0.119897,8.3405,27.3973,5.329e+06,1.46e+08,4000000000,0.0365,36.5,1
32,2,12176018000000,324578,0.121419,8.23593,1.62866,3.01597e+08,4.912e+08,1000000000,0.614,614,0.8
32,1,12176019000000,326578,0.12119,8.2515,11.9048,1.27008e+07,1.512e+08,2000000000,0.084,84,0.9
32,0,12176020000000,330578,0.120202,8.31936,25.3165,6.241e+06,1.58e+08,4000000000,0.0395,39.5,1
32,2,12176021000000,331578,0.121184,8.2519,2.24215,1.59133e+08,3.568e+08,1000000000,0.446,446,0.8
32,0,12176022000000,335578,0.120228,8.3175,24.3902,6.724e+06,1.64e+08,4000000000,0.041,41,1
32,2,12176023000000,336578,0.121274,8.24582,2.11864,1.78227e+08,3.776e+08,1000000000,0.472,472,0.8
32,2,12176024000000,337578,0.121305,8.24366,7.57576,1.39392e+07,1.056e+08,1000000000,0.132,132,0.8
32,0,12176025000000,341578,0.120365,8.30807,24.3902,6.724e+06,1.64e+08,4000000000,0.041,41,1
32,2,12176026000000,342578,0.121777,8.21176,1.65563,2.91853e+08,4.832e+08,1000000000,0.604,604,0.8
32,0,12176027000000,346578,0.120844,8.27511,24.3902,6.724e+06,1.64e+08,4000000000,0.041,41,1
32,1,12176028000000,348578,0.12133,8.24198,4.86618,7.60144e+07,3.699e+08,2000000000,0.2055,205.5,0.9
32,2,12176029000000,349578,0.121535,8.22808,5.18135,2.97992e+07,1.544e+08,1000000000,0.193,193,0.8
32,0,12176030000000,353578,0.120624,8.29022,24.3902,6.724e+06,1.64e+08,4000000000,0.041,41,1
32,2,12176031000000,354578,0.121987,8.19758,1.65563,2.91853e+08,4.832e+08,1000000000,0.604,604,0.8
32,0,12176032000000,358578,0.121084,8.25874,24.3902,6.724e+06,1.64e+08,4000000000,0.041,41,1
32,1,12176033000000,360578,0.121192,8.2514,7.11744,3.55325e+07,2.529e+08,2000000000,0.1405,140.5,0.9
32,2,12176034000000,361578,0.121761,8.21283,3.0581,8.55432e+07,2.616e+08,1000000000,0.327,327,0.8
32,0,12176035000000,365578,0.120866,8.27362,25,6.4e+06,1.6e+08,4000000000,0.04,40,1
32,2,12176036000000,366578,0.122091,8.19059,1.75439,2.5992e+08,4.56e+08,1000000000,0.57,570,0.8
32,1,12176037000000,368578,0.121912,8.20265,11.236,1.42578e+07,1.602e+08,2000000000,0.089,89,0.9
32,1,12176038000000,370578,0.121472,8.23232,24.6914,2.95245e+06,7.29e+07,2000000000,0.0405,40.5,0.9
32,1,12176039000000,372578,0.122278,8.1781,3.68324,1.32682e+08,4.887e+08,2000000000,0.2715,271.5,0.9
32,0,12176040000000,376578,0.121414,8.23625,24.3902,6.724e+06,1.64e+08,4000000000,0.041,41,1
32,2,12176041000000,377578,0.12261,8.15591,1.7452,2.62663e+08,4.584e+08,1000000000,0.573,573,0.8
32,0,12176042000000,381578,0.121834,8.20792,20.6186,9.409e+06,1.94e+08,4000000000,0.0485,48.5,1
32,2,12176043000000,382578,0.121612,8.22289,27.027,1.0952e+06,2.96e+07,1000000000,0.037,37,0.8
32,1,12176044000000,384578,0.122488,8.1641,3.44828,1.5138e+08,5.22e+08,2000000000,0.29,290,0.9
32,0,12176045000000,388578,0.121587,8.22457,28.5714,4.9e+06,1.4e+08,4000000000,0.035,35,1
32,2,12176046000000,389578,0.122646,8.15358,1.87266,2.28125e+08,4.272e+08,1000000000,0.534,534,0.8
32,0,12176047000000,393578,0.12179,8.21083,25.974,5.929e+06,1.54e+08,4000000000,0.0385,38.5,1
32,2,12176048000000,394578,0.121649,8.22038,15.1515,3.4848e+06,5.28e+07,1000000000,0.066,66,0.8
32,1,12176049000000,396578,0.122634,8.15434,3.15457,1.8088e+08,5.706e+08,2000000000,0.317,317,0.9
32,0,12176050000000,400578,0.121749,8.21361,29.4118,4.624e+06,1.36e+08,4000000000,0.034,34,1
32,2,12176051000000,401578,0.122741,8.14725,1.92308,2.1632e+08,4.16e+08,1000000000,0.52,520,0.8
32,0,12176052000000,405578,0.121806,8.20975,35.7143,3.136e+06,1.12e+08,4000000000,0.028,28,1
32,2,12176053000000,406578,0.121797,8.21038,8.47458,1.11392e+07,9.44e+07,1000000000,0.118,118,0.8
32,2,12176054000000,407578,0.123083,8.12459,1.54799,3.33853e+08,5.168e+08,1000000000,0.646,646,0.8
32,0,12176055000000,411578,0.122285,8.17759,24.3902,6.724e+06,1.64e+08,4000000000,0.041,41,1
32,2,12176056000000,412578,0.122556,8.15952,4.2735,4.38048e+07,1.872e+08,1000000000,0.234,234,0.8
32,0,12176057000000,413759,0.123139,8.12088,3.05959,4.27302e+08,1.30737e+09,4000000000,0.326842,96.5,1
33,2,10881501000000,834,0.00119904,834,834,1150.16,959233,1000000000,0.00119904,1,0.8
33,2,12175902000000,52438,0.114459,8.73675,8.59923,1.08186e+07,9.30315e+07,1000000000,0.116289,6001,0.8
33,0,12175903000000,56438,0.106418,9.39694,1000,4000,4e+06,4000000000,0.001,1,1
33,2,12175904000000,57438,0.104565,9.56344,0,0,0,1000000000,0,0,0.8
33,2,12175905000000,58438,0.109278,9.15096,2.63158,1.1552e+08,3.04e+08,1000000000,0.38,380,0.8
33,0,12175906000000,62438,0.104231,9.59404,32.7869,3.721e+06,1.22e+08,4000000000,0.0305,30.5,1
33,2,12175907000000,63438,0.108752,9.19525,2.55754,1.22305e+08,3.128e+08,1000000000,0.391,391,0.8
33,0,12175908000000,67438,0.105371,9.49029,19.3237,1.07122e+07,2.07e+08,4000000000,0.05175,51.75,1
33,2,12175909000000,68438,0.105555,9.4737,8.47458,1.11392e+07,9.44e+07,1000000000,0.118,118,0.8
33,1,12175910000000,70438,0.111786,8.94564,3.07692,1.90125e+08,5.85e+08,2000000000,0.325,325,0.9
33,0,12175911000000,74438,0.107714,9.28386,27.7778,5.184e+06,1.44e+08,4000000000,0.036,36,1
33,2,12175912000000,75438,0.112185,8.91386,2.24719,1.5842e+08,3.56e+08,1000000000,0.445,445,0.8
33,0,12175913000000,79438,0.10889,9.18358,21.3904,8.74225e+06,1.87e+08,4000000000,0.04675,46.75,1
33,2,12175914000000,80438,0.109003,9.17404,8.47458,1.11392e+07,9.44e+07,1000000000,0.118,118,0.8
33,1,12175915000000,82438,0.11434,8.74581,3.03951,1.94834e+08,5.922e+08,2000000000,0.329,329,0.9
33,0,12175916000000,86438,0.110669,9.03596,28.5714,4.9e+06,1.4e+08,4000000000,0.035,35,1
33,2,12175917000000,87438,0.114641,8.72287,2.18341,1.67811e+08,3.664e+08,1000000000,0.458,458,0.8
33,0,12175918000000,91438,0.111354,8.98036,25.3165,6.241e+06,1.58e+08,4000000000,0.0395,39.5,1
33,2,12175919000000,92438,0.111383,8.97805,8.77193,1.03968e+07,9.12e+07,1000000000,0.114,114,0.8
33,1,12175920000000,94438,0.116076,8.61503,3.003,1.996e+08,5.994e+08,2000000000,0.333,333,0.9
33,0,12175921000000,98438,0.112904,8.85712,26.3158,5.776e+06,1.52e+08,4000000000,0.038,38,1
33,2,12175922000000,99438,0.116475,8.58556,2.13675,1.75219e+08,3.744e+08,1000000000,0.468,468,0.8
33,0,12175923000000,103438,0.113285,8.82727,29.4118,4.624e+06,1.36e+08,4000000000,0.034,34,1
33,2,12175924000000,104438,0.113292,8.82674,8.77193,1.03968e+07,9.12e+07,1000000000,0.114,114,0.8
33,1,12175925000000,106438,0.11742,8.5164,3.003,1.996e+08,5.994e+08,2000000000,0.333,333,0.9
33,0,12175926000000,110438,0.114544,8.73028,26.3158,5.776e+06,1.52e+08,4000000000,0.038,38,1
33,2,12175927000000,111438,0.117752,8.49246,2.11864,1.78227e+08,3.776e+08,1000000000,0.472,472,0.8
33,0,12175928000000,115438,0.114815,8.70967,30.303,4.356e+06,1.32e+08,4000000000,0.033,33,1
33,2,12175929000000,116438,0.114808,8.7102,8.77193,1.03968e+07,9.12e+07,1000000000,0.114,114,0.8
33,1,12175930000000,118438,0.118492,8.43936,3.003,1.996e+08,5.994e+08,2000000000,0.333,333,0.9
33,0,12175931000000,122438,0.115863,8.6309,26.3158,5.776e+06,1.52e+08,4000000000,0.038,38,1
33,2,12175932000000,123438,0.118756,8.42063,2.11416,1.78983e+08,3.784e+08,1000000000,0.473,473,0.8
33,0,12175933000000,127438,0.116056,8.6165,30.5344,4.29025e+06,1.31e+08,4000000000,0.03275,32.75,1
33,2,12175934000000,128438,0.11604,8.61769,8.77193,1.03968e+07,9.12e+07,1000000000,0.114,114,0.8
33,1,12175935000000,130438,0.119367,8.37752,3.003,1.996e+08,5.994e+08,2000000000,0.333,333,0.9
33,0,12175936000000,134438,0.116946,8.55095,26.3158,5.776e+06,1.52e+08,4000000000,0.038,38,1
33,2,12175937000000,135438,0.119575,8.36295,2.11416,1.78983e+08,3.784e+08,1000000000,0.473,473,0.8
33,0,12175938000000,139438,0.117084,8.54086,30.5344,4.29025e+06,1.31e+08,4000000000,0.03275,32.75,1
33,2,12175939000000,140438,0.117062,8.54246,8.77193,1.03968e+07,9.12e+07,1000000000,0.114,114,0.8
33,1,12175940000000,142438,0.120094,8.32679,3.003,1.996e+08,5.994e+08,2000000000,0.333,333,0.9
33,0,12175941000000,146438,0.117852,8.48522,26.3158,5.776e+06,1.52e+08,4000000000,0.038,38,1
33,2,12175942000000,147438,0.120261,8.31527,2.11416,1.78983e+08,3.784e+08,1000000000,0.473,473,0.8
33,0,12175943000000,151438,0.117949,8.47822,30.5344,4.29025e+06,1.31e+08,4000000000,0.03275,32.75,1
33,2,12175944000000,152438,0.117923,8.48008,8.77193,1.03968e+07,9.12e+07,1000000000,0.114,114,0.8
33,1,12175945000000,154438,0.120709,8.28441,3.003,1.996e+08,5.994e+08,2000000000,0.333,333,0.9
33,0,12175946000000,158438,0.118621,8.43024,26.3158,5.776e+06,1.52e+08,4000000000,0.038,38,1
33,2,12175947000000,159438,0.120843,8.27519,2.11416,1.78983e+08,3.784e+08,1000000000,0.473,473,0.8
33,0,12175948000000,163438,0.118687,8.42551,30.5344,4.29025e+06,1.31e+08,4000000000,0.03275,32.75,1
33,2,12175949000000,164438,0.118659,8.42753,8.77193,1.03968e+07,9.12e+07,1000000000,0.114,114,0.8
33,1,12175950000000,166438,0.121234,8.24849,3.003,1.996e+08,5.994e+08,2000000000,0.333,333,0.9
33,0,12175951000000,170438,0.119281,8.38357,26.3158,5.776e+06,1.52e+08,4000000000,0.038,38,1
33,2,12175952000000,171438,0.121344,8.24102,2.11416,1.78983e+08,3.784e+08,1000000000,0.473,473,0.8
33,0,12175953000000,175438,0.119324,8.38053,30.5344,4.29025e+06,1.31e+08,4000000000,0.03275,32.75,1
33,2,12175954000000,176438,0.119164,8.39182,10.989,6.6248e+06,7.28e+07,1000000000,0.091,91,0.8
33,2,12175955000000,177438,0.11874,8.42176,22.7273,1.5488e+06,3.52e+07,1000000000,0.044,44,0.8
33,1,12175956000000,179438,0.118559,8.43462,9.7561,1.89112e+07,1.845e+08,2000000000,0.1025,102.5,0.9
33,2,12175957000000,180438,0.117968,8.47684,83.3333,115200,9.6e+06,1000000000,0.012,12,0.8
33,1,12175958000000,182438,0.117333,8.52275,16.6667,6.48e+06,1.08e+08,2000000000,0.06,60,0.9
33,1,12175959000000,184438,0.116126,8.61135,166.667,64800,1.08e+07,2000000000,0.006,6,0.9
33,2,12175960000000,185438,0.116206,8.60541,7.63359,1.37288e+07,1.048e+08,1000000000,0.131,131,0.8
33,1,12175961000000,187438,0.117079,8.54126,5.05051,7.05672e+07,3.564e+08,2000000000,0.198,198,0.9
33,0,12175962000000,191438,0.115933,8.62566,16.0643,1.55002e+07,2.49e+08,4000000000,0.06225,62.25,1
33,2,12175963000000,192438,0.115861,8.63105,9.80392,8.3232e+06,8.16e+07,1000000000,0.102,102,0.8
33,0,12175964000000,196438,0.116851,8.5579,6.07903,1.08241e+08,6.58e+08,4000000000,0.1645,164.5,1
33,2,12175965000000,197438,0.116816,8.56044,9.09091,9.68e+06,8.8e+07,1000000000,0.11,110,0.8
33,1,12175966000000,199438,0.118904,8.41014,3.07692,1.90125e+08,5.85e+08,2000000000,0.325,325,0.9
33,0,12175967000000,203438,0.117323,8.52346,25.974,5.929e+06,1.54e+08,4000000000,0.0385,38.5,1
33,2,12175968000000,204438,0.117733,8.49383,4.97512,3.23208e+07,1.608e+08,1000000000,0.201,201,0.8
33,0,12175969000000,208438,0.117474,8.51254,9.59233,4.34722e+07,4.17e+08,4000000000,0.10425,104.25,1
33,2,12175970000000,209438,0.117457,8.51374,8.77193,1.03968e+07,9.12e+07,1000000000,0.114,114,0.8
33,1,12175971000000,211438,0.11942,8.37378,3.07692,1.90125e+08,5.85e+08,2000000000,0.325,325,0.9
33,0,12175972000000,215438,0.117871,8.48382,27.7778,5.184e+06,1.44e+08,4000000000,0.036,36,1
33,2,12175973000000,216438,0.118958,8.40634,2.83286,9.96872e+07,2.824e+08,1000000000,0.353,353,0.8
33,0,12175974000000,220438,0.118047,8.47122,14.5455,1.89062e+07,2.75e+08,4000000000,0.06875,68.75,1
33,2,12175975000000,221438,0.117992,8.47512,9.43396,8.9888e+06,8.48e+07,1000000000,0.106,106,0.8
33,1,12175976000000,223438,0.11998,8.33475,2.94118,2.0808e+08,6.12e+08,2000000000,0.34,340,0.9
33,0,12175977000000,227438,0.11845,8.44239,30.303,4.356e+06,1.32e+08,4000000000,0.033,33,1
33,2,12175978000000,228438,0.119849,8.34385,2.28311,1.53475e+08,3.504e+08,1000000000,0.438,438,0.8
33,0,12175979000000,232438,0.118543,8.43573,22.7273,7.744e+06,1.76e+08,4000000000,0.044,44,1
33,2,12175980000000,233438,0.118541,8.43589,8.47458,1.11392e+07,9.44e+07,1000000000,0.118,118,0.8
33,1,12175981000000,235438,0.120295,8.3129,3.07692,1.90125e+08,5.85e+08,2000000000,0.325,325,0.9
33,0,12175982000000,239438,0.118887,8.41137,27.7778,5.184e+06,1.44e+08,4000000000,0.036,36,1
33,2,12175983000000,240438,0.120305,8.31218,2.17391,1.6928e+08,3.68e+08,1000000000,0.46,460,0.8
33,0,12175984000000,244438,0.119069,8.39849,22.3464,8.01025e+06,1.79e+08,4000000000,0.04475,44.75,1
33,2,12175985000000,245438,0.119069,8.39851,8.40336,1.13288e+07,9.52e+07,1000000000,0.119,119,0.8
33,1,12175986000000,247438,0.120762,8.28078,3.04414,1.94242e+08,5.913e+08,2000000000,0.3285,328.5,0.9
33,0,12175987000000,251438,0.119361,8.37792,30.5344,4.29025e+06,1.31e+08,4000000000,0.03275,32.75,1
33,2,12175988000000,252438,0.120802,8.27801,2.07039,1.86631e+08,3.864e+08,1000000000,0.483,483,0.8
33,0,12175989000000,256438,0.119428,8.37321,30.5344,4.29025e+06,1.31e+08,4000000000,0.03275,32.75,1
33,2,12175990000000,257438,0.119423,8.3736,8.47458,1.11392e+07,9.44e+07,1000000000,0.118,118,0.8
33,1,12175991000000,259438,0.121008,8.26394,3.07692,1.90125e+08,5.85e+08,2000000000,0.325,325,0.9
33,0,12175992000000,263438,0.119717,8.35303,27.7778,5.184e+06,1.44e+08,4000000000,0.036,36,1
33,2,12175993000000,264438,0.121057,8.26059,2.1097,1.79741e+08,3.792e+08,1000000000,0.474,474,0.8
33,0,12175994000000,268438,0.119868,8.34254,24.2424,6.80625e+06,1.65e+08,4000000000,0.04125,41.25,1
33,2,12175995000000,269438,0.119864,8.34277,8.40336,1.13288e+07,9.52e+07,1000000000,0.119,119,0.8
33,1,12175996000000,271438,0.121402,8.23713,3.04414,1.94242e+08,5.913e+08,2000000000,0.3285,328.5,0.9
33,0,12175997000000,275438,0.120089,8.32718,32.2581,3.844e+06,1.24e+08,4000000000,0.031,31,1
33,2,12175998000000,276438,0.12142,8.2359,2.04918,1.90515e+08,3.904e+08,1000000000,0.488,488,0.8
33,0,12175999000000,280438,0.120269,8.31469,24.5399,6.64225e+06,1.63e+08,4000000000,0.04075,40.75,1
33,2,12176000000000,281438,0.120183,8.32066,10.4167,7.3728e+06,7.68e+07,1000000000,0.096,96,0.8
33,1,12176001000000,283438,0.121681,8.21821,3.00752,1.99001e+08,5.985e+08,2000000000,0.3325,332.5,0.9
33,0,12176002000000,287438,0.120443,8.30266,30.5344,4.29025e+06,1.31e+08,4000000000,0.03275,32.75,1
33,2,12176003000000,288438,0.121863,8.20592,1.88679,2.2472e+08,4.24e+08,1000000000,0.53,530,0.8
33,0,12176004000000,292438,0.120767,8.28037,23.9521,6.97225e+06,1.67e+08,4000000000,0.04175,41.75,1
33,2,12176005000000,293438,0.120577,8.29343,15.3846,3.38e+06,5.2e+07,1000000000,0.065,65,0.8
33,1,12176006000000,295438,0.123322,8.10885,1.90114,4.98017e+08,9.468e+08,2000000000,0.526,526,0.9
33,0,12176007000000,299438,0.122069,8.19211,33.8983,3.481e+06,1.18e+08,4000000000,0.0295,29.5,1
33,2,12176008000000,300438,0.121732,8.21475,47.619,352800,1.68e+07,1000000000,0.021,21,0.8
33,0,12176009000000,304438,0.12216,8.18602,6.48298,9.51722e+07,6.17e+08,4000000000,0.15425,154.25,1
33,1,12176010000000,306438,0.121503,8.23028,46.5116,832050,3.87e+07,2000000000,0.0215,21.5,0.9
33,2,12176011000000,307438,0.121263,8.24651,20.8333,1.8432e+06,3.84e+07,1000000000,0.048,48,0.8
33,0,12176012000000,311438,0.121777,8.21173,6.20155,1.04006e+08,6.45e+08,4000000000,0.16125,161.25,1
33,2,12176013000000,312438,0.121912,8.20263,6.09756,2.15168e+07,1.312e+08,1000000000,0.164,164,0.8
33,1,12176014000000,314438,0.122221,8.18188,5.8651,5.23265e+07,3.069e+08,2000000000,0.1705,170.5,0.9
33,0,12176015000000,318438,0.121524,8.2288,14.9813,1.78223e+07,2.67e+08,4000000000,0.06675,66.75,1
33,2,12176016000000,319438,0.121645,8.22065,6.25,2.048e+07,1.28e+08,1000000000,0.16,160,0.8
33,0,12176017000000,323438,0.122008,8.19619,6.62252,9.1204e+07,6.04e+08,4000000000,0.151,151,1
33,2,12176018000000,324438,0.12202,8.19536,7.93651,1.27008e+07,1.008e+08,1000000000,0.126,126,0.8
33,1,12176019000000,326438,0.12153,8.22842,23.8095,3.1752e+06,7.56e+07,2000000000,0.042,42,0.9
33,0,12176020000000,330438,0.121735,8.21454,7.22022,7.6729e+07,5.54e+08,4000000000,0.1385,138.5,1
33,2,12176021000000,331438,0.121724,8.2153,8.47458,1.11392e+07,9.44e+07,1000000000,0.118,118,0.8
33,0,12176022000000,335438,0.122246,8.18022,6.0423,1.09561e+08,6.62e+08,4000000000,0.1655,165.5,1
33,2,12176023000000,336438,0.122257,8.17947,7.93651,1.27008e+07,1.008e+08,1000000000,0.126,126,0.8
33,2,12176024000000,337438,0.122102,8.18985,14.2857,3.92e+06,5.6e+07,1000000000,0.07,70,0.8
33,0,12176025000000,341438,0.122324,8.17502,7.0922,7.9524e+07,5.64e+08,4000000000,0.141,141,1
33,2,12176026000000,342438,0.122337,8.17411,7.87402,1.29032e+07,1.016e+08,1000000000,0.127,127,0.8
33,0,12176027000000,346438,0.122798,8.14343,6.16333,1.053e+08,6.49e+08,4000000000,0.16225,162.25,1
33,1,12176028000000,348438,0.122306,8.17622,27.027,2.4642e+06,6.66e+07,2000000000,0.037,37,0.9
33,2,12176029000000,349438,0.12219,8.18394,12.1951,5.3792e+06,6.56e+07,1000000000,0.082,82,0.8
33,0,12176030000000,353438,0.122562,8.15915,6.45161,9.61e+07,6.2e+08,4000000000,0.155,155,1
33,2,12176031000000,354438,0.122634,8.15437,6.75676,1.75232e+07,1.184e+08,1000000000,0.148,148,0.8
33,0,12176032000000,358438,0.122716,8.14891,7.69231,6.76e+07,5.2e+08,4000000000,0.13,130,1
33,1,12176033000000,360438,0.122279,8.17802,22.7273,3.4848e+06,7.92e+07,2000000000,0.044,44,0.9
33,2,12176034000000,361438,0.122383,8.17104,6.25,2.048e+07,1.28e+08,1000000000,0.16,160,0.8
33,0,12176035000000,365438,0.122729,8.148,6.49351,9.4864e+07,6.16e+08,4000000000,0.154,154,1
33,2,12176036000000,366438,0.122809,8.1427,6.57895,1.84832e+07,1.216e+08,1000000000,0.152,152,0.8
33,1,12176037000000,368438,0.122742,8.14714,9.04977,2.19784e+07,1.989e+08,2000000000,0.1105,110.5,0.9
33,1,12176038000000,370438,0.123135,8.12115,5.11509,6.87964e+07,3.519e+08,2000000000,0.1955,195.5,0.9
33,1,12176039000000,372438,0.122893,8.13716,12.8205,1.09512e+07,1.404e+08,2000000000,0.078,78,0.9
33,0,12176040000000,376438,0.123213,8.11604,6.53595,9.3636e+07,6.12e+08,4000000000,0.153,153,1
33,2,12176041000000,377438,0.1233,8.11032,6.41026,1.94688e+07,1.248e+08,1000000000,0.156,156,0.8
33,0,12176042000000,381438,0.12337,8.1057,7.69231,6.76e+07,5.2e+08,4000000000,0.13,130,1
33,2,12176043000000,382438,0.123351,8.10697,8.62069,1.07648e+07,9.28e+07,1000000000,0.116,116,0.8
33,1,12176044000000,384438,0.123052,8.12662,15.1515,7.8408e+06,1.188e+08,2000000000,0.066,66,0.9
33,0,12176045000000,388438,0.12334,8.10766,6.62252,9.1204e+07,6.04e+08,4000000000,0.151,151,1
33,2,12176046000000,389438,0.123316,8.10924,8.77193,1.03968e+07,9.12e+07,1000000000,0.114,114,0.8
33,0,12176047000000,393438,0.123745,8.08113,6.0423,1.09561e+08,6.62e+08,4000000000,0.1655,165.5,1
33,2,12176048000000,394438,0.123619,8.08938,13.5135,4.3808e+06,5.92e+07,1000000000,0.074,74,0.8
33,1,12176049000000,396438,0.123202,8.11674,24.3902,3.0258e+06,7.38e+07,2000000000,0.041,41,0.9
33,0,12176050000000,400438,0.12352,8.09587,6.45161,9.61e+07,6.2e+08,4000000000,0.155,155,1
33,2,12176051000000,401438,0.123581,8.09188,6.75676,1.75232e+07,1.184e+08,1000000000,0.148,148,0.8
33,0,12176052000000,405438,0.123851,8.0742,6.62252,9.1204e+07,6.04e+08,4000000000,0.151,151,1
33,2,12176053000000,406438,0.123748,8.08092,12.1951,5.3792e+06,6.56e+07,1000000000,0.082,82,0.8
33,2,12176054000000,407438,0.123646,8.08762,12.1951,5.3792e+06,6.56e+07,1000000000,0.082,82,0.8
33,0,12176055000000,409173,0.124637,8.02331,2.79839,5.10792e+08,1.42939e+09,4000000000,0.357349,155,1
33,2,12176056000000,409173,0.124637,8.02331,0,-nan,-nan,1000000000,-nan,0,0.8
33,0,12176057000000,409173,0.124637,8.02331,0,-nan,-nan,4000000000,-nan,0,1
34,2,10881501000000,763,0.00131062,763,763,1374.17,1.04849e+06,1000000000,0.00131062,1,0.8
34,2,12175902000000,52282,0.116637,8.57363,8.44989,1.12044e+07,9.46758e+07,1000000000,0.118345,6097,0.8
34,0,12175903000000,56282,0.108418,9.22353,1000,4000,4e+06,4000000000,0.001,1,1
34,2,12175904000000,57282,0.106526,9.38741,0,0,0,1000000000,0,0,0.8
34,2,12175905000000,58282,0.111218,8.99136,2.63158,1.1552e+08,3.04e+08,1000000000,0.38,380,0.8
34,0,12175906000000,62282,0.106034,9.43095,32.7869,3.721e+06,1.22e+08,4000000000,0.0305,30.5,1
34,2,12175907000000,63282,0.110537,9.04675,2.55754,1.22305e+08,3.128e+08,1000000000,0.391,391,0.8
34,0,12175908000000,67282,0.107042,9.34213,19.3237,1.07122e+07,2.07e+08,4000000000,0.05175,51.75,1
34,2,12175909000000,68282,0.107202,9.32814,8.47458,1.11392e+07,9.44e+07,1000000000,0.118,118,0.8
34,1,12175910000000,70282,0.1134,8.81832,3.07692,1.90125e+08,5.85e+08,2000000000,0.325,325,0.9
34,0,12175911000000,74282,0.109232,9.15479,27.7778,5.184e+06,1.44e+08,4000000000,0.036,36,1
34,2,12175912000000,75282,0.113693,8.79565,2.24719,1.5842e+08,3.56e+08,1000000000,0.445,445,0.8
34,0,12175913000000,79282,0.110315,9.06494,21.3904,8.74225e+06,1.87e+08,4000000000,0.04675,46.75,1
34,2,12175914000000,80282,0.110411,9.05708,8.47458,1.11392e+07,9.44e+07,1000000000,0.118,118,0.8
34,1,12175915000000,82282,0.115724,8.64125,3.03951,1.94834e+08,5.922e+08,2000000000,0.329,329,0.9
34,0,12175916000000,86282,0.111982,8.93004,28.5714,4.9e+06,1.4e+08,4000000000,0.035,35,1
34,2,12175917000000,87282,0.115946,8.6247,2.18341,1.67811e+08,3.664e+08,1000000000,0.458,458,0.8
34,0,12175918000000,91282,0.112596,8.8813,25.3165,6.241e+06,1.58e+08,4000000000,0.0395,39.5,1
34,2,12175919000000,92282,0.112611,8.8801,8.77193,1.03968e+07,9.12e+07,1000000000,0.114,114,0.8
34,1,12175920000000,94282,0.117286,8.52613,3.003,1.996e+08,5.994e+08,2000000000,0.333,333,0.9
34,0,12175921000000,98282,0.11406,8.76735,26.3158,5.776e+06,1.52e+08,4000000000,0.038,38,1
34,2,12175922000000,99282,0.117625,8.50163,2.13675,1.75219e+08,3.744e+08,1000000000,0.468,468,0.8
34,0,12175923000000,103282,0.114386,8.74234,29.4118,4.624e+06,1.36e+08,4000000000,0.034,34,1
34,2,12175924000000,104282,0.114382,8.74262,8.77193,1.03968e+07,9.12e+07,1000000000,0.114,114,0.8
34,1,12175925000000,106282,0.118496,8.4391,3.003,1.996e+08,5.994e+08,2000000000,0.333,333,0.9
34,0,12175926000000,110282,0.115576,8.65228,26.3158,5.776e+06,1.52e+08,4000000000,0.038,38,1
34,2,12175927000000,111282,0.118779,8.41897,2.11864,1.78227e+08,3.776e+08,1000000000,0.472,472,0.8
34,0,12175928000000,115282,0.115803,8.63536,30.303,4.356e+06,1.32e+08,4000000000,0.033,33,1
34,2,12175929000000,116282,0.115787,8.63651,8.77193,1.03968e+07,9.12e+07,1000000000,0.114,114,0.8
34,1,12175930000000,118282,0.11946,8.37098,3.003,1.996e+08,5.994e+08,2000000000,0.333,333,0.9
34,0,12175931000000,122282,0.116796,8.56197,26.3158,5.776e+06,1.52e+08,4000000000,0.038,38,1
34,2,12175932000000,123282,0.119685,8.35527,2.11416,1.78983e+08,3.784e+08,1000000000,0.473,473,0.8
34,0,12175933000000,127282,0.116953,8.55045,30.5344,4.29025e+06,1.31e+08,4000000000,0.03275,32.75,1
34,2,12175934000000,128282,0.11693,8.55213,8.77193,1.03968e+07,9.12e+07,1000000000,0.114,114,0.8
34,1,12175935000000,130282,0.120247,8.31623,3.003,1.996e+08,5.994e+08,2000000000,0.333,333,0.9
34,0,12175936000000,134282,0.117797,8.48919,26.3158,5.776e+06,1.52e+08,4000000000,0.038,38,1
34,2,12175937000000,135282,0.120423,8.30409,2.11416,1.78983e+08,3.784e+08,1000000000,0.473,473,0.8
34,0,12175938000000,139282,0.117905,8.48143,30.5344,4.29025e+06,1.31e+08,4000000000,0.03275,32.75,1
34,2,12175939000000,140282,0.117877,8.48343,8.77193,1.03968e+07,9.12e+07,1000000000,0.114,114,0.8
34,1,12175940000000,142282,0.120901,8.27125,3.003,1.996e+08,5.994e+08,2000000000,0.333,333,0.9
34,0,12175941000000,146282,0.118634,8.4293,26.3158,5.776e+06,1.52e+08,4000000000,0.038,38,1
34,2,12175942000000,147282,0.12104,8.26174,2.11416,1.78983e+08,3.784e+08,1000000000,0.473,473,0.8
34,0,12175943000000,151282,0.118705,8.42421,30.5344,4.29025e+06,1.31e+08,4000000000,0.03275,32.75,1
34,2,12175944000000,152282,0.118675,8.42641,8.77193,1.03968e+07,9.12e+07,1000000000,0.114,114,0.8
34,1,12175945000000,154282,0.121453,8.23364,3.003,1.996e+08,5.994e+08,2000000000,0.333,333,0.9
34,0,12175946000000,158282,0.119344,8.37914,26.3158,5.776e+06,1.52e+08,4000000000,0.038,38,1
34,2,12175947000000,159282,0.121564,8.2261,2.11416,1.78983e+08,3.784e+08,1000000000,0.473,473,0.8
34,0,12175948000000,163282,0.119389,8.37601,30.5344,4.29025e+06,1.31e+08,4000000000,0.03275,32.75,1
34,2,12175949000000,164282,0.119356,8.37831,8.77193,1.03968e+07,9.12e+07,1000000000,0.114,114,0.8
34,1,12175950000000,166282,0.121925,8.20174,3.003,1.996e+08,5.994e+08,2000000000,0.333,333,0.9
34,0,12175951000000,170282,0.119954,8.33653,26.3158,5.776e+06,1.52e+08,4000000000,0.038,38,1
34,2,12175952000000,171282,0.122015,8.1957,2.11416,1.78983e+08,3.784e+08,1000000000,0.473,473,0.8
34,0,12175953000000,175282,0.119978,8.33485,30.5344,4.29025e+06,1.31e+08,4000000000,0.03275,32.75,1
34,2,12175954000000,176282,0.119814,8.34629,10.989,6.6248e+06,7.28e+07,1000000000,0.091,91,0.8
34,2,12175955000000,177282,0.119386,8.37619,22.7273,1.5488e+06,3.52e+07,1000000000,0.044,44,0.8
34,1,12175956000000,179282,0.119198,8.38942,9.7561,1.89112e+07,1.845e+08,2000000000,0.1025,102.5,0.9
34,2,12175957000000,180282,0.118603,8.43148,83.3333,115200,9.6e+06,1000000000,0.012,12,0.8
34,1,12175958000000,182282,0.11796,8.47744,16.6667,6.48e+06,1.08e+08,2000000000,0.06,60,0.9
34,1,12175959000000,184282,0.116745,8.56568,166.667,64800,1.08e+07,2000000000,0.006,6,0.9
34,2,12175960000000,185282,0.116822,8.56004,7.63359,1.37288e+07,1.048e+08,1000000000,0.131,131,0.8
34,1,12175961000000,187282,0.117689,8.49698,5.05051,7.05672e+07,3.564e+08,2000000000,0.198,198,0.9
34,0,12175962000000,191282,0.11653,8.58152,16.0643,1.55002e+07,2.49e+08,4000000000,0.06225,62.25,1
34,2,12175963000000,192282,0.116454,8.58708,9.80392,8.3232e+06,8.16e+07,1000000000,0.102,102,0.8
34,0,12175964000000,196282,0.117433,8.51549,6.07903,1.08241e+08,6.58e+08,4000000000,0.1645,164.5,1
34,2,12175965000000,197282,0.117395,8.51822,9.09091,9.68e+06,8.8e+07,1000000000,0.11,110,0.8
34,1,12175966000000,199282,0.119479,8.36968,3.07692,1.90125e+08,5.85e+08,2000000000,0.325,325,0.9
34,0,12175967000000,203282,0.117885,8.48281,25.974,5.929e+06,1.54e+08,4000000000,0.0385,38.5,1
34,2,12175968000000,204282,0.118292,8.45363,4.97512,3.23208e+07,1.608e+08,1000000000,0.201,201,0.8
34,0,12175969000000,208282,0.118023,8.47295,9.59233,4.34722e+07,4.17e+08,4000000000,0.10425,104.25,1
34,2,12175970000000,209282,0.118003,8.47433,8.77193,1.03968e+07,9.12e+07,1000000000,0.114,114,0.8
34,1,12175971000000,211282,0.119963,8.33591,3.07692,1.90125e+08,5.85e+08,2000000000,0.325,325,0.9
34,0,12175972000000,215282,0.118403,8.44574,27.7778,5.184e+06,1.44e+08,4000000000,0.036,36,1
34,2,12175973000000,216282,0.119488,8.36907,2.83286,9.96872e+07,2.824e+08,1000000000,0.353,353,0.8
34,0,12175974000000,220282,0.118566,8.43411,14.5455,1.89062e+07,2.75e+08,4000000000,0.06875,68.75,1
34,2,12175975000000,221282,0.118509,8.43815,9.43396,8.9888e+06,8.48e+07,1000000000,0.106,106,0.8
34,1,12175976000000,223282,0.120493,8.29921,2.94118,2.0808e+08,6.12e+08,2000000000,0.34,340,0.9
34,0,12175977000000,227282,0.118954,8.40664,30.303,4.356e+06,1.32e+08,4000000000,0.033,33,1
34,2,12175978000000,228282,0.120351,8.30902,2.28311,1.53475e+08,3.504e+08,1000000000,0.438,438,0.8
34,0,12175979000000,232282,0.119036,8.4008,22.7273,7.744e+06,1.76e+08,4000000000,0.044,44,1
34,2,12175980000000,233282,0.119032,8.40111,8.47458,1.11392e+07,9.44e+07,1000000000,0.118,118,0.8
34,1,12175981000000,235282,0.120783,8.27933,3.07692,1.90125e+08,5.85e+08,2000000000,0.325,325,0.9
34,0,12175982000000,239282,0.119365,8.37763,27.7778,5.184e+06,1.44e+08,4000000000,0.036,36,1
34,2,12175983000000,240282,0.120783,8.27931,2.17391,1.6928e+08,3.68e+08,1000000000,0.46,460,0.8
34,0,12175984000000,244282,0.119538,8.36554,22.3464,8.01025e+06,1.79e+08,4000000000,0.04475,44.75,1
34,2,12175985000000,245282,0.119536,8.36569,8.40336,1.13288e+07,9.52e+07,1000000000,0.119,119,0.8
34,1,12175986000000,247282,0.121226,8.24906,3.04414,1.94242e+08,5.913e+08,2000000000,0.3285,328.5,0.9
34,0,12175987000000,251282,0.119818,8.34602,30.5344,4.29025e+06,1.31e+08,4000000000,0.03275,32.75,1
34,2,12175988000000,252282,0.121257,8.24694,2.07039,1.86631e+08,3.864e+08,1000000000,0.483,483,0.8
34,0,12175989000000,256282,0.119876,8.34197,30.5344,4.29025e+06,1.31e+08,4000000000,0.03275,32.75,1
34,2,12175990000000,257282,0.119868,8.34248,8.47458,1.11392e+07,9.44e+07,1000000000,0.118,118,0.8
34,1,12175991000000,259282,0.121451,8.23379,3.07692,1.90125e+08,5.85e+08,2000000000,0.325,325,0.9
34,0,12175992000000,263282,0.120153,8.32275,27.7778,5.184e+06,1.44e+08,4000000000,0.036,36,1
34,2,12175993000000,264282,0.121491,8.23103,2.1097,1.79741e+08,3.792e+08,1000000000,0.474,474,0.8
34,0,12175994000000,268282,0.120295,8.31289,24.2424,6.80625e+06,1.65e+08,4000000000,0.04125,41.25,1
34,2,12175995000000,269282,0.12029,8.31323,8.40336,1.13288e+07,9.52e+07,1000000000,0.119,119,0.8
34,1,12175996000000,271282,0.121825,8.20848,3.04414,1.94242e+08,5.913e+08,2000000000,0.3285,328.5,0.9
34,0,12175997000000,275282,0.120506,8.29838,32.2581,3.844e+06,1.24e+08,4000000000,0.031,31,1
34,2,12175998000000,276282,0.121836,8.20778,2.04918,1.90515e+08,3.904e+08,1000000000,0.488,488,0.8
34,0,12175999000000,280282,0.120678,8.28648,24.5399,6.64225e+06,1.63e+08,4000000000,0.04075,40.75,1
34,2,12176000000000,281282,0.120591,8.29251,10.4167,7.3728e+06,7.68e+07,1000000000,0.096,96,0.8
34,1,12176001000000,283282,0.122087,8.19089,3.00752,1.99001e+08,5.985e+08,2000000000,0.3325,332.5,0.9
34,0,12176002000000,287282,0.120843,8.2752,30.5344,4.29025e+06,1.31e+08,4000000000,0.03275,32.75,1
34,2,12176003000000,288282,0.122262,8.17914,1.88679,2.2472e+08,4.24e+08,1000000000,0.53,530,0.8
34,0,12176004000000,292282,0.12116,8.25352,23.9521,6.97225e+06,1.67e+08,4000000000,0.04175,41.75,1
34,2,12176005000000,293282,0.120969,8.26659,15.3846,3.38e+06,5.2e+07,1000000000,0.065,65,0.8
34,1,12176006000000,295282,0.123712,8.08327,1.90114,4.98017e+08,9.468e+08,2000000000,0.526,526,0.9
34,0,12176007000000,299282,0.122453,8.16639,33.8983,3.481e+06,1.18e+08,4000000000,0.0295,29.5,1
34,2,12176008000000,300282,0.122115,8.18899,47.619,352800,1.68e+07,1000000000,0.021,21,0.8
34,0,12176009000000,304282,0.122538,8.16076,6.48298,9.51722e+07,6.17e+08,4000000000,0.15425,154.25,1
34,1,12176010000000,306282,0.121878,8.20493,46.5116,832050,3.87e+07,2000000000,0.0215,21.5,0.9
34,2,12176011000000,307282,0.121637,8.22115,20.8333,1.8432e+06,3.84e+07,1000000000,0.048,48,0.8
34,0,12176012000000,311282,0.122146,8.18689,6.20155,1.04006e+08,6.45e+08,4000000000,0.16125,161.25,1
34,2,12176013000000,312282,0.122281,8.17792,6.09756,2.15168e+07,1.312e+08,1000000000,0.164,164,0.8
34,1,12176014000000,314282,0.122587,8.15745,5.8651,5.23265e+07,3.069e+08,2000000000,0.1705,170.5,0.9
34,0,12176015000000,318282,0.121886,8.20441,14.9813,1.78223e+07,2.67e+08,4000000000,0.06675,66.75,1
34,2,12176016000000,319282,0.122005,8.19639,6.25,2.048e+07,1.28e+08,1000000000,0.16,160,0.8
34,0,12176017000000,323282,0.122364,8.17235,6.62252,9.1204e+07,6.04e+08,4000000000,0.151,151,1
34,2,12176018000000,324282,0.122375,8.17161,7.93651,1.27008e+07,1.008e+08,1000000000,0.126,126,0.8
34,1,12176019000000,326282,0.121882,8.20464,23.8095,3.1752e+06,7.56e+07,2000000000,0.042,42,0.9
34,0,12176020000000,330282,0.122084,8.19111,7.22022,7.6729e+07,5.54e+08,4000000000,0.1385,138.5,1
34,2,12176021000000,331282,0.122071,8.19194,8.47458,1.11392e+07,9.44e+07,1000000000,0.118,118,0.8
34,0,12176022000000,335282,0.122589,8.15732,6.0423,1.09561e+08,6.62e+08,4000000000,0.1655,165.5,1
34,2,12176023000000,336282,0.122599,8.15664,7.93651,1.27008e+07,1.008e+08,1000000000,0.126,126,0.8
34,2,12176024000000,337282,0.122444,8.16703,14.2857,3.92e+06,5.6e+07,1000000000,0.07,70,0.8
34,0,12176025000000,341282,0.122661,8.15255,7.0922,7.9524e+07,5.64e+08,4000000000,0.141,141,1
34,2,12176026000000,342282,0.122674,8.15171,7.87402,1.29032e+07,1.016e+08,1000000000,0.127,127,0.8
34,0,12176027000000,346282,0.123131,8.12144,6.16333,1.053e+08,6.49e+08,4000000000,0.16225,162.25,1
34,1,12176028000000,348282,0.122636,8.1542,27.027,2.4642e+06,6.66e+07,2000000000,0.037,37,0.9
34,2,12176029000000,349282,0.12252,8.16194,12.1951,5.3792e+06,6.56e+07,1000000000,0.082,82,0.8
34,0,12176030000000,353282,0.122888,8.13751,6.45161,9.61e+07,6.2e+08,4000000000,0.155,155,1
34,2,12176031000000,354282,0.122959,8.13282,6.75676,1.75232e+07,1.184e+08,1000000000,0.148,148,0.8
34,0,12176032000000,358282,0.123037,8.12763,7.69231,6.76e+07,5.2e+08,4000000000,0.13,130,1
34,1,12176033000000,360282,0.122598,8.15671,22.7273,3.4848e+06,7.92e+07,2000000000,0.044,44,0.9
34,2,12176034000000,361282,0.122702,8.14983,6.25,2.048e+07,1.28e+08,1000000000,0.16,160,0.8
34,0,12176035000000,365282,0.123045,8.12713,6.49351,9.4864e+07,6.16e+08,4000000000,0.154,154,1
34,2,12176036000000,366282,0.123124,8.12191,6.57895,1.84832e+07,1.216e+08,1000000000,0.152,152,0.8
34,1,12176037000000,368282,0.123055,8.12644,9.04977,2.19784e+07,1.989e+08,2000000000,0.1105,110.5,0.9
34,1,12176038000000,370282,0.123446,8.10068,5.11509,6.87964e+07,3.519e+08,2000000000,0.1955,195.5,0.9
34,1,12176039000000,372282,0.123202,8.11673,12.8205,1.09512e+07,1.404e+08,2000000000,0.078,78,0.9
34,0,12176040000000,376282,0.123519,8.09592,6.53595,9.3636e+07,6.12e+08,4000000000,0.153,153,1
34,2,12176041000000,377282,0.123605,8.09028,6.41026,1.94688e+07,1.248e+08,1000000000,0.156,156,0.8
34,0,12176042000000,381282,0.123672,8.08589,7.69231,6.76e+07,5.2e+08,4000000000,0.13,130,1
34,2,12176043000000,382282,0.123652,8.0872,8.62069,1.07648e+07,9.28e+07,1000000000,0.116,116,0.8
34,1,12176044000000,384282,0.123352,8.10687,15.1515,7.8408e+06,1.188e+08,2000000000,0.066,66,0.9
34,0,12176045000000,388282,0.123637,8.0882,6.62252,9.1204e+07,6.04e+08,4000000000,0.151,151,1
34,2,12176046000000,389282,0.123612,8.08982,8.77193,1.03968e+07,9.12e+07,1000000000,0.114,114,0.8
34,0,12176047000000,393282,0.124038,8.06203,6.0423,1.09561e+08,6.62e+08,4000000000,0.1655,165.5,1
34,2,12176048000000,394282,0.123911,8.07029,13.5135,4.3808e+06,5.92e+07,1000000000,0.074,74,0.8
34,1,12176049000000,396282,0.123493,8.09763,24.3902,3.0258e+06,7.38e+07,2000000000,0.041,41,0.9
34,0,12176050000000,400282,0.123808,8.07704,6.45161,9.61e+07,6.2e+08,4000000000,0.155,155,1
34,2,12176051000000,401282,0.123868,8.07311,6.75676,1.75232e+07,1.184e+08,1000000000,0.148,148,0.8
34,0,12176052000000,405282,0.124136,8.05569,6.62252,9.1204e+07,6.04e+08,4000000000,0.151,151,1
34,2,12176053000000,406282,0.124032,8.06243,12.1951,5.3792e+06,6.56e+07,1000000000,0.082,82,0.8
34,2,12176054000000,407282,0.123929,8.06914,12.1951,5.3792e+06,6.56e+07,1000000000,0.082,82,0.8
34,0,12176055000000,409017,0.124919,8.00519,2.79839,5.10792e+08,1.42939e+09,4000000000,0.357349,155,1
34,2,12176056000000,409017,0.124919,8.00519,0,-nan,-nan,1000000000,-nan,0,0.8
34,0,12176057000000,409017,0.124919,8.00519,0,-nan,-nan,4000000000,-nan,0,1
35,2,10881501000000,692,0.00144509,692,692,1670.62,1.15607e+06,1000000000,0.00144509,1,0.8
35,2,12175902000000,52175,0.116876,8.55608,8.44399,1.122e+07,9.4742e+07,1000000000,0.118427,6097,0.8
35,0,12175903000000,56175,0.108625,9.206,1000,4000,4e+06,4000000000,0.001,1,1
35,2,12175904000000,57175,0.106725,9.36988,0,0,0,1000000000,0,0,0.8
35,2,12175905000000,58175,0.111422,8.97485,2.63158,1.1552e+08,3.04e+08,1000000000,0.38,380,0.8
35,0,12175906000000,62175,0.106216,9.41475,32.7869,3.721e+06,1.22e+08,4000000000,0.0305,30.5,1
35,2,12175907000000,63175,0.110724,9.03145,2.55754,1.22305e+08,3.128e+08,1000000000,0.391,391,0.8
35,0,12175908000000,67175,0.107213,9.32727,19.3237,1.07122e+07,2.07e+08,4000000000,0.05175,51.75,1
35,2,12175909000000,68175,0.107371,9.31352,8.47458,1.11392e+07,9.44e+07,1000000000,0.118,118,0.8
35,1,12175910000000,70175,0.113573,8.80489,3.07692,1.90125e+08,5.85e+08,2000000000,0.325,325,0.9
35,0,12175911000000,74175,0.10939,9.14161,27.7778,5.184e+06,1.44e+08,4000000000,0.036,36,1
35,2,12175912000000,75175,0.113854,8.78315,2.24719,1.5842e+08,3.56e+08,1000000000,0.445,445,0.8
35,0,12175913000000,79175,0.110464,9.05271,21.3904,8.74225e+06,1.87e+08,4000000000,0.04675,46.75,1
35,2,12175914000000,80175,0.110558,9.04501,8.47458,1.11392e+07,9.44e+07,1000000000,0.118,118,0.8
35,1,12175915000000,82175,0.115875,8.63001,3.03951,1.94834e+08,5.922e+08,2000000000,0.329,329,0.9
35,0,12175916000000,86175,0.112121,8.91896,28.5714,4.9e+06,1.4e+08,4000000000,0.035,35,1
35,2,12175917000000,87175,0.116088,8.61413,2.18341,1.67811e+08,3.664e+08,1000000000,0.458,458,0.8
35,0,12175918000000,91175,0.112728,8.87089,25.3165,6.241e+06,1.58e+08,4000000000,0.0395,39.5,1
35,2,12175919000000,92175,0.112742,8.8698,8.77193,1.03968e+07,9.12e+07,1000000000,0.114,114,0.8
35,1,12175920000000,94175,0.11742,8.51646,3.003,1.996e+08,5.994e+08,2000000000,0.333,333,0.9
35,0,12175921000000,98175,0.114184,8.75781,26.3158,5.776e+06,1.52e+08,4000000000,0.038,38,1
35,2,12175922000000,99175,0.117751,8.49246,2.13675,1.75219e+08,3.744e+08,1000000000,0.468,468,0.8
35,0,12175923000000,103175,0.114504,8.73328,29.4118,4.624e+06,1.36e+08,4000000000,0.034,34,1
35,2,12175924000000,104175,0.1145,8.73365,8.77193,1.03968e+07,9.12e+07,1000000000,0.114,114,0.8
35,1,12175925000000,106175,0.118615,8.4306,3.003,1.996e+08,5.994e+08,2000000000,0.333,333,0.9
35,0,12175926000000,110175,0.115689,8.64389,26.3158,5.776e+06,1.52e+08,4000000000,0.038,38,1
35,2,12175927000000,111175,0.118894,8.41088,2.11864,1.78227e+08,3.776e+08,1000000000,0.472,472,0.8
35,0,12175928000000,115175,0.115911,8.62734,30.303,4.356e+06,1.32e+08,4000000000,0.033,33,1
35,2,12175929000000,116175,0.115894,8.62857,8.77193,1.03968e+07,9.12e+07,1000000000,0.114,114,0.8
35,1,12175930000000,118175,0.119568,8.36341,3.003,1.996e+08,5.994e+08,2000000000,0.333,333,0.9
35,0,12175931000000,122175,0.116898,8.55447,26.3158,5.776e+06,1.52e+08,4000000000,0.038,38,1
35,2,12175932000000,123175,0.119789,8.34802,2.11416,1.78983e+08,3.784e+08,1000000000,0.473,473,0.8
35,0,12175933000000,127175,0.117051,8.54326,30.5344,4.29025e+06,1.31e+08,4000000000,0.03275,32.75,1
35,2,12175934000000,128175,0.117028,8.545,8.77193,1.03968e+07,9.12e+07,1000000000,0.114,114,0.8
35,1,12175935000000,130175,0.120346,8.3094,3.003,1.996e+08,5.994e+08,2000000000,0.333,333,0.9
35,0,12175936000000,134175,0.117891,8.48243,26.3158,5.776e+06,1.52e+08,4000000000,0.038,38,1
35,2,12175937000000,135175,0.120518,8.29753,2.11416,1.78983e+08,3.784e+08,1000000000,0.473,473,0.8
35,0,12175938000000,139175,0.117995,8.47491,30.5344,4.29025e+06,1.31e+08,4000000000,0.03275,32.75,1
35,2,12175939000000,140175,0.117967,8.47696,8.77193,1.03968e+07,9.12e+07,1000000000,0.114,114,0.8
35,1,12175940000000,142175,0.120992,8.26503,3.003,1.996e+08,5.994e+08,2000000000,0.333,333,0.9
35,0,12175941000000,146175,0.118721,8.42313,26.3158,5.776e+06,1.52e+08,4000000000,0.038,38,1
35,2,12175942000000,147175,0.121128,8.25574,2.11416,1.78983e+08,3.784e+08,1000000000,0.473,473,0.8
35,0,12175943000000,151175,0.118789,8.41825,30.5344,4.29025e+06,1.31e+08,4000000000,0.03275,32.75,1
35,2,12175944000000,152175,0.118758,8.42048,8.77193,1.03968e+07,9.12e+07,1000000000,0.114,114,0.8
35,1,12175945000000,154175,0.121537,8.22793,3.003,1.996e+08,5.994e+08,2000000000,0.333,333,0.9
35,0,12175946000000,158175,0.119425,8.37348,26.3158,5.776e+06,1.52e+08,4000000000,0.038,38,1
35,2,12175947000000,159175,0.121646,8.22058,2.11416,1.78983e+08,3.784e+08,1000000000,0.473,473,0.8
35,0,12175948000000,163175,0.119467,8.37052,30.5344,4.29025e+06,1.31e+08,4000000000,0.03275,32.75,1
35,2,12175949000000,164175,0.119434,8.37286,8.77193,1.03968e+07,9.12e+07,1000000000,0.114,114,0.8
35,1,12175950000000,166175,0.122004,8.19646,3.003,1.996e+08,5.994e+08,2000000000,0.333,333,0.9
35,0,12175951000000,170175,0.120029,8.33129,26.3158,5.776e+06,1.52e+08,4000000000,0.038,38,1
35,2,12175952000000,171175,0.122091,8.19058,2.11416,1.78983e+08,3.784e+08,1000000000,0.473,473,0.8
35,0,12175953000000,175175,0.120051,8.32977,30.5344,4.29025e+06,1.31e+08,4000000000,0.03275,32.75,1
35,2,12175954000000,176175,0.119886,8.34122,10.989,6.6248e+06,7.28e+07,1000000000,0.091,91,0.8
35,2,12175955000000,177175,0.119458,8.37113,22.7273,1.5488e+06,3.52e+07,1000000000,0.044,44,0.8
35,1,12175956000000,179175,0.119269,8.38442,9.7561,1.89112e+07,1.845e+08,2000000000,0.1025,102.5,0.9
35,2,12175957000000,180175,0.118674,8.42648,83.3333,115200,9.6e+06,1000000000,0.012,12,0.8
35,1,12175958000000,182175,0.118029,8.47247,16.6667,6.48e+06,1.08e+08,2000000000,0.06,60,0.9
35,1,12175959000000,184175,0.116813,8.5607,166.667,64800,1.08e+07,2000000000,0.006,6,0.9
35,2,12175960000000,185175,0.116889,8.55509,7.63359,1.37288e+07,1.048e+08,1000000000,0.131,131,0.8
35,1,12175961000000,187175,0.117756,8.49213,5.05051,7.05672e+07,3.564e+08,2000000000,0.198,198,0.9
35,0,12175962000000,191175,0.116595,8.57672,16.0643,1.55002e+07,2.49e+08,4000000000,0.06225,62.25,1
35,2,12175963000000,192175,0.116519,8.58231,9.80392,8.3232e+06,8.16e+07,1000000000,0.102,102,0.8
35,0,12175964000000,196175,0.117497,8.51085,6.07903,1.08241e+08,6.58e+08,4000000000,0.1645,164.5,1
35,2,12175965000000,197175,0.117459,8.5136,9.09091,9.68e+06,8.8e+07,1000000000,0.11,110,0.8
35,1,12175966000000,199175,0.119543,8.36518,3.07692,1.90125e+08,5.85e+08,2000000000,0.325,325,0.9
35,0,12175967000000,203175,0.117948,8.47834,25.974,5.929e+06,1.54e+08,4000000000,0.0385,38.5,1
35,2,12175968000000,204175,0.118354,8.4492,4.97512,3.23208e+07,1.608e+08,1000000000,0.201,201,0.8
35,0,12175969000000,208175,0.118083,8.46859,9.59233,4.34722e+07,4.17e+08,4000000000,0.10425,104.25,1
35,2,12175970000000,209175,0.118064,8.47,8.77193,1.03968e+07,9.12e+07,1000000000,0.114,114,0.8
35,1,12175971000000,211175,0.120024,8.33169,3.07692,1.90125e+08,5.85e+08,2000000000,0.325,325,0.9
35,0,12175972000000,215175,0.118462,8.44155,27.7778,5.184e+06,1.44e+08,4000000000,0.036,36,1
35,2,12175973000000,216175,0.119547,8.36493,2.83286,9.96872e+07,2.824e+08,1000000000,0.353,353,0.8
35,0,12175974000000,220175,0.118624,8.43001,14.5455,1.89062e+07,2.75e+08,4000000000,0.06875,68.75,1
35,2,12175975000000,221175,0.118567,8.43407,9.43396,8.9888e+06,8.48e+07,1000000000,0.106,106,0.8
35,1,12175976000000,223175,0.120551,8.29523,2.94118,2.0808e+08,6.12e+08,2000000000,0.34,340,0.9
35,0,12175977000000,227175,0.11901,8.40269,30.303,4.356e+06,1.32e+08,4000000000,0.033,33,1
35,2,12175978000000,228175,0.120408,8.30512,2.28311,1.53475e+08,3.504e+08,1000000000,0.438,438,0.8
35,0,12175979000000,232175,0.119091,8.39693,22.7273,7.744e+06,1.76e+08,4000000000,0.044,44,1
35,2,12175980000000,233175,0.119087,8.39726,8.47458,1.11392e+07,9.44e+07,1000000000,0.118,118,0.8
35,1,12175981000000,235175,0.120838,8.27556,3.07692,1.90125e+08,5.85e+08,2000000000,0.325,325,0.9
35,0,12175982000000,239175,0.119419,8.37389,27.7778,5.184e+06,1.44e+08,4000000000,0.036,36,1
35,2,12175983000000,240175,0.120837,8.27562,2.17391,1.6928e+08,3.68e+08,1000000000,0.46,460,0.8
35,0,12175984000000,244175,0.11959,8.36187,22.3464,8.01025e+06,1.79e+08,4000000000,0.04475,44.75,1
35,2,12175985000000,245175,0.119588,8.36204,8.40336,1.13288e+07,9.52e+07,1000000000,0.119,119,0.8
35,1,12175986000000,247175,0.121278,8.24549,3.04414,1.94242e+08,5.913e+08,2000000000,0.3285,328.5,0.9
35,0,12175987000000,251175,0.119869,8.34247,30.5344,4.29025e+06,1.31e+08,4000000000,0.03275,32.75,1
35,2,12175988000000,252175,0.121309,8.24344,2.07039,1.86631e+08,3.864e+08,1000000000,0.483,483,0.8
35,0,12175989000000,256175,0.119926,8.33849,30.5344,4.29025e+06,1.31e+08,4000000000,0.03275,32.75,1
35,2,12175990000000,257175,0.119918,8.33901,8.47458,1.11392e+07,9.44e+07,1000000000,0.118,118,0.8
35,1,12175991000000,259175,0.121501,8.23039,3.07692,1.90125e+08,5.85e+08,2000000000,0.325,325,0.9
35,0,12175992000000,263175,0.120201,8.31937,27.7778,5.184e+06,1.44e+08,4000000000,0.036,36,1
35,2,12175993000000,264175,0.121541,8.2277,2.1097,1.79741e+08,3.792e+08,1000000000,0.474,474,0.8
35,0,12175994000000,268175,0.120343,8.30958,24.2424,6.80625e+06,1.65e+08,4000000000,0.04125,41.25,1
35,2,12175995000000,269175,0.120338,8.30992,8.40336,1.13288e+07,9.52e+07,1000000000,0.119,119,0.8
35,1,12175996000000,271175,0.121873,8.20524,3.04414,1.94242e+08,5.913e+08,2000000000,0.3285,328.5,0.9
35,0,12175997000000,275175,0.120552,8.29515,32.2581,3.844e+06,1.24e+08,4000000000,0.031,31,1
35,2,12175998000000,276175,0.121883,8.2046,2.04918,1.90515e+08,3.904e+08,1000000000,0.488,488,0.8
35,0,12175999000000,280175,0.120725,8.28332,24.5399,6.64225e+06,1.63e+08,4000000000,0.04075,40.75,1
35,2,12176000000000,281175,0.120637,8.28936,10.4167,7.3728e+06,7.68e+07,1000000000,0.096,96,0.8
35,1,12176001000000,283175,0.122133,8.1878,3.00752,1.99001e+08,5.985e+08,2000000000,0.3325,332.5,0.9
35,0,12176002000000,287175,0.120888,8.27212,30.5344,4.29025e+06,1.31e+08,4000000000,0.03275,32.75,1
35,2,12176003000000,288175,0.122308,8.17611,1.88679,2.2472e+08,4.24e+08,1000000000,0.53,530,0.8
35,0,12176004000000,292175,0.121205,8.2505,23.9521,6.97225e+06,1.67e+08,4000000000,0.04175,41.75,1
35,2,12176005000000,293175,0.121013,8.26357,15.3846,3.38e+06,5.2e+07,1000000000,0.065,65,0.8
35,1,12176006000000,295175,0.123757,8.08034,1.90114,4.98017e+08,9.468e+08,2000000000,0.526,526,0.9
35,0,12176007000000,299175,0.122497,8.16347,33.8983,3.481e+06,1.18e+08,4000000000,0.0295,29.5,1
35,2,12176008000000,300175,0.122159,8.18607,47.619,352800,1.68e+07,1000000000,0.021,21,0.8
35,0,12176009000000,304175,0.122581,8.15789,6.48298,9.51722e+07,6.17e+08,4000000000,0.15425,154.25,1
35,1,12176010000000,306175,0.12192,8.20207,46.5116,832050,3.87e+07,2000000000,0.0215,21.5,0.9
35,2,12176011000000,307175,0.12168,8.21829,20.8333,1.8432e+06,3.84e+07,1000000000,0.048,48,0.8
35,0,12176012000000,311175,0.122188,8.18408,6.20155,1.04006e+08,6.45e+08,4000000000,0.16125,161.25,1
35,2,12176013000000,312175,0.122322,8.17512,6.09756,2.15168e+07,1.312e+08,1000000000,0.164,164,0.8
35,1,12176014000000,314175,0.122629,8.15467,5.8651,5.23265e+07,3.069e+08,2000000000,0.1705,170.5,0.9
35,0,12176015000000,318175,0.121927,8.20165,14.9813,1.78223e+07,2.67e+08,4000000000,0.06675,66.75,1
35,2,12176016000000,319175,0.122046,8.19364,6.25,2.048e+07,1.28e+08,1000000000,0.16,160,0.8
35,0,12176017000000,323175,0.122404,8.16965,6.62252,9.1204e+07,6.04e+08,4000000000,0.151,151,1
35,2,12176018000000,324175,0.122415,8.16891,7.93651,1.27008e+07,1.008e+08,1000000000,0.126,126,0.8
35,1,12176019000000,326175,0.121922,8.20195,23.8095,3.1752e+06,7.56e+07,2000000000,0.042,42,0.9
35,0,12176020000000,330175,0.122123,8.18846,7.22022,7.6729e+07,5.54e+08,4000000000,0.1385,138.5,1
35,2,12176021000000,331175,0.122111,8.18929,8.47458,1.11392e+07,9.44e+07,1000000000,0.118,118,0.8
35,0,12176022000000,335175,0.122628,8.15471,6.0423,1.09561e+08,6.62e+08,4000000000,0.1655,165.5,1
35,2,12176023000000,336175,0.122639,8.15405,7.93651,1.27008e+07,1.008e+08,1000000000,0.126,126,0.8
35,2,12176024000000,337175,0.122482,8.16444,14.2857,3.92e+06,5.6e+07,1000000000,0.07,70,0.8
35,0,12176025000000,341175,0.122699,8.14999,7.0922,7.9524e+07,5.64e+08,4000000000,0.141,141,1
35,2,12176026000000,342175,0.122712,8.14916,7.87402,1.29032e+07,1.016e+08,1000000000,0.127,127,0.8
35,0,12176027000000,346175,0.123169,8.11893,6.16333,1.053e+08,6.49e+08,4000000000,0.16225,162.25,1
35,1,12176028000000,348175,0.122674,8.15169,27.027,2.4642e+06,6.66e+07,2000000000,0.037,37,0.9
35,2,12176029000000,349175,0.122557,8.15944,12.1951,5.3792e+06,6.56e+07,1000000000,0.082,82,0.8
35,0,12176030000000,353175,0.122925,8.13505,6.45161,9.61e+07,6.2e+08,4000000000,0.155,155,1
35,2,12176031000000,354175,0.122996,8.13037,6.75676,1.75232e+07,1.184e+08,1000000000,0.148,148,0.8
35,0,12176032000000,358175,0.123074,8.1252,7.69231,6.76e+07,5.2e+08,4000000000,0.13,130,1
35,1,12176033000000,360175,0.122635,8.15429,22.7273,3.4848e+06,7.92e+07,2000000000,0.044,44,0.9
35,2,12176034000000,361175,0.122738,8.14742,6.25,2.048e+07,1.28e+08,1000000000,0.16,160,0.8
35,0,12176035000000,365175,0.123081,8.12475,6.49351,9.4864e+07,6.16e+08,4000000000,0.154,154,1
35,2,12176036000000,366175,0.12316,8.11954,6.57895,1.84832e+07,1.216e+08,1000000000,0.152,152,0.8
35,1,12176037000000,368175,0.123091,8.12408,9.04977,2.19784e+07,1.989e+08,2000000000,0.1105,110.5,0.9
35,1,12176038000000,370175,0.123482,8.09834,5.11509,6.87964e+07,3.519e+08,2000000000,0.1955,195.5,0.9
35,1,12176039000000,372175,0.123238,8.1144,12.8205,1.09512e+07,1.404e+08,2000000000,0.078,78,0.9
35,0,12176040000000,376175,0.123554,8.09361,6.53595,9.3636e+07,6.12e+08,4000000000,0.153,153,1
35,2,12176041000000,377175,0.12364,8.08798,6.41026,1.94688e+07,1.248e+08,1000000000,0.156,156,0.8
35,0,12176042000000,381175,0.123707,8.08362,7.69231,6.76e+07,5.2e+08,4000000000,0.13,130,1
35,2,12176043000000,382175,0.123687,8.08494,8.62069,1.07648e+07,9.28e+07,1000000000,0.116,116,0.8
35,1,12176044000000,384175,0.123386,8.10462,15.1515,7.8408e+06,1.188e+08,2000000000,0.066,66,0.9
35,0,12176045000000,388175,0.123671,8.08597,6.62252,9.1204e+07,6.04e+08,4000000000,0.151,151,1
35,2,12176046000000,389175,0.123646,8.08759,8.77193,1.03968e+07,9.12e+07,1000000000,0.114,114,0.8
35,0,12176047000000,393175,0.124072,8.05984,6.0423,1.09561e+08,6.62e+08,4000000000,0.1655,165.5,1
35,2,12176048000000,394175,0.123945,8.0681,13.5135,4.3808e+06,5.92e+07,1000000000,0.074,74,0.8
35,1,12176049000000,396175,0.123526,8.09545,24.3902,3.0258e+06,7.38e+07,2000000000,0.041,41,0.9
35,0,12176050000000,400175,0.123841,8.07488,6.45161,9.61e+07,6.2e+08,4000000000,0.155,155,1
35,2,12176051000000,401175,0.123901,8.07096,6.75676,1.75232e+07,1.184e+08,1000000000,0.148,148,0.8
35,0,12176052000000,405175,0.124169,8.05357,6.62252,9.1204e+07,6.04e+08,4000000000,0.151,151,1
35,2,12176053000000,406175,0.124065,8.06031,12.1951,5.3792e+06,6.56e+07,1000000000,0.082,82,0.8
35,2,12176054000000,407175,0.123961,8.06702,12.1951,5.3792e+06,6.56e+07,1000000000,0.082,82,0.8
35,0,12176055000000,408910,0.124952,8.00309,2.79839,5.10792e+08,1.42939e+09,4000000000,0.357349,155,1
35,2,12176056000000,408910,0.124952,8.00309,0,-nan,-nan,1000000000,-nan,0,0.8
35,0,12176057000000,408910,0.124952,8.00309,0,-nan,-nan,4000000000,-nan,0,1
36,2,12175902000000,52707,0.113875,8.78157,8.78157,1.0374e+07,9.10999e+07,1000000000,0.113875,6002,0.8
36,0,12175903000000,56707,0.105913,9.44172,1000,4000,4e+06,4000000000,0.001,1,1
36,2,12175904000000,57707,0.104077,9.60823,0,0,0,1000000000,0,0,0.8
36,2,12175905000000,58707,0.108777,9.19308,2.63158,1.1552e+08,3.04e+08,1000000000,0.38,380,0.8
36,0,12175906000000,62707,0.103784,9.63537,32.7869,3.721e+06,1.22e+08,4000000000,0.0305,30.5,1
36,2,12175907000000,63707,0.107461,9.30573,2.95858,9.13952e+07,2.704e+08,1000000000,0.338,338,0.8
36,0,12175908000000,67707,0.104952,9.52815,15.3846,1.69e+07,2.6e+08,4000000000,0.065,65,1
36,2,12175909000000,68707,0.105142,9.51094,8.47458,1.11392e+07,9.44e+07,1000000000,0.118,118,0.8
36,1,12175910000000,70707,0.111361,8.97981,3.07692,1.90125e+08,5.85e+08,2000000000,0.325,325,0.9
36,0,12175911000000,74707,0.107326,9.31741,27.7778,5.184e+06,1.44e+08,4000000000,0.036,36,1
36,2,12175912000000,75707,0.111615,8.95941,2.31481,1.49299e+08,3.456e+08,1000000000,0.432,432,0.8
36,0,12175913000000,79707,0.108522,9.21468,20,1e+07,2e+08,4000000000,0.05,50,1
36,2,12175914000000,80707,0.10864,9.20472,8.47458,1.11392e+07,9.44e+07,1000000000,0.118,118,0.8
36,1,12175915000000,82707,0.113969,8.77435,3.03951,1.94834e+08,5.922e+08,2000000000,0.329,329,0.9
36,0,12175916000000,86707,0.110326,9.06408,28.5714,4.9e+06,1.4e+08,4000000000,0.035,35,1
36,2,12175917000000,87707,0.114255,8.75232,2.1978,1.6562e+08,3.64e+08,1000000000,0.455,455,0.8
36,0,12175918000000,91707,0.111028,9.00678,24.8447,6.48025e+06,1.61e+08,4000000000,0.04025,40.25,1
36,2,12175919000000,92707,0.11106,9.00418,8.77193,1.03968e+07,9.12e+07,1000000000,0.114,114,0.8
36,1,12175920000000,94707,0.115746,8.63957,3.003,1.996e+08,5.994e+08,2000000000,0.333,333,0.9
36,0,12175921000000,98707,0.112596,8.88132,26.3158,5.776e+06,1.52e+08,4000000000,0.038,38,1
36,2,12175922000000,99707,0.11612,8.61176,2.15517,1.72237e+08,3.712e+08,1000000000,0.464,464,0.8
36,0,12175923000000,103707,0.112991,8.85023,28.5714,4.9e+06,1.4e+08,4000000000,0.035,35,1
36,2,12175924000000,104707,0.113001,8.84948,8.77193,1.03968e+07,9.12e+07,1000000000,0.114,114,0.8
36,1,12175925000000,106707,0.117087,8.54066,3.02115,1.9721e+08,5.958e+08,2000000000,0.331,331,0.9
36,0,12175926000000,110707,0.114266,8.75154,25.641,6.084e+06,1.56e+08,4000000000,0.039,39,1
36,2,12175927000000,111707,0.117423,8.5162,2.14133,1.74471e+08,3.736e+08,1000000000,0.467,467,0.8
36,0,12175928000000,115707,0.114548,8.72997,29.1971,4.69225e+06,1.37e+08,4000000000,0.03425,34.25,1
36,2,12175929000000,116707,0.114543,8.73033,8.77193,1.03968e+07,9.12e+07,1000000000,0.114,114,0.8
36,1,12175930000000,118707,0.118224,8.45853,3.003,1.996e+08,5.994e+08,2000000000,0.333,333,0.9
36,0,12175931000000,122707,0.115609,8.64987,26.3158,5.776e+06,1.52e+08,4000000000,0.038,38,1
36,2,12175932000000,123707,0.118498,8.43898,2.11416,1.78983e+08,3.784e+08,1000000000,0.473,473,0.8
36,0,12175933000000,127707,0.115812,8.63469,30.5344,4.29025e+06,1.31e+08,4000000000,0.03275,32.75,1
36,2,12175934000000,128707,0.115798,8.63574,8.77193,1.03968e+07,9.12e+07,1000000000,0.114,114,0.8
36,1,12175935000000,130707,0.119121,8.3948,3.003,1.996e+08,5.994e+08,2000000000,0.333,333,0.9
36,0,12175936000000,134707,0.116713,8.56806,26.3158,5.776e+06,1.52e+08,4000000000,0.038,38,1
36,2,12175937000000,135707,0.119345,8.37904,2.1097,1.79741e+08,3.792e+08,1000000000,0.474,474,0.8
36,0,12175938000000,139707,0.116859,8.55733,30.7692,4.225e+06,1.3e+08,4000000000,0.0325,32.5,1
36,2,12175939000000,140707,0.116839,8.55882,8.77193,1.03968e+07,9.12e+07,1000000000,0.114,114,0.8
36,1,12175940000000,142707,0.119868,8.34251,3.003,1.996e+08,5.994e+08,2000000000,0.333,333,0.9
36,0,12175941000000,146707,0.117636,8.50081,26.3158,5.776e+06,1.52e+08,4000000000,0.038,38,1
36,2,12175942000000,147707,0.120048,8.32997,2.1097,1.79741e+08,3.792e+08,1000000000,0.474,474,0.8
36,0,12175943000000,151707,0.11774,8.49328,30.7692,4.225e+06,1.3e+08,4000000000,0.0325,32.5,1
36,2,12175944000000,152707,0.117716,8.49505,8.77193,1.03968e+07,9.12e+07,1000000000,0.114,114,0.8
36,1,12175945000000,154707,0.120499,8.29884,3.003,1.996e+08,5.994e+08,2000000000,0.333,333,0.9
36,0,12175946000000,158707,0.118419,8.44456,26.3158,5.776e+06,1.52e+08,4000000000,0.038,38,1
36,2,12175947000000,159707,0.120646,8.28872,2.1097,1.79741e+08,3.792e+08,1000000000,0.474,474,0.8
36,0,12175948000000,163707,0.118492,8.43938,30.7692,4.225e+06,1.3e+08,4000000000,0.0325,32.5,1
36,2,12175949000000,164707,0.118465,8.44132,8.77193,1.03968e+07,9.12e+07,1000000000,0.114,114,0.8
36,1,12175950000000,166707,0.121039,8.26182,3.003,1.996e+08,5.994e+08,2000000000,0.333,333,0.9
36,0,12175951000000,170707,0.119093,8.3968,26.3158,5.776e+06,1.52e+08,4000000000,0.038,38,1
36,2,12175952000000,171707,0.12116,8.25356,2.1097,1.79741e+08,3.792e+08,1000000000,0.474,474,0.8
36,0,12175953000000,175707,0.119142,8.39338,30.7692,4.225e+06,1.3e+08,4000000000,0.0325,32.5,1
36,2,12175954000000,176707,0.118982,8.40461,10.989,6.6248e+06,7.28e+07,1000000000,0.091,91,0.8
36,2,12175955000000,177707,0.118656,8.42772,16.3934,2.9768e+06,4.88e+07,1000000000,0.061,61,0.8
36,1,12175956000000,179707,0.117419,8.51652,133.333,101250,1.35e+07,2000000000,0.0075,7.5,0.9
36,2,12175957000000,180707,0.117793,8.48948,5.40541,2.738e+07,1.48e+08,1000000000,0.185,185,0.8
36,1,12175958000000,182707,0.11716,8.53532,16.6667,6.48e+06,1.08e+08,2000000000,0.06,60,0.9
36,1,12175959000000,184707,0.115957,8.62391,166.667,64800,1.08e+07,2000000000,0.006,6,0.9
36,2,12175960000000,185707,0.116231,8.60352,5.98802,2.23112e+07,1.336e+08,1000000000,0.167,167,0.8
36,1,12175961000000,187707,0.118397,8.44614,3.12989,1.83744e+08,5.751e+08,2000000000,0.3195,319.5,0.9
36,0,12175962000000,191707,0.11649,8.58441,37.037,2.916e+06,1.08e+08,4000000000,0.027,27,1
36,2,12175963000000,192707,0.116903,8.55411,5.10204,3.07328e+07,1.568e+08,1000000000,0.196,196,0.8
36,0,12175964000000,196707,0.116732,8.56663,9.21659,4.7089e+07,4.34e+08,4000000000,0.1085,108.5,1
36,2,12175965000000,197707,0.11691,8.55356,6.57895,1.84832e+07,1.216e+08,1000000000,0.152,152,0.8
36,1,12175966000000,199707,0.118804,8.41722,3.26797,1.68545e+08,5.508e+08,2000000000,0.306,306,0.9
36,0,12175967000000,203707,0.117119,8.53831,30.303,4.356e+06,1.32e+08,4000000000,0.033,33,1
36,2,12175968000000,204707,0.118223,8.45862,2.91545,9.41192e+07,2.744e+08,1000000000,0.343,343,0.8
36,0,12175969000000,208707,0.117303,8.52492,14.2349,1.97403e+07,2.81e+08,4000000000,0.07025,70.25,1
36,2,12175970000000,209707,0.117307,8.52467,8.47458,1.11392e+07,9.44e+07,1000000000,0.118,118,0.8
36,1,12175971000000,211707,0.119269,8.38444,3.07692,1.90125e+08,5.85e+08,2000000000,0.325,325,0.9
36,0,12175972000000,215707,0.117725,8.49441,27.7778,5.184e+06,1.44e+08,4000000000,0.036,36,1
36,2,12175973000000,216707,0.119124,8.39462,2.3753,1.41793e+08,3.368e+08,1000000000,0.421,421,0.8
36,0,12175974000000,220707,0.117975,8.47634,17.9372,1.24322e+07,2.23e+08,4000000000,0.05575,55.75,1
36,2,12175975000000,221707,0.117885,8.48282,10.2041,7.6832e+06,7.84e+07,1000000000,0.098,98,0.8
36,1,12175976000000,223707,0.119737,8.35164,3.07692,1.90125e+08,5.85e+08,2000000000,0.325,325,0.9
36,0,12175977000000,227707,0.11831,8.45238,25.974,5.929e+06,1.54e+08,4000000000,0.0385,38.5,1
36,2,12175978000000,228707,0.119896,8.34058,2.079,1.85089e+08,3.848e+08,1000000000,0.481,481,0.8
36,0,12175979000000,232707,0.118406,8.44549,30.0752,4.42225e+06,1.33e+08,4000000000,0.03325,33.25,1
36,2,12175980000000,233707,0.118405,8.44561,8.47458,1.11392e+07,9.44e+07,1000000000,0.118,118,0.8
36,1,12175981000000,235707,0.120158,8.3224,3.07692,1.90125e+08,5.85e+08,2000000000,0.325,325,0.9
36,0,12175982000000,239707,0.118753,8.42082,27.7778,5.184e+06,1.44e+08,4000000000,0.036,36,1
36,2,12175983000000,240707,0.120229,8.31745,2.1097,1.79741e+08,3.792e+08,1000000000,0.474,474,0.8
36,0,12175984000000,244707,0.118938,8.40773,24.2424,6.80625e+06,1.65e+08,4000000000,0.04125,41.25,1
36,2,12175985000000,245707,0.118938,8.40771,8.40336,1.13288e+07,9.52e+07,1000000000,0.119,119,0.8
36,1,12175986000000,247707,0.12063,8.28978,3.04414,1.94242e+08,5.913e+08,2000000000,0.3285,328.5,0.9
36,0,12175987000000,251707,0.119234,8.38688,30.5344,4.29025e+06,1.31e+08,4000000000,0.03275,32.75,1
36,2,12175988000000,252707,0.120693,8.28548,2.04918,1.90515e+08,3.904e+08,1000000000,0.488,488,0.8
36,0,12175989000000,256707,0.119303,8.382,31.746,3.969e+06,1.26e+08,4000000000,0.0315,31.5,1
36,2,12175990000000,257707,0.119298,8.38235,8.47458,1.11392e+07,9.44e+07,1000000000,0.118,118,0.8
36,1,12175991000000,259707,0.120882,8.2725,3.07692,1.90125e+08,5.85e+08,2000000000,0.325,325,0.9
36,0,12175992000000,263707,0.119595,8.36156,27.7778,5.184e+06,1.44e+08,4000000000,0.036,36,1
36,2,12175993000000,264707,0.120949,8.26796,2.09205,1.82787e+08,3.824e+08,1000000000,0.478,478,0.8
36,0,12175994000000,268707,0.119748,8.3509,24.8447,6.48025e+06,1.61e+08,4000000000,0.04025,40.25,1
36,2,12175995000000,269707,0.119745,8.3511,8.40336,1.13288e+07,9.52e+07,1000000000,0.119,119,0.8
36,1,12175996000000,271707,0.121281,8.24529,3.04414,1.94242e+08,5.913e+08,2000000000,0.3285,328.5,0.9
36,0,12175997000000,275707,0.119997,8.33354,30.5344,4.29025e+06,1.31e+08,4000000000,0.03275,32.75,1
36,2,12175998000000,276707,0.121323,8.24244,2.05339,1.89735e+08,3.896e+08,1000000000,0.487,487,0.8
36,0,12175999000000,280707,0.120047,8.33008,31.4961,4.03225e+06,1.27e+08,4000000000,0.03175,31.75,1
36,2,12176000000000,281707,0.12004,8.33058,8.47458,1.11392e+07,9.44e+07,1000000000,0.118,118,0.8
36,1,12176001000000,283707,0.121541,8.22768,3.003,1.996e+08,5.994e+08,2000000000,0.333,333,0.9
36,0,12176002000000,287707,0.120296,8.31283,31.25,4.096e+06,1.28e+08,4000000000,0.032,32,1
36,2,12176003000000,288707,0.121497,8.23066,2.14133,1.74471e+08,3.736e+08,1000000000,0.467,467,0.8
36,0,12176004000000,292707,0.120373,8.30752,25.4777,6.16225e+06,1.57e+08,4000000000,0.03925,39.25,1
36,2,12176005000000,293707,0.120338,8.30995,9.09091,9.68e+06,8.8e+07,1000000000,0.11,110,0.8
36,1,12176006000000,295707,0.1232,8.11691,1.83993,5.31706e+08,9.783e+08,2000000000,0.5435,543.5,0.9
36,0,12176007000000,299707,0.121565,8.22603,1333.33,2250,3e+06,4000000000,0.00075,0.75,1
36,2,12176008000000,300707,0.121424,8.23561,12.6582,4.9928e+06,6.32e+07,1000000000,0.079,79,0.8
36,0,12176009000000,304707,0.121815,8.20914,6.61157,9.15062e+07,6.05e+08,4000000000,0.15125,151.25,1
36,1,12176010000000,306707,0.121191,8.25147,38.4615,1.2168e+06,4.68e+07,2000000000,0.026,26,0.9
36,2,12176011000000,307707,0.121291,8.24465,6.57895,1.84832e+07,1.216e+08,1000000000,0.152,152,0.8
36,0,12176012000000,311707,0.121698,8.21709,6.53595,9.3636e+07,6.12e+08,4000000000,0.153,153,1
36,2,12176013000000,312707,0.121647,8.22048,9.43396,8.9888e+06,8.48e+07,1000000000,0.106,106,0.8
36,1,12176014000000,314707,0.122056,8.19293,5.37634,6.22728e+07,3.348e+08,2000000000,0.186,186,0.9
36,0,12176015000000,318707,0.121434,8.2349,13.7931,2.1025e+07,2.9e+08,4000000000,0.0725,72.5,1
36,2,12176016000000,319707,0.121543,8.22757,6.41026,1.94688e+07,1.248e+08,1000000000,0.156,156,0.8
36,0,12176017000000,323707,0.121956,8.19968,6.45161,9.61e+07,6.2e+08,4000000000,0.155,155,1
36,2,12176018000000,324707,0.121882,8.20464,10.2041,7.6832e+06,7.84e+07,1000000000,0.098,98,0.8
36,1,12176019000000,326707,0.12188,8.2048,8.23045,2.6572e+07,2.187e+08,2000000000,0.1215,121.5,0.9
36,0,12176020000000,330707,0.121685,8.21796,9.45626,4.47322e+07,4.23e+08,4000000000,0.10575,105.75,1
36,2,12176021000000,331707,0.121625,8.22197,9.80392,8.3232e+06,8.16e+07,1000000000,0.102,102,0.8
36,0,12176022000000,335707,0.122136,8.18758,6.07903,1.08241e+08,6.58e+08,4000000000,0.1645,164.5,1
36,2,12176023000000,336707,0.122073,8.19179,9.90099,8.1608e+06,8.08e+07,1000000000,0.101,101,0.8
36,2,12176024000000,337707,0.122023,8.19518,9.52381,8.82e+06,8.4e+07,1000000000,0.105,105,0.8
36,0,12176025000000,341707,0.122216,8.18225,7.22022,7.6729e+07,5.54e+08,4000000000,0.1385,138.5,1
36,2,12176026000000,342707,0.12218,8.18463,9.09091,9.68e+06,8.8e+07,1000000000,0.11,110,0.8
36,0,12176027000000,346707,0.122691,8.15052,6.00601,1.10889e+08,6.66e+08,4000000000,0.1665,166.5,1
36,1,12176028000000,348707,0.122123,8.18849,42.5532,994050,4.23e+07,2000000000,0.0235,23.5,0.9
36,2,12176029000000,349707,0.121971,8.19869,14.4928,3.8088e+06,5.52e+07,1000000000,0.069,69,0.8
36,0,12176030000000,353707,0.122412,8.16913,6.21118,1.03684e+08,6.44e+08,4000000000,0.161,161,1
36,2,12176031000000,354707,0.122417,8.16883,8.06452,1.23008e+07,9.92e+07,1000000000,0.124,124,0.8
36,0,12176032000000,358707,0.122462,8.16579,7.90514,6.4009e+07,5.06e+08,4000000000,0.1265,126.5,1
36,1,12176033000000,360707,0.122166,8.18561,14.4928,8.5698e+06,1.242e+08,2000000000,0.069,69,0.9
36,2,12176034000000,361707,0.122171,8.18527,8.06452,1.23008e+07,9.92e+07,1000000000,0.124,124,0.8
36,0,12176035000000,365707,0.122617,8.15546,6.13497,1.06276e+08,6.52e+08,4000000000,0.163,163,1
36,2,12176036000000,366707,0.122599,8.15666,8.62069,1.07648e+07,9.28e+07,1000000000,0.116,116,0.8
36,1,12176037000000,368707,0.122742,8.14714,6.71141,3.99618e+07,2.682e+08,2000000000,0.149,149,0.9
36,1,12176038000000,370707,0.123046,8.12704,5.58659,5.76738e+07,3.222e+08,2000000000,0.179,179,0.9
36,1,12176039000000,372707,0.122804,8.14304,12.8205,1.09512e+07,1.404e+08,2000000000,0.078,78,0.9
36,0,12176040000000,376707,0.123125,8.12184,6.53595,9.3636e+07,6.12e+08,4000000000,0.153,153,1
36,2,12176041000000,377707,0.123098,8.1236,8.84956,1.02152e+07,9.04e+07,1000000000,0.113,113,0.8
36,0,12176042000000,381707,0.123545,8.09422,6.03318,1.09892e+08,6.63e+08,4000000000,0.16575,165.75,1
36,2,12176043000000,382707,0.123314,8.1094,28.5714,980000,2.8e+07,1000000000,0.035,35,0.8
36,1,12176044000000,384707,0.122966,8.13231,17.6991,5.74605e+06,1.017e+08,2000000000,0.0565,56.5,0.9
36,0,12176045000000,388707,0.123255,8.11327,6.62252,9.1204e+07,6.04e+08,4000000000,0.151,151,1
36,2,12176046000000,389707,0.123246,8.11382,8.33333,1.152e+07,9.6e+07,1000000000,0.12,120,0.8
36,0,12176047000000,393707,0.12366,8.08666,6.09756,1.07584e+08,6.56e+08,4000000000,0.164,164,1
36,2,12176048000000,394707,0.123456,8.10004,23.2558,1.4792e+06,3.44e+07,1000000000,0.043,43,0.8
36,1,12176049000000,396707,0.123088,8.12425,19.802,4.59045e+06,9.09e+07,2000000000,0.0505,50.5,0.9
36,0,12176050000000,400707,0.123447,8.10065,6.28931,1.01124e+08,6.36e+08,4000000000,0.159,159,1
36,2,12176051000000,401707,0.123361,8.10629,11.236,6.3368e+06,7.12e+07,1000000000,0.089,89,0.8
36,0,12176052000000,405707,0.123779,8.07892,6.03318,1.09892e+08,6.63e+08,4000000000,0.16575,165.75,1
36,2,12176053000000,406707,0.12359,8.09126,21.2766,1.7672e+06,3.76e+07,1000000000,0.047,47,0.8
36,2,12176054000000,407707,0.123456,8.10003,14.4928,3.8088e+06,5.52e+07,1000000000,0.069,69,0.8
36,0,12176055000000,409763,0.124457,8.03488,3.09639,4.17205e+08,1.29183e+09,4000000000,0.322957,166,1
36,2,12176056000000,409763,0.124457,8.03488,0,-nan,-nan,1000000000,-nan,0,0.8
36,0,12176057000000,409763,0.124457,8.03488,0,-nan,-nan,4000000000,-nan,0,1
37,2,12175902000000,52619,0.116802,8.5615,8.5615,1.09142e+07,9.34415e+07,1000000000,0.116802,6146,0.8
37,0,12175903000000,56619,0.108621,9.20634,1000,4000,4e+06,4000000000,0.001,1,1
37,2,12175904000000,57619,0.106736,9.36894,0,0,0,1000000000,0,0,0.8
37,2,12175905000000,58619,0.111397,8.97688,2.63158,1.1552e+08,3.04e+08,1000000000,0.38,380,0.8
37,0,12175906000000,62619,0.10623,9.41356,32.7869,3.721e+06,1.22e+08,4000000000,0.0305,30.5,1
37,2,12175907000000,63619,0.109873,9.10143,2.95858,9.13952e+07,2.704e+08,1000000000,0.338,338,0.8
37,0,12175908000000,67619,0.107218,9.32676,15.3846,1.69e+07,2.6e+08,4000000000,0.065,65,1
37,2,12175909000000,68619,0.107376,9.31311,8.47458,1.11392e+07,9.44e+07,1000000000,0.118,118,0.8
37,1,12175910000000,70619,0.113539,8.80756,3.07692,1.90125e+08,5.85e+08,2000000000,0.325,325,0.9
37,0,12175911000000,74619,0.109382,9.14224,27.7778,5.184e+06,1.44e+08,4000000000,0.036,36,1
37,2,12175912000000,75619,0.113649,8.79905,2.31481,1.49299e+08,3.456e+08,1000000000,0.432,432,0.8
37,0,12175913000000,79619,0.110451,9.05379,20,1e+07,2e+08,4000000000,0.05,50,1
37,2,12175914000000,80619,0.110545,9.04612,8.47458,1.11392e+07,9.44e+07,1000000000,0.118,118,0.8
37,1,12175915000000,82619,0.115833,8.63312,3.03951,1.94834e+08,5.922e+08,2000000000,0.329,329,0.9
37,0,12175916000000,86619,0.1121,8.9206,28.5714,4.9e+06,1.4e+08,4000000000,0.035,35,1
37,2,12175917000000,87619,0.116014,8.61968,2.1978,1.6562e+08,3.64e+08,1000000000,0.455,455,0.8
37,0,12175918000000,91619,0.112706,8.87265,24.8447,6.48025e+06,1.61e+08,4000000000,0.04025,40.25,1
37,2,12175919000000,92619,0.11272,8.87155,8.77193,1.03968e+07,9.12e+07,1000000000,0.114,114,0.8
37,1,12175920000000,94619,0.117376,8.51963,3.003,1.996e+08,5.994e+08,2000000000,0.333,333,0.9
37,0,12175921000000,98619,0.114157,8.7599,26.3158,5.776e+06,1.52e+08,4000000000,0.038,38,1
37,2,12175922000000,99619,0.117668,8.49846,2.15517,1.72237e+08,3.712e+08,1000000000,0.464,464,0.8
37,0,12175923000000,103619,0.114477,8.73537,28.5714,4.9e+06,1.4e+08,4000000000,0.035,35,1
37,2,12175924000000,104619,0.114473,8.73572,8.77193,1.03968e+07,9.12e+07,1000000000,0.114,114,0.8
37,1,12175925000000,106619,0.118534,8.43638,3.02115,1.9721e+08,5.958e+08,2000000000,0.331,331,0.9
37,0,12175926000000,110619,0.115658,8.64616,25.641,6.084e+06,1.56e+08,4000000000,0.039,39,1
37,2,12175927000000,111619,0.118806,8.41709,2.14133,1.74471e+08,3.736e+08,1000000000,0.467,467,0.8
37,0,12175928000000,115619,0.115881,8.62957,29.1971,4.69225e+06,1.37e+08,4000000000,0.03425,34.25,1
37,2,12175929000000,116619,0.115864,8.63077,8.77193,1.03968e+07,9.12e+07,1000000000,0.114,114,0.8
37,1,12175930000000,118619,0.119526,8.36641,3.003,1.996e+08,5.994e+08,2000000000,0.333,333,0.9
37,0,12175931000000,122619,0.116866,8.5568,26.3158,5.776e+06,1.52e+08,4000000000,0.038,38,1
37,2,12175932000000,123619,0.119747,8.35094,2.11416,1.78983e+08,3.784e+08,1000000000,0.473,473,0.8
37,0,12175933000000,127619,0.11702,8.54553,30.5344,4.29025e+06,1.31e+08,4000000000,0.03275,32.75,1
37,2,12175934000000,128619,0.116997,8.54725,8.77193,1.03968e+07,9.12e+07,1000000000,0.114,114,0.8
37,1,12175935000000,130619,0.120304,8.31227,3.003,1.996e+08,5.994e+08,2000000000,0.333,333,0.9
37,0,12175936000000,134619,0.117859,8.48475,26.3158,5.776e+06,1.52e+08,4000000000,0.038,38,1
37,2,12175937000000,135619,0.120485,8.29982,2.1097,1.79741e+08,3.792e+08,1000000000,0.474,474,0.8
37,0,12175938000000,139619,0.117964,8.47717,30.7692,4.225e+06,1.3e+08,4000000000,0.0325,32.5,1
37,2,12175939000000,140619,0.117936,8.4792,8.77193,1.03968e+07,9.12e+07,1000000000,0.114,114,0.8
37,1,12175940000000,142619,0.120952,8.26777,3.003,1.996e+08,5.994e+08,2000000000,0.333,333,0.9
37,0,12175941000000,146619,0.118689,8.42541,26.3158,5.776e+06,1.52e+08,4000000000,0.038,38,1
37,2,12175942000000,147619,0.121096,8.25794,2.1097,1.79741e+08,3.792e+08,1000000000,0.474,474,0.8
37,0,12175943000000,151619,0.118758,8.42047,30.7692,4.225e+06,1.3e+08,4000000000,0.0325,32.5,1
37,2,12175944000000,152619,0.118727,8.42268,8.77193,1.03968e+07,9.12e+07,1000000000,0.114,114,0.8
37,1,12175945000000,154619,0.121499,8.23054,3.003,1.996e+08,5.994e+08,2000000000,0.333,333,0.9
37,0,12175946000000,158619,0.119393,8.3757,26.3158,5.776e+06,1.52e+08,4000000000,0.038,38,1
37,2,12175947000000,159619,0.121615,8.2227,2.1097,1.79741e+08,3.792e+08,1000000000,0.474,474,0.8
37,0,12175948000000,163619,0.119436,8.37268,30.7692,4.225e+06,1.3e+08,4000000000,0.0325,32.5,1
37,2,12175949000000,164619,0.119403,8.375,8.77193,1.03968e+07,9.12e+07,1000000000,0.114,114,0.8
37,1,12175950000000,166619,0.121967,8.19895,3.003,1.996e+08,5.994e+08,2000000000,0.333,333,0.9
37,0,12175951000000,170619,0.119998,8.33345,26.3158,5.776e+06,1.52e+08,4000000000,0.038,38,1
37,2,12175952000000,171619,0.122061,8.19262,2.1097,1.79741e+08,3.792e+08,1000000000,0.474,474,0.8
37,0,12175953000000,175619,0.120021,8.33186,30.7692,4.225e+06,1.3e+08,4000000000,0.0325,32.5,1
37,2,12175954000000,176619,0.119857,8.34328,10.989,6.6248e+06,7.28e+07,1000000000,0.091,91,0.8
37,2,12175955000000,177619,0.119526,8.36642,16.3934,2.9768e+06,4.88e+07,1000000000,0.061,61,0.8
37,1,12175956000000,179619,0.118278,8.45465,133.333,101250,1.35e+07,2000000000,0.0075,7.5,0.9
37,2,12175957000000,180619,0.118648,8.42832,5.40541,2.738e+07,1.48e+08,1000000000,0.185,185,0.8
37,1,12175958000000,182619,0.118005,8.4742,16.6667,6.48e+06,1.08e+08,2000000000,0.06,60,0.9
37,1,12175959000000,184619,0.116792,8.56224,166.667,64800,1.08e+07,2000000000,0.006,6,0.9
37,2,12175960000000,185619,0.117062,8.54245,5.98802,2.23112e+07,1.336e+08,1000000000,0.167,167,0.8
37,1,12175961000000,187619,0.11922,8.38783,3.12989,1.83744e+08,5.751e+08,2000000000,0.3195,319.5,0.9
37,0,12175962000000,191619,0.117295,8.52549,37.037,2.916e+06,1.08e+08,4000000000,0.027,27,1
37,2,12175963000000,192619,0.117704,8.4959,5.10204,3.07328e+07,1.568e+08,1000000000,0.196,196,0.8
37,0,12175964000000,196619,0.117517,8.50943,9.21659,4.7089e+07,4.34e+08,4000000000,0.1085,108.5,1
37,2,12175965000000,197619,0.117691,8.49682,6.57895,1.84832e+07,1.216e+08,1000000000,0.152,152,0.8
37,1,12175966000000,199619,0.119578,8.36276,3.26797,1.68545e+08,5.508e+08,2000000000,0.306,306,0.9
37,0,12175967000000,203619,0.117877,8.48342,30.303,4.356e+06,1.32e+08,4000000000,0.033,33,1
37,2,12175968000000,204619,0.118977,8.40497,2.91545,9.41192e+07,2.744e+08,1000000000,0.343,343,0.8
37,0,12175969000000,208619,0.118043,8.47149,14.2349,1.97403e+07,2.81e+08,4000000000,0.07025,70.25,1
37,2,12175970000000,209619,0.118043,8.47151,8.47458,1.11392e+07,9.44e+07,1000000000,0.118,118,0.8
37,1,12175971000000,211619,0.119999,8.33343,3.07692,1.90125e+08,5.85e+08,2000000000,0.325,325,0.9
37,0,12175972000000,215619,0.11844,8.44307,27.7778,5.184e+06,1.44e+08,4000000000,0.036,36,1
37,2,12175973000000,216619,0.119837,8.34466,2.3753,1.41793e+08,3.368e+08,1000000000,0.421,421,0.8
37,0,12175974000000,220619,0.118675,8.42636,17.9372,1.24322e+07,2.23e+08,4000000000,0.05575,55.75,1
37,2,12175975000000,221619,0.118582,8.43299,10.2041,7.6832e+06,7.84e+07,1000000000,0.098,98,0.8
37,1,12175976000000,223619,0.120428,8.30371,3.07692,1.90125e+08,5.85e+08,2000000000,0.325,325,0.9
37,0,12175977000000,227619,0.118988,8.40419,25.974,5.929e+06,1.54e+08,4000000000,0.0385,38.5,1
37,2,12175978000000,228619,0.120572,8.29381,2.079,1.85089e+08,3.848e+08,1000000000,0.481,481,0.8
37,0,12175979000000,232619,0.11907,8.3984,30.0752,4.42225e+06,1.33e+08,4000000000,0.03325,33.25,1
37,2,12175980000000,233619,0.119066,8.39873,8.47458,1.11392e+07,9.44e+07,1000000000,0.118,118,0.8
37,1,12175981000000,235619,0.120814,8.27721,3.07692,1.90125e+08,5.85e+08,2000000000,0.325,325,0.9
37,0,12175982000000,239619,0.119398,8.37536,27.7778,5.184e+06,1.44e+08,4000000000,0.036,36,1
37,2,12175983000000,240619,0.120872,8.27324,2.1097,1.79741e+08,3.792e+08,1000000000,0.474,474,0.8
37,0,12175984000000,244619,0.11957,8.36333,24.2424,6.80625e+06,1.65e+08,4000000000,0.04125,41.25,1
37,2,12175985000000,245619,0.119567,8.36349,8.40336,1.13288e+07,9.52e+07,1000000000,0.119,119,0.8
37,1,12175986000000,247619,0.121255,8.24709,3.04414,1.94242e+08,5.913e+08,2000000000,0.3285,328.5,0.9
37,0,12175987000000,251619,0.119848,8.34391,30.5344,4.29025e+06,1.31e+08,4000000000,0.03275,32.75,1
37,2,12175988000000,252619,0.121305,8.24367,2.04918,1.90515e+08,3.904e+08,1000000000,0.488,488,0.8
37,0,12175989000000,256619,0.119905,8.33991,31.746,3.969e+06,1.26e+08,4000000000,0.0315,31.5,1
37,2,12175990000000,257619,0.119898,8.34042,8.47458,1.11392e+07,9.44e+07,1000000000,0.118,118,0.8
37,1,12175991000000,259619,0.121478,8.23194,3.07692,1.90125e+08,5.85e+08,2000000000,0.325,325,0.9
37,0,12175992000000,263619,0.120181,8.32078,27.7778,5.184e+06,1.44e+08,4000000000,0.036,36,1
37,2,12175993000000,264619,0.121533,8.2282,2.09205,1.82787e+08,3.824e+08,1000000000,0.478,478,0.8
37,0,12175994000000,268619,0.120323,8.31097,24.8447,6.48025e+06,1.61e+08,4000000000,0.04025,40.25,1
37,2,12175995000000,269619,0.120318,8.31131,8.40336,1.13288e+07,9.52e+07,1000000000,0.119,119,0.8
37,1,12175996000000,271619,0.121851,8.20676,3.04414,1.94242e+08,5.913e+08,2000000000,0.3285,328.5,0.9
37,0,12175997000000,275619,0.120558,8.29478,30.5344,4.29025e+06,1.31e+08,4000000000,0.03275,32.75,1
37,2,12175998000000,276619,0.121882,8.20463,2.05339,1.89735e+08,3.896e+08,1000000000,0.487,487,0.8
37,0,12175999000000,280619,0.120598,8.29203,31.4961,4.03225e+06,1.27e+08,4000000000,0.03175,31.75,1
37,2,12176000000000,281619,0.120588,8.29267,8.47458,1.11392e+07,9.44e+07,1000000000,0.118,118,0.8
37,1,12176001000000,283619,0.122086,8.19093,3.003,1.996e+08,5.994e+08,2000000000,0.333,333,0.9
37,0,12176002000000,287619,0.120833,8.27585,31.25,4.096e+06,1.28e+08,4000000000,0.032,32,1
37,2,12176003000000,288619,0.122033,8.19451,2.14133,1.74471e+08,3.736e+08,1000000000,0.467,467,0.8
37,0,12176004000000,292619,0.120901,8.27121,25.4777,6.16225e+06,1.57e+08,4000000000,0.03925,39.25,1
37,2,12176005000000,293619,0.120864,8.27375,9.09091,9.68e+06,8.8e+07,1000000000,0.11,110,0.8
37,1,12176006000000,295619,0.123723,8.08254,1.83993,5.31706e+08,9.783e+08,2000000000,0.5435,543.5,0.9
37,0,12176007000000,299619,0.122082,8.19124,1333.33,2250,3e+06,4000000000,0.00075,0.75,1
37,2,12176008000000,300619,0.121938,8.20086,12.6582,4.9928e+06,6.32e+07,1000000000,0.079,79,0.8
37,0,12176009000000,304619,0.122323,8.17506,6.61157,9.15062e+07,6.05e+08,4000000000,0.15125,151.25,1
37,1,12176010000000,306619,0.121695,8.21726,38.4615,1.2168e+06,4.68e+07,2000000000,0.026,26,0.9
37,2,12176011000000,307619,0.121794,8.21062,6.57895,1.84832e+07,1.216e+08,1000000000,0.152,152,0.8
37,0,12176012000000,311619,0.122194,8.1837,6.53595,9.3636e+07,6.12e+08,4000000000,0.153,153,1
37,2,12176013000000,312619,0.122142,8.18717,9.43396,8.9888e+06,8.48e+07,1000000000,0.106,106,0.8
37,1,12176014000000,314619,0.122548,8.16005,5.37634,6.22728e+07,3.348e+08,2000000000,0.186,186,0.9
37,0,12176015000000,318619,0.12192,8.20211,13.7931,2.1025e+07,2.9e+08,4000000000,0.0725,72.5,1
37,2,12176016000000,319619,0.122027,8.19494,6.41026,1.94688e+07,1.248e+08,1000000000,0.156,156,0.8
37,0,12176017000000,323619,0.122434,8.16766,6.45161,9.61e+07,6.2e+08,4000000000,0.155,155,1
37,2,12176018000000,324619,0.122359,8.17268,10.2041,7.6832e+06,7.84e+07,1000000000,0.098,98,0.8
37,1,12176019000000,326619,0.122354,8.17304,8.23045,2.6572e+07,2.187e+08,2000000000,0.1215,121.5,0.9
37,0,12176020000000,330619,0.122153,8.18648,9.45626,4.47322e+07,4.23e+08,4000000000,0.10575,105.75,1
37,2,12176021000000,331619,0.122092,8.19055,9.80392,8.3232e+06,8.16e+07,1000000000,0.102,102,0.8
37,0,12176022000000,335619,0.122597,8.15678,6.07903,1.08241e+08,6.58e+08,4000000000,0.1645,164.5,1
37,2,12176023000000,336619,0.122533,8.16105,9.90099,8.1608e+06,8.08e+07,1000000000,0.101,101,0.8
37,2,12176024000000,337619,0.122481,8.16451,9.52381,8.82e+06,8.4e+07,1000000000,0.105,105,0.8
37,0,12176025000000,341619,0.122669,8.15203,7.22022,7.6729e+07,5.54e+08,4000000000,0.1385,138.5,1
37,2,12176026000000,342619,0.122632,8.15449,9.09091,9.68e+06,8.8e+07,1000000000,0.11,110,0.8
37,0,12176027000000,346619,0.123138,8.12096,6.00601,1.10889e+08,6.66e+08,4000000000,0.1665,166.5,1
37,1,12176028000000,348619,0.122432,8.16782,0,0,0,2000000000,0,0,0.9
37,2,12176029000000,349619,0.122396,8.1702,9.09091,9.68e+06,8.8e+07,1000000000,0.11,110,0.8
37,0,12176030000000,353619,0.121023,8.2629,1000,4000,4e+06,4000000000,0.001,1,1
37,2,12176031000000,354619,0.122515,8.16229,1.53846,3.38e+08,5.2e+08,1000000000,0.65,650,0.8
37,0,12176032000000,358619,0.121605,8.22332,24.3902,6.724e+06,1.64e+08,4000000000,0.041,41,1
37,1,12176033000000,360619,0.121879,8.20484,5.84795,5.26338e+07,3.078e+08,2000000000,0.171,171,0.9
37,2,12176034000000,361619,0.122267,8.17883,3.81679,5.49152e+07,2.096e+08,1000000000,0.262,262,0.8
37,0,12176035000000,365619,0.121378,8.23874,24.3902,6.724e+06,1.64e+08,4000000000,0.041,41,1
37,2,12176036000000,366619,0.122683,8.15107,1.66667,2.88e+08,4.8e+08,1000000000,0.6,600,0.8
37,1,12176037000000,368619,0.122473,8.16504,11.9048,1.27008e+07,1.512e+08,2000000000,0.084,84,0.9
37,1,12176038000000,370619,0.122325,8.17494,10.5263,1.6245e+07,1.71e+08,2000000000,0.095,95,0.9
37,1,12176039000000,372619,0.122801,8.14325,4.73934,8.01378e+07,3.798e+08,2000000000,0.211,211,0.9
37,0,12176040000000,376619,0.121911,8.20271,25.641,6.084e+06,1.56e+08,4000000000,0.039,39,1
37,2,12176041000000,377619,0.123174,8.11857,1.66945,2.87041e+08,4.792e+08,1000000000,0.599,599,0.8
37,0,12176042000000,381619,0.122326,8.17486,23.6686,7.14025e+06,1.69e+08,4000000000,0.04225,42.25,1
37,2,12176043000000,382619,0.12227,8.17859,9.90099,8.1608e+06,8.08e+07,1000000000,0.101,101,0.8
37,1,12176044000000,384619,0.122984,8.13114,3.85356,1.21212e+08,4.671e+08,2000000000,0.2595,259.5,0.9
37,0,12176045000000,388619,0.122099,8.19007,27.027,5.476e+06,1.48e+08,4000000000,0.037,37,1
37,2,12176046000000,389619,0.123246,8.11385,1.75747,2.59009e+08,4.552e+08,1000000000,0.569,569,0.8
37,0,12176047000000,393619,0.122499,8.16332,20.1005,9.90025e+06,1.99e+08,4000000000,0.04975,49.75,1
37,2,12176048000000,394619,0.122293,8.17711,24.3902,1.3448e+06,3.28e+07,1000000000,0.041,41,0.8
37,1,12176049000000,396619,0.123085,8.12444,3.57782,1.40616e+08,5.031e+08,2000000000,0.2795,279.5,0.9
37,0,12176050000000,400619,0.122148,8.18676,34.188,3.42225e+06,1.17e+08,4000000000,0.02925,29.25,1
37,2,12176051000000,401619,0.123286,8.11122,1.72712,2.68193e+08,4.632e+08,1000000000,0.579,579,0.8
37,0,12176052000000,405619,0.122512,8.1625,22.3464,8.01025e+06,1.79e+08,4000000000,0.04475,44.75,1
37,2,12176053000000,406619,0.12236,8.17259,16.3934,2.9768e+06,4.88e+07,1000000000,0.061,61,0.8
37,2,12176054000000,407619,0.123542,8.09442,1.65563,2.91853e+08,4.832e+08,1000000000,0.604,604,0.8
37,0,12176055000000,411619,0.12274,8.14732,24.3902,6.724e+06,1.64e+08,4000000000,0.041,41,1
37,2,12176056000000,412619,0.123167,8.11906,3.34448,7.15208e+07,2.392e+08,1000000000,0.299,299,0.8
37,0,12176057000000,413652,0.123635,8.0883,3.21807,3.86251e+08,1.24298e+09,4000000000,0.310745,80.25,1
38,2,12175902000000,52550,0.116042,8.61758,8.61758,1.07726e+07,9.28335e+07,1000000000,0.116042,6098,0.8
38,0,12175903000000,56550,0.107905,9.26745,1000,4000,4e+06,4000000000,0.001,1,1
38,2,12175904000000,57550,0.10603,9.43133,0,0,0,1000000000,0,0,0.8
38,2,12175905000000,58550,0.110709,9.03271,2.63158,1.1552e+08,3.04e+08,1000000000,0.38,380,0.8
38,0,12175906000000,62550,0.10558,9.47153,32.7869,3.721e+06,1.22e+08,4000000000,0.0305,30.5,1
38,2,12175907000000,63550,0.109237,9.15442,2.95858,9.13952e+07,2.704e+08,1000000000,0.338,338,0.8
38,0,12175908000000,67550,0.106617,9.37934,15.3846,1.69e+07,2.6e+08,4000000000,0.065,65,1
38,2,12175909000000,68550,0.106783,9.36475,8.47458,1.11392e+07,9.44e+07,1000000000,0.118,118,0.8
38,1,12175910000000,70550,0.11297,8.85194,3.07692,1.90125e+08,5.85e+08,2000000000,0.325,325,0.9
38,0,12175911000000,74550,0.10884,9.18782,27.7778,5.184e+06,1.44e+08,4000000000,0.036,36,1
38,2,12175912000000,75550,0.113117,8.84039,2.31481,1.49299e+08,3.456e+08,1000000000,0.432,432,0.8
38,0,12175913000000,79550,0.109943,9.09559,20,1e+07,2e+08,4000000000,0.05,50,1
38,2,12175914000000,80550,0.110043,9.08732,8.47458,1.11392e+07,9.44e+07,1000000000,0.118,118,0.8
38,1,12175915000000,82550,0.115348,8.6694,3.03951,1.94834e+08,5.922e+08,2000000000,0.329,329,0.9
38,0,12175916000000,86550,0.111635,8.95777,28.5714,4.9e+06,1.4e+08,4000000000,0.035,35,1
38,2,12175917000000,87550,0.115557,8.65375,2.1978,1.6562e+08,3.64e+08,1000000000,0.455,455,0.8
38,0,12175918000000,91550,0.112267,8.90737,24.8447,6.48025e+06,1.61e+08,4000000000,0.04025,40.25,1
38,2,12175919000000,92550,0.112285,8.90589,8.77193,1.03968e+07,9.12e+07,1000000000,0.114,114,0.8
38,1,12175920000000,94550,0.116954,8.55037,3.003,1.996e+08,5.994e+08,2000000000,0.333,333,0.9
38,0,12175921000000,98550,0.113749,8.79126,26.3158,5.776e+06,1.52e+08,4000000000,0.038,38,1
38,2,12175922000000,99550,0.117268,8.5275,2.15517,1.72237e+08,3.712e+08,1000000000,0.464,464,0.8
38,0,12175923000000,103550,0.11409,8.76502,28.5714,4.9e+06,1.4e+08,4000000000,0.035,35,1
38,2,12175924000000,104550,0.114089,8.76509,8.77193,1.03968e+07,9.12e+07,1000000000,0.114,114,0.8
38,1,12175925000000,106550,0.11816,8.46307,3.02115,1.9721e+08,5.958e+08,2000000000,0.331,331,0.9
38,0,12175926000000,110550,0.115296,8.67331,25.641,6.084e+06,1.56e+08,4000000000,0.039,39,1
38,2,12175927000000,111550,0.118449,8.44244,2.14133,1.74471e+08,3.736e+08,1000000000,0.467,467,0.8
38,0,12175928000000,115550,0.115534,8.65543,29.1971,4.69225e+06,1.37e+08,4000000000,0.03425,34.25,1
38,2,12175929000000,116550,0.115521,8.65642,8.77193,1.03968e+07,9.12e+07,1000000000,0.114,114,0.8
38,1,12175930000000,118550,0.11919,8.38995,3.003,1.996e+08,5.994e+08,2000000000,0.333,333,0.9
38,0,12175931000000,122550,0.11654,8.58073,26.3158,5.776e+06,1.52e+08,4000000000,0.038,38,1
38,2,12175932000000,123550,0.119425,8.37343,2.11416,1.78983e+08,3.784e+08,1000000000,0.473,473,0.8
38,0,12175933000000,127550,0.116707,8.56845,30.5344,4.29025e+06,1.31e+08,4000000000,0.03275,32.75,1
38,2,12175934000000,128550,0.116686,8.57,8.77193,1.03968e+07,9.12e+07,1000000000,0.114,114,0.8
38,1,12175935000000,130550,0.12,8.33333,3.003,1.996e+08,5.994e+08,2000000000,0.333,333,0.9
38,0,12175936000000,134550,0.117562,8.50613,26.3158,5.776e+06,1.52e+08,4000000000,0.038,38,1
38,2,12175937000000,135550,0.120192,8.32003,2.1097,1.79741e+08,3.792e+08,1000000000,0.474,474,0.8
38,0,12175938000000,139550,0.117678,8.49775,30.7692,4.225e+06,1.3e+08,4000000000,0.0325,32.5,1
38,2,12175939000000,140550,0.117652,8.49964,8.77193,1.03968e+07,9.12e+07,1000000000,0.114,114,0.8
38,1,12175940000000,142550,0.120673,8.28683,3.003,1.996e+08,5.994e+08,2000000000,0.333,333,0.9
38,0,12175941000000,146550,0.118417,8.44474,26.3158,5.776e+06,1.52e+08,4000000000,0.038,38,1
38,2,12175942000000,147550,0.120827,8.27631,2.1097,1.79741e+08,3.792e+08,1000000000,0.474,474,0.8
38,0,12175943000000,151550,0.118496,8.43914,30.7692,4.225e+06,1.3e+08,4000000000,0.0325,32.5,1
38,2,12175944000000,152550,0.118466,8.44124,8.77193,1.03968e+07,9.12e+07,1000000000,0.114,114,0.8
38,1,12175945000000,154550,0.121242,8.24795,3.003,1.996e+08,5.994e+08,2000000000,0.333,333,0.9
38,0,12175946000000,158550,0.119142,8.39333,26.3158,5.776e+06,1.52e+08,4000000000,0.038,38,1
38,2,12175947000000,159550,0.121366,8.23952,2.1097,1.79741e+08,3.792e+08,1000000000,0.474,474,0.8
38,0,12175948000000,163550,0.119193,8.38976,30.7692,4.225e+06,1.3e+08,4000000000,0.0325,32.5,1
38,2,12175949000000,164550,0.119161,8.39198,8.77193,1.03968e+07,9.12e+07,1000000000,0.114,114,0.8
38,1,12175950000000,166550,0.121729,8.21496,3.003,1.996e+08,5.994e+08,2000000000,0.333,333,0.9
38,0,12175951000000,170550,0.119765,8.34965,26.3158,5.776e+06,1.52e+08,4000000000,0.038,38,1
38,2,12175952000000,171550,0.12183,8.20813,2.1097,1.79741e+08,3.792e+08,1000000000,0.474,474,0.8
38,0,12175953000000,175550,0.119795,8.3476,30.7692,4.225e+06,1.3e+08,4000000000,0.0325,32.5,1
38,2,12175954000000,176550,0.119632,8.35898,10.989,6.6248e+06,7.28e+07,1000000000,0.091,91,0.8
38,2,12175955000000,177550,0.119302,8.38212,16.3934,2.9768e+06,4.88e+07,1000000000,0.061,61,0.8
38,1,12175956000000,179550,0.118056,8.47054,133.333,101250,1.35e+07,2000000000,0.0075,7.5,0.9
38,2,12175957000000,180550,0.118427,8.44402,5.40541,2.738e+07,1.48e+08,1000000000,0.185,185,0.8
38,1,12175958000000,182550,0.117787,8.48991,16.6667,6.48e+06,1.08e+08,2000000000,0.06,60,0.9
38,1,12175959000000,184550,0.116575,8.57814,166.667,64800,1.08e+07,2000000000,0.006,6,0.9
38,2,12175960000000,185550,0.116847,8.55818,5.98802,2.23112e+07,1.336e+08,1000000000,0.167,167,0.8
38,1,12175961000000,187550,0.119008,8.40278,3.12989,1.83744e+08,5.751e+08,2000000000,0.3195,319.5,0.9
38,0,12175962000000,191550,0.117087,8.54066,37.037,2.916e+06,1.08e+08,4000000000,0.027,27,1
38,2,12175963000000,192550,0.117497,8.51087,5.10204,3.07328e+07,1.568e+08,1000000000,0.196,196,0.8
38,0,12175964000000,196550,0.117314,8.52416,9.21659,4.7089e+07,4.34e+08,4000000000,0.1085,108.5,1
38,2,12175965000000,197550,0.117489,8.51142,6.57895,1.84832e+07,1.216e+08,1000000000,0.152,152,0.8
38,1,12175966000000,199550,0.119379,8.37671,3.26797,1.68545e+08,5.508e+08,2000000000,0.306,306,0.9
38,0,12175967000000,203550,0.117681,8.49754,30.303,4.356e+06,1.32e+08,4000000000,0.033,33,1
38,2,12175968000000,204550,0.118783,8.41873,2.91545,9.41192e+07,2.744e+08,1000000000,0.343,343,0.8
38,0,12175969000000,208550,0.117852,8.48523,14.2349,1.97403e+07,2.81e+08,4000000000,0.07025,70.25,1
38,2,12175970000000,209550,0.117853,8.48518,8.47458,1.11392e+07,9.44e+07,1000000000,0.118,118,0.8
38,1,12175971000000,211550,0.119811,8.34648,3.07692,1.90125e+08,5.85e+08,2000000000,0.325,325,0.9
38,0,12175972000000,215550,0.118256,8.45626,27.7778,5.184e+06,1.44e+08,4000000000,0.036,36,1
38,2,12175973000000,216550,0.119654,8.35745,2.3753,1.41793e+08,3.368e+08,1000000000,0.421,421,0.8
38,0,12175974000000,220550,0.118495,8.4392,17.9372,1.24322e+07,2.23e+08,4000000000,0.05575,55.75,1
38,2,12175975000000,221550,0.118402,8.44579,10.2041,7.6832e+06,7.84e+07,1000000000,0.098,98,0.8
38,1,12175976000000,223550,0.120251,8.31597,3.07692,1.90125e+08,5.85e+08,2000000000,0.325,325,0.9
38,0,12175977000000,227550,0.118813,8.41656,25.974,5.929e+06,1.54e+08,4000000000,0.0385,38.5,1
38,2,12175978000000,228550,0.120398,8.30577,2.079,1.85089e+08,3.848e+08,1000000000,0.481,481,0.8
38,0,12175979000000,232550,0.118899,8.41049,30.0752,4.42225e+06,1.33e+08,4000000000,0.03325,33.25,1
38,2,12175980000000,233550,0.118895,8.41076,8.47458,1.11392e+07,9.44e+07,1000000000,0.118,118,0.8
38,1,12175981000000,235550,0.120645,8.28876,3.07692,1.90125e+08,5.85e+08,2000000000,0.325,325,0.9
38,0,12175982000000,239550,0.119232,8.38702,27.7778,5.184e+06,1.44e+08,4000000000,0.036,36,1
38,2,12175983000000,240550,0.120707,8.28454,2.1097,1.79741e+08,3.792e+08,1000000000,0.474,474,0.8
38,0,12175984000000,244550,0.119407,8.37471,24.2424,6.80625e+06,1.65e+08,4000000000,0.04125,41.25,1
38,2,12175985000000,245550,0.119405,8.37483,8.40336,1.13288e+07,9.52e+07,1000000000,0.119,119,0.8
38,1,12175986000000,247550,0.121095,8.258,3.04414,1.94242e+08,5.913e+08,2000000000,0.3285,328.5,0.9
38,0,12175987000000,251550,0.11969,8.35492,30.5344,4.29025e+06,1.31e+08,4000000000,0.03275,32.75,1
38,2,12175988000000,252550,0.121148,8.25435,2.04918,1.90515e+08,3.904e+08,1000000000,0.488,488,0.8
38,0,12175989000000,256550,0.119751,8.35069,31.746,3.969e+06,1.26e+08,4000000000,0.0315,31.5,1
38,2,12175990000000,257550,0.119744,8.35117,8.47458,1.11392e+07,9.44e+07,1000000000,0.118,118,0.8
38,1,12175991000000,259550,0.121325,8.2423,3.07692,1.90125e+08,5.85e+08,2000000000,0.325,325,0.9
38,0,12175992000000,263550,0.12003,8.33123,27.7778,5.184e+06,1.44e+08,4000000000,0.036,36,1
38,2,12175993000000,264550,0.121383,8.23835,2.09205,1.82787e+08,3.824e+08,1000000000,0.478,478,0.8
38,0,12175994000000,268550,0.120175,8.3212,24.8447,6.48025e+06,1.61e+08,4000000000,0.04025,40.25,1
38,2,12175995000000,269550,0.120171,8.3215,8.40336,1.13288e+07,9.52e+07,1000000000,0.119,119,0.8
38,1,12175996000000,271550,0.121705,8.21659,3.04414,1.94242e+08,5.913e+08,2000000000,0.3285,328.5,0.9
38,0,12175997000000,275550,0.120414,8.3047,30.5344,4.29025e+06,1.31e+08,4000000000,0.03275,32.75,1
38,2,12175998000000,276550,0.121739,8.21428,2.05339,1.89735e+08,3.896e+08,1000000000,0.487,487,0.8
38,0,12175999000000,280550,0.120456,8.30177,31.4961,4.03225e+06,1.27e+08,4000000000,0.03175,31.75,1
38,2,12176000000000,281550,0.120448,8.30237,8.47458,1.11392e+07,9.44e+07,1000000000,0.118,118,0.8
38,1,12176001000000,283550,0.121947,8.2003,3.003,1.996e+08,5.994e+08,2000000000,0.333,333,0.9
38,0,12176002000000,287550,0.120696,8.28531,31.25,4.096e+06,1.28e+08,4000000000,0.032,32,1
38,2,12176003000000,288550,0.121896,8.20374,2.14133,1.74471e+08,3.736e+08,1000000000,0.467,467,0.8
38,0,12176004000000,292550,0.120766,8.2805,25.4777,6.16225e+06,1.57e+08,4000000000,0.03925,39.25,1
38,2,12176005000000,293550,0.120729,8.28301,9.09091,9.68e+06,8.8e+07,1000000000,0.11,110,0.8
38,1,12176006000000,295550,0.12359,8.09127,1.83993,5.31706e+08,9.783e+08,2000000000,0.5435,543.5,0.9
38,0,12176007000000,299550,0.12195,8.20011,1333.33,2250,3e+06,4000000000,0.00075,0.75,1
38,2,12176008000000,300550,0.121807,8.20973,12.6582,4.9928e+06,6.32e+07,1000000000,0.079,79,0.8
38,0,12176009000000,304550,0.122193,8.18375,6.61157,9.15062e+07,6.05e+08,4000000000,0.15125,151.25,1
38,1,12176010000000,306550,0.121566,8.226,38.4615,1.2168e+06,4.68e+07,2000000000,0.026,26,0.9
38,2,12176011000000,307550,0.121665,8.21931,6.57895,1.84832e+07,1.216e+08,1000000000,0.152,152,0.8
38,0,12176012000000,311550,0.122067,8.19222,6.53595,9.3636e+07,6.12e+08,4000000000,0.153,153,1
38,2,12176013000000,312550,0.122016,8.19567,9.43396,8.9888e+06,8.48e+07,1000000000,0.106,106,0.8
38,1,12176014000000,314550,0.122423,8.16843,5.37634,6.22728e+07,3.348e+08,2000000000,0.186,186,0.9
38,0,12176015000000,318550,0.121796,8.21047,13.7931,2.1025e+07,2.9e+08,4000000000,0.0725,72.5,1
38,2,12176016000000,319550,0.121903,8.20327,6.41026,1.94688e+07,1.248e+08,1000000000,0.156,156,0.8
38,0,12176017000000,323550,0.122312,8.17582,6.45161,9.61e+07,6.2e+08,4000000000,0.155,155,1
38,2,12176018000000,324550,0.122237,8.18083,10.2041,7.6832e+06,7.84e+07,1000000000,0.098,98,0.8
38,1,12176019000000,326550,0.122232,8.18113,8.23045,2.6572e+07,2.187e+08,2000000000,0.1215,121.5,0.9
38,0,12176020000000,330550,0.122033,8.19451,9.45626,4.47322e+07,4.23e+08,4000000000,0.10575,105.75,1
38,2,12176021000000,331550,0.121973,8.19857,9.80392,8.3232e+06,8.16e+07,1000000000,0.102,102,0.8
38,0,12176022000000,335550,0.12248,8.16463,6.07903,1.08241e+08,6.58e+08,4000000000,0.1645,164.5,1
38,2,12176023000000,336550,0.122416,8.16889,9.90099,8.1608e+06,8.08e+07,1000000000,0.101,101,0.8
38,2,12176024000000,337550,0.122364,8.17233,9.52381,8.82e+06,8.4e+07,1000000000,0.105,105,0.8
38,0,12176025000000,341550,0.122553,8.15973,7.22022,7.6729e+07,5.54e+08,4000000000,0.1385,138.5,1
38,2,12176026000000,342550,0.122516,8.16217,9.09091,9.68e+06,8.8e+07,1000000000,0.11,110,0.8
38,0,12176027000000,346550,0.123024,8.12849,6.00601,1.10889e+08,6.66e+08,4000000000,0.1665,166.5,1
38,1,12176028000000,348550,0.122318,8.1754,0,0,0,2000000000,0,0,0.9
38,2,12176029000000,349550,0.122283,8.17776,9.09091,9.68e+06,8.8e+07,1000000000,0.11,110,0.8
38,0,12176030000000,353550,0.120911,8.27056,1000,4000,4e+06,4000000000,0.001,1,1
38,2,12176031000000,354550,0.122403,8.16973,1.53846,3.38e+08,5.2e+08,1000000000,0.65,650,0.8
38,0,12176032000000,358550,0.121495,8.2308,24.3902,6.724e+06,1.64e+08,4000000000,0.041,41,1
38,1,12176033000000,360550,0.12177,8.21224,5.84795,5.26338e+07,3.078e+08,2000000000,0.171,171,0.9
38,2,12176034000000,361550,0.122157,8.18616,3.81679,5.49152e+07,2.096e+08,1000000000,0.262,262,0.8
38,0,12176035000000,365550,0.121269,8.24611,24.3902,6.724e+06,1.64e+08,4000000000,0.041,41,1
38,2,12176036000000,366550,0.122575,8.15825,1.66667,2.88e+08,4.8e+08,1000000000,0.6,600,0.8
38,1,12176037000000,368550,0.122366,8.1722,11.9048,1.27008e+07,1.512e+08,2000000000,0.084,84,0.9
38,1,12176038000000,370550,0.122218,8.18208,10.5263,1.6245e+07,1.71e+08,2000000000,0.095,95,0.9
38,1,12176039000000,372550,0.122695,8.1503,4.73934,8.01378e+07,3.798e+08,2000000000,0.211,211,0.9
38,0,12176040000000,376550,0.121806,8.20979,25.641,6.084e+06,1.56e+08,4000000000,0.039,39,1
38,2,12176041000000,377550,0.12307,8.12547,1.66945,2.87041e+08,4.792e+08,1000000000,0.599,599,0.8
38,0,12176042000000,381550,0.122223,8.1818,23.6686,7.14025e+06,1.69e+08,4000000000,0.04225,42.25,1
38,2,12176043000000,382550,0.122167,8.18551,9.90099,8.1608e+06,8.08e+07,1000000000,0.101,101,0.8
38,1,12176044000000,384550,0.122881,8.13794,3.85356,1.21212e+08,4.671e+08,2000000000,0.2595,259.5,0.9
38,0,12176045000000,388550,0.121997,8.19691,27.027,5.476e+06,1.48e+08,4000000000,0.037,37,1
38,2,12176046000000,389550,0.123145,8.12053,1.75747,2.59009e+08,4.552e+08,1000000000,0.569,569,0.8
38,0,12176047000000,393550,0.122399,8.17002,20.1005,9.90025e+06,1.99e+08,4000000000,0.04975,49.75,1
38,2,12176048000000,394550,0.122192,8.18382,24.3902,1.3448e+06,3.28e+07,1000000000,0.041,41,0.8
38,1,12176049000000,396550,0.122986,8.13102,3.57782,1.40616e+08,5.031e+08,2000000000,0.2795,279.5,0.9
38,0,12176050000000,400550,0.12205,8.19338,34.188,3.42225e+06,1.17e+08,4000000000,0.02925,29.25,1
38,2,12176051000000,401550,0.123188,8.1177,1.72712,2.68193e+08,4.632e+08,1000000000,0.579,579,0.8
38,0,12176052000000,405550,0.122414,8.169,22.3464,8.01025e+06,1.79e+08,4000000000,0.04475,44.75,1
38,2,12176053000000,406550,0.122263,8.17909,16.3934,2.9768e+06,4.88e+07,1000000000,0.061,61,0.8
38,2,12176054000000,407550,0.123445,8.10078,1.65563,2.91853e+08,4.832e+08,1000000000,0.604,604,0.8
38,0,12176055000000,411550,0.122644,8.1537,24.3902,6.724e+06,1.64e+08,4000000000,0.041,41,1
38,2,12176056000000,412550,0.123071,8.12538,3.34448,7.15208e+07,2.392e+08,1000000000,0.299,299,0.8
38,0,12176057000000,413583,0.12354,8.09455,3.21807,3.86251e+08,1.24298e+09,4000000000,0.310745,80.25,1
39,2,10881501000000,974,0.00102669,974,974,843.281,821355,1000000000,0.00102669,1,0.8
39,2,12175902000000,52505,0.117056,8.54295,8.38584,1.13762e+07,9.53989e+07,1000000000,0.119249,6145,0.8
39,0,12175903000000,56505,0.10884,9.1878,1000,4000,4e+06,4000000000,0.001,1,1
39,2,12175904000000,57505,0.106947,9.35041,0,0,0,1000000000,0,0,0.8
39,2,12175905000000,58505,0.111614,8.95942,2.63158,1.1552e+08,3.04e+08,1000000000,0.38,380,0.8
39,0,12175906000000,62505,0.106423,9.39642,32.7869,3.721e+06,1.22e+08,4000000000,0.0305,30.5,1
39,2,12175907000000,63505,0.11007,9.08512,2.95858,9.13952e+07,2.704e+08,1000000000,0.338,338,0.8
39,0,12175908000000,67505,0.107399,9.31103,15.3846,1.69e+07,2.6e+08,4000000000,0.065,65,1
39,2,12175909000000,68505,0.107554,9.29764,8.47458,1.11392e+07,9.44e+07,1000000000,0.118,118,0.8
39,1,12175910000000,70505,0.113722,8.79334,3.07692,1.90125e+08,5.85e+08,2000000000,0.325,325,0.9
39,0,12175911000000,74505,0.10955,9.12828,27.7778,5.184e+06,1.44e+08,4000000000,0.036,36,1
39,2,12175912000000,75505,0.11382,8.78578,2.31481,1.49299e+08,3.456e+08,1000000000,0.432,432,0.8
39,0,12175913000000,79505,0.110609,9.04082,20,1e+07,2e+08,4000000000,0.05,50,1
39,2,12175914000000,80505,0.110701,9.03333,8.47458,1.11392e+07,9.44e+07,1000000000,0.118,118,0.8
39,1,12175915000000,82505,0.115993,8.62121,3.03951,1.94834e+08,5.922e+08,2000000000,0.329,329,0.9
39,0,12175916000000,86505,0.112248,8.90886,28.5714,4.9e+06,1.4e+08,4000000000,0.035,35,1
39,2,12175917000000,87505,0.116165,8.60846,2.1978,1.6562e+08,3.64e+08,1000000000,0.455,455,0.8
39,0,12175918000000,91505,0.112846,8.86161,24.8447,6.48025e+06,1.61e+08,4000000000,0.04025,40.25,1
39,2,12175919000000,92505,0.112859,8.86063,8.77193,1.03968e+07,9.12e+07,1000000000,0.114,114,0.8
39,1,12175920000000,94505,0.117518,8.50936,3.003,1.996e+08,5.994e+08,2000000000,0.333,333,0.9
39,0,12175921000000,98505,0.114289,8.74978,26.3158,5.776e+06,1.52e+08,4000000000,0.038,38,1
39,2,12175922000000,99505,0.117803,8.48874,2.15517,1.72237e+08,3.712e+08,1000000000,0.464,464,0.8
39,0,12175923000000,103505,0.114603,8.72576,28.5714,4.9e+06,1.4e+08,4000000000,0.035,35,1
39,2,12175924000000,104505,0.114597,8.7262,8.77193,1.03968e+07,9.12e+07,1000000000,0.114,114,0.8
39,1,12175925000000,106505,0.118661,8.42736,3.02115,1.9721e+08,5.958e+08,2000000000,0.331,331,0.9
39,0,12175926000000,110505,0.115778,8.63725,25.641,6.084e+06,1.56e+08,4000000000,0.039,39,1
39,2,12175927000000,111505,0.118927,8.40849,2.14133,1.74471e+08,3.736e+08,1000000000,0.467,467,0.8
39,0,12175928000000,115505,0.115995,8.62106,29.1971,4.69225e+06,1.37e+08,4000000000,0.03425,34.25,1
39,2,12175929000000,116505,0.115978,8.62234,8.77193,1.03968e+07,9.12e+07,1000000000,0.114,114,0.8
39,1,12175930000000,118505,0.119641,8.35837,3.003,1.996e+08,5.994e+08,2000000000,0.333,333,0.9
39,0,12175931000000,122505,0.116975,8.54885,26.3158,5.776e+06,1.52e+08,4000000000,0.038,38,1
39,2,12175932000000,123505,0.119857,8.34324,2.11416,1.78983e+08,3.784e+08,1000000000,0.473,473,0.8
39,0,12175933000000,127505,0.117125,8.5379,30.5344,4.29025e+06,1.31e+08,4000000000,0.03275,32.75,1
39,2,12175934000000,128505,0.117101,8.53967,8.77193,1.03968e+07,9.12e+07,1000000000,0.114,114,0.8
39,1,12175935000000,130505,0.120409,8.30501,3.003,1.996e+08,5.994e+08,2000000000,0.333,333,0.9
39,0,12175936000000,134505,0.117958,8.47756,26.3158,5.776e+06,1.52e+08,4000000000,0.038,38,1
39,2,12175937000000,135505,0.120586,8.29284,2.1097,1.79741e+08,3.792e+08,1000000000,0.474,474,0.8
39,0,12175938000000,139505,0.11806,8.47025,30.7692,4.225e+06,1.3e+08,4000000000,0.0325,32.5,1
39,2,12175939000000,140505,0.118031,8.47232,8.77193,1.03968e+07,9.12e+07,1000000000,0.114,114,0.8
39,1,12175940000000,142505,0.121048,8.26116,3.003,1.996e+08,5.994e+08,2000000000,0.333,333,0.9
39,0,12175941000000,146505,0.118781,8.41886,26.3158,5.776e+06,1.52e+08,4000000000,0.038,38,1
39,2,12175942000000,147505,0.121189,8.25157,2.1097,1.79741e+08,3.792e+08,1000000000,0.474,474,0.8
39,0,12175943000000,151505,0.118848,8.41414,30.7692,4.225e+06,1.3e+08,4000000000,0.0325,32.5,1
39,2,12175944000000,152505,0.118816,8.41639,8.77193,1.03968e+07,9.12e+07,1000000000,0.114,114,0.8
39,1,12175945000000,154505,0.121588,8.22448,3.003,1.996e+08,5.994e+08,2000000000,0.333,333,0.9
39,0,12175946000000,158505,0.119479,8.36968,26.3158,5.776e+06,1.52e+08,4000000000,0.038,38,1
39,2,12175947000000,159505,0.121702,8.21682,2.1097,1.79741e+08,3.792e+08,1000000000,0.474,474,0.8
39,0,12175948000000,163505,0.119519,8.36685,30.7692,4.225e+06,1.3e+08,4000000000,0.0325,32.5,1
39,2,12175949000000,164505,0.119486,8.3692,8.77193,1.03968e+07,9.12e+07,1000000000,0.114,114,0.8
39,1,12175950000000,166505,0.12205,8.19334,3.003,1.996e+08,5.994e+08,2000000000,0.333,333,0.9
39,0,12175951000000,170505,0.120079,8.32788,26.3158,5.776e+06,1.52e+08,4000000000,0.038,38,1
39,2,12175952000000,171505,0.122142,8.18718,2.1097,1.79741e+08,3.792e+08,1000000000,0.474,474,0.8
39,0,12175953000000,175505,0.120099,8.32645,30.7692,4.225e+06,1.3e+08,4000000000,0.0325,32.5,1
39,2,12175954000000,176505,0.119934,8.3379,10.989,6.6248e+06,7.28e+07,1000000000,0.091,91,0.8
39,2,12175955000000,177505,0.119602,8.36105,16.3934,2.9768e+06,4.88e+07,1000000000,0.061,61,0.8
39,1,12175956000000,179505,0.118353,8.44928,133.333,101250,1.35e+07,2000000000,0.0075,7.5,0.9
39,2,12175957000000,180505,0.118722,8.42301,5.40541,2.738e+07,1.48e+08,1000000000,0.185,185,0.8
39,1,12175958000000,182505,0.118079,8.46891,16.6667,6.48e+06,1.08e+08,2000000000,0.06,60,0.9
39,1,12175959000000,184505,0.116864,8.55695,166.667,64800,1.08e+07,2000000000,0.006,6,0.9
39,2,12175960000000,185505,0.117134,8.53721,5.98802,2.23112e+07,1.336e+08,1000000000,0.167,167,0.8
39,1,12175961000000,187505,0.119293,8.38273,3.12989,1.83744e+08,5.751e+08,2000000000,0.3195,319.5,0.9
39,0,12175962000000,191505,0.117365,8.52042,37.037,2.916e+06,1.08e+08,4000000000,0.027,27,1
39,2,12175963000000,192505,0.117774,8.49087,5.10204,3.07328e+07,1.568e+08,1000000000,0.196,196,0.8
39,0,12175964000000,196505,0.117585,8.5045,9.21659,4.7089e+07,4.34e+08,4000000000,0.1085,108.5,1
39,2,12175965000000,197505,0.117759,8.49192,6.57895,1.84832e+07,1.216e+08,1000000000,0.152,152,0.8
39,1,12175966000000,199505,0.119646,8.35798,3.26797,1.68545e+08,5.508e+08,2000000000,0.306,306,0.9
39,0,12175967000000,203505,0.117943,8.47867,30.303,4.356e+06,1.32e+08,4000000000,0.033,33,1
39,2,12175968000000,204505,0.119044,8.40029,2.91545,9.41192e+07,2.744e+08,1000000000,0.343,343,0.8
39,0,12175969000000,208505,0.118107,8.46686,14.2349,1.97403e+07,2.81e+08,4000000000,0.07025,70.25,1
39,2,12175970000000,209505,0.118107,8.4669,8.47458,1.11392e+07,9.44e+07,1000000000,0.118,118,0.8
39,1,12175971000000,211505,0.120063,8.32894,3.07692,1.90125e+08,5.85e+08,2000000000,0.325,325,0.9
39,0,12175972000000,215505,0.118503,8.4386,27.7778,5.184e+06,1.44e+08,4000000000,0.036,36,1
39,2,12175973000000,216505,0.1199,8.34027,2.3753,1.41793e+08,3.368e+08,1000000000,0.421,421,0.8
39,0,12175974000000,220505,0.118737,8.42201,17.9372,1.24322e+07,2.23e+08,4000000000,0.05575,55.75,1
39,2,12175975000000,221505,0.118643,8.42865,10.2041,7.6832e+06,7.84e+07,1000000000,0.098,98,0.8
39,1,12175976000000,223505,0.120489,8.29948,3.07692,1.90125e+08,5.85e+08,2000000000,0.325,325,0.9
39,0,12175977000000,227505,0.119048,8.39998,25.974,5.929e+06,1.54e+08,4000000000,0.0385,38.5,1
39,2,12175978000000,228505,0.120632,8.28968,2.079,1.85089e+08,3.848e+08,1000000000,0.481,481,0.8
39,0,12175979000000,232505,0.119129,8.39429,30.0752,4.42225e+06,1.33e+08,4000000000,0.03325,33.25,1
39,2,12175980000000,233505,0.119124,8.39463,8.47458,1.11392e+07,9.44e+07,1000000000,0.118,118,0.8
39,1,12175981000000,235505,0.120872,8.2732,3.07692,1.90125e+08,5.85e+08,2000000000,0.325,325,0.9
39,0,12175982000000,239505,0.119455,8.37137,27.7778,5.184e+06,1.44e+08,4000000000,0.036,36,1
39,2,12175983000000,240505,0.120929,8.26932,2.1097,1.79741e+08,3.792e+08,1000000000,0.474,474,0.8
39,0,12175984000000,244505,0.119625,8.35943,24.2424,6.80625e+06,1.65e+08,4000000000,0.04125,41.25,1
39,2,12175985000000,245505,0.119623,8.35961,8.40336,1.13288e+07,9.52e+07,1000000000,0.119,119,0.8
39,1,12175986000000,247505,0.121311,8.2433,3.04414,1.94242e+08,5.913e+08,2000000000,0.3285,328.5,0.9
39,0,12175987000000,251505,0.119902,8.34013,30.5344,4.29025e+06,1.31e+08,4000000000,0.03275,32.75,1
39,2,12175988000000,252505,0.12136,8.23995,2.04918,1.90515e+08,3.904e+08,1000000000,0.488,488,0.8
39,0,12175989000000,256505,0.119959,8.3362,31.746,3.969e+06,1.26e+08,4000000000,0.0315,31.5,1
39,2,12175990000000,257505,0.119951,8.33673,8.47458,1.11392e+07,9.44e+07,1000000000,0.118,118,0.8
39,1,12175991000000,259505,0.121531,8.22833,3.07692,1.90125e+08,5.85e+08,2000000000,0.325,325,0.9
39,0,12175992000000,263505,0.120233,8.31718,27.7778,5.184e+06,1.44e+08,4000000000,0.036,36,1
39,2,12175993000000,264505,0.121586,8.22466,2.09205,1.82787e+08,3.824e+08,1000000000,0.478,478,0.8
39,0,12175994000000,268505,0.120374,8.30745,24.8447,6.48025e+06,1.61e+08,4000000000,0.04025,40.25,1
39,2,12175995000000,269505,0.120369,8.3078,8.40336,1.13288e+07,9.52e+07,1000000000,0.119,119,0.8
39,1,12175996000000,271505,0.121902,8.20331,3.04414,1.94242e+08,5.913e+08,2000000000,0.3285,328.5,0.9
39,0,12175997000000,275505,0.120608,8.29135,30.5344,4.29025e+06,1.31e+08,4000000000,0.03275,32.75,1
39,2,12175998000000,276505,0.121933,8.20125,2.05339,1.89735e+08,3.896e+08,1000000000,0.487,487,0.8
39,0,12175999000000,280505,0.120647,8.28866,31.4961,4.03225e+06,1.27e+08,4000000000,0.03175,31.75,1
39,2,12176000000000,281505,0.120637,8.28931,8.47458,1.11392e+07,9.44e+07,1000000000,0.118,118,0.8
39,1,12176001000000,283505,0.122135,8.18763,3.003,1.996e+08,5.994e+08,2000000000,0.333,333,0.9
39,0,12176002000000,287505,0.120881,8.27257,31.25,4.096e+06,1.28e+08,4000000000,0.032,32,1
39,2,12176003000000,288505,0.122091,8.19058,2.12766,1.7672e+08,3.76e+08,1000000000,0.47,470,0.8
39,0,12176004000000,292505,0.121017,8.26332,22.9885,7.569e+06,1.74e+08,4000000000,0.0435,43.5,1
39,2,12176005000000,293505,0.120938,8.26868,10.2041,7.6832e+06,7.84e+07,1000000000,0.098,98,0.8
39,1,12176006000000,295505,0.123781,8.07876,1.84843,5.26826e+08,9.738e+08,2000000000,0.541,541,0.9
39,0,12176007000000,299505,0.122128,8.18812,0,0,0,4000000000,0,0,1
39,2,12176008000000,300505,0.121722,8.21546,0,0,0,1000000000,0,0,0.8
39,0,12176009000000,304505,0.120481,8.30008,36.6972,2.97025e+06,1.09e+08,4000000000,0.02725,27.25,1
39,1,12176010000000,306505,0.121714,8.21597,3.23102,1.72422e+08,5.571e+08,2000000000,0.3095,309.5,0.9
39,2,12176011000000,307505,0.121357,8.24013,83.3333,115200,9.6e+06,1000000000,0.012,12,0.8
39,0,12176012000000,311505,0.120197,8.31967,32.2581,3.844e+06,1.24e+08,4000000000,0.031,31,1
39,2,12176013000000,312505,0.121835,8.20783,1.58228,3.19539e+08,5.056e+08,1000000000,0.632,632,0.8
39,1,12176014000000,314505,0.12134,8.24131,22.7273,3.4848e+06,7.92e+07,2000000000,0.044,44,0.9
39,0,12176015000000,318505,0.121084,8.2587,9.90099,4.0804e+07,4.04e+08,4000000000,0.101,101,1
39,2,12176016000000,319505,0.121569,8.22576,3.62319,6.09408e+07,2.208e+08,1000000000,0.276,276,0.8
39,0,12176017000000,323505,0.120517,8.29755,27.3973,5.329e+06,1.46e+08,4000000000,0.0365,36.5,1
39,2,12176018000000,324505,0.121983,8.19788,1.67785,2.84173e+08,4.768e+08,1000000000,0.596,596,0.8
39,1,12176019000000,326505,0.121585,8.22472,17.5439,5.8482e+06,1.026e+08,2000000000,0.057,57,0.9
39,0,12176020000000,330505,0.120764,8.28064,18.6047,1.15562e+07,2.15e+08,4000000000,0.05375,53.75,1
39,2,12176021000000,331505,0.121802,8.21004,2.15054,1.7298e+08,3.72e+08,1000000000,0.465,465,0.8
39,0,12176022000000,335505,0.120612,8.29103,45.4545,1.936e+06,8.8e+07,4000000000,0.022,22,1
39,2,12176023000000,336505,0.121576,8.22529,2.24719,1.5842e+08,3.56e+08,1000000000,0.445,445,0.8
39,2,12176024000000,337505,0.1219,8.20342,4.329,4.26888e+07,1.848e+08,1000000000,0.231,231,0.8
39,0,12176025000000,341505,0.120742,8.28212,43.4783,2.116e+06,9.2e+07,4000000000,0.023,23,1
39,2,12176026000000,342505,0.122258,8.17942,1.5625,3.2768e+08,5.12e+08,1000000000,0.64,640,0.8
39,0,12176027000000,346505,0.121216,8.24973,31.25,4.096e+06,1.28e+08,4000000000,0.032,32,1
39,1,12176028000000,348505,0.120819,8.27685,19.2308,4.8672e+06,9.36e+07,2000000000,0.052,52,0.9
39,2,12176029000000,349505,0.122121,8.18858,1.73611,2.65421e+08,4.608e+08,1000000000,0.576,576,0.8
39,0,12176030000000,353505,0.120988,8.26526,45.4545,1.936e+06,8.8e+07,4000000000,0.022,22,1
39,2,12176031000000,354505,0.121533,8.22823,3.18471,7.88768e+07,2.512e+08,1000000000,0.314,314,0.8
39,0,12176032000000,358505,0.121209,8.25022,10.8108,3.4225e+07,3.7e+08,4000000000,0.0925,92.5,1
39,1,12176033000000,360505,0.120886,8.27226,15.873,7.1442e+06,1.134e+08,2000000000,0.063,63,0.9
39,2,12176034000000,361505,0.122305,8.17626,1.57729,3.21565e+08,5.072e+08,1000000000,0.634,634,0.8
39,0,12176035000000,365505,0.121219,8.24956,43.4783,2.116e+06,9.2e+07,4000000000,0.023,23,1
39,2,12176036000000,366505,0.121387,8.2381,5.46448,2.67912e+07,1.464e+08,1000000000,0.183,183,0.8
39,1,12176037000000,368505,0.122066,8.19228,4.0568,1.09372e+08,4.437e+08,2000000000,0.2465,246.5,0.9
39,1,12176038000000,370505,0.121753,8.21337,15.625,7.3728e+06,1.152e+08,2000000000,0.064,64,0.9
39,1,12176039000000,372505,0.122817,8.14219,3.125,1.8432e+08,5.76e+08,2000000000,0.32,320,0.9
39,0,12176040000000,376505,0.121911,8.20272,26.6667,5.625e+06,1.5e+08,4000000000,0.0375,37.5,1
39,2,12176041000000,377505,0.122401,8.16987,3.25733,7.53992e+07,2.456e+08,1000000000,0.307,307,0.8
39,0,12176042000000,381505,0.121922,8.20194,13.0293,2.35622e+07,3.07e+08,4000000000,0.07675,76.75,1
39,2,12176043000000,382505,0.121912,8.20263,8.47458,1.11392e+07,9.44e+07,1000000000,0.118,118,0.8
39,1,12176044000000,384505,0.122979,8.13148,3.0581,1.92472e+08,5.886e+08,2000000000,0.327,327,0.9
39,0,12176045000000,388505,0.122099,8.19009,26.6667,5.625e+06,1.5e+08,4000000000,0.0375,37.5,1
39,2,12176046000000,389505,0.121785,8.21117,0,0,0,1000000000,0,0,0.8
39,0,12176047000000,393505,0.122138,8.18745,6.38978,9.7969e+07,6.26e+08,4000000000,0.1565,156.5,1
39,2,12176048000000,394505,0.122224,8.1817,6.41026,1.94688e+07,1.248e+08,1000000000,0.156,156,0.8
39,1,12176049000000,396505,0.122157,8.18616,9.17431,2.13858e+07,1.962e+08,2000000000,0.109,109,0.9
39,0,12176050000000,400505,0.121911,8.2027,10.2564,3.8025e+07,3.9e+08,4000000000,0.0975,97.5,1
39,2,12176051000000,401505,0.121884,8.20453,9.00901,9.8568e+06,8.88e+07,1000000000,0.111,111,0.8
39,0,12176052000000,405505,0.122322,8.17517,6.01504,1.10556e+08,6.65e+08,4000000000,0.16625,166.25,1
39,2,12176053000000,406505,0.122269,8.17868,9.90099,8.1608e+06,8.08e+07,1000000000,0.101,101,0.8
39,2,12176054000000,407505,0.122151,8.18661,13.5135,4.3808e+06,5.92e+07,1000000000,0.074,74,0.8
39,0,12176055000000,411505,0.122385,8.17094,6.83761,8.55562e+07,5.85e+08,4000000000,0.14625,146.25,1
39,2,12176056000000,412505,0.122374,8.17165,8.47458,1.11392e+07,9.44e+07,1000000000,0.118,118,0.8
39,0,12176057000000,416505,0.122685,8.15094,6.46204,9.57902e+07,6.19e+08,4000000000,0.15475,154.75,1
