CU,perfLevel,clock,Cycles,IPC,CPI,CPI_delta,ED2P,EDP,Frequency,IPC_delta,Sensitivity,Voltage
0,2,13997501000000,1000,0.118,8.47458,8.47458,1.11392e+07,9.44e+07,1000000000,0.118,118,0.8
0,0,13997502000000,5000,0.156,6.41026,6.0423,1.09561e+08,6.62e+08,4000000000,0.1655,165.5,1
0,1,13997503000000,7000,0.129429,7.72627,15.873,7.1442e+06,1.134e+08,2000000000,0.063,63,0.9
0,2,13997504000000,8000,0.178,5.61798,1.9305,2.14659e+08,4.144e+08,1000000000,0.518,518,0.8
0,0,13997505000000,12000,0.131167,7.62389,26.6667,5.625e+06,1.5e+08,4000000000,0.0375,37.5,1
0,2,13997506000000,13000,0.128231,7.79844,10.7527,6.9192e+06,7.44e+07,1000000000,0.093,93,0.8
0,1,13997507000000,15000,0.1792,5.58036,1.95886,4.69098e+08,9.189e+08,2000000000,0.5105,510.5,0.9
0,0,13997508000000,19000,0.147684,6.7712,33.8983,3.481e+06,1.18e+08,4000000000,0.0295,29.5,1
0,2,13997509000000,20000,0.1434,6.9735,16.129,3.0752e+06,4.96e+07,1000000000,0.062,62,0.8
0,2,13997510000000,21000,0.162476,6.15475,1.83824,2.36749e+08,4.352e+08,1000000000,0.544,544,0.8
0,1,13997511000000,23000,0.15387,6.49901,15.748,7.25805e+06,1.143e+08,2000000000,0.0635,63.5,0.9
0,2,13997512000000,24000,0.157417,6.35257,4.1841,4.56968e+07,1.912e+08,1000000000,0.239,239,0.8
0,1,13997513000000,26000,0.160769,6.2201,4.97512,7.27218e+07,3.618e+08,2000000000,0.201,201,0.9
0,2,13997514000000,27000,0.159333,6.27615,8.19672,1.19072e+07,9.76e+07,1000000000,0.122,122,0.8
0,1,13997515000000,29000,0.171034,5.84677,3.03951,1.94834e+08,5.922e+08,2000000000,0.329,329,0.9
0,1,13997516000000,31000,0.164903,6.06416,13.1579,1.03968e+07,1.368e+08,2000000000,0.076,76,0.9
0,2,13997517000000,32000,0.160688,6.22326,33.3333,720000,2.4e+07,1000000000,0.03,30,0.8
0,1,13997518000000,34000,0.168588,5.93161,3.38983,1.56645e+08,5.31e+08,2000000000,0.295,295,0.9
0,0,13997519000000,38000,0.154105,6.48907,32.2581,3.844e+06,1.24e+08,4000000000,0.031,31,1
0,2,13997520000000,39000,0.160462,6.23202,2.48756,1.29283e+08,3.216e+08,1000000000,0.402,402,0.8
0,0,13997521000000,43000,0.150791,6.63171,17.6991,1.2769e+07,2.26e+08,4000000000,0.0565,56.5,1
0,2,13997522000000,44000,0.149955,6.66869,8.77193,1.03968e+07,9.12e+07,1000000000,0.114,114,0.8
0,1,13997523000000,46000,0.157913,6.3326,3.003,1.996e+08,5.994e+08,2000000000,0.333,333,0.9
0,0,13997524000000,50000,0.14832,6.74218,26.3158,5.776e+06,1.52e+08,4000000000,0.038,38,1
0,2,13997525000000,51000,0.150451,6.64668,3.89105,5.28392e+07,2.056e+08,1000000000,0.257,257,0.8
0,0,13997526000000,55000,0.146109,6.8442,11.0193,3.29422e+07,3.63e+08,4000000000,0.09075,90.75,1
0,2,13997527000000,56000,0.146143,6.84262,6.75676,1.75232e+07,1.184e+08,1000000000,0.148,148,0.8
0,1,13997528000000,58000,0.151517,6.59991,3.31126,1.64167e+08,5.436e+08,2000000000,0.302,302,0.9
0,0,13997529000000,62000,0.144387,6.92583,24.3902,6.724e+06,1.64e+08,4000000000,0.041,41,1
0,2,13997530000000,63000,0.144429,6.92384,6.80272,1.72872e+07,1.176e+08,1000000000,0.147,147,0.8
0,0,13997531000000,67000,0.142806,7.00251,8.52878,5.49902e+07,4.69e+08,4000000000,0.11725,117.25,1
0,2,13997532000000,68000,0.142941,6.99588,6.57895,1.84832e+07,1.216e+08,1000000000,0.152,152,0.8
0,1,13997533000000,70000,0.147543,6.77769,3.28947,1.66349e+08,5.472e+08,2000000000,0.304,304,0.9
0,0,13997534000000,74000,0.14173,7.05568,25,6.4e+06,1.6e+08,4000000000,0.04,40,1
0,2,13997535000000,75000,0.140533,7.11575,19.2308,2.1632e+06,4.16e+07,1000000000,0.052,52,0.8
0,0,13997536000000,79000,0.140456,7.11968,7.19424,7.7284e+07,5.56e+08,4000000000,0.139,139,1
0,2,13997537000000,80000,0.1407,7.10732,6.25,2.048e+07,1.28e+08,1000000000,0.16,160,0.8
0,1,13997538000000,82000,0.144634,6.914,3.31126,1.64167e+08,5.436e+08,2000000000,0.302,302,0.9
0,0,13997539000000,86000,0.139814,7.15236,24.3902,6.724e+06,1.64e+08,4000000000,0.041,41,1
0,2,13997540000000,87000,0.138207,7.23553,0,0,0,1000000000,0,0,0.8
0,0,13997541000000,91000,0.138945,7.19709,6.45161,9.61e+07,6.2e+08,4000000000,0.155,155,1
0,2,13997542000000,92000,0.139043,7.19199,6.75676,1.75232e+07,1.184e+08,1000000000,0.148,148,0.8
0,1,13997543000000,94000,0.142511,7.01702,3.31126,1.64167e+08,5.436e+08,2000000000,0.302,302,0.9
0,0,13997544000000,98000,0.138367,7.22714,24.3902,6.724e+06,1.64e+08,4000000000,0.041,41,1
0,2,13997545000000,99000,0.13697,7.30088,0,0,0,1000000000,0,0,0.8
0,0,13997546000000,103000,0.13767,7.26375,6.45161,9.61e+07,6.2e+08,4000000000,0.155,155,1
0,2,13997547000000,104000,0.137288,7.28393,10.2041,7.6832e+06,7.84e+07,1000000000,0.098,98,0.8
0,1,13997548000000,106000,0.140868,7.09885,3.0581,1.92472e+08,5.886e+08,2000000000,0.327,327,0.9
0,0,13997549000000,110000,0.136427,7.32991,53.3333,1.40625e+06,7.5e+07,4000000000,0.01875,18.75,1
0,2,13997550000000,111000,0.136,7.35294,11.236,6.3368e+06,7.12e+07,1000000000,0.089,89,0.8
0,0,13997551000000,115000,0.136522,7.32484,6.62252,9.1204e+07,6.04e+08,4000000000,0.151,151,1
0,2,13997552000000,116000,0.136328,7.33527,8.77193,1.03968e+07,9.12e+07,1000000000,0.114,114,0.8
0,1,13997553000000,118000,0.138619,7.21404,3.68324,1.32682e+08,4.887e+08,2000000000,0.2715,271.5,0.9
0,0,13997554000000,122000,0.135033,7.40561,34.188,3.42225e+06,1.17e+08,4000000000,0.02925,29.25,1
0,2,13997555000000,123000,0.134943,7.41053,8.06452,1.23008e+07,9.92e+07,1000000000,0.124,124,0.8
0,0,13997556000000,127000,0.138709,7.20936,3.92927,2.59081e+08,1.018e+09,4000000000,0.2545,254.5,1
0,1,13997557000000,129000,0.137388,7.27868,18.6916,5.15205e+06,9.63e+07,2000000000,0.0535,53.5,0.9
0,2,13997558000000,130000,0.138454,7.22262,3.62319,6.09408e+07,2.208e+08,1000000000,0.276,276,0.8
0,0,13997559000000,134000,0.136836,7.30803,11.8694,2.83922e+07,3.37e+08,4000000000,0.08425,84.25,1
0,2,13997560000000,135000,0.136696,7.31549,8.47458,1.11392e+07,9.44e+07,1000000000,0.118,118,0.8
0,0,13997561000000,139000,0.137525,7.2714,6.0423,1.09561e+08,6.62e+08,4000000000,0.1655,165.5,1
0,1,13997562000000,141000,0.136468,7.32772,15.873,7.1442e+06,1.134e+08,2000000000,0.063,63,0.9
0,2,13997563000000,142000,0.138,7.24638,2.82486,1.00253e+08,2.832e+08,1000000000,0.354,354,0.8
0,0,13997564000000,146000,0.136219,7.34111,13.6986,2.1316e+07,2.92e+08,4000000000,0.073,73,1
0,2,13997565000000,147000,0.136327,7.33533,6.57895,1.84832e+07,1.216e+08,1000000000,0.152,152,0.8
0,1,13997566000000,149000,0.13855,7.21759,3.31126,1.64167e+08,5.436e+08,2000000000,0.302,302,0.9
0,0,13997567000000,153000,0.135712,7.36852,33.3333,3.6e+06,1.2e+08,4000000000,0.03,30,1
0,2,13997568000000,154000,0.137643,7.26518,2.30947,1.49991e+08,3.464e+08,1000000000,0.433,433,0.8
0,0,13997569000000,158000,0.13562,7.37353,17.316,1.33402e+07,2.31e+08,4000000000,0.05775,57.75,1
0,2,13997570000000,159000,0.135384,7.38642,10.2041,7.6832e+06,7.84e+07,1000000000,0.098,98,0.8
0,1,13997571000000,161000,0.137739,7.2601,3.07692,1.90125e+08,5.85e+08,2000000000,0.325,325,0.9
0,0,13997572000000,165000,0.135333,7.38916,25.974,5.929e+06,1.54e+08,4000000000,0.0385,38.5,1
0,2,13997573000000,166000,0.13738,7.27911,2.10526,1.805e+08,3.8e+08,1000000000,0.475,475,0.8
0,0,13997574000000,170000,0.134965,7.40934,28.777,4.83025e+06,1.39e+08,4000000000,0.03475,34.75,1
0,2,13997575000000,171000,0.134865,7.41479,8.47458,1.11392e+07,9.44e+07,1000000000,0.118,118,0.8
0,1,13997576000000,173000,0.137064,7.29588,3.07692,1.90125e+08,5.85e+08,2000000000,0.325,325,0.9
0,0,13997577000000,177000,0.13478,7.41952,27.7778,5.184e+06,1.44e+08,4000000000,0.036,36,1
0,2,13997578000000,178000,0.136663,7.31727,2.12766,1.7672e+08,3.76e+08,1000000000,0.47,470,0.8
0,0,13997579000000,182000,0.134549,7.43221,24.6914,6.561e+06,1.62e+08,4000000000,0.0405,40.5,1
0,2,13997580000000,183000,0.134459,7.43721,8.47458,1.11392e+07,9.44e+07,1000000000,0.118,118,0.8
0,1,13997581000000,185000,0.136562,7.32267,3.03951,1.94834e+08,5.922e+08,2000000000,0.329,329,0.9
0,0,13997582000000,189000,0.134413,7.43977,28.5714,4.9e+06,1.4e+08,4000000000,0.035,35,1
0,2,13997583000000,190000,0.136137,7.34555,2.1645,1.70755e+08,3.696e+08,1000000000,0.462,462,0.8
0,0,13997584000000,194000,0.134124,7.4558,25.974,5.929e+06,1.54e+08,4000000000,0.0385,38.5,1
0,2,13997585000000,195000,0.134021,7.46154,8.77193,1.03968e+07,9.12e+07,1000000000,0.114,114,0.8
0,1,13997586000000,197000,0.136041,7.35075,3.003,1.996e+08,5.994e+08,2000000000,0.333,333,0.9
0,0,13997587000000,201000,0.13409,7.4577,26.3158,5.776e+06,1.52e+08,4000000000,0.038,38,1
0,2,13997588000000,202000,0.135743,7.36689,2.13675,1.75219e+08,3.744e+08,1000000000,0.468,468,0.8
0,0,13997589000000,206000,0.133767,7.47569,29.4118,4.624e+06,1.36e+08,4000000000,0.034,34,1
0,2,13997590000000,207000,0.133671,7.48103,8.77193,1.03968e+07,9.12e+07,1000000000,0.114,114,0.8
0,1,13997591000000,209000,0.135579,7.37578,3.003,1.996e+08,5.994e+08,2000000000,0.333,333,0.9
0,0,13997592000000,213000,0.133746,7.47683,26.3158,5.776e+06,1.52e+08,4000000000,0.038,38,1
0,2,13997593000000,214000,0.135332,7.38925,2.11416,1.78983e+08,3.784e+08,1000000000,0.473,473,0.8
0,0,13997594000000,218000,0.13345,7.49347,30.5344,4.29025e+06,1.31e+08,4000000000,0.03275,32.75,1
0,2,13997595000000,219000,0.133361,7.49846,8.77193,1.03968e+07,9.12e+07,1000000000,0.114,114,0.8
0,1,13997596000000,221000,0.135167,7.39823,3.003,1.996e+08,5.994e+08,2000000000,0.333,333,0.9
0,0,13997597000000,225000,0.13344,7.494,26.3158,5.776e+06,1.52e+08,4000000000,0.038,38,1
0,2,13997598000000,226000,0.134942,7.41056,2.11416,1.78983e+08,3.784e+08,1000000000,0.473,473,0.8
0,0,13997599000000,230000,0.133165,7.50947,30.5344,4.29025e+06,1.31e+08,4000000000,0.03275,32.75,1
0,2,13997600000000,231000,0.133082,7.51415,8.77193,1.03968e+07,9.12e+07,1000000000,0.114,114,0.8
0,1,13997601000000,233000,0.134798,7.41849,3.003,1.996e+08,5.994e+08,2000000000,0.333,333,0.9
0,0,13997602000000,237000,0.133165,7.50951,26.3158,5.776e+06,1.52e+08,4000000000,0.038,38,1
0,2,13997603000000,238000,0.134597,7.42961,2.1097,1.79741e+08,3.792e+08,1000000000,0.474,474,0.8
0,0,13997604000000,238529,0.13491,7.41234,3.62329,3.04687e+08,1.10397e+09,4000000000,0.275992,36.5,1
0,2,13997605000000,238529,0.13491,7.41234,0,-nan,-nan,1000000000,-nan,0,0.8
0,1,13997606000000,238529,0.13491,7.41234,0,-nan,-nan,2000000000,-nan,0,0.9
0,1,13997607000000,238529,0.13491,7.41234,0,-nan,-nan,2000000000,-nan,0,0.9
0,1,13997608000000,238529,0.13491,7.41234,0,-nan,-nan,2000000000,-nan,0,0.9
0,1,13997609000000,238529,0.13491,7.41234,0,-nan,-nan,2000000000,-nan,0,0.9
0,1,13997610000000,238529,0.13491,7.41234,0,-nan,-nan,2000000000,-nan,0,0.9
0,1,13997611000000,238529,0.13491,7.41234,0,-nan,-nan,2000000000,-nan,0,0.9
0,1,13997612000000,238529,0.13491,7.41234,0,-nan,-nan,2000000000,-nan,0,0.9
0,1,13997613000000,238529,0.13491,7.41234,0,-nan,-nan,2000000000,-nan,0,0.9
1,2,13997501000000,1000,0.118,8.47458,8.47458,1.11392e+07,9.44e+07,1000000000,0.118,118,0.8
1,0,13997502000000,5000,0.156,6.41026,6.0423,1.09561e+08,6.62e+08,4000000000,0.1655,165.5,1
1,1,13997503000000,7000,0.129429,7.72627,15.873,7.1442e+06,1.134e+08,2000000000,0.063,63,0.9
1,2,13997504000000,8000,0.178,5.61798,1.9305,2.14659e+08,4.144e+08,1000000000,0.518,518,0.8
1,0,13997505000000,12000,0.131167,7.62389,26.6667,5.625e+06,1.5e+08,4000000000,0.0375,37.5,1
1,2,13997506000000,13000,0.128231,7.79844,10.7527,6.9192e+06,7.44e+07,1000000000,0.093,93,0.8
1,1,13997507000000,15000,0.1792,5.58036,1.95886,4.69098e+08,9.189e+08,2000000000,0.5105,510.5,0.9
1,0,13997508000000,19000,0.147684,6.7712,33.8983,3.481e+06,1.18e+08,4000000000,0.0295,29.5,1
1,2,13997509000000,20000,0.1434,6.9735,16.129,3.0752e+06,4.96e+07,1000000000,0.062,62,0.8
1,2,13997510000000,21000,0.162476,6.15475,1.83824,2.36749e+08,4.352e+08,1000000000,0.544,544,0.8
1,1,13997511000000,23000,0.15387,6.49901,15.748,7.25805e+06,1.143e+08,2000000000,0.0635,63.5,0.9
1,2,13997512000000,24000,0.157417,6.35257,4.1841,4.56968e+07,1.912e+08,1000000000,0.239,239,0.8
1,1,13997513000000,26000,0.160769,6.2201,4.97512,7.27218e+07,3.618e+08,2000000000,0.201,201,0.9
1,2,13997514000000,27000,0.159333,6.27615,8.19672,1.19072e+07,9.76e+07,1000000000,0.122,122,0.8
1,1,13997515000000,29000,0.171034,5.84677,3.03951,1.94834e+08,5.922e+08,2000000000,0.329,329,0.9
1,1,13997516000000,31000,0.164903,6.06416,13.1579,1.03968e+07,1.368e+08,2000000000,0.076,76,0.9
1,2,13997517000000,32000,0.160688,6.22326,33.3333,720000,2.4e+07,1000000000,0.03,30,0.8
1,1,13997518000000,34000,0.168588,5.93161,3.38983,1.56645e+08,5.31e+08,2000000000,0.295,295,0.9
1,0,13997519000000,38000,0.154105,6.48907,32.2581,3.844e+06,1.24e+08,4000000000,0.031,31,1
1,2,13997520000000,39000,0.160462,6.23202,2.48756,1.29283e+08,3.216e+08,1000000000,0.402,402,0.8
1,0,13997521000000,43000,0.150791,6.63171,17.6991,1.2769e+07,2.26e+08,4000000000,0.0565,56.5,1
1,2,13997522000000,44000,0.149955,6.66869,8.77193,1.03968e+07,9.12e+07,1000000000,0.114,114,0.8
1,1,13997523000000,46000,0.157913,6.3326,3.003,1.996e+08,5.994e+08,2000000000,0.333,333,0.9
1,0,13997524000000,50000,0.14832,6.74218,26.3158,5.776e+06,1.52e+08,4000000000,0.038,38,1
1,2,13997525000000,51000,0.150451,6.64668,3.89105,5.28392e+07,2.056e+08,1000000000,0.257,257,0.8
1,0,13997526000000,55000,0.146109,6.8442,11.0193,3.29422e+07,3.63e+08,4000000000,0.09075,90.75,1
1,2,13997527000000,56000,0.146143,6.84262,6.75676,1.75232e+07,1.184e+08,1000000000,0.148,148,0.8
1,1,13997528000000,58000,0.151517,6.59991,3.31126,1.64167e+08,5.436e+08,2000000000,0.302,302,0.9
1,0,13997529000000,62000,0.144387,6.92583,24.3902,6.724e+06,1.64e+08,4000000000,0.041,41,1
1,2,13997530000000,63000,0.144429,6.92384,6.80272,1.72872e+07,1.176e+08,1000000000,0.147,147,0.8
1,0,13997531000000,67000,0.142806,7.00251,8.52878,5.49902e+07,4.69e+08,4000000000,0.11725,117.25,1
1,2,13997532000000,68000,0.142941,6.99588,6.57895,1.84832e+07,1.216e+08,1000000000,0.152,152,0.8
1,1,13997533000000,70000,0.147543,6.77769,3.28947,1.66349e+08,5.472e+08,2000000000,0.304,304,0.9
1,0,13997534000000,74000,0.14173,7.05568,25,6.4e+06,1.6e+08,4000000000,0.04,40,1
1,2,13997535000000,75000,0.140533,7.11575,19.2308,2.1632e+06,4.16e+07,1000000000,0.052,52,0.8
1,0,13997536000000,79000,0.140456,7.11968,7.19424,7.7284e+07,5.56e+08,4000000000,0.139,139,1
1,2,13997537000000,80000,0.1407,7.10732,6.25,2.048e+07,1.28e+08,1000000000,0.16,160,0.8
1,1,13997538000000,82000,0.144634,6.914,3.31126,1.64167e+08,5.436e+08,2000000000,0.302,302,0.9
1,0,13997539000000,86000,0.139814,7.15236,24.3902,6.724e+06,1.64e+08,4000000000,0.041,41,1
1,2,13997540000000,87000,0.138207,7.23553,0,0,0,1000000000,0,0,0.8
1,0,13997541000000,91000,0.138945,7.19709,6.45161,9.61e+07,6.2e+08,4000000000,0.155,155,1
1,2,13997542000000,92000,0.139043,7.19199,6.75676,1.75232e+07,1.184e+08,1000000000,0.148,148,0.8
1,1,13997543000000,94000,0.142511,7.01702,3.31126,1.64167e+08,5.436e+08,2000000000,0.302,302,0.9
1,0,13997544000000,98000,0.138367,7.22714,24.3902,6.724e+06,1.64e+08,4000000000,0.041,41,1
1,2,13997545000000,99000,0.13697,7.30088,0,0,0,1000000000,0,0,0.8
1,0,13997546000000,103000,0.13767,7.26375,6.45161,9.61e+07,6.2e+08,4000000000,0.155,155,1
1,2,13997547000000,104000,0.137288,7.28393,10.2041,7.6832e+06,7.84e+07,1000000000,0.098,98,0.8
1,1,13997548000000,106000,0.140868,7.09885,3.0581,1.92472e+08,5.886e+08,2000000000,0.327,327,0.9
1,0,13997549000000,110000,0.136427,7.32991,53.3333,1.40625e+06,7.5e+07,4000000000,0.01875,18.75,1
1,2,13997550000000,111000,0.136,7.35294,11.236,6.3368e+06,7.12e+07,1000000000,0.089,89,0.8
1,0,13997551000000,115000,0.136522,7.32484,6.62252,9.1204e+07,6.04e+08,4000000000,0.151,151,1
1,2,13997552000000,116000,0.136328,7.33527,8.77193,1.03968e+07,9.12e+07,1000000000,0.114,114,0.8
1,1,13997553000000,118000,0.138619,7.21404,3.68324,1.32682e+08,4.887e+08,2000000000,0.2715,271.5,0.9
1,0,13997554000000,122000,0.135033,7.40561,34.188,3.42225e+06,1.17e+08,4000000000,0.02925,29.25,1
1,2,13997555000000,123000,0.134943,7.41053,8.06452,1.23008e+07,9.92e+07,1000000000,0.124,124,0.8
1,0,13997556000000,127000,0.138709,7.20936,3.92927,2.59081e+08,1.018e+09,4000000000,0.2545,254.5,1
1,1,13997557000000,129000,0.137388,7.27868,18.6916,5.15205e+06,9.63e+07,2000000000,0.0535,53.5,0.9
1,2,13997558000000,130000,0.138454,7.22262,3.62319,6.09408e+07,2.208e+08,1000000000,0.276,276,0.8
1,0,13997559000000,134000,0.136836,7.30803,11.8694,2.83922e+07,3.37e+08,4000000000,0.08425,84.25,1
1,2,13997560000000,135000,0.136696,7.31549,8.47458,1.11392e+07,9.44e+07,1000000000,0.118,118,0.8
1,0,13997561000000,139000,0.137525,7.2714,6.0423,1.09561e+08,6.62e+08,4000000000,0.1655,165.5,1
1,1,13997562000000,141000,0.136468,7.32772,15.873,7.1442e+06,1.134e+08,2000000000,0.063,63,0.9
1,2,13997563000000,142000,0.138,7.24638,2.82486,1.00253e+08,2.832e+08,1000000000,0.354,354,0.8
1,0,13997564000000,146000,0.136219,7.34111,13.6986,2.1316e+07,2.92e+08,4000000000,0.073,73,1
1,2,13997565000000,147000,0.136327,7.33533,6.57895,1.84832e+07,1.216e+08,1000000000,0.152,152,0.8
1,1,13997566000000,149000,0.13855,7.21759,3.31126,1.64167e+08,5.436e+08,2000000000,0.302,302,0.9
1,0,13997567000000,153000,0.135712,7.36852,33.3333,3.6e+06,1.2e+08,4000000000,0.03,30,1
1,2,13997568000000,154000,0.137643,7.26518,2.30947,1.49991e+08,3.464e+08,1000000000,0.433,433,0.8
1,0,13997569000000,158000,0.13562,7.37353,17.316,1.33402e+07,2.31e+08,4000000000,0.05775,57.75,1
1,2,13997570000000,159000,0.135384,7.38642,10.2041,7.6832e+06,7.84e+07,1000000000,0.098,98,0.8
1,1,13997571000000,161000,0.137739,7.2601,3.07692,1.90125e+08,5.85e+08,2000000000,0.325,325,0.9
1,0,13997572000000,165000,0.135333,7.38916,25.974,5.929e+06,1.54e+08,4000000000,0.0385,38.5,1
1,2,13997573000000,166000,0.13738,7.27911,2.10526,1.805e+08,3.8e+08,1000000000,0.475,475,0.8
1,0,13997574000000,170000,0.134965,7.40934,28.777,4.83025e+06,1.39e+08,4000000000,0.03475,34.75,1
1,2,13997575000000,171000,0.134865,7.41479,8.47458,1.11392e+07,9.44e+07,1000000000,0.118,118,0.8
1,1,13997576000000,173000,0.137064,7.29588,3.07692,1.90125e+08,5.85e+08,2000000000,0.325,325,0.9
1,0,13997577000000,177000,0.13478,7.41952,27.7778,5.184e+06,1.44e+08,4000000000,0.036,36,1
1,2,13997578000000,178000,0.136663,7.31727,2.12766,1.7672e+08,3.76e+08,1000000000,0.47,470,0.8
1,0,13997579000000,182000,0.134549,7.43221,24.6914,6.561e+06,1.62e+08,4000000000,0.0405,40.5,1
1,2,13997580000000,183000,0.134459,7.43721,8.47458,1.11392e+07,9.44e+07,1000000000,0.118,118,0.8
1,1,13997581000000,185000,0.136562,7.32267,3.03951,1.94834e+08,5.922e+08,2000000000,0.329,329,0.9
1,0,13997582000000,189000,0.134413,7.43977,28.5714,4.9e+06,1.4e+08,4000000000,0.035,35,1
1,2,13997583000000,190000,0.136137,7.34555,2.1645,1.70755e+08,3.696e+08,1000000000,0.462,462,0.8
1,0,13997584000000,194000,0.134124,7.4558,25.974,5.929e+06,1.54e+08,4000000000,0.0385,38.5,1
1,2,13997585000000,195000,0.134021,7.46154,8.77193,1.03968e+07,9.12e+07,1000000000,0.114,114,0.8
1,1,13997586000000,197000,0.136041,7.35075,3.003,1.996e+08,5.994e+08,2000000000,0.333,333,0.9
1,0,13997587000000,201000,0.13409,7.4577,26.3158,5.776e+06,1.52e+08,4000000000,0.038,38,1
1,2,13997588000000,202000,0.135743,7.36689,2.13675,1.75219e+08,3.744e+08,1000000000,0.468,468,0.8
1,0,13997589000000,206000,0.133767,7.47569,29.4118,4.624e+06,1.36e+08,4000000000,0.034,34,1
1,2,13997590000000,207000,0.133671,7.48103,8.77193,1.03968e+07,9.12e+07,1000000000,0.114,114,0.8
1,1,13997591000000,209000,0.135579,7.37578,3.003,1.996e+08,5.994e+08,2000000000,0.333,333,0.9
1,0,13997592000000,213000,0.133746,7.47683,26.3158,5.776e+06,1.52e+08,4000000000,0.038,38,1
1,2,13997593000000,214000,0.135332,7.38925,2.11416,1.78983e+08,3.784e+08,1000000000,0.473,473,0.8
1,0,13997594000000,218000,0.13345,7.49347,30.5344,4.29025e+06,1.31e+08,4000000000,0.03275,32.75,1
1,2,13997595000000,219000,0.133361,7.49846,8.77193,1.03968e+07,9.12e+07,1000000000,0.114,114,0.8
1,1,13997596000000,221000,0.135167,7.39823,3.003,1.996e+08,5.994e+08,2000000000,0.333,333,0.9
1,0,13997597000000,225000,0.13344,7.494,26.3158,5.776e+06,1.52e+08,4000000000,0.038,38,1
1,2,13997598000000,226000,0.134942,7.41056,2.11416,1.78983e+08,3.784e+08,1000000000,0.473,473,0.8
1,0,13997599000000,230000,0.133165,7.50947,30.5344,4.29025e+06,1.31e+08,4000000000,0.03275,32.75,1
1,2,13997600000000,231000,0.133082,7.51415,8.77193,1.03968e+07,9.12e+07,1000000000,0.114,114,0.8
1,1,13997601000000,233000,0.134798,7.41849,3.003,1.996e+08,5.994e+08,2000000000,0.333,333,0.9
1,0,13997602000000,237000,0.133165,7.50951,26.3158,5.776e+06,1.52e+08,4000000000,0.038,38,1
1,2,13997603000000,238000,0.134597,7.42961,2.1097,1.79741e+08,3.792e+08,1000000000,0.474,474,0.8
1,0,13997604000000,238529,0.13491,7.41234,3.62329,3.04687e+08,1.10397e+09,4000000000,0.275992,36.5,1
1,2,13997605000000,238529,0.13491,7.41234,0,-nan,-nan,1000000000,-nan,0,0.8
1,1,13997606000000,238529,0.13491,7.41234,0,-nan,-nan,2000000000,-nan,0,0.9
1,1,13997607000000,238529,0.13491,7.41234,0,-nan,-nan,2000000000,-nan,0,0.9
1,1,13997608000000,238529,0.13491,7.41234,0,-nan,-nan,2000000000,-nan,0,0.9
1,1,13997609000000,238529,0.13491,7.41234,0,-nan,-nan,2000000000,-nan,0,0.9
1,1,13997610000000,238529,0.13491,7.41234,0,-nan,-nan,2000000000,-nan,0,0.9
1,1,13997611000000,238529,0.13491,7.41234,0,-nan,-nan,2000000000,-nan,0,0.9
1,1,13997612000000,238529,0.13491,7.41234,0,-nan,-nan,2000000000,-nan,0,0.9
1,1,13997613000000,238529,0.13491,7.41234,0,-nan,-nan,2000000000,-nan,0,0.9
2,2,13997501000000,1000,0.118,8.47458,8.47458,1.11392e+07,9.44e+07,1000000000,0.118,118,0.8
2,0,13997502000000,5000,0.156,6.41026,6.0423,1.09561e+08,6.62e+08,4000000000,0.1655,165.5,1
2,1,13997503000000,7000,0.129429,7.72627,15.873,7.1442e+06,1.134e+08,2000000000,0.063,63,0.9
2,2,13997504000000,8000,0.178,5.61798,1.9305,2.14659e+08,4.144e+08,1000000000,0.518,518,0.8
2,0,13997505000000,12000,0.131167,7.62389,26.6667,5.625e+06,1.5e+08,4000000000,0.0375,37.5,1
2,2,13997506000000,13000,0.128231,7.79844,10.7527,6.9192e+06,7.44e+07,1000000000,0.093,93,0.8
2,1,13997507000000,15000,0.1792,5.58036,1.95886,4.69098e+08,9.189e+08,2000000000,0.5105,510.5,0.9
2,0,13997508000000,19000,0.147684,6.7712,33.8983,3.481e+06,1.18e+08,4000000000,0.0295,29.5,1
2,2,13997509000000,20000,0.1434,6.9735,16.129,3.0752e+06,4.96e+07,1000000000,0.062,62,0.8
2,2,13997510000000,21000,0.162476,6.15475,1.83824,2.36749e+08,4.352e+08,1000000000,0.544,544,0.8
2,1,13997511000000,23000,0.15387,6.49901,15.748,7.25805e+06,1.143e+08,2000000000,0.0635,63.5,0.9
2,2,13997512000000,24000,0.157417,6.35257,4.1841,4.56968e+07,1.912e+08,1000000000,0.239,239,0.8
2,1,13997513000000,26000,0.160769,6.2201,4.97512,7.27218e+07,3.618e+08,2000000000,0.201,201,0.9
2,2,13997514000000,27000,0.159333,6.27615,8.19672,1.19072e+07,9.76e+07,1000000000,0.122,122,0.8
2,1,13997515000000,29000,0.171034,5.84677,3.03951,1.94834e+08,5.922e+08,2000000000,0.329,329,0.9
2,1,13997516000000,31000,0.164903,6.06416,13.1579,1.03968e+07,1.368e+08,2000000000,0.076,76,0.9
2,2,13997517000000,32000,0.160688,6.22326,33.3333,720000,2.4e+07,1000000000,0.03,30,0.8
2,1,13997518000000,34000,0.168588,5.93161,3.38983,1.56645e+08,5.31e+08,2000000000,0.295,295,0.9
2,0,13997519000000,38000,0.154105,6.48907,32.2581,3.844e+06,1.24e+08,4000000000,0.031,31,1
2,2,13997520000000,39000,0.160462,6.23202,2.48756,1.29283e+08,3.216e+08,1000000000,0.402,402,0.8
2,0,13997521000000,43000,0.150791,6.63171,17.6991,1.2769e+07,2.26e+08,4000000000,0.0565,56.5,1
2,2,13997522000000,44000,0.149955,6.66869,8.77193,1.03968e+07,9.12e+07,1000000000,0.114,114,0.8
2,1,13997523000000,46000,0.157913,6.3326,3.003,1.996e+08,5.994e+08,2000000000,0.333,333,0.9
2,0,13997524000000,50000,0.14832,6.74218,26.3158,5.776e+06,1.52e+08,4000000000,0.038,38,1
2,2,13997525000000,51000,0.150451,6.64668,3.89105,5.28392e+07,2.056e+08,1000000000,0.257,257,0.8
2,0,13997526000000,55000,0.146109,6.8442,11.0193,3.29422e+07,3.63e+08,4000000000,0.09075,90.75,1
2,2,13997527000000,56000,0.146143,6.84262,6.75676,1.75232e+07,1.184e+08,1000000000,0.148,148,0.8
2,1,13997528000000,58000,0.151517,6.59991,3.31126,1.64167e+08,5.436e+08,2000000000,0.302,302,0.9
2,0,13997529000000,62000,0.144387,6.92583,24.3902,6.724e+06,1.64e+08,4000000000,0.041,41,1
2,2,13997530000000,63000,0.144429,6.92384,6.80272,1.72872e+07,1.176e+08,1000000000,0.147,147,0.8
2,0,13997531000000,67000,0.142806,7.00251,8.52878,5.49902e+07,4.69e+08,4000000000,0.11725,117.25,1
2,2,13997532000000,68000,0.142941,6.99588,6.57895,1.84832e+07,1.216e+08,1000000000,0.152,152,0.8
2,1,13997533000000,70000,0.147543,6.77769,3.28947,1.66349e+08,5.472e+08,2000000000,0.304,304,0.9
2,0,13997534000000,74000,0.14173,7.05568,25,6.4e+06,1.6e+08,4000000000,0.04,40,1
2,2,13997535000000,75000,0.140533,7.11575,19.2308,2.1632e+06,4.16e+07,1000000000,0.052,52,0.8
2,0,13997536000000,79000,0.140456,7.11968,7.19424,7.7284e+07,5.56e+08,4000000000,0.139,139,1
2,2,13997537000000,80000,0.1407,7.10732,6.25,2.048e+07,1.28e+08,1000000000,0.16,160,0.8
2,1,13997538000000,82000,0.144634,6.914,3.31126,1.64167e+08,5.436e+08,2000000000,0.302,302,0.9
2,0,13997539000000,86000,0.139814,7.15236,24.3902,6.724e+06,1.64e+08,4000000000,0.041,41,1
2,2,13997540000000,87000,0.138207,7.23553,0,0,0,1000000000,0,0,0.8
2,0,13997541000000,91000,0.138945,7.19709,6.45161,9.61e+07,6.2e+08,4000000000,0.155,155,1
2,2,13997542000000,92000,0.139043,7.19199,6.75676,1.75232e+07,1.184e+08,1000000000,0.148,148,0.8
2,1,13997543000000,94000,0.142511,7.01702,3.31126,1.64167e+08,5.436e+08,2000000000,0.302,302,0.9
2,0,13997544000000,98000,0.138367,7.22714,24.3902,6.724e+06,1.64e+08,4000000000,0.041,41,1
2,2,13997545000000,99000,0.13697,7.30088,0,0,0,1000000000,0,0,0.8
2,0,13997546000000,103000,0.13767,7.26375,6.45161,9.61e+07,6.2e+08,4000000000,0.155,155,1
2,2,13997547000000,104000,0.137288,7.28393,10.2041,7.6832e+06,7.84e+07,1000000000,0.098,98,0.8
2,1,13997548000000,106000,0.140868,7.09885,3.0581,1.92472e+08,5.886e+08,2000000000,0.327,327,0.9
2,0,13997549000000,110000,0.136427,7.32991,53.3333,1.40625e+06,7.5e+07,4000000000,0.01875,18.75,1
2,2,13997550000000,111000,0.136,7.35294,11.236,6.3368e+06,7.12e+07,1000000000,0.089,89,0.8
2,0,13997551000000,115000,0.136522,7.32484,6.62252,9.1204e+07,6.04e+08,4000000000,0.151,151,1
2,2,13997552000000,116000,0.136328,7.33527,8.77193,1.03968e+07,9.12e+07,1000000000,0.114,114,0.8
2,1,13997553000000,118000,0.138619,7.21404,3.68324,1.32682e+08,4.887e+08,2000000000,0.2715,271.5,0.9
2,0,13997554000000,122000,0.135033,7.40561,34.188,3.42225e+06,1.17e+08,4000000000,0.02925,29.25,1
2,2,13997555000000,123000,0.134943,7.41053,8.06452,1.23008e+07,9.92e+07,1000000000,0.124,124,0.8
2,0,13997556000000,127000,0.138709,7.20936,3.92927,2.59081e+08,1.018e+09,4000000000,0.2545,254.5,1
2,1,13997557000000,129000,0.137388,7.27868,18.6916,5.15205e+06,9.63e+07,2000000000,0.0535,53.5,0.9
2,2,13997558000000,130000,0.138454,7.22262,3.62319,6.09408e+07,2.208e+08,1000000000,0.276,276,0.8
2,0,13997559000000,134000,0.136836,7.30803,11.8694,2.83922e+07,3.37e+08,4000000000,0.08425,84.25,1
2,2,13997560000000,135000,0.136696,7.31549,8.47458,1.11392e+07,9.44e+07,1000000000,0.118,118,0.8
2,0,13997561000000,139000,0.137525,7.2714,6.0423,1.09561e+08,6.62e+08,4000000000,0.1655,165.5,1
2,1,13997562000000,141000,0.136468,7.32772,15.873,7.1442e+06,1.134e+08,2000000000,0.063,63,0.9
2,2,13997563000000,142000,0.138,7.24638,2.82486,1.00253e+08,2.832e+08,1000000000,0.354,354,0.8
2,0,13997564000000,146000,0.136219,7.34111,13.6986,2.1316e+07,2.92e+08,4000000000,0.073,73,1
2,2,13997565000000,147000,0.136327,7.33533,6.57895,1.84832e+07,1.216e+08,1000000000,0.152,152,0.8
2,1,13997566000000,149000,0.13855,7.21759,3.31126,1.64167e+08,5.436e+08,2000000000,0.302,302,0.9
2,0,13997567000000,153000,0.135712,7.36852,33.3333,3.6e+06,1.2e+08,4000000000,0.03,30,1
2,2,13997568000000,154000,0.137643,7.26518,2.30947,1.49991e+08,3.464e+08,1000000000,0.433,433,0.8
2,0,13997569000000,158000,0.13562,7.37353,17.316,1.33402e+07,2.31e+08,4000000000,0.05775,57.75,1
2,2,13997570000000,159000,0.135384,7.38642,10.2041,7.6832e+06,7.84e+07,1000000000,0.098,98,0.8
2,1,13997571000000,161000,0.137739,7.2601,3.07692,1.90125e+08,5.85e+08,2000000000,0.325,325,0.9
2,0,13997572000000,165000,0.135333,7.38916,25.974,5.929e+06,1.54e+08,4000000000,0.0385,38.5,1
2,2,13997573000000,166000,0.13738,7.27911,2.10526,1.805e+08,3.8e+08,1000000000,0.475,475,0.8
2,0,13997574000000,170000,0.134965,7.40934,28.777,4.83025e+06,1.39e+08,4000000000,0.03475,34.75,1
2,2,13997575000000,171000,0.134865,7.41479,8.47458,1.11392e+07,9.44e+07,1000000000,0.118,118,0.8
2,1,13997576000000,173000,0.137064,7.29588,3.07692,1.90125e+08,5.85e+08,2000000000,0.325,325,0.9
2,0,13997577000000,177000,0.13478,7.41952,27.7778,5.184e+06,1.44e+08,4000000000,0.036,36,1
2,2,13997578000000,178000,0.136663,7.31727,2.12766,1.7672e+08,3.76e+08,1000000000,0.47,470,0.8
2,0,13997579000000,182000,0.134549,7.43221,24.6914,6.561e+06,1.62e+08,4000000000,0.0405,40.5,1
2,2,13997580000000,183000,0.134459,7.43721,8.47458,1.11392e+07,9.44e+07,1000000000,0.118,118,0.8
2,1,13997581000000,185000,0.136562,7.32267,3.03951,1.94834e+08,5.922e+08,2000000000,0.329,329,0.9
2,0,13997582000000,189000,0.134413,7.43977,28.5714,4.9e+06,1.4e+08,4000000000,0.035,35,1
2,2,13997583000000,190000,0.136137,7.34555,2.1645,1.70755e+08,3.696e+08,1000000000,0.462,462,0.8
2,0,13997584000000,194000,0.134124,7.4558,25.974,5.929e+06,1.54e+08,4000000000,0.0385,38.5,1
2,2,13997585000000,195000,0.134021,7.46154,8.77193,1.03968e+07,9.12e+07,1000000000,0.114,114,0.8
2,1,13997586000000,197000,0.136041,7.35075,3.003,1.996e+08,5.994e+08,2000000000,0.333,333,0.9
2,0,13997587000000,201000,0.13409,7.4577,26.3158,5.776e+06,1.52e+08,4000000000,0.038,38,1
2,2,13997588000000,202000,0.135743,7.36689,2.13675,1.75219e+08,3.744e+08,1000000000,0.468,468,0.8
2,0,13997589000000,206000,0.133767,7.47569,29.4118,4.624e+06,1.36e+08,4000000000,0.034,34,1
2,2,13997590000000,207000,0.133671,7.48103,8.77193,1.03968e+07,9.12e+07,1000000000,0.114,114,0.8
2,1,13997591000000,209000,0.135579,7.37578,3.003,1.996e+08,5.994e+08,2000000000,0.333,333,0.9
2,0,13997592000000,213000,0.133746,7.47683,26.3158,5.776e+06,1.52e+08,4000000000,0.038,38,1
2,2,13997593000000,214000,0.135332,7.38925,2.11416,1.78983e+08,3.784e+08,1000000000,0.473,473,0.8
2,0,13997594000000,218000,0.13345,7.49347,30.5344,4.29025e+06,1.31e+08,4000000000,0.03275,32.75,1
2,2,13997595000000,219000,0.133361,7.49846,8.77193,1.03968e+07,9.12e+07,1000000000,0.114,114,0.8
2,1,13997596000000,221000,0.135167,7.39823,3.003,1.996e+08,5.994e+08,2000000000,0.333,333,0.9
2,0,13997597000000,225000,0.13344,7.494,26.3158,5.776e+06,1.52e+08,4000000000,0.038,38,1
2,2,13997598000000,226000,0.134942,7.41056,2.11416,1.78983e+08,3.784e+08,1000000000,0.473,473,0.8
2,0,13997599000000,230000,0.133165,7.50947,30.5344,4.29025e+06,1.31e+08,4000000000,0.03275,32.75,1
2,2,13997600000000,231000,0.133082,7.51415,8.77193,1.03968e+07,9.12e+07,1000000000,0.114,114,0.8
2,1,13997601000000,233000,0.134798,7.41849,3.003,1.996e+08,5.994e+08,2000000000,0.333,333,0.9
2,0,13997602000000,237000,0.133165,7.50951,26.3158,5.776e+06,1.52e+08,4000000000,0.038,38,1
2,2,13997603000000,238000,0.134597,7.42961,2.1097,1.79741e+08,3.792e+08,1000000000,0.474,474,0.8
2,0,13997604000000,238529,0.13491,7.41234,3.62329,3.04687e+08,1.10397e+09,4000000000,0.275992,36.5,1
2,2,13997605000000,238529,0.13491,7.41234,0,-nan,-nan,1000000000,-nan,0,0.8
2,1,13997606000000,238529,0.13491,7.41234,0,-nan,-nan,2000000000,-nan,0,0.9
2,1,13997607000000,238529,0.13491,7.41234,0,-nan,-nan,2000000000,-nan,0,0.9
2,1,13997608000000,238529,0.13491,7.41234,0,-nan,-nan,2000000000,-nan,0,0.9
2,1,13997609000000,238529,0.13491,7.41234,0,-nan,-nan,2000000000,-nan,0,0.9
2,1,13997610000000,238529,0.13491,7.41234,0,-nan,-nan,2000000000,-nan,0,0.9
2,1,13997611000000,238529,0.13491,7.41234,0,-nan,-nan,2000000000,-nan,0,0.9
2,1,13997612000000,238529,0.13491,7.41234,0,-nan,-nan,2000000000,-nan,0,0.9
2,1,13997613000000,238529,0.13491,7.41234,0,-nan,-nan,2000000000,-nan,0,0.9
3,2,13997501000000,1000,0.118,8.47458,8.47458,1.11392e+07,9.44e+07,1000000000,0.118,118,0.8
3,0,13997502000000,5000,0.156,6.41026,6.0423,1.09561e+08,6.62e+08,4000000000,0.1655,165.5,1
3,1,13997503000000,7000,0.129429,7.72627,15.873,7.1442e+06,1.134e+08,2000000000,0.063,63,0.9
3,2,13997504000000,8000,0.178,5.61798,1.9305,2.14659e+08,4.144e+08,1000000000,0.518,518,0.8
3,0,13997505000000,12000,0.131167,7.62389,26.6667,5.625e+06,1.5e+08,4000000000,0.0375,37.5,1
3,2,13997506000000,13000,0.128231,7.79844,10.7527,6.9192e+06,7.44e+07,1000000000,0.093,93,0.8
3,1,13997507000000,15000,0.1792,5.58036,1.95886,4.69098e+08,9.189e+08,2000000000,0.5105,510.5,0.9
3,0,13997508000000,19000,0.147684,6.7712,33.8983,3.481e+06,1.18e+08,4000000000,0.0295,29.5,1
3,2,13997509000000,20000,0.1434,6.9735,16.129,3.0752e+06,4.96e+07,1000000000,0.062,62,0.8
3,2,13997510000000,21000,0.162476,6.15475,1.83824,2.36749e+08,4.352e+08,1000000000,0.544,544,0.8
3,1,13997511000000,23000,0.15387,6.49901,15.748,7.25805e+06,1.143e+08,2000000000,0.0635,63.5,0.9
3,2,13997512000000,24000,0.157417,6.35257,4.1841,4.56968e+07,1.912e+08,1000000000,0.239,239,0.8
3,1,13997513000000,26000,0.160769,6.2201,4.97512,7.27218e+07,3.618e+08,2000000000,0.201,201,0.9
3,2,13997514000000,27000,0.159333,6.27615,8.19672,1.19072e+07,9.76e+07,1000000000,0.122,122,0.8
3,1,13997515000000,29000,0.171034,5.84677,3.03951,1.94834e+08,5.922e+08,2000000000,0.329,329,0.9
3,1,13997516000000,31000,0.164903,6.06416,13.1579,1.03968e+07,1.368e+08,2000000000,0.076,76,0.9
3,2,13997517000000,32000,0.160688,6.22326,33.3333,720000,2.4e+07,1000000000,0.03,30,0.8
3,1,13997518000000,34000,0.168588,5.93161,3.38983,1.56645e+08,5.31e+08,2000000000,0.295,295,0.9
3,0,13997519000000,38000,0.154105,6.48907,32.2581,3.844e+06,1.24e+08,4000000000,0.031,31,1
3,2,13997520000000,39000,0.160462,6.23202,2.48756,1.29283e+08,3.216e+08,1000000000,0.402,402,0.8
3,0,13997521000000,43000,0.150791,6.63171,17.6991,1.2769e+07,2.26e+08,4000000000,0.0565,56.5,1
3,2,13997522000000,44000,0.149955,6.66869,8.77193,1.03968e+07,9.12e+07,1000000000,0.114,114,0.8
3,1,13997523000000,46000,0.157913,6.3326,3.003,1.996e+08,5.994e+08,2000000000,0.333,333,0.9
3,0,13997524000000,50000,0.14832,6.74218,26.3158,5.776e+06,1.52e+08,4000000000,0.038,38,1
3,2,13997525000000,51000,0.150451,6.64668,3.89105,5.28392e+07,2.056e+08,1000000000,0.257,257,0.8
3,0,13997526000000,55000,0.146109,6.8442,11.0193,3.29422e+07,3.63e+08,4000000000,0.09075,90.75,1
3,2,13997527000000,56000,0.146143,6.84262,6.75676,1.75232e+07,1.184e+08,1000000000,0.148,148,0.8
3,1,13997528000000,58000,0.151517,6.59991,3.31126,1.64167e+08,5.436e+08,2000000000,0.302,302,0.9
3,0,13997529000000,62000,0.144387,6.92583,24.3902,6.724e+06,1.64e+08,4000000000,0.041,41,1
3,2,13997530000000,63000,0.144429,6.92384,6.80272,1.72872e+07,1.176e+08,1000000000,0.147,147,0.8
3,0,13997531000000,67000,0.142806,7.00251,8.52878,5.49902e+07,4.69e+08,4000000000,0.11725,117.25,1
3,2,13997532000000,68000,0.142941,6.99588,6.57895,1.84832e+07,1.216e+08,1000000000,0.152,152,0.8
3,1,13997533000000,70000,0.147543,6.77769,3.28947,1.66349e+08,5.472e+08,2000000000,0.304,304,0.9
3,0,13997534000000,74000,0.14173,7.05568,25,6.4e+06,1.6e+08,4000000000,0.04,40,1
3,2,13997535000000,75000,0.140533,7.11575,19.2308,2.1632e+06,4.16e+07,1000000000,0.052,52,0.8
3,0,13997536000000,79000,0.140456,7.11968,7.19424,7.7284e+07,5.56e+08,4000000000,0.139,139,1
3,2,13997537000000,80000,0.1407,7.10732,6.25,2.048e+07,1.28e+08,1000000000,0.16,160,0.8
3,1,13997538000000,82000,0.144634,6.914,3.31126,1.64167e+08,5.436e+08,2000000000,0.302,302,0.9
3,0,13997539000000,86000,0.139814,7.15236,24.3902,6.724e+06,1.64e+08,4000000000,0.041,41,1
3,2,13997540000000,87000,0.138207,7.23553,0,0,0,1000000000,0,0,0.8
3,0,13997541000000,91000,0.138945,7.19709,6.45161,9.61e+07,6.2e+08,4000000000,0.155,155,1
3,2,13997542000000,92000,0.139043,7.19199,6.75676,1.75232e+07,1.184e+08,1000000000,0.148,148,0.8
3,1,13997543000000,94000,0.142511,7.01702,3.31126,1.64167e+08,5.436e+08,2000000000,0.302,302,0.9
3,0,13997544000000,98000,0.138367,7.22714,24.3902,6.724e+06,1.64e+08,4000000000,0.041,41,1
3,2,13997545000000,99000,0.13697,7.30088,0,0,0,1000000000,0,0,0.8
3,0,13997546000000,103000,0.13767,7.26375,6.45161,9.61e+07,6.2e+08,4000000000,0.155,155,1
3,2,13997547000000,104000,0.137288,7.28393,10.2041,7.6832e+06,7.84e+07,1000000000,0.098,98,0.8
3,1,13997548000000,106000,0.140868,7.09885,3.0581,1.92472e+08,5.886e+08,2000000000,0.327,327,0.9
3,0,13997549000000,110000,0.136427,7.32991,53.3333,1.40625e+06,7.5e+07,4000000000,0.01875,18.75,1
3,2,13997550000000,111000,0.136,7.35294,11.236,6.3368e+06,7.12e+07,1000000000,0.089,89,0.8
3,0,13997551000000,115000,0.136522,7.32484,6.62252,9.1204e+07,6.04e+08,4000000000,0.151,151,1
3,2,13997552000000,116000,0.136328,7.33527,8.77193,1.03968e+07,9.12e+07,1000000000,0.114,114,0.8
3,1,13997553000000,118000,0.138619,7.21404,3.68324,1.32682e+08,4.887e+08,2000000000,0.2715,271.5,0.9
3,0,13997554000000,122000,0.135033,7.40561,34.188,3.42225e+06,1.17e+08,4000000000,0.02925,29.25,1
3,2,13997555000000,123000,0.134943,7.41053,8.06452,1.23008e+07,9.92e+07,1000000000,0.124,124,0.8
3,0,13997556000000,127000,0.138709,7.20936,3.92927,2.59081e+08,1.018e+09,4000000000,0.2545,254.5,1
3,1,13997557000000,129000,0.137388,7.27868,18.6916,5.15205e+06,9.63e+07,2000000000,0.0535,53.5,0.9
3,2,13997558000000,130000,0.138454,7.22262,3.62319,6.09408e+07,2.208e+08,1000000000,0.276,276,0.8
3,0,13997559000000,134000,0.136836,7.30803,11.8694,2.83922e+07,3.37e+08,4000000000,0.08425,84.25,1
3,2,13997560000000,135000,0.136696,7.31549,8.47458,1.11392e+07,9.44e+07,1000000000,0.118,118,0.8
3,0,13997561000000,139000,0.137525,7.2714,6.0423,1.09561e+08,6.62e+08,4000000000,0.1655,165.5,1
3,1,13997562000000,141000,0.136468,7.32772,15.873,7.1442e+06,1.134e+08,2000000000,0.063,63,0.9
3,2,13997563000000,142000,0.138,7.24638,2.82486,1.00253e+08,2.832e+08,1000000000,0.354,354,0.8
3,0,13997564000000,146000,0.136219,7.34111,13.6986,2.1316e+07,2.92e+08,4000000000,0.073,73,1
3,2,13997565000000,147000,0.136327,7.33533,6.57895,1.84832e+07,1.216e+08,1000000000,0.152,152,0.8
3,1,13997566000000,149000,0.13855,7.21759,3.31126,1.64167e+08,5.436e+08,2000000000,0.302,302,0.9
3,0,13997567000000,153000,0.135712,7.36852,33.3333,3.6e+06,1.2e+08,4000000000,0.03,30,1
3,2,13997568000000,154000,0.137643,7.26518,2.30947,1.49991e+08,3.464e+08,1000000000,0.433,433,0.8
3,0,13997569000000,158000,0.13562,7.37353,17.316,1.33402e+07,2.31e+08,4000000000,0.05775,57.75,1
3,2,13997570000000,159000,0.135384,7.38642,10.2041,7.6832e+06,7.84e+07,1000000000,0.098,98,0.8
3,1,13997571000000,161000,0.137739,7.2601,3.07692,1.90125e+08,5.85e+08,2000000000,0.325,325,0.9
3,0,13997572000000,165000,0.135333,7.38916,25.974,5.929e+06,1.54e+08,4000000000,0.0385,38.5,1
3,2,13997573000000,166000,0.13738,7.27911,2.10526,1.805e+08,3.8e+08,1000000000,0.475,475,0.8
3,0,13997574000000,170000,0.134965,7.40934,28.777,4.83025e+06,1.39e+08,4000000000,0.03475,34.75,1
3,2,13997575000000,171000,0.134865,7.41479,8.47458,1.11392e+07,9.44e+07,1000000000,0.118,118,0.8
3,1,13997576000000,173000,0.137064,7.29588,3.07692,1.90125e+08,5.85e+08,2000000000,0.325,325,0.9
3,0,13997577000000,177000,0.13478,7.41952,27.7778,5.184e+06,1.44e+08,4000000000,0.036,36,1
3,2,13997578000000,178000,0.136663,7.31727,2.12766,1.7672e+08,3.76e+08,1000000000,0.47,470,0.8
3,0,13997579000000,182000,0.134549,7.43221,24.6914,6.561e+06,1.62e+08,4000000000,0.0405,40.5,1
3,2,13997580000000,183000,0.134459,7.43721,8.47458,1.11392e+07,9.44e+07,1000000000,0.118,118,0.8
3,1,13997581000000,185000,0.136562,7.32267,3.03951,1.94834e+08,5.922e+08,2000000000,0.329,329,0.9
3,0,13997582000000,189000,0.134413,7.43977,28.5714,4.9e+06,1.4e+08,4000000000,0.035,35,1
3,2,13997583000000,190000,0.136137,7.34555,2.1645,1.70755e+08,3.696e+08,1000000000,0.462,462,0.8
3,0,13997584000000,194000,0.134124,7.4558,25.974,5.929e+06,1.54e+08,4000000000,0.0385,38.5,1
3,2,13997585000000,195000,0.134021,7.46154,8.77193,1.03968e+07,9.12e+07,1000000000,0.114,114,0.8
3,1,13997586000000,197000,0.136041,7.35075,3.003,1.996e+08,5.994e+08,2000000000,0.333,333,0.9
3,0,13997587000000,201000,0.13409,7.4577,26.3158,5.776e+06,1.52e+08,4000000000,0.038,38,1
3,2,13997588000000,202000,0.135743,7.36689,2.13675,1.75219e+08,3.744e+08,1000000000,0.468,468,0.8
3,0,13997589000000,206000,0.133767,7.47569,29.4118,4.624e+06,1.36e+08,4000000000,0.034,34,1
3,2,13997590000000,207000,0.133671,7.48103,8.77193,1.03968e+07,9.12e+07,1000000000,0.114,114,0.8
3,1,13997591000000,209000,0.135579,7.37578,3.003,1.996e+08,5.994e+08,2000000000,0.333,333,0.9
3,0,13997592000000,213000,0.133746,7.47683,26.3158,5.776e+06,1.52e+08,4000000000,0.038,38,1
3,2,13997593000000,214000,0.135332,7.38925,2.11416,1.78983e+08,3.784e+08,1000000000,0.473,473,0.8
3,0,13997594000000,218000,0.13345,7.49347,30.5344,4.29025e+06,1.31e+08,4000000000,0.03275,32.75,1
3,2,13997595000000,219000,0.133361,7.49846,8.77193,1.03968e+07,9.12e+07,1000000000,0.114,114,0.8
3,1,13997596000000,221000,0.135167,7.39823,3.003,1.996e+08,5.994e+08,2000000000,0.333,333,0.9
3,0,13997597000000,225000,0.13344,7.494,26.3158,5.776e+06,1.52e+08,4000000000,0.038,38,1
3,2,13997598000000,226000,0.134942,7.41056,2.11416,1.78983e+08,3.784e+08,1000000000,0.473,473,0.8
3,0,13997599000000,230000,0.133165,7.50947,30.5344,4.29025e+06,1.31e+08,4000000000,0.03275,32.75,1
3,2,13997600000000,231000,0.133082,7.51415,8.77193,1.03968e+07,9.12e+07,1000000000,0.114,114,0.8
3,1,13997601000000,233000,0.134798,7.41849,3.003,1.996e+08,5.994e+08,2000000000,0.333,333,0.9
3,0,13997602000000,237000,0.133165,7.50951,26.3158,5.776e+06,1.52e+08,4000000000,0.038,38,1
3,2,13997603000000,238000,0.134597,7.42961,2.1097,1.79741e+08,3.792e+08,1000000000,0.474,474,0.8
3,0,13997604000000,238529,0.13491,7.41234,3.62329,3.04687e+08,1.10397e+09,4000000000,0.275992,36.5,1
3,2,13997605000000,238529,0.13491,7.41234,0,-nan,-nan,1000000000,-nan,0,0.8
3,1,13997606000000,238529,0.13491,7.41234,0,-nan,-nan,2000000000,-nan,0,0.9
3,1,13997607000000,238529,0.13491,7.41234,0,-nan,-nan,2000000000,-nan,0,0.9
3,1,13997608000000,238529,0.13491,7.41234,0,-nan,-nan,2000000000,-nan,0,0.9
3,1,13997609000000,238529,0.13491,7.41234,0,-nan,-nan,2000000000,-nan,0,0.9
3,1,13997610000000,238529,0.13491,7.41234,0,-nan,-nan,2000000000,-nan,0,0.9
3,1,13997611000000,238529,0.13491,7.41234,0,-nan,-nan,2000000000,-nan,0,0.9
3,1,13997612000000,238529,0.13491,7.41234,0,-nan,-nan,2000000000,-nan,0,0.9
3,1,13997613000000,238529,0.13491,7.41234,0,-nan,-nan,2000000000,-nan,0,0.9
4,2,13997501000000,1000,0.359,2.78552,2.78552,1.03105e+08,2.872e+08,1000000000,0.359,359,0.8
4,0,13997502000000,5000,0.1216,8.22368,16.0643,1.55002e+07,2.49e+08,4000000000,0.06225,62.25,1
4,1,13997503000000,7000,0.105714,9.45946,15.1515,7.8408e+06,1.188e+08,2000000000,0.066,66,0.9
4,2,13997504000000,8000,0.1715,5.8309,1.58228,3.19539e+08,5.056e+08,1000000000,0.632,632,0.8
4,0,13997505000000,12000,0.128,7.8125,24.3902,6.724e+06,1.64e+08,4000000000,0.041,41,1
4,2,13997506000000,13000,0.134077,7.45841,4.83092,3.42792e+07,1.656e+08,1000000000,0.207,207,0.8
4,1,13997507000000,15000,0.143467,6.97026,4.88998,7.52764e+07,3.681e+08,2000000000,0.2045,204.5,0.9
4,0,13997508000000,19000,0.117421,8.51636,50.6329,1.56025e+06,7.9e+07,4000000000,0.01975,19.75,1
4,2,13997509000000,20000,0.1146,8.726,16.3934,2.9768e+06,4.88e+07,1000000000,0.061,61,0.8
4,2,13997510000000,21000,0.109857,9.10273,66.6667,180000,1.2e+07,1000000000,0.015,15,0.8
4,1,13997511000000,23000,0.108348,9.22953,10.8108,1.54012e+07,1.665e+08,2000000000,0.0925,92.5,0.9
4,2,13997512000000,24000,0.108833,9.18836,8.33333,1.152e+07,9.6e+07,1000000000,0.12,120,0.8
4,1,13997513000000,26000,0.100923,9.90854,166.667,64800,1.08e+07,2000000000,0.006,6,0.9
4,2,13997514000000,27000,0.10337,9.67395,5.98802,2.23112e+07,1.336e+08,1000000000,0.167,167,0.8
4,1,13997515000000,29000,0.116276,8.60024,3.44234,1.51902e+08,5.229e+08,2000000000,0.2905,290.5,0.9
4,1,13997516000000,31000,0.113581,8.80432,13.4228,9.99045e+06,1.341e+08,2000000000,0.0745,74.5,0.9
4,2,13997517000000,32000,0.111375,8.97868,23.2558,1.4792e+06,3.44e+07,1000000000,0.043,43,0.8
4,1,13997518000000,34000,0.123147,8.12037,3.21027,1.74658e+08,5.607e+08,2000000000,0.3115,311.5,0.9
4,0,13997519000000,38000,0.113053,8.84544,36.6972,2.97025e+06,1.09e+08,4000000000,0.02725,27.25,1
4,2,13997520000000,39000,0.124077,8.05952,1.84162,2.35879e+08,4.344e+08,1000000000,0.543,543,0.8
4,0,13997521000000,43000,0.116372,8.59313,24.2424,6.80625e+06,1.65e+08,4000000000,0.04125,41.25,1
4,2,13997522000000,44000,0.11525,8.67679,14.9254,3.5912e+06,5.36e+07,1000000000,0.067,67,0.8
4,1,13997523000000,46000,0.124174,8.05322,3.12012,1.84896e+08,5.769e+08,2000000000,0.3205,320.5,0.9
4,0,13997524000000,50000,0.11664,8.57339,33.3333,3.6e+06,1.2e+08,4000000000,0.03,30,1
4,2,13997525000000,51000,0.124745,8.01635,1.88679,2.2472e+08,4.24e+08,1000000000,0.53,530,0.8
4,0,13997526000000,55000,0.119036,8.40079,21.6216,8.55625e+06,1.85e+08,4000000000,0.04625,46.25,1
4,2,13997527000000,56000,0.118071,8.46945,15.3846,3.38e+06,5.2e+07,1000000000,0.065,65,0.8
4,1,13997528000000,58000,0.124948,8.00331,3.14961,1.81451e+08,5.715e+08,2000000000,0.3175,317.5,0.9
4,0,13997529000000,62000,0.118839,8.41477,33.0579,3.66025e+06,1.21e+08,4000000000,0.03025,30.25,1
4,2,13997530000000,63000,0.125635,7.95957,1.82815,2.39367e+08,4.376e+08,1000000000,0.547,547,0.8
4,0,13997531000000,67000,0.121224,8.2492,19.3237,1.07122e+07,2.07e+08,4000000000,0.05175,51.75,1
4,2,13997532000000,68000,0.120044,8.33027,24.3902,1.3448e+06,3.28e+07,1000000000,0.041,41,0.8
4,1,13997533000000,70000,0.125371,7.9763,3.26264,1.69096e+08,5.517e+08,2000000000,0.3065,306.5,0.9
4,0,13997534000000,74000,0.120324,8.31087,31.25,4.096e+06,1.28e+08,4000000000,0.032,32,1
4,2,13997535000000,75000,0.125973,7.93819,1.83824,2.36749e+08,4.352e+08,1000000000,0.544,544,0.8
4,0,13997536000000,79000,0.122139,8.18738,19.9005,1.01002e+07,2.01e+08,4000000000,0.05025,50.25,1
4,2,13997537000000,80000,0.121163,8.25338,22.7273,1.5488e+06,3.52e+07,1000000000,0.044,44,0.8
4,1,13997538000000,82000,0.125756,7.9519,3.23102,1.72422e+08,5.571e+08,2000000000,0.3095,309.5,0.9
4,0,13997539000000,86000,0.121395,8.23755,31.25,4.096e+06,1.28e+08,4000000000,0.032,32,1
4,2,13997540000000,87000,0.126195,7.92422,1.85529,2.32417e+08,4.312e+08,1000000000,0.539,539,0.8
4,0,13997541000000,91000,0.122813,8.14245,20.3046,9.70225e+06,1.97e+08,4000000000,0.04925,49.25,1
4,2,13997542000000,92000,0.122011,8.19599,20.4082,1.9208e+06,3.92e+07,1000000000,0.049,49,0.8
4,1,13997543000000,94000,0.126117,7.92914,3.1746,1.78605e+08,5.67e+08,2000000000,0.315,315,0.9
4,0,13997544000000,98000,0.122204,8.18303,33.0579,3.66025e+06,1.21e+08,4000000000,0.03025,30.25,1
4,2,13997545000000,99000,0.126333,7.91557,1.88324,2.25569e+08,4.248e+08,1000000000,0.531,531,0.8
4,0,13997546000000,103000,0.123233,8.11471,21.5054,8.649e+06,1.86e+08,4000000000,0.0465,46.5,1
4,2,13997547000000,104000,0.122654,8.15303,15.873,3.1752e+06,5.04e+07,1000000000,0.063,63,0.8
4,1,13997548000000,106000,0.12633,7.91576,3.14961,1.81451e+08,5.715e+08,2000000000,0.3175,317.5,0.9
4,0,13997549000000,110000,0.122836,8.14091,33.0579,3.66025e+06,1.21e+08,4000000000,0.03025,30.25,1
4,2,13997550000000,111000,0.126667,7.89474,1.82482,2.40243e+08,4.384e+08,1000000000,0.548,548,0.8
4,0,13997551000000,115000,0.124096,8.0583,18.9573,1.11302e+07,2.11e+08,4000000000,0.05275,52.75,1
4,2,13997552000000,116000,0.123345,8.10735,27.027,1.0952e+06,2.96e+07,1000000000,0.037,37,0.8
4,1,13997553000000,118000,0.126305,7.91734,3.3557,1.59847e+08,5.364e+08,2000000000,0.298,298,0.9
4,0,13997554000000,122000,0.123426,8.10201,25.974,5.929e+06,1.54e+08,4000000000,0.0385,38.5,1
4,2,13997555000000,123000,0.126894,7.88057,1.81818,2.42e+08,4.4e+08,1000000000,0.55,550,0.8
4,0,13997556000000,127000,0.124472,8.03391,20,1e+07,2e+08,4000000000,0.05,50,1
4,1,13997557000000,129000,0.122961,8.13264,37.037,1.3122e+06,4.86e+07,2000000000,0.027,27,0.9
4,2,13997558000000,130000,0.126577,7.90033,1.68634,2.81319e+08,4.744e+08,1000000000,0.593,593,0.8
4,0,13997559000000,134000,0.123761,8.08008,31.0078,4.16025e+06,1.29e+08,4000000000,0.03225,32.25,1
4,2,13997560000000,135000,0.125341,7.97825,2.96736,9.08552e+07,2.696e+08,1000000000,0.337,337,0.8
4,0,13997561000000,139000,0.126245,7.92113,6.37959,9.82822e+07,6.27e+08,4000000000,0.15675,156.75,1
4,1,13997562000000,141000,0.124454,8.0351,0,0,0,2000000000,0,0,0.9
4,2,13997563000000,142000,0.124775,8.01445,5.88235,2.312e+07,1.36e+08,1000000000,0.17,170,0.8
4,0,13997564000000,146000,0.125527,7.96639,6.56814,9.27202e+07,6.09e+08,4000000000,0.15225,152.25,1
4,2,13997565000000,147000,0.125483,7.96921,8.40336,1.13288e+07,9.52e+07,1000000000,0.119,119,0.8
4,1,13997566000000,149000,0.126081,7.93144,5.88235,5.202e+07,3.06e+08,2000000000,0.17,170,0.9
4,0,13997567000000,153000,0.124804,8.01257,12.945,2.38702e+07,3.09e+08,4000000000,0.07725,77.25,1
4,2,13997568000000,154000,0.124766,8.01499,8.40336,1.13288e+07,9.52e+07,1000000000,0.119,119,0.8
4,0,13997569000000,158000,0.125747,7.95249,6.11621,1.06929e+08,6.54e+08,4000000000,0.1635,163.5,1
4,2,13997570000000,159000,0.125572,7.96354,10.2041,7.6832e+06,7.84e+07,1000000000,0.098,98,0.8
4,1,13997571000000,161000,0.125217,7.98611,10.3093,1.69362e+07,1.746e+08,2000000000,0.097,97,0.9
4,0,13997572000000,165000,0.124945,8.00349,8.77193,5.1984e+07,4.56e+08,4000000000,0.114,114,1
4,2,13997573000000,166000,0.124904,8.00617,8.47458,1.11392e+07,9.44e+07,1000000000,0.118,118,0.8
4,0,13997574000000,170000,0.125859,7.94541,6.0423,1.09561e+08,6.62e+08,4000000000,0.1655,165.5,1
4,2,13997575000000,171000,0.125596,7.96201,12.3457,5.2488e+06,6.48e+07,1000000000,0.081,81,0.8
4,1,13997576000000,173000,0.124821,8.01148,17.094,6.16005e+06,1.053e+08,2000000000,0.0585,58.5,0.9
4,0,13997577000000,177000,0.12522,7.98592,7.01754,8.1225e+07,5.7e+08,4000000000,0.1425,142.5,1
4,2,13997578000000,178000,0.125393,7.97491,6.41026,1.94688e+07,1.248e+08,1000000000,0.156,156,0.8
4,0,13997579000000,182000,0.126044,7.93374,6.45161,9.61e+07,6.2e+08,4000000000,0.155,155,1
4,2,13997580000000,183000,0.125716,7.95445,15.1515,3.4848e+06,5.28e+07,1000000000,0.066,66,0.8
4,1,13997581000000,185000,0.12493,8.0045,18.8679,5.0562e+06,9.54e+07,2000000000,0.053,53,0.9
4,0,13997582000000,189000,0.125397,7.97468,6.80272,8.6436e+07,5.88e+08,4000000000,0.147,147,1
4,2,13997583000000,190000,0.125558,7.96445,6.41026,1.94688e+07,1.248e+08,1000000000,0.156,156,0.8
4,0,13997584000000,194000,0.126165,7.92613,6.45161,9.61e+07,6.2e+08,4000000000,0.155,155,1
4,2,13997585000000,195000,0.125718,7.95431,25.641,1.2168e+06,3.12e+07,1000000000,0.039,39,0.8
4,1,13997586000000,197000,0.124934,8.00423,20.6186,4.23405e+06,8.73e+07,2000000000,0.0485,48.5,0.9
4,0,13997587000000,201000,0.125512,7.96734,6.49351,9.4864e+07,6.16e+08,4000000000,0.154,154,1
4,2,13997588000000,202000,0.125455,7.97096,8.77193,1.03968e+07,9.12e+07,1000000000,0.114,114,0.8
4,0,13997589000000,206000,0.126233,7.92186,6.0423,1.09561e+08,6.62e+08,4000000000,0.1655,165.5,1
4,2,13997590000000,207000,0.125725,7.95389,47.619,352800,1.68e+07,1000000000,0.021,21,0.8
4,1,13997591000000,209000,0.12511,7.99296,16.2602,6.80805e+06,1.107e+08,2000000000,0.0615,61.5,0.9
4,0,13997592000000,213000,0.125634,7.95964,6.53595,9.3636e+07,6.12e+08,4000000000,0.153,153,1
4,2,13997593000000,214000,0.125561,7.96427,9.09091,9.68e+06,8.8e+07,1000000000,0.11,110,0.8
4,0,13997594000000,218000,0.126312,7.91691,6.00601,1.10889e+08,6.66e+08,4000000000,0.1665,166.5,1
4,2,13997595000000,219000,0.12584,7.94659,43.4783,423200,1.84e+07,1000000000,0.023,23,0.8
4,1,13997596000000,221000,0.125321,7.97949,14.5985,8.44605e+06,1.233e+08,2000000000,0.0685,68.5,0.9
4,0,13997597000000,225000,0.125884,7.94379,6.36943,9.8596e+07,6.28e+08,4000000000,0.157,157,1
4,2,13997598000000,226000,0.125726,7.95383,11.1111,6.48e+06,7.2e+07,1000000000,0.09,90,0.8
4,0,13997599000000,230000,0.126417,7.9103,6.0423,1.09561e+08,6.62e+08,4000000000,0.1655,165.5,1
4,2,13997600000000,231000,0.125961,7.93896,47.619,352800,1.68e+07,1000000000,0.021,21,0.8
4,1,13997601000000,233000,0.125408,7.97399,16.2602,6.80805e+06,1.107e+08,2000000000,0.0615,61.5,0.9
4,0,13997602000000,237000,0.125873,7.94449,6.53595,9.3636e+07,6.12e+08,4000000000,0.153,153,1
4,2,13997603000000,238000,0.12584,7.94658,8.47458,1.11392e+07,9.44e+07,1000000000,0.118,118,0.8
4,0,13997604000000,242000,0.126496,7.9054,6.0423,1.09561e+08,6.62e+08,4000000000,0.1655,165.5,1
4,2,13997605000000,243000,0.125975,7.93806,0,0,0,1000000000,0,0,0.8
4,1,13997606000000,245000,0.125433,7.97241,16.8067,6.37245e+06,1.071e+08,2000000000,0.0595,59.5,0.9
4,1,13997607000000,247000,0.126996,7.87427,3.13972,1.82596e+08,5.733e+08,2000000000,0.3185,318.5,0.9
4,1,13997608000000,249000,0.126651,7.89574,11.9048,1.27008e+07,1.512e+08,2000000000,0.084,84,0.9
4,1,13997609000000,251000,0.128151,7.80327,3.1746,1.78605e+08,5.67e+08,2000000000,0.315,315,0.9
4,1,13997610000000,251161,0.128221,7.79906,4.23684,1.00274e+08,4.24845e+08,2000000000,0.236025,19,0.9
4,1,13997611000000,251161,0.128221,7.79906,0,-nan,-nan,2000000000,-nan,0,0.9
4,1,13997612000000,251161,0.128221,7.79906,0,-nan,-nan,2000000000,-nan,0,0.9
4,1,13997613000000,251161,0.128221,7.79906,0,-nan,-nan,2000000000,-nan,0,0.9
5,2,13997501000000,1000,0.359,2.78552,2.78552,1.03105e+08,2.872e+08,1000000000,0.359,359,0.8
5,0,13997502000000,5000,0.1216,8.22368,16.0643,1.55002e+07,2.49e+08,4000000000,0.06225,62.25,1
5,1,13997503000000,7000,0.105714,9.45946,15.1515,7.8408e+06,1.188e+08,2000000000,0.066,66,0.9
5,2,13997504000000,8000,0.1715,5.8309,1.58228,3.19539e+08,5.056e+08,1000000000,0.632,632,0.8
5,0,13997505000000,12000,0.128,7.8125,24.3902,6.724e+06,1.64e+08,4000000000,0.041,41,1
5,2,13997506000000,13000,0.134077,7.45841,4.83092,3.42792e+07,1.656e+08,1000000000,0.207,207,0.8
5,1,13997507000000,15000,0.143467,6.97026,4.88998,7.52764e+07,3.681e+08,2000000000,0.2045,204.5,0.9
5,0,13997508000000,19000,0.117421,8.51636,50.6329,1.56025e+06,7.9e+07,4000000000,0.01975,19.75,1
5,2,13997509000000,20000,0.1146,8.726,16.3934,2.9768e+06,4.88e+07,1000000000,0.061,61,0.8
5,2,13997510000000,21000,0.109857,9.10273,66.6667,180000,1.2e+07,1000000000,0.015,15,0.8
5,1,13997511000000,23000,0.108348,9.22953,10.8108,1.54012e+07,1.665e+08,2000000000,0.0925,92.5,0.9
5,2,13997512000000,24000,0.108833,9.18836,8.33333,1.152e+07,9.6e+07,1000000000,0.12,120,0.8
5,1,13997513000000,26000,0.100923,9.90854,166.667,64800,1.08e+07,2000000000,0.006,6,0.9
5,2,13997514000000,27000,0.10337,9.67395,5.98802,2.23112e+07,1.336e+08,1000000000,0.167,167,0.8
5,1,13997515000000,29000,0.116276,8.60024,3.44234,1.51902e+08,5.229e+08,2000000000,0.2905,290.5,0.9
5,1,13997516000000,31000,0.113581,8.80432,13.4228,9.99045e+06,1.341e+08,2000000000,0.0745,74.5,0.9
5,2,13997517000000,32000,0.111375,8.97868,23.2558,1.4792e+06,3.44e+07,1000000000,0.043,43,0.8
5,1,13997518000000,34000,0.123147,8.12037,3.21027,1.74658e+08,5.607e+08,2000000000,0.3115,311.5,0.9
5,0,13997519000000,38000,0.113053,8.84544,36.6972,2.97025e+06,1.09e+08,4000000000,0.02725,27.25,1
5,2,13997520000000,39000,0.124077,8.05952,1.84162,2.35879e+08,4.344e+08,1000000000,0.543,543,0.8
5,0,13997521000000,43000,0.116372,8.59313,24.2424,6.80625e+06,1.65e+08,4000000000,0.04125,41.25,1
5,2,13997522000000,44000,0.11525,8.67679,14.9254,3.5912e+06,5.36e+07,1000000000,0.067,67,0.8
5,1,13997523000000,46000,0.124174,8.05322,3.12012,1.84896e+08,5.769e+08,2000000000,0.3205,320.5,0.9
5,0,13997524000000,50000,0.11664,8.57339,33.3333,3.6e+06,1.2e+08,4000000000,0.03,30,1
5,2,13997525000000,51000,0.124745,8.01635,1.88679,2.2472e+08,4.24e+08,1000000000,0.53,530,0.8
5,0,13997526000000,55000,0.119036,8.40079,21.6216,8.55625e+06,1.85e+08,4000000000,0.04625,46.25,1
5,2,13997527000000,56000,0.118071,8.46945,15.3846,3.38e+06,5.2e+07,1000000000,0.065,65,0.8
5,1,13997528000000,58000,0.124948,8.00331,3.14961,1.81451e+08,5.715e+08,2000000000,0.3175,317.5,0.9
5,0,13997529000000,62000,0.118839,8.41477,33.0579,3.66025e+06,1.21e+08,4000000000,0.03025,30.25,1
5,2,13997530000000,63000,0.125635,7.95957,1.82815,2.39367e+08,4.376e+08,1000000000,0.547,547,0.8
5,0,13997531000000,67000,0.121224,8.2492,19.3237,1.07122e+07,2.07e+08,4000000000,0.05175,51.75,1
5,2,13997532000000,68000,0.120044,8.33027,24.3902,1.3448e+06,3.28e+07,1000000000,0.041,41,0.8
5,1,13997533000000,70000,0.125371,7.9763,3.26264,1.69096e+08,5.517e+08,2000000000,0.3065,306.5,0.9
5,0,13997534000000,74000,0.120324,8.31087,31.25,4.096e+06,1.28e+08,4000000000,0.032,32,1
5,2,13997535000000,75000,0.125973,7.93819,1.83824,2.36749e+08,4.352e+08,1000000000,0.544,544,0.8
5,0,13997536000000,79000,0.122139,8.18738,19.9005,1.01002e+07,2.01e+08,4000000000,0.05025,50.25,1
5,2,13997537000000,80000,0.121163,8.25338,22.7273,1.5488e+06,3.52e+07,1000000000,0.044,44,0.8
5,1,13997538000000,82000,0.125756,7.9519,3.23102,1.72422e+08,5.571e+08,2000000000,0.3095,309.5,0.9
5,0,13997539000000,86000,0.121395,8.23755,31.25,4.096e+06,1.28e+08,4000000000,0.032,32,1
5,2,13997540000000,87000,0.126195,7.92422,1.85529,2.32417e+08,4.312e+08,1000000000,0.539,539,0.8
5,0,13997541000000,91000,0.122813,8.14245,20.3046,9.70225e+06,1.97e+08,4000000000,0.04925,49.25,1
5,2,13997542000000,92000,0.122011,8.19599,20.4082,1.9208e+06,3.92e+07,1000000000,0.049,49,0.8
5,1,13997543000000,94000,0.126117,7.92914,3.1746,1.78605e+08,5.67e+08,2000000000,0.315,315,0.9
5,0,13997544000000,98000,0.122204,8.18303,33.0579,3.66025e+06,1.21e+08,4000000000,0.03025,30.25,1
5,2,13997545000000,99000,0.126333,7.91557,1.88324,2.25569e+08,4.248e+08,1000000000,0.531,531,0.8
5,0,13997546000000,103000,0.123233,8.11471,21.5054,8.649e+06,1.86e+08,4000000000,0.0465,46.5,1
5,2,13997547000000,104000,0.122654,8.15303,15.873,3.1752e+06,5.04e+07,1000000000,0.063,63,0.8
5,1,13997548000000,106000,0.12633,7.91576,3.14961,1.81451e+08,5.715e+08,2000000000,0.3175,317.5,0.9
5,0,13997549000000,110000,0.122836,8.14091,33.0579,3.66025e+06,1.21e+08,4000000000,0.03025,30.25,1
5,2,13997550000000,111000,0.126667,7.89474,1.82482,2.40243e+08,4.384e+08,1000000000,0.548,548,0.8
5,0,13997551000000,115000,0.124096,8.0583,18.9573,1.11302e+07,2.11e+08,4000000000,0.05275,52.75,1
5,2,13997552000000,116000,0.123345,8.10735,27.027,1.0952e+06,2.96e+07,1000000000,0.037,37,0.8
5,1,13997553000000,118000,0.126305,7.91734,3.3557,1.59847e+08,5.364e+08,2000000000,0.298,298,0.9
5,0,13997554000000,122000,0.123426,8.10201,25.974,5.929e+06,1.54e+08,4000000000,0.0385,38.5,1
5,2,13997555000000,123000,0.126894,7.88057,1.81818,2.42e+08,4.4e+08,1000000000,0.55,550,0.8
5,0,13997556000000,127000,0.124472,8.03391,20,1e+07,2e+08,4000000000,0.05,50,1
5,1,13997557000000,129000,0.122961,8.13264,37.037,1.3122e+06,4.86e+07,2000000000,0.027,27,0.9
5,2,13997558000000,130000,0.126577,7.90033,1.68634,2.81319e+08,4.744e+08,1000000000,0.593,593,0.8
5,0,13997559000000,134000,0.123761,8.08008,31.0078,4.16025e+06,1.29e+08,4000000000,0.03225,32.25,1
5,2,13997560000000,135000,0.125341,7.97825,2.96736,9.08552e+07,2.696e+08,1000000000,0.337,337,0.8
5,0,13997561000000,139000,0.126245,7.92113,6.37959,9.82822e+07,6.27e+08,4000000000,0.15675,156.75,1
5,1,13997562000000,141000,0.124454,8.0351,0,0,0,2000000000,0,0,0.9
5,2,13997563000000,142000,0.124775,8.01445,5.88235,2.312e+07,1.36e+08,1000000000,0.17,170,0.8
5,0,13997564000000,146000,0.125527,7.96639,6.56814,9.27202e+07,6.09e+08,4000000000,0.15225,152.25,1
5,2,13997565000000,147000,0.125483,7.96921,8.40336,1.13288e+07,9.52e+07,1000000000,0.119,119,0.8
5,1,13997566000000,149000,0.126081,7.93144,5.88235,5.202e+07,3.06e+08,2000000000,0.17,170,0.9
5,0,13997567000000,153000,0.124804,8.01257,12.945,2.38702e+07,3.09e+08,4000000000,0.07725,77.25,1
5,2,13997568000000,154000,0.124766,8.01499,8.40336,1.13288e+07,9.52e+07,1000000000,0.119,119,0.8
5,0,13997569000000,158000,0.125747,7.95249,6.11621,1.06929e+08,6.54e+08,4000000000,0.1635,163.5,1
5,2,13997570000000,159000,0.125572,7.96354,10.2041,7.6832e+06,7.84e+07,1000000000,0.098,98,0.8
5,1,13997571000000,161000,0.125217,7.98611,10.3093,1.69362e+07,1.746e+08,2000000000,0.097,97,0.9
5,0,13997572000000,165000,0.124945,8.00349,8.77193,5.1984e+07,4.56e+08,4000000000,0.114,114,1
5,2,13997573000000,166000,0.124904,8.00617,8.47458,1.11392e+07,9.44e+07,1000000000,0.118,118,0.8
5,0,13997574000000,170000,0.125859,7.94541,6.0423,1.09561e+08,6.62e+08,4000000000,0.1655,165.5,1
5,2,13997575000000,171000,0.125596,7.96201,12.3457,5.2488e+06,6.48e+07,1000000000,0.081,81,0.8
5,1,13997576000000,173000,0.124821,8.01148,17.094,6.16005e+06,1.053e+08,2000000000,0.0585,58.5,0.9
5,0,13997577000000,177000,0.12522,7.98592,7.01754,8.1225e+07,5.7e+08,4000000000,0.1425,142.5,1
5,2,13997578000000,178000,0.125393,7.97491,6.41026,1.94688e+07,1.248e+08,1000000000,0.156,156,0.8
5,0,13997579000000,182000,0.126044,7.93374,6.45161,9.61e+07,6.2e+08,4000000000,0.155,155,1
5,2,13997580000000,183000,0.125716,7.95445,15.1515,3.4848e+06,5.28e+07,1000000000,0.066,66,0.8
5,1,13997581000000,185000,0.12493,8.0045,18.8679,5.0562e+06,9.54e+07,2000000000,0.053,53,0.9
5,0,13997582000000,189000,0.125397,7.97468,6.80272,8.6436e+07,5.88e+08,4000000000,0.147,147,1
5,2,13997583000000,190000,0.125558,7.96445,6.41026,1.94688e+07,1.248e+08,1000000000,0.156,156,0.8
5,0,13997584000000,194000,0.126165,7.92613,6.45161,9.61e+07,6.2e+08,4000000000,0.155,155,1
5,2,13997585000000,195000,0.125718,7.95431,25.641,1.2168e+06,3.12e+07,1000000000,0.039,39,0.8
5,1,13997586000000,197000,0.124934,8.00423,20.6186,4.23405e+06,8.73e+07,2000000000,0.0485,48.5,0.9
5,0,13997587000000,201000,0.125512,7.96734,6.49351,9.4864e+07,6.16e+08,4000000000,0.154,154,1
5,2,13997588000000,202000,0.125455,7.97096,8.77193,1.03968e+07,9.12e+07,1000000000,0.114,114,0.8
5,0,13997589000000,206000,0.126233,7.92186,6.0423,1.09561e+08,6.62e+08,4000000000,0.1655,165.5,1
5,2,13997590000000,207000,0.125725,7.95389,47.619,352800,1.68e+07,1000000000,0.021,21,0.8
5,1,13997591000000,209000,0.12511,7.99296,16.2602,6.80805e+06,1.107e+08,2000000000,0.0615,61.5,0.9
5,0,13997592000000,213000,0.125634,7.95964,6.53595,9.3636e+07,6.12e+08,4000000000,0.153,153,1
5,2,13997593000000,214000,0.125561,7.96427,9.09091,9.68e+06,8.8e+07,1000000000,0.11,110,0.8
5,0,13997594000000,218000,0.126312,7.91691,6.00601,1.10889e+08,6.66e+08,4000000000,0.1665,166.5,1
5,2,13997595000000,219000,0.12584,7.94659,43.4783,423200,1.84e+07,1000000000,0.023,23,0.8
5,1,13997596000000,221000,0.125321,7.97949,14.5985,8.44605e+06,1.233e+08,2000000000,0.0685,68.5,0.9
5,0,13997597000000,225000,0.125884,7.94379,6.36943,9.8596e+07,6.28e+08,4000000000,0.157,157,1
5,2,13997598000000,226000,0.125726,7.95383,11.1111,6.48e+06,7.2e+07,1000000000,0.09,90,0.8
5,0,13997599000000,230000,0.126417,7.9103,6.0423,1.09561e+08,6.62e+08,4000000000,0.1655,165.5,1
5,2,13997600000000,231000,0.125961,7.93896,47.619,352800,1.68e+07,1000000000,0.021,21,0.8
5,1,13997601000000,233000,0.125408,7.97399,16.2602,6.80805e+06,1.107e+08,2000000000,0.0615,61.5,0.9
5,0,13997602000000,237000,0.125873,7.94449,6.53595,9.3636e+07,6.12e+08,4000000000,0.153,153,1
5,2,13997603000000,238000,0.12584,7.94658,8.47458,1.11392e+07,9.44e+07,1000000000,0.118,118,0.8
5,0,13997604000000,242000,0.126496,7.9054,6.0423,1.09561e+08,6.62e+08,4000000000,0.1655,165.5,1
5,2,13997605000000,243000,0.125975,7.93806,0,0,0,1000000000,0,0,0.8
5,1,13997606000000,245000,0.125433,7.97241,16.8067,6.37245e+06,1.071e+08,2000000000,0.0595,59.5,0.9
5,1,13997607000000,247000,0.126996,7.87427,3.13972,1.82596e+08,5.733e+08,2000000000,0.3185,318.5,0.9
5,1,13997608000000,249000,0.126651,7.89574,11.9048,1.27008e+07,1.512e+08,2000000000,0.084,84,0.9
5,1,13997609000000,251000,0.128151,7.80327,3.1746,1.78605e+08,5.67e+08,2000000000,0.315,315,0.9
5,1,13997610000000,251161,0.128221,7.79906,4.23684,1.00274e+08,4.24845e+08,2000000000,0.236025,19,0.9
5,1,13997611000000,251161,0.128221,7.79906,0,-nan,-nan,2000000000,-nan,0,0.9
5,1,13997612000000,251161,0.128221,7.79906,0,-nan,-nan,2000000000,-nan,0,0.9
5,1,13997613000000,251161,0.128221,7.79906,0,-nan,-nan,2000000000,-nan,0,0.9
6,2,13997501000000,1000,0.359,2.78552,2.78552,1.03105e+08,2.872e+08,1000000000,0.359,359,0.8
6,0,13997502000000,5000,0.1216,8.22368,16.0643,1.55002e+07,2.49e+08,4000000000,0.06225,62.25,1
6,1,13997503000000,7000,0.105714,9.45946,15.1515,7.8408e+06,1.188e+08,2000000000,0.066,66,0.9
6,2,13997504000000,8000,0.1715,5.8309,1.58228,3.19539e+08,5.056e+08,1000000000,0.632,632,0.8
6,0,13997505000000,12000,0.128,7.8125,24.3902,6.724e+06,1.64e+08,4000000000,0.041,41,1
6,2,13997506000000,13000,0.134077,7.45841,4.83092,3.42792e+07,1.656e+08,1000000000,0.207,207,0.8
6,1,13997507000000,15000,0.143467,6.97026,4.88998,7.52764e+07,3.681e+08,2000000000,0.2045,204.5,0.9
6,0,13997508000000,19000,0.117421,8.51636,50.6329,1.56025e+06,7.9e+07,4000000000,0.01975,19.75,1
6,2,13997509000000,20000,0.1146,8.726,16.3934,2.9768e+06,4.88e+07,1000000000,0.061,61,0.8
6,2,13997510000000,21000,0.109857,9.10273,66.6667,180000,1.2e+07,1000000000,0.015,15,0.8
6,1,13997511000000,23000,0.108348,9.22953,10.8108,1.54012e+07,1.665e+08,2000000000,0.0925,92.5,0.9
6,2,13997512000000,24000,0.108833,9.18836,8.33333,1.152e+07,9.6e+07,1000000000,0.12,120,0.8
6,1,13997513000000,26000,0.100923,9.90854,166.667,64800,1.08e+07,2000000000,0.006,6,0.9
6,2,13997514000000,27000,0.10337,9.67395,5.98802,2.23112e+07,1.336e+08,1000000000,0.167,167,0.8
6,1,13997515000000,29000,0.116276,8.60024,3.44234,1.51902e+08,5.229e+08,2000000000,0.2905,290.5,0.9
6,1,13997516000000,31000,0.113581,8.80432,13.4228,9.99045e+06,1.341e+08,2000000000,0.0745,74.5,0.9
6,2,13997517000000,32000,0.111375,8.97868,23.2558,1.4792e+06,3.44e+07,1000000000,0.043,43,0.8
6,1,13997518000000,34000,0.123147,8.12037,3.21027,1.74658e+08,5.607e+08,2000000000,0.3115,311.5,0.9
6,0,13997519000000,38000,0.113053,8.84544,36.6972,2.97025e+06,1.09e+08,4000000000,0.02725,27.25,1
6,2,13997520000000,39000,0.124077,8.05952,1.84162,2.35879e+08,4.344e+08,1000000000,0.543,543,0.8
6,0,13997521000000,43000,0.116372,8.59313,24.2424,6.80625e+06,1.65e+08,4000000000,0.04125,41.25,1
6,2,13997522000000,44000,0.11525,8.67679,14.9254,3.5912e+06,5.36e+07,1000000000,0.067,67,0.8
6,1,13997523000000,46000,0.124174,8.05322,3.12012,1.84896e+08,5.769e+08,2000000000,0.3205,320.5,0.9
6,0,13997524000000,50000,0.11664,8.57339,33.3333,3.6e+06,1.2e+08,4000000000,0.03,30,1
6,2,13997525000000,51000,0.124745,8.01635,1.88679,2.2472e+08,4.24e+08,1000000000,0.53,530,0.8
6,0,13997526000000,55000,0.119036,8.40079,21.6216,8.55625e+06,1.85e+08,4000000000,0.04625,46.25,1
6,2,13997527000000,56000,0.118071,8.46945,15.3846,3.38e+06,5.2e+07,1000000000,0.065,65,0.8
6,1,13997528000000,58000,0.124948,8.00331,3.14961,1.81451e+08,5.715e+08,2000000000,0.3175,317.5,0.9
6,0,13997529000000,62000,0.118839,8.41477,33.0579,3.66025e+06,1.21e+08,4000000000,0.03025,30.25,1
6,2,13997530000000,63000,0.125635,7.95957,1.82815,2.39367e+08,4.376e+08,1000000000,0.547,547,0.8
6,0,13997531000000,67000,0.121224,8.2492,19.3237,1.07122e+07,2.07e+08,4000000000,0.05175,51.75,1
6,2,13997532000000,68000,0.120044,8.33027,24.3902,1.3448e+06,3.28e+07,1000000000,0.041,41,0.8
6,1,13997533000000,70000,0.125371,7.9763,3.26264,1.69096e+08,5.517e+08,2000000000,0.3065,306.5,0.9
6,0,13997534000000,74000,0.120324,8.31087,31.25,4.096e+06,1.28e+08,4000000000,0.032,32,1
6,2,13997535000000,75000,0.125973,7.93819,1.83824,2.36749e+08,4.352e+08,1000000000,0.544,544,0.8
6,0,13997536000000,79000,0.122139,8.18738,19.9005,1.01002e+07,2.01e+08,4000000000,0.05025,50.25,1
6,2,13997537000000,80000,0.121163,8.25338,22.7273,1.5488e+06,3.52e+07,1000000000,0.044,44,0.8
6,1,13997538000000,82000,0.125756,7.9519,3.23102,1.72422e+08,5.571e+08,2000000000,0.3095,309.5,0.9
6,0,13997539000000,86000,0.121395,8.23755,31.25,4.096e+06,1.28e+08,4000000000,0.032,32,1
6,2,13997540000000,87000,0.126195,7.92422,1.85529,2.32417e+08,4.312e+08,1000000000,0.539,539,0.8
6,0,13997541000000,91000,0.122813,8.14245,20.3046,9.70225e+06,1.97e+08,4000000000,0.04925,49.25,1
6,2,13997542000000,92000,0.122011,8.19599,20.4082,1.9208e+06,3.92e+07,1000000000,0.049,49,0.8
6,1,13997543000000,94000,0.126117,7.92914,3.1746,1.78605e+08,5.67e+08,2000000000,0.315,315,0.9
6,0,13997544000000,98000,0.122204,8.18303,33.0579,3.66025e+06,1.21e+08,4000000000,0.03025,30.25,1
6,2,13997545000000,99000,0.126333,7.91557,1.88324,2.25569e+08,4.248e+08,1000000000,0.531,531,0.8
6,0,13997546000000,103000,0.123233,8.11471,21.5054,8.649e+06,1.86e+08,4000000000,0.0465,46.5,1
6,2,13997547000000,104000,0.122654,8.15303,15.873,3.1752e+06,5.04e+07,1000000000,0.063,63,0.8
6,1,13997548000000,106000,0.12633,7.91576,3.14961,1.81451e+08,5.715e+08,2000000000,0.3175,317.5,0.9
6,0,13997549000000,110000,0.122836,8.14091,33.0579,3.66025e+06,1.21e+08,4000000000,0.03025,30.25,1
6,2,13997550000000,111000,0.126667,7.89474,1.82482,2.40243e+08,4.384e+08,1000000000,0.548,548,0.8
6,0,13997551000000,115000,0.124096,8.0583,18.9573,1.11302e+07,2.11e+08,4000000000,0.05275,52.75,1
6,2,13997552000000,116000,0.123345,8.10735,27.027,1.0952e+06,2.96e+07,1000000000,0.037,37,0.8
6,1,13997553000000,118000,0.126305,7.91734,3.3557,1.59847e+08,5.364e+08,2000000000,0.298,298,0.9
6,0,13997554000000,122000,0.123426,8.10201,25.974,5.929e+06,1.54e+08,4000000000,0.0385,38.5,1
6,2,13997555000000,123000,0.126894,7.88057,1.81818,2.42e+08,4.4e+08,1000000000,0.55,550,0.8
6,0,13997556000000,127000,0.124472,8.03391,20,1e+07,2e+08,4000000000,0.05,50,1
6,1,13997557000000,129000,0.122961,8.13264,37.037,1.3122e+06,4.86e+07,2000000000,0.027,27,0.9
6,2,13997558000000,130000,0.126577,7.90033,1.68634,2.81319e+08,4.744e+08,1000000000,0.593,593,0.8
6,0,13997559000000,134000,0.123761,8.08008,31.0078,4.16025e+06,1.29e+08,4000000000,0.03225,32.25,1
6,2,13997560000000,135000,0.125341,7.97825,2.96736,9.08552e+07,2.696e+08,1000000000,0.337,337,0.8
6,0,13997561000000,139000,0.126245,7.92113,6.37959,9.82822e+07,6.27e+08,4000000000,0.15675,156.75,1
6,1,13997562000000,141000,0.125652,7.95846,11.8343,1.28524e+07,1.521e+08,2000000000,0.0845,84.5,0.9
6,2,13997563000000,142000,0.129063,7.74813,1.63934,2.9768e+08,4.88e+08,1000000000,0.61,610,0.8
6,0,13997564000000,146000,0.126479,7.90642,28.777,4.83025e+06,1.39e+08,4000000000,0.03475,34.75,1
6,2,13997565000000,147000,0.126939,7.87781,5.15464,3.01088e+07,1.552e+08,1000000000,0.194,194,0.8
6,1,13997566000000,149000,0.128128,7.80472,4.64037,8.35924e+07,3.879e+08,2000000000,0.2155,215.5,0.9
6,0,13997567000000,153000,0.125712,7.95466,27.972,5.11225e+06,1.43e+08,4000000000,0.03575,35.75,1
6,2,13997568000000,154000,0.128831,7.7621,1.65017,2.93789e+08,4.848e+08,1000000000,0.606,606,0.8
6,0,13997569000000,158000,0.126532,7.90316,26.3158,5.776e+06,1.52e+08,4000000000,0.038,38,1
6,2,13997570000000,159000,0.126283,7.91872,11.4943,6.0552e+06,6.96e+07,1000000000,0.087,87,0.8
6,1,13997571000000,161000,0.12805,7.80947,3.72439,1.29766e+08,4.833e+08,2000000000,0.2685,268.5,0.9
6,0,13997572000000,165000,0.125879,7.94415,25.974,5.929e+06,1.54e+08,4000000000,0.0385,38.5,1
6,2,13997573000000,166000,0.128639,7.77372,1.71233,2.72845e+08,4.672e+08,1000000000,0.584,584,0.8
6,0,13997574000000,170000,0.126694,7.89303,21.7391,8.464e+06,1.84e+08,4000000000,0.046,46,1
6,2,13997575000000,171000,0.126386,7.91227,13.5135,4.3808e+06,5.92e+07,1000000000,0.074,74,0.8
6,1,13997576000000,173000,0.128156,7.80299,3.57782,1.40616e+08,5.031e+08,2000000000,0.2795,279.5,0.9
6,0,13997577000000,177000,0.125966,7.93864,32,3.90625e+06,1.25e+08,4000000000,0.03125,31.25,1
6,2,13997578000000,178000,0.128421,7.78687,1.7762,2.53575e+08,4.504e+08,1000000000,0.563,563,0.8
6,0,13997579000000,182000,0.12678,7.88767,18.6047,1.15562e+07,2.15e+08,4000000000,0.05375,53.75,1
6,2,13997580000000,183000,0.12629,7.91831,27.027,1.0952e+06,2.96e+07,1000000000,0.037,37,0.8
6,1,13997581000000,185000,0.128103,7.80624,3.40136,1.55585e+08,5.292e+08,2000000000,0.294,294,0.9
6,0,13997582000000,189000,0.126074,7.93184,31.0078,4.16025e+06,1.29e+08,4000000000,0.03225,32.25,1
6,2,13997583000000,190000,0.128384,7.78912,1.76991,2.5538e+08,4.52e+08,1000000000,0.565,565,0.8
6,0,13997584000000,194000,0.126789,7.88714,19.6078,1.0404e+07,2.04e+08,4000000000,0.051,51,1
6,2,13997585000000,195000,0.126195,7.92425,90.9091,96800,8.8e+06,1000000000,0.011,11,0.8
6,1,13997586000000,197000,0.128117,7.80538,3.16957,1.79172e+08,5.679e+08,2000000000,0.3155,315.5,0.9
6,0,13997587000000,201000,0.126259,7.92025,28.777,4.83025e+06,1.39e+08,4000000000,0.03475,34.75,1
6,2,13997588000000,202000,0.128262,7.79652,1.88324,2.25569e+08,4.248e+08,1000000000,0.531,531,0.8
6,0,13997589000000,206000,0.126612,7.89817,23.1214,7.48225e+06,1.73e+08,4000000000,0.04325,43.25,1
6,2,13997590000000,207000,0.126295,7.91799,16.3934,2.9768e+06,4.88e+07,1000000000,0.061,61,0.8
6,1,13997591000000,209000,0.128091,7.80696,3.18471,1.77473e+08,5.652e+08,2000000000,0.314,314,0.9
6,0,13997592000000,213000,0.126324,7.91616,29.4118,4.624e+06,1.36e+08,4000000000,0.034,34,1
6,2,13997593000000,214000,0.128285,7.79514,1.8315,2.38493e+08,4.368e+08,1000000000,0.546,546,0.8
6,0,13997594000000,218000,0.126931,7.87828,18.3486,1.1881e+07,2.18e+08,4000000000,0.0545,54.5,1
6,2,13997595000000,219000,0.126493,7.90557,32.2581,768800,2.48e+07,1000000000,0.031,31,0.8
6,1,13997596000000,221000,0.128104,7.80615,3.28407,1.66896e+08,5.481e+08,2000000000,0.3045,304.5,0.9
6,0,13997597000000,225000,0.1264,7.91139,31.0078,4.16025e+06,1.29e+08,4000000000,0.03225,32.25,1
6,2,13997598000000,226000,0.12823,7.79848,1.85185,2.3328e+08,4.32e+08,1000000000,0.54,540,0.8
6,0,13997599000000,230000,0.126739,7.89022,23.5294,7.225e+06,1.7e+08,4000000000,0.0425,42.5,1
6,2,13997600000000,231000,0.126463,7.90744,15.873,3.1752e+06,5.04e+07,1000000000,0.063,63,0.8
6,1,13997601000000,233000,0.12812,7.80517,3.12989,1.83744e+08,5.751e+08,2000000000,0.3195,319.5,0.9
6,0,13997602000000,237000,0.126532,7.90316,29.4118,4.624e+06,1.36e+08,4000000000,0.034,34,1
6,2,13997603000000,238000,0.128223,7.79893,1.89036,2.23873e+08,4.232e+08,1000000000,0.529,529,0.8
6,0,13997604000000,242000,0.126926,7.87863,20.1005,9.90025e+06,1.99e+08,4000000000,0.04975,49.75,1
6,2,13997605000000,243000,0.126588,7.89961,22.2222,1.62e+06,3.6e+07,1000000000,0.045,45,0.8
6,1,13997606000000,245000,0.128131,7.80454,3.16957,1.79172e+08,5.679e+08,2000000000,0.3155,315.5,0.9
6,1,13997607000000,247000,0.127676,7.83232,13.8889,9.3312e+06,1.296e+08,2000000000,0.072,72,0.9
6,1,13997608000000,248833,0.12942,7.72677,2.74401,2.39056e+08,6.55974e+08,2000000000,0.36443,334,0.9
6,1,13997609000000,248833,0.12942,7.72677,0,-nan,-nan,2000000000,-nan,0,0.9
6,1,13997610000000,248833,0.12942,7.72677,0,-nan,-nan,2000000000,-nan,0,0.9
6,1,13997611000000,248833,0.12942,7.72677,0,-nan,-nan,2000000000,-nan,0,0.9
6,1,13997612000000,248833,0.12942,7.72677,0,-nan,-nan,2000000000,-nan,0,0.9
6,1,13997613000000,248833,0.12942,7.72677,0,-nan,-nan,2000000000,-nan,0,0.9
7,2,13997501000000,1000,0.359,2.78552,2.78552,1.03105e+08,2.872e+08,1000000000,0.359,359,0.8
7,0,13997502000000,5000,0.1216,8.22368,16.0643,1.55002e+07,2.49e+08,4000000000,0.06225,62.25,1
7,1,13997503000000,7000,0.105714,9.45946,15.1515,7.8408e+06,1.188e+08,2000000000,0.066,66,0.9
7,2,13997504000000,8000,0.1715,5.8309,1.58228,3.19539e+08,5.056e+08,1000000000,0.632,632,0.8
7,0,13997505000000,12000,0.128,7.8125,24.3902,6.724e+06,1.64e+08,4000000000,0.041,41,1
7,2,13997506000000,13000,0.134077,7.45841,4.83092,3.42792e+07,1.656e+08,1000000000,0.207,207,0.8
7,1,13997507000000,15000,0.143467,6.97026,4.88998,7.52764e+07,3.681e+08,2000000000,0.2045,204.5,0.9
7,0,13997508000000,19000,0.117421,8.51636,50.6329,1.56025e+06,7.9e+07,4000000000,0.01975,19.75,1
7,2,13997509000000,20000,0.1146,8.726,16.3934,2.9768e+06,4.88e+07,1000000000,0.061,61,0.8
7,2,13997510000000,21000,0.109857,9.10273,66.6667,180000,1.2e+07,1000000000,0.015,15,0.8
7,1,13997511000000,23000,0.108348,9.22953,10.8108,1.54012e+07,1.665e+08,2000000000,0.0925,92.5,0.9
7,2,13997512000000,24000,0.108833,9.18836,8.33333,1.152e+07,9.6e+07,1000000000,0.12,120,0.8
7,1,13997513000000,26000,0.100923,9.90854,166.667,64800,1.08e+07,2000000000,0.006,6,0.9
7,2,13997514000000,27000,0.10337,9.67395,5.98802,2.23112e+07,1.336e+08,1000000000,0.167,167,0.8
7,1,13997515000000,29000,0.116276,8.60024,3.44234,1.51902e+08,5.229e+08,2000000000,0.2905,290.5,0.9
7,1,13997516000000,31000,0.113581,8.80432,13.4228,9.99045e+06,1.341e+08,2000000000,0.0745,74.5,0.9
7,2,13997517000000,32000,0.111375,8.97868,23.2558,1.4792e+06,3.44e+07,1000000000,0.043,43,0.8
7,1,13997518000000,34000,0.123147,8.12037,3.21027,1.74658e+08,5.607e+08,2000000000,0.3115,311.5,0.9
7,0,13997519000000,38000,0.113053,8.84544,36.6972,2.97025e+06,1.09e+08,4000000000,0.02725,27.25,1
7,2,13997520000000,39000,0.124077,8.05952,1.84162,2.35879e+08,4.344e+08,1000000000,0.543,543,0.8
7,0,13997521000000,43000,0.116372,8.59313,24.2424,6.80625e+06,1.65e+08,4000000000,0.04125,41.25,1
7,2,13997522000000,44000,0.11525,8.67679,14.9254,3.5912e+06,5.36e+07,1000000000,0.067,67,0.8
7,1,13997523000000,46000,0.124174,8.05322,3.12012,1.84896e+08,5.769e+08,2000000000,0.3205,320.5,0.9
7,0,13997524000000,50000,0.11664,8.57339,33.3333,3.6e+06,1.2e+08,4000000000,0.03,30,1
7,2,13997525000000,51000,0.124745,8.01635,1.88679,2.2472e+08,4.24e+08,1000000000,0.53,530,0.8
7,0,13997526000000,55000,0.119036,8.40079,21.6216,8.55625e+06,1.85e+08,4000000000,0.04625,46.25,1
7,2,13997527000000,56000,0.118071,8.46945,15.3846,3.38e+06,5.2e+07,1000000000,0.065,65,0.8
7,1,13997528000000,58000,0.124948,8.00331,3.14961,1.81451e+08,5.715e+08,2000000000,0.3175,317.5,0.9
7,0,13997529000000,62000,0.118839,8.41477,33.0579,3.66025e+06,1.21e+08,4000000000,0.03025,30.25,1
7,2,13997530000000,63000,0.125635,7.95957,1.82815,2.39367e+08,4.376e+08,1000000000,0.547,547,0.8
7,0,13997531000000,67000,0.121224,8.2492,19.3237,1.07122e+07,2.07e+08,4000000000,0.05175,51.75,1
7,2,13997532000000,68000,0.120044,8.33027,24.3902,1.3448e+06,3.28e+07,1000000000,0.041,41,0.8
7,1,13997533000000,70000,0.125371,7.9763,3.26264,1.69096e+08,5.517e+08,2000000000,0.3065,306.5,0.9
7,0,13997534000000,74000,0.120324,8.31087,31.25,4.096e+06,1.28e+08,4000000000,0.032,32,1
7,2,13997535000000,75000,0.125973,7.93819,1.83824,2.36749e+08,4.352e+08,1000000000,0.544,544,0.8
7,0,13997536000000,79000,0.122139,8.18738,19.9005,1.01002e+07,2.01e+08,4000000000,0.05025,50.25,1
7,2,13997537000000,80000,0.121163,8.25338,22.7273,1.5488e+06,3.52e+07,1000000000,0.044,44,0.8
7,1,13997538000000,82000,0.125756,7.9519,3.23102,1.72422e+08,5.571e+08,2000000000,0.3095,309.5,0.9
7,0,13997539000000,86000,0.121395,8.23755,31.25,4.096e+06,1.28e+08,4000000000,0.032,32,1
7,2,13997540000000,87000,0.126195,7.92422,1.85529,2.32417e+08,4.312e+08,1000000000,0.539,539,0.8
7,0,13997541000000,91000,0.122813,8.14245,20.3046,9.70225e+06,1.97e+08,4000000000,0.04925,49.25,1
7,2,13997542000000,92000,0.122011,8.19599,20.4082,1.9208e+06,3.92e+07,1000000000,0.049,49,0.8
7,1,13997543000000,94000,0.126117,7.92914,3.1746,1.78605e+08,5.67e+08,2000000000,0.315,315,0.9
7,0,13997544000000,98000,0.122204,8.18303,33.0579,3.66025e+06,1.21e+08,4000000000,0.03025,30.25,1
7,2,13997545000000,99000,0.126323,7.9162,1.88679,2.2472e+08,4.24e+08,1000000000,0.53,530,0.8
7,0,13997546000000,103000,0.123233,8.11471,21.3904,8.74225e+06,1.87e+08,4000000000,0.04675,46.75,1
7,2,13997547000000,104000,0.122654,8.15303,15.873,3.1752e+06,5.04e+07,1000000000,0.063,63,0.8
7,1,13997548000000,106000,0.12633,7.91576,3.14961,1.81451e+08,5.715e+08,2000000000,0.3175,317.5,0.9
7,0,13997549000000,110000,0.122836,8.14091,33.0579,3.66025e+06,1.21e+08,4000000000,0.03025,30.25,1
7,2,13997550000000,111000,0.126667,7.89474,1.82482,2.40243e+08,4.384e+08,1000000000,0.548,548,0.8
7,0,13997551000000,115000,0.124096,8.0583,18.9573,1.11302e+07,2.11e+08,4000000000,0.05275,52.75,1
7,2,13997552000000,116000,0.123345,8.10735,27.027,1.0952e+06,2.96e+07,1000000000,0.037,37,0.8
7,1,13997553000000,118000,0.126305,7.91734,3.3557,1.59847e+08,5.364e+08,2000000000,0.298,298,0.9
7,0,13997554000000,122000,0.123426,8.10201,25.974,5.929e+06,1.54e+08,4000000000,0.0385,38.5,1
7,2,13997555000000,123000,0.126894,7.88057,1.81818,2.42e+08,4.4e+08,1000000000,0.55,550,0.8
7,0,13997556000000,127000,0.124472,8.03391,20,1e+07,2e+08,4000000000,0.05,50,1
7,1,13997557000000,129000,0.122961,8.13264,37.037,1.3122e+06,4.86e+07,2000000000,0.027,27,0.9
7,2,13997558000000,130000,0.126577,7.90033,1.68634,2.81319e+08,4.744e+08,1000000000,0.593,593,0.8
7,0,13997559000000,134000,0.123761,8.08008,31.0078,4.16025e+06,1.29e+08,4000000000,0.03225,32.25,1
7,2,13997560000000,135000,0.125341,7.97825,2.96736,9.08552e+07,2.696e+08,1000000000,0.337,337,0.8
7,0,13997561000000,139000,0.126245,7.92113,6.37959,9.82822e+07,6.27e+08,4000000000,0.15675,156.75,1
7,1,13997562000000,141000,0.125652,7.95846,11.8343,1.28524e+07,1.521e+08,2000000000,0.0845,84.5,0.9
7,2,13997563000000,142000,0.129063,7.74813,1.63934,2.9768e+08,4.88e+08,1000000000,0.61,610,0.8
7,0,13997564000000,146000,0.126479,7.90642,28.777,4.83025e+06,1.39e+08,4000000000,0.03475,34.75,1
7,2,13997565000000,147000,0.126939,7.87781,5.15464,3.01088e+07,1.552e+08,1000000000,0.194,194,0.8
7,1,13997566000000,149000,0.128128,7.80472,4.64037,8.35924e+07,3.879e+08,2000000000,0.2155,215.5,0.9
7,0,13997567000000,153000,0.125712,7.95466,27.972,5.11225e+06,1.43e+08,4000000000,0.03575,35.75,1
7,2,13997568000000,154000,0.128831,7.7621,1.65017,2.93789e+08,4.848e+08,1000000000,0.606,606,0.8
7,0,13997569000000,158000,0.126532,7.90316,26.3158,5.776e+06,1.52e+08,4000000000,0.038,38,1
7,2,13997570000000,159000,0.126283,7.91872,11.4943,6.0552e+06,6.96e+07,1000000000,0.087,87,0.8
7,1,13997571000000,161000,0.12805,7.80947,3.72439,1.29766e+08,4.833e+08,2000000000,0.2685,268.5,0.9
7,0,13997572000000,165000,0.125879,7.94415,25.974,5.929e+06,1.54e+08,4000000000,0.0385,38.5,1
7,2,13997573000000,166000,0.128639,7.77372,1.71233,2.72845e+08,4.672e+08,1000000000,0.584,584,0.8
7,0,13997574000000,170000,0.126694,7.89303,21.7391,8.464e+06,1.84e+08,4000000000,0.046,46,1
7,2,13997575000000,171000,0.126386,7.91227,13.5135,4.3808e+06,5.92e+07,1000000000,0.074,74,0.8
7,1,13997576000000,173000,0.128156,7.80299,3.57782,1.40616e+08,5.031e+08,2000000000,0.2795,279.5,0.9
7,0,13997577000000,177000,0.125966,7.93864,32,3.90625e+06,1.25e+08,4000000000,0.03125,31.25,1
7,2,13997578000000,178000,0.128421,7.78687,1.7762,2.53575e+08,4.504e+08,1000000000,0.563,563,0.8
7,0,13997579000000,182000,0.12678,7.88767,18.6047,1.15562e+07,2.15e+08,4000000000,0.05375,53.75,1
7,2,13997580000000,183000,0.12629,7.91831,27.027,1.0952e+06,2.96e+07,1000000000,0.037,37,0.8
7,1,13997581000000,185000,0.128103,7.80624,3.40136,1.55585e+08,5.292e+08,2000000000,0.294,294,0.9
7,0,13997582000000,189000,0.126074,7.93184,31.0078,4.16025e+06,1.29e+08,4000000000,0.03225,32.25,1
7,2,13997583000000,190000,0.128384,7.78912,1.76991,2.5538e+08,4.52e+08,1000000000,0.565,565,0.8
7,0,13997584000000,194000,0.126789,7.88714,19.6078,1.0404e+07,2.04e+08,4000000000,0.051,51,1
7,2,13997585000000,195000,0.126195,7.92425,90.9091,96800,8.8e+06,1000000000,0.011,11,0.8
7,1,13997586000000,197000,0.128117,7.80538,3.16957,1.79172e+08,5.679e+08,2000000000,0.3155,315.5,0.9
7,0,13997587000000,201000,0.126259,7.92025,28.777,4.83025e+06,1.39e+08,4000000000,0.03475,34.75,1
7,2,13997588000000,202000,0.128262,7.79652,1.88324,2.25569e+08,4.248e+08,1000000000,0.531,531,0.8
7,0,13997589000000,206000,0.126612,7.89817,23.1214,7.48225e+06,1.73e+08,4000000000,0.04325,43.25,1
7,2,13997590000000,207000,0.126295,7.91799,16.3934,2.9768e+06,4.88e+07,1000000000,0.061,61,0.8
7,1,13997591000000,209000,0.128091,7.80696,3.18471,1.77473e+08,5.652e+08,2000000000,0.314,314,0.9
7,0,13997592000000,213000,0.126324,7.91616,29.4118,4.624e+06,1.36e+08,4000000000,0.034,34,1
7,2,13997593000000,214000,0.128285,7.79514,1.8315,2.38493e+08,4.368e+08,1000000000,0.546,546,0.8
7,0,13997594000000,218000,0.126931,7.87828,18.3486,1.1881e+07,2.18e+08,4000000000,0.0545,54.5,1
7,2,13997595000000,219000,0.126493,7.90557,32.2581,768800,2.48e+07,1000000000,0.031,31,0.8
7,1,13997596000000,221000,0.128104,7.80615,3.28407,1.66896e+08,5.481e+08,2000000000,0.3045,304.5,0.9
7,0,13997597000000,225000,0.1264,7.91139,31.0078,4.16025e+06,1.29e+08,4000000000,0.03225,32.25,1
7,2,13997598000000,226000,0.12823,7.79848,1.85185,2.3328e+08,4.32e+08,1000000000,0.54,540,0.8
7,0,13997599000000,230000,0.126739,7.89022,23.5294,7.225e+06,1.7e+08,4000000000,0.0425,42.5,1
7,2,13997600000000,231000,0.126463,7.90744,15.873,3.1752e+06,5.04e+07,1000000000,0.063,63,0.8
7,1,13997601000000,233000,0.12812,7.80517,3.12989,1.83744e+08,5.751e+08,2000000000,0.3195,319.5,0.9
7,0,13997602000000,237000,0.126532,7.90316,29.4118,4.624e+06,1.36e+08,4000000000,0.034,34,1
7,2,13997603000000,238000,0.128223,7.79893,1.89036,2.23873e+08,4.232e+08,1000000000,0.529,529,0.8
7,0,13997604000000,242000,0.126926,7.87863,20.1005,9.90025e+06,1.99e+08,4000000000,0.04975,49.75,1
7,2,13997605000000,243000,0.126588,7.89961,22.2222,1.62e+06,3.6e+07,1000000000,0.045,45,0.8
7,1,13997606000000,245000,0.128131,7.80454,3.16957,1.79172e+08,5.679e+08,2000000000,0.3155,315.5,0.9
7,1,13997607000000,247000,0.127676,7.83232,13.8889,9.3312e+06,1.296e+08,2000000000,0.072,72,0.9
7,1,13997608000000,248833,0.12942,7.72677,2.74401,2.39056e+08,6.55974e+08,2000000000,0.36443,334,0.9
7,1,13997609000000,248833,0.12942,7.72677,0,-nan,-nan,2000000000,-nan,0,0.9
7,1,13997610000000,248833,0.12942,7.72677,0,-nan,-nan,2000000000,-nan,0,0.9
7,1,13997611000000,248833,0.12942,7.72677,0,-nan,-nan,2000000000,-nan,0,0.9
7,1,13997612000000,248833,0.12942,7.72677,0,-nan,-nan,2000000000,-nan,0,0.9
7,1,13997613000000,248833,0.12942,7.72677,0,-nan,-nan,2000000000,-nan,0,0.9
8,2,13997501000000,1000,0.019,52.6316,52.6316,288800,1.52e+07,1000000000,0.019,19,0.8
8,0,13997502000000,5000,0.1236,8.09061,6.6778,8.97002e+07,5.99e+08,4000000000,0.14975,149.75,1
8,1,13997503000000,7000,0.109429,9.13838,13.5135,9.8568e+06,1.332e+08,2000000000,0.074,74,0.9
8,2,13997504000000,8000,0.16275,6.14439,1.86567,2.29837e+08,4.288e+08,1000000000,0.536,536,0.8
8,0,13997505000000,12000,0.126083,7.93126,18.9573,1.11302e+07,2.11e+08,4000000000,0.05275,52.75,1
8,2,13997506000000,13000,0.119231,8.3871,27.027,1.0952e+06,2.96e+07,1000000000,0.037,37,0.8
8,1,13997507000000,15000,0.168667,5.92885,2.04082,4.3218e+08,8.82e+08,2000000000,0.49,490,0.9
8,0,13997508000000,19000,0.139368,7.17523,33.8983,3.481e+06,1.18e+08,4000000000,0.0295,29.5,1
8,2,13997509000000,20000,0.13615,7.34484,13.3333,4.5e+06,6e+07,1000000000,0.075,75,0.8
8,2,13997510000000,21000,0.154952,6.4536,1.88324,2.25569e+08,4.248e+08,1000000000,0.531,531,0.8
8,1,13997511000000,23000,0.148609,6.72908,12.1951,1.21032e+07,1.476e+08,2000000000,0.082,82,0.9
8,2,13997512000000,24000,0.153292,6.52351,3.83142,5.44968e+07,2.088e+08,1000000000,0.261,261,0.8
8,1,13997513000000,26000,0.154846,6.45802,5.76369,5.4184e+07,3.123e+08,2000000000,0.1735,173.5,0.9
8,2,13997514000000,27000,0.155037,6.45007,6.25,2.048e+07,1.28e+08,1000000000,0.16,160,0.8
8,1,13997515000000,29000,0.165172,6.05428,3.31126,1.64167e+08,5.436e+08,2000000000,0.302,302,0.9
8,1,13997516000000,31000,0.159806,6.25757,12.1951,1.21032e+07,1.476e+08,2000000000,0.082,82,0.9
8,2,13997517000000,32000,0.157594,6.34543,11.236,6.3368e+06,7.12e+07,1000000000,0.089,89,0.8
8,1,13997518000000,34000,0.163471,6.11731,3.8835,1.19351e+08,4.635e+08,2000000000,0.2575,257.5,0.9
8,0,13997519000000,38000,0.150579,6.64103,24.3902,6.724e+06,1.64e+08,4000000000,0.041,41,1
8,2,13997520000000,39000,0.158179,6.32193,2.23714,1.59847e+08,3.576e+08,1000000000,0.447,447,0.8
8,0,13997521000000,43000,0.147302,6.78876,24.2424,6.80625e+06,1.65e+08,4000000000,0.04125,41.25,1
8,2,13997522000000,44000,0.1475,6.77966,6.41026,1.94688e+07,1.248e+08,1000000000,0.156,156,0.8
8,1,13997523000000,46000,0.154304,6.4807,3.28947,1.66349e+08,5.472e+08,2000000000,0.304,304,0.9
8,0,13997524000000,50000,0.14468,6.91181,29.4118,4.624e+06,1.36e+08,4000000000,0.034,34,1
8,2,13997525000000,51000,0.145941,6.85208,4.78469,3.49448e+07,1.672e+08,1000000000,0.209,209,0.8
8,0,13997526000000,55000,0.143164,6.98501,9.28074,4.64402e+07,4.31e+08,4000000000,0.10775,107.75,1
8,2,13997527000000,56000,0.142714,7.00701,8.47458,1.11392e+07,9.44e+07,1000000000,0.118,118,0.8
8,1,13997528000000,58000,0.148793,6.72074,3.1348,1.8317e+08,5.742e+08,2000000000,0.319,319,0.9
8,0,13997529000000,62000,0.141839,7.05026,24.3902,6.724e+06,1.64e+08,4000000000,0.041,41,1
8,2,13997530000000,63000,0.140762,7.10419,13.5135,4.3808e+06,5.92e+07,1000000000,0.074,74,0.8
8,0,13997531000000,67000,0.140448,7.12009,7.38007,7.3441e+07,5.42e+08,4000000000,0.1355,135.5,1
8,2,13997532000000,68000,0.140618,7.11148,6.57895,1.84832e+07,1.216e+08,1000000000,0.152,152,0.8
8,1,13997533000000,70000,0.145286,6.88299,3.28947,1.66349e+08,5.472e+08,2000000000,0.304,304,0.9
8,0,13997534000000,74000,0.13927,7.18028,29.4118,4.624e+06,1.36e+08,4000000000,0.034,34,1
8,2,13997535000000,75000,0.137413,7.27731,0,0,0,1000000000,0,0,0.8
8,0,13997536000000,79000,0.138405,7.22517,6.36943,9.8596e+07,6.28e+08,4000000000,0.157,157,1
8,2,13997537000000,80000,0.1381,7.24113,8.77193,1.03968e+07,9.12e+07,1000000000,0.114,114,0.8
8,1,13997538000000,82000,0.142902,6.99778,2.98507,2.02005e+08,6.03e+08,2000000000,0.335,335,0.9
8,0,13997539000000,86000,0.137698,7.26229,32.2581,3.844e+06,1.24e+08,4000000000,0.031,31,1
8,2,13997540000000,87000,0.136115,7.34673,0,0,0,1000000000,0,0,0.8
8,0,13997541000000,91000,0.136989,7.29986,6.41026,9.7344e+07,6.24e+08,4000000000,0.156,156,1
8,2,13997542000000,92000,0.136783,7.31087,8.47458,1.11392e+07,9.44e+07,1000000000,0.118,118,0.8
8,1,13997543000000,94000,0.140989,7.09273,2.98954,2.01402e+08,6.021e+08,2000000000,0.3345,334.5,0.9
8,0,13997544000000,98000,0.13651,7.32546,32,3.90625e+06,1.25e+08,4000000000,0.03125,31.25,1
8,2,13997545000000,99000,0.135131,7.40021,0,0,0,1000000000,0,0,0.8
8,0,13997546000000,103000,0.135942,7.35609,6.41026,9.7344e+07,6.24e+08,4000000000,0.156,156,1
8,2,13997547000000,104000,0.135769,7.36544,8.47458,1.11392e+07,9.44e+07,1000000000,0.118,118,0.8
8,1,13997548000000,106000,0.139519,7.16749,2.98954,2.01402e+08,6.021e+08,2000000000,0.3345,334.5,0.9
8,0,13997549000000,110000,0.134455,7.43746,4000,250,1e+06,4000000000,0.00025,0.25,1
8,2,13997550000000,111000,0.134198,7.45166,9.43396,8.9888e+06,8.48e+07,1000000000,0.106,106,0.8
8,0,13997551000000,115000,0.135148,7.39931,6.19195,1.04329e+08,6.46e+08,4000000000,0.1615,161.5,1
8,2,13997552000000,116000,0.134966,7.4093,8.77193,1.03968e+07,9.12e+07,1000000000,0.114,114,0.8
8,1,13997553000000,118000,0.13728,7.2844,3.68324,1.32682e+08,4.887e+08,2000000000,0.2715,271.5,0.9
8,0,13997554000000,122000,0.133738,7.47732,34.188,3.42225e+06,1.17e+08,4000000000,0.02925,29.25,1
8,2,13997555000000,123000,0.133659,7.48175,8.06452,1.23008e+07,9.92e+07,1000000000,0.124,124,0.8
8,0,13997556000000,127000,0.137465,7.2746,3.92927,2.59081e+08,1.018e+09,4000000000,0.2545,254.5,1
8,1,13997557000000,129000,0.136163,7.34415,18.6916,5.15205e+06,9.63e+07,2000000000,0.0535,53.5,0.9
8,2,13997558000000,130000,0.137238,7.28659,3.62319,6.09408e+07,2.208e+08,1000000000,0.276,276,0.8
8,0,13997559000000,134000,0.135657,7.37155,11.8694,2.83922e+07,3.37e+08,4000000000,0.08425,84.25,1
8,2,13997560000000,135000,0.135526,7.37866,8.47458,1.11392e+07,9.44e+07,1000000000,0.118,118,0.8
8,0,13997561000000,139000,0.136388,7.332,6.0423,1.09561e+08,6.62e+08,4000000000,0.1655,165.5,1
8,1,13997562000000,141000,0.135348,7.38839,15.873,7.1442e+06,1.134e+08,2000000000,0.063,63,0.9
8,2,13997563000000,142000,0.136887,7.30528,2.82486,1.00253e+08,2.832e+08,1000000000,0.354,354,0.8
8,0,13997564000000,146000,0.135137,7.3999,13.6986,2.1316e+07,2.92e+08,4000000000,0.073,73,1
8,2,13997565000000,147000,0.135252,7.39362,6.57895,1.84832e+07,1.216e+08,1000000000,0.152,152,0.8
8,1,13997566000000,149000,0.13749,7.27326,3.31126,1.64167e+08,5.436e+08,2000000000,0.302,302,0.9
8,0,13997567000000,153000,0.13468,7.42502,33.3333,3.6e+06,1.2e+08,4000000000,0.03,30,1
8,2,13997568000000,154000,0.136617,7.31974,2.30947,1.49991e+08,3.464e+08,1000000000,0.433,433,0.8
8,0,13997569000000,158000,0.13462,7.4283,17.316,1.33402e+07,2.31e+08,4000000000,0.05775,57.75,1
8,2,13997570000000,159000,0.13439,7.44103,10.2041,7.6832e+06,7.84e+07,1000000000,0.098,98,0.8
8,1,13997571000000,161000,0.136758,7.3122,3.07692,1.90125e+08,5.85e+08,2000000000,0.325,325,0.9
8,0,13997572000000,165000,0.134376,7.44182,25.974,5.929e+06,1.54e+08,4000000000,0.0385,38.5,1
8,2,13997573000000,166000,0.136428,7.32989,2.10526,1.805e+08,3.8e+08,1000000000,0.475,475,0.8
8,0,13997574000000,170000,0.134035,7.46072,28.777,4.83025e+06,1.39e+08,4000000000,0.03475,34.75,1
8,2,13997575000000,171000,0.133942,7.46594,8.47458,1.11392e+07,9.44e+07,1000000000,0.118,118,0.8
8,1,13997576000000,173000,0.13615,7.34482,3.07692,1.90125e+08,5.85e+08,2000000000,0.325,325,0.9
8,0,13997577000000,177000,0.133887,7.46898,27.7778,5.184e+06,1.44e+08,4000000000,0.036,36,1
8,2,13997578000000,178000,0.135775,7.36511,2.12766,1.7672e+08,3.76e+08,1000000000,0.47,470,0.8
8,0,13997579000000,182000,0.133681,7.48048,24.6914,6.561e+06,1.62e+08,4000000000,0.0405,40.5,1
8,2,13997580000000,183000,0.133596,7.48527,8.47458,1.11392e+07,9.44e+07,1000000000,0.118,118,0.8
8,1,13997581000000,185000,0.135708,7.36876,3.03951,1.94834e+08,5.922e+08,2000000000,0.329,329,0.9
8,0,13997582000000,189000,0.133577,7.48633,28.5714,4.9e+06,1.4e+08,4000000000,0.035,35,1
8,2,13997583000000,190000,0.135305,7.3907,2.1645,1.70755e+08,3.696e+08,1000000000,0.462,462,0.8
8,0,13997584000000,194000,0.133309,7.50135,25.974,5.929e+06,1.54e+08,4000000000,0.0385,38.5,1
8,2,13997585000000,195000,0.13321,7.50693,8.77193,1.03968e+07,9.12e+07,1000000000,0.114,114,0.8
8,1,13997586000000,197000,0.135239,7.39434,3.003,1.996e+08,5.994e+08,2000000000,0.333,333,0.9
8,0,13997587000000,201000,0.133303,7.50168,26.3158,5.776e+06,1.52e+08,4000000000,0.038,38,1
8,2,13997588000000,202000,0.13496,7.40958,2.13675,1.75219e+08,3.744e+08,1000000000,0.468,468,0.8
8,0,13997589000000,206000,0.133,7.5188,29.4118,4.624e+06,1.36e+08,4000000000,0.034,34,1
8,2,13997590000000,207000,0.132908,7.52399,8.77193,1.03968e+07,9.12e+07,1000000000,0.114,114,0.8
8,1,13997591000000,209000,0.134823,7.41713,3.003,1.996e+08,5.994e+08,2000000000,0.333,333,0.9
8,0,13997592000000,213000,0.133005,7.51853,26.3158,5.776e+06,1.52e+08,4000000000,0.038,38,1
8,2,13997593000000,214000,0.134593,7.42978,2.11416,1.78983e+08,3.784e+08,1000000000,0.473,473,0.8
8,0,13997594000000,218000,0.132725,7.53439,30.5344,4.29025e+06,1.31e+08,4000000000,0.03275,32.75,1
8,2,13997595000000,219000,0.132639,7.53925,8.77193,1.03968e+07,9.12e+07,1000000000,0.114,114,0.8
8,1,13997596000000,221000,0.134452,7.43757,3.003,1.996e+08,5.994e+08,2000000000,0.333,333,0.9
8,0,13997597000000,225000,0.132738,7.53365,26.3158,5.776e+06,1.52e+08,4000000000,0.038,38,1
8,2,13997598000000,226000,0.134243,7.44916,2.11416,1.78983e+08,3.784e+08,1000000000,0.473,473,0.8
8,0,13997599000000,230000,0.132478,7.54841,30.5344,4.29025e+06,1.31e+08,4000000000,0.03275,32.75,1
8,2,13997600000000,231000,0.132398,7.55297,8.77193,1.03968e+07,9.12e+07,1000000000,0.114,114,0.8
8,1,13997601000000,233000,0.13412,7.456,3.003,1.996e+08,5.994e+08,2000000000,0.333,333,0.9
8,0,13997602000000,237000,0.132498,7.54729,26.3158,5.776e+06,1.52e+08,4000000000,0.038,38,1
8,2,13997603000000,238000,0.133933,7.46643,2.1097,1.79741e+08,3.792e+08,1000000000,0.474,474,0.8
8,0,13997604000000,238529,0.134248,7.44891,3.62329,3.04687e+08,1.10397e+09,4000000000,0.275992,36.5,1
8,2,13997605000000,238529,0.134248,7.44891,0,-nan,-nan,1000000000,-nan,0,0.8
8,1,13997606000000,238529,0.134248,7.44891,0,-nan,-nan,2000000000,-nan,0,0.9
8,1,13997607000000,238529,0.134248,7.44891,0,-nan,-nan,2000000000,-nan,0,0.9
8,1,13997608000000,238529,0.134248,7.44891,0,-nan,-nan,2000000000,-nan,0,0.9
8,1,13997609000000,238529,0.134248,7.44891,0,-nan,-nan,2000000000,-nan,0,0.9
8,1,13997610000000,238529,0.134248,7.44891,0,-nan,-nan,2000000000,-nan,0,0.9
8,1,13997611000000,238529,0.134248,7.44891,0,-nan,-nan,2000000000,-nan,0,0.9
8,1,13997612000000,238529,0.134248,7.44891,0,-nan,-nan,2000000000,-nan,0,0.9
8,1,13997613000000,238529,0.134248,7.44891,0,-nan,-nan,2000000000,-nan,0,0.9
9,2,13997501000000,1000,0.019,52.6316,52.6316,288800,1.52e+07,1000000000,0.019,19,0.8
9,0,13997502000000,5000,0.1236,8.09061,6.6778,8.97002e+07,5.99e+08,4000000000,0.14975,149.75,1
9,1,13997503000000,7000,0.109429,9.13838,13.5135,9.8568e+06,1.332e+08,2000000000,0.074,74,0.9
9,2,13997504000000,8000,0.16275,6.14439,1.86567,2.29837e+08,4.288e+08,1000000000,0.536,536,0.8
9,0,13997505000000,12000,0.126083,7.93126,18.9573,1.11302e+07,2.11e+08,4000000000,0.05275,52.75,1
9,2,13997506000000,13000,0.119231,8.3871,27.027,1.0952e+06,2.96e+07,1000000000,0.037,37,0.8
9,1,13997507000000,15000,0.168667,5.92885,2.04082,4.3218e+08,8.82e+08,2000000000,0.49,490,0.9
9,0,13997508000000,19000,0.139368,7.17523,33.8983,3.481e+06,1.18e+08,4000000000,0.0295,29.5,1
9,2,13997509000000,20000,0.13615,7.34484,13.3333,4.5e+06,6e+07,1000000000,0.075,75,0.8
9,2,13997510000000,21000,0.154952,6.4536,1.88324,2.25569e+08,4.248e+08,1000000000,0.531,531,0.8
9,1,13997511000000,23000,0.148609,6.72908,12.1951,1.21032e+07,1.476e+08,2000000000,0.082,82,0.9
9,2,13997512000000,24000,0.153292,6.52351,3.83142,5.44968e+07,2.088e+08,1000000000,0.261,261,0.8
9,1,13997513000000,26000,0.154846,6.45802,5.76369,5.4184e+07,3.123e+08,2000000000,0.1735,173.5,0.9
9,2,13997514000000,27000,0.155037,6.45007,6.25,2.048e+07,1.28e+08,1000000000,0.16,160,0.8
9,1,13997515000000,29000,0.165172,6.05428,3.31126,1.64167e+08,5.436e+08,2000000000,0.302,302,0.9
9,1,13997516000000,31000,0.159806,6.25757,12.1951,1.21032e+07,1.476e+08,2000000000,0.082,82,0.9
9,2,13997517000000,32000,0.157594,6.34543,11.236,6.3368e+06,7.12e+07,1000000000,0.089,89,0.8
9,1,13997518000000,34000,0.163471,6.11731,3.8835,1.19351e+08,4.635e+08,2000000000,0.2575,257.5,0.9
9,0,13997519000000,38000,0.150579,6.64103,24.3902,6.724e+06,1.64e+08,4000000000,0.041,41,1
9,2,13997520000000,39000,0.158179,6.32193,2.23714,1.59847e+08,3.576e+08,1000000000,0.447,447,0.8
9,0,13997521000000,43000,0.147302,6.78876,24.2424,6.80625e+06,1.65e+08,4000000000,0.04125,41.25,1
9,2,13997522000000,44000,0.1475,6.77966,6.41026,1.94688e+07,1.248e+08,1000000000,0.156,156,0.8
9,1,13997523000000,46000,0.154304,6.4807,3.28947,1.66349e+08,5.472e+08,2000000000,0.304,304,0.9
9,0,13997524000000,50000,0.14468,6.91181,29.4118,4.624e+06,1.36e+08,4000000000,0.034,34,1
9,2,13997525000000,51000,0.145941,6.85208,4.78469,3.49448e+07,1.672e+08,1000000000,0.209,209,0.8
9,0,13997526000000,55000,0.143164,6.98501,9.28074,4.64402e+07,4.31e+08,4000000000,0.10775,107.75,1
9,2,13997527000000,56000,0.142714,7.00701,8.47458,1.11392e+07,9.44e+07,1000000000,0.118,118,0.8
9,1,13997528000000,58000,0.148793,6.72074,3.1348,1.8317e+08,5.742e+08,2000000000,0.319,319,0.9
9,0,13997529000000,62000,0.141839,7.05026,24.3902,6.724e+06,1.64e+08,4000000000,0.041,41,1
9,2,13997530000000,63000,0.140762,7.10419,13.5135,4.3808e+06,5.92e+07,1000000000,0.074,74,0.8
9,0,13997531000000,67000,0.140448,7.12009,7.38007,7.3441e+07,5.42e+08,4000000000,0.1355,135.5,1
9,2,13997532000000,68000,0.140618,7.11148,6.57895,1.84832e+07,1.216e+08,1000000000,0.152,152,0.8
9,1,13997533000000,70000,0.145286,6.88299,3.28947,1.66349e+08,5.472e+08,2000000000,0.304,304,0.9
9,0,13997534000000,74000,0.13927,7.18028,29.4118,4.624e+06,1.36e+08,4000000000,0.034,34,1
9,2,13997535000000,75000,0.137413,7.27731,0,0,0,1000000000,0,0,0.8
9,0,13997536000000,79000,0.138405,7.22517,6.36943,9.8596e+07,6.28e+08,4000000000,0.157,157,1
9,2,13997537000000,80000,0.1381,7.24113,8.77193,1.03968e+07,9.12e+07,1000000000,0.114,114,0.8
9,1,13997538000000,82000,0.142902,6.99778,2.98507,2.02005e+08,6.03e+08,2000000000,0.335,335,0.9
9,0,13997539000000,86000,0.137698,7.26229,32.2581,3.844e+06,1.24e+08,4000000000,0.031,31,1
9,2,13997540000000,87000,0.136115,7.34673,0,0,0,1000000000,0,0,0.8
9,0,13997541000000,91000,0.136989,7.29986,6.41026,9.7344e+07,6.24e+08,4000000000,0.156,156,1
9,2,13997542000000,92000,0.136783,7.31087,8.47458,1.11392e+07,9.44e+07,1000000000,0.118,118,0.8
9,1,13997543000000,94000,0.140989,7.09273,2.98954,2.01402e+08,6.021e+08,2000000000,0.3345,334.5,0.9
9,0,13997544000000,98000,0.13651,7.32546,32,3.90625e+06,1.25e+08,4000000000,0.03125,31.25,1
9,2,13997545000000,99000,0.135131,7.40021,0,0,0,1000000000,0,0,0.8
9,0,13997546000000,103000,0.135942,7.35609,6.41026,9.7344e+07,6.24e+08,4000000000,0.156,156,1
9,2,13997547000000,104000,0.135769,7.36544,8.47458,1.11392e+07,9.44e+07,1000000000,0.118,118,0.8
9,1,13997548000000,106000,0.139519,7.16749,2.98954,2.01402e+08,6.021e+08,2000000000,0.3345,334.5,0.9
9,0,13997549000000,110000,0.134455,7.43746,4000,250,1e+06,4000000000,0.00025,0.25,1
9,2,13997550000000,111000,0.134198,7.45166,9.43396,8.9888e+06,8.48e+07,1000000000,0.106,106,0.8
9,0,13997551000000,115000,0.135148,7.39931,6.19195,1.04329e+08,6.46e+08,4000000000,0.1615,161.5,1
9,2,13997552000000,116000,0.134966,7.4093,8.77193,1.03968e+07,9.12e+07,1000000000,0.114,114,0.8
9,1,13997553000000,118000,0.13728,7.2844,3.68324,1.32682e+08,4.887e+08,2000000000,0.2715,271.5,0.9
9,0,13997554000000,122000,0.133738,7.47732,34.188,3.42225e+06,1.17e+08,4000000000,0.02925,29.25,1
9,2,13997555000000,123000,0.133659,7.48175,8.06452,1.23008e+07,9.92e+07,1000000000,0.124,124,0.8
9,0,13997556000000,127000,0.137465,7.2746,3.92927,2.59081e+08,1.018e+09,4000000000,0.2545,254.5,1
9,1,13997557000000,129000,0.136163,7.34415,18.6916,5.15205e+06,9.63e+07,2000000000,0.0535,53.5,0.9
9,2,13997558000000,130000,0.137238,7.28659,3.62319,6.09408e+07,2.208e+08,1000000000,0.276,276,0.8
9,0,13997559000000,134000,0.135657,7.37155,11.8694,2.83922e+07,3.37e+08,4000000000,0.08425,84.25,1
9,2,13997560000000,135000,0.135526,7.37866,8.47458,1.11392e+07,9.44e+07,1000000000,0.118,118,0.8
9,0,13997561000000,139000,0.136388,7.332,6.0423,1.09561e+08,6.62e+08,4000000000,0.1655,165.5,1
9,1,13997562000000,141000,0.135348,7.38839,15.873,7.1442e+06,1.134e+08,2000000000,0.063,63,0.9
9,2,13997563000000,142000,0.136887,7.30528,2.82486,1.00253e+08,2.832e+08,1000000000,0.354,354,0.8
9,0,13997564000000,146000,0.135137,7.3999,13.6986,2.1316e+07,2.92e+08,4000000000,0.073,73,1
9,2,13997565000000,147000,0.135252,7.39362,6.57895,1.84832e+07,1.216e+08,1000000000,0.152,152,0.8
9,1,13997566000000,149000,0.13749,7.27326,3.31126,1.64167e+08,5.436e+08,2000000000,0.302,302,0.9
9,0,13997567000000,153000,0.13468,7.42502,33.3333,3.6e+06,1.2e+08,4000000000,0.03,30,1
9,2,13997568000000,154000,0.136617,7.31974,2.30947,1.49991e+08,3.464e+08,1000000000,0.433,433,0.8
9,0,13997569000000,158000,0.13462,7.4283,17.316,1.33402e+07,2.31e+08,4000000000,0.05775,57.75,1
9,2,13997570000000,159000,0.13439,7.44103,10.2041,7.6832e+06,7.84e+07,1000000000,0.098,98,0.8
9,1,13997571000000,161000,0.136758,7.3122,3.07692,1.90125e+08,5.85e+08,2000000000,0.325,325,0.9
9,0,13997572000000,165000,0.134376,7.44182,25.974,5.929e+06,1.54e+08,4000000000,0.0385,38.5,1
9,2,13997573000000,166000,0.136428,7.32989,2.10526,1.805e+08,3.8e+08,1000000000,0.475,475,0.8
9,0,13997574000000,170000,0.134035,7.46072,28.777,4.83025e+06,1.39e+08,4000000000,0.03475,34.75,1
9,2,13997575000000,171000,0.133942,7.46594,8.47458,1.11392e+07,9.44e+07,1000000000,0.118,118,0.8
9,1,13997576000000,173000,0.13615,7.34482,3.07692,1.90125e+08,5.85e+08,2000000000,0.325,325,0.9
9,0,13997577000000,177000,0.133887,7.46898,27.7778,5.184e+06,1.44e+08,4000000000,0.036,36,1
9,2,13997578000000,178000,0.135775,7.36511,2.12766,1.7672e+08,3.76e+08,1000000000,0.47,470,0.8
9,0,13997579000000,182000,0.133681,7.48048,24.6914,6.561e+06,1.62e+08,4000000000,0.0405,40.5,1
9,2,13997580000000,183000,0.133596,7.48527,8.47458,1.11392e+07,9.44e+07,1000000000,0.118,118,0.8
9,1,13997581000000,185000,0.135708,7.36876,3.03951,1.94834e+08,5.922e+08,2000000000,0.329,329,0.9
9,0,13997582000000,189000,0.133577,7.48633,28.5714,4.9e+06,1.4e+08,4000000000,0.035,35,1
9,2,13997583000000,190000,0.135305,7.3907,2.1645,1.70755e+08,3.696e+08,1000000000,0.462,462,0.8
9,0,13997584000000,194000,0.133309,7.50135,25.974,5.929e+06,1.54e+08,4000000000,0.0385,38.5,1
9,2,13997585000000,195000,0.13321,7.50693,8.77193,1.03968e+07,9.12e+07,1000000000,0.114,114,0.8
9,1,13997586000000,197000,0.135239,7.39434,3.003,1.996e+08,5.994e+08,2000000000,0.333,333,0.9
9,0,13997587000000,201000,0.133303,7.50168,26.3158,5.776e+06,1.52e+08,4000000000,0.038,38,1
9,2,13997588000000,202000,0.13496,7.40958,2.13675,1.75219e+08,3.744e+08,1000000000,0.468,468,0.8
9,0,13997589000000,206000,0.133,7.5188,29.4118,4.624e+06,1.36e+08,4000000000,0.034,34,1
9,2,13997590000000,207000,0.132908,7.52399,8.77193,1.03968e+07,9.12e+07,1000000000,0.114,114,0.8
9,1,13997591000000,209000,0.134823,7.41713,3.003,1.996e+08,5.994e+08,2000000000,0.333,333,0.9
9,0,13997592000000,213000,0.133005,7.51853,26.3158,5.776e+06,1.52e+08,4000000000,0.038,38,1
9,2,13997593000000,214000,0.134593,7.42978,2.11416,1.78983e+08,3.784e+08,1000000000,0.473,473,0.8
9,0,13997594000000,218000,0.132725,7.53439,30.5344,4.29025e+06,1.31e+08,4000000000,0.03275,32.75,1
9,2,13997595000000,219000,0.132639,7.53925,8.77193,1.03968e+07,9.12e+07,1000000000,0.114,114,0.8
9,1,13997596000000,221000,0.134452,7.43757,3.003,1.996e+08,5.994e+08,2000000000,0.333,333,0.9
9,0,13997597000000,225000,0.132738,7.53365,26.3158,5.776e+06,1.52e+08,4000000000,0.038,38,1
9,2,13997598000000,226000,0.134243,7.44916,2.11416,1.78983e+08,3.784e+08,1000000000,0.473,473,0.8
9,0,13997599000000,230000,0.132478,7.54841,30.5344,4.29025e+06,1.31e+08,4000000000,0.03275,32.75,1
9,2,13997600000000,231000,0.132398,7.55297,8.77193,1.03968e+07,9.12e+07,1000000000,0.114,114,0.8
9,1,13997601000000,233000,0.13412,7.456,3.003,1.996e+08,5.994e+08,2000000000,0.333,333,0.9
9,0,13997602000000,237000,0.132498,7.54729,26.3158,5.776e+06,1.52e+08,4000000000,0.038,38,1
9,2,13997603000000,238000,0.133933,7.46643,2.1097,1.79741e+08,3.792e+08,1000000000,0.474,474,0.8
9,0,13997604000000,238529,0.134248,7.44891,3.62329,3.04687e+08,1.10397e+09,4000000000,0.275992,36.5,1
9,2,13997605000000,238529,0.134248,7.44891,0,-nan,-nan,1000000000,-nan,0,0.8
9,1,13997606000000,238529,0.134248,7.44891,0,-nan,-nan,2000000000,-nan,0,0.9
9,1,13997607000000,238529,0.134248,7.44891,0,-nan,-nan,2000000000,-nan,0,0.9
9,1,13997608000000,238529,0.134248,7.44891,0,-nan,-nan,2000000000,-nan,0,0.9
9,1,13997609000000,238529,0.134248,7.44891,0,-nan,-nan,2000000000,-nan,0,0.9
9,1,13997610000000,238529,0.134248,7.44891,0,-nan,-nan,2000000000,-nan,0,0.9
9,1,13997611000000,238529,0.134248,7.44891,0,-nan,-nan,2000000000,-nan,0,0.9
9,1,13997612000000,238529,0.134248,7.44891,0,-nan,-nan,2000000000,-nan,0,0.9
9,1,13997613000000,238529,0.134248,7.44891,0,-nan,-nan,2000000000,-nan,0,0.9
10,2,13997501000000,1000,0.019,52.6316,52.6316,288800,1.52e+07,1000000000,0.019,19,0.8
10,0,13997502000000,5000,0.1236,8.09061,6.6778,8.97002e+07,5.99e+08,4000000000,0.14975,149.75,1
10,1,13997503000000,7000,0.109429,9.13838,13.5135,9.8568e+06,1.332e+08,2000000000,0.074,74,0.9
10,2,13997504000000,8000,0.16275,6.14439,1.86567,2.29837e+08,4.288e+08,1000000000,0.536,536,0.8
10,0,13997505000000,12000,0.126083,7.93126,18.9573,1.11302e+07,2.11e+08,4000000000,0.05275,52.75,1
10,2,13997506000000,13000,0.119231,8.3871,27.027,1.0952e+06,2.96e+07,1000000000,0.037,37,0.8
10,1,13997507000000,15000,0.168667,5.92885,2.04082,4.3218e+08,8.82e+08,2000000000,0.49,490,0.9
10,0,13997508000000,19000,0.139368,7.17523,33.8983,3.481e+06,1.18e+08,4000000000,0.0295,29.5,1
10,2,13997509000000,20000,0.13615,7.34484,13.3333,4.5e+06,6e+07,1000000000,0.075,75,0.8
10,2,13997510000000,21000,0.154952,6.4536,1.88324,2.25569e+08,4.248e+08,1000000000,0.531,531,0.8
10,1,13997511000000,23000,0.148609,6.72908,12.1951,1.21032e+07,1.476e+08,2000000000,0.082,82,0.9
10,2,13997512000000,24000,0.153292,6.52351,3.83142,5.44968e+07,2.088e+08,1000000000,0.261,261,0.8
10,1,13997513000000,26000,0.154846,6.45802,5.76369,5.4184e+07,3.123e+08,2000000000,0.1735,173.5,0.9
10,2,13997514000000,27000,0.155037,6.45007,6.25,2.048e+07,1.28e+08,1000000000,0.16,160,0.8
10,1,13997515000000,29000,0.165172,6.05428,3.31126,1.64167e+08,5.436e+08,2000000000,0.302,302,0.9
10,1,13997516000000,31000,0.159806,6.25757,12.1951,1.21032e+07,1.476e+08,2000000000,0.082,82,0.9
10,2,13997517000000,32000,0.157594,6.34543,11.236,6.3368e+06,7.12e+07,1000000000,0.089,89,0.8
10,1,13997518000000,34000,0.163471,6.11731,3.8835,1.19351e+08,4.635e+08,2000000000,0.2575,257.5,0.9
10,0,13997519000000,38000,0.150579,6.64103,24.3902,6.724e+06,1.64e+08,4000000000,0.041,41,1
10,2,13997520000000,39000,0.158179,6.32193,2.23714,1.59847e+08,3.576e+08,1000000000,0.447,447,0.8
10,0,13997521000000,43000,0.147302,6.78876,24.2424,6.80625e+06,1.65e+08,4000000000,0.04125,41.25,1
10,2,13997522000000,44000,0.1475,6.77966,6.41026,1.94688e+07,1.248e+08,1000000000,0.156,156,0.8
10,1,13997523000000,46000,0.154304,6.4807,3.28947,1.66349e+08,5.472e+08,2000000000,0.304,304,0.9
10,0,13997524000000,50000,0.14468,6.91181,29.4118,4.624e+06,1.36e+08,4000000000,0.034,34,1
10,2,13997525000000,51000,0.145941,6.85208,4.78469,3.49448e+07,1.672e+08,1000000000,0.209,209,0.8
10,0,13997526000000,55000,0.143164,6.98501,9.28074,4.64402e+07,4.31e+08,4000000000,0.10775,107.75,1
10,2,13997527000000,56000,0.142714,7.00701,8.47458,1.11392e+07,9.44e+07,1000000000,0.118,118,0.8
10,1,13997528000000,58000,0.148793,6.72074,3.1348,1.8317e+08,5.742e+08,2000000000,0.319,319,0.9
10,0,13997529000000,62000,0.141839,7.05026,24.3902,6.724e+06,1.64e+08,4000000000,0.041,41,1
10,2,13997530000000,63000,0.140762,7.10419,13.5135,4.3808e+06,5.92e+07,1000000000,0.074,74,0.8
10,0,13997531000000,67000,0.140448,7.12009,7.38007,7.3441e+07,5.42e+08,4000000000,0.1355,135.5,1
10,2,13997532000000,68000,0.140618,7.11148,6.57895,1.84832e+07,1.216e+08,1000000000,0.152,152,0.8
10,1,13997533000000,70000,0.145286,6.88299,3.28947,1.66349e+08,5.472e+08,2000000000,0.304,304,0.9
10,0,13997534000000,74000,0.13927,7.18028,29.4118,4.624e+06,1.36e+08,4000000000,0.034,34,1
10,2,13997535000000,75000,0.137413,7.27731,0,0,0,1000000000,0,0,0.8
10,0,13997536000000,79000,0.138405,7.22517,6.36943,9.8596e+07,6.28e+08,4000000000,0.157,157,1
10,2,13997537000000,80000,0.1381,7.24113,8.77193,1.03968e+07,9.12e+07,1000000000,0.114,114,0.8
10,1,13997538000000,82000,0.142902,6.99778,2.98507,2.02005e+08,6.03e+08,2000000000,0.335,335,0.9
10,0,13997539000000,86000,0.137698,7.26229,32.2581,3.844e+06,1.24e+08,4000000000,0.031,31,1
10,2,13997540000000,87000,0.136115,7.34673,0,0,0,1000000000,0,0,0.8
10,0,13997541000000,91000,0.136989,7.29986,6.41026,9.7344e+07,6.24e+08,4000000000,0.156,156,1
10,2,13997542000000,92000,0.136783,7.31087,8.47458,1.11392e+07,9.44e+07,1000000000,0.118,118,0.8
10,1,13997543000000,94000,0.140989,7.09273,2.98954,2.01402e+08,6.021e+08,2000000000,0.3345,334.5,0.9
10,0,13997544000000,98000,0.13651,7.32546,32,3.90625e+06,1.25e+08,4000000000,0.03125,31.25,1
10,2,13997545000000,99000,0.135131,7.40021,0,0,0,1000000000,0,0,0.8
10,0,13997546000000,103000,0.135942,7.35609,6.41026,9.7344e+07,6.24e+08,4000000000,0.156,156,1
10,2,13997547000000,104000,0.135769,7.36544,8.47458,1.11392e+07,9.44e+07,1000000000,0.118,118,0.8
10,1,13997548000000,106000,0.139519,7.16749,2.98954,2.01402e+08,6.021e+08,2000000000,0.3345,334.5,0.9
10,0,13997549000000,110000,0.134455,7.43746,4000,250,1e+06,4000000000,0.00025,0.25,1
10,2,13997550000000,111000,0.134198,7.45166,9.43396,8.9888e+06,8.48e+07,1000000000,0.106,106,0.8
10,0,13997551000000,115000,0.135148,7.39931,6.19195,1.04329e+08,6.46e+08,4000000000,0.1615,161.5,1
10,2,13997552000000,116000,0.134966,7.4093,8.77193,1.03968e+07,9.12e+07,1000000000,0.114,114,0.8
10,1,13997553000000,118000,0.13728,7.2844,3.68324,1.32682e+08,4.887e+08,2000000000,0.2715,271.5,0.9
10,0,13997554000000,122000,0.133738,7.47732,34.188,3.42225e+06,1.17e+08,4000000000,0.02925,29.25,1
10,2,13997555000000,123000,0.133659,7.48175,8.06452,1.23008e+07,9.92e+07,1000000000,0.124,124,0.8
10,0,13997556000000,127000,0.137465,7.2746,3.92927,2.59081e+08,1.018e+09,4000000000,0.2545,254.5,1
10,1,13997557000000,129000,0.136163,7.34415,18.6916,5.15205e+06,9.63e+07,2000000000,0.0535,53.5,0.9
10,2,13997558000000,130000,0.137238,7.28659,3.62319,6.09408e+07,2.208e+08,1000000000,0.276,276,0.8
10,0,13997559000000,134000,0.135657,7.37155,11.8694,2.83922e+07,3.37e+08,4000000000,0.08425,84.25,1
10,2,13997560000000,135000,0.135526,7.37866,8.47458,1.11392e+07,9.44e+07,1000000000,0.118,118,0.8
10,0,13997561000000,139000,0.136388,7.332,6.0423,1.09561e+08,6.62e+08,4000000000,0.1655,165.5,1
10,1,13997562000000,141000,0.135348,7.38839,15.873,7.1442e+06,1.134e+08,2000000000,0.063,63,0.9
10,2,13997563000000,142000,0.136887,7.30528,2.82486,1.00253e+08,2.832e+08,1000000000,0.354,354,0.8
10,0,13997564000000,146000,0.135137,7.3999,13.6986,2.1316e+07,2.92e+08,4000000000,0.073,73,1
10,2,13997565000000,147000,0.135252,7.39362,6.57895,1.84832e+07,1.216e+08,1000000000,0.152,152,0.8
10,1,13997566000000,149000,0.13749,7.27326,3.31126,1.64167e+08,5.436e+08,2000000000,0.302,302,0.9
10,0,13997567000000,153000,0.13468,7.42502,33.3333,3.6e+06,1.2e+08,4000000000,0.03,30,1
10,2,13997568000000,154000,0.136617,7.31974,2.30947,1.49991e+08,3.464e+08,1000000000,0.433,433,0.8
10,0,13997569000000,158000,0.13462,7.4283,17.316,1.33402e+07,2.31e+08,4000000000,0.05775,57.75,1
10,2,13997570000000,159000,0.13439,7.44103,10.2041,7.6832e+06,7.84e+07,1000000000,0.098,98,0.8
10,1,13997571000000,161000,0.136758,7.3122,3.07692,1.90125e+08,5.85e+08,2000000000,0.325,325,0.9
10,0,13997572000000,165000,0.134376,7.44182,25.974,5.929e+06,1.54e+08,4000000000,0.0385,38.5,1
10,2,13997573000000,166000,0.136428,7.32989,2.10526,1.805e+08,3.8e+08,1000000000,0.475,475,0.8
10,0,13997574000000,170000,0.134035,7.46072,28.777,4.83025e+06,1.39e+08,4000000000,0.03475,34.75,1
10,2,13997575000000,171000,0.133942,7.46594,8.47458,1.11392e+07,9.44e+07,1000000000,0.118,118,0.8
10,1,13997576000000,173000,0.13615,7.34482,3.07692,1.90125e+08,5.85e+08,2000000000,0.325,325,0.9
10,0,13997577000000,177000,0.133887,7.46898,27.7778,5.184e+06,1.44e+08,4000000000,0.036,36,1
10,2,13997578000000,178000,0.135775,7.36511,2.12766,1.7672e+08,3.76e+08,1000000000,0.47,470,0.8
10,0,13997579000000,182000,0.133681,7.48048,24.6914,6.561e+06,1.62e+08,4000000000,0.0405,40.5,1
10,2,13997580000000,183000,0.133596,7.48527,8.47458,1.11392e+07,9.44e+07,1000000000,0.118,118,0.8
10,1,13997581000000,185000,0.135708,7.36876,3.03951,1.94834e+08,5.922e+08,2000000000,0.329,329,0.9
10,0,13997582000000,189000,0.133577,7.48633,28.5714,4.9e+06,1.4e+08,4000000000,0.035,35,1
10,2,13997583000000,190000,0.135305,7.3907,2.1645,1.70755e+08,3.696e+08,1000000000,0.462,462,0.8
10,0,13997584000000,194000,0.133309,7.50135,25.974,5.929e+06,1.54e+08,4000000000,0.0385,38.5,1
10,2,13997585000000,195000,0.13321,7.50693,8.77193,1.03968e+07,9.12e+07,1000000000,0.114,114,0.8
10,1,13997586000000,197000,0.135239,7.39434,3.003,1.996e+08,5.994e+08,2000000000,0.333,333,0.9
10,0,13997587000000,201000,0.133303,7.50168,26.3158,5.776e+06,1.52e+08,4000000000,0.038,38,1
10,2,13997588000000,202000,0.13496,7.40958,2.13675,1.75219e+08,3.744e+08,1000000000,0.468,468,0.8
10,0,13997589000000,206000,0.133,7.5188,29.4118,4.624e+06,1.36e+08,4000000000,0.034,34,1
10,2,13997590000000,207000,0.132908,7.52399,8.77193,1.03968e+07,9.12e+07,1000000000,0.114,114,0.8
10,1,13997591000000,209000,0.134823,7.41713,3.003,1.996e+08,5.994e+08,2000000000,0.333,333,0.9
10,0,13997592000000,213000,0.133005,7.51853,26.3158,5.776e+06,1.52e+08,4000000000,0.038,38,1
10,2,13997593000000,214000,0.134593,7.42978,2.11416,1.78983e+08,3.784e+08,1000000000,0.473,473,0.8
10,0,13997594000000,218000,0.132725,7.53439,30.5344,4.29025e+06,1.31e+08,4000000000,0.03275,32.75,1
10,2,13997595000000,219000,0.132639,7.53925,8.77193,1.03968e+07,9.12e+07,1000000000,0.114,114,0.8
10,1,13997596000000,221000,0.134452,7.43757,3.003,1.996e+08,5.994e+08,2000000000,0.333,333,0.9
10,0,13997597000000,225000,0.132738,7.53365,26.3158,5.776e+06,1.52e+08,4000000000,0.038,38,1
10,2,13997598000000,226000,0.134243,7.44916,2.11416,1.78983e+08,3.784e+08,1000000000,0.473,473,0.8
10,0,13997599000000,230000,0.132478,7.54841,30.5344,4.29025e+06,1.31e+08,4000000000,0.03275,32.75,1
10,2,13997600000000,231000,0.132398,7.55297,8.77193,1.03968e+07,9.12e+07,1000000000,0.114,114,0.8
10,1,13997601000000,233000,0.13412,7.456,3.003,1.996e+08,5.994e+08,2000000000,0.333,333,0.9
10,0,13997602000000,237000,0.132498,7.54729,26.3158,5.776e+06,1.52e+08,4000000000,0.038,38,1
10,2,13997603000000,238000,0.133933,7.46643,2.1097,1.79741e+08,3.792e+08,1000000000,0.474,474,0.8
10,0,13997604000000,238529,0.134248,7.44891,3.62329,3.04687e+08,1.10397e+09,4000000000,0.275992,36.5,1
10,2,13997605000000,238529,0.134248,7.44891,0,-nan,-nan,1000000000,-nan,0,0.8
10,1,13997606000000,238529,0.134248,7.44891,0,-nan,-nan,2000000000,-nan,0,0.9
10,1,13997607000000,238529,0.134248,7.44891,0,-nan,-nan,2000000000,-nan,0,0.9
10,1,13997608000000,238529,0.134248,7.44891,0,-nan,-nan,2000000000,-nan,0,0.9
10,1,13997609000000,238529,0.134248,7.44891,0,-nan,-nan,2000000000,-nan,0,0.9
10,1,13997610000000,238529,0.134248,7.44891,0,-nan,-nan,2000000000,-nan,0,0.9
10,1,13997611000000,238529,0.134248,7.44891,0,-nan,-nan,2000000000,-nan,0,0.9
10,1,13997612000000,238529,0.134248,7.44891,0,-nan,-nan,2000000000,-nan,0,0.9
10,1,13997613000000,238529,0.134248,7.44891,0,-nan,-nan,2000000000,-nan,0,0.9
11,2,13997501000000,1000,0.019,52.6316,52.6316,288800,1.52e+07,1000000000,0.019,19,0.8
11,0,13997502000000,5000,0.1236,8.09061,6.6778,8.97002e+07,5.99e+08,4000000000,0.14975,149.75,1
11,1,13997503000000,7000,0.109429,9.13838,13.5135,9.8568e+06,1.332e+08,2000000000,0.074,74,0.9
11,2,13997504000000,8000,0.16275,6.14439,1.86567,2.29837e+08,4.288e+08,1000000000,0.536,536,0.8
11,0,13997505000000,12000,0.126083,7.93126,18.9573,1.11302e+07,2.11e+08,4000000000,0.05275,52.75,1
11,2,13997506000000,13000,0.119231,8.3871,27.027,1.0952e+06,2.96e+07,1000000000,0.037,37,0.8
11,1,13997507000000,15000,0.168667,5.92885,2.04082,4.3218e+08,8.82e+08,2000000000,0.49,490,0.9
11,0,13997508000000,19000,0.139368,7.17523,33.8983,3.481e+06,1.18e+08,4000000000,0.0295,29.5,1
11,2,13997509000000,20000,0.13615,7.34484,13.3333,4.5e+06,6e+07,1000000000,0.075,75,0.8
11,2,13997510000000,21000,0.154952,6.4536,1.88324,2.25569e+08,4.248e+08,1000000000,0.531,531,0.8
11,1,13997511000000,23000,0.148609,6.72908,12.1951,1.21032e+07,1.476e+08,2000000000,0.082,82,0.9
11,2,13997512000000,24000,0.153292,6.52351,3.83142,5.44968e+07,2.088e+08,1000000000,0.261,261,0.8
11,1,13997513000000,26000,0.154846,6.45802,5.76369,5.4184e+07,3.123e+08,2000000000,0.1735,173.5,0.9
11,2,13997514000000,27000,0.155037,6.45007,6.25,2.048e+07,1.28e+08,1000000000,0.16,160,0.8
11,1,13997515000000,29000,0.165172,6.05428,3.31126,1.64167e+08,5.436e+08,2000000000,0.302,302,0.9
11,1,13997516000000,31000,0.159806,6.25757,12.1951,1.21032e+07,1.476e+08,2000000000,0.082,82,0.9
11,2,13997517000000,32000,0.157594,6.34543,11.236,6.3368e+06,7.12e+07,1000000000,0.089,89,0.8
11,1,13997518000000,34000,0.163471,6.11731,3.8835,1.19351e+08,4.635e+08,2000000000,0.2575,257.5,0.9
11,0,13997519000000,38000,0.150579,6.64103,24.3902,6.724e+06,1.64e+08,4000000000,0.041,41,1
11,2,13997520000000,39000,0.158179,6.32193,2.23714,1.59847e+08,3.576e+08,1000000000,0.447,447,0.8
11,0,13997521000000,43000,0.147302,6.78876,24.2424,6.80625e+06,1.65e+08,4000000000,0.04125,41.25,1
11,2,13997522000000,44000,0.1475,6.77966,6.41026,1.94688e+07,1.248e+08,1000000000,0.156,156,0.8
11,1,13997523000000,46000,0.154304,6.4807,3.28947,1.66349e+08,5.472e+08,2000000000,0.304,304,0.9
11,0,13997524000000,50000,0.14468,6.91181,29.4118,4.624e+06,1.36e+08,4000000000,0.034,34,1
11,2,13997525000000,51000,0.145941,6.85208,4.78469,3.49448e+07,1.672e+08,1000000000,0.209,209,0.8
11,0,13997526000000,55000,0.143164,6.98501,9.28074,4.64402e+07,4.31e+08,4000000000,0.10775,107.75,1
11,2,13997527000000,56000,0.142714,7.00701,8.47458,1.11392e+07,9.44e+07,1000000000,0.118,118,0.8
11,1,13997528000000,58000,0.148793,6.72074,3.1348,1.8317e+08,5.742e+08,2000000000,0.319,319,0.9
11,0,13997529000000,62000,0.141839,7.05026,24.3902,6.724e+06,1.64e+08,4000000000,0.041,41,1
11,2,13997530000000,63000,0.140762,7.10419,13.5135,4.3808e+06,5.92e+07,1000000000,0.074,74,0.8
11,0,13997531000000,67000,0.140448,7.12009,7.38007,7.3441e+07,5.42e+08,4000000000,0.1355,135.5,1
11,2,13997532000000,68000,0.140618,7.11148,6.57895,1.84832e+07,1.216e+08,1000000000,0.152,152,0.8
11,1,13997533000000,70000,0.145286,6.88299,3.28947,1.66349e+08,5.472e+08,2000000000,0.304,304,0.9
11,0,13997534000000,74000,0.13927,7.18028,29.4118,4.624e+06,1.36e+08,4000000000,0.034,34,1
11,2,13997535000000,75000,0.137413,7.27731,0,0,0,1000000000,0,0,0.8
11,0,13997536000000,79000,0.138405,7.22517,6.36943,9.8596e+07,6.28e+08,4000000000,0.157,157,1
11,2,13997537000000,80000,0.1381,7.24113,8.77193,1.03968e+07,9.12e+07,1000000000,0.114,114,0.8
11,1,13997538000000,82000,0.142902,6.99778,2.98507,2.02005e+08,6.03e+08,2000000000,0.335,335,0.9
11,0,13997539000000,86000,0.137698,7.26229,32.2581,3.844e+06,1.24e+08,4000000000,0.031,31,1
11,2,13997540000000,87000,0.136115,7.34673,0,0,0,1000000000,0,0,0.8
11,0,13997541000000,91000,0.136989,7.29986,6.41026,9.7344e+07,6.24e+08,4000000000,0.156,156,1
11,2,13997542000000,92000,0.136783,7.31087,8.47458,1.11392e+07,9.44e+07,1000000000,0.118,118,0.8
11,1,13997543000000,94000,0.140989,7.09273,2.98954,2.01402e+08,6.021e+08,2000000000,0.3345,334.5,0.9
11,0,13997544000000,98000,0.13651,7.32546,32,3.90625e+06,1.25e+08,4000000000,0.03125,31.25,1
11,2,13997545000000,99000,0.135131,7.40021,0,0,0,1000000000,0,0,0.8
11,0,13997546000000,103000,0.135942,7.35609,6.41026,9.7344e+07,6.24e+08,4000000000,0.156,156,1
11,2,13997547000000,104000,0.135769,7.36544,8.47458,1.11392e+07,9.44e+07,1000000000,0.118,118,0.8
11,1,13997548000000,106000,0.139519,7.16749,2.98954,2.01402e+08,6.021e+08,2000000000,0.3345,334.5,0.9
11,0,13997549000000,110000,0.134455,7.43746,4000,250,1e+06,4000000000,0.00025,0.25,1
11,2,13997550000000,111000,0.134198,7.45166,9.43396,8.9888e+06,8.48e+07,1000000000,0.106,106,0.8
11,0,13997551000000,115000,0.135148,7.39931,6.19195,1.04329e+08,6.46e+08,4000000000,0.1615,161.5,1
11,2,13997552000000,116000,0.134966,7.4093,8.77193,1.03968e+07,9.12e+07,1000000000,0.114,114,0.8
11,1,13997553000000,118000,0.13728,7.2844,3.68324,1.32682e+08,4.887e+08,2000000000,0.2715,271.5,0.9
11,0,13997554000000,122000,0.133738,7.47732,34.188,3.42225e+06,1.17e+08,4000000000,0.02925,29.25,1
11,2,13997555000000,123000,0.133659,7.48175,8.06452,1.23008e+07,9.92e+07,1000000000,0.124,124,0.8
11,0,13997556000000,127000,0.137465,7.2746,3.92927,2.59081e+08,1.018e+09,4000000000,0.2545,254.5,1
11,1,13997557000000,129000,0.136163,7.34415,18.6916,5.15205e+06,9.63e+07,2000000000,0.0535,53.5,0.9
11,2,13997558000000,130000,0.137238,7.28659,3.62319,6.09408e+07,2.208e+08,1000000000,0.276,276,0.8
11,0,13997559000000,134000,0.135657,7.37155,11.8694,2.83922e+07,3.37e+08,4000000000,0.08425,84.25,1
11,2,13997560000000,135000,0.135526,7.37866,8.47458,1.11392e+07,9.44e+07,1000000000,0.118,118,0.8
11,0,13997561000000,139000,0.136388,7.332,6.0423,1.09561e+08,6.62e+08,4000000000,0.1655,165.5,1
11,1,13997562000000,141000,0.135348,7.38839,15.873,7.1442e+06,1.134e+08,2000000000,0.063,63,0.9
11,2,13997563000000,142000,0.136887,7.30528,2.82486,1.00253e+08,2.832e+08,1000000000,0.354,354,0.8
11,0,13997564000000,146000,0.135137,7.3999,13.6986,2.1316e+07,2.92e+08,4000000000,0.073,73,1
11,2,13997565000000,147000,0.135252,7.39362,6.57895,1.84832e+07,1.216e+08,1000000000,0.152,152,0.8
11,1,13997566000000,149000,0.13749,7.27326,3.31126,1.64167e+08,5.436e+08,2000000000,0.302,302,0.9
11,0,13997567000000,153000,0.13468,7.42502,33.3333,3.6e+06,1.2e+08,4000000000,0.03,30,1
11,2,13997568000000,154000,0.136617,7.31974,2.30947,1.49991e+08,3.464e+08,1000000000,0.433,433,0.8
11,0,13997569000000,158000,0.13462,7.4283,17.316,1.33402e+07,2.31e+08,4000000000,0.05775,57.75,1
11,2,13997570000000,159000,0.13439,7.44103,10.2041,7.6832e+06,7.84e+07,1000000000,0.098,98,0.8
11,1,13997571000000,161000,0.136758,7.3122,3.07692,1.90125e+08,5.85e+08,2000000000,0.325,325,0.9
11,0,13997572000000,165000,0.134376,7.44182,25.974,5.929e+06,1.54e+08,4000000000,0.0385,38.5,1
11,2,13997573000000,166000,0.136428,7.32989,2.10526,1.805e+08,3.8e+08,1000000000,0.475,475,0.8
11,0,13997574000000,170000,0.134035,7.46072,28.777,4.83025e+06,1.39e+08,4000000000,0.03475,34.75,1
11,2,13997575000000,171000,0.133942,7.46594,8.47458,1.11392e+07,9.44e+07,1000000000,0.118,118,0.8
11,1,13997576000000,173000,0.13615,7.34482,3.07692,1.90125e+08,5.85e+08,2000000000,0.325,325,0.9
11,0,13997577000000,177000,0.133887,7.46898,27.7778,5.184e+06,1.44e+08,4000000000,0.036,36,1
11,2,13997578000000,178000,0.135775,7.36511,2.12766,1.7672e+08,3.76e+08,1000000000,0.47,470,0.8
11,0,13997579000000,182000,0.133681,7.48048,24.6914,6.561e+06,1.62e+08,4000000000,0.0405,40.5,1
11,2,13997580000000,183000,0.133596,7.48527,8.47458,1.11392e+07,9.44e+07,1000000000,0.118,118,0.8
11,1,13997581000000,185000,0.135708,7.36876,3.03951,1.94834e+08,5.922e+08,2000000000,0.329,329,0.9
11,0,13997582000000,189000,0.133577,7.48633,28.5714,4.9e+06,1.4e+08,4000000000,0.035,35,1
11,2,13997583000000,190000,0.135305,7.3907,2.1645,1.70755e+08,3.696e+08,1000000000,0.462,462,0.8
11,0,13997584000000,194000,0.133309,7.50135,25.974,5.929e+06,1.54e+08,4000000000,0.0385,38.5,1
11,2,13997585000000,195000,0.13321,7.50693,8.77193,1.03968e+07,9.12e+07,1000000000,0.114,114,0.8
11,1,13997586000000,197000,0.135239,7.39434,3.003,1.996e+08,5.994e+08,2000000000,0.333,333,0.9
11,0,13997587000000,201000,0.133303,7.50168,26.3158,5.776e+06,1.52e+08,4000000000,0.038,38,1
11,2,13997588000000,202000,0.13496,7.40958,2.13675,1.75219e+08,3.744e+08,1000000000,0.468,468,0.8
11,0,13997589000000,206000,0.133,7.5188,29.4118,4.624e+06,1.36e+08,4000000000,0.034,34,1
11,2,13997590000000,207000,0.132908,7.52399,8.77193,1.03968e+07,9.12e+07,1000000000,0.114,114,0.8
11,1,13997591000000,209000,0.134823,7.41713,3.003,1.996e+08,5.994e+08,2000000000,0.333,333,0.9
11,0,13997592000000,213000,0.133005,7.51853,26.3158,5.776e+06,1.52e+08,4000000000,0.038,38,1
11,2,13997593000000,214000,0.134593,7.42978,2.11416,1.78983e+08,3.784e+08,1000000000,0.473,473,0.8
11,0,13997594000000,218000,0.132725,7.53439,30.5344,4.29025e+06,1.31e+08,4000000000,0.03275,32.75,1
11,2,13997595000000,219000,0.132639,7.53925,8.77193,1.03968e+07,9.12e+07,1000000000,0.114,114,0.8
11,1,13997596000000,221000,0.134452,7.43757,3.003,1.996e+08,5.994e+08,2000000000,0.333,333,0.9
11,0,13997597000000,225000,0.132738,7.53365,26.3158,5.776e+06,1.52e+08,4000000000,0.038,38,1
11,2,13997598000000,226000,0.134243,7.44916,2.11416,1.78983e+08,3.784e+08,1000000000,0.473,473,0.8
11,0,13997599000000,230000,0.132478,7.54841,30.5344,4.29025e+06,1.31e+08,4000000000,0.03275,32.75,1
11,2,13997600000000,231000,0.132398,7.55297,8.77193,1.03968e+07,9.12e+07,1000000000,0.114,114,0.8
11,1,13997601000000,233000,0.13412,7.456,3.003,1.996e+08,5.994e+08,2000000000,0.333,333,0.9
11,0,13997602000000,237000,0.132498,7.54729,26.3158,5.776e+06,1.52e+08,4000000000,0.038,38,1
11,2,13997603000000,238000,0.133933,7.46643,2.1097,1.79741e+08,3.792e+08,1000000000,0.474,474,0.8
11,0,13997604000000,238529,0.134248,7.44891,3.62329,3.04687e+08,1.10397e+09,4000000000,0.275992,36.5,1
11,2,13997605000000,238529,0.134248,7.44891,0,-nan,-nan,1000000000,-nan,0,0.8
11,1,13997606000000,238529,0.134248,7.44891,0,-nan,-nan,2000000000,-nan,0,0.9
11,1,13997607000000,238529,0.134248,7.44891,0,-nan,-nan,2000000000,-nan,0,0.9
11,1,13997608000000,238529,0.134248,7.44891,0,-nan,-nan,2000000000,-nan,0,0.9
11,1,13997609000000,238529,0.134248,7.44891,0,-nan,-nan,2000000000,-nan,0,0.9
11,1,13997610000000,238529,0.134248,7.44891,0,-nan,-nan,2000000000,-nan,0,0.9
11,1,13997611000000,238529,0.134248,7.44891,0,-nan,-nan,2000000000,-nan,0,0.9
11,1,13997612000000,238529,0.134248,7.44891,0,-nan,-nan,2000000000,-nan,0,0.9
11,1,13997613000000,238529,0.134248,7.44891,0,-nan,-nan,2000000000,-nan,0,0.9
12,2,13997501000000,1000,0.308,3.24675,3.24675,7.58912e+07,2.464e+08,1000000000,0.308,308,0.8
12,0,13997502000000,5000,0.1208,8.27815,13.5135,2.1904e+07,2.96e+08,4000000000,0.074,74,1
12,1,13997503000000,7000,0.109714,9.11458,12.1951,1.21032e+07,1.476e+08,2000000000,0.082,82,0.9
12,2,13997504000000,8000,0.1715,5.8309,1.65563,2.91853e+08,4.832e+08,1000000000,0.604,604,0.8
12,0,13997505000000,12000,0.122,8.19672,43.4783,2.116e+06,9.2e+07,4000000000,0.023,23,1
12,2,13997506000000,13000,0.129154,7.7427,4.65116,3.698e+07,1.72e+08,1000000000,0.215,215,0.8
12,1,13997507000000,15000,0.143733,6.95733,4.19287,1.02388e+08,4.293e+08,2000000000,0.2385,238.5,0.9
12,0,13997508000000,19000,0.116632,8.57401,66.6667,900000,6e+07,4000000000,0.015,15,1
12,2,13997509000000,20000,0.1114,8.97666,83.3333,115200,9.6e+06,1000000000,0.012,12,0.8
12,2,13997510000000,21000,0.11181,8.94378,8.33333,1.152e+07,9.6e+07,1000000000,0.12,120,0.8
12,1,13997511000000,23000,0.102609,9.74576,166.667,64800,1.08e+07,2000000000,0.006,6,0.9
12,2,13997512000000,24000,0.103333,9.67742,8.33333,1.152e+07,9.6e+07,1000000000,0.12,120,0.8
12,1,13997513000000,26000,0.0958462,10.4334,166.667,64800,1.08e+07,2000000000,0.006,6,0.9
12,2,13997514000000,27000,0.0967407,10.3369,8.33333,1.152e+07,9.6e+07,1000000000,0.12,120,0.8
12,1,13997515000000,29000,0.0904828,11.0518,166.667,64800,1.08e+07,2000000000,0.006,6,0.9
12,1,13997516000000,31000,0.0874194,11.4391,23.2558,3.3282e+06,7.74e+07,2000000000,0.043,43,0.9
12,2,13997517000000,32000,0.088625,11.2835,7.93651,1.27008e+07,1.008e+08,1000000000,0.126,126,0.8
12,1,13997518000000,34000,0.100088,9.99118,3.52734,1.4467e+08,5.103e+08,2000000000,0.2835,283.5,0.9
12,0,13997519000000,38000,0.0931053,10.7405,29.6296,4.55625e+06,1.35e+08,4000000000,0.03375,33.75,1
12,2,13997520000000,39000,0.100615,9.93884,2.59067,1.19197e+08,3.088e+08,1000000000,0.386,386,0.8
12,0,13997521000000,43000,0.0969302,10.3167,16.3934,1.4884e+07,2.44e+08,4000000000,0.061,61,1
12,2,13997522000000,44000,0.0981818,10.1852,6.57895,1.84832e+07,1.216e+08,1000000000,0.152,152,0.8
12,1,13997523000000,46000,0.107217,9.32685,3.26797,1.68545e+08,5.508e+08,2000000000,0.306,306,0.9
12,0,13997524000000,50000,0.10128,9.87362,30.303,4.356e+06,1.32e+08,4000000000,0.033,33,1
12,2,13997525000000,51000,0.107902,9.26767,2.2779,1.54177e+08,3.512e+08,1000000000,0.439,439,0.8
12,0,13997526000000,55000,0.103691,9.64405,20,1e+07,2e+08,4000000000,0.05,50,1
12,2,13997527000000,56000,0.103964,9.61869,8.40336,1.13288e+07,9.52e+07,1000000000,0.119,119,0.8
12,1,13997528000000,58000,0.111707,8.952,3.04414,1.94242e+08,5.913e+08,2000000000,0.3285,328.5,0.9
12,0,13997529000000,62000,0.106613,9.37973,30.5344,4.29025e+06,1.31e+08,4000000000,0.03275,32.75,1
12,2,13997530000000,63000,0.112365,8.89956,2.1322,1.75969e+08,3.752e+08,1000000000,0.469,469,0.8
12,0,13997531000000,67000,0.107821,9.27464,27.5862,5.25625e+06,1.45e+08,4000000000,0.03625,36.25,1
12,2,13997532000000,68000,0.107971,9.26178,8.47458,1.11392e+07,9.44e+07,1000000000,0.118,118,0.8
12,1,13997533000000,70000,0.114171,8.75876,3.07692,1.90125e+08,5.85e+08,2000000000,0.325,325,0.9
12,0,13997534000000,74000,0.109946,9.09538,27.7778,5.184e+06,1.44e+08,4000000000,0.036,36,1
12,2,13997535000000,75000,0.11472,8.71688,2.13675,1.75219e+08,3.744e+08,1000000000,0.468,468,0.8
12,0,13997536000000,79000,0.111076,9.00285,23.3918,7.31025e+06,1.71e+08,4000000000,0.04275,42.75,1
12,2,13997537000000,80000,0.111175,8.99483,8.40336,1.13288e+07,9.52e+07,1000000000,0.119,119,0.8
12,1,13997538000000,82000,0.116476,8.58549,3.04414,1.94242e+08,5.913e+08,2000000000,0.3285,328.5,0.9
12,0,13997539000000,86000,0.112581,8.88246,30.5344,4.29025e+06,1.31e+08,4000000000,0.03275,32.75,1
12,2,13997540000000,87000,0.116885,8.55541,2.05339,1.89735e+08,3.896e+08,1000000000,0.487,487,0.8
12,0,13997541000000,91000,0.113143,8.83838,31.4961,4.03225e+06,1.27e+08,4000000000,0.03175,31.75,1
12,2,13997542000000,92000,0.113196,8.83426,8.47458,1.11392e+07,9.44e+07,1000000000,0.118,118,0.8
12,1,13997543000000,94000,0.117702,8.49602,3.07692,1.90125e+08,5.85e+08,2000000000,0.325,325,0.9
12,0,13997544000000,98000,0.114367,8.74375,27.7778,5.184e+06,1.44e+08,4000000000,0.036,36,1
12,2,13997545000000,99000,0.11802,8.47313,2.10084,1.81261e+08,3.808e+08,1000000000,0.476,476,0.8
12,0,13997546000000,103000,0.115019,8.69418,24.5399,6.64225e+06,1.63e+08,4000000000,0.04075,40.75,1
12,2,13997547000000,104000,0.115058,8.69129,8.40336,1.13288e+07,9.52e+07,1000000000,0.119,119,0.8
12,1,13997548000000,106000,0.119085,8.39737,3.04414,1.94242e+08,5.913e+08,2000000000,0.3285,328.5,0.9
12,0,13997549000000,110000,0.115945,8.62475,30.5344,4.29025e+06,1.31e+08,4000000000,0.03275,32.75,1
12,2,13997550000000,111000,0.119315,8.38115,2.04082,1.9208e+08,3.92e+08,1000000000,0.49,490,0.8
12,0,13997551000000,115000,0.116243,8.60263,32.2581,3.844e+06,1.24e+08,4000000000,0.031,31,1
12,2,13997552000000,116000,0.116259,8.60151,8.47458,1.11392e+07,9.44e+07,1000000000,0.118,118,0.8
12,1,13997553000000,118000,0.119797,8.34748,3.07692,1.90125e+08,5.85e+08,2000000000,0.325,325,0.9
12,0,13997554000000,122000,0.117049,8.54342,27.7778,5.184e+06,1.44e+08,4000000000,0.036,36,1
12,2,13997555000000,123000,0.12,8.33333,2.08333,1.8432e+08,3.84e+08,1000000000,0.48,480,0.8
12,0,13997556000000,127000,0.117504,8.51035,24.5399,6.64225e+06,1.63e+08,4000000000,0.04075,40.75,1
12,1,13997557000000,129000,0.116667,8.57143,15.748,7.25805e+06,1.143e+08,2000000000,0.0635,63.5,0.9
12,2,13997558000000,130000,0.120669,8.28712,1.56986,3.24615e+08,5.096e+08,1000000000,0.637,637,0.8
12,0,13997559000000,134000,0.11803,8.47243,31.0078,4.16025e+06,1.29e+08,4000000000,0.03225,32.25,1
12,2,13997560000000,135000,0.119222,8.3877,3.58423,6.22728e+07,2.232e+08,1000000000,0.279,279,0.8
12,0,13997561000000,139000,0.118302,8.45293,11.4613,3.04502e+07,3.49e+08,4000000000,0.08725,87.25,1
12,1,13997562000000,141000,0.117787,8.48988,12.1951,1.21032e+07,1.476e+08,2000000000,0.082,82,0.9
12,2,13997563000000,142000,0.121366,8.23953,1.59744,3.13501e+08,5.008e+08,1000000000,0.626,626,0.8
12,0,13997564000000,146000,0.120822,8.27664,9.85222,4.1209e+07,4.06e+08,4000000000,0.1015,101.5,1
12,2,13997565000000,147000,0.12,8.33333,0,0,0,1000000000,0,0,0.8
12,1,13997566000000,149000,0.118389,8.44671,0,0,0,2000000000,0,0,0.9
12,0,13997567000000,153000,0.115987,8.62166,37.7358,2.809e+06,1.06e+08,4000000000,0.0265,26.5,1
12,2,13997568000000,154000,0.119273,8.38415,1.60772,3.09507e+08,4.976e+08,1000000000,0.622,622,0.8
12,0,13997569000000,158000,0.11681,8.5609,45.4545,1.936e+06,8.8e+07,4000000000,0.022,22,1
12,2,13997570000000,159000,0.117836,8.48634,3.57143,6.272e+07,2.24e+08,1000000000,0.28,280,0.8
12,1,13997571000000,161000,0.118857,8.41346,5,7.2e+07,3.6e+08,2000000000,0.2,200,0.9
12,0,13997572000000,165000,0.116509,8.58302,45.4545,1.936e+06,8.8e+07,4000000000,0.022,22,1
12,2,13997573000000,166000,0.117012,8.54613,5,3.2e+07,1.6e+08,1000000000,0.2,200,0.8
12,0,13997574000000,170000,0.117082,8.541,8.33333,5.76e+07,4.8e+08,4000000000,0.12,120,1
12,2,13997575000000,171000,0.117088,8.54061,8.47458,1.11392e+07,9.44e+07,1000000000,0.118,118,0.8
12,1,13997576000000,173000,0.119445,8.37205,3.11526,1.85474e+08,5.778e+08,2000000000,0.321,321,0.9
12,0,13997577000000,177000,0.117616,8.50226,25.974,5.929e+06,1.54e+08,4000000000,0.0385,38.5,1
12,2,13997578000000,178000,0.118719,8.42324,3.18471,7.88768e+07,2.512e+08,1000000000,0.314,314,0.8
12,0,13997579000000,182000,0.117802,8.48881,12.987,2.3716e+07,3.08e+08,4000000000,0.077,77,1
12,2,13997580000000,183000,0.117967,8.47693,6.75676,1.75232e+07,1.184e+08,1000000000,0.148,148,0.8
12,1,13997581000000,185000,0.120022,8.33183,3.24675,1.70755e+08,5.544e+08,2000000000,0.308,308,0.9
12,0,13997582000000,189000,0.118222,8.45865,28.5714,4.9e+06,1.4e+08,4000000000,0.035,35,1
12,2,13997583000000,190000,0.119758,8.35018,2.43902,1.3448e+08,3.28e+08,1000000000,0.41,410,0.8
12,0,13997584000000,194000,0.118392,8.44653,18.6916,1.1449e+07,2.14e+08,4000000000,0.0535,53.5,1
12,2,13997585000000,195000,0.11839,8.44668,8.47458,1.11392e+07,9.44e+07,1000000000,0.118,118,0.8
12,1,13997586000000,197000,0.120487,8.29963,3.07692,1.90125e+08,5.85e+08,2000000000,0.325,325,0.9
12,0,13997587000000,201000,0.118806,8.41709,27.7778,5.184e+06,1.44e+08,4000000000,0.036,36,1
12,2,13997588000000,202000,0.120406,8.30524,2.26244,1.56291e+08,3.536e+08,1000000000,0.442,442,0.8
12,0,13997589000000,206000,0.11899,8.40405,21.0526,9.025e+06,1.9e+08,4000000000,0.0475,47.5,1
12,2,13997590000000,207000,0.118986,8.40438,8.47458,1.11392e+07,9.44e+07,1000000000,0.118,118,0.8
12,1,13997591000000,209000,0.120995,8.26479,3.03951,1.94834e+08,5.922e+08,2000000000,0.329,329,0.9
12,0,13997592000000,213000,0.119437,8.37264,26.3158,5.776e+06,1.52e+08,4000000000,0.038,38,1
12,2,13997593000000,214000,0.12064,8.28911,2.65252,1.13703e+08,3.016e+08,1000000000,0.377,377,0.8
12,0,13997594000000,218000,0.119468,8.37045,17.6211,1.28822e+07,2.27e+08,4000000000,0.05675,56.75,1
12,2,13997595000000,219000,0.119443,8.3722,8.77193,1.03968e+07,9.12e+07,1000000000,0.114,114,0.8
12,1,13997596000000,221000,0.121376,8.23889,3.003,1.996e+08,5.994e+08,2000000000,0.333,333,0.9
12,0,13997597000000,225000,0.119893,8.34075,26.3158,5.776e+06,1.52e+08,4000000000,0.038,38,1
12,2,13997598000000,226000,0.121062,8.26023,2.60417,1.17965e+08,3.072e+08,1000000000,0.384,384,0.8
12,0,13997599000000,230000,0.119913,8.33938,18.1818,1.21e+07,2.2e+08,4000000000,0.055,55,1
12,2,13997600000000,231000,0.119887,8.34116,8.77193,1.03968e+07,9.12e+07,1000000000,0.114,114,0.8
12,1,13997601000000,233000,0.121717,8.2158,3.003,1.996e+08,5.994e+08,2000000000,0.333,333,0.9
12,0,13997602000000,237000,0.120304,8.31229,26.3158,5.776e+06,1.52e+08,4000000000,0.038,38,1
12,2,13997603000000,238000,0.121395,8.23757,2.63158,1.1552e+08,3.04e+08,1000000000,0.38,380,0.8
12,0,13997604000000,242000,0.120314,8.31158,17.8571,1.2544e+07,2.24e+08,4000000000,0.056,56,1
12,2,13997605000000,243000,0.120288,8.31338,8.77193,1.03968e+07,9.12e+07,1000000000,0.114,114,0.8
12,1,13997606000000,245000,0.122024,8.19508,3.003,1.996e+08,5.994e+08,2000000000,0.333,333,0.9
12,1,13997607000000,247000,0.121652,8.22018,13.1579,1.03968e+07,1.368e+08,2000000000,0.076,76,0.9
12,1,13997608000000,249000,0.121036,8.26199,22.2222,3.645e+06,8.1e+07,2000000000,0.045,45,0.9
12,1,13997609000000,251000,0.12212,8.1887,3.89105,1.18888e+08,4.626e+08,2000000000,0.257,257,0.9
12,1,13997610000000,253000,0.121755,8.21322,13.1579,1.03968e+07,1.368e+08,2000000000,0.076,76,0.9
12,1,13997611000000,255000,0.1232,8.11688,3.26797,1.68545e+08,5.508e+08,2000000000,0.306,306,0.9
12,1,13997612000000,257000,0.122755,8.14632,15.1515,7.8408e+06,1.188e+08,2000000000,0.066,66,0.9
12,1,13997613000000,259000,0.123521,8.09577,4.5045,8.87112e+07,3.996e+08,2000000000,0.222,222,0.9
13,2,13997501000000,1000,0.308,3.24675,3.24675,7.58912e+07,2.464e+08,1000000000,0.308,308,0.8
13,0,13997502000000,5000,0.1208,8.27815,13.5135,2.1904e+07,2.96e+08,4000000000,0.074,74,1
13,1,13997503000000,7000,0.109714,9.11458,12.1951,1.21032e+07,1.476e+08,2000000000,0.082,82,0.9
13,2,13997504000000,8000,0.1715,5.8309,1.65563,2.91853e+08,4.832e+08,1000000000,0.604,604,0.8
13,0,13997505000000,12000,0.122,8.19672,43.4783,2.116e+06,9.2e+07,4000000000,0.023,23,1
13,2,13997506000000,13000,0.129154,7.7427,4.65116,3.698e+07,1.72e+08,1000000000,0.215,215,0.8
13,1,13997507000000,15000,0.143733,6.95733,4.19287,1.02388e+08,4.293e+08,2000000000,0.2385,238.5,0.9
13,0,13997508000000,19000,0.116632,8.57401,66.6667,900000,6e+07,4000000000,0.015,15,1
13,2,13997509000000,20000,0.1114,8.97666,83.3333,115200,9.6e+06,1000000000,0.012,12,0.8
13,2,13997510000000,21000,0.11181,8.94378,8.33333,1.152e+07,9.6e+07,1000000000,0.12,120,0.8
13,1,13997511000000,23000,0.102609,9.74576,166.667,64800,1.08e+07,2000000000,0.006,6,0.9
13,2,13997512000000,24000,0.103333,9.67742,8.33333,1.152e+07,9.6e+07,1000000000,0.12,120,0.8
13,1,13997513000000,26000,0.0958462,10.4334,166.667,64800,1.08e+07,2000000000,0.006,6,0.9
13,2,13997514000000,27000,0.0967407,10.3369,8.33333,1.152e+07,9.6e+07,1000000000,0.12,120,0.8
13,1,13997515000000,29000,0.0904828,11.0518,166.667,64800,1.08e+07,2000000000,0.006,6,0.9
13,1,13997516000000,31000,0.0874194,11.4391,23.2558,3.3282e+06,7.74e+07,2000000000,0.043,43,0.9
13,2,13997517000000,32000,0.088625,11.2835,7.93651,1.27008e+07,1.008e+08,1000000000,0.126,126,0.8
13,1,13997518000000,34000,0.100088,9.99118,3.52734,1.4467e+08,5.103e+08,2000000000,0.2835,283.5,0.9
13,0,13997519000000,38000,0.0931053,10.7405,29.6296,4.55625e+06,1.35e+08,4000000000,0.03375,33.75,1
13,2,13997520000000,39000,0.100615,9.93884,2.59067,1.19197e+08,3.088e+08,1000000000,0.386,386,0.8
13,0,13997521000000,43000,0.0969302,10.3167,16.3934,1.4884e+07,2.44e+08,4000000000,0.061,61,1
13,2,13997522000000,44000,0.0981818,10.1852,6.57895,1.84832e+07,1.216e+08,1000000000,0.152,152,0.8
13,1,13997523000000,46000,0.107217,9.32685,3.26797,1.68545e+08,5.508e+08,2000000000,0.306,306,0.9
13,0,13997524000000,50000,0.10128,9.87362,30.303,4.356e+06,1.32e+08,4000000000,0.033,33,1
13,2,13997525000000,51000,0.107902,9.26767,2.2779,1.54177e+08,3.512e+08,1000000000,0.439,439,0.8
13,0,13997526000000,55000,0.103691,9.64405,20,1e+07,2e+08,4000000000,0.05,50,1
13,2,13997527000000,56000,0.103964,9.61869,8.40336,1.13288e+07,9.52e+07,1000000000,0.119,119,0.8
13,1,13997528000000,58000,0.111707,8.952,3.04414,1.94242e+08,5.913e+08,2000000000,0.3285,328.5,0.9
13,0,13997529000000,62000,0.106613,9.37973,30.5344,4.29025e+06,1.31e+08,4000000000,0.03275,32.75,1
13,2,13997530000000,63000,0.112365,8.89956,2.1322,1.75969e+08,3.752e+08,1000000000,0.469,469,0.8
13,0,13997531000000,67000,0.107821,9.27464,27.5862,5.25625e+06,1.45e+08,4000000000,0.03625,36.25,1
13,2,13997532000000,68000,0.107971,9.26178,8.47458,1.11392e+07,9.44e+07,1000000000,0.118,118,0.8
13,1,13997533000000,70000,0.114171,8.75876,3.07692,1.90125e+08,5.85e+08,2000000000,0.325,325,0.9
13,0,13997534000000,74000,0.109946,9.09538,27.7778,5.184e+06,1.44e+08,4000000000,0.036,36,1
13,2,13997535000000,75000,0.11472,8.71688,2.13675,1.75219e+08,3.744e+08,1000000000,0.468,468,0.8
13,0,13997536000000,79000,0.111076,9.00285,23.3918,7.31025e+06,1.71e+08,4000000000,0.04275,42.75,1
13,2,13997537000000,80000,0.111175,8.99483,8.40336,1.13288e+07,9.52e+07,1000000000,0.119,119,0.8
13,1,13997538000000,82000,0.116476,8.58549,3.04414,1.94242e+08,5.913e+08,2000000000,0.3285,328.5,0.9
13,0,13997539000000,86000,0.112581,8.88246,30.5344,4.29025e+06,1.31e+08,4000000000,0.03275,32.75,1
13,2,13997540000000,87000,0.116885,8.55541,2.05339,1.89735e+08,3.896e+08,1000000000,0.487,487,0.8
13,0,13997541000000,91000,0.113143,8.83838,31.4961,4.03225e+06,1.27e+08,4000000000,0.03175,31.75,1
13,2,13997542000000,92000,0.113196,8.83426,8.47458,1.11392e+07,9.44e+07,1000000000,0.118,118,0.8
13,1,13997543000000,94000,0.117702,8.49602,3.07692,1.90125e+08,5.85e+08,2000000000,0.325,325,0.9
13,0,13997544000000,98000,0.114367,8.74375,27.7778,5.184e+06,1.44e+08,4000000000,0.036,36,1
13,2,13997545000000,99000,0.11802,8.47313,2.10084,1.81261e+08,3.808e+08,1000000000,0.476,476,0.8
13,0,13997546000000,103000,0.115019,8.69418,24.5399,6.64225e+06,1.63e+08,4000000000,0.04075,40.75,1
13,2,13997547000000,104000,0.115058,8.69129,8.40336,1.13288e+07,9.52e+07,1000000000,0.119,119,0.8
13,1,13997548000000,106000,0.119085,8.39737,3.04414,1.94242e+08,5.913e+08,2000000000,0.3285,328.5,0.9
13,0,13997549000000,110000,0.115945,8.62475,30.5344,4.29025e+06,1.31e+08,4000000000,0.03275,32.75,1
13,2,13997550000000,111000,0.119315,8.38115,2.04082,1.9208e+08,3.92e+08,1000000000,0.49,490,0.8
13,0,13997551000000,115000,0.116243,8.60263,32.2581,3.844e+06,1.24e+08,4000000000,0.031,31,1
13,2,13997552000000,116000,0.116259,8.60151,8.47458,1.11392e+07,9.44e+07,1000000000,0.118,118,0.8
13,1,13997553000000,118000,0.119797,8.34748,3.07692,1.90125e+08,5.85e+08,2000000000,0.325,325,0.9
13,0,13997554000000,122000,0.117049,8.54342,27.7778,5.184e+06,1.44e+08,4000000000,0.036,36,1
13,2,13997555000000,123000,0.12,8.33333,2.08333,1.8432e+08,3.84e+08,1000000000,0.48,480,0.8
13,0,13997556000000,127000,0.117504,8.51035,24.5399,6.64225e+06,1.63e+08,4000000000,0.04075,40.75,1
13,1,13997557000000,129000,0.116667,8.57143,15.748,7.25805e+06,1.143e+08,2000000000,0.0635,63.5,0.9
13,2,13997558000000,130000,0.120669,8.28712,1.56986,3.24615e+08,5.096e+08,1000000000,0.637,637,0.8
13,0,13997559000000,134000,0.11803,8.47243,31.0078,4.16025e+06,1.29e+08,4000000000,0.03225,32.25,1
13,2,13997560000000,135000,0.119222,8.3877,3.58423,6.22728e+07,2.232e+08,1000000000,0.279,279,0.8
13,0,13997561000000,139000,0.118302,8.45293,11.4613,3.04502e+07,3.49e+08,4000000000,0.08725,87.25,1
13,1,13997562000000,141000,0.117787,8.48988,12.1951,1.21032e+07,1.476e+08,2000000000,0.082,82,0.9
13,2,13997563000000,142000,0.121366,8.23953,1.59744,3.13501e+08,5.008e+08,1000000000,0.626,626,0.8
13,0,13997564000000,146000,0.120822,8.27664,9.85222,4.1209e+07,4.06e+08,4000000000,0.1015,101.5,1
13,2,13997565000000,147000,0.120483,8.29993,14.0845,4.0328e+06,5.68e+07,1000000000,0.071,71,0.8
13,1,13997566000000,149000,0.123221,8.11547,3.08166,1.8954e+08,5.841e+08,2000000000,0.3245,324.5,0.9
13,0,13997567000000,153000,0.12,8.33333,0,0,0,4000000000,0,0,1
13,2,13997568000000,154000,0.119987,8.33424,8.47458,1.11392e+07,9.44e+07,1000000000,0.118,118,0.8
13,0,13997569000000,158000,0.121139,8.25496,6.0423,1.09561e+08,6.62e+08,4000000000,0.1655,165.5,1
13,2,13997570000000,159000,0.121283,8.24518,6.94444,1.65888e+07,1.152e+08,1000000000,0.144,144,0.8
13,1,13997571000000,161000,0.121261,8.24668,8.3682,2.57044e+07,2.151e+08,2000000000,0.1195,119.5,0.9
13,0,13997572000000,165000,0.120582,8.29312,10.7239,3.47822e+07,3.73e+08,4000000000,0.09325,93.25,1
13,2,13997573000000,166000,0.120566,8.29419,8.47458,1.11392e+07,9.44e+07,1000000000,0.118,118,0.8
13,0,13997574000000,170000,0.121624,8.22209,6.0423,1.09561e+08,6.62e+08,4000000000,0.1655,165.5,1
13,2,13997575000000,171000,0.121532,8.22827,9.43396,8.9888e+06,8.48e+07,1000000000,0.106,106,0.8
13,1,13997576000000,173000,0.123017,8.12894,4,1.125e+08,4.5e+08,2000000000,0.25,250,0.9
13,0,13997577000000,177000,0.121085,8.25868,26.6667,5.625e+06,1.5e+08,4000000000,0.0375,37.5,1
13,2,13997578000000,178000,0.121067,8.25986,8.47458,1.11392e+07,9.44e+07,1000000000,0.118,118,0.8
13,0,13997579000000,182000,0.122044,8.19377,6.0423,1.09561e+08,6.62e+08,4000000000,0.1655,165.5,1
13,2,13997580000000,183000,0.121956,8.19966,9.43396,8.9888e+06,8.48e+07,1000000000,0.106,106,0.8
13,1,13997581000000,185000,0.123924,8.06944,3.28947,1.66349e+08,5.472e+08,2000000000,0.304,304,0.9
13,0,13997582000000,189000,0.121524,8.22884,95.2381,441000,4.2e+07,4000000000,0.0105,10.5,1
13,2,13997583000000,190000,0.121505,8.2301,8.47458,1.11392e+07,9.44e+07,1000000000,0.118,118,0.8
13,0,13997584000000,194000,0.122412,8.16911,6.0423,1.09561e+08,6.62e+08,4000000000,0.1655,165.5,1
13,2,13997585000000,195000,0.122328,8.17473,9.43396,8.9888e+06,8.48e+07,1000000000,0.106,106,0.8
13,1,13997586000000,197000,0.124269,8.04706,3.18979,1.76908e+08,5.643e+08,2000000000,0.3135,313.5,0.9
13,0,13997587000000,201000,0.12191,8.20274,173.913,132250,2.3e+07,4000000000,0.00575,5.75,1
13,2,13997588000000,202000,0.121891,8.20405,8.47458,1.11392e+07,9.44e+07,1000000000,0.118,118,0.8
13,0,13997589000000,206000,0.122738,8.14745,6.0423,1.09561e+08,6.62e+08,4000000000,0.1655,165.5,1
13,2,13997590000000,207000,0.122657,8.15282,9.43396,8.9888e+06,8.48e+07,1000000000,0.106,106,0.8
13,1,13997591000000,209000,0.124579,8.02704,3.09119,1.88374e+08,5.823e+08,2000000000,0.3235,323.5,0.9
13,0,13997592000000,213000,0.122254,8.17972,1333.33,2250,3e+06,4000000000,0.00075,0.75,1
13,2,13997593000000,214000,0.122234,8.18105,8.47458,1.11392e+07,9.44e+07,1000000000,0.118,118,0.8
13,0,13997594000000,218000,0.123028,8.12826,6.0423,1.09561e+08,6.62e+08,4000000000,0.1655,165.5,1
13,2,13997595000000,219000,0.12295,8.1334,9.43396,8.9888e+06,8.48e+07,1000000000,0.106,106,0.8
13,1,13997596000000,221000,0.124774,8.01451,3.08166,1.8954e+08,5.841e+08,2000000000,0.3245,324.5,0.9
13,0,13997597000000,225000,0.12256,8.15927,4000,250,1e+06,4000000000,0.00025,0.25,1
13,2,13997598000000,226000,0.12254,8.16061,8.47458,1.11392e+07,9.44e+07,1000000000,0.118,118,0.8
13,0,13997599000000,230000,0.123287,8.11116,6.0423,1.09561e+08,6.62e+08,4000000000,0.1655,165.5,1
13,2,13997600000000,231000,0.123212,8.11608,9.43396,8.9888e+06,8.48e+07,1000000000,0.106,106,0.8
13,1,13997601000000,233000,0.124936,8.00412,3.08642,1.88957e+08,5.832e+08,2000000000,0.324,324,0.9
13,0,13997602000000,237000,0.122835,8.14097,2000,1000,2e+06,4000000000,0.0005,0.5,1
13,2,13997603000000,238000,0.122815,8.14232,8.47458,1.11392e+07,9.44e+07,1000000000,0.118,118,0.8
13,0,13997604000000,242000,0.123521,8.09581,6.0423,1.09561e+08,6.62e+08,4000000000,0.1655,165.5,1
13,2,13997605000000,243000,0.123449,8.10054,9.43396,8.9888e+06,8.48e+07,1000000000,0.106,106,0.8
13,1,13997606000000,245000,0.125094,7.994,3.07692,1.90125e+08,5.85e+08,2000000000,0.325,325,0.9
13,1,13997607000000,247000,0.124081,8.05925,0,0,0,2000000000,0,0,0.9
13,1,13997608000000,249000,0.123614,8.08967,15.1515,7.8408e+06,1.188e+08,2000000000,0.066,66,0.9
13,1,13997609000000,251000,0.125211,7.98651,3.08642,1.88957e+08,5.832e+08,2000000000,0.324,324,0.9
13,1,13997610000000,253000,0.124581,8.0269,21.978,3.72645e+06,8.19e+07,2000000000,0.0455,45.5,0.9
13,1,13997611000000,254864,0.126358,7.91405,2.72117,2.43087e+08,6.61481e+08,2000000000,0.367489,342.5,0.9
13,1,13997612000000,254864,0.126358,7.91405,0,-nan,-nan,2000000000,-nan,0,0.9
13,1,13997613000000,254864,0.126358,7.91405,0,-nan,-nan,2000000000,-nan,0,0.9
14,2,13997501000000,1000,0.308,3.24675,3.24675,7.58912e+07,2.464e+08,1000000000,0.308,308,0.8
14,0,13997502000000,5000,0.1208,8.27815,13.5135,2.1904e+07,2.96e+08,4000000000,0.074,74,1
14,1,13997503000000,7000,0.109714,9.11458,12.1951,1.21032e+07,1.476e+08,2000000000,0.082,82,0.9
14,2,13997504000000,8000,0.1715,5.8309,1.65563,2.91853e+08,4.832e+08,1000000000,0.604,604,0.8
14,0,13997505000000,12000,0.122,8.19672,43.4783,2.116e+06,9.2e+07,4000000000,0.023,23,1
14,2,13997506000000,13000,0.129154,7.7427,4.65116,3.698e+07,1.72e+08,1000000000,0.215,215,0.8
14,1,13997507000000,15000,0.143733,6.95733,4.19287,1.02388e+08,4.293e+08,2000000000,0.2385,238.5,0.9
14,0,13997508000000,19000,0.116632,8.57401,66.6667,900000,6e+07,4000000000,0.015,15,1
14,2,13997509000000,20000,0.1114,8.97666,83.3333,115200,9.6e+06,1000000000,0.012,12,0.8
14,2,13997510000000,21000,0.11181,8.94378,8.33333,1.152e+07,9.6e+07,1000000000,0.12,120,0.8
14,1,13997511000000,23000,0.102609,9.74576,166.667,64800,1.08e+07,2000000000,0.006,6,0.9
14,2,13997512000000,24000,0.103333,9.67742,8.33333,1.152e+07,9.6e+07,1000000000,0.12,120,0.8
14,1,13997513000000,26000,0.0958462,10.4334,166.667,64800,1.08e+07,2000000000,0.006,6,0.9
14,2,13997514000000,27000,0.0967407,10.3369,8.33333,1.152e+07,9.6e+07,1000000000,0.12,120,0.8
14,1,13997515000000,29000,0.0904828,11.0518,166.667,64800,1.08e+07,2000000000,0.006,6,0.9
14,1,13997516000000,31000,0.0874194,11.4391,23.2558,3.3282e+06,7.74e+07,2000000000,0.043,43,0.9
14,2,13997517000000,32000,0.088625,11.2835,7.93651,1.27008e+07,1.008e+08,1000000000,0.126,126,0.8
14,1,13997518000000,34000,0.100088,9.99118,3.52734,1.4467e+08,5.103e+08,2000000000,0.2835,283.5,0.9
14,0,13997519000000,38000,0.0931053,10.7405,29.6296,4.55625e+06,1.35e+08,4000000000,0.03375,33.75,1
14,2,13997520000000,39000,0.100615,9.93884,2.59067,1.19197e+08,3.088e+08,1000000000,0.386,386,0.8
14,0,13997521000000,43000,0.0969302,10.3167,16.3934,1.4884e+07,2.44e+08,4000000000,0.061,61,1
14,2,13997522000000,44000,0.0981818,10.1852,6.57895,1.84832e+07,1.216e+08,1000000000,0.152,152,0.8
14,1,13997523000000,46000,0.107217,9.32685,3.26797,1.68545e+08,5.508e+08,2000000000,0.306,306,0.9
14,0,13997524000000,50000,0.10128,9.87362,30.303,4.356e+06,1.32e+08,4000000000,0.033,33,1
14,2,13997525000000,51000,0.107902,9.26767,2.2779,1.54177e+08,3.512e+08,1000000000,0.439,439,0.8
14,0,13997526000000,55000,0.103691,9.64405,20,1e+07,2e+08,4000000000,0.05,50,1
14,2,13997527000000,56000,0.103964,9.61869,8.40336,1.13288e+07,9.52e+07,1000000000,0.119,119,0.8
14,1,13997528000000,58000,0.111707,8.952,3.04414,1.94242e+08,5.913e+08,2000000000,0.3285,328.5,0.9
14,0,13997529000000,62000,0.106613,9.37973,30.5344,4.29025e+06,1.31e+08,4000000000,0.03275,32.75,1
14,2,13997530000000,63000,0.112365,8.89956,2.1322,1.75969e+08,3.752e+08,1000000000,0.469,469,0.8
14,0,13997531000000,67000,0.107821,9.27464,27.5862,5.25625e+06,1.45e+08,4000000000,0.03625,36.25,1
14,2,13997532000000,68000,0.107971,9.26178,8.47458,1.11392e+07,9.44e+07,1000000000,0.118,118,0.8
14,1,13997533000000,70000,0.114171,8.75876,3.07692,1.90125e+08,5.85e+08,2000000000,0.325,325,0.9
14,0,13997534000000,74000,0.109946,9.09538,27.7778,5.184e+06,1.44e+08,4000000000,0.036,36,1
14,2,13997535000000,75000,0.11472,8.71688,2.13675,1.75219e+08,3.744e+08,1000000000,0.468,468,0.8
14,0,13997536000000,79000,0.111076,9.00285,23.3918,7.31025e+06,1.71e+08,4000000000,0.04275,42.75,1
14,2,13997537000000,80000,0.111175,8.99483,8.40336,1.13288e+07,9.52e+07,1000000000,0.119,119,0.8
14,1,13997538000000,82000,0.116476,8.58549,3.04414,1.94242e+08,5.913e+08,2000000000,0.3285,328.5,0.9
14,0,13997539000000,86000,0.112581,8.88246,30.5344,4.29025e+06,1.31e+08,4000000000,0.03275,32.75,1
14,2,13997540000000,87000,0.116885,8.55541,2.05339,1.89735e+08,3.896e+08,1000000000,0.487,487,0.8
14,0,13997541000000,91000,0.113143,8.83838,31.4961,4.03225e+06,1.27e+08,4000000000,0.03175,31.75,1
14,2,13997542000000,92000,0.113196,8.83426,8.47458,1.11392e+07,9.44e+07,1000000000,0.118,118,0.8
14,1,13997543000000,94000,0.117702,8.49602,3.07692,1.90125e+08,5.85e+08,2000000000,0.325,325,0.9
14,0,13997544000000,98000,0.114367,8.74375,27.7778,5.184e+06,1.44e+08,4000000000,0.036,36,1
14,2,13997545000000,99000,0.11802,8.47313,2.10084,1.81261e+08,3.808e+08,1000000000,0.476,476,0.8
14,0,13997546000000,103000,0.115019,8.69418,24.5399,6.64225e+06,1.63e+08,4000000000,0.04075,40.75,1
14,2,13997547000000,104000,0.115058,8.69129,8.40336,1.13288e+07,9.52e+07,1000000000,0.119,119,0.8
14,1,13997548000000,106000,0.119085,8.39737,3.04414,1.94242e+08,5.913e+08,2000000000,0.3285,328.5,0.9
14,0,13997549000000,110000,0.115945,8.62475,30.5344,4.29025e+06,1.31e+08,4000000000,0.03275,32.75,1
14,2,13997550000000,111000,0.119315,8.38115,2.04082,1.9208e+08,3.92e+08,1000000000,0.49,490,0.8
14,0,13997551000000,115000,0.116243,8.60263,32.2581,3.844e+06,1.24e+08,4000000000,0.031,31,1
14,2,13997552000000,116000,0.116259,8.60151,8.47458,1.11392e+07,9.44e+07,1000000000,0.118,118,0.8
14,1,13997553000000,118000,0.119797,8.34748,3.07692,1.90125e+08,5.85e+08,2000000000,0.325,325,0.9
14,0,13997554000000,122000,0.117049,8.54342,27.7778,5.184e+06,1.44e+08,4000000000,0.036,36,1
14,2,13997555000000,123000,0.12,8.33333,2.08333,1.8432e+08,3.84e+08,1000000000,0.48,480,0.8
14,0,13997556000000,127000,0.117504,8.51035,24.5399,6.64225e+06,1.63e+08,4000000000,0.04075,40.75,1
14,1,13997557000000,129000,0.116667,8.57143,15.748,7.25805e+06,1.143e+08,2000000000,0.0635,63.5,0.9
14,2,13997558000000,130000,0.120669,8.28712,1.56986,3.24615e+08,5.096e+08,1000000000,0.637,637,0.8
14,0,13997559000000,134000,0.11803,8.47243,31.0078,4.16025e+06,1.29e+08,4000000000,0.03225,32.25,1
14,2,13997560000000,135000,0.119222,8.3877,3.58423,6.22728e+07,2.232e+08,1000000000,0.279,279,0.8
14,0,13997561000000,139000,0.118302,8.45293,11.4613,3.04502e+07,3.49e+08,4000000000,0.08725,87.25,1
14,1,13997562000000,141000,0.117787,8.48988,12.1951,1.21032e+07,1.476e+08,2000000000,0.082,82,0.9
14,2,13997563000000,142000,0.121366,8.23953,1.59744,3.13501e+08,5.008e+08,1000000000,0.626,626,0.8
14,0,13997564000000,146000,0.120247,8.31625,12.4224,2.5921e+07,3.22e+08,4000000000,0.0805,80.5,1
14,2,13997565000000,147000,0.119912,8.33948,14.0845,4.0328e+06,5.68e+07,1000000000,0.071,71,0.8
14,1,13997566000000,149000,0.12153,8.22841,4.158,1.04112e+08,4.329e+08,2000000000,0.2405,240.5,0.9
14,0,13997567000000,153000,0.119007,8.4029,40,2.5e+06,1e+08,4000000000,0.025,25,1
14,2,13997568000000,154000,0.121299,8.24411,2.11864,1.78227e+08,3.776e+08,1000000000,0.472,472,0.8
14,0,13997569000000,158000,0.118709,8.42397,52.6316,1.444e+06,7.6e+07,4000000000,0.019,19,1
14,2,13997570000000,159000,0.118824,8.41582,7.29927,1.50152e+07,1.096e+08,1000000000,0.137,137,0.8
14,1,13997571000000,161000,0.119627,8.35929,5.44959,6.061e+07,3.303e+08,2000000000,0.1835,183.5,0.9
14,0,13997572000000,165000,0.117358,8.52097,38.4615,2.704e+06,1.04e+08,4000000000,0.026,26,1
14,2,13997573000000,166000,0.11947,8.37031,2.13675,1.75219e+08,3.744e+08,1000000000,0.468,468,0.8
14,0,13997574000000,170000,0.117106,8.53928,52.6316,1.444e+06,7.6e+07,4000000000,0.019,19,1
14,2,13997575000000,171000,0.117842,8.48593,4.11523,4.72392e+07,1.944e+08,1000000000,0.243,243,0.8
14,1,13997576000000,173000,0.117965,8.47707,7.7821,2.9722e+07,2.313e+08,2000000000,0.1285,128.5,0.9
14,0,13997577000000,177000,0.115887,8.6291,38.4615,2.704e+06,1.04e+08,4000000000,0.026,26,1
14,2,13997578000000,178000,0.117888,8.48265,2.11864,1.78227e+08,3.776e+08,1000000000,0.472,472,0.8
14,0,13997579000000,182000,0.115714,8.64198,52.6316,1.444e+06,7.6e+07,4000000000,0.019,19,1
14,2,13997580000000,183000,0.116683,8.57022,3.41297,6.86792e+07,2.344e+08,1000000000,0.293,293,0.8
14,1,13997581000000,185000,0.116562,8.57911,9.47867,2.00344e+07,1.899e+08,2000000000,0.1055,105.5,0.9
14,0,13997582000000,189000,0.114513,8.73262,50.6329,1.56025e+06,7.9e+07,4000000000,0.01975,19.75,1
14,2,13997583000000,190000,0.116505,8.5833,2.0284,1.94439e+08,3.944e+08,1000000000,0.493,493,0.8
14,0,13997584000000,194000,0.114495,8.73402,52.6316,1.444e+06,7.6e+07,4000000000,0.019,19,1
14,2,13997585000000,195000,0.115508,8.65743,3.20513,7.78752e+07,2.496e+08,1000000000,0.312,312,0.8
14,1,13997586000000,197000,0.11531,8.6723,10.4167,1.65888e+07,1.728e+08,2000000000,0.096,96,0.9
14,0,13997587000000,201000,0.113408,8.81772,50.6329,1.56025e+06,7.9e+07,4000000000,0.01975,19.75,1
14,2,13997588000000,202000,0.115287,8.674,2.0284,1.94439e+08,3.944e+08,1000000000,0.493,493,0.8
14,0,13997589000000,206000,0.113417,8.81698,52.6316,1.444e+06,7.6e+07,4000000000,0.019,19,1
14,2,13997590000000,207000,0.114454,8.73713,3.04878,8.60672e+07,2.624e+08,1000000000,0.328,328,0.8
14,1,13997591000000,209000,0.114201,8.75649,11.3636,1.39392e+07,1.584e+08,2000000000,0.088,88,0.9
14,0,13997592000000,213000,0.112394,8.89724,55.5556,1.296e+06,7.2e+07,4000000000,0.018,18,1
14,2,13997593000000,214000,0.114224,8.7547,1.98413,2.03213e+08,4.032e+08,1000000000,0.504,504,0.8
14,0,13997594000000,218000,0.112459,8.89215,55.5556,1.296e+06,7.2e+07,4000000000,0.018,18,1
14,2,13997595000000,219000,0.113393,8.81891,3.15457,8.03912e+07,2.536e+08,1000000000,0.317,317,0.8
14,1,13997596000000,221000,0.113213,8.83293,10.6952,1.5736e+07,1.683e+08,2000000000,0.0935,93.5,0.9
14,0,13997597000000,225000,0.111551,8.9645,50.6329,1.56025e+06,7.9e+07,4000000000,0.01975,19.75,1
14,2,13997598000000,226000,0.113239,8.83088,2.0284,1.94439e+08,3.944e+08,1000000000,0.493,493,0.8
14,0,13997599000000,230000,0.1116,8.96057,52.6316,1.444e+06,7.6e+07,4000000000,0.019,19,1
14,2,13997600000000,231000,0.112537,8.88598,3.04878,8.60672e+07,2.624e+08,1000000000,0.328,328,0.8
14,1,13997601000000,233000,0.112326,8.90264,11.3636,1.39392e+07,1.584e+08,2000000000,0.088,88,0.9
14,0,13997602000000,237000,0.110764,9.02823,50.6329,1.56025e+06,7.9e+07,4000000000,0.01975,19.75,1
14,2,13997603000000,238000,0.11237,8.89919,2.0284,1.94439e+08,3.944e+08,1000000000,0.493,493,0.8
14,0,13997604000000,242000,0.110826,9.02312,52.6316,1.444e+06,7.6e+07,4000000000,0.019,19,1
14,2,13997605000000,243000,0.111749,8.94863,2.98507,8.978e+07,2.68e+08,1000000000,0.335,335,0.8
14,1,13997606000000,245000,0.111527,8.96648,11.8343,1.28524e+07,1.521e+08,2000000000,0.0845,84.5,0.9
14,1,13997607000000,247000,0.111,9.00901,21.5054,3.89205e+06,8.37e+07,2000000000,0.0465,46.5,0.9
14,1,13997608000000,249000,0.112064,8.92345,4.10678,1.06726e+08,4.383e+08,2000000000,0.2435,243.5,0.9
14,1,13997609000000,251000,0.111442,8.97326,29.4118,2.0808e+06,6.12e+07,2000000000,0.034,34,0.9
14,1,13997610000000,252408,0.112801,8.86513,2.816,2.2699e+08,6.39205e+08,2000000000,0.355114,250,0.9
14,1,13997611000000,252408,0.112801,8.86513,0,-nan,-nan,2000000000,-nan,0,0.9
14,1,13997612000000,252408,0.112801,8.86513,0,-nan,-nan,2000000000,-nan,0,0.9
14,1,13997613000000,252408,0.112801,8.86513,0,-nan,-nan,2000000000,-nan,0,0.9
15,2,13997501000000,1000,0.308,3.24675,3.24675,7.58912e+07,2.464e+08,1000000000,0.308,308,0.8
15,0,13997502000000,5000,0.1208,8.27815,13.5135,2.1904e+07,2.96e+08,4000000000,0.074,74,1
15,1,13997503000000,7000,0.109714,9.11458,12.1951,1.21032e+07,1.476e+08,2000000000,0.082,82,0.9
15,2,13997504000000,8000,0.1715,5.8309,1.65563,2.91853e+08,4.832e+08,1000000000,0.604,604,0.8
15,0,13997505000000,12000,0.122,8.19672,43.4783,2.116e+06,9.2e+07,4000000000,0.023,23,1
15,2,13997506000000,13000,0.129154,7.7427,4.65116,3.698e+07,1.72e+08,1000000000,0.215,215,0.8
15,1,13997507000000,15000,0.143733,6.95733,4.19287,1.02388e+08,4.293e+08,2000000000,0.2385,238.5,0.9
15,0,13997508000000,19000,0.116632,8.57401,66.6667,900000,6e+07,4000000000,0.015,15,1
15,2,13997509000000,20000,0.1114,8.97666,83.3333,115200,9.6e+06,1000000000,0.012,12,0.8
15,2,13997510000000,21000,0.11181,8.94378,8.33333,1.152e+07,9.6e+07,1000000000,0.12,120,0.8
15,1,13997511000000,23000,0.102609,9.74576,166.667,64800,1.08e+07,2000000000,0.006,6,0.9
15,2,13997512000000,24000,0.103333,9.67742,8.33333,1.152e+07,9.6e+07,1000000000,0.12,120,0.8
15,1,13997513000000,26000,0.0958462,10.4334,166.667,64800,1.08e+07,2000000000,0.006,6,0.9
15,2,13997514000000,27000,0.0967407,10.3369,8.33333,1.152e+07,9.6e+07,1000000000,0.12,120,0.8
15,1,13997515000000,29000,0.090069,11.1026,0,0,0,2000000000,0,0,0.9
15,1,13997516000000,31000,0.0846452,11.814,166.667,64800,1.08e+07,2000000000,0.006,6,0.9
15,2,13997517000000,32000,0.0871875,11.4695,6.0241,2.20448e+07,1.328e+08,1000000000,0.166,166,0.8
15,1,13997518000000,34000,0.0970588,10.303,3.92157,1.17045e+08,4.59e+08,2000000000,0.255,255,0.9
15,0,13997519000000,38000,0.0892632,11.2028,43.4783,2.116e+06,9.2e+07,4000000000,0.023,23,1
15,2,13997520000000,39000,0.0897949,11.1365,9.09091,9.68e+06,8.8e+07,1000000000,0.11,110,0.8
15,0,13997521000000,43000,0.0966512,10.3465,6.11621,1.06929e+08,6.54e+08,4000000000,0.1635,163.5,1
15,2,13997522000000,44000,0.0970455,10.3044,8.77193,1.03968e+07,9.12e+07,1000000000,0.114,114,0.8
15,1,13997523000000,46000,0.0993261,10.0678,6.68896,4.02304e+07,2.691e+08,2000000000,0.1495,149.5,0.9
15,0,13997524000000,50000,0.09856,10.1461,11.1421,3.22202e+07,3.59e+08,4000000000,0.08975,89.75,1
15,2,13997525000000,51000,0.0995294,10.0473,6.75676,1.75232e+07,1.184e+08,1000000000,0.148,148,0.8
15,0,13997526000000,55000,0.103491,9.66268,6.49351,9.4864e+07,6.16e+08,4000000000,0.154,154,1
15,2,13997527000000,56000,0.103357,9.67519,10.4167,7.3728e+06,7.68e+07,1000000000,0.096,96,0.8
15,1,13997528000000,58000,0.102103,9.79399,14.9254,8.0802e+06,1.206e+08,2000000000,0.067,67,0.9
15,0,13997529000000,62000,0.104371,9.58121,7.28597,7.53502e+07,5.49e+08,4000000000,0.13725,137.25,1
15,2,13997530000000,63000,0.104603,9.55994,8.40336,1.13288e+07,9.52e+07,1000000000,0.119,119,0.8
15,0,13997531000000,67000,0.108119,9.24903,6.11621,1.06929e+08,6.54e+08,4000000000,0.1635,163.5,1
15,2,13997532000000,68000,0.1075,9.30233,15.1515,3.4848e+06,5.28e+07,1000000000,0.066,66,0.8
15,1,13997533000000,70000,0.105957,9.43778,18.6916,5.15205e+06,9.63e+07,2000000000,0.0535,53.5,0.9
15,0,13997534000000,74000,0.108162,9.24538,6.81431,8.61422e+07,5.87e+08,4000000000,0.14675,146.75,1
15,2,13997535000000,75000,0.1088,9.19118,6.41026,1.94688e+07,1.248e+08,1000000000,0.156,156,0.8
15,0,13997536000000,79000,0.111139,8.99772,6.45161,9.61e+07,6.2e+08,4000000000,0.155,155,1
15,2,13997537000000,80000,0.11075,9.02935,12.5,5.12e+06,6.4e+07,1000000000,0.08,80,0.8
15,1,13997538000000,82000,0.109463,9.13547,17.2414,6.0552e+06,1.044e+08,2000000000,0.058,58,0.9
15,0,13997539000000,86000,0.11093,9.01468,7.0922,7.9524e+07,5.64e+08,4000000000,0.141,141,1
15,2,13997540000000,87000,0.111448,8.97277,6.41026,1.94688e+07,1.248e+08,1000000000,0.156,156,0.8
15,0,13997541000000,91000,0.113363,8.82125,6.45161,9.61e+07,6.2e+08,4000000000,0.155,155,1
15,2,13997542000000,92000,0.112793,8.86576,16.3934,2.9768e+06,4.88e+07,1000000000,0.061,61,0.8
15,1,13997543000000,94000,0.111479,8.97032,19.6078,4.6818e+06,9.18e+07,2000000000,0.051,51,0.9
15,0,13997544000000,98000,0.11298,8.85116,6.74536,8.79122e+07,5.93e+08,4000000000,0.14825,148.25,1
15,2,13997545000000,99000,0.112949,8.85351,9.09091,9.68e+06,8.8e+07,1000000000,0.11,110,0.8
15,0,13997546000000,103000,0.114951,8.69932,6.07903,1.08241e+08,6.58e+08,4000000000,0.1645,164.5,1
15,2,13997547000000,104000,0.114298,8.74905,21.2766,1.7672e+06,3.76e+07,1000000000,0.047,47,0.8
15,1,13997548000000,106000,0.113208,8.83333,17.6991,5.74605e+06,1.017e+08,2000000000,0.0565,56.5,0.9
15,0,13997549000000,110000,0.114582,8.72739,6.62252,9.1204e+07,6.04e+08,4000000000,0.151,151,1
15,2,13997550000000,111000,0.114577,8.72779,8.77193,1.03968e+07,9.12e+07,1000000000,0.114,114,0.8
15,0,13997551000000,115000,0.116348,8.59492,6.0423,1.09561e+08,6.62e+08,4000000000,0.1655,165.5,1
15,2,13997552000000,116000,0.115621,8.64897,31.25,819200,2.56e+07,1000000000,0.032,32,0.8
15,1,13997553000000,118000,0.114712,8.71749,16.129,6.9192e+06,1.116e+08,2000000000,0.062,62,0.9
15,0,13997554000000,122000,0.116033,8.61825,6.45161,9.61e+07,6.2e+08,4000000000,0.155,155,1
15,2,13997555000000,123000,0.115886,8.62916,10.2041,7.6832e+06,7.84e+07,1000000000,0.098,98,0.8
15,0,13997556000000,127000,0.117417,8.51663,6.07903,1.08241e+08,6.58e+08,4000000000,0.1645,164.5,1
15,1,13997557000000,129000,0.116155,8.60918,27.7778,2.3328e+06,6.48e+07,2000000000,0.036,36,0.9
15,2,13997558000000,130000,0.115808,8.635,14.0845,4.0328e+06,5.68e+07,1000000000,0.071,71,0.8
15,0,13997559000000,134000,0.117104,8.53938,6.27943,1.01442e+08,6.37e+08,4000000000,0.15925,159.25,1
15,2,13997560000000,135000,0.116963,8.54972,10.2041,7.6832e+06,7.84e+07,1000000000,0.098,98,0.8
15,0,13997561000000,139000,0.117763,8.49166,6.90846,8.38102e+07,5.79e+08,4000000000,0.14475,144.75,1
15,1,13997562000000,141000,0.116787,8.56258,20.4082,4.3218e+06,8.82e+07,2000000000,0.049,49,0.9
15,2,13997563000000,142000,0.11669,8.5697,9.70874,8.4872e+06,8.24e+07,1000000000,0.103,103,0.8
15,0,13997564000000,144315,0.11971,8.3535,3.27904,3.72021e+08,1.21987e+09,4000000000,0.304968,176.5,1
15,2,13997565000000,144315,0.11971,8.3535,0,-nan,-nan,1000000000,-nan,0,0.8
15,1,13997566000000,144315,0.11971,8.3535,0,-nan,-nan,2000000000,-nan,0,0.9
15,0,13997567000000,144315,0.11971,8.3535,0,-nan,-nan,4000000000,-nan,0,1
15,2,13997568000000,144315,0.11971,8.3535,0,-nan,-nan,1000000000,-nan,0,0.8
15,0,13997569000000,144315,0.11971,8.3535,0,-nan,-nan,4000000000,-nan,0,1
15,2,13997570000000,144315,0.11971,8.3535,0,-nan,-nan,1000000000,-nan,0,0.8
15,1,13997571000000,144315,0.11971,8.3535,0,-nan,-nan,2000000000,-nan,0,0.9
15,0,13997572000000,144315,0.11971,8.3535,0,-nan,-nan,4000000000,-nan,0,1
15,2,13997573000000,144315,0.11971,8.3535,0,-nan,-nan,1000000000,-nan,0,0.8
15,0,13997574000000,144315,0.11971,8.3535,0,-nan,-nan,4000000000,-nan,0,1
15,2,13997575000000,144315,0.11971,8.3535,0,-nan,-nan,1000000000,-nan,0,0.8
15,1,13997576000000,144315,0.11971,8.3535,0,-nan,-nan,2000000000,-nan,0,0.9
15,0,13997577000000,144315,0.11971,8.3535,0,-nan,-nan,4000000000,-nan,0,1
15,2,13997578000000,144315,0.11971,8.3535,0,-nan,-nan,1000000000,-nan,0,0.8
15,0,13997579000000,144315,0.11971,8.3535,0,-nan,-nan,4000000000,-nan,0,1
15,2,13997580000000,144315,0.11971,8.3535,0,-nan,-nan,1000000000,-nan,0,0.8
15,1,13997581000000,144315,0.11971,8.3535,0,-nan,-nan,2000000000,-nan,0,0.9
15,0,13997582000000,144315,0.11971,8.3535,0,-nan,-nan,4000000000,-nan,0,1
15,2,13997583000000,144315,0.11971,8.3535,0,-nan,-nan,1000000000,-nan,0,0.8
15,0,13997584000000,144315,0.11971,8.3535,0,-nan,-nan,4000000000,-nan,0,1
15,2,13997585000000,144315,0.11971,8.3535,0,-nan,-nan,1000000000,-nan,0,0.8
15,1,13997586000000,144315,0.11971,8.3535,0,-nan,-nan,2000000000,-nan,0,0.9
15,0,13997587000000,144315,0.11971,8.3535,0,-nan,-nan,4000000000,-nan,0,1
15,2,13997588000000,144315,0.11971,8.3535,0,-nan,-nan,1000000000,-nan,0,0.8
15,0,13997589000000,144315,0.11971,8.3535,0,-nan,-nan,4000000000,-nan,0,1
15,2,13997590000000,144315,0.11971,8.3535,0,-nan,-nan,1000000000,-nan,0,0.8
15,1,13997591000000,144315,0.11971,8.3535,0,-nan,-nan,2000000000,-nan,0,0.9
15,0,13997592000000,144315,0.11971,8.3535,0,-nan,-nan,4000000000,-nan,0,1
15,2,13997593000000,144315,0.11971,8.3535,0,-nan,-nan,1000000000,-nan,0,0.8
15,0,13997594000000,144315,0.11971,8.3535,0,-nan,-nan,4000000000,-nan,0,1
15,2,13997595000000,144315,0.11971,8.3535,0,-nan,-nan,1000000000,-nan,0,0.8
15,1,13997596000000,144315,0.11971,8.3535,0,-nan,-nan,2000000000,-nan,0,0.9
15,0,13997597000000,144315,0.11971,8.3535,0,-nan,-nan,4000000000,-nan,0,1
15,2,13997598000000,144315,0.11971,8.3535,0,-nan,-nan,1000000000,-nan,0,0.8
15,0,13997599000000,144315,0.11971,8.3535,0,-nan,-nan,4000000000,-nan,0,1
15,2,13997600000000,144315,0.11971,8.3535,0,-nan,-nan,1000000000,-nan,0,0.8
15,1,13997601000000,144315,0.11971,8.3535,0,-nan,-nan,2000000000,-nan,0,0.9
15,0,13997602000000,144315,0.11971,8.3535,0,-nan,-nan,4000000000,-nan,0,1
15,2,13997603000000,144315,0.11971,8.3535,0,-nan,-nan,1000000000,-nan,0,0.8
15,0,13997604000000,144315,0.11971,8.3535,0,-nan,-nan,4000000000,-nan,0,1
15,2,13997605000000,144315,0.11971,8.3535,0,-nan,-nan,1000000000,-nan,0,0.8
15,1,13997606000000,144315,0.11971,8.3535,0,-nan,-nan,2000000000,-nan,0,0.9
15,1,13997607000000,144315,0.11971,8.3535,0,-nan,-nan,2000000000,-nan,0,0.9
15,1,13997608000000,144315,0.11971,8.3535,0,-nan,-nan,2000000000,-nan,0,0.9
15,1,13997609000000,144315,0.11971,8.3535,0,-nan,-nan,2000000000,-nan,0,0.9
15,1,13997610000000,144315,0.11971,8.3535,0,-nan,-nan,2000000000,-nan,0,0.9
15,1,13997611000000,144315,0.11971,8.3535,0,-nan,-nan,2000000000,-nan,0,0.9
15,1,13997612000000,144315,0.11971,8.3535,0,-nan,-nan,2000000000,-nan,0,0.9
15,1,13997613000000,144315,0.11971,8.3535,0,-nan,-nan,2000000000,-nan,0,0.9
16,2,13997501000000,1000,0.255,3.92157,3.92157,5.202e+07,2.04e+08,1000000000,0.255,255,0.8
16,0,13997502000000,5000,0.124,8.06452,10.9589,3.33062e+07,3.65e+08,4000000000,0.09125,91.25,1
16,1,13997503000000,7000,0.109714,9.11458,13.5135,9.8568e+06,1.332e+08,2000000000,0.074,74,0.9
16,2,13997504000000,8000,0.1715,5.8309,1.65563,2.91853e+08,4.832e+08,1000000000,0.604,604,0.8
16,0,13997505000000,12000,0.122,8.19672,43.4783,2.116e+06,9.2e+07,4000000000,0.023,23,1
16,2,13997506000000,13000,0.127692,7.83133,5.10204,3.07328e+07,1.568e+08,1000000000,0.196,196,0.8
16,1,13997507000000,15000,0.142667,7.00935,4.16667,1.0368e+08,4.32e+08,2000000000,0.24,240,0.9
16,0,13997508000000,19000,0.117263,8.52783,45.4545,1.936e+06,8.8e+07,4000000000,0.022,22,1
16,2,13997509000000,20000,0.1174,8.51789,8.33333,1.152e+07,9.6e+07,1000000000,0.12,120,0.8
16,2,13997510000000,21000,0.112381,8.89831,83.3333,115200,9.6e+06,1000000000,0.012,12,0.8
16,1,13997511000000,23000,0.107826,9.27419,16.6667,6.48e+06,1.08e+08,2000000000,0.06,60,0.9
16,2,13997512000000,24000,0.103833,9.63082,83.3333,115200,9.6e+06,1000000000,0.012,12,0.8
16,1,13997513000000,26000,0.100462,9.95406,16.6667,6.48e+06,1.08e+08,2000000000,0.06,60,0.9
16,2,13997514000000,27000,0.0971852,10.2896,83.3333,115200,9.6e+06,1000000000,0.012,12,0.8
16,1,13997515000000,29000,0.0962069,10.3943,12.0482,1.24002e+07,1.494e+08,2000000000,0.083,83,0.9
16,1,13997516000000,31000,0.103452,9.66635,4.79616,7.825e+07,3.753e+08,2000000000,0.2085,208.5,0.9
16,2,13997517000000,32000,0.10575,9.45626,5.64972,2.50632e+07,1.416e+08,1000000000,0.177,177,0.8
16,1,13997518000000,34000,0.103412,9.67008,15.1515,7.8408e+06,1.188e+08,2000000000,0.066,66,0.9
16,0,13997519000000,38000,0.109579,9.12584,6.17284,1.04976e+08,6.48e+08,4000000000,0.162,162,1
16,2,13997520000000,39000,0.109487,9.13349,9.43396,8.9888e+06,8.48e+07,1000000000,0.106,106,0.8
16,0,13997521000000,43000,0.114605,8.72565,6.07903,1.08241e+08,6.58e+08,4000000000,0.1645,164.5,1
16,2,13997522000000,44000,0.1145,8.73362,9.09091,9.68e+06,8.8e+07,1000000000,0.11,110,0.8
16,1,13997523000000,46000,0.117391,8.51852,5.52486,5.89698e+07,3.258e+08,2000000000,0.181,181,0.9
16,0,13997524000000,50000,0.11392,8.77809,13.5135,2.1904e+07,2.96e+08,4000000000,0.074,74,1
16,2,13997525000000,51000,0.114588,8.7269,6.75676,1.75232e+07,1.184e+08,1000000000,0.148,148,0.8
16,0,13997526000000,55000,0.117455,8.51393,6.49351,9.4864e+07,6.16e+08,4000000000,0.154,154,1
16,2,13997527000000,56000,0.117393,8.51841,8.77193,1.03968e+07,9.12e+07,1000000000,0.114,114,0.8
16,1,13997528000000,58000,0.124552,8.02879,3.07692,1.90125e+08,5.85e+08,2000000000,0.325,325,0.9
16,0,13997529000000,62000,0.118839,8.41477,27.7778,5.184e+06,1.44e+08,4000000000,0.036,36,1
16,2,13997530000000,63000,0.118889,8.41121,8.19672,1.19072e+07,9.76e+07,1000000000,0.122,122,0.8
16,0,13997531000000,67000,0.119522,8.36663,7.72201,6.7081e+07,5.18e+08,4000000000,0.1295,129.5,1
16,2,13997532000000,68000,0.12,8.33333,6.57895,1.84832e+07,1.216e+08,1000000000,0.152,152,0.8
16,1,13997533000000,70000,0.125314,7.97994,3.26797,1.68545e+08,5.508e+08,2000000000,0.306,306,0.9
16,0,13997534000000,74000,0.120324,8.31087,30.303,4.356e+06,1.32e+08,4000000000,0.033,33,1
16,2,13997535000000,75000,0.123053,8.12656,3.07692,8.45e+07,2.6e+08,1000000000,0.325,325,0.8
16,0,13997536000000,79000,0.120608,8.29135,13.3779,2.23502e+07,2.99e+08,4000000000,0.07475,74.75,1
16,2,13997537000000,80000,0.120575,8.29359,8.47458,1.11392e+07,9.44e+07,1000000000,0.118,118,0.8
16,1,13997538000000,82000,0.125561,7.96426,3.07692,1.90125e+08,5.85e+08,2000000000,0.325,325,0.9
16,0,13997539000000,86000,0.121395,8.23755,27.7778,5.184e+06,1.44e+08,4000000000,0.036,36,1
16,2,13997540000000,87000,0.124782,8.014,2.40385,1.38445e+08,3.328e+08,1000000000,0.416,416,0.8
16,0,13997541000000,91000,0.121802,8.21003,17.5439,1.2996e+07,2.28e+08,4000000000,0.057,57,1
16,2,13997542000000,92000,0.121543,8.22751,10.2041,7.6832e+06,7.84e+07,1000000000,0.098,98,0.8
16,1,13997543000000,94000,0.125872,7.94456,3.07692,1.90125e+08,5.85e+08,2000000000,0.325,325,0.9
16,0,13997544000000,98000,0.122306,8.17621,25.974,5.929e+06,1.54e+08,4000000000,0.0385,38.5,1
16,2,13997545000000,99000,0.125899,7.94288,2.09205,1.82787e+08,3.824e+08,1000000000,0.478,478,0.8
16,0,13997546000000,103000,0.12233,8.1746,29.4118,4.624e+06,1.36e+08,4000000000,0.034,34,1
16,2,13997547000000,104000,0.122288,8.17739,8.47458,1.11392e+07,9.44e+07,1000000000,0.118,118,0.8
16,1,13997548000000,106000,0.126113,7.92938,3.07692,1.90125e+08,5.85e+08,2000000000,0.325,325,0.9
16,0,13997549000000,110000,0.122836,8.14091,27.7778,5.184e+06,1.44e+08,4000000000,0.036,36,1
16,2,13997550000000,111000,0.125991,7.93708,2.11416,1.78983e+08,3.784e+08,1000000000,0.473,473,0.8
16,0,13997551000000,115000,0.123096,8.12376,23.3918,7.31025e+06,1.71e+08,4000000000,0.04275,42.75,1
16,2,13997552000000,116000,0.122879,8.13807,10.2041,7.6832e+06,7.84e+07,1000000000,0.098,98,0.8
16,1,13997553000000,118000,0.126305,7.91734,3.07692,1.90125e+08,5.85e+08,2000000000,0.325,325,0.9
16,0,13997554000000,122000,0.123197,8.1171,31.746,3.969e+06,1.26e+08,4000000000,0.0315,31.5,1
16,2,13997555000000,123000,0.126089,7.93088,2.08768,1.83553e+08,3.832e+08,1000000000,0.479,479,0.8
16,0,13997556000000,127000,0.123465,8.09949,23.3918,7.31025e+06,1.71e+08,4000000000,0.04275,42.75,1
16,1,13997557000000,129000,0.122457,8.16611,17.094,6.16005e+06,1.053e+08,2000000000,0.0585,58.5,0.9
16,2,13997558000000,130000,0.126546,7.90226,1.52905,3.42173e+08,5.232e+08,1000000000,0.654,654,0.8
16,0,13997559000000,134000,0.123731,8.08203,31.0078,4.16025e+06,1.29e+08,4000000000,0.03225,32.25,1
16,2,13997560000000,135000,0.124556,8.02855,4.25532,4.418e+07,1.88e+08,1000000000,0.235,235,0.8
16,0,13997561000000,139000,0.126906,7.87982,4.84848,1.70156e+08,8.25e+08,4000000000,0.20625,206.25,1
16,1,13997562000000,141000,0.125106,7.9932,0,0,0,2000000000,0,0,0.9
16,2,13997563000000,142000,0.124803,8.01264,12.1951,5.3792e+06,6.56e+07,1000000000,0.082,82,0.8
16,0,13997564000000,146000,0.125863,7.94515,6.11621,1.06929e+08,6.54e+08,4000000000,0.1635,163.5,1
16,2,13997565000000,147000,0.125884,7.9438,7.75194,1.33128e+07,1.032e+08,1000000000,0.129,129,0.8
16,1,13997566000000,149000,0.125054,7.99657,15.625,7.3728e+06,1.152e+08,2000000000,0.064,64,0.9
16,0,13997567000000,153000,0.12502,7.99875,8.08081,6.12562e+07,4.95e+08,4000000000,0.12375,123.75,1
16,2,13997568000000,154000,0.124974,8.00166,8.47458,1.11392e+07,9.44e+07,1000000000,0.118,118,0.8
16,0,13997569000000,158000,0.126,7.93651,6.0423,1.09561e+08,6.62e+08,4000000000,0.1655,165.5,1
16,2,13997570000000,159000,0.125409,7.97392,31.25,819200,2.56e+07,1000000000,0.032,32,0.8
16,1,13997571000000,161000,0.124621,8.02432,16.129,6.9192e+06,1.116e+08,2000000000,0.062,62,0.9
16,0,13997572000000,165000,0.125358,7.97718,6.45161,9.61e+07,6.2e+08,4000000000,0.155,155,1
16,2,13997573000000,166000,0.125193,7.98768,10.2041,7.6832e+06,7.84e+07,1000000000,0.098,98,0.8
16,0,13997574000000,170000,0.126118,7.9291,6.07903,1.08241e+08,6.58e+08,4000000000,0.1645,164.5,1
16,2,13997575000000,171000,0.12552,7.96683,41.6667,460800,1.92e+07,1000000000,0.024,24,0.8
16,1,13997576000000,173000,0.124855,8.00926,14.7059,8.3232e+06,1.224e+08,2000000000,0.068,68,0.9
16,0,13997577000000,177000,0.125446,7.97154,6.62252,9.1204e+07,6.04e+08,4000000000,0.151,151,1
16,2,13997578000000,178000,0.125382,7.97563,8.77193,1.03968e+07,9.12e+07,1000000000,0.114,114,0.8
16,0,13997579000000,182000,0.126264,7.91993,6.0423,1.09561e+08,6.62e+08,4000000000,0.1655,165.5,1
16,2,13997580000000,183000,0.125727,7.95376,35.7143,627200,2.24e+07,1000000000,0.028,28,0.8
16,1,13997581000000,185000,0.125059,7.9962,15.625,7.3728e+06,1.152e+08,2000000000,0.064,64,0.9
16,0,13997582000000,189000,0.125693,7.95588,6.45161,9.61e+07,6.2e+08,4000000000,0.155,155,1
16,2,13997583000000,190000,0.125547,7.96512,10.2041,7.6832e+06,7.84e+07,1000000000,0.098,98,0.8
16,0,13997584000000,194000,0.126351,7.91449,6.07903,1.08241e+08,6.58e+08,4000000000,0.1645,164.5,1
16,2,13997585000000,195000,0.125841,7.94653,37.037,583200,2.16e+07,1000000000,0.027,27,0.8
16,1,13997586000000,197000,0.125117,7.99253,18.3486,5.34645e+06,9.81e+07,2000000000,0.0545,54.5,0.9
16,0,13997587000000,201000,0.125831,7.94718,6.21118,1.03684e+08,6.44e+08,4000000000,0.161,161,1
16,2,13997588000000,202000,0.125653,7.9584,11.1111,6.48e+06,7.2e+07,1000000000,0.09,90,0.8
16,0,13997589000000,206000,0.126427,7.90969,6.0423,1.09561e+08,6.62e+08,4000000000,0.1655,165.5,1
16,2,13997590000000,207000,0.125976,7.93803,30.303,871200,2.64e+07,1000000000,0.033,33,0.8
16,1,13997591000000,209000,0.12534,7.97832,16.8067,6.37245e+06,1.071e+08,2000000000,0.0595,59.5,0.9
16,0,13997592000000,213000,0.125915,7.94183,6.41026,9.7344e+07,6.24e+08,4000000000,0.156,156,1
16,2,13997593000000,214000,0.126,7.93651,6.94444,1.65888e+07,1.152e+08,1000000000,0.144,144,0.8
16,0,13997594000000,218000,0.126587,7.8997,6.32911,9.9856e+07,6.32e+08,4000000000,0.158,158,1
16,2,13997595000000,219000,0.12626,7.92015,18.1818,2.42e+06,4.4e+07,1000000000,0.055,55,0.8
16,1,13997596000000,221000,0.125552,7.96483,20.8333,4.1472e+06,8.64e+07,2000000000,0.048,48,0.9
16,0,13997597000000,225000,0.126044,7.93371,6.52529,9.39422e+07,6.13e+08,4000000000,0.15325,153.25,1
16,2,13997598000000,226000,0.125938,7.94041,9.80392,8.3232e+06,8.16e+07,1000000000,0.102,102,0.8
16,0,13997599000000,230000,0.126609,7.89835,6.07903,1.08241e+08,6.58e+08,4000000000,0.1645,164.5,1
16,2,13997600000000,231000,0.126165,7.92616,41.6667,460800,1.92e+07,1000000000,0.024,24,0.8
16,1,13997601000000,233000,0.125665,7.95765,14.7059,8.3232e+06,1.224e+08,2000000000,0.068,68,0.9
16,0,13997602000000,237000,0.126076,7.93173,6.66667,9e+07,6e+08,4000000000,0.15,150,1
16,2,13997603000000,238000,0.126042,7.93386,8.47458,1.11392e+07,9.44e+07,1000000000,0.118,118,0.8
16,0,13997604000000,242000,0.126694,7.89302,6.0423,1.09561e+08,6.62e+08,4000000000,0.1655,165.5,1
16,2,13997605000000,243000,0.126251,7.92073,52.6316,288800,1.52e+07,1000000000,0.019,19,0.8
16,1,13997606000000,245000,0.125731,7.95351,16,7.03125e+06,1.125e+08,2000000000,0.0625,62.5,0.9
16,1,13997607000000,247000,0.127271,7.85723,3.16456,1.79741e+08,5.688e+08,2000000000,0.316,316,0.9
16,1,13997608000000,249000,0.126755,7.88923,15.873,7.1442e+06,1.134e+08,2000000000,0.063,63,0.9
16,1,13997609000000,250766,0.128423,7.7868,2.75078,2.37882e+08,6.5436e+08,2000000000,0.363533,321,0.9
16,1,13997610000000,250766,0.128423,7.7868,0,-nan,-nan,2000000000,-nan,0,0.9
16,1,13997611000000,250766,0.128423,7.7868,0,-nan,-nan,2000000000,-nan,0,0.9
16,1,13997612000000,250766,0.128423,7.7868,0,-nan,-nan,2000000000,-nan,0,0.9
16,1,13997613000000,250766,0.128423,7.7868,0,-nan,-nan,2000000000,-nan,0,0.9
17,2,13997501000000,1000,0.255,3.92157,3.92157,5.202e+07,2.04e+08,1000000000,0.255,255,0.8
17,0,13997502000000,5000,0.124,8.06452,10.9589,3.33062e+07,3.65e+08,4000000000,0.09125,91.25,1
17,1,13997503000000,7000,0.109714,9.11458,13.5135,9.8568e+06,1.332e+08,2000000000,0.074,74,0.9
17,2,13997504000000,8000,0.1715,5.8309,1.65563,2.91853e+08,4.832e+08,1000000000,0.604,604,0.8
17,0,13997505000000,12000,0.122,8.19672,43.4783,2.116e+06,9.2e+07,4000000000,0.023,23,1
17,2,13997506000000,13000,0.127692,7.83133,5.10204,3.07328e+07,1.568e+08,1000000000,0.196,196,0.8
17,1,13997507000000,15000,0.142667,7.00935,4.16667,1.0368e+08,4.32e+08,2000000000,0.24,240,0.9
17,0,13997508000000,19000,0.117263,8.52783,45.4545,1.936e+06,8.8e+07,4000000000,0.022,22,1
17,2,13997509000000,20000,0.1174,8.51789,8.33333,1.152e+07,9.6e+07,1000000000,0.12,120,0.8
17,2,13997510000000,21000,0.112381,8.89831,83.3333,115200,9.6e+06,1000000000,0.012,12,0.8
17,1,13997511000000,23000,0.107826,9.27419,16.6667,6.48e+06,1.08e+08,2000000000,0.06,60,0.9
17,2,13997512000000,24000,0.103833,9.63082,83.3333,115200,9.6e+06,1000000000,0.012,12,0.8
17,1,13997513000000,26000,0.100462,9.95406,16.6667,6.48e+06,1.08e+08,2000000000,0.06,60,0.9
17,2,13997514000000,27000,0.0971852,10.2896,83.3333,115200,9.6e+06,1000000000,0.012,12,0.8
17,1,13997515000000,29000,0.0962069,10.3943,12.0482,1.24002e+07,1.494e+08,2000000000,0.083,83,0.9
17,1,13997516000000,31000,0.103452,9.66635,4.79616,7.825e+07,3.753e+08,2000000000,0.2085,208.5,0.9
17,2,13997517000000,32000,0.10575,9.45626,5.64972,2.50632e+07,1.416e+08,1000000000,0.177,177,0.8
17,1,13997518000000,34000,0.103412,9.67008,15.1515,7.8408e+06,1.188e+08,2000000000,0.066,66,0.9
17,0,13997519000000,38000,0.109579,9.12584,6.17284,1.04976e+08,6.48e+08,4000000000,0.162,162,1
17,2,13997520000000,39000,0.109487,9.13349,9.43396,8.9888e+06,8.48e+07,1000000000,0.106,106,0.8
17,0,13997521000000,43000,0.114605,8.72565,6.07903,1.08241e+08,6.58e+08,4000000000,0.1645,164.5,1
17,2,13997522000000,44000,0.1145,8.73362,9.09091,9.68e+06,8.8e+07,1000000000,0.11,110,0.8
17,1,13997523000000,46000,0.117391,8.51852,5.52486,5.89698e+07,3.258e+08,2000000000,0.181,181,0.9
17,0,13997524000000,50000,0.11392,8.77809,13.5135,2.1904e+07,2.96e+08,4000000000,0.074,74,1
17,2,13997525000000,51000,0.114588,8.7269,6.75676,1.75232e+07,1.184e+08,1000000000,0.148,148,0.8
17,0,13997526000000,55000,0.117455,8.51393,6.49351,9.4864e+07,6.16e+08,4000000000,0.154,154,1
17,2,13997527000000,56000,0.117393,8.51841,8.77193,1.03968e+07,9.12e+07,1000000000,0.114,114,0.8
17,1,13997528000000,58000,0.124552,8.02879,3.07692,1.90125e+08,5.85e+08,2000000000,0.325,325,0.9
17,0,13997529000000,62000,0.118839,8.41477,27.7778,5.184e+06,1.44e+08,4000000000,0.036,36,1
17,2,13997530000000,63000,0.118889,8.41121,8.19672,1.19072e+07,9.76e+07,1000000000,0.122,122,0.8
17,0,13997531000000,67000,0.119522,8.36663,7.72201,6.7081e+07,5.18e+08,4000000000,0.1295,129.5,1
17,2,13997532000000,68000,0.12,8.33333,6.57895,1.84832e+07,1.216e+08,1000000000,0.152,152,0.8
17,1,13997533000000,70000,0.125314,7.97994,3.26797,1.68545e+08,5.508e+08,2000000000,0.306,306,0.9
17,0,13997534000000,74000,0.120324,8.31087,30.303,4.356e+06,1.32e+08,4000000000,0.033,33,1
17,2,13997535000000,75000,0.123053,8.12656,3.07692,8.45e+07,2.6e+08,1000000000,0.325,325,0.8
17,0,13997536000000,79000,0.120608,8.29135,13.3779,2.23502e+07,2.99e+08,4000000000,0.07475,74.75,1
17,2,13997537000000,80000,0.120575,8.29359,8.47458,1.11392e+07,9.44e+07,1000000000,0.118,118,0.8
17,1,13997538000000,82000,0.125561,7.96426,3.07692,1.90125e+08,5.85e+08,2000000000,0.325,325,0.9
17,0,13997539000000,86000,0.121395,8.23755,27.7778,5.184e+06,1.44e+08,4000000000,0.036,36,1
17,2,13997540000000,87000,0.124782,8.014,2.40385,1.38445e+08,3.328e+08,1000000000,0.416,416,0.8
17,0,13997541000000,91000,0.121802,8.21003,17.5439,1.2996e+07,2.28e+08,4000000000,0.057,57,1
17,2,13997542000000,92000,0.121543,8.22751,10.2041,7.6832e+06,7.84e+07,1000000000,0.098,98,0.8
17,1,13997543000000,94000,0.125872,7.94456,3.07692,1.90125e+08,5.85e+08,2000000000,0.325,325,0.9
17,0,13997544000000,98000,0.122306,8.17621,25.974,5.929e+06,1.54e+08,4000000000,0.0385,38.5,1
17,2,13997545000000,99000,0.125899,7.94288,2.09205,1.82787e+08,3.824e+08,1000000000,0.478,478,0.8
17,0,13997546000000,103000,0.12233,8.1746,29.4118,4.624e+06,1.36e+08,4000000000,0.034,34,1
17,2,13997547000000,104000,0.122288,8.17739,8.47458,1.11392e+07,9.44e+07,1000000000,0.118,118,0.8
17,1,13997548000000,106000,0.126113,7.92938,3.07692,1.90125e+08,5.85e+08,2000000000,0.325,325,0.9
17,0,13997549000000,110000,0.122836,8.14091,27.7778,5.184e+06,1.44e+08,4000000000,0.036,36,1
17,2,13997550000000,111000,0.125991,7.93708,2.11416,1.78983e+08,3.784e+08,1000000000,0.473,473,0.8
17,0,13997551000000,115000,0.123096,8.12376,23.3918,7.31025e+06,1.71e+08,4000000000,0.04275,42.75,1
17,2,13997552000000,116000,0.122879,8.13807,10.2041,7.6832e+06,7.84e+07,1000000000,0.098,98,0.8
17,1,13997553000000,118000,0.126305,7.91734,3.07692,1.90125e+08,5.85e+08,2000000000,0.325,325,0.9
17,0,13997554000000,122000,0.123197,8.1171,31.746,3.969e+06,1.26e+08,4000000000,0.0315,31.5,1
17,2,13997555000000,123000,0.126089,7.93088,2.08768,1.83553e+08,3.832e+08,1000000000,0.479,479,0.8
17,0,13997556000000,127000,0.123465,8.09949,23.3918,7.31025e+06,1.71e+08,4000000000,0.04275,42.75,1
17,1,13997557000000,129000,0.122457,8.16611,17.094,6.16005e+06,1.053e+08,2000000000,0.0585,58.5,0.9
17,2,13997558000000,130000,0.126546,7.90226,1.52905,3.42173e+08,5.232e+08,1000000000,0.654,654,0.8
17,0,13997559000000,134000,0.123731,8.08203,31.0078,4.16025e+06,1.29e+08,4000000000,0.03225,32.25,1
17,2,13997560000000,135000,0.124556,8.02855,4.25532,4.418e+07,1.88e+08,1000000000,0.235,235,0.8
17,0,13997561000000,139000,0.126906,7.87982,4.84848,1.70156e+08,8.25e+08,4000000000,0.20625,206.25,1
17,1,13997562000000,141000,0.125887,7.94366,18.1818,5.445e+06,9.9e+07,2000000000,0.055,55,0.9
17,2,13997563000000,142000,0.128901,7.75787,1.80505,2.45533e+08,4.432e+08,1000000000,0.554,554,0.8
17,0,13997564000000,146000,0.126411,7.91071,26.3158,5.776e+06,1.52e+08,4000000000,0.038,38,1
17,2,13997565000000,147000,0.125776,7.95067,30.303,871200,2.64e+07,1000000000,0.033,33,0.8
17,1,13997566000000,149000,0.128483,7.78312,3.05344,1.93061e+08,5.895e+08,2000000000,0.3275,327.5,0.9
17,0,13997567000000,153000,0.125961,7.93898,31.25,4.096e+06,1.28e+08,4000000000,0.032,32,1
17,2,13997568000000,154000,0.128513,7.78131,1.92678,2.15489e+08,4.152e+08,1000000000,0.519,519,0.8
17,0,13997569000000,158000,0.126278,7.91901,24.8447,6.48025e+06,1.61e+08,4000000000,0.04025,40.25,1
17,2,13997570000000,159000,0.126013,7.93572,11.9048,5.6448e+06,6.72e+07,1000000000,0.084,84,0.8
17,1,13997571000000,161000,0.128447,7.7853,3.10559,1.86631e+08,5.796e+08,2000000000,0.322,322,0.9
17,0,13997572000000,165000,0.126109,7.92964,31.25,4.096e+06,1.28e+08,4000000000,0.032,32,1
17,2,13997573000000,166000,0.12847,7.78393,1.9305,2.14659e+08,4.144e+08,1000000000,0.518,518,0.8
17,0,13997574000000,170000,0.126312,7.91692,27.2109,5.40225e+06,1.47e+08,4000000000,0.03675,36.75,1
17,2,13997575000000,171000,0.126117,7.92915,10.7527,6.9192e+06,7.44e+07,1000000000,0.093,93,0.8
17,1,13997576000000,173000,0.12837,7.78999,3.11526,1.85474e+08,5.778e+08,2000000000,0.321,321,0.9
17,0,13997577000000,177000,0.126203,7.92372,30.7692,4.225e+06,1.3e+08,4000000000,0.0325,32.5,1
17,2,13997578000000,178000,0.128506,7.78176,1.86567,2.29837e+08,4.288e+08,1000000000,0.536,536,0.8
17,0,13997579000000,182000,0.126516,7.90411,26.3158,5.776e+06,1.52e+08,4000000000,0.038,38,1
17,2,13997580000000,183000,0.126279,7.91899,12.0482,5.5112e+06,6.64e+07,1000000000,0.083,83,0.8
17,1,13997581000000,185000,0.128346,7.79144,3.14961,1.81451e+08,5.715e+08,2000000000,0.3175,317.5,0.9
17,0,13997582000000,189000,0.126397,7.91159,27.5862,5.25625e+06,1.45e+08,4000000000,0.03625,36.25,1
17,2,13997583000000,190000,0.128547,7.77923,1.86916,2.2898e+08,4.28e+08,1000000000,0.535,535,0.8
17,0,13997584000000,194000,0.126753,7.88939,24.0964,6.889e+06,1.66e+08,4000000000,0.0415,41.5,1
17,2,13997585000000,195000,0.126436,7.90915,15.3846,3.38e+06,5.2e+07,1000000000,0.065,65,0.8
17,1,13997586000000,197000,0.128365,7.79026,3.15956,1.8031e+08,5.697e+08,2000000000,0.3165,316.5,0.9
17,0,13997587000000,201000,0.126209,7.92337,50,1.6e+06,8e+07,4000000000,0.02,20,1
17,2,13997588000000,202000,0.128243,7.79772,1.8622,2.30695e+08,4.296e+08,1000000000,0.537,537,0.8
17,0,13997589000000,206000,0.126447,7.90848,27.972,5.11225e+06,1.43e+08,4000000000,0.03575,35.75,1
17,2,13997590000000,207000,0.126406,7.91103,8.47458,1.11392e+07,9.44e+07,1000000000,0.118,118,0.8
17,1,13997591000000,209000,0.128268,7.79618,3.11526,1.85474e+08,5.778e+08,2000000000,0.321,321,0.9
17,0,13997592000000,213000,0.126512,7.9044,28.777,4.83025e+06,1.39e+08,4000000000,0.03475,34.75,1
17,2,13997593000000,214000,0.128042,7.80993,2.20264,1.64893e+08,3.632e+08,1000000000,0.454,454,0.8
17,0,13997594000000,218000,0.126495,7.90543,22.8571,7.65625e+06,1.75e+08,4000000000,0.04375,43.75,1
17,2,13997595000000,219000,0.12642,7.91014,9.09091,9.68e+06,8.8e+07,1000000000,0.11,110,0.8
17,1,13997596000000,221000,0.128271,7.79596,3.02115,1.9721e+08,5.958e+08,2000000000,0.331,331,0.9
17,0,13997597000000,225000,0.126653,7.89557,26.8456,5.55025e+06,1.49e+08,4000000000,0.03725,37.25,1
17,2,13997598000000,226000,0.128071,7.80818,2.23714,1.59847e+08,3.576e+08,1000000000,0.447,447,0.8
17,0,13997599000000,230000,0.126574,7.90052,23.8095,7.056e+06,1.68e+08,4000000000,0.042,42,1
17,2,13997600000000,231000,0.126537,7.90284,8.47458,1.11392e+07,9.44e+07,1000000000,0.118,118,0.8
17,1,13997601000000,233000,0.128275,7.79577,3.03951,1.94834e+08,5.922e+08,2000000000,0.329,329,0.9
17,0,13997602000000,237000,0.126658,7.89526,30.7692,4.225e+06,1.3e+08,4000000000,0.0325,32.5,1
17,2,13997603000000,238000,0.128021,7.81122,2.21729,1.62721e+08,3.608e+08,1000000000,0.451,451,0.8
17,0,13997604000000,242000,0.126645,7.89611,22.3464,8.01025e+06,1.79e+08,4000000000,0.04475,44.75,1
17,2,13997605000000,243000,0.126576,7.90038,9.09091,9.68e+06,8.8e+07,1000000000,0.11,110,0.8
17,1,13997606000000,245000,0.128261,7.79659,3.003,1.996e+08,5.994e+08,2000000000,0.333,333,0.9
17,1,13997607000000,247000,0.127668,7.83282,18.1818,5.445e+06,9.9e+07,2000000000,0.055,55,0.9
17,1,13997608000000,248919,0.129375,7.72944,2.86418,2.19418e+08,6.28452e+08,2000000000,0.34914,335,0.9
17,1,13997609000000,248919,0.129375,7.72944,0,-nan,-nan,2000000000,-nan,0,0.9
17,1,13997610000000,248919,0.129375,7.72944,0,-nan,-nan,2000000000,-nan,0,0.9
17,1,13997611000000,248919,0.129375,7.72944,0,-nan,-nan,2000000000,-nan,0,0.9
17,1,13997612000000,248919,0.129375,7.72944,0,-nan,-nan,2000000000,-nan,0,0.9
17,1,13997613000000,248919,0.129375,7.72944,0,-nan,-nan,2000000000,-nan,0,0.9
18,2,13997501000000,1000,0.255,3.92157,3.92157,5.202e+07,2.04e+08,1000000000,0.255,255,0.8
18,0,13997502000000,5000,0.124,8.06452,10.9589,3.33062e+07,3.65e+08,4000000000,0.09125,91.25,1
18,1,13997503000000,7000,0.109714,9.11458,13.5135,9.8568e+06,1.332e+08,2000000000,0.074,74,0.9
18,2,13997504000000,8000,0.1715,5.8309,1.65563,2.91853e+08,4.832e+08,1000000000,0.604,604,0.8
18,0,13997505000000,12000,0.122,8.19672,43.4783,2.116e+06,9.2e+07,4000000000,0.023,23,1
18,2,13997506000000,13000,0.127692,7.83133,5.10204,3.07328e+07,1.568e+08,1000000000,0.196,196,0.8
18,1,13997507000000,15000,0.142667,7.00935,4.16667,1.0368e+08,4.32e+08,2000000000,0.24,240,0.9
18,0,13997508000000,19000,0.117263,8.52783,45.4545,1.936e+06,8.8e+07,4000000000,0.022,22,1
18,2,13997509000000,20000,0.1174,8.51789,8.33333,1.152e+07,9.6e+07,1000000000,0.12,120,0.8
18,2,13997510000000,21000,0.112381,8.89831,83.3333,115200,9.6e+06,1000000000,0.012,12,0.8
18,1,13997511000000,23000,0.107826,9.27419,16.6667,6.48e+06,1.08e+08,2000000000,0.06,60,0.9
18,2,13997512000000,24000,0.103833,9.63082,83.3333,115200,9.6e+06,1000000000,0.012,12,0.8
18,1,13997513000000,26000,0.100462,9.95406,16.6667,6.48e+06,1.08e+08,2000000000,0.06,60,0.9
18,2,13997514000000,27000,0.0971852,10.2896,83.3333,115200,9.6e+06,1000000000,0.012,12,0.8
18,1,13997515000000,29000,0.0962069,10.3943,12.0482,1.24002e+07,1.494e+08,2000000000,0.083,83,0.9
18,1,13997516000000,31000,0.103452,9.66635,4.79616,7.825e+07,3.753e+08,2000000000,0.2085,208.5,0.9
18,2,13997517000000,32000,0.10575,9.45626,5.64972,2.50632e+07,1.416e+08,1000000000,0.177,177,0.8
18,1,13997518000000,34000,0.103412,9.67008,15.1515,7.8408e+06,1.188e+08,2000000000,0.066,66,0.9
18,0,13997519000000,38000,0.109579,9.12584,6.17284,1.04976e+08,6.48e+08,4000000000,0.162,162,1
18,2,13997520000000,39000,0.109487,9.13349,9.43396,8.9888e+06,8.48e+07,1000000000,0.106,106,0.8
18,0,13997521000000,43000,0.114605,8.72565,6.07903,1.08241e+08,6.58e+08,4000000000,0.1645,164.5,1
18,2,13997522000000,44000,0.1145,8.73362,9.09091,9.68e+06,8.8e+07,1000000000,0.11,110,0.8
18,1,13997523000000,46000,0.117391,8.51852,5.52486,5.89698e+07,3.258e+08,2000000000,0.181,181,0.9
18,0,13997524000000,50000,0.11392,8.77809,13.5135,2.1904e+07,2.96e+08,4000000000,0.074,74,1
18,2,13997525000000,51000,0.114588,8.7269,6.75676,1.75232e+07,1.184e+08,1000000000,0.148,148,0.8
18,0,13997526000000,55000,0.117455,8.51393,6.49351,9.4864e+07,6.16e+08,4000000000,0.154,154,1
18,2,13997527000000,56000,0.117393,8.51841,8.77193,1.03968e+07,9.12e+07,1000000000,0.114,114,0.8
18,1,13997528000000,58000,0.124552,8.02879,3.07692,1.90125e+08,5.85e+08,2000000000,0.325,325,0.9
18,0,13997529000000,62000,0.118839,8.41477,27.7778,5.184e+06,1.44e+08,4000000000,0.036,36,1
18,2,13997530000000,63000,0.118889,8.41121,8.19672,1.19072e+07,9.76e+07,1000000000,0.122,122,0.8
18,0,13997531000000,67000,0.119522,8.36663,7.72201,6.7081e+07,5.18e+08,4000000000,0.1295,129.5,1
18,2,13997532000000,68000,0.12,8.33333,6.57895,1.84832e+07,1.216e+08,1000000000,0.152,152,0.8
18,1,13997533000000,70000,0.125314,7.97994,3.26797,1.68545e+08,5.508e+08,2000000000,0.306,306,0.9
18,0,13997534000000,74000,0.120324,8.31087,30.303,4.356e+06,1.32e+08,4000000000,0.033,33,1
18,2,13997535000000,75000,0.123053,8.12656,3.07692,8.45e+07,2.6e+08,1000000000,0.325,325,0.8
18,0,13997536000000,79000,0.120608,8.29135,13.3779,2.23502e+07,2.99e+08,4000000000,0.07475,74.75,1
18,2,13997537000000,80000,0.120575,8.29359,8.47458,1.11392e+07,9.44e+07,1000000000,0.118,118,0.8
18,1,13997538000000,82000,0.125561,7.96426,3.07692,1.90125e+08,5.85e+08,2000000000,0.325,325,0.9
18,0,13997539000000,86000,0.121395,8.23755,27.7778,5.184e+06,1.44e+08,4000000000,0.036,36,1
18,2,13997540000000,87000,0.124782,8.014,2.40385,1.38445e+08,3.328e+08,1000000000,0.416,416,0.8
18,0,13997541000000,91000,0.121802,8.21003,17.5439,1.2996e+07,2.28e+08,4000000000,0.057,57,1
18,2,13997542000000,92000,0.121543,8.22751,10.2041,7.6832e+06,7.84e+07,1000000000,0.098,98,0.8
18,1,13997543000000,94000,0.125872,7.94456,3.07692,1.90125e+08,5.85e+08,2000000000,0.325,325,0.9
18,0,13997544000000,98000,0.122306,8.17621,25.974,5.929e+06,1.54e+08,4000000000,0.0385,38.5,1
18,2,13997545000000,99000,0.125899,7.94288,2.09205,1.82787e+08,3.824e+08,1000000000,0.478,478,0.8
18,0,13997546000000,103000,0.12233,8.1746,29.4118,4.624e+06,1.36e+08,4000000000,0.034,34,1
18,2,13997547000000,104000,0.122288,8.17739,8.47458,1.11392e+07,9.44e+07,1000000000,0.118,118,0.8
18,1,13997548000000,106000,0.126113,7.92938,3.07692,1.90125e+08,5.85e+08,2000000000,0.325,325,0.9
18,0,13997549000000,110000,0.122836,8.14091,27.7778,5.184e+06,1.44e+08,4000000000,0.036,36,1
18,2,13997550000000,111000,0.125991,7.93708,2.11416,1.78983e+08,3.784e+08,1000000000,0.473,473,0.8
18,0,13997551000000,115000,0.123096,8.12376,23.3918,7.31025e+06,1.71e+08,4000000000,0.04275,42.75,1
18,2,13997552000000,116000,0.122879,8.13807,10.2041,7.6832e+06,7.84e+07,1000000000,0.098,98,0.8
18,1,13997553000000,118000,0.126305,7.91734,3.07692,1.90125e+08,5.85e+08,2000000000,0.325,325,0.9
18,0,13997554000000,122000,0.123197,8.1171,31.746,3.969e+06,1.26e+08,4000000000,0.0315,31.5,1
18,2,13997555000000,123000,0.126089,7.93088,2.08768,1.83553e+08,3.832e+08,1000000000,0.479,479,0.8
18,0,13997556000000,127000,0.123465,8.09949,23.3918,7.31025e+06,1.71e+08,4000000000,0.04275,42.75,1
18,1,13997557000000,129000,0.122457,8.16611,17.094,6.16005e+06,1.053e+08,2000000000,0.0585,58.5,0.9
18,2,13997558000000,130000,0.126546,7.90226,1.52905,3.42173e+08,5.232e+08,1000000000,0.654,654,0.8
18,0,13997559000000,134000,0.123731,8.08203,31.0078,4.16025e+06,1.29e+08,4000000000,0.03225,32.25,1
18,2,13997560000000,135000,0.124556,8.02855,4.25532,4.418e+07,1.88e+08,1000000000,0.235,235,0.8
18,0,13997561000000,139000,0.126906,7.87982,4.84848,1.70156e+08,8.25e+08,4000000000,0.20625,206.25,1
18,1,13997562000000,141000,0.125887,7.94366,18.1818,5.445e+06,9.9e+07,2000000000,0.055,55,0.9
18,2,13997563000000,142000,0.128901,7.75787,1.80505,2.45533e+08,4.432e+08,1000000000,0.554,554,0.8
18,0,13997564000000,146000,0.126411,7.91071,26.3158,5.776e+06,1.52e+08,4000000000,0.038,38,1
18,2,13997565000000,147000,0.125776,7.95067,30.303,871200,2.64e+07,1000000000,0.033,33,0.8
18,1,13997566000000,149000,0.128483,7.78312,3.05344,1.93061e+08,5.895e+08,2000000000,0.3275,327.5,0.9
18,0,13997567000000,153000,0.125961,7.93898,31.25,4.096e+06,1.28e+08,4000000000,0.032,32,1
18,2,13997568000000,154000,0.128513,7.78131,1.92678,2.15489e+08,4.152e+08,1000000000,0.519,519,0.8
18,0,13997569000000,158000,0.126278,7.91901,24.8447,6.48025e+06,1.61e+08,4000000000,0.04025,40.25,1
18,2,13997570000000,159000,0.126013,7.93572,11.9048,5.6448e+06,6.72e+07,1000000000,0.084,84,0.8
18,1,13997571000000,161000,0.128447,7.7853,3.10559,1.86631e+08,5.796e+08,2000000000,0.322,322,0.9
18,0,13997572000000,165000,0.126109,7.92964,31.25,4.096e+06,1.28e+08,4000000000,0.032,32,1
18,2,13997573000000,166000,0.12847,7.78393,1.9305,2.14659e+08,4.144e+08,1000000000,0.518,518,0.8
18,0,13997574000000,170000,0.126312,7.91692,27.2109,5.40225e+06,1.47e+08,4000000000,0.03675,36.75,1
18,2,13997575000000,171000,0.126117,7.92915,10.7527,6.9192e+06,7.44e+07,1000000000,0.093,93,0.8
18,1,13997576000000,173000,0.12837,7.78999,3.11526,1.85474e+08,5.778e+08,2000000000,0.321,321,0.9
18,0,13997577000000,177000,0.126203,7.92372,30.7692,4.225e+06,1.3e+08,4000000000,0.0325,32.5,1
18,2,13997578000000,178000,0.128506,7.78176,1.86567,2.29837e+08,4.288e+08,1000000000,0.536,536,0.8
18,0,13997579000000,182000,0.126516,7.90411,26.3158,5.776e+06,1.52e+08,4000000000,0.038,38,1
18,2,13997580000000,183000,0.126279,7.91899,12.0482,5.5112e+06,6.64e+07,1000000000,0.083,83,0.8
18,1,13997581000000,185000,0.128346,7.79144,3.14961,1.81451e+08,5.715e+08,2000000000,0.3175,317.5,0.9
18,0,13997582000000,189000,0.126397,7.91159,27.5862,5.25625e+06,1.45e+08,4000000000,0.03625,36.25,1
18,2,13997583000000,190000,0.128547,7.77923,1.86916,2.2898e+08,4.28e+08,1000000000,0.535,535,0.8
18,0,13997584000000,194000,0.126753,7.88939,24.0964,6.889e+06,1.66e+08,4000000000,0.0415,41.5,1
18,2,13997585000000,195000,0.126436,7.90915,15.3846,3.38e+06,5.2e+07,1000000000,0.065,65,0.8
18,1,13997586000000,197000,0.128365,7.79026,3.15956,1.8031e+08,5.697e+08,2000000000,0.3165,316.5,0.9
18,0,13997587000000,201000,0.126209,7.92337,50,1.6e+06,8e+07,4000000000,0.02,20,1
18,2,13997588000000,202000,0.128243,7.79772,1.8622,2.30695e+08,4.296e+08,1000000000,0.537,537,0.8
18,0,13997589000000,206000,0.126447,7.90848,27.972,5.11225e+06,1.43e+08,4000000000,0.03575,35.75,1
18,2,13997590000000,207000,0.126406,7.91103,8.47458,1.11392e+07,9.44e+07,1000000000,0.118,118,0.8
18,1,13997591000000,209000,0.128268,7.79618,3.11526,1.85474e+08,5.778e+08,2000000000,0.321,321,0.9
18,0,13997592000000,213000,0.126512,7.9044,28.777,4.83025e+06,1.39e+08,4000000000,0.03475,34.75,1
18,2,13997593000000,214000,0.128042,7.80993,2.20264,1.64893e+08,3.632e+08,1000000000,0.454,454,0.8
18,0,13997594000000,218000,0.126495,7.90543,22.8571,7.65625e+06,1.75e+08,4000000000,0.04375,43.75,1
18,2,13997595000000,219000,0.12642,7.91014,9.09091,9.68e+06,8.8e+07,1000000000,0.11,110,0.8
18,1,13997596000000,221000,0.128271,7.79596,3.02115,1.9721e+08,5.958e+08,2000000000,0.331,331,0.9
18,0,13997597000000,225000,0.126653,7.89557,26.8456,5.55025e+06,1.49e+08,4000000000,0.03725,37.25,1
18,2,13997598000000,226000,0.128071,7.80818,2.23714,1.59847e+08,3.576e+08,1000000000,0.447,447,0.8
18,0,13997599000000,230000,0.126574,7.90052,23.8095,7.056e+06,1.68e+08,4000000000,0.042,42,1
18,2,13997600000000,231000,0.126537,7.90284,8.47458,1.11392e+07,9.44e+07,1000000000,0.118,118,0.8
18,1,13997601000000,233000,0.128275,7.79577,3.03951,1.94834e+08,5.922e+08,2000000000,0.329,329,0.9
18,0,13997602000000,237000,0.126658,7.89526,30.7692,4.225e+06,1.3e+08,4000000000,0.0325,32.5,1
18,2,13997603000000,238000,0.128021,7.81122,2.21729,1.62721e+08,3.608e+08,1000000000,0.451,451,0.8
18,0,13997604000000,242000,0.126645,7.89611,22.3464,8.01025e+06,1.79e+08,4000000000,0.04475,44.75,1
18,2,13997605000000,243000,0.126576,7.90038,9.09091,9.68e+06,8.8e+07,1000000000,0.11,110,0.8
18,1,13997606000000,245000,0.128261,7.79659,3.003,1.996e+08,5.994e+08,2000000000,0.333,333,0.9
18,1,13997607000000,247000,0.127668,7.83282,18.1818,5.445e+06,9.9e+07,2000000000,0.055,55,0.9
18,1,13997608000000,248919,0.129375,7.72944,2.86418,2.19418e+08,6.28452e+08,2000000000,0.34914,335,0.9
18,1,13997609000000,248919,0.129375,7.72944,0,-nan,-nan,2000000000,-nan,0,0.9
18,1,13997610000000,248919,0.129375,7.72944,0,-nan,-nan,2000000000,-nan,0,0.9
18,1,13997611000000,248919,0.129375,7.72944,0,-nan,-nan,2000000000,-nan,0,0.9
18,1,13997612000000,248919,0.129375,7.72944,0,-nan,-nan,2000000000,-nan,0,0.9
18,1,13997613000000,248919,0.129375,7.72944,0,-nan,-nan,2000000000,-nan,0,0.9
19,2,13997501000000,1000,0.255,3.92157,3.92157,5.202e+07,2.04e+08,1000000000,0.255,255,0.8
19,0,13997502000000,5000,0.124,8.06452,10.9589,3.33062e+07,3.65e+08,4000000000,0.09125,91.25,1
19,1,13997503000000,7000,0.109714,9.11458,13.5135,9.8568e+06,1.332e+08,2000000000,0.074,74,0.9
19,2,13997504000000,8000,0.1715,5.8309,1.65563,2.91853e+08,4.832e+08,1000000000,0.604,604,0.8
19,0,13997505000000,12000,0.122,8.19672,43.4783,2.116e+06,9.2e+07,4000000000,0.023,23,1
19,2,13997506000000,13000,0.127692,7.83133,5.10204,3.07328e+07,1.568e+08,1000000000,0.196,196,0.8
19,1,13997507000000,15000,0.142667,7.00935,4.16667,1.0368e+08,4.32e+08,2000000000,0.24,240,0.9
19,0,13997508000000,19000,0.117263,8.52783,45.4545,1.936e+06,8.8e+07,4000000000,0.022,22,1
19,2,13997509000000,20000,0.1174,8.51789,8.33333,1.152e+07,9.6e+07,1000000000,0.12,120,0.8
19,2,13997510000000,21000,0.112381,8.89831,83.3333,115200,9.6e+06,1000000000,0.012,12,0.8
19,1,13997511000000,23000,0.107826,9.27419,16.6667,6.48e+06,1.08e+08,2000000000,0.06,60,0.9
19,2,13997512000000,24000,0.103833,9.63082,83.3333,115200,9.6e+06,1000000000,0.012,12,0.8
19,1,13997513000000,26000,0.100462,9.95406,16.6667,6.48e+06,1.08e+08,2000000000,0.06,60,0.9
19,2,13997514000000,27000,0.0971852,10.2896,83.3333,115200,9.6e+06,1000000000,0.012,12,0.8
19,1,13997515000000,29000,0.0962069,10.3943,12.0482,1.24002e+07,1.494e+08,2000000000,0.083,83,0.9
19,1,13997516000000,31000,0.103452,9.66635,4.79616,7.825e+07,3.753e+08,2000000000,0.2085,208.5,0.9
19,2,13997517000000,32000,0.10575,9.45626,5.64972,2.50632e+07,1.416e+08,1000000000,0.177,177,0.8
19,1,13997518000000,34000,0.103412,9.67008,15.1515,7.8408e+06,1.188e+08,2000000000,0.066,66,0.9
19,0,13997519000000,38000,0.109579,9.12584,6.17284,1.04976e+08,6.48e+08,4000000000,0.162,162,1
19,2,13997520000000,39000,0.109487,9.13349,9.43396,8.9888e+06,8.48e+07,1000000000,0.106,106,0.8
19,0,13997521000000,43000,0.114605,8.72565,6.07903,1.08241e+08,6.58e+08,4000000000,0.1645,164.5,1
19,2,13997522000000,44000,0.1145,8.73362,9.09091,9.68e+06,8.8e+07,1000000000,0.11,110,0.8
19,1,13997523000000,46000,0.117391,8.51852,5.52486,5.89698e+07,3.258e+08,2000000000,0.181,181,0.9
19,0,13997524000000,50000,0.11392,8.77809,13.5135,2.1904e+07,2.96e+08,4000000000,0.074,74,1
19,2,13997525000000,51000,0.114588,8.7269,6.75676,1.75232e+07,1.184e+08,1000000000,0.148,148,0.8
19,0,13997526000000,55000,0.117455,8.51393,6.49351,9.4864e+07,6.16e+08,4000000000,0.154,154,1
19,2,13997527000000,56000,0.117393,8.51841,8.77193,1.03968e+07,9.12e+07,1000000000,0.114,114,0.8
19,1,13997528000000,58000,0.124552,8.02879,3.07692,1.90125e+08,5.85e+08,2000000000,0.325,325,0.9
19,0,13997529000000,62000,0.118839,8.41477,27.7778,5.184e+06,1.44e+08,4000000000,0.036,36,1
19,2,13997530000000,63000,0.118889,8.41121,8.19672,1.19072e+07,9.76e+07,1000000000,0.122,122,0.8
19,0,13997531000000,67000,0.119522,8.36663,7.72201,6.7081e+07,5.18e+08,4000000000,0.1295,129.5,1
19,2,13997532000000,68000,0.12,8.33333,6.57895,1.84832e+07,1.216e+08,1000000000,0.152,152,0.8
19,1,13997533000000,70000,0.125314,7.97994,3.26797,1.68545e+08,5.508e+08,2000000000,0.306,306,0.9
19,0,13997534000000,74000,0.120324,8.31087,30.303,4.356e+06,1.32e+08,4000000000,0.033,33,1
19,2,13997535000000,75000,0.123053,8.12656,3.07692,8.45e+07,2.6e+08,1000000000,0.325,325,0.8
19,0,13997536000000,79000,0.120608,8.29135,13.3779,2.23502e+07,2.99e+08,4000000000,0.07475,74.75,1
19,2,13997537000000,80000,0.120575,8.29359,8.47458,1.11392e+07,9.44e+07,1000000000,0.118,118,0.8
19,1,13997538000000,82000,0.125561,7.96426,3.07692,1.90125e+08,5.85e+08,2000000000,0.325,325,0.9
19,0,13997539000000,86000,0.121395,8.23755,27.7778,5.184e+06,1.44e+08,4000000000,0.036,36,1
19,2,13997540000000,87000,0.124782,8.014,2.40385,1.38445e+08,3.328e+08,1000000000,0.416,416,0.8
19,0,13997541000000,91000,0.121802,8.21003,17.5439,1.2996e+07,2.28e+08,4000000000,0.057,57,1
19,2,13997542000000,92000,0.121543,8.22751,10.2041,7.6832e+06,7.84e+07,1000000000,0.098,98,0.8
19,1,13997543000000,94000,0.125872,7.94456,3.07692,1.90125e+08,5.85e+08,2000000000,0.325,325,0.9
19,0,13997544000000,98000,0.122306,8.17621,25.974,5.929e+06,1.54e+08,4000000000,0.0385,38.5,1
19,2,13997545000000,99000,0.125899,7.94288,2.09205,1.82787e+08,3.824e+08,1000000000,0.478,478,0.8
19,0,13997546000000,103000,0.12233,8.1746,29.4118,4.624e+06,1.36e+08,4000000000,0.034,34,1
19,2,13997547000000,104000,0.122288,8.17739,8.47458,1.11392e+07,9.44e+07,1000000000,0.118,118,0.8
19,1,13997548000000,106000,0.126113,7.92938,3.07692,1.90125e+08,5.85e+08,2000000000,0.325,325,0.9
19,0,13997549000000,110000,0.122836,8.14091,27.7778,5.184e+06,1.44e+08,4000000000,0.036,36,1
19,2,13997550000000,111000,0.125982,7.93764,2.11864,1.78227e+08,3.776e+08,1000000000,0.472,472,0.8
19,0,13997551000000,115000,0.122991,8.13066,25,6.4e+06,1.6e+08,4000000000,0.04,40,1
19,2,13997552000000,116000,0.122948,8.1335,8.47458,1.11392e+07,9.44e+07,1000000000,0.118,118,0.8
19,1,13997553000000,118000,0.126432,7.90938,3.04414,1.94242e+08,5.913e+08,2000000000,0.3285,328.5,0.9
19,0,13997554000000,122000,0.123344,8.10739,31.0078,4.16025e+06,1.29e+08,4000000000,0.03225,32.25,1
19,2,13997555000000,123000,0.126154,7.92679,2.1322,1.75969e+08,3.752e+08,1000000000,0.469,469,0.8
19,0,13997556000000,127000,0.123402,8.10362,25.8065,6.00625e+06,1.55e+08,4000000000,0.03875,38.75,1
19,1,13997557000000,129000,0.122791,8.14394,11.9048,1.27008e+07,1.512e+08,2000000000,0.084,84,0.9
19,2,13997558000000,130000,0.126577,7.90033,1.62602,3.0258e+08,4.92e+08,1000000000,0.615,615,0.8
19,0,13997559000000,134000,0.123836,8.07521,28.777,4.83025e+06,1.39e+08,4000000000,0.03475,34.75,1
19,2,13997560000000,135000,0.124807,8.01234,3.92157,5.202e+07,2.04e+08,1000000000,0.255,255,0.8
19,0,13997561000000,139000,0.126906,7.87982,5.05689,1.5642e+08,7.91e+08,4000000000,0.19775,197.75,1
19,1,13997562000000,141000,0.125106,7.9932,0,0,0,2000000000,0,0,0.9
19,2,13997563000000,142000,0.124225,8.04989,0,0,0,1000000000,0,0,0.8
19,0,13997564000000,146000,0.121623,8.22211,34.188,3.42225e+06,1.17e+08,4000000000,0.02925,29.25,1
19,2,13997565000000,147000,0.124925,8.00479,1.64745,2.94759e+08,4.856e+08,1000000000,0.607,607,0.8
19,1,13997566000000,149000,0.123866,8.07326,21.7391,3.8088e+06,8.28e+07,2000000000,0.046,46,0.9
19,0,13997567000000,153000,0.123582,8.09181,8.84956,5.1076e+07,4.52e+08,4000000000,0.113,113,1
19,2,13997568000000,154000,0.12426,8.04766,4.38596,4.15872e+07,1.824e+08,1000000000,0.228,228,0.8
19,0,13997569000000,158000,0.122032,8.1946,27.5862,5.25625e+06,1.45e+08,4000000000,0.03625,36.25,1
19,2,13997570000000,159000,0.125151,7.99035,1.61812,3.05539e+08,4.944e+08,1000000000,0.618,618,0.8
19,1,13997571000000,161000,0.124174,8.05322,21.5054,3.89205e+06,8.37e+07,2000000000,0.0465,46.5,0.9
19,0,13997572000000,165000,0.123212,8.11608,11.8343,2.8561e+07,3.38e+08,4000000000,0.0845,84.5,1
19,2,13997573000000,166000,0.124506,8.03174,2.95858,9.13952e+07,2.704e+08,1000000000,0.338,338,0.8
19,0,13997574000000,170000,0.122118,8.18882,43.4783,2.116e+06,9.2e+07,4000000000,0.023,23,1
19,2,13997575000000,171000,0.12476,8.01537,1.74216,2.63581e+08,4.592e+08,1000000000,0.574,574,0.8
19,1,13997576000000,173000,0.124017,8.06339,16.5289,6.58845e+06,1.089e+08,2000000000,0.0605,60.5,0.9
19,0,13997577000000,177000,0.121898,8.20356,33.0579,3.66025e+06,1.21e+08,4000000000,0.03025,30.25,1
19,2,13997578000000,178000,0.124764,8.01513,1.58228,3.19539e+08,5.056e+08,1000000000,0.632,632,0.8
19,0,13997579000000,182000,0.122505,8.1629,45.4545,1.936e+06,8.8e+07,4000000000,0.022,22,1
19,2,13997580000000,183000,0.123262,8.11278,3.83142,5.44968e+07,2.088e+08,1000000000,0.261,261,0.8
19,1,13997581000000,185000,0.124303,8.04488,4.55581,8.67244e+07,3.951e+08,2000000000,0.2195,219.5,0.9
19,0,13997582000000,189000,0.122349,8.17333,31.25,4.096e+06,1.28e+08,4000000000,0.032,32,1
19,2,13997583000000,190000,0.124832,8.01079,1.6835,2.82269e+08,4.752e+08,1000000000,0.594,594,0.8
19,0,13997584000000,194000,0.122845,8.14032,35.0877,3.249e+06,1.14e+08,4000000000,0.0285,28.5,1
19,2,13997585000000,195000,0.122682,8.15115,10.989,6.6248e+06,7.28e+07,1000000000,0.091,91,0.8
19,1,13997586000000,197000,0.124406,8.03819,3.4188,1.54001e+08,5.265e+08,2000000000,0.2925,292.5,0.9
19,0,13997587000000,201000,0.122677,8.15151,26.6667,5.625e+06,1.5e+08,4000000000,0.0375,37.5,1
19,2,13997588000000,202000,0.12449,8.03277,2.04499,1.91297e+08,3.912e+08,1000000000,0.489,489,0.8
19,0,13997589000000,206000,0.12268,8.15131,32,3.90625e+06,1.25e+08,4000000000,0.03125,31.25,1
19,2,13997590000000,207000,0.122657,8.15282,8.47458,1.11392e+07,9.44e+07,1000000000,0.118,118,0.8
19,1,13997591000000,209000,0.124612,8.02488,3.0581,1.92472e+08,5.886e+08,2000000000,0.327,327,0.9
19,0,13997592000000,213000,0.12293,8.13474,28.5714,4.9e+06,1.4e+08,4000000000,0.035,35,1
19,2,13997593000000,214000,0.124547,8.02911,2.1322,1.75969e+08,3.752e+08,1000000000,0.469,469,0.8
19,0,13997594000000,218000,0.122972,8.1319,25.8065,6.00625e+06,1.55e+08,4000000000,0.03875,38.75,1
19,2,13997595000000,219000,0.12295,8.1334,8.47458,1.11392e+07,9.44e+07,1000000000,0.118,118,0.8
19,1,13997596000000,221000,0.124851,8.00957,3.003,1.996e+08,5.994e+08,2000000000,0.333,333,0.9
19,0,13997597000000,225000,0.123253,8.11337,28.5714,4.9e+06,1.4e+08,4000000000,0.035,35,1
19,2,13997598000000,226000,0.124619,8.02443,2.31481,1.49299e+08,3.456e+08,1000000000,0.432,432,0.8
19,0,13997599000000,230000,0.123235,8.11459,22.2222,8.1e+06,1.8e+08,4000000000,0.045,45,1
19,2,13997600000000,231000,0.123177,8.11837,9.09091,9.68e+06,8.8e+07,1000000000,0.11,110,0.8
19,1,13997601000000,233000,0.124979,8.00137,3.003,1.996e+08,5.994e+08,2000000000,0.333,333,0.9
19,0,13997602000000,237000,0.123447,8.10063,29.1971,4.69225e+06,1.37e+08,4000000000,0.03425,34.25,1
19,2,13997603000000,238000,0.124899,8.00646,2.1322,1.75969e+08,3.752e+08,1000000000,0.469,469,0.8
19,0,13997604000000,242000,0.123471,8.09906,25.974,5.929e+06,1.54e+08,4000000000,0.0385,38.5,1
19,2,13997605000000,243000,0.123449,8.10054,8.47458,1.11392e+07,9.44e+07,1000000000,0.118,118,0.8
19,1,13997606000000,245000,0.125143,7.99087,3.02115,1.9721e+08,5.958e+08,2000000000,0.331,331,0.9
19,1,13997607000000,247000,0.124713,8.01844,13.8889,9.3312e+06,1.296e+08,2000000000,0.072,72,0.9
19,1,13997608000000,249000,0.126185,7.92489,3.24675,1.70755e+08,5.544e+08,2000000000,0.308,308,0.9
19,1,13997609000000,251000,0.125833,7.94706,12.1951,1.21032e+07,1.476e+08,2000000000,0.082,82,0.9
19,1,13997610000000,253000,0.125968,7.9385,6.99301,3.68082e+07,2.574e+08,2000000000,0.143,143,0.9
19,1,13997611000000,253635,0.12697,7.87588,1.9012,4.97987e+08,9.46772e+08,2000000000,0.525984,167,0.9
19,1,13997612000000,253635,0.12697,7.87588,0,-nan,-nan,2000000000,-nan,0,0.9
19,1,13997613000000,253635,0.12697,7.87588,0,-nan,-nan,2000000000,-nan,0,0.9
20,2,13997501000000,1000,0.194,5.15464,5.15464,3.01088e+07,1.552e+08,1000000000,0.194,194,0.8
20,0,13997502000000,5000,0.124,8.06452,9.38967,4.5369e+07,4.26e+08,4000000000,0.1065,106.5,1
20,1,13997503000000,7000,0.109714,9.11458,13.5135,9.8568e+06,1.332e+08,2000000000,0.074,74,0.9
20,2,13997504000000,8000,0.1715,5.8309,1.65563,2.91853e+08,4.832e+08,1000000000,0.604,604,0.8
20,0,13997505000000,12000,0.122,8.19672,43.4783,2.116e+06,9.2e+07,4000000000,0.023,23,1
20,2,13997506000000,13000,0.126769,7.88835,5.43478,2.70848e+07,1.472e+08,1000000000,0.184,184,0.8
20,1,13997507000000,15000,0.142667,7.00935,4.06504,1.08929e+08,4.428e+08,2000000000,0.246,246,0.9
20,0,13997508000000,19000,0.117263,8.52783,45.4545,1.936e+06,8.8e+07,4000000000,0.022,22,1
20,2,13997509000000,20000,0.1174,8.51789,8.33333,1.152e+07,9.6e+07,1000000000,0.12,120,0.8
20,2,13997510000000,21000,0.112381,8.89831,83.3333,115200,9.6e+06,1000000000,0.012,12,0.8
20,1,13997511000000,23000,0.107826,9.27419,16.6667,6.48e+06,1.08e+08,2000000000,0.06,60,0.9
20,2,13997512000000,24000,0.103833,9.63082,83.3333,115200,9.6e+06,1000000000,0.012,12,0.8
20,1,13997513000000,26000,0.0978077,10.2241,39.2157,1.17045e+06,4.59e+07,2000000000,0.0255,25.5,0.9
20,2,13997514000000,27000,0.0967407,10.3369,14.4928,3.8088e+06,5.52e+07,1000000000,0.069,69,0.8
20,1,13997515000000,29000,0.0904828,11.0518,166.667,64800,1.08e+07,2000000000,0.006,6,0.9
20,1,13997516000000,31000,0.09,11.1111,12.0482,1.24002e+07,1.494e+08,2000000000,0.083,83,0.9
20,2,13997517000000,32000,0.0951875,10.5056,3.90625,5.24288e+07,2.048e+08,1000000000,0.256,256,0.8
20,1,13997518000000,34000,0.0999706,10.0029,5.66572,5.6074e+07,3.177e+08,2000000000,0.1765,176.5,0.9
20,0,13997519000000,38000,0.0931053,10.7405,28.777,4.83025e+06,1.39e+08,4000000000,0.03475,34.75,1
20,2,13997520000000,39000,0.106821,9.3615,1.59236,3.15507e+08,5.024e+08,1000000000,0.628,628,0.8
20,0,13997521000000,43000,0.099907,10.0093,30.7692,4.225e+06,1.3e+08,4000000000,0.0325,32.5,1
20,2,13997522000000,44000,0.101136,9.88764,6.49351,1.89728e+07,1.232e+08,1000000000,0.154,154,0.8
20,1,13997523000000,46000,0.107196,9.32874,4.158,1.04112e+08,4.329e+08,2000000000,0.2405,240.5,0.9
20,0,13997524000000,50000,0.10148,9.85416,27.972,5.11225e+06,1.43e+08,4000000000,0.03575,35.75,1
20,2,13997525000000,51000,0.111157,8.9963,1.68067,2.8322e+08,4.76e+08,1000000000,0.595,595,0.8
20,0,13997526000000,55000,0.106036,9.43073,24.5399,6.64225e+06,1.63e+08,4000000000,0.04075,40.75,1
20,2,13997527000000,56000,0.105286,9.49796,15.625,3.2768e+06,5.12e+07,1000000000,0.064,64,0.8
20,1,13997528000000,58000,0.111569,8.96307,3.47826,1.48781e+08,5.175e+08,2000000000,0.2875,287.5,0.9
20,0,13997529000000,62000,0.106613,9.37973,28.777,4.83025e+06,1.39e+08,4000000000,0.03475,34.75,1
20,2,13997530000000,63000,0.113778,8.78906,1.79211,2.49091e+08,4.464e+08,1000000000,0.558,558,0.8
20,0,13997531000000,67000,0.10997,9.09338,20,1e+07,2e+08,4000000000,0.05,50,1
20,2,13997532000000,68000,0.108603,9.20785,58.8235,231200,1.36e+07,1000000000,0.017,17,0.8
20,1,13997533000000,70000,0.114343,8.74563,3.23102,1.72422e+08,5.571e+08,2000000000,0.3095,309.5,0.9
20,0,13997534000000,74000,0.109946,9.09538,30.303,4.356e+06,1.32e+08,4000000000,0.033,33,1
20,2,13997535000000,75000,0.115533,8.65551,1.89036,2.23873e+08,4.232e+08,1000000000,0.529,529,0.8
20,0,13997536000000,79000,0.112013,8.92756,21.7391,8.464e+06,1.84e+08,4000000000,0.046,46,1
20,2,13997537000000,80000,0.111463,8.97163,14.7059,3.6992e+06,5.44e+07,1000000000,0.068,68,0.8
20,1,13997538000000,82000,0.116476,8.58549,3.15457,1.8088e+08,5.706e+08,2000000000,0.317,317,0.9
20,0,13997539000000,86000,0.112465,8.89165,33.0579,3.66025e+06,1.21e+08,4000000000,0.03025,30.25,1
20,2,13997540000000,87000,0.117471,8.51272,1.82482,2.40243e+08,4.384e+08,1000000000,0.548,548,0.8
20,0,13997541000000,91000,0.114626,8.724,18.9573,1.11302e+07,2.11e+08,4000000000,0.05275,52.75,1
20,2,13997542000000,92000,0.113783,8.78869,27.027,1.0952e+06,2.96e+07,1000000000,0.037,37,0.8
20,1,13997543000000,94000,0.117915,8.48069,3.24675,1.70755e+08,5.544e+08,2000000000,0.308,308,0.9
20,0,13997544000000,98000,0.11449,8.7344,29.4118,4.624e+06,1.36e+08,4000000000,0.034,34,1
20,2,13997545000000,99000,0.118747,8.42123,1.86567,2.29837e+08,4.288e+08,1000000000,0.536,536,0.8
20,0,13997546000000,103000,0.116184,8.607,18.9573,1.11302e+07,2.11e+08,4000000000,0.05275,52.75,1
20,2,13997547000000,104000,0.115423,8.66378,27.027,1.0952e+06,2.96e+07,1000000000,0.037,37,0.8
20,1,13997548000000,106000,0.118943,8.40736,3.31126,1.64167e+08,5.436e+08,2000000000,0.302,302,0.9
20,0,13997549000000,110000,0.115945,8.62475,27.3973,5.329e+06,1.46e+08,4000000000,0.0365,36.5,1
20,2,13997550000000,111000,0.119721,8.35277,1.86916,2.2898e+08,4.28e+08,1000000000,0.535,535,0.8
20,0,13997551000000,115000,0.117339,8.52231,19.5122,1.05062e+07,2.05e+08,4000000000,0.05125,51.25,1
20,2,13997552000000,116000,0.116698,8.56911,23.2558,1.4792e+06,3.44e+07,1000000000,0.043,43,0.8
20,1,13997553000000,118000,0.119898,8.3404,3.27332,1.67994e+08,5.499e+08,2000000000,0.3055,305.5,0.9
20,0,13997554000000,122000,0.117049,8.54342,30.303,4.356e+06,1.32e+08,4000000000,0.033,33,1
20,2,13997555000000,123000,0.120528,8.2968,1.83486,2.3762e+08,4.36e+08,1000000000,0.545,545,0.8
20,0,13997556000000,127000,0.118323,8.45145,19.802,1.0201e+07,2.02e+08,4000000000,0.0505,50.5,1
20,1,13997557000000,129000,0.116938,8.55154,34.4828,1.5138e+06,5.22e+07,2000000000,0.029,29,0.9
20,2,13997558000000,130000,0.120638,8.28923,1.67224,2.86083e+08,4.784e+08,1000000000,0.598,598,0.8
20,0,13997559000000,134000,0.118104,8.46708,27.972,5.11225e+06,1.43e+08,4000000000,0.03575,35.75,1
20,2,13997560000000,135000,0.119733,8.35189,2.95858,9.13952e+07,2.704e+08,1000000000,0.338,338,0.8
20,0,13997561000000,139000,0.118388,8.44677,13.6986,2.1316e+07,2.92e+08,4000000000,0.073,73,1
20,1,13997562000000,141000,0.117702,8.49602,14.2857,8.82e+06,1.26e+08,2000000000,0.07,70,0.9
20,2,13997563000000,142000,0.121437,8.23475,1.54321,3.35923e+08,5.184e+08,1000000000,0.648,648,0.8
20,0,13997564000000,146000,0.120822,8.27664,10.101,3.9204e+07,3.96e+08,4000000000,0.099,99,1
20,2,13997565000000,147000,0.120537,8.29618,12.6582,4.9928e+06,6.32e+07,1000000000,0.079,79,0.8
20,1,13997566000000,149000,0.123275,8.11193,3.08166,1.8954e+08,5.841e+08,2000000000,0.3245,324.5,0.9
20,0,13997567000000,153000,0.120052,8.3297,0,0,0,4000000000,0,0,1
20,2,13997568000000,154000,0.120312,8.31174,6.25,2.048e+07,1.28e+08,1000000000,0.16,160,0.8
20,0,13997569000000,158000,0.121089,8.25842,6.62252,9.1204e+07,6.04e+08,4000000000,0.151,151,1
20,2,13997570000000,159000,0.120415,8.30461,71.4286,156800,1.12e+07,1000000000,0.014,14,0.8
20,1,13997571000000,161000,0.119851,8.3437,13.3333,1.0125e+07,1.35e+08,2000000000,0.075,75,0.9
20,0,13997572000000,165000,0.120679,8.28646,6.49351,9.4864e+07,6.16e+08,4000000000,0.154,154,1
20,2,13997573000000,166000,0.120723,8.28343,7.8125,1.31072e+07,1.024e+08,1000000000,0.128,128,0.8
20,0,13997574000000,170000,0.121553,8.22687,6.41026,9.7344e+07,6.24e+08,4000000000,0.156,156,1
20,2,13997575000000,171000,0.120988,8.26526,40,500000,2e+07,1000000000,0.025,25,0.8
20,1,13997576000000,173000,0.120277,8.31411,16.8067,6.37245e+06,1.071e+08,2000000000,0.0595,59.5,0.9
20,0,13997577000000,177000,0.121198,8.25098,6.21118,1.03684e+08,6.44e+08,4000000000,0.161,161,1
20,2,13997578000000,178000,0.121067,8.25986,10.2041,7.6832e+06,7.84e+07,1000000000,0.098,98,0.8
20,0,13997579000000,182000,0.122022,8.19524,6.07903,1.08241e+08,6.58e+08,4000000000,0.1645,164.5,1
20,2,13997580000000,183000,0.121486,8.23138,41.6667,460800,1.92e+07,1000000000,0.024,24,0.8
20,1,13997581000000,185000,0.120778,8.27963,17.8571,5.6448e+06,1.008e+08,2000000000,0.056,56,0.9
20,0,13997582000000,189000,0.12163,8.22168,6.21118,1.03684e+08,6.44e+08,4000000000,0.161,161,1
20,2,13997583000000,190000,0.121505,8.2301,10.2041,7.6832e+06,7.84e+07,1000000000,0.098,98,0.8
20,0,13997584000000,194000,0.122392,8.17049,6.07903,1.08241e+08,6.58e+08,4000000000,0.1645,164.5,1
20,2,13997585000000,195000,0.121913,8.20258,34.4828,672800,2.32e+07,1000000000,0.029,29,0.8
20,1,13997586000000,197000,0.121218,8.24958,18.6916,5.15205e+06,9.63e+07,2000000000,0.0535,53.5,0.9
20,0,13997587000000,201000,0.12201,8.19605,6.21118,1.03684e+08,6.44e+08,4000000000,0.161,161,1
20,2,13997588000000,202000,0.121891,8.20405,10.2041,7.6832e+06,7.84e+07,1000000000,0.098,98,0.8
20,0,13997589000000,206000,0.122718,8.14873,6.07903,1.08241e+08,6.58e+08,4000000000,0.1645,164.5,1
20,2,13997590000000,207000,0.122237,8.18085,43.4783,423200,1.84e+07,1000000000,0.023,23,0.8
20,1,13997591000000,209000,0.121608,8.22317,17.6991,5.74605e+06,1.017e+08,2000000000,0.0565,56.5,0.9
20,0,13997592000000,213000,0.122366,8.17219,6.17284,1.04976e+08,6.48e+08,4000000000,0.162,162,1
20,2,13997593000000,214000,0.122467,8.16545,6.94444,1.65888e+07,1.152e+08,1000000000,0.144,144,0.8
20,0,13997594000000,218000,0.123009,8.12947,6.57895,9.2416e+07,6.08e+08,4000000000,0.152,152,1
20,2,13997595000000,219000,0.122831,8.14126,11.9048,5.6448e+06,6.72e+07,1000000000,0.084,84,0.8
20,1,13997596000000,221000,0.122041,8.19399,28.169,2.26845e+06,6.39e+07,2000000000,0.0355,35.5,0.9
20,0,13997597000000,225000,0.122578,8.15809,6.56814,9.27202e+07,6.09e+08,4000000000,0.15225,152.25,1
20,2,13997598000000,226000,0.122504,8.16297,9.43396,8.9888e+06,8.48e+07,1000000000,0.106,106,0.8
20,0,13997599000000,230000,0.123287,8.11116,5.97015,1.12225e+08,6.7e+08,4000000000,0.1675,167.5,1
20,2,13997600000000,231000,0.122983,8.13123,18.8679,2.2472e+06,4.24e+07,1000000000,0.053,53,0.8
20,1,13997601000000,233000,0.122318,8.17544,21.978,3.72645e+06,8.19e+07,2000000000,0.0455,45.5,0.9
20,0,13997602000000,237000,0.122835,8.14097,6.53595,9.3636e+07,6.12e+08,4000000000,0.153,153,1
20,2,13997603000000,238000,0.122815,8.14232,8.47458,1.11392e+07,9.44e+07,1000000000,0.118,118,0.8
20,0,13997604000000,242000,0.123521,8.09581,6.0423,1.09561e+08,6.62e+08,4000000000,0.1655,165.5,1
20,2,13997605000000,243000,0.123226,8.11515,19.2308,2.1632e+06,4.16e+07,1000000000,0.052,52,0.8
20,1,13997606000000,245000,0.122596,8.15688,21.7391,3.8088e+06,8.28e+07,2000000000,0.046,46,0.9
20,1,13997607000000,247000,0.124146,8.05505,3.18471,1.77473e+08,5.652e+08,2000000000,0.314,314,0.9
20,1,13997608000000,249000,0.123711,8.08337,14.2857,8.82e+06,1.26e+08,2000000000,0.07,70,0.9
20,1,13997609000000,251000,0.125163,7.98956,3.26797,1.68545e+08,5.508e+08,2000000000,0.306,306,0.9
20,1,13997610000000,253000,0.124838,8.01039,11.9048,1.27008e+07,1.512e+08,2000000000,0.084,84,0.9
20,1,13997611000000,255000,0.125129,7.99173,6.17284,4.72392e+07,2.916e+08,2000000000,0.162,162,0.9
20,1,13997612000000,255597,0.125995,7.93681,2.01689,4.42494e+08,8.92462e+08,2000000000,0.495812,148,0.9
20,1,13997613000000,255597,0.125995,7.93681,0,-nan,-nan,2000000000,-nan,0,0.9
21,2,13997501000000,1000,0.194,5.15464,5.15464,3.01088e+07,1.552e+08,1000000000,0.194,194,0.8
21,0,13997502000000,5000,0.124,8.06452,9.38967,4.5369e+07,4.26e+08,4000000000,0.1065,106.5,1
21,1,13997503000000,7000,0.109714,9.11458,13.5135,9.8568e+06,1.332e+08,2000000000,0.074,74,0.9
21,2,13997504000000,8000,0.1715,5.8309,1.65563,2.91853e+08,4.832e+08,1000000000,0.604,604,0.8
21,0,13997505000000,12000,0.122,8.19672,43.4783,2.116e+06,9.2e+07,4000000000,0.023,23,1
21,2,13997506000000,13000,0.126769,7.88835,5.43478,2.70848e+07,1.472e+08,1000000000,0.184,184,0.8
21,1,13997507000000,15000,0.142667,7.00935,4.06504,1.08929e+08,4.428e+08,2000000000,0.246,246,0.9
21,0,13997508000000,19000,0.117263,8.52783,45.4545,1.936e+06,8.8e+07,4000000000,0.022,22,1
21,2,13997509000000,20000,0.1174,8.51789,8.33333,1.152e+07,9.6e+07,1000000000,0.12,120,0.8
21,2,13997510000000,21000,0.112381,8.89831,83.3333,115200,9.6e+06,1000000000,0.012,12,0.8
21,1,13997511000000,23000,0.107826,9.27419,16.6667,6.48e+06,1.08e+08,2000000000,0.06,60,0.9
21,2,13997512000000,24000,0.103833,9.63082,83.3333,115200,9.6e+06,1000000000,0.012,12,0.8
21,1,13997513000000,26000,0.0978077,10.2241,39.2157,1.17045e+06,4.59e+07,2000000000,0.0255,25.5,0.9
21,2,13997514000000,27000,0.0967407,10.3369,14.4928,3.8088e+06,5.52e+07,1000000000,0.069,69,0.8
21,1,13997515000000,29000,0.0904828,11.0518,166.667,64800,1.08e+07,2000000000,0.006,6,0.9
21,1,13997516000000,31000,0.09,11.1111,12.0482,1.24002e+07,1.494e+08,2000000000,0.083,83,0.9
21,2,13997517000000,32000,0.0951875,10.5056,3.90625,5.24288e+07,2.048e+08,1000000000,0.256,256,0.8
21,1,13997518000000,34000,0.0999706,10.0029,5.66572,5.6074e+07,3.177e+08,2000000000,0.1765,176.5,0.9
21,0,13997519000000,38000,0.0931053,10.7405,28.777,4.83025e+06,1.39e+08,4000000000,0.03475,34.75,1
21,2,13997520000000,39000,0.106821,9.3615,1.59236,3.15507e+08,5.024e+08,1000000000,0.628,628,0.8
21,0,13997521000000,43000,0.099907,10.0093,30.7692,4.225e+06,1.3e+08,4000000000,0.0325,32.5,1
21,2,13997522000000,44000,0.101136,9.88764,6.49351,1.89728e+07,1.232e+08,1000000000,0.154,154,0.8
21,1,13997523000000,46000,0.107196,9.32874,4.158,1.04112e+08,4.329e+08,2000000000,0.2405,240.5,0.9
21,0,13997524000000,50000,0.10148,9.85416,27.972,5.11225e+06,1.43e+08,4000000000,0.03575,35.75,1
21,2,13997525000000,51000,0.111157,8.9963,1.68067,2.8322e+08,4.76e+08,1000000000,0.595,595,0.8
21,0,13997526000000,55000,0.106036,9.43073,24.5399,6.64225e+06,1.63e+08,4000000000,0.04075,40.75,1
21,2,13997527000000,56000,0.105286,9.49796,15.625,3.2768e+06,5.12e+07,1000000000,0.064,64,0.8
21,1,13997528000000,58000,0.111569,8.96307,3.47826,1.48781e+08,5.175e+08,2000000000,0.2875,287.5,0.9
21,0,13997529000000,62000,0.106613,9.37973,28.777,4.83025e+06,1.39e+08,4000000000,0.03475,34.75,1
21,2,13997530000000,63000,0.113778,8.78906,1.79211,2.49091e+08,4.464e+08,1000000000,0.558,558,0.8
21,0,13997531000000,67000,0.10997,9.09338,20,1e+07,2e+08,4000000000,0.05,50,1
21,2,13997532000000,68000,0.108603,9.20785,58.8235,231200,1.36e+07,1000000000,0.017,17,0.8
21,1,13997533000000,70000,0.114343,8.74563,3.23102,1.72422e+08,5.571e+08,2000000000,0.3095,309.5,0.9
21,0,13997534000000,74000,0.109946,9.09538,30.303,4.356e+06,1.32e+08,4000000000,0.033,33,1
21,2,13997535000000,75000,0.115533,8.65551,1.89036,2.23873e+08,4.232e+08,1000000000,0.529,529,0.8
21,0,13997536000000,79000,0.112013,8.92756,21.7391,8.464e+06,1.84e+08,4000000000,0.046,46,1
21,2,13997537000000,80000,0.111463,8.97163,14.7059,3.6992e+06,5.44e+07,1000000000,0.068,68,0.8
21,1,13997538000000,82000,0.116476,8.58549,3.15457,1.8088e+08,5.706e+08,2000000000,0.317,317,0.9
21,0,13997539000000,86000,0.112465,8.89165,33.0579,3.66025e+06,1.21e+08,4000000000,0.03025,30.25,1
21,2,13997540000000,87000,0.117471,8.51272,1.82482,2.40243e+08,4.384e+08,1000000000,0.548,548,0.8
21,0,13997541000000,91000,0.114626,8.724,18.9573,1.11302e+07,2.11e+08,4000000000,0.05275,52.75,1
21,2,13997542000000,92000,0.113783,8.78869,27.027,1.0952e+06,2.96e+07,1000000000,0.037,37,0.8
21,1,13997543000000,94000,0.117915,8.48069,3.24675,1.70755e+08,5.544e+08,2000000000,0.308,308,0.9
21,0,13997544000000,98000,0.11449,8.7344,29.4118,4.624e+06,1.36e+08,4000000000,0.034,34,1
21,2,13997545000000,99000,0.118747,8.42123,1.86567,2.29837e+08,4.288e+08,1000000000,0.536,536,0.8
21,0,13997546000000,103000,0.116184,8.607,18.9573,1.11302e+07,2.11e+08,4000000000,0.05275,52.75,1
21,2,13997547000000,104000,0.115423,8.66378,27.027,1.0952e+06,2.96e+07,1000000000,0.037,37,0.8
21,1,13997548000000,106000,0.118943,8.40736,3.31126,1.64167e+08,5.436e+08,2000000000,0.302,302,0.9
21,0,13997549000000,110000,0.115945,8.62475,27.3973,5.329e+06,1.46e+08,4000000000,0.0365,36.5,1
21,2,13997550000000,111000,0.119721,8.35277,1.86916,2.2898e+08,4.28e+08,1000000000,0.535,535,0.8
21,0,13997551000000,115000,0.117339,8.52231,19.5122,1.05062e+07,2.05e+08,4000000000,0.05125,51.25,1
21,2,13997552000000,116000,0.116698,8.56911,23.2558,1.4792e+06,3.44e+07,1000000000,0.043,43,0.8
21,1,13997553000000,118000,0.119898,8.3404,3.27332,1.67994e+08,5.499e+08,2000000000,0.3055,305.5,0.9
21,0,13997554000000,122000,0.117049,8.54342,30.303,4.356e+06,1.32e+08,4000000000,0.033,33,1
21,2,13997555000000,123000,0.120528,8.2968,1.83486,2.3762e+08,4.36e+08,1000000000,0.545,545,0.8
21,0,13997556000000,127000,0.118323,8.45145,19.802,1.0201e+07,2.02e+08,4000000000,0.0505,50.5,1
21,1,13997557000000,129000,0.116938,8.55154,34.4828,1.5138e+06,5.22e+07,2000000000,0.029,29,0.9
21,2,13997558000000,130000,0.120638,8.28923,1.67224,2.86083e+08,4.784e+08,1000000000,0.598,598,0.8
21,0,13997559000000,134000,0.118104,8.46708,27.972,5.11225e+06,1.43e+08,4000000000,0.03575,35.75,1
21,2,13997560000000,135000,0.119733,8.35189,2.95858,9.13952e+07,2.704e+08,1000000000,0.338,338,0.8
21,0,13997561000000,139000,0.118388,8.44677,13.6986,2.1316e+07,2.92e+08,4000000000,0.073,73,1
21,1,13997562000000,141000,0.117702,8.49602,14.2857,8.82e+06,1.26e+08,2000000000,0.07,70,0.9
21,2,13997563000000,142000,0.121437,8.23475,1.54321,3.35923e+08,5.184e+08,1000000000,0.648,648,0.8
21,0,13997564000000,146000,0.120822,8.27664,10.101,3.9204e+07,3.96e+08,4000000000,0.099,99,1
21,2,13997565000000,147000,0.120537,8.29618,12.6582,4.9928e+06,6.32e+07,1000000000,0.079,79,0.8
21,1,13997566000000,149000,0.123275,8.11193,3.08166,1.8954e+08,5.841e+08,2000000000,0.3245,324.5,0.9
21,0,13997567000000,153000,0.120052,8.3297,0,0,0,4000000000,0,0,1
21,2,13997568000000,154000,0.120312,8.31174,6.25,2.048e+07,1.28e+08,1000000000,0.16,160,0.8
21,0,13997569000000,158000,0.121089,8.25842,6.62252,9.1204e+07,6.04e+08,4000000000,0.151,151,1
21,2,13997570000000,159000,0.120415,8.30461,71.4286,156800,1.12e+07,1000000000,0.014,14,0.8
21,1,13997571000000,161000,0.119851,8.3437,13.3333,1.0125e+07,1.35e+08,2000000000,0.075,75,0.9
21,0,13997572000000,165000,0.120679,8.28646,6.49351,9.4864e+07,6.16e+08,4000000000,0.154,154,1
21,2,13997573000000,166000,0.120723,8.28343,7.8125,1.31072e+07,1.024e+08,1000000000,0.128,128,0.8
21,0,13997574000000,170000,0.121553,8.22687,6.41026,9.7344e+07,6.24e+08,4000000000,0.156,156,1
21,2,13997575000000,171000,0.120988,8.26526,40,500000,2e+07,1000000000,0.025,25,0.8
21,1,13997576000000,173000,0.120277,8.31411,16.8067,6.37245e+06,1.071e+08,2000000000,0.0595,59.5,0.9
21,0,13997577000000,177000,0.121198,8.25098,6.21118,1.03684e+08,6.44e+08,4000000000,0.161,161,1
21,2,13997578000000,178000,0.121067,8.25986,10.2041,7.6832e+06,7.84e+07,1000000000,0.098,98,0.8
21,0,13997579000000,182000,0.122022,8.19524,6.07903,1.08241e+08,6.58e+08,4000000000,0.1645,164.5,1
21,2,13997580000000,183000,0.121486,8.23138,41.6667,460800,1.92e+07,1000000000,0.024,24,0.8
21,1,13997581000000,185000,0.120778,8.27963,17.8571,5.6448e+06,1.008e+08,2000000000,0.056,56,0.9
21,0,13997582000000,189000,0.12163,8.22168,6.21118,1.03684e+08,6.44e+08,4000000000,0.161,161,1
21,2,13997583000000,190000,0.121505,8.2301,10.2041,7.6832e+06,7.84e+07,1000000000,0.098,98,0.8
21,0,13997584000000,194000,0.122392,8.17049,6.07903,1.08241e+08,6.58e+08,4000000000,0.1645,164.5,1
21,2,13997585000000,195000,0.121913,8.20258,34.4828,672800,2.32e+07,1000000000,0.029,29,0.8
21,1,13997586000000,197000,0.121218,8.24958,18.6916,5.15205e+06,9.63e+07,2000000000,0.0535,53.5,0.9
21,0,13997587000000,201000,0.12201,8.19605,6.21118,1.03684e+08,6.44e+08,4000000000,0.161,161,1
21,2,13997588000000,202000,0.121891,8.20405,10.2041,7.6832e+06,7.84e+07,1000000000,0.098,98,0.8
21,0,13997589000000,206000,0.122718,8.14873,6.07903,1.08241e+08,6.58e+08,4000000000,0.1645,164.5,1
21,2,13997590000000,207000,0.122237,8.18085,43.4783,423200,1.84e+07,1000000000,0.023,23,0.8
21,1,13997591000000,209000,0.121608,8.22317,17.6991,5.74605e+06,1.017e+08,2000000000,0.0565,56.5,0.9
21,0,13997592000000,213000,0.122366,8.17219,6.17284,1.04976e+08,6.48e+08,4000000000,0.162,162,1
21,2,13997593000000,214000,0.122467,8.16545,6.94444,1.65888e+07,1.152e+08,1000000000,0.144,144,0.8
21,0,13997594000000,218000,0.123009,8.12947,6.57895,9.2416e+07,6.08e+08,4000000000,0.152,152,1
21,2,13997595000000,219000,0.122831,8.14126,11.9048,5.6448e+06,6.72e+07,1000000000,0.084,84,0.8
21,1,13997596000000,221000,0.122041,8.19399,28.169,2.26845e+06,6.39e+07,2000000000,0.0355,35.5,0.9
21,0,13997597000000,225000,0.122578,8.15809,6.56814,9.27202e+07,6.09e+08,4000000000,0.15225,152.25,1
21,2,13997598000000,226000,0.122504,8.16297,9.43396,8.9888e+06,8.48e+07,1000000000,0.106,106,0.8
21,0,13997599000000,230000,0.123287,8.11116,5.97015,1.12225e+08,6.7e+08,4000000000,0.1675,167.5,1
21,2,13997600000000,231000,0.122983,8.13123,18.8679,2.2472e+06,4.24e+07,1000000000,0.053,53,0.8
21,1,13997601000000,233000,0.122318,8.17544,21.978,3.72645e+06,8.19e+07,2000000000,0.0455,45.5,0.9
21,0,13997602000000,237000,0.122835,8.14097,6.53595,9.3636e+07,6.12e+08,4000000000,0.153,153,1
21,2,13997603000000,238000,0.122815,8.14232,8.47458,1.11392e+07,9.44e+07,1000000000,0.118,118,0.8
21,0,13997604000000,242000,0.123521,8.09581,6.0423,1.09561e+08,6.62e+08,4000000000,0.1655,165.5,1
21,2,13997605000000,243000,0.123226,8.11515,19.2308,2.1632e+06,4.16e+07,1000000000,0.052,52,0.8
21,1,13997606000000,245000,0.122596,8.15688,21.7391,3.8088e+06,8.28e+07,2000000000,0.046,46,0.9
21,1,13997607000000,247000,0.124146,8.05505,3.18471,1.77473e+08,5.652e+08,2000000000,0.314,314,0.9
21,1,13997608000000,249000,0.123711,8.08337,14.2857,8.82e+06,1.26e+08,2000000000,0.07,70,0.9
21,1,13997609000000,251000,0.125163,7.98956,3.26797,1.68545e+08,5.508e+08,2000000000,0.306,306,0.9
21,1,13997610000000,253000,0.124838,8.01039,11.9048,1.27008e+07,1.512e+08,2000000000,0.084,84,0.9
21,1,13997611000000,255000,0.125129,7.99173,6.17284,4.72392e+07,2.916e+08,2000000000,0.162,162,0.9
21,1,13997612000000,255597,0.125995,7.93681,2.01689,4.42494e+08,8.92462e+08,2000000000,0.495812,148,0.9
21,1,13997613000000,255597,0.125995,7.93681,0,-nan,-nan,2000000000,-nan,0,0.9
22,2,13997501000000,1000,0.194,5.15464,5.15464,3.01088e+07,1.552e+08,1000000000,0.194,194,0.8
22,0,13997502000000,5000,0.124,8.06452,9.38967,4.5369e+07,4.26e+08,4000000000,0.1065,106.5,1
22,1,13997503000000,7000,0.109714,9.11458,13.5135,9.8568e+06,1.332e+08,2000000000,0.074,74,0.9
22,2,13997504000000,8000,0.1715,5.8309,1.65563,2.91853e+08,4.832e+08,1000000000,0.604,604,0.8
22,0,13997505000000,12000,0.122,8.19672,43.4783,2.116e+06,9.2e+07,4000000000,0.023,23,1
22,2,13997506000000,13000,0.126769,7.88835,5.43478,2.70848e+07,1.472e+08,1000000000,0.184,184,0.8
22,1,13997507000000,15000,0.142667,7.00935,4.06504,1.08929e+08,4.428e+08,2000000000,0.246,246,0.9
22,0,13997508000000,19000,0.117263,8.52783,45.4545,1.936e+06,8.8e+07,4000000000,0.022,22,1
22,2,13997509000000,20000,0.1174,8.51789,8.33333,1.152e+07,9.6e+07,1000000000,0.12,120,0.8
22,2,13997510000000,21000,0.112381,8.89831,83.3333,115200,9.6e+06,1000000000,0.012,12,0.8
22,1,13997511000000,23000,0.107826,9.27419,16.6667,6.48e+06,1.08e+08,2000000000,0.06,60,0.9
22,2,13997512000000,24000,0.103833,9.63082,83.3333,115200,9.6e+06,1000000000,0.012,12,0.8
22,1,13997513000000,26000,0.0978077,10.2241,39.2157,1.17045e+06,4.59e+07,2000000000,0.0255,25.5,0.9
22,2,13997514000000,27000,0.0967407,10.3369,14.4928,3.8088e+06,5.52e+07,1000000000,0.069,69,0.8
22,1,13997515000000,29000,0.0904828,11.0518,166.667,64800,1.08e+07,2000000000,0.006,6,0.9
22,1,13997516000000,31000,0.09,11.1111,12.0482,1.24002e+07,1.494e+08,2000000000,0.083,83,0.9
22,2,13997517000000,32000,0.0951875,10.5056,3.90625,5.24288e+07,2.048e+08,1000000000,0.256,256,0.8
22,1,13997518000000,34000,0.0999706,10.0029,5.66572,5.6074e+07,3.177e+08,2000000000,0.1765,176.5,0.9
22,0,13997519000000,38000,0.0931053,10.7405,28.777,4.83025e+06,1.39e+08,4000000000,0.03475,34.75,1
22,2,13997520000000,39000,0.106821,9.3615,1.59236,3.15507e+08,5.024e+08,1000000000,0.628,628,0.8
22,0,13997521000000,43000,0.099907,10.0093,30.7692,4.225e+06,1.3e+08,4000000000,0.0325,32.5,1
22,2,13997522000000,44000,0.101136,9.88764,6.49351,1.89728e+07,1.232e+08,1000000000,0.154,154,0.8
22,1,13997523000000,46000,0.107196,9.32874,4.158,1.04112e+08,4.329e+08,2000000000,0.2405,240.5,0.9
22,0,13997524000000,50000,0.10148,9.85416,27.972,5.11225e+06,1.43e+08,4000000000,0.03575,35.75,1
22,2,13997525000000,51000,0.111157,8.9963,1.68067,2.8322e+08,4.76e+08,1000000000,0.595,595,0.8
22,0,13997526000000,55000,0.106036,9.43073,24.5399,6.64225e+06,1.63e+08,4000000000,0.04075,40.75,1
22,2,13997527000000,56000,0.105286,9.49796,15.625,3.2768e+06,5.12e+07,1000000000,0.064,64,0.8
22,1,13997528000000,58000,0.111569,8.96307,3.47826,1.48781e+08,5.175e+08,2000000000,0.2875,287.5,0.9
22,0,13997529000000,62000,0.106613,9.37973,28.777,4.83025e+06,1.39e+08,4000000000,0.03475,34.75,1
22,2,13997530000000,63000,0.113778,8.78906,1.79211,2.49091e+08,4.464e+08,1000000000,0.558,558,0.8
22,0,13997531000000,67000,0.10997,9.09338,20,1e+07,2e+08,4000000000,0.05,50,1
22,2,13997532000000,68000,0.108603,9.20785,58.8235,231200,1.36e+07,1000000000,0.017,17,0.8
22,1,13997533000000,70000,0.114343,8.74563,3.23102,1.72422e+08,5.571e+08,2000000000,0.3095,309.5,0.9
22,0,13997534000000,74000,0.109946,9.09538,30.303,4.356e+06,1.32e+08,4000000000,0.033,33,1
22,2,13997535000000,75000,0.115533,8.65551,1.89036,2.23873e+08,4.232e+08,1000000000,0.529,529,0.8
22,0,13997536000000,79000,0.112013,8.92756,21.7391,8.464e+06,1.84e+08,4000000000,0.046,46,1
22,2,13997537000000,80000,0.111463,8.97163,14.7059,3.6992e+06,5.44e+07,1000000000,0.068,68,0.8
22,1,13997538000000,82000,0.116476,8.58549,3.15457,1.8088e+08,5.706e+08,2000000000,0.317,317,0.9
22,0,13997539000000,86000,0.112465,8.89165,33.0579,3.66025e+06,1.21e+08,4000000000,0.03025,30.25,1
22,2,13997540000000,87000,0.117471,8.51272,1.82482,2.40243e+08,4.384e+08,1000000000,0.548,548,0.8
22,0,13997541000000,91000,0.114626,8.724,18.9573,1.11302e+07,2.11e+08,4000000000,0.05275,52.75,1
22,2,13997542000000,92000,0.113783,8.78869,27.027,1.0952e+06,2.96e+07,1000000000,0.037,37,0.8
22,1,13997543000000,94000,0.117915,8.48069,3.24675,1.70755e+08,5.544e+08,2000000000,0.308,308,0.9
22,0,13997544000000,98000,0.11449,8.7344,29.4118,4.624e+06,1.36e+08,4000000000,0.034,34,1
22,2,13997545000000,99000,0.118747,8.42123,1.86567,2.29837e+08,4.288e+08,1000000000,0.536,536,0.8
22,0,13997546000000,103000,0.116184,8.607,18.9573,1.11302e+07,2.11e+08,4000000000,0.05275,52.75,1
22,2,13997547000000,104000,0.115423,8.66378,27.027,1.0952e+06,2.96e+07,1000000000,0.037,37,0.8
22,1,13997548000000,106000,0.118943,8.40736,3.31126,1.64167e+08,5.436e+08,2000000000,0.302,302,0.9
22,0,13997549000000,110000,0.115945,8.62475,27.3973,5.329e+06,1.46e+08,4000000000,0.0365,36.5,1
22,2,13997550000000,111000,0.119721,8.35277,1.86916,2.2898e+08,4.28e+08,1000000000,0.535,535,0.8
22,0,13997551000000,115000,0.117339,8.52231,19.5122,1.05062e+07,2.05e+08,4000000000,0.05125,51.25,1
22,2,13997552000000,116000,0.116698,8.56911,23.2558,1.4792e+06,3.44e+07,1000000000,0.043,43,0.8
22,1,13997553000000,118000,0.119898,8.3404,3.27332,1.67994e+08,5.499e+08,2000000000,0.3055,305.5,0.9
22,0,13997554000000,122000,0.117049,8.54342,30.303,4.356e+06,1.32e+08,4000000000,0.033,33,1
22,2,13997555000000,123000,0.120528,8.2968,1.83486,2.3762e+08,4.36e+08,1000000000,0.545,545,0.8
22,0,13997556000000,127000,0.118323,8.45145,19.802,1.0201e+07,2.02e+08,4000000000,0.0505,50.5,1
22,1,13997557000000,129000,0.116938,8.55154,34.4828,1.5138e+06,5.22e+07,2000000000,0.029,29,0.9
22,2,13997558000000,130000,0.120638,8.28923,1.67224,2.86083e+08,4.784e+08,1000000000,0.598,598,0.8
22,0,13997559000000,134000,0.118104,8.46708,27.972,5.11225e+06,1.43e+08,4000000000,0.03575,35.75,1
22,2,13997560000000,135000,0.119733,8.35189,2.95858,9.13952e+07,2.704e+08,1000000000,0.338,338,0.8
22,0,13997561000000,139000,0.118388,8.44677,13.6986,2.1316e+07,2.92e+08,4000000000,0.073,73,1
22,1,13997562000000,141000,0.117702,8.49602,14.2857,8.82e+06,1.26e+08,2000000000,0.07,70,0.9
22,2,13997563000000,142000,0.121437,8.23475,1.54321,3.35923e+08,5.184e+08,1000000000,0.648,648,0.8
22,0,13997564000000,146000,0.120822,8.27664,10.101,3.9204e+07,3.96e+08,4000000000,0.099,99,1
22,2,13997565000000,147000,0.120537,8.29618,12.6582,4.9928e+06,6.32e+07,1000000000,0.079,79,0.8
22,1,13997566000000,149000,0.123275,8.11193,3.08166,1.8954e+08,5.841e+08,2000000000,0.3245,324.5,0.9
22,0,13997567000000,153000,0.120052,8.3297,0,0,0,4000000000,0,0,1
22,2,13997568000000,154000,0.120312,8.31174,6.25,2.048e+07,1.28e+08,1000000000,0.16,160,0.8
22,0,13997569000000,158000,0.121089,8.25842,6.62252,9.1204e+07,6.04e+08,4000000000,0.151,151,1
22,2,13997570000000,159000,0.120415,8.30461,71.4286,156800,1.12e+07,1000000000,0.014,14,0.8
22,1,13997571000000,161000,0.119851,8.3437,13.3333,1.0125e+07,1.35e+08,2000000000,0.075,75,0.9
22,0,13997572000000,165000,0.120679,8.28646,6.49351,9.4864e+07,6.16e+08,4000000000,0.154,154,1
22,2,13997573000000,166000,0.120723,8.28343,7.8125,1.31072e+07,1.024e+08,1000000000,0.128,128,0.8
22,0,13997574000000,170000,0.121553,8.22687,6.41026,9.7344e+07,6.24e+08,4000000000,0.156,156,1
22,2,13997575000000,171000,0.120988,8.26526,40,500000,2e+07,1000000000,0.025,25,0.8
22,1,13997576000000,173000,0.120277,8.31411,16.8067,6.37245e+06,1.071e+08,2000000000,0.0595,59.5,0.9
22,0,13997577000000,177000,0.121198,8.25098,6.21118,1.03684e+08,6.44e+08,4000000000,0.161,161,1
22,2,13997578000000,178000,0.121067,8.25986,10.2041,7.6832e+06,7.84e+07,1000000000,0.098,98,0.8
22,0,13997579000000,182000,0.122022,8.19524,6.07903,1.08241e+08,6.58e+08,4000000000,0.1645,164.5,1
22,2,13997580000000,183000,0.121486,8.23138,41.6667,460800,1.92e+07,1000000000,0.024,24,0.8
22,1,13997581000000,185000,0.120778,8.27963,17.8571,5.6448e+06,1.008e+08,2000000000,0.056,56,0.9
22,0,13997582000000,189000,0.12163,8.22168,6.21118,1.03684e+08,6.44e+08,4000000000,0.161,161,1
22,2,13997583000000,190000,0.121505,8.2301,10.2041,7.6832e+06,7.84e+07,1000000000,0.098,98,0.8
22,0,13997584000000,194000,0.122392,8.17049,6.07903,1.08241e+08,6.58e+08,4000000000,0.1645,164.5,1
22,2,13997585000000,195000,0.121913,8.20258,34.4828,672800,2.32e+07,1000000000,0.029,29,0.8
22,1,13997586000000,197000,0.121218,8.24958,18.6916,5.15205e+06,9.63e+07,2000000000,0.0535,53.5,0.9
22,0,13997587000000,201000,0.12201,8.19605,6.21118,1.03684e+08,6.44e+08,4000000000,0.161,161,1
22,2,13997588000000,202000,0.121891,8.20405,10.2041,7.6832e+06,7.84e+07,1000000000,0.098,98,0.8
22,0,13997589000000,206000,0.122718,8.14873,6.07903,1.08241e+08,6.58e+08,4000000000,0.1645,164.5,1
22,2,13997590000000,207000,0.122237,8.18085,43.4783,423200,1.84e+07,1000000000,0.023,23,0.8
22,1,13997591000000,209000,0.121608,8.22317,17.6991,5.74605e+06,1.017e+08,2000000000,0.0565,56.5,0.9
22,0,13997592000000,213000,0.122366,8.17219,6.17284,1.04976e+08,6.48e+08,4000000000,0.162,162,1
22,2,13997593000000,214000,0.122467,8.16545,6.94444,1.65888e+07,1.152e+08,1000000000,0.144,144,0.8
22,0,13997594000000,218000,0.123009,8.12947,6.57895,9.2416e+07,6.08e+08,4000000000,0.152,152,1
22,2,13997595000000,219000,0.122831,8.14126,11.9048,5.6448e+06,6.72e+07,1000000000,0.084,84,0.8
22,1,13997596000000,221000,0.122041,8.19399,28.169,2.26845e+06,6.39e+07,2000000000,0.0355,35.5,0.9
22,0,13997597000000,225000,0.122578,8.15809,6.56814,9.27202e+07,6.09e+08,4000000000,0.15225,152.25,1
22,2,13997598000000,226000,0.122504,8.16297,9.43396,8.9888e+06,8.48e+07,1000000000,0.106,106,0.8
22,0,13997599000000,230000,0.123287,8.11116,5.97015,1.12225e+08,6.7e+08,4000000000,0.1675,167.5,1
22,2,13997600000000,231000,0.122983,8.13123,18.8679,2.2472e+06,4.24e+07,1000000000,0.053,53,0.8
22,1,13997601000000,233000,0.122318,8.17544,21.978,3.72645e+06,8.19e+07,2000000000,0.0455,45.5,0.9
22,0,13997602000000,237000,0.122835,8.14097,6.53595,9.3636e+07,6.12e+08,4000000000,0.153,153,1
22,2,13997603000000,238000,0.122815,8.14232,8.47458,1.11392e+07,9.44e+07,1000000000,0.118,118,0.8
22,0,13997604000000,242000,0.123521,8.09581,6.0423,1.09561e+08,6.62e+08,4000000000,0.1655,165.5,1
22,2,13997605000000,243000,0.123226,8.11515,19.2308,2.1632e+06,4.16e+07,1000000000,0.052,52,0.8
22,1,13997606000000,245000,0.122596,8.15688,21.7391,3.8088e+06,8.28e+07,2000000000,0.046,46,0.9
22,1,13997607000000,247000,0.124146,8.05505,3.18471,1.77473e+08,5.652e+08,2000000000,0.314,314,0.9
22,1,13997608000000,249000,0.123711,8.08337,14.2857,8.82e+06,1.26e+08,2000000000,0.07,70,0.9
22,1,13997609000000,251000,0.125163,7.98956,3.26797,1.68545e+08,5.508e+08,2000000000,0.306,306,0.9
22,1,13997610000000,253000,0.124838,8.01039,11.9048,1.27008e+07,1.512e+08,2000000000,0.084,84,0.9
22,1,13997611000000,255000,0.125129,7.99173,6.17284,4.72392e+07,2.916e+08,2000000000,0.162,162,0.9
22,1,13997612000000,255597,0.125995,7.93681,2.01689,4.42494e+08,8.92462e+08,2000000000,0.495812,148,0.9
22,1,13997613000000,255597,0.125995,7.93681,0,-nan,-nan,2000000000,-nan,0,0.9
23,2,13997501000000,1000,0.194,5.15464,5.15464,3.01088e+07,1.552e+08,1000000000,0.194,194,0.8
23,0,13997502000000,5000,0.124,8.06452,9.38967,4.5369e+07,4.26e+08,4000000000,0.1065,106.5,1
23,1,13997503000000,7000,0.109714,9.11458,13.5135,9.8568e+06,1.332e+08,2000000000,0.074,74,0.9
23,2,13997504000000,8000,0.1715,5.8309,1.65563,2.91853e+08,4.832e+08,1000000000,0.604,604,0.8
23,0,13997505000000,12000,0.122,8.19672,43.4783,2.116e+06,9.2e+07,4000000000,0.023,23,1
23,2,13997506000000,13000,0.126769,7.88835,5.43478,2.70848e+07,1.472e+08,1000000000,0.184,184,0.8
23,1,13997507000000,15000,0.142667,7.00935,4.06504,1.08929e+08,4.428e+08,2000000000,0.246,246,0.9
23,0,13997508000000,19000,0.117263,8.52783,45.4545,1.936e+06,8.8e+07,4000000000,0.022,22,1
23,2,13997509000000,20000,0.1174,8.51789,8.33333,1.152e+07,9.6e+07,1000000000,0.12,120,0.8
23,2,13997510000000,21000,0.112381,8.89831,83.3333,115200,9.6e+06,1000000000,0.012,12,0.8
23,1,13997511000000,23000,0.107826,9.27419,16.6667,6.48e+06,1.08e+08,2000000000,0.06,60,0.9
23,2,13997512000000,24000,0.103833,9.63082,83.3333,115200,9.6e+06,1000000000,0.012,12,0.8
23,1,13997513000000,26000,0.0978077,10.2241,39.2157,1.17045e+06,4.59e+07,2000000000,0.0255,25.5,0.9
23,2,13997514000000,27000,0.0971852,10.2896,12.3457,5.2488e+06,6.48e+07,1000000000,0.081,81,0.8
23,1,13997515000000,29000,0.092,10.8696,45.4545,871200,3.96e+07,2000000000,0.022,22,0.9
23,1,13997516000000,31000,0.0911613,10.9696,12.6582,1.12338e+07,1.422e+08,2000000000,0.079,79,0.9
23,2,13997517000000,32000,0.106219,9.41453,1.7452,2.62663e+08,4.584e+08,1000000000,0.573,573,0.8
23,1,13997518000000,34000,0.103647,9.64813,16,7.03125e+06,1.125e+08,2000000000,0.0625,62.5,0.9
23,0,13997519000000,38000,0.109789,9.10834,6.17284,1.04976e+08,6.48e+08,4000000000,0.162,162,1
23,2,13997520000000,39000,0.109487,9.13349,10.2041,7.6832e+06,7.84e+07,1000000000,0.098,98,0.8
23,0,13997521000000,43000,0.105256,9.50066,15.625,1.6384e+07,2.56e+08,4000000000,0.064,64,1
23,2,13997522000000,44000,0.112159,8.91591,2.44499,1.33825e+08,3.272e+08,1000000000,0.409,409,0.8
23,1,13997523000000,46000,0.110609,9.04088,13.0719,1.0534e+07,1.377e+08,2000000000,0.0765,76.5,0.9
23,0,13997524000000,50000,0.11384,8.78426,6.62252,9.1204e+07,6.04e+08,4000000000,0.151,151,1
23,2,13997525000000,51000,0.113843,8.78402,8.77193,1.03968e+07,9.12e+07,1000000000,0.114,114,0.8
23,0,13997526000000,55000,0.115382,8.66688,7.40741,7.29e+07,5.4e+08,4000000000,0.135,135,1
23,2,13997527000000,56000,0.115643,8.64731,7.69231,1.352e+07,1.04e+08,1000000000,0.13,130,0.8
23,1,13997528000000,58000,0.113845,8.78389,15.748,7.25805e+06,1.143e+08,2000000000,0.0635,63.5,0.9
23,0,13997529000000,62000,0.116774,8.56354,6.27943,1.01442e+08,6.37e+08,4000000000,0.15925,159.25,1
23,2,13997530000000,63000,0.117143,8.53659,7.14286,1.568e+07,1.12e+08,1000000000,0.14,140,0.8
23,0,13997531000000,67000,0.119284,8.38338,6.53595,9.3636e+07,6.12e+08,4000000000,0.153,153,1
23,2,13997532000000,68000,0.119265,8.38471,8.47458,1.11392e+07,9.44e+07,1000000000,0.118,118,0.8
23,1,13997533000000,70000,0.1223,8.17661,4.43459,9.15304e+07,4.059e+08,2000000000,0.2255,225.5,0.9
23,0,13997534000000,74000,0.118649,8.42825,18.2648,1.19902e+07,2.19e+08,4000000000,0.05475,54.75,1
23,2,13997535000000,75000,0.118373,8.44785,10.2041,7.6832e+06,7.84e+07,1000000000,0.098,98,0.8
23,0,13997536000000,79000,0.120709,8.2844,6.07903,1.08241e+08,6.58e+08,4000000000,0.1645,164.5,1
23,2,13997537000000,80000,0.120575,8.29359,9.09091,9.68e+06,8.8e+07,1000000000,0.11,110,0.8
23,1,13997538000000,82000,0.125561,7.96426,3.07692,1.90125e+08,5.85e+08,2000000000,0.325,325,0.9
23,0,13997539000000,86000,0.121512,8.22967,25.974,5.929e+06,1.54e+08,4000000000,0.0385,38.5,1
23,2,13997540000000,87000,0.122621,8.15523,4.58716,3.80192e+07,1.744e+08,1000000000,0.218,218,0.8
23,0,13997541000000,91000,0.121626,8.2219,10,4e+07,4e+08,4000000000,0.1,100,1
23,2,13997542000000,92000,0.121543,8.22751,8.77193,1.03968e+07,9.12e+07,1000000000,0.114,114,0.8
23,1,13997543000000,94000,0.126074,7.93182,2.98954,2.01402e+08,6.021e+08,2000000000,0.3345,334.5,0.9
23,0,13997544000000,98000,0.122306,8.17621,29.6296,4.55625e+06,1.35e+08,4000000000,0.03375,33.75,1
23,2,13997545000000,99000,0.124747,8.01619,2.74725,1.05997e+08,2.912e+08,1000000000,0.364,364,0.8
23,0,13997546000000,103000,0.122485,8.16424,15.0376,1.7689e+07,2.66e+08,4000000000,0.0665,66.5,1
23,2,13997547000000,104000,0.122769,8.14536,6.57895,1.84832e+07,1.216e+08,1000000000,0.152,152,0.8
23,1,13997548000000,106000,0.126226,7.92227,3.26797,1.68545e+08,5.508e+08,2000000000,0.306,306,0.9
23,0,13997549000000,110000,0.122836,8.14091,30.303,4.356e+06,1.32e+08,4000000000,0.033,33,1
23,2,13997550000000,111000,0.125514,7.96727,2.38095,1.4112e+08,3.36e+08,1000000000,0.42,420,0.8
23,0,13997551000000,115000,0.123052,8.12663,18.2648,1.19902e+07,2.19e+08,4000000000,0.05475,54.75,1
23,2,13997552000000,116000,0.123017,8.12894,8.40336,1.13288e+07,9.52e+07,1000000000,0.119,119,0.8
23,1,13997553000000,118000,0.126508,7.90461,3.03951,1.94834e+08,5.922e+08,2000000000,0.329,329,0.9
23,0,13997554000000,122000,0.123344,8.10739,33.3333,3.6e+06,1.2e+08,4000000000,0.03,30,1
23,2,13997555000000,123000,0.125886,7.94368,2.29358,1.52077e+08,3.488e+08,1000000000,0.436,436,0.8
23,0,13997556000000,127000,0.123465,8.09949,20.4082,9.604e+06,1.96e+08,4000000000,0.049,49,1
23,1,13997557000000,129000,0.122574,8.15836,15.1515,7.8408e+06,1.188e+08,2000000000,0.066,66,0.9
23,2,13997558000000,130000,0.126577,7.90033,1.55521,3.30759e+08,5.144e+08,1000000000,0.643,643,0.8
23,0,13997559000000,134000,0.123836,8.07521,28.777,4.83025e+06,1.39e+08,4000000000,0.03475,34.75,1
23,2,13997560000000,135000,0.124763,8.0152,4.01606,4.96008e+07,1.992e+08,1000000000,0.249,249,0.8
23,0,13997561000000,139000,0.126906,7.87982,5.01882,1.58802e+08,7.97e+08,4000000000,0.19925,199.25,1
23,1,13997562000000,141000,0.125844,7.94635,19.2308,4.8672e+06,9.36e+07,2000000000,0.052,52,0.9
23,2,13997563000000,142000,0.129134,7.74391,1.68634,2.81319e+08,4.744e+08,1000000000,0.593,593,0.8
23,0,13997564000000,146000,0.126411,7.91071,33.6134,3.54025e+06,1.19e+08,4000000000,0.02975,29.75,1
23,2,13997565000000,147000,0.126109,7.92966,12.1951,5.3792e+06,6.56e+07,1000000000,0.082,82,0.8
23,1,13997566000000,149000,0.128456,7.78474,3.32226,1.63082e+08,5.418e+08,2000000000,0.301,301,0.9
23,0,13997567000000,153000,0.126039,7.93404,27.7778,5.184e+06,1.44e+08,4000000000,0.036,36,1
23,2,13997568000000,154000,0.128578,7.77738,1.93424,2.13831e+08,4.136e+08,1000000000,0.517,517,0.8
23,0,13997569000000,158000,0.126348,7.91464,24.6914,6.561e+06,1.62e+08,4000000000,0.0405,40.5,1
23,2,13997570000000,159000,0.126019,7.93532,13.5135,4.3808e+06,5.92e+07,1000000000,0.074,74,0.8
23,1,13997571000000,161000,0.128447,7.7853,3.11042,1.86052e+08,5.787e+08,2000000000,0.3215,321.5,0.9
23,0,13997572000000,165000,0.126109,7.92964,31.25,4.096e+06,1.28e+08,4000000000,0.032,32,1
23,2,13997573000000,166000,0.12844,7.78575,1.94932,2.10535e+08,4.104e+08,1000000000,0.513,513,0.8
23,0,13997574000000,170000,0.126324,7.91618,25.974,5.929e+06,1.54e+08,4000000000,0.0385,38.5,1
23,2,13997575000000,171000,0.126117,7.92915,10.989,6.6248e+06,7.28e+07,1000000000,0.091,91,0.8
23,1,13997576000000,173000,0.128462,7.78438,3.03951,1.94834e+08,5.922e+08,2000000000,0.329,329,0.9
23,0,13997577000000,177000,0.126237,7.92159,33.3333,3.6e+06,1.2e+08,4000000000,0.03,30,1
23,2,13997578000000,178000,0.128433,7.78619,1.93424,2.13831e+08,4.136e+08,1000000000,0.517,517,0.8
23,0,13997579000000,182000,0.126473,7.90686,25.4777,6.16225e+06,1.57e+08,4000000000,0.03925,39.25,1
23,2,13997580000000,183000,0.12623,7.92208,12.1951,5.3792e+06,6.56e+07,1000000000,0.082,82,0.8
23,1,13997581000000,185000,0.128303,7.79407,3.14465,1.82023e+08,5.724e+08,2000000000,0.318,318,0.9
23,0,13997582000000,189000,0.126328,7.9159,28.5714,4.9e+06,1.4e+08,4000000000,0.035,35,1
23,2,13997583000000,190000,0.128474,7.7837,1.87266,2.28125e+08,4.272e+08,1000000000,0.534,534,0.8
23,0,13997584000000,194000,0.126603,7.8987,26.4901,5.70025e+06,1.51e+08,4000000000,0.03775,37.75,1
23,2,13997585000000,195000,0.126379,7.91268,12.0482,5.5112e+06,6.64e+07,1000000000,0.083,83,0.8
23,1,13997586000000,197000,0.128325,7.79272,3.14465,1.82023e+08,5.724e+08,2000000000,0.318,318,0.9
23,0,13997587000000,201000,0.126488,7.90592,27.7778,5.184e+06,1.44e+08,4000000000,0.036,36,1
23,2,13997588000000,202000,0.128495,7.7824,1.8797,2.26419e+08,4.256e+08,1000000000,0.532,532,0.8
23,0,13997589000000,206000,0.126811,7.88577,23.9521,6.97225e+06,1.67e+08,4000000000,0.04175,41.75,1
23,2,13997590000000,207000,0.126517,7.90408,15.1515,3.4848e+06,5.28e+07,1000000000,0.066,66,0.8
23,1,13997591000000,209000,0.128306,7.79385,3.18979,1.76908e+08,5.643e+08,2000000000,0.3135,313.5,0.9
23,0,13997592000000,213000,0.126573,7.90059,27.7778,5.184e+06,1.44e+08,4000000000,0.036,36,1
23,2,13997593000000,214000,0.1285,7.7821,1.85529,2.32417e+08,4.312e+08,1000000000,0.539,539,0.8
23,0,13997594000000,218000,0.126991,7.87458,21.6216,8.55625e+06,1.85e+08,4000000000,0.04625,46.25,1
23,2,13997595000000,219000,0.126671,7.89445,17.5439,2.5992e+06,4.56e+07,1000000000,0.057,57,0.8
23,1,13997596000000,221000,0.128308,7.79376,3.25203,1.70201e+08,5.535e+08,2000000000,0.3075,307.5,0.9
23,0,13997597000000,225000,0.1264,7.91139,47.619,1.764e+06,8.4e+07,4000000000,0.021,21,1
23,2,13997598000000,226000,0.128323,7.79283,1.78253,2.51777e+08,4.488e+08,1000000000,0.561,561,0.8
23,0,13997599000000,230000,0.126739,7.89022,26.8456,5.55025e+06,1.49e+08,4000000000,0.03725,37.25,1
23,2,13997600000000,231000,0.126563,7.90122,11.6279,5.9168e+06,6.88e+07,1000000000,0.086,86,0.8
23,1,13997601000000,233000,0.128343,7.7916,2.99401,2.00801e+08,6.012e+08,2000000000,0.334,334,0.9
23,0,13997602000000,237000,0.126684,7.89369,33.3333,3.6e+06,1.2e+08,4000000000,0.03,30,1
23,2,13997603000000,238000,0.128193,7.80072,2.05761,1.88957e+08,3.888e+08,1000000000,0.486,486,0.8
23,0,13997604000000,242000,0.126731,7.8907,25.1572,6.32025e+06,1.59e+08,4000000000,0.03975,39.75,1
23,2,13997605000000,243000,0.126642,7.89628,9.52381,8.82e+06,8.4e+07,1000000000,0.105,105,0.8
23,1,13997606000000,245000,0.128261,7.79659,3.07692,1.90125e+08,5.85e+08,2000000000,0.325,325,0.9
23,1,13997607000000,247000,0.127725,7.82934,16.129,6.9192e+06,1.116e+08,2000000000,0.062,62,0.9
23,1,13997608000000,248794,0.12944,7.72556,2.73476,2.40677e+08,6.58194e+08,2000000000,0.365663,328,0.9
23,1,13997609000000,248794,0.12944,7.72556,0,-nan,-nan,2000000000,-nan,0,0.9
23,1,13997610000000,248794,0.12944,7.72556,0,-nan,-nan,2000000000,-nan,0,0.9
23,1,13997611000000,248794,0.12944,7.72556,0,-nan,-nan,2000000000,-nan,0,0.9
23,1,13997612000000,248794,0.12944,7.72556,0,-nan,-nan,2000000000,-nan,0,0.9
23,1,13997613000000,248794,0.12944,7.72556,0,-nan,-nan,2000000000,-nan,0,0.9
24,2,13997501000000,1000,0.125,8,8,1.25e+07,1e+08,1000000000,0.125,125,0.8
24,0,13997502000000,5000,0.1232,8.11688,8.14664,6.02702e+07,4.91e+08,4000000000,0.12275,122.75,1
24,1,13997503000000,7000,0.108,9.25926,14.2857,8.82e+06,1.26e+08,2000000000,0.07,70,0.9
24,2,13997504000000,8000,0.16975,5.89102,1.66113,2.89923e+08,4.816e+08,1000000000,0.602,602,0.8
24,0,13997505000000,12000,0.122,8.19672,37.7358,2.809e+06,1.06e+08,4000000000,0.0265,26.5,1
24,2,13997506000000,13000,0.122077,8.19156,8.13008,1.21032e+07,9.84e+07,1000000000,0.123,123,0.8
24,1,13997507000000,15000,0.142667,7.00935,3.61664,1.37614e+08,4.977e+08,2000000000,0.2765,276.5,0.9
24,0,13997508000000,19000,0.117263,8.52783,45.4545,1.936e+06,8.8e+07,4000000000,0.022,22,1
24,2,13997509000000,20000,0.1174,8.51789,8.33333,1.152e+07,9.6e+07,1000000000,0.12,120,0.8
24,2,13997510000000,21000,0.112381,8.89831,83.3333,115200,9.6e+06,1000000000,0.012,12,0.8
24,1,13997511000000,23000,0.107826,9.27419,16.6667,6.48e+06,1.08e+08,2000000000,0.06,60,0.9
24,2,13997512000000,24000,0.103833,9.63082,83.3333,115200,9.6e+06,1000000000,0.012,12,0.8
24,1,13997513000000,26000,0.100462,9.95406,16.6667,6.48e+06,1.08e+08,2000000000,0.06,60,0.9
24,2,13997514000000,27000,0.101333,9.86842,8.06452,1.23008e+07,9.92e+07,1000000000,0.124,124,0.8
24,1,13997515000000,29000,0.0962069,10.3943,37.037,1.3122e+06,4.86e+07,2000000000,0.027,27,0.9
24,1,13997516000000,31000,0.104065,9.60942,4.58716,8.55432e+07,3.924e+08,2000000000,0.218,218,0.9
24,2,13997517000000,32000,0.105875,9.4451,6.17284,2.09952e+07,1.296e+08,1000000000,0.162,162,0.8
24,1,13997518000000,34000,0.103412,9.67008,15.625,7.3728e+06,1.152e+08,2000000000,0.064,64,0.9
24,0,13997519000000,38000,0.109579,9.12584,6.17284,1.04976e+08,6.48e+08,4000000000,0.162,162,1
24,2,13997520000000,39000,0.109487,9.13349,9.43396,8.9888e+06,8.48e+07,1000000000,0.106,106,0.8
24,0,13997521000000,43000,0.109837,9.10438,8.83002,5.13022e+07,4.53e+08,4000000000,0.11325,113.25,1
24,2,13997522000000,44000,0.1125,8.88889,4.40529,4.12232e+07,1.816e+08,1000000000,0.227,227,0.8
24,1,13997523000000,46000,0.11,9.09091,18.1818,5.445e+06,9.9e+07,2000000000,0.055,55,0.9
24,0,13997524000000,50000,0.11416,8.75964,6.17284,1.04976e+08,6.48e+08,4000000000,0.162,162,1
24,2,13997525000000,51000,0.113843,8.78402,10.2041,7.6832e+06,7.84e+07,1000000000,0.098,98,0.8
24,0,13997526000000,55000,0.113418,8.81693,9.25926,4.6656e+07,4.32e+08,4000000000,0.108,108,1
24,2,13997527000000,56000,0.115554,8.65399,4.29185,4.34312e+07,1.864e+08,1000000000,0.233,233,0.8
24,1,13997528000000,58000,0.113724,8.79321,16,7.03125e+06,1.125e+08,2000000000,0.0625,62.5,0.9
24,0,13997529000000,62000,0.116839,8.55881,6.17284,1.04976e+08,6.48e+08,4000000000,0.162,162,1
24,2,13997530000000,63000,0.11654,8.58077,10.2041,7.6832e+06,7.84e+07,1000000000,0.098,98,0.8
24,0,13997531000000,67000,0.113343,8.82275,15.873,1.5876e+07,2.52e+08,4000000000,0.063,63,1
24,2,13997532000000,68000,0.11775,8.49257,2.42131,1.36455e+08,3.304e+08,1000000000,0.413,413,0.8
24,1,13997533000000,70000,0.116571,8.57843,13.0719,1.0534e+07,1.377e+08,2000000000,0.0765,76.5,0.9
24,0,13997534000000,74000,0.118432,8.44363,6.62252,9.1204e+07,6.04e+08,4000000000,0.151,151,1
24,2,13997535000000,75000,0.118267,8.45547,9.43396,8.9888e+06,8.48e+07,1000000000,0.106,106,0.8
24,0,13997536000000,79000,0.115114,8.68705,17.8571,1.2544e+07,2.24e+08,4000000000,0.056,56,1
24,2,13997537000000,80000,0.11915,8.39278,2.28311,1.53475e+08,3.504e+08,1000000000,0.438,438,0.8
24,1,13997538000000,82000,0.117805,8.48861,15.625,7.3728e+06,1.152e+08,2000000000,0.064,64,0.9
24,0,13997539000000,86000,0.11986,8.34303,6.17284,1.04976e+08,6.48e+08,4000000000,0.162,162,1
24,2,13997540000000,87000,0.118747,8.42126,43.4783,423200,1.84e+07,1000000000,0.023,23,0.8
24,0,13997541000000,91000,0.114857,8.70647,33.0579,3.66025e+06,1.21e+08,4000000000,0.03025,30.25,1
24,2,13997542000000,92000,0.120424,8.304,1.5949,3.14503e+08,5.016e+08,1000000000,0.627,627,0.8
24,1,13997543000000,94000,0.119117,8.39511,16.9492,6.2658e+06,1.062e+08,2000000000,0.059,59,0.9
24,0,13997544000000,98000,0.120102,8.32625,6.9808,8.20822e+07,5.73e+08,4000000000,0.14325,143.25,1
24,2,13997545000000,99000,0.119758,8.3502,11.6279,5.9168e+06,6.88e+07,1000000000,0.086,86,0.8
24,0,13997546000000,103000,0.116388,8.59193,30.303,4.356e+06,1.32e+08,4000000000,0.033,33,1
24,2,13997547000000,104000,0.121298,8.24415,1.5949,3.14503e+08,5.016e+08,1000000000,0.627,627,0.8
24,1,13997548000000,106000,0.120189,8.32025,16,7.03125e+06,1.125e+08,2000000000,0.0625,62.5,0.9
24,0,13997549000000,110000,0.119482,8.36947,9.92556,4.06022e+07,4.03e+08,4000000000,0.10075,100.75,1
24,2,13997550000000,111000,0.120568,8.2941,4.16667,4.608e+07,1.92e+08,1000000000,0.24,240,0.8
24,0,13997551000000,115000,0.117583,8.50466,28.777,4.83025e+06,1.39e+08,4000000000,0.03475,34.75,1
24,2,13997552000000,116000,0.121897,8.20368,1.61812,3.05539e+08,4.944e+08,1000000000,0.618,618,0.8
24,1,13997553000000,118000,0.12122,8.24944,12.1951,1.21032e+07,1.476e+08,2000000000,0.082,82,0.9
24,0,13997554000000,122000,0.118975,8.4051,18.9573,1.11302e+07,2.11e+08,4000000000,0.05275,52.75,1
24,2,13997555000000,123000,0.121293,8.24452,2.47525,1.30573e+08,3.232e+08,1000000000,0.404,404,0.8
24,0,13997556000000,127000,0.118488,8.43966,31.0078,4.16025e+06,1.29e+08,4000000000,0.03225,32.25,1
24,1,13997557000000,129000,0.121574,8.22547,3.14961,1.81451e+08,5.715e+08,2000000000,0.3175,317.5,0.9
24,2,13997558000000,130000,0.121523,8.22889,8.69565,1.058e+07,9.2e+07,1000000000,0.115,115,0.8
24,0,13997559000000,134000,0.120276,8.3142,12.5392,2.54402e+07,3.19e+08,4000000000,0.07975,79.75,1
24,2,13997560000000,135000,0.121807,8.20968,3.0581,8.55432e+07,2.616e+08,1000000000,0.327,327,0.8
24,0,13997561000000,139000,0.119374,8.37703,26.8456,5.55025e+06,1.49e+08,4000000000,0.03725,37.25,1
24,1,13997562000000,141000,0.123043,8.12727,2.6455,2.57191e+08,6.804e+08,2000000000,0.378,378,0.9
24,2,13997563000000,142000,0.124225,8.04989,3.43643,6.77448e+07,2.328e+08,1000000000,0.291,291,0.8
24,0,13997564000000,146000,0.121603,8.2235,35.0877,3.249e+06,1.14e+08,4000000000,0.0285,28.5,1
24,2,13997565000000,147000,0.124925,8.00479,1.63934,2.9768e+08,4.88e+08,1000000000,0.61,610,0.8
24,1,13997566000000,149000,0.123866,8.07326,21.7391,3.8088e+06,8.28e+07,2000000000,0.046,46,0.9
24,0,13997567000000,153000,0.123451,8.10038,9.25926,4.6656e+07,4.32e+08,4000000000,0.108,108,1
24,2,13997568000000,154000,0.124234,8.04934,4.09836,4.76288e+07,1.952e+08,1000000000,0.244,244,0.8
24,0,13997569000000,158000,0.121671,8.21889,43.4783,2.116e+06,9.2e+07,4000000000,0.023,23,1
24,2,13997570000000,159000,0.125044,7.99718,1.51976,3.46371e+08,5.264e+08,1000000000,0.658,658,0.8
24,1,13997571000000,161000,0.124174,8.05322,18.1818,5.445e+06,9.9e+07,2000000000,0.055,55,0.9
24,0,13997572000000,165000,0.122182,8.18452,23.8095,7.056e+06,1.68e+08,4000000000,0.042,42,1
24,2,13997573000000,166000,0.124506,8.03174,1.9685,2.06451e+08,4.064e+08,1000000000,0.508,508,0.8
24,0,13997574000000,170000,0.122118,8.18882,43.4783,2.116e+06,9.2e+07,4000000000,0.023,23,1
24,2,13997575000000,171000,0.123801,8.07747,2.43902,1.3448e+08,3.28e+08,1000000000,0.41,410,0.8
24,1,13997576000000,173000,0.123931,8.06903,7.40741,3.2805e+07,2.43e+08,2000000000,0.135,135,0.9
24,0,13997577000000,177000,0.121898,8.20356,29.4118,4.624e+06,1.36e+08,4000000000,0.034,34,1
24,2,13997578000000,178000,0.124764,8.01513,1.58228,3.19539e+08,5.056e+08,1000000000,0.632,632,0.8
24,0,13997579000000,182000,0.122819,8.14208,27.5862,5.25625e+06,1.45e+08,4000000000,0.03625,36.25,1
24,2,13997580000000,183000,0.123251,8.1135,4.9505,3.26432e+07,1.616e+08,1000000000,0.202,202,0.8
24,1,13997581000000,185000,0.124238,8.04908,4.662,8.28184e+07,3.861e+08,2000000000,0.2145,214.5,0.9
24,0,13997582000000,189000,0.122333,8.17439,29.1971,4.69225e+06,1.37e+08,4000000000,0.03425,34.25,1
24,2,13997583000000,190000,0.1248,8.01282,1.69205,2.79425e+08,4.728e+08,1000000000,0.591,591,0.8
24,0,13997584000000,194000,0.122845,8.14032,33.3333,3.6e+06,1.2e+08,4000000000,0.03,30,1
24,2,13997585000000,195000,0.122605,8.15627,13.1579,4.6208e+06,6.08e+07,1000000000,0.076,76,0.8
24,1,13997586000000,197000,0.124528,8.03033,3.20513,1.75219e+08,5.616e+08,2000000000,0.312,312,0.9
24,0,13997587000000,201000,0.122716,8.14887,29.8507,4.489e+06,1.34e+08,4000000000,0.0335,33.5,1
24,2,13997588000000,202000,0.124693,8.01969,1.91571,2.17987e+08,4.176e+08,1000000000,0.522,522,0.8
24,0,13997589000000,206000,0.123078,8.12495,24.0964,6.889e+06,1.66e+08,4000000000,0.0415,41.5,1
24,2,13997590000000,207000,0.122802,8.14319,15.1515,3.4848e+06,5.28e+07,1000000000,0.066,66,0.8
24,1,13997591000000,209000,0.124708,8.01872,3.10559,1.86631e+08,5.796e+08,2000000000,0.322,322,0.9
24,0,13997592000000,213000,0.122948,8.1335,32.2581,3.844e+06,1.24e+08,4000000000,0.031,31,1
24,2,13997593000000,214000,0.124687,8.02009,2.0202,1.9602e+08,3.96e+08,1000000000,0.495,495,0.8
24,0,13997594000000,218000,0.122972,8.1319,32,3.90625e+06,1.25e+08,4000000000,0.03125,31.25,1
24,2,13997595000000,219000,0.122849,8.14005,10.4167,7.3728e+06,7.68e+07,1000000000,0.096,96,0.8
24,1,13997596000000,221000,0.124814,8.01189,2.94118,2.0808e+08,6.12e+08,2000000000,0.34,340,0.9
24,0,13997597000000,225000,0.12324,8.11425,27.5862,5.25625e+06,1.45e+08,4000000000,0.03625,36.25,1
24,2,13997598000000,226000,0.124518,8.03099,2.42718,1.35795e+08,3.296e+08,1000000000,0.412,412,0.8
24,0,13997599000000,230000,0.123339,8.10773,17.6211,1.28822e+07,2.27e+08,4000000000,0.05675,56.75,1
24,2,13997600000000,231000,0.123177,8.11837,11.6279,5.9168e+06,6.88e+07,1000000000,0.086,86,0.8
24,1,13997601000000,233000,0.125064,7.99588,2.91545,2.11768e+08,6.174e+08,2000000000,0.343,343,0.9
24,0,13997602000000,237000,0.123489,8.09786,31.4961,4.03225e+06,1.27e+08,4000000000,0.03175,31.75,1
24,2,13997603000000,238000,0.124777,8.01428,2.32558,1.4792e+08,3.44e+08,1000000000,0.43,430,0.8
24,0,13997604000000,242000,0.123504,8.0969,20.9424,9.12025e+06,1.91e+08,4000000000,0.04775,47.75,1
24,2,13997605000000,243000,0.123481,8.09838,8.47458,1.11392e+07,9.44e+07,1000000000,0.118,118,0.8
24,1,13997606000000,245000,0.125241,7.98462,2.94985,2.06858e+08,6.102e+08,2000000000,0.339,339,0.9
24,1,13997607000000,247000,0.124688,8.02,17.5439,5.8482e+06,1.026e+08,2000000000,0.057,57,0.9
24,1,13997608000000,249000,0.126233,7.92186,3.15457,1.8088e+08,5.706e+08,2000000000,0.317,317,0.9
24,1,13997609000000,251000,0.125717,7.95437,16.2602,6.80805e+06,1.107e+08,2000000000,0.0615,61.5,0.9
24,1,13997610000000,253000,0.125206,7.98687,16.3934,6.6978e+06,1.098e+08,2000000000,0.061,61,0.9
24,1,13997611000000,253817,0.126879,7.88154,1.55028,7.48944e+08,1.16108e+09,2000000000,0.645043,263.5,0.9
24,1,13997612000000,253817,0.126879,7.88154,0,-nan,-nan,2000000000,-nan,0,0.9
24,1,13997613000000,253817,0.126879,7.88154,0,-nan,-nan,2000000000,-nan,0,0.9
25,2,13997501000000,1000,0.125,8,8,1.25e+07,1e+08,1000000000,0.125,125,0.8
25,0,13997502000000,5000,0.1232,8.11688,8.14664,6.02702e+07,4.91e+08,4000000000,0.12275,122.75,1
25,1,13997503000000,7000,0.108,9.25926,14.2857,8.82e+06,1.26e+08,2000000000,0.07,70,0.9
25,2,13997504000000,8000,0.16975,5.89102,1.66113,2.89923e+08,4.816e+08,1000000000,0.602,602,0.8
25,0,13997505000000,12000,0.122,8.19672,37.7358,2.809e+06,1.06e+08,4000000000,0.0265,26.5,1
25,2,13997506000000,13000,0.122077,8.19156,8.13008,1.21032e+07,9.84e+07,1000000000,0.123,123,0.8
25,1,13997507000000,15000,0.142667,7.00935,3.61664,1.37614e+08,4.977e+08,2000000000,0.2765,276.5,0.9
25,0,13997508000000,19000,0.117263,8.52783,45.4545,1.936e+06,8.8e+07,4000000000,0.022,22,1
25,2,13997509000000,20000,0.1174,8.51789,8.33333,1.152e+07,9.6e+07,1000000000,0.12,120,0.8
25,2,13997510000000,21000,0.112381,8.89831,83.3333,115200,9.6e+06,1000000000,0.012,12,0.8
25,1,13997511000000,23000,0.107826,9.27419,16.6667,6.48e+06,1.08e+08,2000000000,0.06,60,0.9
25,2,13997512000000,24000,0.103833,9.63082,83.3333,115200,9.6e+06,1000000000,0.012,12,0.8
25,1,13997513000000,26000,0.100462,9.95406,16.6667,6.48e+06,1.08e+08,2000000000,0.06,60,0.9
25,2,13997514000000,27000,0.101333,9.86842,8.06452,1.23008e+07,9.92e+07,1000000000,0.124,124,0.8
25,1,13997515000000,29000,0.0962069,10.3943,37.037,1.3122e+06,4.86e+07,2000000000,0.027,27,0.9
25,1,13997516000000,31000,0.104065,9.60942,4.58716,8.55432e+07,3.924e+08,2000000000,0.218,218,0.9
25,2,13997517000000,32000,0.105875,9.4451,6.17284,2.09952e+07,1.296e+08,1000000000,0.162,162,0.8
25,1,13997518000000,34000,0.103412,9.67008,15.625,7.3728e+06,1.152e+08,2000000000,0.064,64,0.9
25,0,13997519000000,38000,0.109579,9.12584,6.17284,1.04976e+08,6.48e+08,4000000000,0.162,162,1
25,2,13997520000000,39000,0.109487,9.13349,9.43396,8.9888e+06,8.48e+07,1000000000,0.106,106,0.8
25,0,13997521000000,43000,0.109837,9.10438,8.83002,5.13022e+07,4.53e+08,4000000000,0.11325,113.25,1
25,2,13997522000000,44000,0.1125,8.88889,4.40529,4.12232e+07,1.816e+08,1000000000,0.227,227,0.8
25,1,13997523000000,46000,0.11,9.09091,18.1818,5.445e+06,9.9e+07,2000000000,0.055,55,0.9
25,0,13997524000000,50000,0.11416,8.75964,6.17284,1.04976e+08,6.48e+08,4000000000,0.162,162,1
25,2,13997525000000,51000,0.113843,8.78402,10.2041,7.6832e+06,7.84e+07,1000000000,0.098,98,0.8
25,0,13997526000000,55000,0.113418,8.81693,9.25926,4.6656e+07,4.32e+08,4000000000,0.108,108,1
25,2,13997527000000,56000,0.115554,8.65399,4.29185,4.34312e+07,1.864e+08,1000000000,0.233,233,0.8
25,1,13997528000000,58000,0.113724,8.79321,16,7.03125e+06,1.125e+08,2000000000,0.0625,62.5,0.9
25,0,13997529000000,62000,0.116839,8.55881,6.17284,1.04976e+08,6.48e+08,4000000000,0.162,162,1
25,2,13997530000000,63000,0.11654,8.58077,10.2041,7.6832e+06,7.84e+07,1000000000,0.098,98,0.8
25,0,13997531000000,67000,0.113343,8.82275,15.873,1.5876e+07,2.52e+08,4000000000,0.063,63,1
25,2,13997532000000,68000,0.11775,8.49257,2.42131,1.36455e+08,3.304e+08,1000000000,0.413,413,0.8
25,1,13997533000000,70000,0.116571,8.57843,13.0719,1.0534e+07,1.377e+08,2000000000,0.0765,76.5,0.9
25,0,13997534000000,74000,0.118432,8.44363,6.62252,9.1204e+07,6.04e+08,4000000000,0.151,151,1
25,2,13997535000000,75000,0.118267,8.45547,9.43396,8.9888e+06,8.48e+07,1000000000,0.106,106,0.8
25,0,13997536000000,79000,0.115114,8.68705,17.8571,1.2544e+07,2.24e+08,4000000000,0.056,56,1
25,2,13997537000000,80000,0.11915,8.39278,2.28311,1.53475e+08,3.504e+08,1000000000,0.438,438,0.8
25,1,13997538000000,82000,0.117805,8.48861,15.625,7.3728e+06,1.152e+08,2000000000,0.064,64,0.9
25,0,13997539000000,86000,0.11986,8.34303,6.17284,1.04976e+08,6.48e+08,4000000000,0.162,162,1
25,2,13997540000000,87000,0.118747,8.42126,43.4783,423200,1.84e+07,1000000000,0.023,23,0.8
25,0,13997541000000,91000,0.114857,8.70647,33.0579,3.66025e+06,1.21e+08,4000000000,0.03025,30.25,1
25,2,13997542000000,92000,0.120424,8.304,1.5949,3.14503e+08,5.016e+08,1000000000,0.627,627,0.8
25,1,13997543000000,94000,0.119117,8.39511,16.9492,6.2658e+06,1.062e+08,2000000000,0.059,59,0.9
25,0,13997544000000,98000,0.120102,8.32625,6.9808,8.20822e+07,5.73e+08,4000000000,0.14325,143.25,1
25,2,13997545000000,99000,0.119758,8.3502,11.6279,5.9168e+06,6.88e+07,1000000000,0.086,86,0.8
25,0,13997546000000,103000,0.116388,8.59193,30.303,4.356e+06,1.32e+08,4000000000,0.033,33,1
25,2,13997547000000,104000,0.121298,8.24415,1.5949,3.14503e+08,5.016e+08,1000000000,0.627,627,0.8
25,1,13997548000000,106000,0.120189,8.32025,16,7.03125e+06,1.125e+08,2000000000,0.0625,62.5,0.9
25,0,13997549000000,110000,0.119482,8.36947,9.92556,4.06022e+07,4.03e+08,4000000000,0.10075,100.75,1
25,2,13997550000000,111000,0.120568,8.2941,4.16667,4.608e+07,1.92e+08,1000000000,0.24,240,0.8
25,0,13997551000000,115000,0.117583,8.50466,28.777,4.83025e+06,1.39e+08,4000000000,0.03475,34.75,1
25,2,13997552000000,116000,0.121897,8.20368,1.61812,3.05539e+08,4.944e+08,1000000000,0.618,618,0.8
25,1,13997553000000,118000,0.12122,8.24944,12.1951,1.21032e+07,1.476e+08,2000000000,0.082,82,0.9
25,0,13997554000000,122000,0.118975,8.4051,18.9573,1.11302e+07,2.11e+08,4000000000,0.05275,52.75,1
25,2,13997555000000,123000,0.121293,8.24452,2.47525,1.30573e+08,3.232e+08,1000000000,0.404,404,0.8
25,0,13997556000000,127000,0.118488,8.43966,31.0078,4.16025e+06,1.29e+08,4000000000,0.03225,32.25,1
25,1,13997557000000,129000,0.121574,8.22547,3.14961,1.81451e+08,5.715e+08,2000000000,0.3175,317.5,0.9
25,2,13997558000000,130000,0.121523,8.22889,8.69565,1.058e+07,9.2e+07,1000000000,0.115,115,0.8
25,0,13997559000000,134000,0.120276,8.3142,12.5392,2.54402e+07,3.19e+08,4000000000,0.07975,79.75,1
25,2,13997560000000,135000,0.121807,8.20968,3.0581,8.55432e+07,2.616e+08,1000000000,0.327,327,0.8
25,0,13997561000000,139000,0.119374,8.37703,26.8456,5.55025e+06,1.49e+08,4000000000,0.03725,37.25,1
25,1,13997562000000,141000,0.123043,8.12727,2.6455,2.57191e+08,6.804e+08,2000000000,0.378,378,0.9
25,2,13997563000000,142000,0.124225,8.04989,3.43643,6.77448e+07,2.328e+08,1000000000,0.291,291,0.8
25,0,13997564000000,146000,0.121603,8.2235,35.0877,3.249e+06,1.14e+08,4000000000,0.0285,28.5,1
25,2,13997565000000,147000,0.124925,8.00479,1.63934,2.9768e+08,4.88e+08,1000000000,0.61,610,0.8
25,1,13997566000000,149000,0.123866,8.07326,21.7391,3.8088e+06,8.28e+07,2000000000,0.046,46,0.9
25,0,13997567000000,153000,0.123451,8.10038,9.25926,4.6656e+07,4.32e+08,4000000000,0.108,108,1
25,2,13997568000000,154000,0.124234,8.04934,4.09836,4.76288e+07,1.952e+08,1000000000,0.244,244,0.8
25,0,13997569000000,158000,0.121671,8.21889,43.4783,2.116e+06,9.2e+07,4000000000,0.023,23,1
25,2,13997570000000,159000,0.125044,7.99718,1.51976,3.46371e+08,5.264e+08,1000000000,0.658,658,0.8
25,1,13997571000000,161000,0.124174,8.05322,18.1818,5.445e+06,9.9e+07,2000000000,0.055,55,0.9
25,0,13997572000000,165000,0.122182,8.18452,23.8095,7.056e+06,1.68e+08,4000000000,0.042,42,1
25,2,13997573000000,166000,0.124506,8.03174,1.9685,2.06451e+08,4.064e+08,1000000000,0.508,508,0.8
25,0,13997574000000,170000,0.122118,8.18882,43.4783,2.116e+06,9.2e+07,4000000000,0.023,23,1
25,2,13997575000000,171000,0.123801,8.07747,2.43902,1.3448e+08,3.28e+08,1000000000,0.41,410,0.8
25,1,13997576000000,173000,0.123931,8.06903,7.40741,3.2805e+07,2.43e+08,2000000000,0.135,135,0.9
25,0,13997577000000,177000,0.121898,8.20356,29.4118,4.624e+06,1.36e+08,4000000000,0.034,34,1
25,2,13997578000000,178000,0.124764,8.01513,1.58228,3.19539e+08,5.056e+08,1000000000,0.632,632,0.8
25,0,13997579000000,182000,0.122819,8.14208,27.5862,5.25625e+06,1.45e+08,4000000000,0.03625,36.25,1
25,2,13997580000000,183000,0.123251,8.1135,4.9505,3.26432e+07,1.616e+08,1000000000,0.202,202,0.8
25,1,13997581000000,185000,0.124238,8.04908,4.662,8.28184e+07,3.861e+08,2000000000,0.2145,214.5,0.9
25,0,13997582000000,189000,0.122333,8.17439,29.1971,4.69225e+06,1.37e+08,4000000000,0.03425,34.25,1
25,2,13997583000000,190000,0.1248,8.01282,1.69205,2.79425e+08,4.728e+08,1000000000,0.591,591,0.8
25,0,13997584000000,194000,0.122845,8.14032,33.3333,3.6e+06,1.2e+08,4000000000,0.03,30,1
25,2,13997585000000,195000,0.122605,8.15627,13.1579,4.6208e+06,6.08e+07,1000000000,0.076,76,0.8
25,1,13997586000000,197000,0.124528,8.03033,3.20513,1.75219e+08,5.616e+08,2000000000,0.312,312,0.9
25,0,13997587000000,201000,0.122716,8.14887,29.8507,4.489e+06,1.34e+08,4000000000,0.0335,33.5,1
25,2,13997588000000,202000,0.124693,8.01969,1.91571,2.17987e+08,4.176e+08,1000000000,0.522,522,0.8
25,0,13997589000000,206000,0.123078,8.12495,24.0964,6.889e+06,1.66e+08,4000000000,0.0415,41.5,1
25,2,13997590000000,207000,0.122802,8.14319,15.1515,3.4848e+06,5.28e+07,1000000000,0.066,66,0.8
25,1,13997591000000,209000,0.124708,8.01872,3.10559,1.86631e+08,5.796e+08,2000000000,0.322,322,0.9
25,0,13997592000000,213000,0.122948,8.1335,32.2581,3.844e+06,1.24e+08,4000000000,0.031,31,1
25,2,13997593000000,214000,0.124687,8.02009,2.0202,1.9602e+08,3.96e+08,1000000000,0.495,495,0.8
25,0,13997594000000,218000,0.122972,8.1319,32,3.90625e+06,1.25e+08,4000000000,0.03125,31.25,1
25,2,13997595000000,219000,0.122849,8.14005,10.4167,7.3728e+06,7.68e+07,1000000000,0.096,96,0.8
25,1,13997596000000,221000,0.124814,8.01189,2.94118,2.0808e+08,6.12e+08,2000000000,0.34,340,0.9
25,0,13997597000000,225000,0.12324,8.11425,27.5862,5.25625e+06,1.45e+08,4000000000,0.03625,36.25,1
25,2,13997598000000,226000,0.124518,8.03099,2.42718,1.35795e+08,3.296e+08,1000000000,0.412,412,0.8
25,0,13997599000000,230000,0.123339,8.10773,17.6211,1.28822e+07,2.27e+08,4000000000,0.05675,56.75,1
25,2,13997600000000,231000,0.123177,8.11837,11.6279,5.9168e+06,6.88e+07,1000000000,0.086,86,0.8
25,1,13997601000000,233000,0.125064,7.99588,2.91545,2.11768e+08,6.174e+08,2000000000,0.343,343,0.9
25,0,13997602000000,237000,0.123489,8.09786,31.4961,4.03225e+06,1.27e+08,4000000000,0.03175,31.75,1
25,2,13997603000000,238000,0.124777,8.01428,2.32558,1.4792e+08,3.44e+08,1000000000,0.43,430,0.8
25,0,13997604000000,242000,0.123504,8.0969,20.9424,9.12025e+06,1.91e+08,4000000000,0.04775,47.75,1
25,2,13997605000000,243000,0.123481,8.09838,8.47458,1.11392e+07,9.44e+07,1000000000,0.118,118,0.8
25,1,13997606000000,245000,0.125241,7.98462,2.94985,2.06858e+08,6.102e+08,2000000000,0.339,339,0.9
25,1,13997607000000,247000,0.124688,8.02,17.5439,5.8482e+06,1.026e+08,2000000000,0.057,57,0.9
25,1,13997608000000,249000,0.126233,7.92186,3.15457,1.8088e+08,5.706e+08,2000000000,0.317,317,0.9
25,1,13997609000000,251000,0.125717,7.95437,16.2602,6.80805e+06,1.107e+08,2000000000,0.0615,61.5,0.9
25,1,13997610000000,253000,0.125206,7.98687,16.3934,6.6978e+06,1.098e+08,2000000000,0.061,61,0.9
25,1,13997611000000,253817,0.126879,7.88154,1.55028,7.48944e+08,1.16108e+09,2000000000,0.645043,263.5,0.9
25,1,13997612000000,253817,0.126879,7.88154,0,-nan,-nan,2000000000,-nan,0,0.9
25,1,13997613000000,253817,0.126879,7.88154,0,-nan,-nan,2000000000,-nan,0,0.9
26,2,13997501000000,1000,0.125,8,8,1.25e+07,1e+08,1000000000,0.125,125,0.8
26,0,13997502000000,5000,0.1232,8.11688,8.14664,6.02702e+07,4.91e+08,4000000000,0.12275,122.75,1
26,1,13997503000000,7000,0.108,9.25926,14.2857,8.82e+06,1.26e+08,2000000000,0.07,70,0.9
26,2,13997504000000,8000,0.16975,5.89102,1.66113,2.89923e+08,4.816e+08,1000000000,0.602,602,0.8
26,0,13997505000000,12000,0.122,8.19672,37.7358,2.809e+06,1.06e+08,4000000000,0.0265,26.5,1
26,2,13997506000000,13000,0.122077,8.19156,8.13008,1.21032e+07,9.84e+07,1000000000,0.123,123,0.8
26,1,13997507000000,15000,0.142667,7.00935,3.61664,1.37614e+08,4.977e+08,2000000000,0.2765,276.5,0.9
26,0,13997508000000,19000,0.117263,8.52783,45.4545,1.936e+06,8.8e+07,4000000000,0.022,22,1
26,2,13997509000000,20000,0.1174,8.51789,8.33333,1.152e+07,9.6e+07,1000000000,0.12,120,0.8
26,2,13997510000000,21000,0.112381,8.89831,83.3333,115200,9.6e+06,1000000000,0.012,12,0.8
26,1,13997511000000,23000,0.107826,9.27419,16.6667,6.48e+06,1.08e+08,2000000000,0.06,60,0.9
26,2,13997512000000,24000,0.103583,9.65406,166.667,28800,4.8e+06,1000000000,0.006,6,0.8
26,1,13997513000000,26000,0.102231,9.78179,11.6279,1.33128e+07,1.548e+08,2000000000,0.086,86,0.9
26,2,13997514000000,27000,0.10237,9.76845,9.43396,8.9888e+06,8.48e+07,1000000000,0.106,106,0.8
26,1,13997515000000,29000,0.109,9.17431,5.03778,7.0924e+07,3.573e+08,2000000000,0.1985,198.5,0.9
26,1,13997516000000,31000,0.109871,9.10159,8.16327,2.70112e+07,2.205e+08,2000000000,0.1225,122.5,0.9
26,2,13997517000000,32000,0.109156,9.16118,11.4943,6.0552e+06,6.96e+07,1000000000,0.087,87,0.8
26,1,13997518000000,34000,0.122088,8.1908,3.03951,1.94834e+08,5.922e+08,2000000000,0.329,329,0.9
26,0,13997519000000,38000,0.112684,8.87436,30.5344,4.29025e+06,1.31e+08,4000000000,0.03275,32.75,1
26,2,13997520000000,39000,0.11541,8.66474,4.56621,3.83688e+07,1.752e+08,1000000000,0.219,219,0.8
26,0,13997521000000,43000,0.11386,8.78268,10.1266,3.90062e+07,3.95e+08,4000000000,0.09875,98.75,1
26,2,13997522000000,44000,0.113955,8.77543,8.47458,1.11392e+07,9.44e+07,1000000000,0.118,118,0.8
26,1,13997523000000,46000,0.12313,8.12147,3.07692,1.90125e+08,5.85e+08,2000000000,0.325,325,0.9
26,0,13997524000000,50000,0.11616,8.60882,27.7778,5.184e+06,1.44e+08,4000000000,0.036,36,1
26,2,13997525000000,51000,0.117588,8.50425,5.29101,2.85768e+07,1.512e+08,1000000000,0.189,189,0.8
26,0,13997526000000,55000,0.117309,8.52449,8.79121,5.17562e+07,4.55e+08,4000000000,0.11375,113.75,1
26,2,13997527000000,56000,0.116821,8.56007,11.1111,6.48e+06,7.2e+07,1000000000,0.09,90,0.8
26,1,13997528000000,58000,0.124672,8.02102,2.90276,2.13624e+08,6.201e+08,2000000000,0.3445,344.5,0.9
26,0,13997529000000,62000,0.118677,8.4262,31.4961,4.03225e+06,1.27e+08,4000000000,0.03175,31.75,1
26,2,13997530000000,63000,0.118444,8.44278,9.61538,8.6528e+06,8.32e+07,1000000000,0.104,104,0.8
26,0,13997531000000,67000,0.119269,8.38443,7.56144,6.99602e+07,5.29e+08,4000000000,0.13225,132.25,1
26,2,13997532000000,68000,0.119647,8.35792,6.89655,1.682e+07,1.16e+08,1000000000,0.145,145,0.8
26,1,13997533000000,70000,0.125186,7.98813,3.18979,1.76908e+08,5.643e+08,2000000000,0.3135,313.5,0.9
26,0,13997534000000,74000,0.120189,8.32022,30.5344,4.29025e+06,1.31e+08,4000000000,0.03275,32.75,1
26,2,13997535000000,75000,0.119813,8.34632,10.8696,6.7712e+06,7.36e+07,1000000000,0.092,92,0.8
26,0,13997536000000,79000,0.120595,8.29222,7.39372,7.31702e+07,5.41e+08,4000000000,0.13525,135.25,1
26,2,13997537000000,80000,0.1209,8.2713,6.89655,1.682e+07,1.16e+08,1000000000,0.145,145,0.8
26,1,13997538000000,82000,0.125402,7.97433,3.27332,1.67994e+08,5.499e+08,2000000000,0.3055,305.5,0.9
26,0,13997539000000,86000,0.119826,8.34546,181.818,121000,2.2e+07,4000000000,0.0055,5.5,1
26,2,13997540000000,87000,0.119563,8.36378,10.3093,7.5272e+06,7.76e+07,1000000000,0.097,97,0.8
26,0,13997541000000,91000,0.121527,8.22859,6.08828,1.07912e+08,6.57e+08,4000000000,0.16425,164.25,1
26,2,13997542000000,92000,0.121413,8.23635,9.00901,9.8568e+06,8.88e+07,1000000000,0.111,111,0.8
26,1,13997543000000,94000,0.124553,8.0287,3.71747,1.3025e+08,4.842e+08,2000000000,0.269,269,0.9
26,0,13997544000000,98000,0.120806,8.27773,30.5344,4.29025e+06,1.31e+08,4000000000,0.03275,32.75,1
26,2,13997545000000,99000,0.120586,8.29285,10.101,7.8408e+06,7.92e+07,1000000000,0.099,99,0.8
26,0,13997546000000,103000,0.122282,8.17785,6.08828,1.07912e+08,6.57e+08,4000000000,0.16425,164.25,1
26,2,13997547000000,104000,0.122173,8.18511,9.00901,9.8568e+06,8.88e+07,1000000000,0.111,111,0.8
26,1,13997548000000,106000,0.123226,8.11514,5.61798,5.70312e+07,3.204e+08,2000000000,0.178,178,0.9
26,0,13997549000000,110000,0.121482,8.23168,13.289,2.26502e+07,3.01e+08,4000000000,0.07525,75.25,1
26,2,13997550000000,111000,0.121387,8.23809,9.00901,9.8568e+06,8.88e+07,1000000000,0.111,111,0.8
26,0,13997551000000,115000,0.122948,8.13353,6.01504,1.10556e+08,6.65e+08,4000000000,0.16625,166.25,1
26,2,13997552000000,116000,0.122776,8.14492,9.70874,8.4872e+06,8.24e+07,1000000000,0.103,103,0.8
26,1,13997553000000,118000,0.122966,8.13232,7.46269,3.23208e+07,2.412e+08,2000000000,0.134,134,0.9
26,0,13997554000000,122000,0.122221,8.18188,9.97506,4.02002e+07,4.01e+08,4000000000,0.10025,100.25,1
26,2,13997555000000,123000,0.122098,8.19017,9.34579,9.1592e+06,8.56e+07,1000000000,0.107,107,0.8
26,0,13997556000000,127000,0.123299,8.11035,6.24025,1.0272e+08,6.41e+08,4000000000,0.16025,160.25,1
26,1,13997557000000,129000,0.122357,8.17283,16,7.03125e+06,1.125e+08,2000000000,0.0625,62.5,0.9
26,2,13997558000000,130000,0.122562,8.15917,6.71141,1.77608e+07,1.192e+08,1000000000,0.149,149,0.8
26,0,13997559000000,134000,0.122649,8.15333,7.96813,6.3001e+07,5.02e+08,4000000000,0.1255,125.5,1
26,2,13997560000000,135000,0.122756,8.14627,7.29927,1.50152e+07,1.096e+08,1000000000,0.137,137,0.8
26,0,13997561000000,139000,0.124727,8.01753,5.22876,1.46306e+08,7.65e+08,4000000000,0.19125,191.25,1
26,1,13997562000000,141000,0.125574,7.9634,5.42005,6.12724e+07,3.321e+08,2000000000,0.1845,184.5,0.9
26,2,13997563000000,142000,0.124972,8.0018,25,1.28e+06,3.2e+07,1000000000,0.04,40,0.8
26,0,13997564000000,146000,0.125671,7.95727,6.64452,9.0601e+07,6.02e+08,4000000000,0.1505,150.5,1
26,2,13997565000000,147000,0.125878,7.94423,6.41026,1.94688e+07,1.248e+08,1000000000,0.156,156,0.8
26,1,13997566000000,149000,0.128242,7.79778,3.31126,1.64167e+08,5.436e+08,2000000000,0.302,302,0.9
26,0,13997567000000,153000,0.125804,7.94888,28.5714,4.9e+06,1.4e+08,4000000000,0.035,35,1
26,2,13997568000000,154000,0.12687,7.88208,3.44828,6.728e+07,2.32e+08,1000000000,0.29,290,0.8
26,0,13997569000000,158000,0.125823,7.94769,11.6959,2.9241e+07,3.42e+08,4000000000,0.0855,85.5,1
26,2,13997570000000,159000,0.125962,7.93889,6.75676,1.75232e+07,1.184e+08,1000000000,0.148,148,0.8
26,1,13997571000000,161000,0.128193,7.80077,3.27332,1.67994e+08,5.499e+08,2000000000,0.3055,305.5,0.9
26,0,13997572000000,165000,0.125891,7.94339,30.0752,4.42225e+06,1.33e+08,4000000000,0.03325,33.25,1
26,2,13997573000000,166000,0.127386,7.85018,2.6738,1.11901e+08,2.992e+08,1000000000,0.374,374,0.8
26,0,13997574000000,170000,0.125947,7.93984,15.0943,1.75562e+07,2.65e+08,4000000000,0.06625,66.25,1
26,2,13997575000000,171000,0.125883,7.94388,8.69565,1.058e+07,9.2e+07,1000000000,0.115,115,0.8
26,1,13997576000000,173000,0.128249,7.79736,3.02572,1.96614e+08,5.949e+08,2000000000,0.3305,330.5,0.9
26,0,13997577000000,177000,0.126113,7.9294,29.6296,4.55625e+06,1.35e+08,4000000000,0.03375,33.75,1
26,2,13997578000000,178000,0.127865,7.82074,2.28311,1.53475e+08,3.504e+08,1000000000,0.438,438,0.8
26,0,13997579000000,182000,0.126104,7.92994,20.9424,9.12025e+06,1.91e+08,4000000000,0.04775,47.75,1
26,2,13997580000000,183000,0.126164,7.9262,7.29927,1.50152e+07,1.096e+08,1000000000,0.137,137,0.8
26,1,13997581000000,185000,0.128232,7.79834,3.14961,1.81451e+08,5.715e+08,2000000000,0.3175,317.5,0.9
26,0,13997582000000,189000,0.126349,7.91457,25.4777,6.16225e+06,1.57e+08,4000000000,0.03925,39.25,1
26,2,13997583000000,190000,0.128032,7.81057,2.24215,1.59133e+08,3.568e+08,1000000000,0.446,446,0.8
26,0,13997584000000,194000,0.126263,7.91998,23.6686,7.14025e+06,1.69e+08,4000000000,0.04225,42.25,1
26,2,13997585000000,195000,0.1264,7.91139,6.53595,1.87272e+07,1.224e+08,1000000000,0.153,153,0.8
26,1,13997586000000,197000,0.128279,7.7955,3.21027,1.74658e+08,5.607e+08,2000000000,0.3115,311.5,0.9
26,0,13997587000000,201000,0.126383,7.91245,30.303,4.356e+06,1.32e+08,4000000000,0.033,33,1
26,2,13997588000000,202000,0.128,7.8125,2.20751,1.64167e+08,3.624e+08,1000000000,0.453,453,0.8
26,0,13997589000000,206000,0.126364,7.91364,22.8571,7.65625e+06,1.75e+08,4000000000,0.04375,43.75,1
26,2,13997590000000,207000,0.126493,7.90559,6.53595,1.87272e+07,1.224e+08,1000000000,0.153,153,0.8
26,1,13997591000000,209000,0.128263,7.79647,3.21027,1.74658e+08,5.607e+08,2000000000,0.3115,311.5,0.9
26,0,13997592000000,213000,0.126432,7.90939,32.5203,3.78225e+06,1.23e+08,4000000000,0.03075,30.75,1
26,2,13997593000000,214000,0.12815,7.80338,2.02429,1.95229e+08,3.952e+08,1000000000,0.494,494,0.8
26,0,13997594000000,218000,0.126528,7.90342,25.1572,6.32025e+06,1.59e+08,4000000000,0.03975,39.75,1
26,2,13997595000000,219000,0.126374,7.91299,10.7527,6.9192e+06,7.44e+07,1000000000,0.093,93,0.8
26,1,13997596000000,221000,0.128195,7.80064,3.05344,1.93061e+08,5.895e+08,2000000000,0.3275,327.5,0.9
26,0,13997597000000,225000,0.126453,7.90806,33.0579,3.66025e+06,1.21e+08,4000000000,0.03025,30.25,1
26,2,13997598000000,226000,0.128133,7.80441,1.97628,2.04829e+08,4.048e+08,1000000000,0.506,506,0.8
26,0,13997599000000,230000,0.126643,7.89618,23.5294,7.225e+06,1.7e+08,4000000000,0.0425,42.5,1
26,2,13997600000000,231000,0.126489,7.90581,10.989,6.6248e+06,7.28e+07,1000000000,0.091,91,0.8
26,1,13997601000000,233000,0.128253,7.79708,3.01205,1.98403e+08,5.976e+08,2000000000,0.332,332,0.9
26,0,13997602000000,237000,0.126624,7.89737,31.4961,4.03225e+06,1.27e+08,4000000000,0.03175,31.75,1
26,2,13997603000000,238000,0.128227,7.79868,1.9685,2.06451e+08,4.064e+08,1000000000,0.508,508,0.8
26,0,13997604000000,242000,0.126686,7.89354,28.5714,4.9e+06,1.4e+08,4000000000,0.035,35,1
26,2,13997605000000,243000,0.126572,7.90064,10.101,7.8408e+06,7.92e+07,1000000000,0.099,99,0.8
26,1,13997606000000,245000,0.128257,7.79684,3.003,1.996e+08,5.994e+08,2000000000,0.333,333,0.9
26,1,13997607000000,247000,0.127688,7.83157,17.2414,6.0552e+06,1.044e+08,2000000000,0.058,58,0.9
26,1,13997608000000,248851,0.129314,7.7331,2.88768,2.15862e+08,6.23339e+08,2000000000,0.346299,320.5,0.9
26,1,13997609000000,248851,0.129314,7.7331,0,-nan,-nan,2000000000,-nan,0,0.9
26,1,13997610000000,248851,0.129314,7.7331,0,-nan,-nan,2000000000,-nan,0,0.9
26,1,13997611000000,248851,0.129314,7.7331,0,-nan,-nan,2000000000,-nan,0,0.9
26,1,13997612000000,248851,0.129314,7.7331,0,-nan,-nan,2000000000,-nan,0,0.9
26,1,13997613000000,248851,0.129314,7.7331,0,-nan,-nan,2000000000,-nan,0,0.9
27,2,13997501000000,1000,0.125,8,8,1.25e+07,1e+08,1000000000,0.125,125,0.8
27,0,13997502000000,5000,0.1232,8.11688,8.14664,6.02702e+07,4.91e+08,4000000000,0.12275,122.75,1
27,1,13997503000000,7000,0.108,9.25926,14.2857,8.82e+06,1.26e+08,2000000000,0.07,70,0.9
27,2,13997504000000,8000,0.16975,5.89102,1.66113,2.89923e+08,4.816e+08,1000000000,0.602,602,0.8
27,0,13997505000000,12000,0.122,8.19672,37.7358,2.809e+06,1.06e+08,4000000000,0.0265,26.5,1
27,2,13997506000000,13000,0.122077,8.19156,8.13008,1.21032e+07,9.84e+07,1000000000,0.123,123,0.8
27,1,13997507000000,15000,0.142667,7.00935,3.61664,1.37614e+08,4.977e+08,2000000000,0.2765,276.5,0.9
27,0,13997508000000,19000,0.121684,8.21799,23.2558,7.396e+06,1.72e+08,4000000000,0.043,43,1
27,2,13997509000000,20000,0.1216,8.22368,8.33333,1.152e+07,9.6e+07,1000000000,0.12,120,0.8
27,2,13997510000000,21000,0.116381,8.59247,83.3333,115200,9.6e+06,1000000000,0.012,12,0.8
27,1,13997511000000,23000,0.111478,8.97036,16.6667,6.48e+06,1.08e+08,2000000000,0.06,60,0.9
27,2,13997512000000,24000,0.107333,9.31677,83.3333,115200,9.6e+06,1000000000,0.012,12,0.8
27,1,13997513000000,26000,0.105462,9.48213,12.0482,1.24002e+07,1.494e+08,2000000000,0.083,83,0.9
27,2,13997514000000,27000,0.114519,8.73221,2.85714,9.8e+07,2.8e+08,1000000000,0.35,350,0.8
27,1,13997515000000,29000,0.115793,8.63609,7.5188,3.18402e+07,2.394e+08,2000000000,0.133,133,0.9
27,1,13997516000000,31000,0.112161,8.91573,16.8067,6.37245e+06,1.071e+08,2000000000,0.0595,59.5,0.9
27,2,13997517000000,32000,0.128594,7.77643,1.5674,3.25635e+08,5.104e+08,1000000000,0.638,638,0.8
27,1,13997518000000,34000,0.124618,8.02455,16.3934,6.6978e+06,1.098e+08,2000000000,0.061,61,0.9
27,0,13997519000000,38000,0.121842,8.20734,10.1781,3.86122e+07,3.93e+08,4000000000,0.09825,98.25,1
27,2,13997520000000,39000,0.125026,7.99836,4.06504,4.84128e+07,1.968e+08,1000000000,0.246,246,0.8
27,0,13997521000000,43000,0.116535,8.58112,29.6296,4.55625e+06,1.35e+08,4000000000,0.03375,33.75,1
27,2,13997522000000,44000,0.128523,7.78073,1.5528,3.31789e+08,5.152e+08,1000000000,0.644,644,0.8
27,1,13997523000000,46000,0.125652,7.95848,16,7.03125e+06,1.125e+08,2000000000,0.0625,62.5,0.9
27,0,13997524000000,50000,0.12264,8.15395,11.3636,3.0976e+07,3.52e+08,4000000000,0.088,88,1
27,2,13997525000000,51000,0.125922,7.94145,3.44828,6.728e+07,2.32e+08,1000000000,0.29,290,0.8
27,0,13997526000000,55000,0.119164,8.39182,30.303,4.356e+06,1.32e+08,4000000000,0.033,33,1
27,2,13997527000000,56000,0.128304,7.79402,1.58479,3.18529e+08,5.048e+08,1000000000,0.631,631,0.8
27,1,13997528000000,58000,0.126,7.93651,16.2602,6.80805e+06,1.107e+08,2000000000,0.0615,61.5,0.9
27,0,13997529000000,62000,0.122097,8.19022,15.2672,1.7161e+07,2.62e+08,4000000000,0.0655,65.5,1
27,2,13997530000000,63000,0.126317,7.91656,2.57732,1.20435e+08,3.104e+08,1000000000,0.388,388,0.8
27,0,13997531000000,67000,0.120746,8.28183,30.303,4.356e+06,1.32e+08,4000000000,0.033,33,1
27,2,13997532000000,68000,0.127353,7.85219,1.75439,2.5992e+08,4.56e+08,1000000000,0.57,570,0.8
27,1,13997533000000,70000,0.126343,7.91497,10.8696,1.52352e+07,1.656e+08,2000000000,0.092,92,0.9
27,0,13997534000000,74000,0.121486,8.23137,27.3973,5.329e+06,1.46e+08,4000000000,0.0365,36.5,1
27,2,13997535000000,75000,0.126587,7.89973,1.98413,2.03213e+08,4.032e+08,1000000000,0.504,504,0.8
27,0,13997536000000,79000,0.121848,8.20694,30.303,4.356e+06,1.32e+08,4000000000,0.033,33,1
27,2,13997537000000,80000,0.126087,7.931,2.1692,1.70017e+08,3.688e+08,1000000000,0.461,461,0.8
27,1,13997538000000,82000,0.125244,7.98442,10.929,1.507e+07,1.647e+08,2000000000,0.0915,91.5,0.9
27,0,13997539000000,86000,0.12086,8.274,32.2581,3.844e+06,1.24e+08,4000000000,0.031,31,1
27,2,13997540000000,87000,0.126782,7.88758,1.57233,3.23597e+08,5.088e+08,1000000000,0.636,636,0.8
27,0,13997541000000,91000,0.122659,8.15266,30.303,4.356e+06,1.32e+08,4000000000,0.033,33,1
27,2,13997542000000,92000,0.124565,8.02792,3.3557,7.10432e+07,2.384e+08,1000000000,0.298,298,0.8
27,1,13997543000000,94000,0.125479,7.96948,5.97015,5.05012e+07,3.015e+08,2000000000,0.1675,167.5,0.9
27,0,13997544000000,98000,0.121735,8.21459,29.6296,4.55625e+06,1.35e+08,4000000000,0.03375,33.75,1
27,2,13997545000000,99000,0.126919,7.87903,1.5748,3.2258e+08,5.08e+08,1000000000,0.635,635,0.8
27,0,13997546000000,103000,0.123282,8.11151,30.0752,4.42225e+06,1.33e+08,4000000000,0.03325,33.25,1
27,2,13997547000000,104000,0.124038,8.06202,4.9505,3.26432e+07,1.616e+08,1000000000,0.202,202,0.8
27,1,13997548000000,106000,0.125877,7.94424,4.51467,8.8312e+07,3.987e+08,2000000000,0.2215,221.5,0.9
27,0,13997549000000,110000,0.122418,8.16872,32.5203,3.78225e+06,1.23e+08,4000000000,0.03075,30.75,1
27,2,13997550000000,111000,0.126847,7.88352,1.62866,3.01597e+08,4.912e+08,1000000000,0.614,614,0.8
27,0,13997551000000,115000,0.123774,8.07925,25.974,5.929e+06,1.54e+08,4000000000,0.0385,38.5,1
27,2,13997552000000,116000,0.123931,8.069,7.04225,1.61312e+07,1.136e+08,1000000000,0.142,142,0.8
27,1,13997553000000,118000,0.126017,7.93544,4.04858,1.09816e+08,4.446e+08,2000000000,0.247,247,0.9
27,0,13997554000000,122000,0.122967,8.13225,30.303,4.356e+06,1.32e+08,4000000000,0.033,33,1
27,2,13997555000000,123000,0.126911,7.87956,1.64474,2.95731e+08,4.864e+08,1000000000,0.608,608,0.8
27,0,13997556000000,127000,0.124173,8.05327,25,6.4e+06,1.6e+08,4000000000,0.04,40,1
27,1,13997557000000,129000,0.123806,8.07714,9.95025,1.81804e+07,1.809e+08,2000000000,0.1005,100.5,0.9
27,2,13997558000000,130000,0.1262,7.92393,2.29885,1.5138e+08,3.48e+08,1000000000,0.435,435,0.8
27,0,13997559000000,134000,0.123418,8.10255,30.303,4.356e+06,1.32e+08,4000000000,0.033,33,1
27,2,13997560000000,135000,0.12563,7.95991,2.36967,1.42467e+08,3.376e+08,1000000000,0.422,422,0.8
27,0,13997561000000,139000,0.126561,7.90132,6.32911,9.9856e+07,6.32e+08,4000000000,0.158,158,1
27,1,13997562000000,141000,0.125617,7.9607,16.6667,6.48e+06,1.08e+08,2000000000,0.06,60,0.9
27,2,13997563000000,142000,0.129014,7.75109,1.64474,2.95731e+08,4.864e+08,1000000000,0.608,608,0.8
27,0,13997564000000,146000,0.126479,7.90642,27.3973,5.329e+06,1.46e+08,4000000000,0.0365,36.5,1
27,2,13997565000000,147000,0.126918,7.87908,5.2356,2.91848e+07,1.528e+08,1000000000,0.191,191,0.8
27,1,13997566000000,149000,0.128107,7.80595,4.64037,8.35924e+07,3.879e+08,2000000000,0.2155,215.5,0.9
27,0,13997567000000,153000,0.125647,7.9588,29.4118,4.624e+06,1.36e+08,4000000000,0.034,34,1
27,2,13997568000000,154000,0.128747,7.76719,1.65837,2.90887e+08,4.824e+08,1000000000,0.603,603,0.8
27,0,13997569000000,158000,0.126595,7.89921,22.8571,7.65625e+06,1.75e+08,4000000000,0.04375,43.75,1
27,2,13997570000000,159000,0.126377,7.91281,10.8696,6.7712e+06,7.36e+07,1000000000,0.092,92,0.8
27,1,13997571000000,161000,0.128099,7.80644,3.77358,1.26405e+08,4.77e+08,2000000000,0.265,265,0.9
27,0,13997572000000,165000,0.125867,7.94492,27.7778,5.184e+06,1.44e+08,4000000000,0.036,36,1
27,2,13997573000000,166000,0.128488,7.78283,1.78253,2.51777e+08,4.488e+08,1000000000,0.561,561,0.8
27,0,13997574000000,170000,0.126694,7.89303,19.1388,1.09202e+07,2.09e+08,4000000000,0.05225,52.25,1
27,2,13997575000000,171000,0.126164,7.92621,27.7778,1.0368e+06,2.88e+07,1000000000,0.036,36,0.8
27,1,13997576000000,173000,0.128046,7.80968,3.46021,1.50338e+08,5.202e+08,2000000000,0.289,289,0.9
27,0,13997577000000,177000,0.126034,7.93437,25.641,6.084e+06,1.56e+08,4000000000,0.039,39,1
27,2,13997578000000,178000,0.128382,7.78925,1.83824,2.36749e+08,4.352e+08,1000000000,0.544,544,0.8
27,0,13997579000000,182000,0.126637,7.89656,20.4082,9.604e+06,1.96e+08,4000000000,0.049,49,1
27,2,13997580000000,183000,0.126175,7.92551,23.8095,1.4112e+06,3.36e+07,1000000000,0.042,42,0.8
27,1,13997581000000,185000,0.128173,7.80196,3.21543,1.74098e+08,5.598e+08,2000000000,0.311,311,0.9
27,0,13997582000000,189000,0.126153,7.92685,30.5344,4.29025e+06,1.31e+08,4000000000,0.03275,32.75,1
27,2,13997583000000,190000,0.128263,7.79647,1.89753,2.22183e+08,4.216e+08,1000000000,0.527,527,0.8
27,0,13997584000000,194000,0.126479,7.90643,23.9521,6.97225e+06,1.67e+08,4000000000,0.04175,41.75,1
27,2,13997585000000,195000,0.126205,7.92361,13.6986,4.2632e+06,5.84e+07,1000000000,0.073,73,0.8
27,1,13997586000000,197000,0.128183,7.80136,3.11526,1.85474e+08,5.778e+08,2000000000,0.321,321,0.9
27,0,13997587000000,201000,0.126264,7.91993,31.4961,4.03225e+06,1.27e+08,4000000000,0.03175,31.75,1
27,2,13997588000000,202000,0.128109,7.80586,2.00401,1.99201e+08,3.992e+08,1000000000,0.499,499,0.8
27,0,13997589000000,206000,0.126316,7.91668,27.972,5.11225e+06,1.43e+08,4000000000,0.03575,35.75,1
27,2,13997590000000,207000,0.126174,7.92557,10.3093,7.5272e+06,7.76e+07,1000000000,0.097,97,0.8
27,1,13997591000000,209000,0.128153,7.80317,3.003,1.996e+08,5.994e+08,2000000000,0.333,333,0.9
27,0,13997592000000,213000,0.126357,7.9141,30.7692,4.225e+06,1.3e+08,4000000000,0.0325,32.5,1
27,2,13997593000000,214000,0.128112,7.80566,1.99203,2.01603e+08,4.016e+08,1000000000,0.502,502,0.8
27,0,13997594000000,218000,0.126413,7.91059,28.169,5.041e+06,1.42e+08,4000000000,0.0355,35.5,1
27,2,13997595000000,219000,0.126274,7.91929,10.4167,7.3728e+06,7.68e+07,1000000000,0.096,96,0.8
27,1,13997596000000,221000,0.12809,7.80698,3.0581,1.92472e+08,5.886e+08,2000000000,0.327,327,0.9
27,0,13997597000000,225000,0.126444,7.90861,28.169,5.041e+06,1.42e+08,4000000000,0.0355,35.5,1
27,2,13997598000000,226000,0.128088,7.8071,2.00803,1.98403e+08,3.984e+08,1000000000,0.498,498,0.8
27,0,13997599000000,230000,0.126435,7.90922,30.303,4.356e+06,1.32e+08,4000000000,0.033,33,1
27,2,13997600000000,231000,0.126545,7.9023,6.57895,1.84832e+07,1.216e+08,1000000000,0.152,152,0.8
27,1,13997601000000,233000,0.128155,7.80308,3.18471,1.77473e+08,5.652e+08,2000000000,0.314,314,0.9
27,0,13997602000000,237000,0.126527,7.90342,31.4961,4.03225e+06,1.27e+08,4000000000,0.03175,31.75,1
27,2,13997603000000,238000,0.127866,7.82072,2.24719,1.5842e+08,3.56e+08,1000000000,0.445,445,0.8
27,0,13997604000000,242000,0.126446,7.9085,23.8095,7.056e+06,1.68e+08,4000000000,0.042,42,1
27,2,13997605000000,243000,0.126379,7.91273,9.09091,9.68e+06,8.8e+07,1000000000,0.11,110,0.8
27,1,13997606000000,245000,0.128147,7.80354,2.91545,2.11768e+08,6.174e+08,2000000000,0.343,343,0.9
27,1,13997607000000,247000,0.127551,7.84003,18.3486,5.34645e+06,9.81e+07,2000000000,0.0545,54.5,0.9
27,1,13997608000000,249000,0.12908,7.74711,3.14465,1.82023e+08,5.724e+08,2000000000,0.318,318,0.9
27,1,13997609000000,249082,0.129098,7.74605,5.46667,6.0232e+07,3.29268e+08,2000000000,0.182927,7.5,0.9
27,1,13997610000000,249082,0.129098,7.74605,0,-nan,-nan,2000000000,-nan,0,0.9
27,1,13997611000000,249082,0.129098,7.74605,0,-nan,-nan,2000000000,-nan,0,0.9
27,1,13997612000000,249082,0.129098,7.74605,0,-nan,-nan,2000000000,-nan,0,0.9
27,1,13997613000000,249082,0.129098,7.74605,0,-nan,-nan,2000000000,-nan,0,0.9
28,2,13997501000000,1000,0.058,17.2414,17.2414,2.6912e+06,4.64e+07,1000000000,0.058,58,0.8
28,0,13997502000000,5000,0.1216,8.22368,7.27273,7.5625e+07,5.5e+08,4000000000,0.1375,137.5,1
28,1,13997503000000,7000,0.108,9.25926,13.5135,9.8568e+06,1.332e+08,2000000000,0.074,74,0.9
28,2,13997504000000,8000,0.166375,6.01052,1.73913,2.645e+08,4.6e+08,1000000000,0.575,575,0.8
28,0,13997505000000,12000,0.122,8.19672,30.0752,4.42225e+06,1.33e+08,4000000000,0.03325,33.25,1
28,2,13997506000000,13000,0.116077,8.61498,22.2222,1.62e+06,3.6e+07,1000000000,0.045,45,0.8
28,1,13997507000000,15000,0.168,5.95238,1.97824,4.59954e+08,9.099e+08,2000000000,0.5055,505.5,0.9
28,0,13997508000000,19000,0.138842,7.20243,33.8983,3.481e+06,1.18e+08,4000000000,0.0295,29.5,1
28,2,13997509000000,20000,0.135,7.40741,16.129,3.0752e+06,4.96e+07,1000000000,0.062,62,0.8
28,2,13997510000000,21000,0.154476,6.47349,1.83824,2.36749e+08,4.352e+08,1000000000,0.544,544,0.8
28,1,13997511000000,23000,0.148174,6.74883,12.1951,1.21032e+07,1.476e+08,2000000000,0.082,82,0.9
28,2,13997512000000,24000,0.150958,6.62434,4.65116,3.698e+07,1.72e+08,1000000000,0.215,215,0.8
28,1,13997513000000,26000,0.154615,6.46766,5.03778,7.0924e+07,3.573e+08,2000000000,0.1985,198.5,0.9
28,2,13997514000000,27000,0.153111,6.5312,8.77193,1.03968e+07,9.12e+07,1000000000,0.114,114,0.8
28,1,13997515000000,29000,0.165241,6.05175,3.03951,1.94834e+08,5.922e+08,2000000000,0.329,329,0.9
28,1,13997516000000,31000,0.159097,6.28548,14.2857,8.82e+06,1.26e+08,2000000000,0.07,70,0.9
28,2,13997517000000,32000,0.155062,6.44901,33.3333,720000,2.4e+07,1000000000,0.03,30,0.8
28,1,13997518000000,34000,0.163294,6.12392,3.38983,1.56645e+08,5.31e+08,2000000000,0.295,295,0.9
28,0,13997519000000,38000,0.149684,6.68073,29.4118,4.624e+06,1.36e+08,4000000000,0.034,34,1
28,2,13997520000000,39000,0.156128,6.40499,2.49377,1.28641e+08,3.208e+08,1000000000,0.401,401,0.8
28,0,13997521000000,43000,0.147163,6.7952,16.7364,1.42802e+07,2.39e+08,4000000000,0.05975,59.75,1
28,2,13997522000000,44000,0.1465,6.82594,8.47458,1.11392e+07,9.44e+07,1000000000,0.118,118,0.8
28,1,13997523000000,46000,0.154,6.49351,3.1348,1.8317e+08,5.742e+08,2000000000,0.319,319,0.9
28,0,13997524000000,50000,0.14472,6.90989,26.3158,5.776e+06,1.52e+08,4000000000,0.038,38,1
28,2,13997525000000,51000,0.145961,6.85116,4.80769,3.46112e+07,1.664e+08,1000000000,0.208,208,0.8
28,0,13997526000000,55000,0.142909,6.99746,9.61538,4.3264e+07,4.16e+08,4000000000,0.104,104,1
28,2,13997527000000,56000,0.14225,7.02988,9.43396,8.9888e+06,8.48e+07,1000000000,0.106,106,0.8
28,1,13997528000000,58000,0.14869,6.72542,3.03951,1.94834e+08,5.922e+08,2000000000,0.329,329,0.9
28,0,13997529000000,62000,0.141677,7.05829,25,6.4e+06,1.6e+08,4000000000,0.04,40,1
28,2,13997530000000,63000,0.141079,7.08821,9.61538,8.6528e+06,8.32e+07,1000000000,0.104,104,0.8
28,0,13997531000000,67000,0.140299,7.12766,7.8125,6.5536e+07,5.12e+08,4000000000,0.128,128,1
28,2,13997532000000,68000,0.140471,7.11893,6.57895,1.84832e+07,1.216e+08,1000000000,0.152,152,0.8
28,1,13997533000000,70000,0.145086,6.89248,3.31126,1.64167e+08,5.436e+08,2000000000,0.302,302,0.9
28,0,13997534000000,74000,0.139135,7.18726,28.5714,4.9e+06,1.4e+08,4000000000,0.035,35,1
28,2,13997535000000,75000,0.13728,7.28438,0,0,0,1000000000,0,0,0.8
28,0,13997536000000,79000,0.138329,7.22914,6.32911,9.9856e+07,6.32e+08,4000000000,0.158,158,1
28,2,13997537000000,80000,0.138075,7.24244,8.47458,1.11392e+07,9.44e+07,1000000000,0.118,118,0.8
28,1,13997538000000,82000,0.142537,7.01574,3.11526,1.85474e+08,5.778e+08,2000000000,0.321,321,0.9
28,0,13997539000000,86000,0.137616,7.26658,27.2109,5.40225e+06,1.47e+08,4000000000,0.03675,36.75,1
28,2,13997540000000,87000,0.136034,7.35108,0,0,0,1000000000,0,0,0.8
28,0,13997541000000,91000,0.137011,7.29868,6.31912,1.00172e+08,6.33e+08,4000000000,0.15825,158.25,1
28,2,13997542000000,92000,0.137217,7.28771,6.41026,1.94688e+07,1.248e+08,1000000000,0.156,156,0.8
28,1,13997543000000,94000,0.140702,7.10721,3.32226,1.63082e+08,5.418e+08,2000000000,0.301,301,0.9
28,0,13997544000000,98000,0.136653,7.3178,24.0964,6.889e+06,1.66e+08,4000000000,0.0415,41.5,1
28,2,13997545000000,99000,0.135273,7.39247,0,0,0,1000000000,0,0,0.8
28,0,13997546000000,103000,0.135961,7.35504,6.53595,9.3636e+07,6.12e+08,4000000000,0.153,153,1
28,2,13997547000000,104000,0.136154,7.34463,6.41026,1.94688e+07,1.248e+08,1000000000,0.156,156,0.8
28,1,13997548000000,106000,0.139264,7.1806,3.32226,1.63082e+08,5.418e+08,2000000000,0.301,301,0.9
28,0,13997549000000,110000,0.134291,7.44652,400,25000,1e+07,4000000000,0.0025,2.5,1
28,2,13997550000000,111000,0.134108,7.45667,8.77193,1.03968e+07,9.12e+07,1000000000,0.114,114,0.8
28,0,13997551000000,115000,0.135061,7.40407,6.19195,1.04329e+08,6.46e+08,4000000000,0.1615,161.5,1
28,2,13997552000000,116000,0.13531,7.39042,6.09756,2.15168e+07,1.312e+08,1000000000,0.164,164,0.8
28,1,13997553000000,118000,0.138017,7.24549,3.38983,1.56645e+08,5.31e+08,2000000000,0.295,295,0.9
28,0,13997554000000,122000,0.133738,7.47732,133.333,225000,3e+07,4000000000,0.0075,7.5,1
28,2,13997555000000,123000,0.133854,7.47085,6.75676,1.75232e+07,1.184e+08,1000000000,0.148,148,0.8
28,0,13997556000000,127000,0.137386,7.27877,4.06504,2.42064e+08,9.84e+08,4000000000,0.246,246,1
28,1,13997557000000,129000,0.136186,7.3429,16.6667,6.48e+06,1.08e+08,2000000000,0.06,60,0.9
28,2,13997558000000,130000,0.137177,7.28986,3.77358,5.618e+07,2.12e+08,1000000000,0.265,265,0.8
28,0,13997559000000,134000,0.135672,7.37074,11.5274,3.01022e+07,3.47e+08,4000000000,0.08675,86.75,1
28,2,13997560000000,135000,0.135822,7.36257,6.41026,1.94688e+07,1.248e+08,1000000000,0.156,156,0.8
28,0,13997561000000,139000,0.136374,7.33277,6.45161,9.61e+07,6.2e+08,4000000000,0.155,155,1
28,1,13997562000000,141000,0.135489,7.38065,13.5135,9.8568e+06,1.332e+08,2000000000,0.074,74,0.9
28,2,13997563000000,142000,0.137261,7.28541,2.58398,1.19815e+08,3.096e+08,1000000000,0.387,387,0.8
28,0,13997564000000,146000,0.135068,7.40365,17.4672,1.31102e+07,2.29e+08,4000000000,0.05725,57.25,1
28,2,13997565000000,147000,0.135184,7.39734,6.57895,1.84832e+07,1.216e+08,1000000000,0.152,152,0.8
28,1,13997566000000,149000,0.137423,7.27681,3.31126,1.64167e+08,5.436e+08,2000000000,0.302,302,0.9
28,0,13997567000000,153000,0.134614,7.42863,33.3333,3.6e+06,1.2e+08,4000000000,0.03,30,1
28,2,13997568000000,154000,0.136701,7.31522,2.19298,1.66349e+08,3.648e+08,1000000000,0.456,456,0.8
28,0,13997569000000,158000,0.134481,7.43599,20.4082,9.604e+06,1.96e+08,4000000000,0.049,49,1
28,2,13997570000000,159000,0.134377,7.44173,8.47458,1.11392e+07,9.44e+07,1000000000,0.118,118,0.8
28,1,13997571000000,161000,0.136795,7.31021,3.03951,1.94834e+08,5.922e+08,2000000000,0.329,329,0.9
28,0,13997572000000,165000,0.134327,7.4445,28.5714,4.9e+06,1.4e+08,4000000000,0.035,35,1
28,2,13997573000000,166000,0.136259,7.33896,2.1978,1.6562e+08,3.64e+08,1000000000,0.455,455,0.8
28,0,13997574000000,170000,0.134,7.46269,24.8447,6.48025e+06,1.61e+08,4000000000,0.04025,40.25,1
28,2,13997575000000,171000,0.133883,7.46921,8.77193,1.03968e+07,9.12e+07,1000000000,0.114,114,0.8
28,1,13997576000000,173000,0.136185,7.34295,3.003,1.996e+08,5.994e+08,2000000000,0.333,333,0.9
28,0,13997577000000,177000,0.133966,7.46457,26.3158,5.776e+06,1.52e+08,4000000000,0.038,38,1
28,2,13997578000000,178000,0.135826,7.36237,2.15054,1.7298e+08,3.72e+08,1000000000,0.465,465,0.8
28,0,13997579000000,182000,0.133604,7.48478,28.777,4.83025e+06,1.39e+08,4000000000,0.03475,34.75,1
28,2,13997580000000,183000,0.133497,7.49079,8.77193,1.03968e+07,9.12e+07,1000000000,0.114,114,0.8
28,1,13997581000000,185000,0.135654,7.37169,3.003,1.996e+08,5.994e+08,2000000000,0.333,333,0.9
28,0,13997582000000,189000,0.133587,7.48574,26.3158,5.776e+06,1.52e+08,4000000000,0.038,38,1
28,2,13997583000000,190000,0.135374,7.38696,2.11416,1.78983e+08,3.784e+08,1000000000,0.473,473,0.8
28,0,13997584000000,194000,0.133258,7.50425,30.5344,4.29025e+06,1.31e+08,4000000000,0.03275,32.75,1
28,2,13997585000000,195000,0.133159,7.50982,8.77193,1.03968e+07,9.12e+07,1000000000,0.114,114,0.8
28,1,13997586000000,197000,0.135188,7.39712,3.003,1.996e+08,5.994e+08,2000000000,0.333,333,0.9
28,0,13997587000000,201000,0.133254,7.50448,26.3158,5.776e+06,1.52e+08,4000000000,0.038,38,1
28,2,13997588000000,202000,0.134936,7.41094,2.11416,1.78983e+08,3.784e+08,1000000000,0.473,473,0.8
28,0,13997589000000,206000,0.132951,7.52154,30.5344,4.29025e+06,1.31e+08,4000000000,0.03275,32.75,1
28,2,13997590000000,207000,0.13286,7.52673,8.77193,1.03968e+07,9.12e+07,1000000000,0.114,114,0.8
28,1,13997591000000,209000,0.134775,7.41977,3.003,1.996e+08,5.994e+08,2000000000,0.333,333,0.9
28,0,13997592000000,213000,0.132958,7.52119,26.3158,5.776e+06,1.52e+08,4000000000,0.038,38,1
28,2,13997593000000,214000,0.134542,7.43262,2.11864,1.78227e+08,3.776e+08,1000000000,0.472,472,0.8
28,0,13997594000000,218000,0.132679,7.53699,30.303,4.356e+06,1.32e+08,4000000000,0.033,33,1
28,2,13997595000000,219000,0.132594,7.54184,8.77193,1.03968e+07,9.12e+07,1000000000,0.114,114,0.8
28,1,13997596000000,221000,0.134407,7.44008,3.003,1.996e+08,5.994e+08,2000000000,0.333,333,0.9
28,0,13997597000000,225000,0.132693,7.53617,26.3158,5.776e+06,1.52e+08,4000000000,0.038,38,1
28,2,13997598000000,226000,0.134195,7.45186,2.11864,1.78227e+08,3.776e+08,1000000000,0.472,472,0.8
28,0,13997599000000,230000,0.132435,7.55089,30.303,4.356e+06,1.32e+08,4000000000,0.033,33,1
28,2,13997600000000,231000,0.132355,7.55544,8.77193,1.03968e+07,9.12e+07,1000000000,0.114,114,0.8
28,1,13997601000000,233000,0.134077,7.45839,3.003,1.996e+08,5.994e+08,2000000000,0.333,333,0.9
28,0,13997602000000,237000,0.132456,7.54969,26.3158,5.776e+06,1.52e+08,4000000000,0.038,38,1
28,2,13997603000000,238000,0.133887,7.46901,2.11416,1.78983e+08,3.784e+08,1000000000,0.473,473,0.8
28,0,13997604000000,238533,0.134204,7.45136,3.62585,3.04257e+08,1.10319e+09,4000000000,0.275797,36.75,1
28,2,13997605000000,238533,0.134204,7.45136,0,-nan,-nan,1000000000,-nan,0,0.8
28,1,13997606000000,238533,0.134204,7.45136,0,-nan,-nan,2000000000,-nan,0,0.9
28,1,13997607000000,238533,0.134204,7.45136,0,-nan,-nan,2000000000,-nan,0,0.9
28,1,13997608000000,238533,0.134204,7.45136,0,-nan,-nan,2000000000,-nan,0,0.9
28,1,13997609000000,238533,0.134204,7.45136,0,-nan,-nan,2000000000,-nan,0,0.9
28,1,13997610000000,238533,0.134204,7.45136,0,-nan,-nan,2000000000,-nan,0,0.9
28,1,13997611000000,238533,0.134204,7.45136,0,-nan,-nan,2000000000,-nan,0,0.9
28,1,13997612000000,238533,0.134204,7.45136,0,-nan,-nan,2000000000,-nan,0,0.9
28,1,13997613000000,238533,0.134204,7.45136,0,-nan,-nan,2000000000,-nan,0,0.9
29,2,13997501000000,1000,0.058,17.2414,17.2414,2.6912e+06,4.64e+07,1000000000,0.058,58,0.8
29,0,13997502000000,5000,0.1216,8.22368,7.27273,7.5625e+07,5.5e+08,4000000000,0.1375,137.5,1
29,1,13997503000000,7000,0.108,9.25926,13.5135,9.8568e+06,1.332e+08,2000000000,0.074,74,0.9
29,2,13997504000000,8000,0.166375,6.01052,1.73913,2.645e+08,4.6e+08,1000000000,0.575,575,0.8
29,0,13997505000000,12000,0.122,8.19672,30.0752,4.42225e+06,1.33e+08,4000000000,0.03325,33.25,1
29,2,13997506000000,13000,0.116077,8.61498,22.2222,1.62e+06,3.6e+07,1000000000,0.045,45,0.8
29,1,13997507000000,15000,0.168,5.95238,1.97824,4.59954e+08,9.099e+08,2000000000,0.5055,505.5,0.9
29,0,13997508000000,19000,0.138842,7.20243,33.8983,3.481e+06,1.18e+08,4000000000,0.0295,29.5,1
29,2,13997509000000,20000,0.135,7.40741,16.129,3.0752e+06,4.96e+07,1000000000,0.062,62,0.8
29,2,13997510000000,21000,0.154476,6.47349,1.83824,2.36749e+08,4.352e+08,1000000000,0.544,544,0.8
29,1,13997511000000,23000,0.148174,6.74883,12.1951,1.21032e+07,1.476e+08,2000000000,0.082,82,0.9
29,2,13997512000000,24000,0.150958,6.62434,4.65116,3.698e+07,1.72e+08,1000000000,0.215,215,0.8
29,1,13997513000000,26000,0.154615,6.46766,5.03778,7.0924e+07,3.573e+08,2000000000,0.1985,198.5,0.9
29,2,13997514000000,27000,0.153111,6.5312,8.77193,1.03968e+07,9.12e+07,1000000000,0.114,114,0.8
29,1,13997515000000,29000,0.165241,6.05175,3.03951,1.94834e+08,5.922e+08,2000000000,0.329,329,0.9
29,1,13997516000000,31000,0.159097,6.28548,14.2857,8.82e+06,1.26e+08,2000000000,0.07,70,0.9
29,2,13997517000000,32000,0.155062,6.44901,33.3333,720000,2.4e+07,1000000000,0.03,30,0.8
29,1,13997518000000,34000,0.163294,6.12392,3.38983,1.56645e+08,5.31e+08,2000000000,0.295,295,0.9
29,0,13997519000000,38000,0.149684,6.68073,29.4118,4.624e+06,1.36e+08,4000000000,0.034,34,1
29,2,13997520000000,39000,0.156128,6.40499,2.49377,1.28641e+08,3.208e+08,1000000000,0.401,401,0.8
29,0,13997521000000,43000,0.147163,6.7952,16.7364,1.42802e+07,2.39e+08,4000000000,0.05975,59.75,1
29,2,13997522000000,44000,0.1465,6.82594,8.47458,1.11392e+07,9.44e+07,1000000000,0.118,118,0.8
29,1,13997523000000,46000,0.154,6.49351,3.1348,1.8317e+08,5.742e+08,2000000000,0.319,319,0.9
29,0,13997524000000,50000,0.14472,6.90989,26.3158,5.776e+06,1.52e+08,4000000000,0.038,38,1
29,2,13997525000000,51000,0.145961,6.85116,4.80769,3.46112e+07,1.664e+08,1000000000,0.208,208,0.8
29,0,13997526000000,55000,0.142909,6.99746,9.61538,4.3264e+07,4.16e+08,4000000000,0.104,104,1
29,2,13997527000000,56000,0.14225,7.02988,9.43396,8.9888e+06,8.48e+07,1000000000,0.106,106,0.8
29,1,13997528000000,58000,0.14869,6.72542,3.03951,1.94834e+08,5.922e+08,2000000000,0.329,329,0.9
29,0,13997529000000,62000,0.141677,7.05829,25,6.4e+06,1.6e+08,4000000000,0.04,40,1
29,2,13997530000000,63000,0.141079,7.08821,9.61538,8.6528e+06,8.32e+07,1000000000,0.104,104,0.8
29,0,13997531000000,67000,0.140299,7.12766,7.8125,6.5536e+07,5.12e+08,4000000000,0.128,128,1
29,2,13997532000000,68000,0.140471,7.11893,6.57895,1.84832e+07,1.216e+08,1000000000,0.152,152,0.8
29,1,13997533000000,70000,0.145086,6.89248,3.31126,1.64167e+08,5.436e+08,2000000000,0.302,302,0.9
29,0,13997534000000,74000,0.139135,7.18726,28.5714,4.9e+06,1.4e+08,4000000000,0.035,35,1
29,2,13997535000000,75000,0.13728,7.28438,0,0,0,1000000000,0,0,0.8
29,0,13997536000000,79000,0.138329,7.22914,6.32911,9.9856e+07,6.32e+08,4000000000,0.158,158,1
29,2,13997537000000,80000,0.138075,7.24244,8.47458,1.11392e+07,9.44e+07,1000000000,0.118,118,0.8
29,1,13997538000000,82000,0.142537,7.01574,3.11526,1.85474e+08,5.778e+08,2000000000,0.321,321,0.9
29,0,13997539000000,86000,0.137616,7.26658,27.2109,5.40225e+06,1.47e+08,4000000000,0.03675,36.75,1
29,2,13997540000000,87000,0.136034,7.35108,0,0,0,1000000000,0,0,0.8
29,0,13997541000000,91000,0.137011,7.29868,6.31912,1.00172e+08,6.33e+08,4000000000,0.15825,158.25,1
29,2,13997542000000,92000,0.137217,7.28771,6.41026,1.94688e+07,1.248e+08,1000000000,0.156,156,0.8
29,1,13997543000000,94000,0.140702,7.10721,3.32226,1.63082e+08,5.418e+08,2000000000,0.301,301,0.9
29,0,13997544000000,98000,0.136653,7.3178,24.0964,6.889e+06,1.66e+08,4000000000,0.0415,41.5,1
29,2,13997545000000,99000,0.135273,7.39247,0,0,0,1000000000,0,0,0.8
29,0,13997546000000,103000,0.135961,7.35504,6.53595,9.3636e+07,6.12e+08,4000000000,0.153,153,1
29,2,13997547000000,104000,0.136154,7.34463,6.41026,1.94688e+07,1.248e+08,1000000000,0.156,156,0.8
29,1,13997548000000,106000,0.139264,7.1806,3.32226,1.63082e+08,5.418e+08,2000000000,0.301,301,0.9
29,0,13997549000000,110000,0.134291,7.44652,400,25000,1e+07,4000000000,0.0025,2.5,1
29,2,13997550000000,111000,0.134108,7.45667,8.77193,1.03968e+07,9.12e+07,1000000000,0.114,114,0.8
29,0,13997551000000,115000,0.135061,7.40407,6.19195,1.04329e+08,6.46e+08,4000000000,0.1615,161.5,1
29,2,13997552000000,116000,0.13531,7.39042,6.09756,2.15168e+07,1.312e+08,1000000000,0.164,164,0.8
29,1,13997553000000,118000,0.138017,7.24549,3.38983,1.56645e+08,5.31e+08,2000000000,0.295,295,0.9
29,0,13997554000000,122000,0.133738,7.47732,133.333,225000,3e+07,4000000000,0.0075,7.5,1
29,2,13997555000000,123000,0.133854,7.47085,6.75676,1.75232e+07,1.184e+08,1000000000,0.148,148,0.8
29,0,13997556000000,127000,0.137386,7.27877,4.06504,2.42064e+08,9.84e+08,4000000000,0.246,246,1
29,1,13997557000000,129000,0.136186,7.3429,16.6667,6.48e+06,1.08e+08,2000000000,0.06,60,0.9
29,2,13997558000000,130000,0.137177,7.28986,3.77358,5.618e+07,2.12e+08,1000000000,0.265,265,0.8
29,0,13997559000000,134000,0.135672,7.37074,11.5274,3.01022e+07,3.47e+08,4000000000,0.08675,86.75,1
29,2,13997560000000,135000,0.135822,7.36257,6.41026,1.94688e+07,1.248e+08,1000000000,0.156,156,0.8
29,0,13997561000000,139000,0.136374,7.33277,6.45161,9.61e+07,6.2e+08,4000000000,0.155,155,1
29,1,13997562000000,141000,0.135489,7.38065,13.5135,9.8568e+06,1.332e+08,2000000000,0.074,74,0.9
29,2,13997563000000,142000,0.137261,7.28541,2.58398,1.19815e+08,3.096e+08,1000000000,0.387,387,0.8
29,0,13997564000000,146000,0.135068,7.40365,17.4672,1.31102e+07,2.29e+08,4000000000,0.05725,57.25,1
29,2,13997565000000,147000,0.135184,7.39734,6.57895,1.84832e+07,1.216e+08,1000000000,0.152,152,0.8
29,1,13997566000000,149000,0.137423,7.27681,3.31126,1.64167e+08,5.436e+08,2000000000,0.302,302,0.9
29,0,13997567000000,153000,0.134614,7.42863,33.3333,3.6e+06,1.2e+08,4000000000,0.03,30,1
29,2,13997568000000,154000,0.136701,7.31522,2.19298,1.66349e+08,3.648e+08,1000000000,0.456,456,0.8
29,0,13997569000000,158000,0.134481,7.43599,20.4082,9.604e+06,1.96e+08,4000000000,0.049,49,1
29,2,13997570000000,159000,0.134377,7.44173,8.47458,1.11392e+07,9.44e+07,1000000000,0.118,118,0.8
29,1,13997571000000,161000,0.136795,7.31021,3.03951,1.94834e+08,5.922e+08,2000000000,0.329,329,0.9
29,0,13997572000000,165000,0.134327,7.4445,28.5714,4.9e+06,1.4e+08,4000000000,0.035,35,1
29,2,13997573000000,166000,0.136259,7.33896,2.1978,1.6562e+08,3.64e+08,1000000000,0.455,455,0.8
29,0,13997574000000,170000,0.134,7.46269,24.8447,6.48025e+06,1.61e+08,4000000000,0.04025,40.25,1
29,2,13997575000000,171000,0.133883,7.46921,8.77193,1.03968e+07,9.12e+07,1000000000,0.114,114,0.8
29,1,13997576000000,173000,0.136185,7.34295,3.003,1.996e+08,5.994e+08,2000000000,0.333,333,0.9
29,0,13997577000000,177000,0.133966,7.46457,26.3158,5.776e+06,1.52e+08,4000000000,0.038,38,1
29,2,13997578000000,178000,0.135826,7.36237,2.15054,1.7298e+08,3.72e+08,1000000000,0.465,465,0.8
29,0,13997579000000,182000,0.133604,7.48478,28.777,4.83025e+06,1.39e+08,4000000000,0.03475,34.75,1
29,2,13997580000000,183000,0.133497,7.49079,8.77193,1.03968e+07,9.12e+07,1000000000,0.114,114,0.8
29,1,13997581000000,185000,0.135654,7.37169,3.003,1.996e+08,5.994e+08,2000000000,0.333,333,0.9
29,0,13997582000000,189000,0.133587,7.48574,26.3158,5.776e+06,1.52e+08,4000000000,0.038,38,1
29,2,13997583000000,190000,0.135374,7.38696,2.11416,1.78983e+08,3.784e+08,1000000000,0.473,473,0.8
29,0,13997584000000,194000,0.133258,7.50425,30.5344,4.29025e+06,1.31e+08,4000000000,0.03275,32.75,1
29,2,13997585000000,195000,0.133159,7.50982,8.77193,1.03968e+07,9.12e+07,1000000000,0.114,114,0.8
29,1,13997586000000,197000,0.135188,7.39712,3.003,1.996e+08,5.994e+08,2000000000,0.333,333,0.9
29,0,13997587000000,201000,0.133254,7.50448,26.3158,5.776e+06,1.52e+08,4000000000,0.038,38,1
29,2,13997588000000,202000,0.134936,7.41094,2.11416,1.78983e+08,3.784e+08,1000000000,0.473,473,0.8
29,0,13997589000000,206000,0.132951,7.52154,30.5344,4.29025e+06,1.31e+08,4000000000,0.03275,32.75,1
29,2,13997590000000,207000,0.13286,7.52673,8.77193,1.03968e+07,9.12e+07,1000000000,0.114,114,0.8
29,1,13997591000000,209000,0.134775,7.41977,3.003,1.996e+08,5.994e+08,2000000000,0.333,333,0.9
29,0,13997592000000,213000,0.132958,7.52119,26.3158,5.776e+06,1.52e+08,4000000000,0.038,38,1
29,2,13997593000000,214000,0.134542,7.43262,2.11864,1.78227e+08,3.776e+08,1000000000,0.472,472,0.8
29,0,13997594000000,218000,0.132679,7.53699,30.303,4.356e+06,1.32e+08,4000000000,0.033,33,1
29,2,13997595000000,219000,0.132594,7.54184,8.77193,1.03968e+07,9.12e+07,1000000000,0.114,114,0.8
29,1,13997596000000,221000,0.134407,7.44008,3.003,1.996e+08,5.994e+08,2000000000,0.333,333,0.9
29,0,13997597000000,225000,0.132693,7.53617,26.3158,5.776e+06,1.52e+08,4000000000,0.038,38,1
29,2,13997598000000,226000,0.134195,7.45186,2.11864,1.78227e+08,3.776e+08,1000000000,0.472,472,0.8
29,0,13997599000000,230000,0.132435,7.55089,30.303,4.356e+06,1.32e+08,4000000000,0.033,33,1
29,2,13997600000000,231000,0.132355,7.55544,8.77193,1.03968e+07,9.12e+07,1000000000,0.114,114,0.8
29,1,13997601000000,233000,0.134077,7.45839,3.003,1.996e+08,5.994e+08,2000000000,0.333,333,0.9
29,0,13997602000000,237000,0.132456,7.54969,26.3158,5.776e+06,1.52e+08,4000000000,0.038,38,1
29,2,13997603000000,238000,0.133887,7.46901,2.11416,1.78983e+08,3.784e+08,1000000000,0.473,473,0.8
29,0,13997604000000,238533,0.134204,7.45136,3.62585,3.04257e+08,1.10319e+09,4000000000,0.275797,36.75,1
29,2,13997605000000,238533,0.134204,7.45136,0,-nan,-nan,1000000000,-nan,0,0.8
29,1,13997606000000,238533,0.134204,7.45136,0,-nan,-nan,2000000000,-nan,0,0.9
29,1,13997607000000,238533,0.134204,7.45136,0,-nan,-nan,2000000000,-nan,0,0.9
29,1,13997608000000,238533,0.134204,7.45136,0,-nan,-nan,2000000000,-nan,0,0.9
29,1,13997609000000,238533,0.134204,7.45136,0,-nan,-nan,2000000000,-nan,0,0.9
29,1,13997610000000,238533,0.134204,7.45136,0,-nan,-nan,2000000000,-nan,0,0.9
29,1,13997611000000,238533,0.134204,7.45136,0,-nan,-nan,2000000000,-nan,0,0.9
29,1,13997612000000,238533,0.134204,7.45136,0,-nan,-nan,2000000000,-nan,0,0.9
29,1,13997613000000,238533,0.134204,7.45136,0,-nan,-nan,2000000000,-nan,0,0.9
30,2,13997501000000,1000,0.058,17.2414,17.2414,2.6912e+06,4.64e+07,1000000000,0.058,58,0.8
30,0,13997502000000,5000,0.1216,8.22368,7.27273,7.5625e+07,5.5e+08,4000000000,0.1375,137.5,1
30,1,13997503000000,7000,0.108,9.25926,13.5135,9.8568e+06,1.332e+08,2000000000,0.074,74,0.9
30,2,13997504000000,8000,0.166375,6.01052,1.73913,2.645e+08,4.6e+08,1000000000,0.575,575,0.8
30,0,13997505000000,12000,0.122,8.19672,30.0752,4.42225e+06,1.33e+08,4000000000,0.03325,33.25,1
30,2,13997506000000,13000,0.116077,8.61498,22.2222,1.62e+06,3.6e+07,1000000000,0.045,45,0.8
30,1,13997507000000,15000,0.168,5.95238,1.97824,4.59954e+08,9.099e+08,2000000000,0.5055,505.5,0.9
30,0,13997508000000,19000,0.138842,7.20243,33.8983,3.481e+06,1.18e+08,4000000000,0.0295,29.5,1
30,2,13997509000000,20000,0.135,7.40741,16.129,3.0752e+06,4.96e+07,1000000000,0.062,62,0.8
30,2,13997510000000,21000,0.154476,6.47349,1.83824,2.36749e+08,4.352e+08,1000000000,0.544,544,0.8
30,1,13997511000000,23000,0.148174,6.74883,12.1951,1.21032e+07,1.476e+08,2000000000,0.082,82,0.9
30,2,13997512000000,24000,0.150958,6.62434,4.65116,3.698e+07,1.72e+08,1000000000,0.215,215,0.8
30,1,13997513000000,26000,0.154615,6.46766,5.03778,7.0924e+07,3.573e+08,2000000000,0.1985,198.5,0.9
30,2,13997514000000,27000,0.153111,6.5312,8.77193,1.03968e+07,9.12e+07,1000000000,0.114,114,0.8
30,1,13997515000000,29000,0.165241,6.05175,3.03951,1.94834e+08,5.922e+08,2000000000,0.329,329,0.9
30,1,13997516000000,31000,0.159097,6.28548,14.2857,8.82e+06,1.26e+08,2000000000,0.07,70,0.9
30,2,13997517000000,32000,0.155062,6.44901,33.3333,720000,2.4e+07,1000000000,0.03,30,0.8
30,1,13997518000000,34000,0.163294,6.12392,3.38983,1.56645e+08,5.31e+08,2000000000,0.295,295,0.9
30,0,13997519000000,38000,0.149684,6.68073,29.4118,4.624e+06,1.36e+08,4000000000,0.034,34,1
30,2,13997520000000,39000,0.156128,6.40499,2.49377,1.28641e+08,3.208e+08,1000000000,0.401,401,0.8
30,0,13997521000000,43000,0.147163,6.7952,16.7364,1.42802e+07,2.39e+08,4000000000,0.05975,59.75,1
30,2,13997522000000,44000,0.1465,6.82594,8.47458,1.11392e+07,9.44e+07,1000000000,0.118,118,0.8
30,1,13997523000000,46000,0.154,6.49351,3.1348,1.8317e+08,5.742e+08,2000000000,0.319,319,0.9
30,0,13997524000000,50000,0.14472,6.90989,26.3158,5.776e+06,1.52e+08,4000000000,0.038,38,1
30,2,13997525000000,51000,0.145961,6.85116,4.80769,3.46112e+07,1.664e+08,1000000000,0.208,208,0.8
30,0,13997526000000,55000,0.142909,6.99746,9.61538,4.3264e+07,4.16e+08,4000000000,0.104,104,1
30,2,13997527000000,56000,0.14225,7.02988,9.43396,8.9888e+06,8.48e+07,1000000000,0.106,106,0.8
30,1,13997528000000,58000,0.14869,6.72542,3.03951,1.94834e+08,5.922e+08,2000000000,0.329,329,0.9
30,0,13997529000000,62000,0.141677,7.05829,25,6.4e+06,1.6e+08,4000000000,0.04,40,1
30,2,13997530000000,63000,0.141079,7.08821,9.61538,8.6528e+06,8.32e+07,1000000000,0.104,104,0.8
30,0,13997531000000,67000,0.140299,7.12766,7.8125,6.5536e+07,5.12e+08,4000000000,0.128,128,1
30,2,13997532000000,68000,0.140471,7.11893,6.57895,1.84832e+07,1.216e+08,1000000000,0.152,152,0.8
30,1,13997533000000,70000,0.145086,6.89248,3.31126,1.64167e+08,5.436e+08,2000000000,0.302,302,0.9
30,0,13997534000000,74000,0.139135,7.18726,28.5714,4.9e+06,1.4e+08,4000000000,0.035,35,1
30,2,13997535000000,75000,0.13728,7.28438,0,0,0,1000000000,0,0,0.8
30,0,13997536000000,79000,0.138329,7.22914,6.32911,9.9856e+07,6.32e+08,4000000000,0.158,158,1
30,2,13997537000000,80000,0.138075,7.24244,8.47458,1.11392e+07,9.44e+07,1000000000,0.118,118,0.8
30,1,13997538000000,82000,0.142537,7.01574,3.11526,1.85474e+08,5.778e+08,2000000000,0.321,321,0.9
30,0,13997539000000,86000,0.137616,7.26658,27.2109,5.40225e+06,1.47e+08,4000000000,0.03675,36.75,1
30,2,13997540000000,87000,0.136034,7.35108,0,0,0,1000000000,0,0,0.8
30,0,13997541000000,91000,0.137011,7.29868,6.31912,1.00172e+08,6.33e+08,4000000000,0.15825,158.25,1
30,2,13997542000000,92000,0.137217,7.28771,6.41026,1.94688e+07,1.248e+08,1000000000,0.156,156,0.8
30,1,13997543000000,94000,0.140702,7.10721,3.32226,1.63082e+08,5.418e+08,2000000000,0.301,301,0.9
30,0,13997544000000,98000,0.136653,7.3178,24.0964,6.889e+06,1.66e+08,4000000000,0.0415,41.5,1
30,2,13997545000000,99000,0.135273,7.39247,0,0,0,1000000000,0,0,0.8
30,0,13997546000000,103000,0.135961,7.35504,6.53595,9.3636e+07,6.12e+08,4000000000,0.153,153,1
30,2,13997547000000,104000,0.136154,7.34463,6.41026,1.94688e+07,1.248e+08,1000000000,0.156,156,0.8
30,1,13997548000000,106000,0.139264,7.1806,3.32226,1.63082e+08,5.418e+08,2000000000,0.301,301,0.9
30,0,13997549000000,110000,0.134291,7.44652,400,25000,1e+07,4000000000,0.0025,2.5,1
30,2,13997550000000,111000,0.134108,7.45667,8.77193,1.03968e+07,9.12e+07,1000000000,0.114,114,0.8
30,0,13997551000000,115000,0.135061,7.40407,6.19195,1.04329e+08,6.46e+08,4000000000,0.1615,161.5,1
30,2,13997552000000,116000,0.13531,7.39042,6.09756,2.15168e+07,1.312e+08,1000000000,0.164,164,0.8
30,1,13997553000000,118000,0.138017,7.24549,3.38983,1.56645e+08,5.31e+08,2000000000,0.295,295,0.9
30,0,13997554000000,122000,0.133738,7.47732,133.333,225000,3e+07,4000000000,0.0075,7.5,1
30,2,13997555000000,123000,0.133854,7.47085,6.75676,1.75232e+07,1.184e+08,1000000000,0.148,148,0.8
30,0,13997556000000,127000,0.137386,7.27877,4.06504,2.42064e+08,9.84e+08,4000000000,0.246,246,1
30,1,13997557000000,129000,0.136186,7.3429,16.6667,6.48e+06,1.08e+08,2000000000,0.06,60,0.9
30,2,13997558000000,130000,0.137177,7.28986,3.77358,5.618e+07,2.12e+08,1000000000,0.265,265,0.8
30,0,13997559000000,134000,0.135672,7.37074,11.5274,3.01022e+07,3.47e+08,4000000000,0.08675,86.75,1
30,2,13997560000000,135000,0.135822,7.36257,6.41026,1.94688e+07,1.248e+08,1000000000,0.156,156,0.8
30,0,13997561000000,139000,0.136374,7.33277,6.45161,9.61e+07,6.2e+08,4000000000,0.155,155,1
30,1,13997562000000,141000,0.135489,7.38065,13.5135,9.8568e+06,1.332e+08,2000000000,0.074,74,0.9
30,2,13997563000000,142000,0.137261,7.28541,2.58398,1.19815e+08,3.096e+08,1000000000,0.387,387,0.8
30,0,13997564000000,146000,0.135068,7.40365,17.4672,1.31102e+07,2.29e+08,4000000000,0.05725,57.25,1
30,2,13997565000000,147000,0.135184,7.39734,6.57895,1.84832e+07,1.216e+08,1000000000,0.152,152,0.8
30,1,13997566000000,149000,0.137423,7.27681,3.31126,1.64167e+08,5.436e+08,2000000000,0.302,302,0.9
30,0,13997567000000,153000,0.134614,7.42863,33.3333,3.6e+06,1.2e+08,4000000000,0.03,30,1
30,2,13997568000000,154000,0.136701,7.31522,2.19298,1.66349e+08,3.648e+08,1000000000,0.456,456,0.8
30,0,13997569000000,158000,0.134481,7.43599,20.4082,9.604e+06,1.96e+08,4000000000,0.049,49,1
30,2,13997570000000,159000,0.134377,7.44173,8.47458,1.11392e+07,9.44e+07,1000000000,0.118,118,0.8
30,1,13997571000000,161000,0.136795,7.31021,3.03951,1.94834e+08,5.922e+08,2000000000,0.329,329,0.9
30,0,13997572000000,165000,0.134327,7.4445,28.5714,4.9e+06,1.4e+08,4000000000,0.035,35,1
30,2,13997573000000,166000,0.136259,7.33896,2.1978,1.6562e+08,3.64e+08,1000000000,0.455,455,0.8
30,0,13997574000000,170000,0.134,7.46269,24.8447,6.48025e+06,1.61e+08,4000000000,0.04025,40.25,1
30,2,13997575000000,171000,0.133883,7.46921,8.77193,1.03968e+07,9.12e+07,1000000000,0.114,114,0.8
30,1,13997576000000,173000,0.136185,7.34295,3.003,1.996e+08,5.994e+08,2000000000,0.333,333,0.9
30,0,13997577000000,177000,0.133966,7.46457,26.3158,5.776e+06,1.52e+08,4000000000,0.038,38,1
30,2,13997578000000,178000,0.135826,7.36237,2.15054,1.7298e+08,3.72e+08,1000000000,0.465,465,0.8
30,0,13997579000000,182000,0.133604,7.48478,28.777,4.83025e+06,1.39e+08,4000000000,0.03475,34.75,1
30,2,13997580000000,183000,0.133497,7.49079,8.77193,1.03968e+07,9.12e+07,1000000000,0.114,114,0.8
30,1,13997581000000,185000,0.135654,7.37169,3.003,1.996e+08,5.994e+08,2000000000,0.333,333,0.9
30,0,13997582000000,189000,0.133587,7.48574,26.3158,5.776e+06,1.52e+08,4000000000,0.038,38,1
30,2,13997583000000,190000,0.135374,7.38696,2.11416,1.78983e+08,3.784e+08,1000000000,0.473,473,0.8
30,0,13997584000000,194000,0.133258,7.50425,30.5344,4.29025e+06,1.31e+08,4000000000,0.03275,32.75,1
30,2,13997585000000,195000,0.133159,7.50982,8.77193,1.03968e+07,9.12e+07,1000000000,0.114,114,0.8
30,1,13997586000000,197000,0.135188,7.39712,3.003,1.996e+08,5.994e+08,2000000000,0.333,333,0.9
30,0,13997587000000,201000,0.133254,7.50448,26.3158,5.776e+06,1.52e+08,4000000000,0.038,38,1
30,2,13997588000000,202000,0.134936,7.41094,2.11416,1.78983e+08,3.784e+08,1000000000,0.473,473,0.8
30,0,13997589000000,206000,0.132951,7.52154,30.5344,4.29025e+06,1.31e+08,4000000000,0.03275,32.75,1
30,2,13997590000000,207000,0.13286,7.52673,8.77193,1.03968e+07,9.12e+07,1000000000,0.114,114,0.8
30,1,13997591000000,209000,0.134775,7.41977,3.003,1.996e+08,5.994e+08,2000000000,0.333,333,0.9
30,0,13997592000000,213000,0.132958,7.52119,26.3158,5.776e+06,1.52e+08,4000000000,0.038,38,1
30,2,13997593000000,214000,0.134542,7.43262,2.11864,1.78227e+08,3.776e+08,1000000000,0.472,472,0.8
30,0,13997594000000,218000,0.132679,7.53699,30.303,4.356e+06,1.32e+08,4000000000,0.033,33,1
30,2,13997595000000,219000,0.132594,7.54184,8.77193,1.03968e+07,9.12e+07,1000000000,0.114,114,0.8
30,1,13997596000000,221000,0.134407,7.44008,3.003,1.996e+08,5.994e+08,2000000000,0.333,333,0.9
30,0,13997597000000,225000,0.132693,7.53617,26.3158,5.776e+06,1.52e+08,4000000000,0.038,38,1
30,2,13997598000000,226000,0.134195,7.45186,2.11864,1.78227e+08,3.776e+08,1000000000,0.472,472,0.8
30,0,13997599000000,230000,0.132435,7.55089,30.303,4.356e+06,1.32e+08,4000000000,0.033,33,1
30,2,13997600000000,231000,0.132355,7.55544,8.77193,1.03968e+07,9.12e+07,1000000000,0.114,114,0.8
30,1,13997601000000,233000,0.134077,7.45839,3.003,1.996e+08,5.994e+08,2000000000,0.333,333,0.9
30,0,13997602000000,237000,0.132456,7.54969,26.3158,5.776e+06,1.52e+08,4000000000,0.038,38,1
30,2,13997603000000,238000,0.133887,7.46901,2.11416,1.78983e+08,3.784e+08,1000000000,0.473,473,0.8
30,0,13997604000000,238533,0.134204,7.45136,3.62585,3.04257e+08,1.10319e+09,4000000000,0.275797,36.75,1
30,2,13997605000000,238533,0.134204,7.45136,0,-nan,-nan,1000000000,-nan,0,0.8
30,1,13997606000000,238533,0.134204,7.45136,0,-nan,-nan,2000000000,-nan,0,0.9
30,1,13997607000000,238533,0.134204,7.45136,0,-nan,-nan,2000000000,-nan,0,0.9
30,1,13997608000000,238533,0.134204,7.45136,0,-nan,-nan,2000000000,-nan,0,0.9
30,1,13997609000000,238533,0.134204,7.45136,0,-nan,-nan,2000000000,-nan,0,0.9
30,1,13997610000000,238533,0.134204,7.45136,0,-nan,-nan,2000000000,-nan,0,0.9
30,1,13997611000000,238533,0.134204,7.45136,0,-nan,-nan,2000000000,-nan,0,0.9
30,1,13997612000000,238533,0.134204,7.45136,0,-nan,-nan,2000000000,-nan,0,0.9
30,1,13997613000000,238533,0.134204,7.45136,0,-nan,-nan,2000000000,-nan,0,0.9
31,2,13997501000000,1000,0.058,17.2414,17.2414,2.6912e+06,4.64e+07,1000000000,0.058,58,0.8
31,0,13997502000000,5000,0.1216,8.22368,7.27273,7.5625e+07,5.5e+08,4000000000,0.1375,137.5,1
31,1,13997503000000,7000,0.108,9.25926,13.5135,9.8568e+06,1.332e+08,2000000000,0.074,74,0.9
31,2,13997504000000,8000,0.166375,6.01052,1.73913,2.645e+08,4.6e+08,1000000000,0.575,575,0.8
31,0,13997505000000,12000,0.122,8.19672,30.0752,4.42225e+06,1.33e+08,4000000000,0.03325,33.25,1
31,2,13997506000000,13000,0.116077,8.61498,22.2222,1.62e+06,3.6e+07,1000000000,0.045,45,0.8
31,1,13997507000000,15000,0.168,5.95238,1.97824,4.59954e+08,9.099e+08,2000000000,0.5055,505.5,0.9
31,0,13997508000000,19000,0.138842,7.20243,33.8983,3.481e+06,1.18e+08,4000000000,0.0295,29.5,1
31,2,13997509000000,20000,0.135,7.40741,16.129,3.0752e+06,4.96e+07,1000000000,0.062,62,0.8
31,2,13997510000000,21000,0.154476,6.47349,1.83824,2.36749e+08,4.352e+08,1000000000,0.544,544,0.8
31,1,13997511000000,23000,0.148174,6.74883,12.1951,1.21032e+07,1.476e+08,2000000000,0.082,82,0.9
31,2,13997512000000,24000,0.150958,6.62434,4.65116,3.698e+07,1.72e+08,1000000000,0.215,215,0.8
31,1,13997513000000,26000,0.154615,6.46766,5.03778,7.0924e+07,3.573e+08,2000000000,0.1985,198.5,0.9
31,2,13997514000000,27000,0.153111,6.5312,8.77193,1.03968e+07,9.12e+07,1000000000,0.114,114,0.8
31,1,13997515000000,29000,0.165241,6.05175,3.03951,1.94834e+08,5.922e+08,2000000000,0.329,329,0.9
31,1,13997516000000,31000,0.159097,6.28548,14.2857,8.82e+06,1.26e+08,2000000000,0.07,70,0.9
31,2,13997517000000,32000,0.155062,6.44901,33.3333,720000,2.4e+07,1000000000,0.03,30,0.8
31,1,13997518000000,34000,0.163294,6.12392,3.38983,1.56645e+08,5.31e+08,2000000000,0.295,295,0.9
31,0,13997519000000,38000,0.149684,6.68073,29.4118,4.624e+06,1.36e+08,4000000000,0.034,34,1
31,2,13997520000000,39000,0.156128,6.40499,2.49377,1.28641e+08,3.208e+08,1000000000,0.401,401,0.8
31,0,13997521000000,43000,0.147163,6.7952,16.7364,1.42802e+07,2.39e+08,4000000000,0.05975,59.75,1
31,2,13997522000000,44000,0.1465,6.82594,8.47458,1.11392e+07,9.44e+07,1000000000,0.118,118,0.8
31,1,13997523000000,46000,0.154,6.49351,3.1348,1.8317e+08,5.742e+08,2000000000,0.319,319,0.9
31,0,13997524000000,50000,0.14472,6.90989,26.3158,5.776e+06,1.52e+08,4000000000,0.038,38,1
31,2,13997525000000,51000,0.145961,6.85116,4.80769,3.46112e+07,1.664e+08,1000000000,0.208,208,0.8
31,0,13997526000000,55000,0.142909,6.99746,9.61538,4.3264e+07,4.16e+08,4000000000,0.104,104,1
31,2,13997527000000,56000,0.14225,7.02988,9.43396,8.9888e+06,8.48e+07,1000000000,0.106,106,0.8
31,1,13997528000000,58000,0.14869,6.72542,3.03951,1.94834e+08,5.922e+08,2000000000,0.329,329,0.9
31,0,13997529000000,62000,0.141677,7.05829,25,6.4e+06,1.6e+08,4000000000,0.04,40,1
31,2,13997530000000,63000,0.141079,7.08821,9.61538,8.6528e+06,8.32e+07,1000000000,0.104,104,0.8
31,0,13997531000000,67000,0.140299,7.12766,7.8125,6.5536e+07,5.12e+08,4000000000,0.128,128,1
31,2,13997532000000,68000,0.140471,7.11893,6.57895,1.84832e+07,1.216e+08,1000000000,0.152,152,0.8
31,1,13997533000000,70000,0.145086,6.89248,3.31126,1.64167e+08,5.436e+08,2000000000,0.302,302,0.9
31,0,13997534000000,74000,0.139135,7.18726,28.5714,4.9e+06,1.4e+08,4000000000,0.035,35,1
31,2,13997535000000,75000,0.13728,7.28438,0,0,0,1000000000,0,0,0.8
31,0,13997536000000,79000,0.138329,7.22914,6.32911,9.9856e+07,6.32e+08,4000000000,0.158,158,1
31,2,13997537000000,80000,0.138075,7.24244,8.47458,1.11392e+07,9.44e+07,1000000000,0.118,118,0.8
31,1,13997538000000,82000,0.142537,7.01574,3.11526,1.85474e+08,5.778e+08,2000000000,0.321,321,0.9
31,0,13997539000000,86000,0.137616,7.26658,27.2109,5.40225e+06,1.47e+08,4000000000,0.03675,36.75,1
31,2,13997540000000,87000,0.136034,7.35108,0,0,0,1000000000,0,0,0.8
31,0,13997541000000,91000,0.137011,7.29868,6.31912,1.00172e+08,6.33e+08,4000000000,0.15825,158.25,1
31,2,13997542000000,92000,0.137217,7.28771,6.41026,1.94688e+07,1.248e+08,1000000000,0.156,156,0.8
31,1,13997543000000,94000,0.140702,7.10721,3.32226,1.63082e+08,5.418e+08,2000000000,0.301,301,0.9
31,0,13997544000000,98000,0.136653,7.3178,24.0964,6.889e+06,1.66e+08,4000000000,0.0415,41.5,1
31,2,13997545000000,99000,0.135273,7.39247,0,0,0,1000000000,0,0,0.8
31,0,13997546000000,103000,0.135961,7.35504,6.53595,9.3636e+07,6.12e+08,4000000000,0.153,153,1
31,2,13997547000000,104000,0.136154,7.34463,6.41026,1.94688e+07,1.248e+08,1000000000,0.156,156,0.8
31,1,13997548000000,106000,0.139264,7.1806,3.32226,1.63082e+08,5.418e+08,2000000000,0.301,301,0.9
31,0,13997549000000,110000,0.134291,7.44652,400,25000,1e+07,4000000000,0.0025,2.5,1
31,2,13997550000000,111000,0.134108,7.45667,8.77193,1.03968e+07,9.12e+07,1000000000,0.114,114,0.8
31,0,13997551000000,115000,0.135061,7.40407,6.19195,1.04329e+08,6.46e+08,4000000000,0.1615,161.5,1
31,2,13997552000000,116000,0.13531,7.39042,6.09756,2.15168e+07,1.312e+08,1000000000,0.164,164,0.8
31,1,13997553000000,118000,0.138017,7.24549,3.38983,1.56645e+08,5.31e+08,2000000000,0.295,295,0.9
31,0,13997554000000,122000,0.133738,7.47732,133.333,225000,3e+07,4000000000,0.0075,7.5,1
31,2,13997555000000,123000,0.133854,7.47085,6.75676,1.75232e+07,1.184e+08,1000000000,0.148,148,0.8
31,0,13997556000000,127000,0.137386,7.27877,4.06504,2.42064e+08,9.84e+08,4000000000,0.246,246,1
31,1,13997557000000,129000,0.136186,7.3429,16.6667,6.48e+06,1.08e+08,2000000000,0.06,60,0.9
31,2,13997558000000,130000,0.137177,7.28986,3.77358,5.618e+07,2.12e+08,1000000000,0.265,265,0.8
31,0,13997559000000,134000,0.135672,7.37074,11.5274,3.01022e+07,3.47e+08,4000000000,0.08675,86.75,1
31,2,13997560000000,135000,0.135822,7.36257,6.41026,1.94688e+07,1.248e+08,1000000000,0.156,156,0.8
31,0,13997561000000,139000,0.136374,7.33277,6.45161,9.61e+07,6.2e+08,4000000000,0.155,155,1
31,1,13997562000000,141000,0.135489,7.38065,13.5135,9.8568e+06,1.332e+08,2000000000,0.074,74,0.9
31,2,13997563000000,142000,0.137261,7.28541,2.58398,1.19815e+08,3.096e+08,1000000000,0.387,387,0.8
31,0,13997564000000,146000,0.135068,7.40365,17.4672,1.31102e+07,2.29e+08,4000000000,0.05725,57.25,1
31,2,13997565000000,147000,0.135184,7.39734,6.57895,1.84832e+07,1.216e+08,1000000000,0.152,152,0.8
31,1,13997566000000,149000,0.137423,7.27681,3.31126,1.64167e+08,5.436e+08,2000000000,0.302,302,0.9
31,0,13997567000000,153000,0.134614,7.42863,33.3333,3.6e+06,1.2e+08,4000000000,0.03,30,1
31,2,13997568000000,154000,0.136701,7.31522,2.19298,1.66349e+08,3.648e+08,1000000000,0.456,456,0.8
31,0,13997569000000,158000,0.134481,7.43599,20.4082,9.604e+06,1.96e+08,4000000000,0.049,49,1
31,2,13997570000000,159000,0.134377,7.44173,8.47458,1.11392e+07,9.44e+07,1000000000,0.118,118,0.8
31,1,13997571000000,161000,0.136795,7.31021,3.03951,1.94834e+08,5.922e+08,2000000000,0.329,329,0.9
31,0,13997572000000,165000,0.134327,7.4445,28.5714,4.9e+06,1.4e+08,4000000000,0.035,35,1
31,2,13997573000000,166000,0.136259,7.33896,2.1978,1.6562e+08,3.64e+08,1000000000,0.455,455,0.8
31,0,13997574000000,170000,0.134,7.46269,24.8447,6.48025e+06,1.61e+08,4000000000,0.04025,40.25,1
31,2,13997575000000,171000,0.133883,7.46921,8.77193,1.03968e+07,9.12e+07,1000000000,0.114,114,0.8
31,1,13997576000000,173000,0.136185,7.34295,3.003,1.996e+08,5.994e+08,2000000000,0.333,333,0.9
31,0,13997577000000,177000,0.133966,7.46457,26.3158,5.776e+06,1.52e+08,4000000000,0.038,38,1
31,2,13997578000000,178000,0.135826,7.36237,2.15054,1.7298e+08,3.72e+08,1000000000,0.465,465,0.8
31,0,13997579000000,182000,0.133604,7.48478,28.777,4.83025e+06,1.39e+08,4000000000,0.03475,34.75,1
31,2,13997580000000,183000,0.133497,7.49079,8.77193,1.03968e+07,9.12e+07,1000000000,0.114,114,0.8
31,1,13997581000000,185000,0.135654,7.37169,3.003,1.996e+08,5.994e+08,2000000000,0.333,333,0.9
31,0,13997582000000,189000,0.133587,7.48574,26.3158,5.776e+06,1.52e+08,4000000000,0.038,38,1
31,2,13997583000000,190000,0.135374,7.38696,2.11416,1.78983e+08,3.784e+08,1000000000,0.473,473,0.8
31,0,13997584000000,194000,0.133258,7.50425,30.5344,4.29025e+06,1.31e+08,4000000000,0.03275,32.75,1
31,2,13997585000000,195000,0.133159,7.50982,8.77193,1.03968e+07,9.12e+07,1000000000,0.114,114,0.8
31,1,13997586000000,197000,0.135188,7.39712,3.003,1.996e+08,5.994e+08,2000000000,0.333,333,0.9
31,0,13997587000000,201000,0.133254,7.50448,26.3158,5.776e+06,1.52e+08,4000000000,0.038,38,1
31,2,13997588000000,202000,0.134936,7.41094,2.11416,1.78983e+08,3.784e+08,1000000000,0.473,473,0.8
31,0,13997589000000,206000,0.132951,7.52154,30.5344,4.29025e+06,1.31e+08,4000000000,0.03275,32.75,1
31,2,13997590000000,207000,0.13286,7.52673,8.77193,1.03968e+07,9.12e+07,1000000000,0.114,114,0.8
31,1,13997591000000,209000,0.134775,7.41977,3.003,1.996e+08,5.994e+08,2000000000,0.333,333,0.9
31,0,13997592000000,213000,0.132958,7.52119,26.3158,5.776e+06,1.52e+08,4000000000,0.038,38,1
31,2,13997593000000,214000,0.134542,7.43262,2.11864,1.78227e+08,3.776e+08,1000000000,0.472,472,0.8
31,0,13997594000000,218000,0.132679,7.53699,30.303,4.356e+06,1.32e+08,4000000000,0.033,33,1
31,2,13997595000000,219000,0.132594,7.54184,8.77193,1.03968e+07,9.12e+07,1000000000,0.114,114,0.8
31,1,13997596000000,221000,0.134407,7.44008,3.003,1.996e+08,5.994e+08,2000000000,0.333,333,0.9
31,0,13997597000000,225000,0.132693,7.53617,26.3158,5.776e+06,1.52e+08,4000000000,0.038,38,1
31,2,13997598000000,226000,0.134195,7.45186,2.11864,1.78227e+08,3.776e+08,1000000000,0.472,472,0.8
31,0,13997599000000,230000,0.132435,7.55089,30.303,4.356e+06,1.32e+08,4000000000,0.033,33,1
31,2,13997600000000,231000,0.132355,7.55544,8.77193,1.03968e+07,9.12e+07,1000000000,0.114,114,0.8
31,1,13997601000000,233000,0.134077,7.45839,3.003,1.996e+08,5.994e+08,2000000000,0.333,333,0.9
31,0,13997602000000,237000,0.132456,7.54969,26.3158,5.776e+06,1.52e+08,4000000000,0.038,38,1
31,2,13997603000000,238000,0.133887,7.46901,2.11416,1.78983e+08,3.784e+08,1000000000,0.473,473,0.8
31,0,13997604000000,238533,0.134204,7.45136,3.62585,3.04257e+08,1.10319e+09,4000000000,0.275797,36.75,1
31,2,13997605000000,238533,0.134204,7.45136,0,-nan,-nan,1000000000,-nan,0,0.8
31,1,13997606000000,238533,0.134204,7.45136,0,-nan,-nan,2000000000,-nan,0,0.9
31,1,13997607000000,238533,0.134204,7.45136,0,-nan,-nan,2000000000,-nan,0,0.9
31,1,13997608000000,238533,0.134204,7.45136,0,-nan,-nan,2000000000,-nan,0,0.9
31,1,13997609000000,238533,0.134204,7.45136,0,-nan,-nan,2000000000,-nan,0,0.9
31,1,13997610000000,238533,0.134204,7.45136,0,-nan,-nan,2000000000,-nan,0,0.9
31,1,13997611000000,238533,0.134204,7.45136,0,-nan,-nan,2000000000,-nan,0,0.9
31,1,13997612000000,238533,0.134204,7.45136,0,-nan,-nan,2000000000,-nan,0,0.9
31,1,13997613000000,238533,0.134204,7.45136,0,-nan,-nan,2000000000,-nan,0,0.9
32,2,13997501000000,1000,0.294,3.40136,3.40136,6.91488e+07,2.352e+08,1000000000,0.294,294,0.8
32,0,13997502000000,5000,0.1224,8.16993,12.5786,2.5281e+07,3.18e+08,4000000000,0.0795,79.5,1
32,1,13997503000000,7000,0.109714,9.11458,12.8205,1.09512e+07,1.404e+08,2000000000,0.078,78,0.9
32,2,13997504000000,8000,0.1715,5.8309,1.65563,2.91853e+08,4.832e+08,1000000000,0.604,604,0.8
32,0,13997505000000,12000,0.122,8.19672,43.4783,2.116e+06,9.2e+07,4000000000,0.023,23,1
32,2,13997506000000,13000,0.129,7.75194,4.69484,3.62952e+07,1.704e+08,1000000000,0.213,213,0.8
32,1,13997507000000,15000,0.143733,6.95733,4.17537,1.03248e+08,4.311e+08,2000000000,0.2395,239.5,0.9
32,0,13997508000000,19000,0.116632,8.57401,66.6667,900000,6e+07,4000000000,0.015,15,1
32,2,13997509000000,20000,0.1114,8.97666,83.3333,115200,9.6e+06,1000000000,0.012,12,0.8
32,2,13997510000000,21000,0.11181,8.94378,8.33333,1.152e+07,9.6e+07,1000000000,0.12,120,0.8
32,1,13997511000000,23000,0.102609,9.74576,166.667,64800,1.08e+07,2000000000,0.006,6,0.9
32,2,13997512000000,24000,0.103333,9.67742,8.33333,1.152e+07,9.6e+07,1000000000,0.12,120,0.8
32,1,13997513000000,26000,0.0958462,10.4334,166.667,64800,1.08e+07,2000000000,0.006,6,0.9
32,2,13997514000000,27000,0.0967407,10.3369,8.33333,1.152e+07,9.6e+07,1000000000,0.12,120,0.8
32,1,13997515000000,29000,0.0904828,11.0518,166.667,64800,1.08e+07,2000000000,0.006,6,0.9
32,1,13997516000000,31000,0.09,11.1111,12.0482,1.24002e+07,1.494e+08,2000000000,0.083,83,0.9
32,2,13997517000000,32000,0.0955,10.4712,3.7594,5.66048e+07,2.128e+08,1000000000,0.266,266,0.8
32,1,13997518000000,34000,0.0999706,10.0029,5.8309,5.29421e+07,3.087e+08,2000000000,0.1715,171.5,0.9
32,0,13997519000000,38000,0.0927368,10.7832,32,3.90625e+06,1.25e+08,4000000000,0.03125,31.25,1
32,2,13997520000000,39000,0.106744,9.36824,1.56495,3.26657e+08,5.112e+08,1000000000,0.639,639,0.8
32,0,13997521000000,43000,0.099907,10.0093,30.0752,4.42225e+06,1.33e+08,4000000000,0.03325,33.25,1
32,2,13997522000000,44000,0.100886,9.91214,6.99301,1.63592e+07,1.144e+08,1000000000,0.143,143,0.8
32,1,13997523000000,46000,0.107478,9.30421,3.9604,1.14761e+08,4.545e+08,2000000000,0.2525,252.5,0.9
32,0,13997524000000,50000,0.10148,9.85416,30.7692,4.225e+06,1.3e+08,4000000000,0.0325,32.5,1
32,2,13997525000000,51000,0.110804,9.02495,1.7331,2.66343e+08,4.616e+08,1000000000,0.577,577,0.8
32,0,13997526000000,55000,0.106036,9.43073,22.0994,8.19025e+06,1.81e+08,4000000000,0.04525,45.25,1
32,2,13997527000000,56000,0.104786,9.54329,27.7778,1.0368e+06,2.88e+07,1000000000,0.036,36,0.8
32,1,13997528000000,58000,0.111569,8.96307,3.31675,1.63624e+08,5.427e+08,2000000000,0.3015,301.5,0.9
32,0,13997529000000,62000,0.106613,9.37973,28.777,4.83025e+06,1.39e+08,4000000000,0.03475,34.75,1
32,2,13997530000000,63000,0.113524,8.80872,1.84502,2.35011e+08,4.336e+08,1000000000,0.542,542,0.8
32,0,13997531000000,67000,0.109657,9.11937,20.5128,9.50625e+06,1.95e+08,4000000000,0.04875,48.75,1
32,2,13997532000000,68000,0.108824,9.18919,18.8679,2.2472e+06,4.24e+07,1000000000,0.053,53,0.8
32,1,13997533000000,70000,0.114286,8.75,3.33333,1.62e+08,5.4e+08,2000000000,0.3,300,0.9
32,0,13997534000000,74000,0.11027,9.06863,25,6.4e+06,1.6e+08,4000000000,0.04,40,1
32,2,13997535000000,75000,0.115973,8.62267,1.85874,2.31555e+08,4.304e+08,1000000000,0.538,538,0.8
32,0,13997536000000,79000,0.11238,8.8984,22.2222,8.1e+06,1.8e+08,4000000000,0.045,45,1
32,2,13997537000000,80000,0.111675,8.95456,17.8571,2.5088e+06,4.48e+07,1000000000,0.056,56,0.8
32,1,13997538000000,82000,0.116524,8.58189,3.22061,1.73538e+08,5.589e+08,2000000000,0.3105,310.5,0.9
32,0,13997539000000,86000,0.112605,8.88063,31.0078,4.16025e+06,1.29e+08,4000000000,0.03225,32.25,1
32,2,13997540000000,87000,0.117471,8.51272,1.86567,2.29837e+08,4.288e+08,1000000000,0.536,536,0.8
32,0,13997541000000,91000,0.114637,8.72316,18.8679,1.1236e+07,2.12e+08,4000000000,0.053,53,1
32,2,13997542000000,92000,0.113772,8.78953,28.5714,980000,2.8e+07,1000000000,0.035,35,0.8
32,1,13997543000000,94000,0.117787,8.48988,3.30579,1.64711e+08,5.445e+08,2000000000,0.3025,302.5,0.9
32,0,13997544000000,98000,0.114449,8.73752,27.7778,5.184e+06,1.44e+08,4000000000,0.036,36,1
32,2,13997545000000,99000,0.118707,8.4241,1.86567,2.29837e+08,4.288e+08,1000000000,0.536,536,0.8
32,0,13997546000000,103000,0.116,8.62069,20.4082,9.604e+06,1.96e+08,4000000000,0.049,49,1
32,2,13997547000000,104000,0.115356,8.66883,20.4082,1.9208e+06,3.92e+07,1000000000,0.049,49,0.8
32,1,13997548000000,106000,0.118943,8.40736,3.27332,1.67994e+08,5.499e+08,2000000000,0.3055,305.5,0.9
32,0,13997549000000,110000,0.115945,8.62475,27.3973,5.329e+06,1.46e+08,4000000000,0.0365,36.5,1
32,2,13997550000000,111000,0.119613,8.36032,1.91205,2.18823e+08,4.184e+08,1000000000,0.523,523,0.8
32,0,13997551000000,115000,0.116765,8.56419,26.4901,5.70025e+06,1.51e+08,4000000000,0.03775,37.75,1
32,2,13997552000000,116000,0.116457,8.58687,12.3457,5.2488e+06,6.48e+07,1000000000,0.081,81,0.8
32,1,13997553000000,118000,0.119932,8.33804,3.11042,1.86052e+08,5.787e+08,2000000000,0.3215,321.5,0.9
32,0,13997554000000,122000,0.117246,8.52908,26.3158,5.776e+06,1.52e+08,4000000000,0.038,38,1
32,2,13997555000000,123000,0.120374,8.30744,1.99203,2.01603e+08,4.016e+08,1000000000,0.502,502,0.8
32,0,13997556000000,127000,0.117606,8.50295,30.7692,4.225e+06,1.3e+08,4000000000,0.0325,32.5,1
32,1,13997557000000,129000,0.116504,8.58341,21.5054,3.89205e+06,8.37e+07,2000000000,0.0465,46.5,0.9
32,2,13997558000000,130000,0.120669,8.28712,1.51976,3.46371e+08,5.264e+08,1000000000,0.658,658,0.8
32,0,13997559000000,134000,0.118104,8.46708,28.777,4.83025e+06,1.39e+08,4000000000,0.03475,34.75,1
32,2,13997560000000,135000,0.119304,8.38197,3.57143,6.272e+07,2.24e+08,1000000000,0.28,280,0.8
32,0,13997561000000,139000,0.118446,8.44266,11.1732,3.2041e+07,3.58e+08,4000000000,0.0895,89.5,1
32,1,13997562000000,141000,0.117787,8.48988,13.8889,9.3312e+06,1.296e+08,2000000000,0.072,72,0.9
32,2,13997563000000,142000,0.121331,8.24192,1.61031,3.08513e+08,4.968e+08,1000000000,0.621,621,0.8
32,0,13997564000000,146000,0.120247,8.31625,12.2324,2.67322e+07,3.27e+08,4000000000,0.08175,81.75,1
32,2,13997565000000,147000,0.119429,8.37321,0,0,0,1000000000,0,0,0.8
32,1,13997566000000,149000,0.118356,8.44911,25.3165,2.80845e+06,7.11e+07,2000000000,0.0395,39.5,0.9
32,0,13997567000000,153000,0.118431,8.44371,8.24742,5.88062e+07,4.85e+08,4000000000,0.12125,121.25,1
32,2,13997568000000,154000,0.117662,8.4989,0,0,0,1000000000,0,0,0.8
32,0,13997569000000,158000,0.115253,8.67655,44.4444,2.025e+06,9e+07,4000000000,0.0225,22.5,1
32,2,13997570000000,159000,0.117484,8.51178,2.12766,1.7672e+08,3.76e+08,1000000000,0.47,470,0.8
32,1,13997571000000,161000,0.116497,8.58392,26.3158,2.5992e+06,6.84e+07,2000000000,0.038,38,0.9
32,0,13997572000000,165000,0.115624,8.64871,12.4224,2.5921e+07,3.22e+08,4000000000,0.0805,80.5,1
32,2,13997573000000,166000,0.116,8.62069,5.61798,2.53472e+07,1.424e+08,1000000000,0.178,178,0.8
32,0,13997574000000,170000,0.113894,8.78008,37.7358,2.809e+06,1.06e+08,4000000000,0.0265,26.5,1
32,2,13997575000000,171000,0.115977,8.62243,2.12766,1.7672e+08,3.76e+08,1000000000,0.47,470,0.8
32,1,13997576000000,173000,0.115075,8.68997,26.3158,2.5992e+06,6.84e+07,2000000000,0.038,38,0.9
32,0,13997577000000,177000,0.115277,8.67477,8.06452,6.1504e+07,4.96e+08,4000000000,0.124,124,1
32,2,13997578000000,178000,0.114629,8.72378,0,0,0,1000000000,0,0,0.8
32,0,13997579000000,182000,0.112791,8.86594,32.2581,3.844e+06,1.24e+08,4000000000,0.031,31,1
32,2,13997580000000,183000,0.114689,8.71927,2.17391,1.6928e+08,3.68e+08,1000000000,0.46,460,0.8
32,1,13997581000000,185000,0.113838,8.78443,27.7778,2.3328e+06,6.48e+07,2000000000,0.036,36,0.9
32,0,13997582000000,189000,0.114053,8.76786,8.06452,6.1504e+07,4.96e+08,4000000000,0.124,124,1
32,2,13997583000000,190000,0.113453,8.81425,0,0,0,1000000000,0,0,0.8
32,0,13997584000000,194000,0.111753,8.94834,32.2581,3.844e+06,1.24e+08,4000000000,0.031,31,1
32,2,13997585000000,195000,0.113538,8.80759,2.17391,1.6928e+08,3.68e+08,1000000000,0.46,460,0.8
32,1,13997586000000,197000,0.112751,8.86908,27.7778,2.3328e+06,6.48e+07,2000000000,0.036,36,0.9
32,0,13997587000000,201000,0.112975,8.85151,8.06452,6.1504e+07,4.96e+08,4000000000,0.124,124,1
32,2,13997588000000,202000,0.112426,8.89476,500,3200,1.6e+06,1000000000,0.002,2,0.8
32,0,13997589000000,206000,0.110835,9.02242,32.7869,3.721e+06,1.22e+08,4000000000,0.0305,30.5,1
32,2,13997590000000,207000,0.112522,8.88717,2.17391,1.6928e+08,3.68e+08,1000000000,0.46,460,0.8
32,1,13997591000000,209000,0.111789,8.94539,27.7778,2.3328e+06,6.48e+07,2000000000,0.036,36,0.9
32,0,13997592000000,213000,0.112019,8.92707,8.06452,6.1504e+07,4.96e+08,4000000000,0.124,124,1
32,2,13997593000000,214000,0.111523,8.96673,166.667,28800,4.8e+06,1000000000,0.006,6,0.8
32,0,13997594000000,218000,0.110018,9.08939,33.8983,3.481e+06,1.18e+08,4000000000,0.0295,29.5,1
32,2,13997595000000,219000,0.111616,8.95925,2.17391,1.6928e+08,3.68e+08,1000000000,0.46,460,0.8
32,1,13997596000000,221000,0.110932,9.01452,27.7778,2.3328e+06,6.48e+07,2000000000,0.036,36,0.9
32,0,13997597000000,225000,0.111164,8.99568,8.06452,6.1504e+07,4.96e+08,4000000000,0.124,124,1
32,2,13997598000000,226000,0.11069,9.03422,250,12800,3.2e+06,1000000000,0.004,4,0.8
32,0,13997599000000,230000,0.109287,9.15022,33.3333,3.6e+06,1.2e+08,4000000000,0.03,30,1
32,2,13997600000000,231000,0.110805,9.02485,2.17391,1.6928e+08,3.68e+08,1000000000,0.46,460,0.8
32,1,13997601000000,233000,0.110163,9.07745,27.7778,2.3328e+06,6.48e+07,2000000000,0.036,36,0.9
32,0,13997602000000,237000,0.110397,9.05825,8.06452,6.1504e+07,4.96e+08,4000000000,0.124,124,1
32,2,13997603000000,238000,0.109966,9.09369,125,51200,6.4e+06,1000000000,0.008,8,0.8
32,0,13997604000000,242000,0.108628,9.20572,34.4828,3.364e+06,1.16e+08,4000000000,0.029,29,1
32,2,13997605000000,243000,0.110074,9.08479,2.17391,1.6928e+08,3.68e+08,1000000000,0.46,460,0.8
32,1,13997606000000,245000,0.109469,9.13497,27.7778,2.3328e+06,6.48e+07,2000000000,0.036,36,0.9
32,1,13997607000000,247000,0.110623,9.03967,3.96825,1.14307e+08,4.536e+08,2000000000,0.252,252,0.9
32,1,13997608000000,249000,0.109964,9.0939,35.0877,1.46205e+06,5.13e+07,2000000000,0.0285,28.5,0.9
32,1,13997609000000,251000,0.109275,9.15123,42.5532,994050,4.23e+07,2000000000,0.0235,23.5,0.9
32,1,13997610000000,253000,0.110261,9.0694,4.2735,9.85608e+07,4.212e+08,2000000000,0.234,234,0.9
32,1,13997611000000,255000,0.10982,9.10584,18.5185,5.2488e+06,9.72e+07,2000000000,0.054,54,0.9
32,1,13997612000000,256588,0.110964,9.01194,3.39316,1.56338e+08,5.30479e+08,2000000000,0.29471,234,0.9
32,1,13997613000000,256588,0.110964,9.01194,0,-nan,-nan,2000000000,-nan,0,0.9
33,2,13997501000000,1000,0.294,3.40136,3.40136,6.91488e+07,2.352e+08,1000000000,0.294,294,0.8
33,0,13997502000000,5000,0.1224,8.16993,12.5786,2.5281e+07,3.18e+08,4000000000,0.0795,79.5,1
33,1,13997503000000,7000,0.109714,9.11458,12.8205,1.09512e+07,1.404e+08,2000000000,0.078,78,0.9
33,2,13997504000000,8000,0.1715,5.8309,1.65563,2.91853e+08,4.832e+08,1000000000,0.604,604,0.8
33,0,13997505000000,12000,0.122,8.19672,43.4783,2.116e+06,9.2e+07,4000000000,0.023,23,1
33,2,13997506000000,13000,0.129,7.75194,4.69484,3.62952e+07,1.704e+08,1000000000,0.213,213,0.8
33,1,13997507000000,15000,0.143733,6.95733,4.17537,1.03248e+08,4.311e+08,2000000000,0.2395,239.5,0.9
33,0,13997508000000,19000,0.116632,8.57401,66.6667,900000,6e+07,4000000000,0.015,15,1
33,2,13997509000000,20000,0.1114,8.97666,83.3333,115200,9.6e+06,1000000000,0.012,12,0.8
33,2,13997510000000,21000,0.11181,8.94378,8.33333,1.152e+07,9.6e+07,1000000000,0.12,120,0.8
33,1,13997511000000,23000,0.102609,9.74576,166.667,64800,1.08e+07,2000000000,0.006,6,0.9
33,2,13997512000000,24000,0.103333,9.67742,8.33333,1.152e+07,9.6e+07,1000000000,0.12,120,0.8
33,1,13997513000000,26000,0.0958462,10.4334,166.667,64800,1.08e+07,2000000000,0.006,6,0.9
33,2,13997514000000,27000,0.0967407,10.3369,8.33333,1.152e+07,9.6e+07,1000000000,0.12,120,0.8
33,1,13997515000000,29000,0.0904828,11.0518,166.667,64800,1.08e+07,2000000000,0.006,6,0.9
33,1,13997516000000,31000,0.09,11.1111,12.0482,1.24002e+07,1.494e+08,2000000000,0.083,83,0.9
33,2,13997517000000,32000,0.0955,10.4712,3.7594,5.66048e+07,2.128e+08,1000000000,0.266,266,0.8
33,1,13997518000000,34000,0.0999706,10.0029,5.8309,5.29421e+07,3.087e+08,2000000000,0.1715,171.5,0.9
33,0,13997519000000,38000,0.0927368,10.7832,32,3.90625e+06,1.25e+08,4000000000,0.03125,31.25,1
33,2,13997520000000,39000,0.106744,9.36824,1.56495,3.26657e+08,5.112e+08,1000000000,0.639,639,0.8
33,0,13997521000000,43000,0.099907,10.0093,30.0752,4.42225e+06,1.33e+08,4000000000,0.03325,33.25,1
33,2,13997522000000,44000,0.100886,9.91214,6.99301,1.63592e+07,1.144e+08,1000000000,0.143,143,0.8
33,1,13997523000000,46000,0.107478,9.30421,3.9604,1.14761e+08,4.545e+08,2000000000,0.2525,252.5,0.9
33,0,13997524000000,50000,0.10148,9.85416,30.7692,4.225e+06,1.3e+08,4000000000,0.0325,32.5,1
33,2,13997525000000,51000,0.110804,9.02495,1.7331,2.66343e+08,4.616e+08,1000000000,0.577,577,0.8
33,0,13997526000000,55000,0.106036,9.43073,22.0994,8.19025e+06,1.81e+08,4000000000,0.04525,45.25,1
33,2,13997527000000,56000,0.104786,9.54329,27.7778,1.0368e+06,2.88e+07,1000000000,0.036,36,0.8
33,1,13997528000000,58000,0.111569,8.96307,3.31675,1.63624e+08,5.427e+08,2000000000,0.3015,301.5,0.9
33,0,13997529000000,62000,0.106613,9.37973,28.777,4.83025e+06,1.39e+08,4000000000,0.03475,34.75,1
33,2,13997530000000,63000,0.113524,8.80872,1.84502,2.35011e+08,4.336e+08,1000000000,0.542,542,0.8
33,0,13997531000000,67000,0.109657,9.11937,20.5128,9.50625e+06,1.95e+08,4000000000,0.04875,48.75,1
33,2,13997532000000,68000,0.108824,9.18919,18.8679,2.2472e+06,4.24e+07,1000000000,0.053,53,0.8
33,1,13997533000000,70000,0.114286,8.75,3.33333,1.62e+08,5.4e+08,2000000000,0.3,300,0.9
33,0,13997534000000,74000,0.11027,9.06863,25,6.4e+06,1.6e+08,4000000000,0.04,40,1
33,2,13997535000000,75000,0.115973,8.62267,1.85874,2.31555e+08,4.304e+08,1000000000,0.538,538,0.8
33,0,13997536000000,79000,0.11238,8.8984,22.2222,8.1e+06,1.8e+08,4000000000,0.045,45,1
33,2,13997537000000,80000,0.111675,8.95456,17.8571,2.5088e+06,4.48e+07,1000000000,0.056,56,0.8
33,1,13997538000000,82000,0.116524,8.58189,3.22061,1.73538e+08,5.589e+08,2000000000,0.3105,310.5,0.9
33,0,13997539000000,86000,0.112605,8.88063,31.0078,4.16025e+06,1.29e+08,4000000000,0.03225,32.25,1
33,2,13997540000000,87000,0.117471,8.51272,1.86567,2.29837e+08,4.288e+08,1000000000,0.536,536,0.8
33,0,13997541000000,91000,0.114637,8.72316,18.8679,1.1236e+07,2.12e+08,4000000000,0.053,53,1
33,2,13997542000000,92000,0.113772,8.78953,28.5714,980000,2.8e+07,1000000000,0.035,35,0.8
33,1,13997543000000,94000,0.117787,8.48988,3.30579,1.64711e+08,5.445e+08,2000000000,0.3025,302.5,0.9
33,0,13997544000000,98000,0.114449,8.73752,27.7778,5.184e+06,1.44e+08,4000000000,0.036,36,1
33,2,13997545000000,99000,0.118707,8.4241,1.86567,2.29837e+08,4.288e+08,1000000000,0.536,536,0.8
33,0,13997546000000,103000,0.116,8.62069,20.4082,9.604e+06,1.96e+08,4000000000,0.049,49,1
33,2,13997547000000,104000,0.115356,8.66883,20.4082,1.9208e+06,3.92e+07,1000000000,0.049,49,0.8
33,1,13997548000000,106000,0.118943,8.40736,3.27332,1.67994e+08,5.499e+08,2000000000,0.3055,305.5,0.9
33,0,13997549000000,110000,0.115945,8.62475,27.3973,5.329e+06,1.46e+08,4000000000,0.0365,36.5,1
33,2,13997550000000,111000,0.119613,8.36032,1.91205,2.18823e+08,4.184e+08,1000000000,0.523,523,0.8
33,0,13997551000000,115000,0.116765,8.56419,26.4901,5.70025e+06,1.51e+08,4000000000,0.03775,37.75,1
33,2,13997552000000,116000,0.116457,8.58687,12.3457,5.2488e+06,6.48e+07,1000000000,0.081,81,0.8
33,1,13997553000000,118000,0.119932,8.33804,3.11042,1.86052e+08,5.787e+08,2000000000,0.3215,321.5,0.9
33,0,13997554000000,122000,0.117246,8.52908,26.3158,5.776e+06,1.52e+08,4000000000,0.038,38,1
33,2,13997555000000,123000,0.120374,8.30744,1.99203,2.01603e+08,4.016e+08,1000000000,0.502,502,0.8
33,0,13997556000000,127000,0.117606,8.50295,30.7692,4.225e+06,1.3e+08,4000000000,0.0325,32.5,1
33,1,13997557000000,129000,0.116504,8.58341,21.5054,3.89205e+06,8.37e+07,2000000000,0.0465,46.5,0.9
33,2,13997558000000,130000,0.120669,8.28712,1.51976,3.46371e+08,5.264e+08,1000000000,0.658,658,0.8
33,0,13997559000000,134000,0.118104,8.46708,28.777,4.83025e+06,1.39e+08,4000000000,0.03475,34.75,1
33,2,13997560000000,135000,0.119304,8.38197,3.57143,6.272e+07,2.24e+08,1000000000,0.28,280,0.8
33,0,13997561000000,139000,0.118446,8.44266,11.1732,3.2041e+07,3.58e+08,4000000000,0.0895,89.5,1
33,1,13997562000000,141000,0.117787,8.48988,13.8889,9.3312e+06,1.296e+08,2000000000,0.072,72,0.9
33,2,13997563000000,142000,0.121331,8.24192,1.61031,3.08513e+08,4.968e+08,1000000000,0.621,621,0.8
33,0,13997564000000,146000,0.120247,8.31625,12.2324,2.67322e+07,3.27e+08,4000000000,0.08175,81.75,1
33,2,13997565000000,147000,0.119429,8.37321,0,0,0,1000000000,0,0,0.8
33,1,13997566000000,149000,0.118356,8.44911,25.3165,2.80845e+06,7.11e+07,2000000000,0.0395,39.5,0.9
33,0,13997567000000,153000,0.118431,8.44371,8.24742,5.88062e+07,4.85e+08,4000000000,0.12125,121.25,1
33,2,13997568000000,154000,0.117662,8.4989,0,0,0,1000000000,0,0,0.8
33,0,13997569000000,158000,0.115253,8.67655,44.4444,2.025e+06,9e+07,4000000000,0.0225,22.5,1
33,2,13997570000000,159000,0.117484,8.51178,2.12766,1.7672e+08,3.76e+08,1000000000,0.47,470,0.8
33,1,13997571000000,161000,0.116497,8.58392,26.3158,2.5992e+06,6.84e+07,2000000000,0.038,38,0.9
33,0,13997572000000,165000,0.115624,8.64871,12.4224,2.5921e+07,3.22e+08,4000000000,0.0805,80.5,1
33,2,13997573000000,166000,0.116,8.62069,5.61798,2.53472e+07,1.424e+08,1000000000,0.178,178,0.8
33,0,13997574000000,170000,0.113894,8.78008,37.7358,2.809e+06,1.06e+08,4000000000,0.0265,26.5,1
33,2,13997575000000,171000,0.115977,8.62243,2.12766,1.7672e+08,3.76e+08,1000000000,0.47,470,0.8
33,1,13997576000000,173000,0.115075,8.68997,26.3158,2.5992e+06,6.84e+07,2000000000,0.038,38,0.9
33,0,13997577000000,177000,0.115277,8.67477,8.06452,6.1504e+07,4.96e+08,4000000000,0.124,124,1
33,2,13997578000000,178000,0.114629,8.72378,0,0,0,1000000000,0,0,0.8
33,0,13997579000000,182000,0.112791,8.86594,32.2581,3.844e+06,1.24e+08,4000000000,0.031,31,1
33,2,13997580000000,183000,0.114689,8.71927,2.17391,1.6928e+08,3.68e+08,1000000000,0.46,460,0.8
33,1,13997581000000,185000,0.113838,8.78443,27.7778,2.3328e+06,6.48e+07,2000000000,0.036,36,0.9
33,0,13997582000000,189000,0.114053,8.76786,8.06452,6.1504e+07,4.96e+08,4000000000,0.124,124,1
33,2,13997583000000,190000,0.113453,8.81425,0,0,0,1000000000,0,0,0.8
33,0,13997584000000,194000,0.111753,8.94834,32.2581,3.844e+06,1.24e+08,4000000000,0.031,31,1
33,2,13997585000000,195000,0.113538,8.80759,2.17391,1.6928e+08,3.68e+08,1000000000,0.46,460,0.8
33,1,13997586000000,197000,0.112751,8.86908,27.7778,2.3328e+06,6.48e+07,2000000000,0.036,36,0.9
33,0,13997587000000,201000,0.112975,8.85151,8.06452,6.1504e+07,4.96e+08,4000000000,0.124,124,1
33,2,13997588000000,202000,0.112426,8.89476,500,3200,1.6e+06,1000000000,0.002,2,0.8
33,0,13997589000000,206000,0.110835,9.02242,32.7869,3.721e+06,1.22e+08,4000000000,0.0305,30.5,1
33,2,13997590000000,207000,0.112522,8.88717,2.17391,1.6928e+08,3.68e+08,1000000000,0.46,460,0.8
33,1,13997591000000,209000,0.111789,8.94539,27.7778,2.3328e+06,6.48e+07,2000000000,0.036,36,0.9
33,0,13997592000000,213000,0.112019,8.92707,8.06452,6.1504e+07,4.96e+08,4000000000,0.124,124,1
33,2,13997593000000,214000,0.111523,8.96673,166.667,28800,4.8e+06,1000000000,0.006,6,0.8
33,0,13997594000000,218000,0.110018,9.08939,33.8983,3.481e+06,1.18e+08,4000000000,0.0295,29.5,1
33,2,13997595000000,219000,0.111616,8.95925,2.17391,1.6928e+08,3.68e+08,1000000000,0.46,460,0.8
33,1,13997596000000,221000,0.110932,9.01452,27.7778,2.3328e+06,6.48e+07,2000000000,0.036,36,0.9
33,0,13997597000000,225000,0.111164,8.99568,8.06452,6.1504e+07,4.96e+08,4000000000,0.124,124,1
33,2,13997598000000,226000,0.11069,9.03422,250,12800,3.2e+06,1000000000,0.004,4,0.8
33,0,13997599000000,230000,0.109287,9.15022,33.3333,3.6e+06,1.2e+08,4000000000,0.03,30,1
33,2,13997600000000,231000,0.110805,9.02485,2.17391,1.6928e+08,3.68e+08,1000000000,0.46,460,0.8
33,1,13997601000000,233000,0.110163,9.07745,27.7778,2.3328e+06,6.48e+07,2000000000,0.036,36,0.9
33,0,13997602000000,237000,0.110397,9.05825,8.06452,6.1504e+07,4.96e+08,4000000000,0.124,124,1
33,2,13997603000000,238000,0.109966,9.09369,125,51200,6.4e+06,1000000000,0.008,8,0.8
33,0,13997604000000,242000,0.108628,9.20572,34.4828,3.364e+06,1.16e+08,4000000000,0.029,29,1
33,2,13997605000000,243000,0.110074,9.08479,2.17391,1.6928e+08,3.68e+08,1000000000,0.46,460,0.8
33,1,13997606000000,245000,0.109469,9.13497,27.7778,2.3328e+06,6.48e+07,2000000000,0.036,36,0.9
33,1,13997607000000,247000,0.110623,9.03967,3.96825,1.14307e+08,4.536e+08,2000000000,0.252,252,0.9
33,1,13997608000000,249000,0.109964,9.0939,35.0877,1.46205e+06,5.13e+07,2000000000,0.0285,28.5,0.9
33,1,13997609000000,251000,0.109275,9.15123,42.5532,994050,4.23e+07,2000000000,0.0235,23.5,0.9
33,1,13997610000000,253000,0.110261,9.0694,4.2735,9.85608e+07,4.212e+08,2000000000,0.234,234,0.9
33,1,13997611000000,255000,0.10982,9.10584,18.5185,5.2488e+06,9.72e+07,2000000000,0.054,54,0.9
33,1,13997612000000,256588,0.110964,9.01194,3.39316,1.56338e+08,5.30479e+08,2000000000,0.29471,234,0.9
33,1,13997613000000,256588,0.110964,9.01194,0,-nan,-nan,2000000000,-nan,0,0.9
34,2,13997501000000,1000,0.294,3.40136,3.40136,6.91488e+07,2.352e+08,1000000000,0.294,294,0.8
34,0,13997502000000,5000,0.1224,8.16993,12.5786,2.5281e+07,3.18e+08,4000000000,0.0795,79.5,1
34,1,13997503000000,7000,0.109714,9.11458,12.8205,1.09512e+07,1.404e+08,2000000000,0.078,78,0.9
34,2,13997504000000,8000,0.1715,5.8309,1.65563,2.91853e+08,4.832e+08,1000000000,0.604,604,0.8
34,0,13997505000000,12000,0.122,8.19672,43.4783,2.116e+06,9.2e+07,4000000000,0.023,23,1
34,2,13997506000000,13000,0.129,7.75194,4.69484,3.62952e+07,1.704e+08,1000000000,0.213,213,0.8
34,1,13997507000000,15000,0.143733,6.95733,4.17537,1.03248e+08,4.311e+08,2000000000,0.2395,239.5,0.9
34,0,13997508000000,19000,0.116632,8.57401,66.6667,900000,6e+07,4000000000,0.015,15,1
34,2,13997509000000,20000,0.1114,8.97666,83.3333,115200,9.6e+06,1000000000,0.012,12,0.8
34,2,13997510000000,21000,0.11181,8.94378,8.33333,1.152e+07,9.6e+07,1000000000,0.12,120,0.8
34,1,13997511000000,23000,0.102609,9.74576,166.667,64800,1.08e+07,2000000000,0.006,6,0.9
34,2,13997512000000,24000,0.103333,9.67742,8.33333,1.152e+07,9.6e+07,1000000000,0.12,120,0.8
34,1,13997513000000,26000,0.0958462,10.4334,166.667,64800,1.08e+07,2000000000,0.006,6,0.9
34,2,13997514000000,27000,0.0967407,10.3369,8.33333,1.152e+07,9.6e+07,1000000000,0.12,120,0.8
34,1,13997515000000,29000,0.0904828,11.0518,166.667,64800,1.08e+07,2000000000,0.006,6,0.9
34,1,13997516000000,31000,0.09,11.1111,12.0482,1.24002e+07,1.494e+08,2000000000,0.083,83,0.9
34,2,13997517000000,32000,0.0955,10.4712,3.7594,5.66048e+07,2.128e+08,1000000000,0.266,266,0.8
34,1,13997518000000,34000,0.0999706,10.0029,5.8309,5.29421e+07,3.087e+08,2000000000,0.1715,171.5,0.9
34,0,13997519000000,38000,0.0927368,10.7832,32,3.90625e+06,1.25e+08,4000000000,0.03125,31.25,1
34,2,13997520000000,39000,0.106744,9.36824,1.56495,3.26657e+08,5.112e+08,1000000000,0.639,639,0.8
34,0,13997521000000,43000,0.099907,10.0093,30.0752,4.42225e+06,1.33e+08,4000000000,0.03325,33.25,1
34,2,13997522000000,44000,0.100886,9.91214,6.99301,1.63592e+07,1.144e+08,1000000000,0.143,143,0.8
34,1,13997523000000,46000,0.107478,9.30421,3.9604,1.14761e+08,4.545e+08,2000000000,0.2525,252.5,0.9
34,0,13997524000000,50000,0.10148,9.85416,30.7692,4.225e+06,1.3e+08,4000000000,0.0325,32.5,1
34,2,13997525000000,51000,0.110804,9.02495,1.7331,2.66343e+08,4.616e+08,1000000000,0.577,577,0.8
34,0,13997526000000,55000,0.106036,9.43073,22.0994,8.19025e+06,1.81e+08,4000000000,0.04525,45.25,1
34,2,13997527000000,56000,0.104786,9.54329,27.7778,1.0368e+06,2.88e+07,1000000000,0.036,36,0.8
34,1,13997528000000,58000,0.111569,8.96307,3.31675,1.63624e+08,5.427e+08,2000000000,0.3015,301.5,0.9
34,0,13997529000000,62000,0.106613,9.37973,28.777,4.83025e+06,1.39e+08,4000000000,0.03475,34.75,1
34,2,13997530000000,63000,0.113524,8.80872,1.84502,2.35011e+08,4.336e+08,1000000000,0.542,542,0.8
34,0,13997531000000,67000,0.109657,9.11937,20.5128,9.50625e+06,1.95e+08,4000000000,0.04875,48.75,1
34,2,13997532000000,68000,0.108824,9.18919,18.8679,2.2472e+06,4.24e+07,1000000000,0.053,53,0.8
34,1,13997533000000,70000,0.114286,8.75,3.33333,1.62e+08,5.4e+08,2000000000,0.3,300,0.9
34,0,13997534000000,74000,0.11027,9.06863,25,6.4e+06,1.6e+08,4000000000,0.04,40,1
34,2,13997535000000,75000,0.115973,8.62267,1.85874,2.31555e+08,4.304e+08,1000000000,0.538,538,0.8
34,0,13997536000000,79000,0.11238,8.8984,22.2222,8.1e+06,1.8e+08,4000000000,0.045,45,1
34,2,13997537000000,80000,0.111675,8.95456,17.8571,2.5088e+06,4.48e+07,1000000000,0.056,56,0.8
34,1,13997538000000,82000,0.116524,8.58189,3.22061,1.73538e+08,5.589e+08,2000000000,0.3105,310.5,0.9
34,0,13997539000000,86000,0.112605,8.88063,31.0078,4.16025e+06,1.29e+08,4000000000,0.03225,32.25,1
34,2,13997540000000,87000,0.117471,8.51272,1.86567,2.29837e+08,4.288e+08,1000000000,0.536,536,0.8
34,0,13997541000000,91000,0.114637,8.72316,18.8679,1.1236e+07,2.12e+08,4000000000,0.053,53,1
34,2,13997542000000,92000,0.113772,8.78953,28.5714,980000,2.8e+07,1000000000,0.035,35,0.8
34,1,13997543000000,94000,0.117787,8.48988,3.30579,1.64711e+08,5.445e+08,2000000000,0.3025,302.5,0.9
34,0,13997544000000,98000,0.114449,8.73752,27.7778,5.184e+06,1.44e+08,4000000000,0.036,36,1
34,2,13997545000000,99000,0.118707,8.4241,1.86567,2.29837e+08,4.288e+08,1000000000,0.536,536,0.8
34,0,13997546000000,103000,0.116,8.62069,20.4082,9.604e+06,1.96e+08,4000000000,0.049,49,1
34,2,13997547000000,104000,0.115356,8.66883,20.4082,1.9208e+06,3.92e+07,1000000000,0.049,49,0.8
34,1,13997548000000,106000,0.118943,8.40736,3.27332,1.67994e+08,5.499e+08,2000000000,0.3055,305.5,0.9
34,0,13997549000000,110000,0.115945,8.62475,27.3973,5.329e+06,1.46e+08,4000000000,0.0365,36.5,1
34,2,13997550000000,111000,0.119613,8.36032,1.91205,2.18823e+08,4.184e+08,1000000000,0.523,523,0.8
34,0,13997551000000,115000,0.116765,8.56419,26.4901,5.70025e+06,1.51e+08,4000000000,0.03775,37.75,1
34,2,13997552000000,116000,0.116457,8.58687,12.3457,5.2488e+06,6.48e+07,1000000000,0.081,81,0.8
34,1,13997553000000,118000,0.119932,8.33804,3.11042,1.86052e+08,5.787e+08,2000000000,0.3215,321.5,0.9
34,0,13997554000000,122000,0.117246,8.52908,26.3158,5.776e+06,1.52e+08,4000000000,0.038,38,1
34,2,13997555000000,123000,0.120374,8.30744,1.99203,2.01603e+08,4.016e+08,1000000000,0.502,502,0.8
34,0,13997556000000,127000,0.117606,8.50295,30.7692,4.225e+06,1.3e+08,4000000000,0.0325,32.5,1
34,1,13997557000000,129000,0.116504,8.58341,21.5054,3.89205e+06,8.37e+07,2000000000,0.0465,46.5,0.9
34,2,13997558000000,130000,0.120669,8.28712,1.51976,3.46371e+08,5.264e+08,1000000000,0.658,658,0.8
34,0,13997559000000,134000,0.118104,8.46708,28.777,4.83025e+06,1.39e+08,4000000000,0.03475,34.75,1
34,2,13997560000000,135000,0.119304,8.38197,3.57143,6.272e+07,2.24e+08,1000000000,0.28,280,0.8
34,0,13997561000000,139000,0.118446,8.44266,11.1732,3.2041e+07,3.58e+08,4000000000,0.0895,89.5,1
34,1,13997562000000,141000,0.117787,8.48988,13.8889,9.3312e+06,1.296e+08,2000000000,0.072,72,0.9
34,2,13997563000000,142000,0.121331,8.24192,1.61031,3.08513e+08,4.968e+08,1000000000,0.621,621,0.8
34,0,13997564000000,146000,0.120247,8.31625,12.2324,2.67322e+07,3.27e+08,4000000000,0.08175,81.75,1
34,2,13997565000000,147000,0.119966,8.3357,12.6582,4.9928e+06,6.32e+07,1000000000,0.079,79,0.8
34,1,13997566000000,149000,0.121557,8.22659,4.19287,1.02388e+08,4.293e+08,2000000000,0.2385,238.5,0.9
34,0,13997567000000,153000,0.118778,8.41908,65.5738,930250,6.1e+07,4000000000,0.01525,15.25,1
34,2,13997568000000,154000,0.121325,8.24235,1.95695,2.08897e+08,4.088e+08,1000000000,0.511,511,0.8
34,0,13997569000000,158000,0.118709,8.42397,55.5556,1.296e+06,7.2e+07,4000000000,0.018,18,1
34,2,13997570000000,159000,0.118723,8.42295,8.26446,1.17128e+07,9.68e+07,1000000000,0.121,121,0.8
34,1,13997571000000,161000,0.119602,8.36103,5.27704,6.46384e+07,3.411e+08,2000000000,0.1895,189.5,0.9
34,0,13997572000000,165000,0.117333,8.52273,38.4615,2.704e+06,1.04e+08,4000000000,0.026,26,1
34,2,13997573000000,166000,0.11947,8.37031,2.11864,1.78227e+08,3.776e+08,1000000000,0.472,472,0.8
34,0,13997574000000,170000,0.117106,8.53928,52.6316,1.444e+06,7.6e+07,4000000000,0.019,19,1
34,2,13997575000000,171000,0.117807,8.48846,4.21941,4.49352e+07,1.896e+08,1000000000,0.237,237,0.8
34,1,13997576000000,173000,0.117988,8.47541,7.49064,3.208e+07,2.403e+08,2000000000,0.1335,133.5,0.9
34,0,13997577000000,177000,0.115887,8.6291,40,2.5e+06,1e+08,4000000000,0.025,25,1
34,2,13997578000000,178000,0.117888,8.48265,2.11864,1.78227e+08,3.776e+08,1000000000,0.472,472,0.8
34,0,13997579000000,182000,0.115714,8.64198,52.6316,1.444e+06,7.6e+07,4000000000,0.019,19,1
34,2,13997580000000,183000,0.116645,8.57303,3.4965,6.54368e+07,2.288e+08,1000000000,0.286,286,0.8
34,1,13997581000000,185000,0.116562,8.57911,9.17431,2.13858e+07,1.962e+08,2000000000,0.109,109,0.9
34,0,13997582000000,189000,0.11455,8.72979,46.5116,1.849e+06,8.6e+07,4000000000,0.0215,21.5,1
34,2,13997583000000,190000,0.116505,8.5833,2.05761,1.88957e+08,3.888e+08,1000000000,0.486,486,0.8
34,0,13997584000000,194000,0.114495,8.73402,52.6316,1.444e+06,7.6e+07,4000000000,0.019,19,1
34,2,13997585000000,195000,0.115518,8.65666,3.18471,7.88768e+07,2.512e+08,1000000000,0.314,314,0.8
34,1,13997586000000,197000,0.11533,8.67077,10.3093,1.69362e+07,1.746e+08,2000000000,0.097,97,0.9
34,0,13997587000000,201000,0.113473,8.8127,45.4545,1.936e+06,8.8e+07,4000000000,0.022,22,1
34,2,13997588000000,202000,0.115287,8.674,2.08333,1.8432e+08,3.84e+08,1000000000,0.48,480,0.8
34,0,13997589000000,206000,0.113417,8.81698,52.6316,1.444e+06,7.6e+07,4000000000,0.019,19,1
34,2,13997590000000,207000,0.11444,8.73823,3.07692,8.45e+07,2.6e+08,1000000000,0.325,325,0.8
34,1,13997591000000,209000,0.11422,8.75503,10.929,1.507e+07,1.647e+08,2000000000,0.0915,91.5,0.9
34,0,13997592000000,213000,0.11246,8.89204,48.7805,1.681e+06,8.2e+07,4000000000,0.0205,20.5,1
34,2,13997593000000,214000,0.114224,8.7547,2.04082,1.9208e+08,3.92e+08,1000000000,0.49,490,0.8
34,0,13997594000000,218000,0.112459,8.89215,55.5556,1.296e+06,7.2e+07,4000000000,0.018,18,1
34,2,13997595000000,219000,0.113457,8.81394,3.02115,8.76488e+07,2.648e+08,1000000000,0.331,331,0.8
34,1,13997596000000,221000,0.113213,8.83293,11.5607,1.3468e+07,1.557e+08,2000000000,0.0865,86.5,0.9
34,0,13997597000000,225000,0.111582,8.962,46.5116,1.849e+06,8.6e+07,4000000000,0.0215,21.5,1
34,2,13997598000000,226000,0.113257,8.8295,2.04082,1.9208e+08,3.92e+08,1000000000,0.49,490,0.8
34,0,13997599000000,230000,0.1116,8.96057,55.5556,1.296e+06,7.2e+07,4000000000,0.018,18,1
34,2,13997600000000,231000,0.112571,8.88325,2.97619,9.03168e+07,2.688e+08,1000000000,0.336,336,0.8
34,1,13997601000000,233000,0.112326,8.90264,11.9048,1.27008e+07,1.512e+08,2000000000,0.084,84,0.9
34,0,13997602000000,237000,0.110764,9.02823,50.6329,1.56025e+06,7.9e+07,4000000000,0.01975,19.75,1
34,2,13997603000000,238000,0.112387,8.89786,2.01207,1.97607e+08,3.976e+08,1000000000,0.497,497,0.8
34,0,13997604000000,242000,0.110826,9.02312,55.5556,1.296e+06,7.2e+07,4000000000,0.018,18,1
34,2,13997605000000,243000,0.111724,8.95061,3.03951,8.65928e+07,2.632e+08,1000000000,0.329,329,0.8
34,1,13997606000000,245000,0.111543,8.96516,11.1732,1.44184e+07,1.611e+08,2000000000,0.0895,89.5,0.9
34,1,13997607000000,247000,0.111093,9.00146,17.8571,5.6448e+06,1.008e+08,2000000000,0.056,56,0.9
34,1,13997608000000,249000,0.112032,8.92601,4.38596,9.35712e+07,4.104e+08,2000000000,0.228,228,0.9
34,1,13997609000000,251000,0.111618,8.95917,16.6667,6.48e+06,1.08e+08,2000000000,0.06,60,0.9
34,1,13997610000000,252428,0.112793,8.86583,3.13158,1.83546e+08,5.7479e+08,2000000000,0.319328,228,0.9
34,1,13997611000000,252428,0.112793,8.86583,0,-nan,-nan,2000000000,-nan,0,0.9
34,1,13997612000000,252428,0.112793,8.86583,0,-nan,-nan,2000000000,-nan,0,0.9
34,1,13997613000000,252428,0.112793,8.86583,0,-nan,-nan,2000000000,-nan,0,0.9
35,2,13997501000000,1000,0.294,3.40136,3.40136,6.91488e+07,2.352e+08,1000000000,0.294,294,0.8
35,0,13997502000000,5000,0.1224,8.16993,12.5786,2.5281e+07,3.18e+08,4000000000,0.0795,79.5,1
35,1,13997503000000,7000,0.109714,9.11458,12.8205,1.09512e+07,1.404e+08,2000000000,0.078,78,0.9
35,2,13997504000000,8000,0.1715,5.8309,1.65563,2.91853e+08,4.832e+08,1000000000,0.604,604,0.8
35,0,13997505000000,12000,0.122,8.19672,43.4783,2.116e+06,9.2e+07,4000000000,0.023,23,1
35,2,13997506000000,13000,0.129,7.75194,4.69484,3.62952e+07,1.704e+08,1000000000,0.213,213,0.8
35,1,13997507000000,15000,0.143733,6.95733,4.17537,1.03248e+08,4.311e+08,2000000000,0.2395,239.5,0.9
35,0,13997508000000,19000,0.116632,8.57401,66.6667,900000,6e+07,4000000000,0.015,15,1
35,2,13997509000000,20000,0.1114,8.97666,83.3333,115200,9.6e+06,1000000000,0.012,12,0.8
35,2,13997510000000,21000,0.11181,8.94378,8.33333,1.152e+07,9.6e+07,1000000000,0.12,120,0.8
35,1,13997511000000,23000,0.102609,9.74576,166.667,64800,1.08e+07,2000000000,0.006,6,0.9
35,2,13997512000000,24000,0.103333,9.67742,8.33333,1.152e+07,9.6e+07,1000000000,0.12,120,0.8
35,1,13997513000000,26000,0.0958462,10.4334,166.667,64800,1.08e+07,2000000000,0.006,6,0.9
35,2,13997514000000,27000,0.0967407,10.3369,8.33333,1.152e+07,9.6e+07,1000000000,0.12,120,0.8
35,1,13997515000000,29000,0.0904828,11.0518,166.667,64800,1.08e+07,2000000000,0.006,6,0.9
35,1,13997516000000,31000,0.09,11.1111,12.0482,1.24002e+07,1.494e+08,2000000000,0.083,83,0.9
35,2,13997517000000,32000,0.0955,10.4712,3.7594,5.66048e+07,2.128e+08,1000000000,0.266,266,0.8
35,1,13997518000000,34000,0.0999706,10.0029,5.8309,5.29421e+07,3.087e+08,2000000000,0.1715,171.5,0.9
35,0,13997519000000,38000,0.0925526,10.8047,33.8983,3.481e+06,1.18e+08,4000000000,0.0295,29.5,1
35,2,13997520000000,39000,0.106641,9.37725,1.55763,3.29731e+08,5.136e+08,1000000000,0.642,642,0.8
35,0,13997521000000,43000,0.099907,10.0093,29.1971,4.69225e+06,1.37e+08,4000000000,0.03425,34.25,1
35,2,13997522000000,44000,0.100705,9.93004,7.40741,1.458e+07,1.08e+08,1000000000,0.135,135,0.8
35,1,13997523000000,46000,0.107457,9.30609,3.90625,1.17965e+08,4.608e+08,2000000000,0.256,256,0.9
35,0,13997524000000,50000,0.10176,9.82704,27.5862,5.25625e+06,1.45e+08,4000000000,0.03625,36.25,1
35,2,13997525000000,51000,0.11102,9.00742,1.74216,2.63581e+08,4.592e+08,1000000000,0.574,574,0.8
35,0,13997526000000,55000,0.106218,9.41458,22.2222,8.1e+06,1.8e+08,4000000000,0.045,45,1
35,2,13997527000000,56000,0.105875,9.4451,11.4943,6.0552e+06,6.96e+07,1000000000,0.087,87,0.8
35,1,13997528000000,58000,0.111707,8.952,3.63636,1.36125e+08,4.95e+08,2000000000,0.275,275,0.9
35,0,13997529000000,62000,0.106645,9.37689,30.0752,4.42225e+06,1.33e+08,4000000000,0.03325,33.25,1
35,2,13997530000000,63000,0.113746,8.79152,1.80505,2.45533e+08,4.432e+08,1000000000,0.554,554,0.8
35,0,13997531000000,67000,0.110075,9.08475,19.1388,1.09202e+07,2.09e+08,4000000000,0.05225,52.25,1
35,2,13997532000000,68000,0.109103,9.16566,22.7273,1.5488e+06,3.52e+07,1000000000,0.044,44,0.8
35,1,13997533000000,70000,0.114286,8.75,3.44234,1.51902e+08,5.229e+08,2000000000,0.2905,290.5,0.9
35,0,13997534000000,74000,0.11027,9.06863,25,6.4e+06,1.6e+08,4000000000,0.04,40,1
35,2,13997535000000,75000,0.116053,8.61673,1.83824,2.36749e+08,4.352e+08,1000000000,0.544,544,0.8
35,0,13997536000000,79000,0.112405,8.8964,22.7273,7.744e+06,1.76e+08,4000000000,0.044,44,1
35,2,13997537000000,80000,0.111725,8.95055,17.2414,2.6912e+06,4.64e+07,1000000000,0.058,58,0.8
35,1,13997538000000,82000,0.116341,8.59539,3.32226,1.63082e+08,5.418e+08,2000000000,0.301,301,0.9
35,0,13997539000000,86000,0.112465,8.89165,30.303,4.356e+06,1.32e+08,4000000000,0.033,33,1
35,2,13997540000000,87000,0.117184,8.53359,1.91205,2.18823e+08,4.184e+08,1000000000,0.523,523,0.8
35,0,13997541000000,91000,0.113846,8.78378,24.2424,6.80625e+06,1.65e+08,4000000000,0.04125,41.25,1
35,2,13997542000000,92000,0.113435,8.81564,13.1579,4.6208e+06,6.08e+07,1000000000,0.076,76,0.8
35,1,13997543000000,94000,0.117957,8.47763,3.06748,1.91297e+08,5.868e+08,2000000000,0.326,326,0.9
35,0,13997544000000,98000,0.114459,8.73674,31.0078,4.16025e+06,1.29e+08,4000000000,0.03225,32.25,1
35,2,13997545000000,99000,0.118566,8.43415,1.91939,2.17153e+08,4.168e+08,1000000000,0.521,521,0.8
35,0,13997546000000,103000,0.115369,8.66784,27.5862,5.25625e+06,1.45e+08,4000000000,0.03625,36.25,1
35,2,13997547000000,104000,0.114923,8.70147,14.4928,3.8088e+06,5.52e+07,1000000000,0.069,69,0.8
35,1,13997548000000,106000,0.119009,8.4027,3.01659,1.97806e+08,5.967e+08,2000000000,0.3315,331.5,0.9
35,0,13997549000000,110000,0.115945,8.62475,28.777,4.83025e+06,1.39e+08,4000000000,0.03475,34.75,1
35,2,13997550000000,111000,0.119577,8.36284,1.92678,2.15489e+08,4.152e+08,1000000000,0.519,519,0.8
35,0,13997551000000,115000,0.116948,8.55082,22.7273,7.744e+06,1.76e+08,4000000000,0.044,44,1
35,2,13997552000000,116000,0.116526,8.58179,14.7059,3.6992e+06,5.44e+07,1000000000,0.068,68,0.8
35,1,13997553000000,118000,0.119992,8.33392,3.11526,1.85474e+08,5.778e+08,2000000000,0.321,321,0.9
35,0,13997554000000,122000,0.117148,8.53624,30.0752,4.42225e+06,1.33e+08,4000000000,0.03325,33.25,1
35,2,13997555000000,123000,0.120472,8.30072,1.90114,2.21341e+08,4.208e+08,1000000000,0.526,526,0.8
35,0,13997556000000,127000,0.118189,8.46103,20.8333,9.216e+06,1.92e+08,4000000000,0.048,48,1
35,1,13997557000000,129000,0.116868,8.55665,30.303,1.9602e+06,5.94e+07,2000000000,0.033,33,0.9
35,2,13997558000000,130000,0.120669,8.28712,1.63666,2.98657e+08,4.888e+08,1000000000,0.611,611,0.8
35,0,13997559000000,134000,0.118104,8.46708,28.777,4.83025e+06,1.39e+08,4000000000,0.03475,34.75,1
35,2,13997560000000,135000,0.119681,8.35551,3.02115,8.76488e+07,2.648e+08,1000000000,0.331,331,0.8
35,0,13997561000000,139000,0.118446,8.44266,13.0293,2.35622e+07,3.07e+08,4000000000,0.07675,76.75,1
35,1,13997562000000,141000,0.117645,8.50012,16.129,6.9192e+06,1.116e+08,2000000000,0.062,62,0.9
35,2,13997563000000,142000,0.121415,8.23618,1.53139,3.41127e+08,5.224e+08,1000000000,0.653,653,0.8
35,0,13997564000000,146000,0.120822,8.27664,10.0251,3.98002e+07,3.99e+08,4000000000,0.09975,99.75,1
35,2,13997565000000,147000,0.12,8.33333,0,0,0,1000000000,0,0,0.8
35,1,13997566000000,149000,0.119101,8.39626,18.8679,5.0562e+06,9.54e+07,2000000000,0.053,53,0.9
35,0,13997567000000,153000,0.120105,8.32608,6.34921,9.9225e+07,6.3e+08,4000000000,0.1575,157.5,1
35,2,13997568000000,154000,0.119916,8.3392,10.989,6.6248e+06,7.28e+07,1000000000,0.091,91,0.8
35,0,13997569000000,158000,0.121139,8.25496,5.94354,1.13232e+08,6.73e+08,4000000000,0.16825,168.25,1
35,2,13997570000000,159000,0.120465,8.30114,71.4286,156800,1.12e+07,1000000000,0.014,14,0.8
35,1,13997571000000,161000,0.119665,8.35669,17.8571,5.6448e+06,1.008e+08,2000000000,0.056,56,0.9
35,0,13997572000000,165000,0.120703,8.2848,6.15385,1.05625e+08,6.5e+08,4000000000,0.1625,162.5,1
35,2,13997573000000,166000,0.120566,8.29419,10.2041,7.6832e+06,7.84e+07,1000000000,0.098,98,0.8
35,0,13997574000000,170000,0.1216,8.22368,6.07903,1.08241e+08,6.58e+08,4000000000,0.1645,164.5,1
35,2,13997575000000,171000,0.121035,8.26207,40,500000,2e+07,1000000000,0.025,25,0.8
35,1,13997576000000,173000,0.120416,8.30453,14.8148,8.20125e+06,1.215e+08,2000000000,0.0675,67.5,0.9
35,0,13997577000000,177000,0.121107,8.25714,6.62252,9.1204e+07,6.04e+08,4000000000,0.151,151,1
35,2,13997578000000,178000,0.121067,8.25986,8.77193,1.03968e+07,9.12e+07,1000000000,0.114,114,0.8
35,0,13997579000000,182000,0.122044,8.19377,6.0423,1.09561e+08,6.62e+08,4000000000,0.1655,165.5,1
35,2,13997580000000,183000,0.121514,8.22953,40,500000,2e+07,1000000000,0.025,25,0.8
35,1,13997581000000,185000,0.120843,8.27518,16.8067,6.37245e+06,1.071e+08,2000000000,0.0595,59.5,0.9
35,0,13997582000000,189000,0.121524,8.22884,6.53595,9.3636e+07,6.12e+08,4000000000,0.153,153,1
35,2,13997583000000,190000,0.121505,8.2301,8.47458,1.11392e+07,9.44e+07,1000000000,0.118,118,0.8
35,0,13997584000000,194000,0.122412,8.16911,6.0423,1.09561e+08,6.62e+08,4000000000,0.1655,165.5,1
35,2,13997585000000,195000,0.121938,8.20086,33.3333,720000,2.4e+07,1000000000,0.03,30,0.8
35,1,13997586000000,197000,0.12134,8.2413,15.873,7.1442e+06,1.134e+08,2000000000,0.063,63,0.9
35,0,13997587000000,201000,0.12201,8.19605,6.45161,9.61e+07,6.2e+08,4000000000,0.155,155,1
35,2,13997588000000,202000,0.121891,8.20405,10.2041,7.6832e+06,7.84e+07,1000000000,0.098,98,0.8
35,0,13997589000000,206000,0.122718,8.14873,6.07903,1.08241e+08,6.58e+08,4000000000,0.1645,164.5,1
35,2,13997590000000,207000,0.122237,8.18085,43.4783,423200,1.84e+07,1000000000,0.023,23,0.8
35,1,13997591000000,209000,0.121722,8.21541,14.5985,8.44605e+06,1.233e+08,2000000000,0.0685,68.5,0.9
35,0,13997592000000,213000,0.122272,8.17847,6.62252,9.1204e+07,6.04e+08,4000000000,0.151,151,1
35,2,13997593000000,214000,0.122234,8.18105,8.77193,1.03968e+07,9.12e+07,1000000000,0.114,114,0.8
35,0,13997594000000,218000,0.123028,8.12826,6.0423,1.09561e+08,6.62e+08,4000000000,0.1655,165.5,1
35,2,13997595000000,219000,0.122584,8.15764,38.4615,540800,2.08e+07,1000000000,0.026,26,0.8
35,1,13997596000000,221000,0.122009,8.19611,16.9492,6.2658e+06,1.062e+08,2000000000,0.059,59,0.9
35,0,13997597000000,225000,0.12256,8.15927,6.53595,9.3636e+07,6.12e+08,4000000000,0.153,153,1
35,2,13997598000000,226000,0.12254,8.16061,8.47458,1.11392e+07,9.44e+07,1000000000,0.118,118,0.8
35,0,13997599000000,230000,0.12327,8.1123,6.07903,1.08241e+08,6.58e+08,4000000000,0.1645,164.5,1
35,2,13997600000000,231000,0.122779,8.1447,100,80000,8e+06,1000000000,0.01,10,0.8
35,1,13997601000000,233000,0.122369,8.172,13.3333,1.0125e+07,1.35e+08,2000000000,0.075,75,0.9
35,0,13997602000000,237000,0.122903,8.1365,6.49351,9.4864e+07,6.16e+08,4000000000,0.154,154,1
35,2,13997603000000,238000,0.123025,8.12842,6.57895,1.84832e+07,1.216e+08,1000000000,0.152,152,0.8
35,0,13997604000000,242000,0.123471,8.09906,6.66667,9e+07,6e+08,4000000000,0.15,150,1
35,2,13997605000000,243000,0.123041,8.12736,52.6316,288800,1.52e+07,1000000000,0.019,19,0.8
35,1,13997606000000,245000,0.122465,8.16558,19.0476,4.96125e+06,9.45e+07,2000000000,0.0525,52.5,0.9
35,1,13997607000000,247000,0.121818,8.20898,23.5294,3.25125e+06,7.65e+07,2000000000,0.0425,42.5,0.9
35,1,13997608000000,249000,0.1231,8.12345,3.5524,1.42636e+08,5.067e+08,2000000000,0.2815,281.5,0.9
35,1,13997609000000,251000,0.122625,8.15491,15.748,7.25805e+06,1.143e+08,2000000000,0.0635,63.5,0.9
35,1,13997610000000,253000,0.12419,8.0522,3.12012,1.84896e+08,5.769e+08,2000000000,0.3205,320.5,0.9
35,1,13997611000000,255000,0.123859,8.07371,12.1951,1.21032e+07,1.476e+08,2000000000,0.082,82,0.9
35,1,13997612000000,257000,0.124261,8.0476,5.69801,5.54404e+07,3.159e+08,2000000000,0.1755,175.5,0.9
35,1,13997613000000,257551,0.125039,7.99748,2.04833,4.29016e+08,8.78766e+08,2000000000,0.488203,134.5,0.9
36,2,13997501000000,1000,0.345,2.89855,2.89855,9.522e+07,2.76e+08,1000000000,0.345,345,0.8
36,0,13997502000000,5000,0.1208,8.27815,15.444,1.67702e+07,2.59e+08,4000000000,0.06475,64.75,1
36,1,13997503000000,7000,0.109714,9.11458,12.1951,1.21032e+07,1.476e+08,2000000000,0.082,82,0.9
36,2,13997504000000,8000,0.1715,5.8309,1.65563,2.91853e+08,4.832e+08,1000000000,0.604,604,0.8
36,0,13997505000000,12000,0.122,8.19672,43.4783,2.116e+06,9.2e+07,4000000000,0.023,23,1
36,2,13997506000000,13000,0.130077,7.68776,4.40529,4.12232e+07,1.816e+08,1000000000,0.227,227,0.8
36,1,13997507000000,15000,0.142667,7.00935,4.45434,9.07204e+07,4.041e+08,2000000000,0.2245,224.5,0.9
36,0,13997508000000,19000,0.117263,8.52783,45.4545,1.936e+06,8.8e+07,4000000000,0.022,22,1
36,2,13997509000000,20000,0.1174,8.51789,8.33333,1.152e+07,9.6e+07,1000000000,0.12,120,0.8
36,2,13997510000000,21000,0.112381,8.89831,83.3333,115200,9.6e+06,1000000000,0.012,12,0.8
36,1,13997511000000,23000,0.107826,9.27419,16.6667,6.48e+06,1.08e+08,2000000000,0.06,60,0.9
36,2,13997512000000,24000,0.103833,9.63082,83.3333,115200,9.6e+06,1000000000,0.012,12,0.8
36,1,13997513000000,26000,0.100462,9.95406,16.6667,6.48e+06,1.08e+08,2000000000,0.06,60,0.9
36,2,13997514000000,27000,0.0967407,10.3369,0,0,0,1000000000,0,0,0.8
36,1,13997515000000,29000,0.0962069,10.3943,11.236,1.42578e+07,1.602e+08,2000000000,0.089,89,0.9
36,1,13997516000000,31000,0.09,11.1111,0,0,0,2000000000,0,0,0.9
36,2,13997517000000,32000,0.0953125,10.4918,3.84615,5.408e+07,2.08e+08,1000000000,0.26,260,0.8
36,1,13997518000000,34000,0.0999706,10.0029,5.73066,5.48104e+07,3.141e+08,2000000000,0.1745,174.5,0.9
36,0,13997519000000,38000,0.0928421,10.771,31.0078,4.16025e+06,1.29e+08,4000000000,0.03225,32.25,1
36,2,13997520000000,39000,0.106615,9.37951,1.5873,3.1752e+08,5.04e+08,1000000000,0.63,630,0.8
36,0,13997521000000,43000,0.099907,10.0093,28.9855,4.761e+06,1.38e+08,4000000000,0.0345,34.5,1
36,2,13997522000000,44000,0.100614,9.93901,7.63359,1.37288e+07,1.048e+08,1000000000,0.131,131,0.8
36,1,13997523000000,46000,0.107283,9.32118,3.93701,1.16129e+08,4.572e+08,2000000000,0.254,254,0.9
36,0,13997524000000,50000,0.10128,9.87362,31.0078,4.16025e+06,1.29e+08,4000000000,0.03225,32.25,1
36,2,13997525000000,51000,0.110843,9.02176,1.69779,2.77537e+08,4.712e+08,1000000000,0.589,589,0.8
36,0,13997526000000,55000,0.106036,9.43073,22.3464,8.01025e+06,1.79e+08,4000000000,0.04475,44.75,1
36,2,13997527000000,56000,0.104786,9.54329,27.7778,1.0368e+06,2.88e+07,1000000000,0.036,36,0.8
36,1,13997528000000,58000,0.111707,8.952,3.27332,1.67994e+08,5.499e+08,2000000000,0.3055,305.5,0.9
36,0,13997529000000,62000,0.106452,9.39394,33.0579,3.66025e+06,1.21e+08,4000000000,0.03025,30.25,1
36,2,13997530000000,63000,0.113508,8.80996,1.81488,2.42881e+08,4.408e+08,1000000000,0.551,551,0.8
36,0,13997531000000,67000,0.11,9.09091,18.2648,1.19902e+07,2.19e+08,4000000000,0.05475,54.75,1
36,2,13997532000000,68000,0.108853,9.18671,31.25,819200,2.56e+07,1000000000,0.032,32,0.8
36,1,13997533000000,70000,0.114443,8.73799,3.28407,1.66896e+08,5.481e+08,2000000000,0.3045,304.5,0.9
36,0,13997534000000,74000,0.109946,9.09538,32,3.90625e+06,1.25e+08,4000000000,0.03125,31.25,1
36,2,13997535000000,75000,0.11584,8.6326,1.81159,2.43763e+08,4.416e+08,1000000000,0.552,552,0.8
36,0,13997536000000,79000,0.112101,8.92051,23.8095,7.056e+06,1.68e+08,4000000000,0.042,42,1
36,2,13997537000000,80000,0.1115,8.96861,15.625,3.2768e+06,5.12e+07,1000000000,0.064,64,0.8
36,1,13997538000000,82000,0.116439,8.58819,3.18471,1.77473e+08,5.652e+08,2000000000,0.314,314,0.9
36,0,13997539000000,86000,0.112558,8.8843,30.303,4.356e+06,1.32e+08,4000000000,0.033,33,1
36,2,13997540000000,87000,0.117126,8.53778,1.96078,2.0808e+08,4.08e+08,1000000000,0.51,510,0.8
36,0,13997541000000,91000,0.113758,8.79057,24.6914,6.561e+06,1.62e+08,4000000000,0.0405,40.5,1
36,2,13997542000000,92000,0.113435,8.81564,11.9048,5.6448e+06,6.72e+07,1000000000,0.084,84,0.8
36,1,13997543000000,94000,0.117745,8.49295,3.16456,1.79741e+08,5.688e+08,2000000000,0.316,316,0.9
36,0,13997544000000,98000,0.114459,8.73674,26.8456,5.55025e+06,1.49e+08,4000000000,0.03725,37.25,1
36,2,13997545000000,99000,0.118697,8.42481,1.87266,2.28125e+08,4.272e+08,1000000000,0.534,534,0.8
36,0,13997546000000,103000,0.115485,8.6591,27.7778,5.184e+06,1.44e+08,4000000000,0.036,36,1
36,2,13997547000000,104000,0.115115,8.68694,12.987,4.7432e+06,6.16e+07,1000000000,0.077,77,0.8
36,1,13997548000000,106000,0.119019,8.40203,3.10559,1.86631e+08,5.796e+08,2000000000,0.322,322,0.9
36,0,13997549000000,110000,0.115964,8.62339,28.5714,4.9e+06,1.4e+08,4000000000,0.035,35,1
36,2,13997550000000,111000,0.119694,8.35466,1.88679,2.2472e+08,4.24e+08,1000000000,0.53,530,0.8
36,0,13997551000000,115000,0.117313,8.5242,19.5122,1.05062e+07,2.05e+08,4000000000,0.05125,51.25,1
36,2,13997552000000,116000,0.116664,8.57164,23.8095,1.4112e+06,3.36e+07,1000000000,0.042,42,0.8
36,1,13997553000000,118000,0.120153,8.32275,3.10078,1.87211e+08,5.805e+08,2000000000,0.3225,322.5,0.9
36,0,13997554000000,122000,0.117148,8.53624,35.0877,3.249e+06,1.14e+08,4000000000,0.0285,28.5,1
36,2,13997555000000,123000,0.12048,8.30016,1.89753,2.22183e+08,4.216e+08,1000000000,0.527,527,0.8
36,0,13997556000000,127000,0.118016,8.47345,23.6686,7.14025e+06,1.69e+08,4000000000,0.04225,42.25,1
36,1,13997557000000,129000,0.116837,8.55892,23.8095,3.1752e+06,7.56e+07,2000000000,0.042,42,0.9
36,2,13997558000000,130000,0.120669,8.28712,1.62602,3.0258e+08,4.92e+08,1000000000,0.615,615,0.8
36,0,13997559000000,134000,0.118104,8.46708,28.777,4.83025e+06,1.39e+08,4000000000,0.03475,34.75,1
36,2,13997560000000,135000,0.119593,8.36172,3.1348,8.14088e+07,2.552e+08,1000000000,0.319,319,0.8
36,0,13997561000000,139000,0.11836,8.44882,13.0293,2.35622e+07,3.07e+08,4000000000,0.07675,76.75,1
36,1,13997562000000,141000,0.117702,8.49602,13.8889,9.3312e+06,1.296e+08,2000000000,0.072,72,0.9
36,2,13997563000000,142000,0.121423,8.2357,1.54799,3.33853e+08,5.168e+08,1000000000,0.646,646,0.8
36,0,13997564000000,146000,0.120822,8.27664,10.0503,3.9601e+07,3.98e+08,4000000000,0.0995,99.5,1
36,2,13997565000000,147000,0.120537,8.29618,12.6582,4.9928e+06,6.32e+07,1000000000,0.079,79,0.8
36,1,13997566000000,149000,0.123329,8.1084,3.04414,1.94242e+08,5.913e+08,2000000000,0.3285,328.5,0.9
36,0,13997567000000,153000,0.120941,8.26848,31.25,4.096e+06,1.28e+08,4000000000,0.032,32,1
36,2,13997568000000,154000,0.123208,8.11637,2.12766,1.7672e+08,3.76e+08,1000000000,0.47,470,0.8
36,0,13997569000000,158000,0.121165,8.25324,23.5294,7.225e+06,1.7e+08,4000000000,0.0425,42.5,1
36,2,13997570000000,159000,0.121044,8.26146,9.80392,8.3232e+06,8.16e+07,1000000000,0.102,102,0.8
36,1,13997571000000,161000,0.123578,8.09208,3.07692,1.90125e+08,5.85e+08,2000000000,0.325,325,0.9
36,0,13997572000000,165000,0.121515,8.22943,25.974,5.929e+06,1.54e+08,4000000000,0.0385,38.5,1
36,2,13997573000000,166000,0.123831,8.0755,1.97628,2.04829e+08,4.048e+08,1000000000,0.506,506,0.8
36,0,13997574000000,170000,0.121753,8.21335,28.169,5.041e+06,1.42e+08,4000000000,0.0355,35.5,1
36,2,13997575000000,171000,0.121626,8.22194,10,8e+06,8e+07,1000000000,0.1,100,0.8
36,1,13997576000000,173000,0.124,8.06452,3.0581,1.92472e+08,5.886e+08,2000000000,0.327,327,0.9
36,0,13997577000000,177000,0.122034,8.19444,27.027,5.476e+06,1.48e+08,4000000000,0.037,37,1
36,2,13997578000000,178000,0.12409,8.05867,2.04918,1.90515e+08,3.904e+08,1000000000,0.488,488,0.8
36,0,13997579000000,182000,0.122148,8.18677,27.972,5.11225e+06,1.43e+08,4000000000,0.03575,35.75,1
36,2,13997580000000,183000,0.122,8.19672,10.5263,7.22e+06,7.6e+07,1000000000,0.095,95,0.8
36,1,13997581000000,185000,0.124173,8.05328,3.09598,1.87792e+08,5.814e+08,2000000000,0.323,323,0.9
36,0,13997582000000,189000,0.122413,8.16909,24.3902,6.724e+06,1.64e+08,4000000000,0.041,41,1
36,2,13997583000000,190000,0.124432,8.03655,1.97628,2.04829e+08,4.048e+08,1000000000,0.506,506,0.8
36,0,13997584000000,194000,0.122619,8.15537,27.3973,5.329e+06,1.46e+08,4000000000,0.0365,36.5,1
36,2,13997585000000,195000,0.122451,8.16651,11.1111,6.48e+06,7.2e+07,1000000000,0.09,90,0.8
36,1,13997586000000,197000,0.124426,8.03688,3.15457,1.8088e+08,5.706e+08,2000000000,0.317,317,0.9
36,0,13997587000000,201000,0.122627,8.15482,29.4118,4.624e+06,1.36e+08,4000000000,0.034,34,1
36,2,13997588000000,202000,0.124629,8.02383,1.89753,2.22183e+08,4.216e+08,1000000000,0.527,527,0.8
36,0,13997589000000,206000,0.12282,8.14197,31.746,3.969e+06,1.26e+08,4000000000,0.0315,31.5,1
36,2,13997590000000,207000,0.122696,8.15025,10.3093,7.5272e+06,7.76e+07,1000000000,0.097,97,0.8
36,1,13997591000000,209000,0.12467,8.02119,3.03951,1.94834e+08,5.922e+08,2000000000,0.329,329,0.9
36,0,13997592000000,213000,0.122986,8.13101,28.5714,4.9e+06,1.4e+08,4000000000,0.035,35,1
36,2,13997593000000,214000,0.124785,8.01378,1.9685,2.06451e+08,4.064e+08,1000000000,0.508,508,0.8
36,0,13997594000000,218000,0.123161,8.11948,27.5862,5.25625e+06,1.45e+08,4000000000,0.03625,36.25,1
36,2,13997595000000,219000,0.123014,8.12918,10.989,6.6248e+06,7.28e+07,1000000000,0.091,91,0.8
36,1,13997596000000,221000,0.124796,8.01305,3.125,1.8432e+08,5.76e+08,2000000000,0.32,320,0.9
36,0,13997597000000,225000,0.1232,8.11688,28.5714,4.9e+06,1.4e+08,4000000000,0.035,35,1
36,2,13997598000000,226000,0.124841,8.01021,2.02429,1.95229e+08,3.952e+08,1000000000,0.494,494,0.8
36,0,13997599000000,230000,0.123235,8.11459,30.7692,4.225e+06,1.3e+08,4000000000,0.0325,32.5,1
36,2,13997600000000,231000,0.123212,8.11608,8.47458,1.11392e+07,9.44e+07,1000000000,0.118,118,0.8
36,1,13997601000000,233000,0.125013,7.99918,3.003,1.996e+08,5.994e+08,2000000000,0.333,333,0.9
36,0,13997602000000,237000,0.123544,8.09426,26.3158,5.776e+06,1.52e+08,4000000000,0.038,38,1
36,2,13997603000000,238000,0.125021,7.99866,2.10526,1.805e+08,3.8e+08,1000000000,0.475,475,0.8
36,0,13997604000000,242000,0.123488,8.09798,31.0078,4.16025e+06,1.29e+08,4000000000,0.03225,32.25,1
36,2,13997605000000,243000,0.123449,8.10054,8.77193,1.03968e+07,9.12e+07,1000000000,0.114,114,0.8
36,1,13997606000000,245000,0.125159,7.98983,3.003,1.996e+08,5.994e+08,2000000000,0.333,333,0.9
36,1,13997607000000,247000,0.124761,8.01532,13.1579,1.03968e+07,1.368e+08,2000000000,0.076,76,0.9
36,1,13997608000000,249000,0.126233,7.92186,3.24675,1.70755e+08,5.544e+08,2000000000,0.308,308,0.9
36,1,13997609000000,251000,0.125833,7.94706,13.1579,1.03968e+07,1.368e+08,2000000000,0.076,76,0.9
36,1,13997610000000,253000,0.126103,7.93004,6.25,4.608e+07,2.88e+08,2000000000,0.16,160,0.9
36,1,13997611000000,253565,0.127005,7.87371,1.88333,5.07479e+08,9.55752e+08,2000000000,0.530973,150,0.9
36,1,13997612000000,253565,0.127005,7.87371,0,-nan,-nan,2000000000,-nan,0,0.9
36,1,13997613000000,253565,0.127005,7.87371,0,-nan,-nan,2000000000,-nan,0,0.9
37,2,13997501000000,1000,0.345,2.89855,2.89855,9.522e+07,2.76e+08,1000000000,0.345,345,0.8
37,0,13997502000000,5000,0.1208,8.27815,15.444,1.67702e+07,2.59e+08,4000000000,0.06475,64.75,1
37,1,13997503000000,7000,0.109714,9.11458,12.1951,1.21032e+07,1.476e+08,2000000000,0.082,82,0.9
37,2,13997504000000,8000,0.1715,5.8309,1.65563,2.91853e+08,4.832e+08,1000000000,0.604,604,0.8
37,0,13997505000000,12000,0.122,8.19672,43.4783,2.116e+06,9.2e+07,4000000000,0.023,23,1
37,2,13997506000000,13000,0.130077,7.68776,4.40529,4.12232e+07,1.816e+08,1000000000,0.227,227,0.8
37,1,13997507000000,15000,0.142667,7.00935,4.45434,9.07204e+07,4.041e+08,2000000000,0.2245,224.5,0.9
37,0,13997508000000,19000,0.117263,8.52783,45.4545,1.936e+06,8.8e+07,4000000000,0.022,22,1
37,2,13997509000000,20000,0.1174,8.51789,8.33333,1.152e+07,9.6e+07,1000000000,0.12,120,0.8
37,2,13997510000000,21000,0.112381,8.89831,83.3333,115200,9.6e+06,1000000000,0.012,12,0.8
37,1,13997511000000,23000,0.107826,9.27419,16.6667,6.48e+06,1.08e+08,2000000000,0.06,60,0.9
37,2,13997512000000,24000,0.103833,9.63082,83.3333,115200,9.6e+06,1000000000,0.012,12,0.8
37,1,13997513000000,26000,0.100462,9.95406,16.6667,6.48e+06,1.08e+08,2000000000,0.06,60,0.9
37,2,13997514000000,27000,0.0967407,10.3369,0,0,0,1000000000,0,0,0.8
37,1,13997515000000,29000,0.0962069,10.3943,11.236,1.42578e+07,1.602e+08,2000000000,0.089,89,0.9
37,1,13997516000000,31000,0.09,11.1111,0,0,0,2000000000,0,0,0.9
37,2,13997517000000,32000,0.0953125,10.4918,3.84615,5.408e+07,2.08e+08,1000000000,0.26,260,0.8
37,1,13997518000000,34000,0.0999706,10.0029,5.73066,5.48104e+07,3.141e+08,2000000000,0.1745,174.5,0.9
37,0,13997519000000,38000,0.0928421,10.771,31.0078,4.16025e+06,1.29e+08,4000000000,0.03225,32.25,1
37,2,13997520000000,39000,0.106615,9.37951,1.5873,3.1752e+08,5.04e+08,1000000000,0.63,630,0.8
37,0,13997521000000,43000,0.099907,10.0093,28.9855,4.761e+06,1.38e+08,4000000000,0.0345,34.5,1
37,2,13997522000000,44000,0.100614,9.93901,7.63359,1.37288e+07,1.048e+08,1000000000,0.131,131,0.8
37,1,13997523000000,46000,0.107283,9.32118,3.93701,1.16129e+08,4.572e+08,2000000000,0.254,254,0.9
37,0,13997524000000,50000,0.10128,9.87362,31.0078,4.16025e+06,1.29e+08,4000000000,0.03225,32.25,1
37,2,13997525000000,51000,0.110843,9.02176,1.69779,2.77537e+08,4.712e+08,1000000000,0.589,589,0.8
37,0,13997526000000,55000,0.106036,9.43073,22.3464,8.01025e+06,1.79e+08,4000000000,0.04475,44.75,1
37,2,13997527000000,56000,0.104786,9.54329,27.7778,1.0368e+06,2.88e+07,1000000000,0.036,36,0.8
37,1,13997528000000,58000,0.111707,8.952,3.27332,1.67994e+08,5.499e+08,2000000000,0.3055,305.5,0.9
37,0,13997529000000,62000,0.106452,9.39394,33.0579,3.66025e+06,1.21e+08,4000000000,0.03025,30.25,1
37,2,13997530000000,63000,0.113508,8.80996,1.81488,2.42881e+08,4.408e+08,1000000000,0.551,551,0.8
37,0,13997531000000,67000,0.11,9.09091,18.2648,1.19902e+07,2.19e+08,4000000000,0.05475,54.75,1
37,2,13997532000000,68000,0.108853,9.18671,31.25,819200,2.56e+07,1000000000,0.032,32,0.8
37,1,13997533000000,70000,0.114443,8.73799,3.28407,1.66896e+08,5.481e+08,2000000000,0.3045,304.5,0.9
37,0,13997534000000,74000,0.109946,9.09538,32,3.90625e+06,1.25e+08,4000000000,0.03125,31.25,1
37,2,13997535000000,75000,0.11584,8.6326,1.81159,2.43763e+08,4.416e+08,1000000000,0.552,552,0.8
37,0,13997536000000,79000,0.112101,8.92051,23.8095,7.056e+06,1.68e+08,4000000000,0.042,42,1
37,2,13997537000000,80000,0.1115,8.96861,15.625,3.2768e+06,5.12e+07,1000000000,0.064,64,0.8
37,1,13997538000000,82000,0.116439,8.58819,3.18471,1.77473e+08,5.652e+08,2000000000,0.314,314,0.9
37,0,13997539000000,86000,0.112558,8.8843,30.303,4.356e+06,1.32e+08,4000000000,0.033,33,1
37,2,13997540000000,87000,0.117126,8.53778,1.96078,2.0808e+08,4.08e+08,1000000000,0.51,510,0.8
37,0,13997541000000,91000,0.113758,8.79057,24.6914,6.561e+06,1.62e+08,4000000000,0.0405,40.5,1
37,2,13997542000000,92000,0.113435,8.81564,11.9048,5.6448e+06,6.72e+07,1000000000,0.084,84,0.8
37,1,13997543000000,94000,0.117745,8.49295,3.16456,1.79741e+08,5.688e+08,2000000000,0.316,316,0.9
37,0,13997544000000,98000,0.114459,8.73674,26.8456,5.55025e+06,1.49e+08,4000000000,0.03725,37.25,1
37,2,13997545000000,99000,0.118697,8.42481,1.87266,2.28125e+08,4.272e+08,1000000000,0.534,534,0.8
37,0,13997546000000,103000,0.115485,8.6591,27.7778,5.184e+06,1.44e+08,4000000000,0.036,36,1
37,2,13997547000000,104000,0.115115,8.68694,12.987,4.7432e+06,6.16e+07,1000000000,0.077,77,0.8
37,1,13997548000000,106000,0.119019,8.40203,3.10559,1.86631e+08,5.796e+08,2000000000,0.322,322,0.9
37,0,13997549000000,110000,0.115964,8.62339,28.5714,4.9e+06,1.4e+08,4000000000,0.035,35,1
37,2,13997550000000,111000,0.119694,8.35466,1.88679,2.2472e+08,4.24e+08,1000000000,0.53,530,0.8
37,0,13997551000000,115000,0.117313,8.5242,19.5122,1.05062e+07,2.05e+08,4000000000,0.05125,51.25,1
37,2,13997552000000,116000,0.116664,8.57164,23.8095,1.4112e+06,3.36e+07,1000000000,0.042,42,0.8
37,1,13997553000000,118000,0.120153,8.32275,3.10078,1.87211e+08,5.805e+08,2000000000,0.3225,322.5,0.9
37,0,13997554000000,122000,0.117148,8.53624,35.0877,3.249e+06,1.14e+08,4000000000,0.0285,28.5,1
37,2,13997555000000,123000,0.12048,8.30016,1.89753,2.22183e+08,4.216e+08,1000000000,0.527,527,0.8
37,0,13997556000000,127000,0.118016,8.47345,23.6686,7.14025e+06,1.69e+08,4000000000,0.04225,42.25,1
37,1,13997557000000,129000,0.116837,8.55892,23.8095,3.1752e+06,7.56e+07,2000000000,0.042,42,0.9
37,2,13997558000000,130000,0.120669,8.28712,1.62602,3.0258e+08,4.92e+08,1000000000,0.615,615,0.8
37,0,13997559000000,134000,0.118104,8.46708,28.777,4.83025e+06,1.39e+08,4000000000,0.03475,34.75,1
37,2,13997560000000,135000,0.119593,8.36172,3.1348,8.14088e+07,2.552e+08,1000000000,0.319,319,0.8
37,0,13997561000000,139000,0.11836,8.44882,13.0293,2.35622e+07,3.07e+08,4000000000,0.07675,76.75,1
37,1,13997562000000,141000,0.117702,8.49602,13.8889,9.3312e+06,1.296e+08,2000000000,0.072,72,0.9
37,2,13997563000000,142000,0.121423,8.2357,1.54799,3.33853e+08,5.168e+08,1000000000,0.646,646,0.8
37,0,13997564000000,146000,0.120822,8.27664,10.0503,3.9601e+07,3.98e+08,4000000000,0.0995,99.5,1
37,2,13997565000000,147000,0.120537,8.29618,12.6582,4.9928e+06,6.32e+07,1000000000,0.079,79,0.8
37,1,13997566000000,149000,0.123329,8.1084,3.04414,1.94242e+08,5.913e+08,2000000000,0.3285,328.5,0.9
37,0,13997567000000,153000,0.120941,8.26848,31.25,4.096e+06,1.28e+08,4000000000,0.032,32,1
37,2,13997568000000,154000,0.123208,8.11637,2.12766,1.7672e+08,3.76e+08,1000000000,0.47,470,0.8
37,0,13997569000000,158000,0.121165,8.25324,23.5294,7.225e+06,1.7e+08,4000000000,0.0425,42.5,1
37,2,13997570000000,159000,0.121044,8.26146,9.80392,8.3232e+06,8.16e+07,1000000000,0.102,102,0.8
37,1,13997571000000,161000,0.123578,8.09208,3.07692,1.90125e+08,5.85e+08,2000000000,0.325,325,0.9
37,0,13997572000000,165000,0.121515,8.22943,25.974,5.929e+06,1.54e+08,4000000000,0.0385,38.5,1
37,2,13997573000000,166000,0.123831,8.0755,1.97628,2.04829e+08,4.048e+08,1000000000,0.506,506,0.8
37,0,13997574000000,170000,0.121753,8.21335,28.169,5.041e+06,1.42e+08,4000000000,0.0355,35.5,1
37,2,13997575000000,171000,0.121626,8.22194,10,8e+06,8e+07,1000000000,0.1,100,0.8
37,1,13997576000000,173000,0.124,8.06452,3.0581,1.92472e+08,5.886e+08,2000000000,0.327,327,0.9
37,0,13997577000000,177000,0.122034,8.19444,27.027,5.476e+06,1.48e+08,4000000000,0.037,37,1
37,2,13997578000000,178000,0.12409,8.05867,2.04918,1.90515e+08,3.904e+08,1000000000,0.488,488,0.8
37,0,13997579000000,182000,0.122148,8.18677,27.972,5.11225e+06,1.43e+08,4000000000,0.03575,35.75,1
37,2,13997580000000,183000,0.122,8.19672,10.5263,7.22e+06,7.6e+07,1000000000,0.095,95,0.8
37,1,13997581000000,185000,0.124173,8.05328,3.09598,1.87792e+08,5.814e+08,2000000000,0.323,323,0.9
37,0,13997582000000,189000,0.122413,8.16909,24.3902,6.724e+06,1.64e+08,4000000000,0.041,41,1
37,2,13997583000000,190000,0.124432,8.03655,1.97628,2.04829e+08,4.048e+08,1000000000,0.506,506,0.8
37,0,13997584000000,194000,0.122619,8.15537,27.3973,5.329e+06,1.46e+08,4000000000,0.0365,36.5,1
37,2,13997585000000,195000,0.122451,8.16651,11.1111,6.48e+06,7.2e+07,1000000000,0.09,90,0.8
37,1,13997586000000,197000,0.124426,8.03688,3.15457,1.8088e+08,5.706e+08,2000000000,0.317,317,0.9
37,0,13997587000000,201000,0.122627,8.15482,29.4118,4.624e+06,1.36e+08,4000000000,0.034,34,1
37,2,13997588000000,202000,0.124629,8.02383,1.89753,2.22183e+08,4.216e+08,1000000000,0.527,527,0.8
37,0,13997589000000,206000,0.12282,8.14197,31.746,3.969e+06,1.26e+08,4000000000,0.0315,31.5,1
37,2,13997590000000,207000,0.122696,8.15025,10.3093,7.5272e+06,7.76e+07,1000000000,0.097,97,0.8
37,1,13997591000000,209000,0.12467,8.02119,3.03951,1.94834e+08,5.922e+08,2000000000,0.329,329,0.9
37,0,13997592000000,213000,0.122986,8.13101,28.5714,4.9e+06,1.4e+08,4000000000,0.035,35,1
37,2,13997593000000,214000,0.124785,8.01378,1.9685,2.06451e+08,4.064e+08,1000000000,0.508,508,0.8
37,0,13997594000000,218000,0.123161,8.11948,27.5862,5.25625e+06,1.45e+08,4000000000,0.03625,36.25,1
37,2,13997595000000,219000,0.123014,8.12918,10.989,6.6248e+06,7.28e+07,1000000000,0.091,91,0.8
37,1,13997596000000,221000,0.124796,8.01305,3.125,1.8432e+08,5.76e+08,2000000000,0.32,320,0.9
37,0,13997597000000,225000,0.1232,8.11688,28.5714,4.9e+06,1.4e+08,4000000000,0.035,35,1
37,2,13997598000000,226000,0.124841,8.01021,2.02429,1.95229e+08,3.952e+08,1000000000,0.494,494,0.8
37,0,13997599000000,230000,0.123235,8.11459,30.7692,4.225e+06,1.3e+08,4000000000,0.0325,32.5,1
37,2,13997600000000,231000,0.123212,8.11608,8.47458,1.11392e+07,9.44e+07,1000000000,0.118,118,0.8
37,1,13997601000000,233000,0.125013,7.99918,3.003,1.996e+08,5.994e+08,2000000000,0.333,333,0.9
37,0,13997602000000,237000,0.123544,8.09426,26.3158,5.776e+06,1.52e+08,4000000000,0.038,38,1
37,2,13997603000000,238000,0.125021,7.99866,2.10526,1.805e+08,3.8e+08,1000000000,0.475,475,0.8
37,0,13997604000000,242000,0.123574,8.09229,26.6667,5.625e+06,1.5e+08,4000000000,0.0375,37.5,1
37,2,13997605000000,243000,0.1233,8.11027,17.5439,2.5992e+06,4.56e+07,1000000000,0.057,57,0.8
37,1,13997606000000,245000,0.122649,8.15335,22.9885,3.40605e+06,7.83e+07,2000000000,0.0435,43.5,0.9
37,1,13997607000000,247000,0.124081,8.05925,3.3389,1.6146e+08,5.391e+08,2000000000,0.2995,299.5,0.9
37,1,13997608000000,249000,0.123759,8.08022,11.9048,1.27008e+07,1.512e+08,2000000000,0.084,84,0.9
37,1,13997609000000,251000,0.125227,7.98549,3.24675,1.70755e+08,5.544e+08,2000000000,0.308,308,0.9
37,1,13997610000000,253000,0.124838,8.01039,13.1579,1.03968e+07,1.368e+08,2000000000,0.076,76,0.9
37,1,13997611000000,255000,0.125227,7.98547,5.73066,5.48104e+07,3.141e+08,2000000000,0.1745,174.5,0.9
37,1,13997612000000,255525,0.126031,7.93457,1.93727,4.79615e+08,9.29143e+08,2000000000,0.51619,135.5,0.9
37,1,13997613000000,255525,0.126031,7.93457,0,-nan,-nan,2000000000,-nan,0,0.9
38,2,13997501000000,1000,0.345,2.89855,2.89855,9.522e+07,2.76e+08,1000000000,0.345,345,0.8
38,0,13997502000000,5000,0.1208,8.27815,15.444,1.67702e+07,2.59e+08,4000000000,0.06475,64.75,1
38,1,13997503000000,7000,0.109714,9.11458,12.1951,1.21032e+07,1.476e+08,2000000000,0.082,82,0.9
38,2,13997504000000,8000,0.1715,5.8309,1.65563,2.91853e+08,4.832e+08,1000000000,0.604,604,0.8
38,0,13997505000000,12000,0.122,8.19672,43.4783,2.116e+06,9.2e+07,4000000000,0.023,23,1
38,2,13997506000000,13000,0.130077,7.68776,4.40529,4.12232e+07,1.816e+08,1000000000,0.227,227,0.8
38,1,13997507000000,15000,0.142667,7.00935,4.45434,9.07204e+07,4.041e+08,2000000000,0.2245,224.5,0.9
38,0,13997508000000,19000,0.117263,8.52783,45.4545,1.936e+06,8.8e+07,4000000000,0.022,22,1
38,2,13997509000000,20000,0.1174,8.51789,8.33333,1.152e+07,9.6e+07,1000000000,0.12,120,0.8
38,2,13997510000000,21000,0.112381,8.89831,83.3333,115200,9.6e+06,1000000000,0.012,12,0.8
38,1,13997511000000,23000,0.107826,9.27419,16.6667,6.48e+06,1.08e+08,2000000000,0.06,60,0.9
38,2,13997512000000,24000,0.103833,9.63082,83.3333,115200,9.6e+06,1000000000,0.012,12,0.8
38,1,13997513000000,26000,0.100462,9.95406,16.6667,6.48e+06,1.08e+08,2000000000,0.06,60,0.9
38,2,13997514000000,27000,0.0967407,10.3369,0,0,0,1000000000,0,0,0.8
38,1,13997515000000,29000,0.0962069,10.3943,11.236,1.42578e+07,1.602e+08,2000000000,0.089,89,0.9
38,1,13997516000000,31000,0.09,11.1111,0,0,0,2000000000,0,0,0.9
38,2,13997517000000,32000,0.0953125,10.4918,3.84615,5.408e+07,2.08e+08,1000000000,0.26,260,0.8
38,1,13997518000000,34000,0.0999706,10.0029,5.73066,5.48104e+07,3.141e+08,2000000000,0.1745,174.5,0.9
38,0,13997519000000,38000,0.0928421,10.771,31.0078,4.16025e+06,1.29e+08,4000000000,0.03225,32.25,1
38,2,13997520000000,39000,0.106615,9.37951,1.5873,3.1752e+08,5.04e+08,1000000000,0.63,630,0.8
38,0,13997521000000,43000,0.099907,10.0093,28.9855,4.761e+06,1.38e+08,4000000000,0.0345,34.5,1
38,2,13997522000000,44000,0.100614,9.93901,7.63359,1.37288e+07,1.048e+08,1000000000,0.131,131,0.8
38,1,13997523000000,46000,0.107283,9.32118,3.93701,1.16129e+08,4.572e+08,2000000000,0.254,254,0.9
38,0,13997524000000,50000,0.10128,9.87362,31.0078,4.16025e+06,1.29e+08,4000000000,0.03225,32.25,1
38,2,13997525000000,51000,0.110843,9.02176,1.69779,2.77537e+08,4.712e+08,1000000000,0.589,589,0.8
38,0,13997526000000,55000,0.106036,9.43073,22.3464,8.01025e+06,1.79e+08,4000000000,0.04475,44.75,1
38,2,13997527000000,56000,0.104786,9.54329,27.7778,1.0368e+06,2.88e+07,1000000000,0.036,36,0.8
38,1,13997528000000,58000,0.111707,8.952,3.27332,1.67994e+08,5.499e+08,2000000000,0.3055,305.5,0.9
38,0,13997529000000,62000,0.106452,9.39394,33.0579,3.66025e+06,1.21e+08,4000000000,0.03025,30.25,1
38,2,13997530000000,63000,0.113508,8.80996,1.81488,2.42881e+08,4.408e+08,1000000000,0.551,551,0.8
38,0,13997531000000,67000,0.11,9.09091,18.2648,1.19902e+07,2.19e+08,4000000000,0.05475,54.75,1
38,2,13997532000000,68000,0.108853,9.18671,31.25,819200,2.56e+07,1000000000,0.032,32,0.8
38,1,13997533000000,70000,0.114443,8.73799,3.28407,1.66896e+08,5.481e+08,2000000000,0.3045,304.5,0.9
38,0,13997534000000,74000,0.109946,9.09538,32,3.90625e+06,1.25e+08,4000000000,0.03125,31.25,1
38,2,13997535000000,75000,0.11584,8.6326,1.81159,2.43763e+08,4.416e+08,1000000000,0.552,552,0.8
38,0,13997536000000,79000,0.112101,8.92051,23.8095,7.056e+06,1.68e+08,4000000000,0.042,42,1
38,2,13997537000000,80000,0.1115,8.96861,15.625,3.2768e+06,5.12e+07,1000000000,0.064,64,0.8
38,1,13997538000000,82000,0.116439,8.58819,3.18471,1.77473e+08,5.652e+08,2000000000,0.314,314,0.9
38,0,13997539000000,86000,0.112558,8.8843,30.303,4.356e+06,1.32e+08,4000000000,0.033,33,1
38,2,13997540000000,87000,0.117126,8.53778,1.96078,2.0808e+08,4.08e+08,1000000000,0.51,510,0.8
38,0,13997541000000,91000,0.113758,8.79057,24.6914,6.561e+06,1.62e+08,4000000000,0.0405,40.5,1
38,2,13997542000000,92000,0.113435,8.81564,11.9048,5.6448e+06,6.72e+07,1000000000,0.084,84,0.8
38,1,13997543000000,94000,0.117745,8.49295,3.16456,1.79741e+08,5.688e+08,2000000000,0.316,316,0.9
38,0,13997544000000,98000,0.114459,8.73674,26.8456,5.55025e+06,1.49e+08,4000000000,0.03725,37.25,1
38,2,13997545000000,99000,0.118697,8.42481,1.87266,2.28125e+08,4.272e+08,1000000000,0.534,534,0.8
38,0,13997546000000,103000,0.115485,8.6591,27.7778,5.184e+06,1.44e+08,4000000000,0.036,36,1
38,2,13997547000000,104000,0.115115,8.68694,12.987,4.7432e+06,6.16e+07,1000000000,0.077,77,0.8
38,1,13997548000000,106000,0.119019,8.40203,3.10559,1.86631e+08,5.796e+08,2000000000,0.322,322,0.9
38,0,13997549000000,110000,0.115964,8.62339,28.5714,4.9e+06,1.4e+08,4000000000,0.035,35,1
38,2,13997550000000,111000,0.119694,8.35466,1.88679,2.2472e+08,4.24e+08,1000000000,0.53,530,0.8
38,0,13997551000000,115000,0.117313,8.5242,19.5122,1.05062e+07,2.05e+08,4000000000,0.05125,51.25,1
38,2,13997552000000,116000,0.116664,8.57164,23.8095,1.4112e+06,3.36e+07,1000000000,0.042,42,0.8
38,1,13997553000000,118000,0.120153,8.32275,3.10078,1.87211e+08,5.805e+08,2000000000,0.3225,322.5,0.9
38,0,13997554000000,122000,0.117148,8.53624,35.0877,3.249e+06,1.14e+08,4000000000,0.0285,28.5,1
38,2,13997555000000,123000,0.12048,8.30016,1.89753,2.22183e+08,4.216e+08,1000000000,0.527,527,0.8
38,0,13997556000000,127000,0.118016,8.47345,23.6686,7.14025e+06,1.69e+08,4000000000,0.04225,42.25,1
38,1,13997557000000,129000,0.116837,8.55892,23.8095,3.1752e+06,7.56e+07,2000000000,0.042,42,0.9
38,2,13997558000000,130000,0.120669,8.28712,1.62602,3.0258e+08,4.92e+08,1000000000,0.615,615,0.8
38,0,13997559000000,134000,0.118104,8.46708,28.777,4.83025e+06,1.39e+08,4000000000,0.03475,34.75,1
38,2,13997560000000,135000,0.119593,8.36172,3.1348,8.14088e+07,2.552e+08,1000000000,0.319,319,0.8
38,0,13997561000000,139000,0.11836,8.44882,13.0293,2.35622e+07,3.07e+08,4000000000,0.07675,76.75,1
38,1,13997562000000,141000,0.117702,8.49602,13.8889,9.3312e+06,1.296e+08,2000000000,0.072,72,0.9
38,2,13997563000000,142000,0.121423,8.2357,1.54799,3.33853e+08,5.168e+08,1000000000,0.646,646,0.8
38,0,13997564000000,146000,0.120822,8.27664,10.0503,3.9601e+07,3.98e+08,4000000000,0.0995,99.5,1
38,2,13997565000000,147000,0.120537,8.29618,12.6582,4.9928e+06,6.32e+07,1000000000,0.079,79,0.8
38,1,13997566000000,149000,0.123329,8.1084,3.04414,1.94242e+08,5.913e+08,2000000000,0.3285,328.5,0.9
38,0,13997567000000,153000,0.120941,8.26848,31.25,4.096e+06,1.28e+08,4000000000,0.032,32,1
38,2,13997568000000,154000,0.123208,8.11637,2.12766,1.7672e+08,3.76e+08,1000000000,0.47,470,0.8
38,0,13997569000000,158000,0.121165,8.25324,23.5294,7.225e+06,1.7e+08,4000000000,0.0425,42.5,1
38,2,13997570000000,159000,0.121044,8.26146,9.80392,8.3232e+06,8.16e+07,1000000000,0.102,102,0.8
38,1,13997571000000,161000,0.123578,8.09208,3.07692,1.90125e+08,5.85e+08,2000000000,0.325,325,0.9
38,0,13997572000000,165000,0.121515,8.22943,25.974,5.929e+06,1.54e+08,4000000000,0.0385,38.5,1
38,2,13997573000000,166000,0.123831,8.0755,1.97628,2.04829e+08,4.048e+08,1000000000,0.506,506,0.8
38,0,13997574000000,170000,0.121753,8.21335,28.169,5.041e+06,1.42e+08,4000000000,0.0355,35.5,1
38,2,13997575000000,171000,0.121626,8.22194,10,8e+06,8e+07,1000000000,0.1,100,0.8
38,1,13997576000000,173000,0.124,8.06452,3.0581,1.92472e+08,5.886e+08,2000000000,0.327,327,0.9
38,0,13997577000000,177000,0.122034,8.19444,27.027,5.476e+06,1.48e+08,4000000000,0.037,37,1
38,2,13997578000000,178000,0.12409,8.05867,2.04918,1.90515e+08,3.904e+08,1000000000,0.488,488,0.8
38,0,13997579000000,182000,0.122148,8.18677,27.972,5.11225e+06,1.43e+08,4000000000,0.03575,35.75,1
38,2,13997580000000,183000,0.122,8.19672,10.5263,7.22e+06,7.6e+07,1000000000,0.095,95,0.8
38,1,13997581000000,185000,0.124173,8.05328,3.09598,1.87792e+08,5.814e+08,2000000000,0.323,323,0.9
38,0,13997582000000,189000,0.122413,8.16909,24.3902,6.724e+06,1.64e+08,4000000000,0.041,41,1
38,2,13997583000000,190000,0.124432,8.03655,1.97628,2.04829e+08,4.048e+08,1000000000,0.506,506,0.8
38,0,13997584000000,194000,0.122619,8.15537,27.3973,5.329e+06,1.46e+08,4000000000,0.0365,36.5,1
38,2,13997585000000,195000,0.122451,8.16651,11.1111,6.48e+06,7.2e+07,1000000000,0.09,90,0.8
38,1,13997586000000,197000,0.124426,8.03688,3.15457,1.8088e+08,5.706e+08,2000000000,0.317,317,0.9
38,0,13997587000000,201000,0.122627,8.15482,29.4118,4.624e+06,1.36e+08,4000000000,0.034,34,1
38,2,13997588000000,202000,0.124629,8.02383,1.89753,2.22183e+08,4.216e+08,1000000000,0.527,527,0.8
38,0,13997589000000,206000,0.12282,8.14197,31.746,3.969e+06,1.26e+08,4000000000,0.0315,31.5,1
38,2,13997590000000,207000,0.122696,8.15025,10.3093,7.5272e+06,7.76e+07,1000000000,0.097,97,0.8
38,1,13997591000000,209000,0.12467,8.02119,3.03951,1.94834e+08,5.922e+08,2000000000,0.329,329,0.9
38,0,13997592000000,213000,0.122986,8.13101,28.5714,4.9e+06,1.4e+08,4000000000,0.035,35,1
38,2,13997593000000,214000,0.124785,8.01378,1.9685,2.06451e+08,4.064e+08,1000000000,0.508,508,0.8
38,0,13997594000000,218000,0.123161,8.11948,27.5862,5.25625e+06,1.45e+08,4000000000,0.03625,36.25,1
38,2,13997595000000,219000,0.123014,8.12918,10.989,6.6248e+06,7.28e+07,1000000000,0.091,91,0.8
38,1,13997596000000,221000,0.124796,8.01305,3.125,1.8432e+08,5.76e+08,2000000000,0.32,320,0.9
38,0,13997597000000,225000,0.1232,8.11688,28.5714,4.9e+06,1.4e+08,4000000000,0.035,35,1
38,2,13997598000000,226000,0.124841,8.01021,2.02429,1.95229e+08,3.952e+08,1000000000,0.494,494,0.8
38,0,13997599000000,230000,0.123235,8.11459,30.7692,4.225e+06,1.3e+08,4000000000,0.0325,32.5,1
38,2,13997600000000,231000,0.123212,8.11608,8.47458,1.11392e+07,9.44e+07,1000000000,0.118,118,0.8
38,1,13997601000000,233000,0.125013,7.99918,3.003,1.996e+08,5.994e+08,2000000000,0.333,333,0.9
38,0,13997602000000,237000,0.123544,8.09426,26.3158,5.776e+06,1.52e+08,4000000000,0.038,38,1
38,2,13997603000000,238000,0.125021,7.99866,2.10526,1.805e+08,3.8e+08,1000000000,0.475,475,0.8
38,0,13997604000000,242000,0.123574,8.09229,26.6667,5.625e+06,1.5e+08,4000000000,0.0375,37.5,1
38,2,13997605000000,243000,0.1233,8.11027,17.5439,2.5992e+06,4.56e+07,1000000000,0.057,57,0.8
38,1,13997606000000,245000,0.122649,8.15335,22.9885,3.40605e+06,7.83e+07,2000000000,0.0435,43.5,0.9
38,1,13997607000000,247000,0.124081,8.05925,3.3389,1.6146e+08,5.391e+08,2000000000,0.2995,299.5,0.9
38,1,13997608000000,249000,0.123759,8.08022,11.9048,1.27008e+07,1.512e+08,2000000000,0.084,84,0.9
38,1,13997609000000,251000,0.125227,7.98549,3.24675,1.70755e+08,5.544e+08,2000000000,0.308,308,0.9
38,1,13997610000000,253000,0.124838,8.01039,13.1579,1.03968e+07,1.368e+08,2000000000,0.076,76,0.9
38,1,13997611000000,255000,0.125227,7.98547,5.73066,5.48104e+07,3.141e+08,2000000000,0.1745,174.5,0.9
38,1,13997612000000,255525,0.126031,7.93457,1.93727,4.79615e+08,9.29143e+08,2000000000,0.51619,135.5,0.9
38,1,13997613000000,255525,0.126031,7.93457,0,-nan,-nan,2000000000,-nan,0,0.9
39,2,13997501000000,1000,0.345,2.89855,2.89855,9.522e+07,2.76e+08,1000000000,0.345,345,0.8
39,0,13997502000000,5000,0.1208,8.27815,15.444,1.67702e+07,2.59e+08,4000000000,0.06475,64.75,1
39,1,13997503000000,7000,0.109714,9.11458,12.1951,1.21032e+07,1.476e+08,2000000000,0.082,82,0.9
39,2,13997504000000,8000,0.1715,5.8309,1.65563,2.91853e+08,4.832e+08,1000000000,0.604,604,0.8
39,0,13997505000000,12000,0.122,8.19672,43.4783,2.116e+06,9.2e+07,4000000000,0.023,23,1
39,2,13997506000000,13000,0.130077,7.68776,4.40529,4.12232e+07,1.816e+08,1000000000,0.227,227,0.8
39,1,13997507000000,15000,0.142667,7.00935,4.45434,9.07204e+07,4.041e+08,2000000000,0.2245,224.5,0.9
39,0,13997508000000,19000,0.117263,8.52783,45.4545,1.936e+06,8.8e+07,4000000000,0.022,22,1
39,2,13997509000000,20000,0.1174,8.51789,8.33333,1.152e+07,9.6e+07,1000000000,0.12,120,0.8
39,2,13997510000000,21000,0.112381,8.89831,83.3333,115200,9.6e+06,1000000000,0.012,12,0.8
39,1,13997511000000,23000,0.107826,9.27419,16.6667,6.48e+06,1.08e+08,2000000000,0.06,60,0.9
39,2,13997512000000,24000,0.103833,9.63082,83.3333,115200,9.6e+06,1000000000,0.012,12,0.8
39,1,13997513000000,26000,0.100462,9.95406,16.6667,6.48e+06,1.08e+08,2000000000,0.06,60,0.9
39,2,13997514000000,27000,0.0971852,10.2896,83.3333,115200,9.6e+06,1000000000,0.012,12,0.8
39,1,13997515000000,29000,0.0962069,10.3943,12.0482,1.24002e+07,1.494e+08,2000000000,0.083,83,0.9
39,1,13997516000000,31000,0.103097,9.69962,4.92611,7.41762e+07,3.654e+08,2000000000,0.203,203,0.9
39,2,13997517000000,32000,0.106219,9.41453,4.92611,3.29672e+07,1.624e+08,1000000000,0.203,203,0.8
39,1,13997518000000,34000,0.103647,9.64813,16,7.03125e+06,1.125e+08,2000000000,0.0625,62.5,0.9
39,0,13997519000000,38000,0.109684,9.11708,6.21118,1.03684e+08,6.44e+08,4000000000,0.161,161,1
39,2,13997520000000,39000,0.110769,9.02778,6.57895,1.84832e+07,1.216e+08,1000000000,0.152,152,0.8
39,0,13997521000000,43000,0.114419,8.73984,6.66667,9e+07,6e+08,4000000000,0.15,150,1
39,2,13997522000000,44000,0.1145,8.73362,8.47458,1.11392e+07,9.44e+07,1000000000,0.118,118,0.8
39,1,13997523000000,46000,0.115283,8.67434,7.54717,3.16012e+07,2.385e+08,2000000000,0.1325,132.5,0.9
39,0,13997524000000,50000,0.11392,8.77809,10.1781,3.86122e+07,3.93e+08,4000000000,0.09825,98.25,1
39,2,13997525000000,51000,0.113843,8.78402,9.09091,9.68e+06,8.8e+07,1000000000,0.11,110,0.8
39,0,13997526000000,55000,0.117527,8.50866,6.07903,1.08241e+08,6.58e+08,4000000000,0.1645,164.5,1
39,2,13997527000000,56000,0.117393,8.51841,9.09091,9.68e+06,8.8e+07,1000000000,0.11,110,0.8
39,1,13997528000000,58000,0.124552,8.02879,3.07692,1.90125e+08,5.85e+08,2000000000,0.325,325,0.9
39,0,13997529000000,62000,0.119,8.40336,25.974,5.929e+06,1.54e+08,4000000000,0.0385,38.5,1
39,2,13997530000000,63000,0.118603,8.43148,10.6383,7.0688e+06,7.52e+07,1000000000,0.094,94,0.8
39,0,13997531000000,67000,0.119522,8.36663,7.46269,7.1824e+07,5.36e+08,4000000000,0.134,134,1
39,2,13997532000000,68000,0.12,8.33333,6.57895,1.84832e+07,1.216e+08,1000000000,0.152,152,0.8
39,1,13997533000000,70000,0.125471,7.96994,3.21027,1.74658e+08,5.607e+08,2000000000,0.3115,311.5,0.9
39,0,13997534000000,74000,0.120459,8.30155,30.5344,4.29025e+06,1.31e+08,4000000000,0.03275,32.75,1
39,2,13997535000000,75000,0.123653,8.08713,2.77778,1.0368e+08,2.88e+08,1000000000,0.36,360,0.8
39,0,13997536000000,79000,0.12081,8.27745,14.8148,1.8225e+07,2.7e+08,4000000000,0.0675,67.5,1
39,2,13997537000000,80000,0.1212,8.25083,6.57895,1.84832e+07,1.216e+08,1000000000,0.152,152,0.8
39,1,13997538000000,82000,0.125707,7.95499,3.26797,1.68545e+08,5.508e+08,2000000000,0.306,306,0.9
39,0,13997539000000,86000,0.121395,8.23755,30.303,4.356e+06,1.32e+08,4000000000,0.033,33,1
39,2,13997540000000,87000,0.124839,8.01031,2.3753,1.41793e+08,3.368e+08,1000000000,0.421,421,0.8
39,0,13997541000000,91000,0.12167,8.21893,18.9573,1.11302e+07,2.11e+08,4000000000,0.05275,52.75,1
39,2,13997542000000,92000,0.12163,8.22163,8.47458,1.11392e+07,9.44e+07,1000000000,0.118,118,0.8
39,1,13997543000000,94000,0.125957,7.93919,3.07692,1.90125e+08,5.85e+08,2000000000,0.325,325,0.9
39,0,13997544000000,98000,0.122306,8.17621,27.3973,5.329e+06,1.46e+08,4000000000,0.0365,36.5,1
39,2,13997545000000,99000,0.125556,7.9646,2.25225,1.57709e+08,3.552e+08,1000000000,0.444,444,0.8
39,0,13997546000000,103000,0.122476,8.16488,21.6216,8.55625e+06,1.85e+08,4000000000,0.04625,46.25,1
39,2,13997547000000,104000,0.122442,8.16711,8.40336,1.13288e+07,9.52e+07,1000000000,0.119,119,0.8
39,1,13997548000000,106000,0.126113,7.92938,3.15457,1.8088e+08,5.706e+08,2000000000,0.317,317,0.9
39,0,13997549000000,110000,0.122927,8.13489,25.974,5.929e+06,1.54e+08,4000000000,0.0385,38.5,1
39,2,13997550000000,111000,0.125964,7.93878,2.17391,1.6928e+08,3.68e+08,1000000000,0.46,460,0.8
39,0,13997551000000,115000,0.122922,8.13526,25.974,5.929e+06,1.54e+08,4000000000,0.0385,38.5,1
39,2,13997552000000,116000,0.122879,8.13807,8.47458,1.11392e+07,9.44e+07,1000000000,0.118,118,0.8
39,1,13997553000000,118000,0.126441,7.90885,3.003,1.996e+08,5.994e+08,2000000000,0.333,333,0.9
39,0,13997554000000,122000,0.123344,8.10739,31.25,4.096e+06,1.28e+08,4000000000,0.032,32,1
39,2,13997555000000,123000,0.125959,7.93907,2.24719,1.5842e+08,3.56e+08,1000000000,0.445,445,0.8
39,0,13997556000000,127000,0.12352,8.09588,20.6186,9.409e+06,1.94e+08,4000000000,0.0485,48.5,1
39,1,13997557000000,129000,0.122574,8.15836,16,7.03125e+06,1.125e+08,2000000000,0.0625,62.5,0.9
39,2,13997558000000,130000,0.126577,7.90033,1.55521,3.30759e+08,5.144e+08,1000000000,0.643,643,0.8
39,0,13997559000000,134000,0.123761,8.08008,31.0078,4.16025e+06,1.29e+08,4000000000,0.03225,32.25,1
39,2,13997560000000,135000,0.124607,8.02521,4.20168,4.53152e+07,1.904e+08,1000000000,0.238,238,0.8
39,0,13997561000000,139000,0.126906,7.87982,4.88998,1.67281e+08,8.18e+08,4000000000,0.2045,204.5,1
39,1,13997562000000,141000,0.125106,7.9932,0,0,0,2000000000,0,0,0.9
39,2,13997563000000,142000,0.124711,8.01852,14.4928,3.8088e+06,5.52e+07,1000000000,0.069,69,0.8
39,0,13997564000000,146000,0.125836,7.94688,6.03318,1.09892e+08,6.63e+08,4000000000,0.16575,165.75,1
39,2,13997565000000,147000,0.125701,7.95541,9.43396,8.9888e+06,8.48e+07,1000000000,0.106,106,0.8
39,1,13997566000000,149000,0.126362,7.91375,5.71429,5.5125e+07,3.15e+08,2000000000,0.175,175,0.9
39,0,13997567000000,153000,0.125072,7.9954,12.987,2.3716e+07,3.08e+08,4000000000,0.077,77,1
39,2,13997568000000,154000,0.125299,7.98093,6.25,2.048e+07,1.28e+08,1000000000,0.16,160,0.8
39,0,13997569000000,158000,0.126025,7.93491,6.49351,9.4864e+07,6.16e+08,4000000000,0.154,154,1
39,2,13997570000000,159000,0.125874,7.94444,9.80392,8.3232e+06,8.16e+07,1000000000,0.102,102,0.8
39,1,13997571000000,161000,0.125708,7.95494,8.88889,2.27812e+07,2.025e+08,2000000000,0.1125,112.5,0.9
39,0,13997572000000,165000,0.125236,7.9849,9.41176,4.51562e+07,4.25e+08,4000000000,0.10625,106.25,1
39,2,13997573000000,166000,0.125193,7.98768,8.47458,1.11392e+07,9.44e+07,1000000000,0.118,118,0.8
39,0,13997574000000,170000,0.126141,7.92763,6.0423,1.09561e+08,6.62e+08,4000000000,0.1655,165.5,1
39,2,13997575000000,171000,0.126006,7.93614,9.70874,8.4872e+06,8.24e+07,1000000000,0.103,103,0.8
39,1,13997576000000,173000,0.125434,7.97235,13.0719,1.0534e+07,1.377e+08,2000000000,0.0765,76.5,0.9
39,0,13997577000000,177000,0.125469,7.9701,7.87402,6.4516e+07,5.08e+08,4000000000,0.127,127,1
39,2,13997578000000,178000,0.125663,7.9578,6.25,2.048e+07,1.28e+08,1000000000,0.16,160,0.8
39,0,13997579000000,182000,0.126286,7.91855,6.49351,9.4864e+07,6.16e+08,4000000000,0.154,154,1
39,2,13997580000000,183000,0.126027,7.93479,12.6582,4.9928e+06,6.32e+07,1000000000,0.079,79,0.8
39,1,13997581000000,185000,0.125292,7.98136,17.2414,6.0552e+06,1.044e+08,2000000000,0.058,58,0.9
39,0,13997582000000,189000,0.125651,7.95856,7.02988,8.09402e+07,5.69e+08,4000000000,0.14225,142.25,1
39,2,13997583000000,190000,0.125811,7.94846,6.41026,1.94688e+07,1.248e+08,1000000000,0.156,156,0.8
39,0,13997584000000,194000,0.126351,7.91449,6.57895,9.2416e+07,6.08e+08,4000000000,0.152,152,1
39,2,13997585000000,195000,0.126354,7.91428,7.87402,1.29032e+07,1.016e+08,1000000000,0.127,127,0.8
39,1,13997586000000,197000,0.125452,7.97119,26.6667,2.53125e+06,6.75e+07,2000000000,0.0375,37.5,0.9
39,0,13997587000000,201000,0.125791,7.94969,7.01754,8.1225e+07,5.7e+08,4000000000,0.1425,142.5,1
39,2,13997588000000,202000,0.125733,7.95338,8.77193,1.03968e+07,9.12e+07,1000000000,0.114,114,0.8
39,0,13997589000000,206000,0.126466,7.90726,6.11621,1.06929e+08,6.54e+08,4000000000,0.1635,163.5,1
39,2,13997590000000,207000,0.126048,7.93347,25,1.28e+06,3.2e+07,1000000000,0.04,40,0.8
39,1,13997591000000,209000,0.12534,7.97832,19.2308,4.8672e+06,9.36e+07,2000000000,0.052,52,0.9
39,0,13997592000000,213000,0.125859,7.94539,6.53595,9.3636e+07,6.12e+08,4000000000,0.153,153,1
39,2,13997593000000,214000,0.125822,7.94771,8.47458,1.11392e+07,9.44e+07,1000000000,0.118,118,0.8
39,0,13997594000000,218000,0.12655,7.90199,6.0423,1.09561e+08,6.62e+08,4000000000,0.1655,165.5,1
39,2,13997595000000,219000,0.126233,7.92187,17.5439,2.5992e+06,4.56e+07,1000000000,0.057,57,0.8
39,1,13997596000000,221000,0.125534,7.96597,20.4082,4.3218e+06,8.82e+07,2000000000,0.049,49,0.9
39,0,13997597000000,225000,0.126044,7.93371,6.48298,9.51722e+07,6.17e+08,4000000000,0.15425,154.25,1
39,2,13997598000000,226000,0.125938,7.94041,9.80392,8.3232e+06,8.16e+07,1000000000,0.102,102,0.8
39,0,13997599000000,230000,0.126609,7.89835,6.07903,1.08241e+08,6.58e+08,4000000000,0.1645,164.5,1
39,2,13997600000000,231000,0.126216,7.9229,27.7778,1.0368e+06,2.88e+07,1000000000,0.036,36,0.8
39,1,13997601000000,233000,0.125665,7.95765,16.129,6.9192e+06,1.116e+08,2000000000,0.062,62,0.9
39,0,13997602000000,237000,0.126093,7.93067,6.62252,9.1204e+07,6.04e+08,4000000000,0.151,151,1
39,2,13997603000000,238000,0.126042,7.93386,8.77193,1.03968e+07,9.12e+07,1000000000,0.114,114,0.8
39,0,13997604000000,242000,0.126694,7.89302,6.0423,1.09561e+08,6.62e+08,4000000000,0.1655,165.5,1
39,2,13997605000000,243000,0.126354,7.91428,22.7273,1.5488e+06,3.52e+07,1000000000,0.044,44,0.8
39,1,13997606000000,245000,0.125718,7.95429,20.6186,4.23405e+06,8.73e+07,2000000000,0.0485,48.5,0.9
39,1,13997607000000,247000,0.127255,7.85823,3.16957,1.79172e+08,5.679e+08,2000000000,0.3155,315.5,0.9
39,1,13997608000000,249000,0.126843,7.88374,13.1579,1.03968e+07,1.368e+08,2000000000,0.076,76,0.9
39,1,13997609000000,250965,0.128321,7.79298,3.16935,1.79197e+08,5.67939e+08,2000000000,0.315522,310,0.9
39,1,13997610000000,250965,0.128321,7.79298,0,-nan,-nan,2000000000,-nan,0,0.9
39,1,13997611000000,250965,0.128321,7.79298,0,-nan,-nan,2000000000,-nan,0,0.9
39,1,13997612000000,250965,0.128321,7.79298,0,-nan,-nan,2000000000,-nan,0,0.9
39,1,13997613000000,250965,0.128321,7.79298,0,-nan,-nan,2000000000,-nan,0,0.9
