CU,perfLevel,clock,Cycles,IPC,CPI,CPI_delta,ED2P,EDP,Frequency,IPC_delta,Sensitivity,Voltage
0,0,9094801000000,4000,0.034,29.4118,29.4118,4.624e+06,1.36e+08,4000000000,0.034,34,1
0,1,9094802000000,6000,0.041,24.3902,18.1818,5.445e+06,9.9e+07,2000000000,0.055,55,0.9
0,1,9094803000000,8000,0.10625,9.41176,3.31126,1.64167e+08,5.436e+08,2000000000,0.302,302,0.9
0,2,9094804000000,9000,0.108,9.25926,8.19672,1.19072e+07,9.76e+07,1000000000,0.122,122,0.8
0,2,9094805000000,10000,0.1454,6.87758,2.07469,1.85859e+08,3.856e+08,1000000000,0.482,482,0.8
0,2,9094806000000,11000,0.147091,6.79852,6.09756,2.15168e+07,1.312e+08,1000000000,0.164,164,0.8
0,2,9094807000000,12000,0.144333,6.92841,8.77193,1.03968e+07,9.12e+07,1000000000,0.114,114,0.8
0,2,9094808000000,13000,0.183538,5.44845,1.52905,3.42173e+08,5.232e+08,1000000000,0.654,654,0.8
0,2,9094809000000,14000,0.178571,5.6,8.77193,1.03968e+07,9.12e+07,1000000000,0.114,114,0.8
0,2,9094810000000,15000,0.1772,5.64334,6.32911,1.99712e+07,1.264e+08,1000000000,0.158,158,0.8
0,2,9094811000000,16000,0.197125,5.07292,2.01613,1.96813e+08,3.968e+08,1000000000,0.496,496,0.8
0,2,9094812000000,17000,0.192235,5.20196,8.77193,1.03968e+07,9.12e+07,1000000000,0.114,114,0.8
0,2,9094813000000,18000,0.202389,4.94098,2.66667,1.125e+08,3e+08,1000000000,0.375,375,0.8
0,2,9094814000000,19000,0.206421,4.84447,3.58423,6.22728e+07,2.232e+08,1000000000,0.279,279,0.8
0,2,9094815000000,20000,0.2018,4.9554,8.77193,1.03968e+07,9.12e+07,1000000000,0.114,114,0.8
0,2,9094816000000,21000,0.220286,4.53956,1.69492,2.7848e+08,4.72e+08,1000000000,0.59,590,0.8
0,2,9094817000000,22000,0.214727,4.65707,10.2041,7.6832e+06,7.84e+07,1000000000,0.098,98,0.8
0,2,9094818000000,23000,0.208957,4.78568,12.1951,5.3792e+06,6.56e+07,1000000000,0.082,82,0.8
0,2,9094819000000,24000,0.227417,4.39722,1.53374,3.40083e+08,5.216e+08,1000000000,0.652,652,0.8
0,2,9094820000000,25000,0.22288,4.48672,8.77193,1.03968e+07,9.12e+07,1000000000,0.114,114,0.8
0,2,9094821000000,26000,0.224423,4.45587,3.80228,5.53352e+07,2.104e+08,1000000000,0.263,263,0.8
0,2,9094822000000,27000,0.230593,4.33665,2.55754,1.22305e+08,3.128e+08,1000000000,0.391,391,0.8
0,2,9094823000000,28000,0.226429,4.4164,8.77193,1.03968e+07,9.12e+07,1000000000,0.114,114,0.8
0,2,9094824000000,29000,0.234966,4.25594,2.1097,1.79741e+08,3.792e+08,1000000000,0.474,474,0.8
0,2,9094825000000,30000,0.233133,4.28939,5.55556,2.592e+07,1.44e+08,1000000000,0.18,180,0.8
0,2,9094826000000,31000,0.22929,4.36128,8.77193,1.03968e+07,9.12e+07,1000000000,0.114,114,0.8
0,2,9094827000000,32000,0.2425,4.12371,1.53374,3.40083e+08,5.216e+08,1000000000,0.652,652,0.8
0,2,9094828000000,33000,0.238667,4.18994,8.62069,1.07648e+07,9.28e+07,1000000000,0.116,116,0.8
0,2,9094829000000,34000,0.235794,4.24099,7.0922,1.59048e+07,1.128e+08,1000000000,0.141,141,0.8
0,2,9094830000000,35000,0.243714,4.10317,1.94932,2.10535e+08,4.104e+08,1000000000,0.513,513,0.8
0,2,9094831000000,36000,0.240111,4.16474,8.77193,1.03968e+07,9.12e+07,1000000000,0.114,114,0.8
0,2,9094832000000,37000,0.243351,4.10928,2.77778,1.0368e+08,2.88e+08,1000000000,0.36,360,0.8
0,2,9094833000000,38000,0.244684,4.0869,3.40136,6.91488e+07,2.352e+08,1000000000,0.294,294,0.8
0,2,9094834000000,39000,0.241333,4.14365,8.77193,1.03968e+07,9.12e+07,1000000000,0.114,114,0.8
0,2,9094835000000,40000,0.249625,4.00601,1.7452,2.62663e+08,4.584e+08,1000000000,0.573,573,0.8
0,2,9094836000000,41000,0.246,4.06504,9.90099,8.1608e+06,8.08e+07,1000000000,0.101,101,0.8
0,2,9094837000000,42000,0.242381,4.12574,10.6383,7.0688e+06,7.52e+07,1000000000,0.094,94,0.8
0,2,9094838000000,43000,0.251953,3.96899,1.52905,3.42173e+08,5.232e+08,1000000000,0.654,654,0.8
0,2,9094839000000,44000,0.248818,4.019,8.77193,1.03968e+07,9.12e+07,1000000000,0.114,114,0.8
0,2,9094840000000,45000,0.248867,4.01822,3.98406,5.04008e+07,2.008e+08,1000000000,0.251,251,0.8
0,2,9094841000000,46000,0.252217,3.96483,2.48139,1.29927e+08,3.224e+08,1000000000,0.403,403,0.8
0,2,9094842000000,47000,0.249277,4.01161,8.77193,1.03968e+07,9.12e+07,1000000000,0.114,114,0.8
0,2,9094843000000,48000,0.253708,3.94153,2.1645,1.70755e+08,3.696e+08,1000000000,0.462,462,0.8
0,2,9094844000000,49000,0.252449,3.9612,5.20833,2.94912e+07,1.536e+08,1000000000,0.192,192,0.8
0,2,9094845000000,50000,0.24968,4.00513,8.77193,1.03968e+07,9.12e+07,1000000000,0.114,114,0.8
0,2,9094846000000,51000,0.257471,3.88394,1.5456,3.34887e+08,5.176e+08,1000000000,0.647,647,0.8
0,2,9094847000000,52000,0.254788,3.92482,8.47458,1.11392e+07,9.44e+07,1000000000,0.118,118,0.8
0,2,9094848000000,53000,0.25234,3.96291,8,1.25e+07,1e+08,1000000000,0.125,125,0.8
0,2,9094849000000,54000,0.257519,3.88322,1.8797,2.26419e+08,4.256e+08,1000000000,0.532,532,0.8
0,2,9094850000000,55000,0.254491,3.92941,10.989,6.6248e+06,7.28e+07,1000000000,0.091,91,0.8
0,2,9094851000000,56000,0.251036,3.9835,16.3934,2.9768e+06,4.88e+07,1000000000,0.061,61,0.8
0,2,9094852000000,57000,0.246895,4.05031,66.6667,180000,1.2e+07,1000000000,0.015,15,0.8
0,2,9094853000000,58000,0.243862,4.10068,14.0845,4.0328e+06,5.68e+07,1000000000,0.071,71,0.8
0,1,9094854000000,60000,0.239217,4.18031,9.56938,1.96564e+07,1.881e+08,2000000000,0.1045,104.5,0.9
0,0,9094855000000,64000,0.224844,4.44753,108.108,342250,3.7e+07,4000000000,0.00925,9.25,1
0,1,9094856000000,66000,0.219591,4.55392,19.4175,4.77405e+06,9.27e+07,2000000000,0.0515,51.5,0.9
0,1,9094857000000,68000,0.215838,4.6331,10.8696,1.52352e+07,1.656e+08,2000000000,0.092,92,0.9
0,2,9094858000000,69000,0.219783,4.54995,2.04918,1.90515e+08,3.904e+08,1000000000,0.488,488,0.8
0,2,9094859000000,70000,0.218343,4.57995,8.40336,1.13288e+07,9.52e+07,1000000000,0.119,119,0.8
0,2,9094860000000,71000,0.221437,4.51596,2.28311,1.53475e+08,3.504e+08,1000000000,0.438,438,0.8
0,2,9094861000000,72000,0.221292,4.51892,4.73934,3.56168e+07,1.688e+08,1000000000,0.211,211,0.8
0,2,9094862000000,73000,0.219781,4.54999,9.00901,9.8568e+06,8.88e+07,1000000000,0.111,111,0.8
0,2,9094863000000,74000,0.225527,4.43406,1.55039,3.3282e+08,5.16e+08,1000000000,0.645,645,0.8
0,2,9094864000000,75000,0.22416,4.4611,8.13008,1.21032e+07,9.84e+07,1000000000,0.123,123,0.8
0,2,9094865000000,76000,0.222855,4.48722,8,1.25e+07,1e+08,1000000000,0.125,125,0.8
0,2,9094866000000,77000,0.22687,4.40781,1.8797,2.26419e+08,4.256e+08,1000000000,0.532,532,0.8
0,2,9094867000000,78000,0.225385,4.43686,9.00901,9.8568e+06,8.88e+07,1000000000,0.111,111,0.8
0,2,9094868000000,79000,0.227038,4.40455,2.80899,1.01389e+08,2.848e+08,1000000000,0.356,356,0.8
0,2,9094869000000,80000,0.227963,4.38669,3.32226,7.24808e+07,2.408e+08,1000000000,0.301,301,0.8
0,2,9094870000000,81000,0.226519,4.41465,9.00901,9.8568e+06,8.88e+07,1000000000,0.111,111,0.8
0,2,9094871000000,82000,0.230841,4.33198,1.72117,2.70049e+08,4.648e+08,1000000000,0.581,581,0.8
0,2,9094872000000,83000,0.229386,4.35947,9.09091,9.68e+06,8.8e+07,1000000000,0.11,110,0.8
0,2,9094873000000,84000,0.227619,4.39331,12.3457,5.2488e+06,6.48e+07,1000000000,0.081,81,0.8
0,2,9094874000000,85000,0.232624,4.29879,1.53139,3.41127e+08,5.224e+08,1000000000,0.653,653,0.8
0,2,9094875000000,86000,0.231209,4.32509,9.00901,9.8568e+06,8.88e+07,1000000000,0.111,111,0.8
0,2,9094876000000,87000,0.231655,4.31676,3.7037,5.832e+07,2.16e+08,1000000000,0.27,270,0.8
0,2,9094877000000,88000,0.23342,4.28411,2.58398,1.19815e+08,3.096e+08,1000000000,0.387,387,0.8
0,2,9094878000000,89000,0.232045,4.30951,9.00901,9.8568e+06,8.88e+07,1000000000,0.111,111,0.8
0,2,9094879000000,90000,0.234922,4.25673,2.03666,1.92865e+08,3.928e+08,1000000000,0.491,491,0.8
0,2,9094880000000,91000,0.234165,4.2705,6.0241,2.20448e+07,1.328e+08,1000000000,0.166,166,0.8
0,2,9094881000000,92000,0.232826,4.29505,9.00901,9.8568e+06,8.88e+07,1000000000,0.111,111,0.8
0,2,9094882000000,93000,0.237387,4.21253,1.52207,3.45319e+08,5.256e+08,1000000000,0.657,657,0.8
0,2,9094883000000,94000,0.236043,4.23652,9.00901,9.8568e+06,8.88e+07,1000000000,0.111,111,0.8
0,2,9094884000000,95000,0.235526,4.24581,5.34759,2.79752e+07,1.496e+08,1000000000,0.187,187,0.8
0,2,9094885000000,96000,0.237969,4.20223,2.12766,1.7672e+08,3.76e+08,1000000000,0.47,470,0.8
0,2,9094886000000,97000,0.23666,4.22547,9.00901,9.8568e+06,8.88e+07,1000000000,0.111,111,0.8
0,2,9094887000000,98000,0.238378,4.19503,2.46914,1.3122e+08,3.24e+08,1000000000,0.405,405,0.8
0,2,9094888000000,99000,0.238515,4.19261,3.96825,5.08032e+07,2.016e+08,1000000000,0.252,252,0.8
0,2,9094889000000,100000,0.23724,4.21514,9.00901,9.8568e+06,8.88e+07,1000000000,0.111,111,0.8
0,2,9094890000000,101000,0.241079,4.14801,1.6,3.125e+08,5e+08,1000000000,0.625,625,0.8
0,2,9094891000000,102000,0.23998,4.16701,7.75194,1.33128e+07,1.032e+08,1000000000,0.129,129,0.8
0,2,9094892000000,103000,0.238495,4.19296,11.4943,6.0552e+06,6.96e+07,1000000000,0.087,87,0.8
0,2,9094893000000,104000,0.241817,4.13535,1.71233,2.72845e+08,4.672e+08,1000000000,0.584,584,0.8
0,2,9094894000000,105000,0.240571,4.15677,9.00901,9.8568e+06,8.88e+07,1000000000,0.111,111,0.8
0,2,9094895000000,106000,0.241321,4.14386,3.125,8.192e+07,2.56e+08,1000000000,0.32,320,0.8
0,2,9094896000000,107000,0.242215,4.12856,2.96736,9.08552e+07,2.696e+08,1000000000,0.337,337,0.8
0,2,9094897000000,108000,0.241,4.14938,9.00901,9.8568e+06,8.88e+07,1000000000,0.111,111,0.8
0,2,9094898000000,109000,0.243761,4.10237,1.84502,2.35011e+08,4.336e+08,1000000000,0.542,542,0.8
0,2,9094899000000,110000,0.242609,4.12186,8.54701,1.09512e+07,9.36e+07,1000000000,0.117,117,0.8
0,2,9094900000000,111000,0.241405,4.14241,9.17431,9.5048e+06,8.72e+07,1000000000,0.109,109,0.8
0,2,9094901000000,112000,0.245116,4.0797,1.52207,3.45319e+08,5.256e+08,1000000000,0.657,657,0.8
0,2,9094902000000,113000,0.243929,4.09955,9.00901,9.8568e+06,8.88e+07,1000000000,0.111,111,0.8
0,2,9094903000000,114000,0.243868,4.10057,4.21941,4.49352e+07,1.896e+08,1000000000,0.237,237,0.8
0,2,9094904000000,115000,0.2454,4.07498,2.38095,1.4112e+08,3.36e+08,1000000000,0.42,420,0.8
0,2,9094905000000,116000,0.244241,4.09431,9.00901,9.8568e+06,8.88e+07,1000000000,0.111,111,0.8
0,2,9094906000000,117000,0.246026,4.06462,2.20751,1.64167e+08,3.624e+08,1000000000,0.453,453,0.8
0,2,9094907000000,118000,0.248314,4.02717,1.93798,2.13005e+08,4.128e+08,1000000000,0.516,516,0.8
0,2,9094908000000,119000,0.247807,4.0354,5.31915,2.82752e+07,1.504e+08,1000000000,0.188,188,0.8
0,2,9094909000000,120000,0.247133,4.0464,5.98802,2.23112e+07,1.336e+08,1000000000,0.167,167,0.8
0,2,9094910000000,121000,0.249008,4.01593,2.1097,1.79741e+08,3.792e+08,1000000000,0.474,474,0.8
0,2,9094911000000,122000,0.24759,4.03893,13.1579,4.6208e+06,6.08e+07,1000000000,0.076,76,0.8
0,2,9094912000000,123000,0.245577,4.07204,0,0,0,1000000000,0,0,0.8
0,2,9094913000000,124000,0.243726,4.10297,62.5,204800,1.28e+07,1000000000,0.016,16,0.8
0,2,9094914000000,125000,0.24572,4.06967,2.0284,1.94439e+08,3.944e+08,1000000000,0.493,493,0.8
0,2,9094915000000,126000,0.245254,4.07741,5.34759,2.79752e+07,1.496e+08,1000000000,0.187,187,0.8
0,2,9094916000000,127000,0.244457,4.0907,6.94444,1.65888e+07,1.152e+08,1000000000,0.144,144,0.8
0,2,9094917000000,128000,0.247453,4.04117,1.59236,3.15507e+08,5.024e+08,1000000000,0.628,628,0.8
0,2,9094918000000,129000,0.246419,4.05814,8.77193,1.03968e+07,9.12e+07,1000000000,0.114,114,0.8
0,2,9094919000000,130000,0.245915,4.06644,5.52486,2.62088e+07,1.448e+08,1000000000,0.181,181,0.8
0,2,9094920000000,131000,0.247588,4.03897,2.15054,1.7298e+08,3.72e+08,1000000000,0.465,465,0.8
0,2,9094921000000,132000,0.246833,4.05132,6.75676,1.75232e+07,1.184e+08,1000000000,0.148,148,0.8
0,2,9094922000000,133000,0.24794,4.03324,2.53807,1.24189e+08,3.152e+08,1000000000,0.394,394,0.8
0,2,9094923000000,134000,0.247836,4.03493,4.2735,4.38048e+07,1.872e+08,1000000000,0.234,234,0.8
0,2,9094924000000,135000,0.246844,4.05113,8.77193,1.03968e+07,9.12e+07,1000000000,0.114,114,0.8
0,2,9094925000000,136000,0.249662,4.00542,1.5873,3.1752e+08,5.04e+08,1000000000,0.63,630,0.8
0,2,9094926000000,137000,0.248898,4.01771,6.89655,1.682e+07,1.16e+08,1000000000,0.145,145,0.8
0,2,9094927000000,138000,0.247725,4.03674,11.4943,6.0552e+06,6.96e+07,1000000000,0.087,87,0.8
0,2,9094928000000,139000,0.249971,4.00046,1.78571,2.5088e+08,4.48e+08,1000000000,0.56,560,0.8
0,2,9094929000000,140000,0.249,4.01606,8.77193,1.03968e+07,9.12e+07,1000000000,0.114,114,0.8
0,2,9094930000000,141000,0.249773,4.00363,2.7933,1.02531e+08,2.864e+08,1000000000,0.358,358,0.8
0,2,9094931000000,142000,0.250042,3.99932,3.47222,6.63552e+07,2.304e+08,1000000000,0.288,288,0.8
0,2,9094932000000,143000,0.249329,4.01077,6.75676,1.75232e+07,1.184e+08,1000000000,0.148,148,0.8
0,2,9094933000000,144000,0.251556,3.97527,1.75439,2.5992e+08,4.56e+08,1000000000,0.57,570,0.8
0,2,9094934000000,145000,0.250745,3.98812,7.46269,1.43648e+07,1.072e+08,1000000000,0.134,134,0.8
0,2,9094935000000,146000,0.249514,4.0078,14.0845,4.0328e+06,5.68e+07,1000000000,0.071,71,0.8
0,2,9094936000000,147000,0.251986,3.96847,1.63132,3.00615e+08,4.904e+08,1000000000,0.613,613,0.8
0,2,9094937000000,148000,0.251284,3.97956,6.75676,1.75232e+07,1.184e+08,1000000000,0.148,148,0.8
0,2,9094938000000,149000,0.25151,3.97598,3.50877,6.498e+07,2.28e+08,1000000000,0.285,285,0.8
0,2,9094939000000,150000,0.25212,3.96637,2.91545,9.41192e+07,2.744e+08,1000000000,0.343,343,0.8
0,2,9094940000000,151000,0.251205,3.98081,8.77193,1.03968e+07,9.12e+07,1000000000,0.114,114,0.8
0,2,9094941000000,152000,0.253118,3.95072,1.84502,2.35011e+08,4.336e+08,1000000000,0.542,542,0.8
0,2,9094942000000,153000,0.252144,3.96599,9.61538,8.6528e+06,8.32e+07,1000000000,0.104,104,0.8
0,2,9094943000000,154000,0.251468,3.97666,6.75676,1.75232e+07,1.184e+08,1000000000,0.148,148,0.8
0,2,9094944000000,155000,0.253897,3.93861,1.59236,3.15507e+08,5.024e+08,1000000000,0.628,628,0.8
0,2,9094945000000,156000,0.253,3.95257,8.77193,1.03968e+07,9.12e+07,1000000000,0.114,114,0.8
0,2,9094946000000,157000,0.253006,3.95247,3.93701,5.16128e+07,2.032e+08,1000000000,0.254,254,0.8
0,2,9094947000000,158000,0.253886,3.93877,2.55102,1.22931e+08,3.136e+08,1000000000,0.392,392,0.8
0,2,9094948000000,159000,0.25322,3.94913,6.75676,1.75232e+07,1.184e+08,1000000000,0.148,148,0.8
0,2,9094949000000,160000,0.25455,3.9285,2.14592,1.73725e+08,3.728e+08,1000000000,0.466,466,0.8
0,2,9094950000000,161000,0.253975,3.93739,6.17284,2.09952e+07,1.296e+08,1000000000,0.162,162,0.8
0,2,9094951000000,162000,0.253111,3.95083,8.77193,1.03968e+07,9.12e+07,1000000000,0.114,114,0.8
0,2,9094952000000,163000,0.255521,3.91357,1.54799,3.33853e+08,5.168e+08,1000000000,0.646,646,0.8
0,2,9094953000000,164000,0.254866,3.92363,6.75676,1.75232e+07,1.184e+08,1000000000,0.148,148,0.8
0,2,9094954000000,165000,0.25437,3.93129,5.78035,2.39432e+07,1.384e+08,1000000000,0.173,173,0.8
0,2,9094955000000,166000,0.255578,3.9127,2.1978,1.6562e+08,3.64e+08,1000000000,0.455,455,0.8
0,2,9094956000000,167000,0.254731,3.92572,8.77193,1.03968e+07,9.12e+07,1000000000,0.114,114,0.8
0,2,9094957000000,168000,0.25581,3.90916,2.29358,1.52077e+08,3.488e+08,1000000000,0.436,436,0.8
0,2,9094958000000,169000,0.255538,3.91331,4.7619,3.528e+07,1.68e+08,1000000000,0.21,210,0.8
0,2,9094959000000,170000,0.254906,3.92302,6.75676,1.75232e+07,1.184e+08,1000000000,0.148,148,0.8
0,2,9094960000000,171000,0.256871,3.893,1.69205,2.79425e+08,4.728e+08,1000000000,0.591,591,0.8
0,2,9094961000000,171149,0.256911,3.8924,3.31111,7.29697e+07,2.41611e+08,1000000000,0.302013,45,0.8
1,0,9094801000000,4000,0.034,29.4118,29.4118,4.624e+06,1.36e+08,4000000000,0.034,34,1
1,1,9094802000000,6000,0.041,24.3902,18.1818,5.445e+06,9.9e+07,2000000000,0.055,55,0.9
1,1,9094803000000,8000,0.10625,9.41176,3.31126,1.64167e+08,5.436e+08,2000000000,0.302,302,0.9
1,2,9094804000000,9000,0.108,9.25926,8.19672,1.19072e+07,9.76e+07,1000000000,0.122,122,0.8
1,2,9094805000000,10000,0.1454,6.87758,2.07469,1.85859e+08,3.856e+08,1000000000,0.482,482,0.8
1,2,9094806000000,11000,0.147091,6.79852,6.09756,2.15168e+07,1.312e+08,1000000000,0.164,164,0.8
1,2,9094807000000,12000,0.144333,6.92841,8.77193,1.03968e+07,9.12e+07,1000000000,0.114,114,0.8
1,2,9094808000000,13000,0.183538,5.44845,1.52905,3.42173e+08,5.232e+08,1000000000,0.654,654,0.8
1,2,9094809000000,14000,0.178571,5.6,8.77193,1.03968e+07,9.12e+07,1000000000,0.114,114,0.8
1,2,9094810000000,15000,0.1772,5.64334,6.32911,1.99712e+07,1.264e+08,1000000000,0.158,158,0.8
1,2,9094811000000,16000,0.197125,5.07292,2.01613,1.96813e+08,3.968e+08,1000000000,0.496,496,0.8
1,2,9094812000000,17000,0.192235,5.20196,8.77193,1.03968e+07,9.12e+07,1000000000,0.114,114,0.8
1,2,9094813000000,18000,0.202389,4.94098,2.66667,1.125e+08,3e+08,1000000000,0.375,375,0.8
1,2,9094814000000,19000,0.206421,4.84447,3.58423,6.22728e+07,2.232e+08,1000000000,0.279,279,0.8
1,2,9094815000000,20000,0.2018,4.9554,8.77193,1.03968e+07,9.12e+07,1000000000,0.114,114,0.8
1,2,9094816000000,21000,0.220286,4.53956,1.69492,2.7848e+08,4.72e+08,1000000000,0.59,590,0.8
1,2,9094817000000,22000,0.214727,4.65707,10.2041,7.6832e+06,7.84e+07,1000000000,0.098,98,0.8
1,2,9094818000000,23000,0.208957,4.78568,12.1951,5.3792e+06,6.56e+07,1000000000,0.082,82,0.8
1,2,9094819000000,24000,0.227417,4.39722,1.53374,3.40083e+08,5.216e+08,1000000000,0.652,652,0.8
1,2,9094820000000,25000,0.22288,4.48672,8.77193,1.03968e+07,9.12e+07,1000000000,0.114,114,0.8
1,2,9094821000000,26000,0.224423,4.45587,3.80228,5.53352e+07,2.104e+08,1000000000,0.263,263,0.8
1,2,9094822000000,27000,0.230593,4.33665,2.55754,1.22305e+08,3.128e+08,1000000000,0.391,391,0.8
1,2,9094823000000,28000,0.226429,4.4164,8.77193,1.03968e+07,9.12e+07,1000000000,0.114,114,0.8
1,2,9094824000000,29000,0.234966,4.25594,2.1097,1.79741e+08,3.792e+08,1000000000,0.474,474,0.8
1,2,9094825000000,30000,0.233133,4.28939,5.55556,2.592e+07,1.44e+08,1000000000,0.18,180,0.8
1,2,9094826000000,31000,0.22929,4.36128,8.77193,1.03968e+07,9.12e+07,1000000000,0.114,114,0.8
1,2,9094827000000,32000,0.2425,4.12371,1.53374,3.40083e+08,5.216e+08,1000000000,0.652,652,0.8
1,2,9094828000000,33000,0.238667,4.18994,8.62069,1.07648e+07,9.28e+07,1000000000,0.116,116,0.8
1,2,9094829000000,34000,0.235794,4.24099,7.0922,1.59048e+07,1.128e+08,1000000000,0.141,141,0.8
1,2,9094830000000,35000,0.243714,4.10317,1.94932,2.10535e+08,4.104e+08,1000000000,0.513,513,0.8
1,2,9094831000000,36000,0.240111,4.16474,8.77193,1.03968e+07,9.12e+07,1000000000,0.114,114,0.8
1,2,9094832000000,37000,0.243351,4.10928,2.77778,1.0368e+08,2.88e+08,1000000000,0.36,360,0.8
1,2,9094833000000,38000,0.244684,4.0869,3.40136,6.91488e+07,2.352e+08,1000000000,0.294,294,0.8
1,2,9094834000000,39000,0.241333,4.14365,8.77193,1.03968e+07,9.12e+07,1000000000,0.114,114,0.8
1,2,9094835000000,40000,0.249625,4.00601,1.7452,2.62663e+08,4.584e+08,1000000000,0.573,573,0.8
1,2,9094836000000,41000,0.246,4.06504,9.90099,8.1608e+06,8.08e+07,1000000000,0.101,101,0.8
1,2,9094837000000,42000,0.242381,4.12574,10.6383,7.0688e+06,7.52e+07,1000000000,0.094,94,0.8
1,2,9094838000000,43000,0.251953,3.96899,1.52905,3.42173e+08,5.232e+08,1000000000,0.654,654,0.8
1,2,9094839000000,44000,0.248818,4.019,8.77193,1.03968e+07,9.12e+07,1000000000,0.114,114,0.8
1,2,9094840000000,45000,0.248867,4.01822,3.98406,5.04008e+07,2.008e+08,1000000000,0.251,251,0.8
1,2,9094841000000,46000,0.252217,3.96483,2.48139,1.29927e+08,3.224e+08,1000000000,0.403,403,0.8
1,2,9094842000000,47000,0.249277,4.01161,8.77193,1.03968e+07,9.12e+07,1000000000,0.114,114,0.8
1,2,9094843000000,48000,0.253708,3.94153,2.1645,1.70755e+08,3.696e+08,1000000000,0.462,462,0.8
1,2,9094844000000,49000,0.252449,3.9612,5.20833,2.94912e+07,1.536e+08,1000000000,0.192,192,0.8
1,2,9094845000000,50000,0.24968,4.00513,8.77193,1.03968e+07,9.12e+07,1000000000,0.114,114,0.8
1,2,9094846000000,51000,0.257471,3.88394,1.5456,3.34887e+08,5.176e+08,1000000000,0.647,647,0.8
1,2,9094847000000,52000,0.254788,3.92482,8.47458,1.11392e+07,9.44e+07,1000000000,0.118,118,0.8
1,2,9094848000000,53000,0.25234,3.96291,8,1.25e+07,1e+08,1000000000,0.125,125,0.8
1,2,9094849000000,54000,0.257519,3.88322,1.8797,2.26419e+08,4.256e+08,1000000000,0.532,532,0.8
1,2,9094850000000,55000,0.254491,3.92941,10.989,6.6248e+06,7.28e+07,1000000000,0.091,91,0.8
1,2,9094851000000,56000,0.251036,3.9835,16.3934,2.9768e+06,4.88e+07,1000000000,0.061,61,0.8
1,2,9094852000000,57000,0.246895,4.05031,66.6667,180000,1.2e+07,1000000000,0.015,15,0.8
1,2,9094853000000,58000,0.243862,4.10068,14.0845,4.0328e+06,5.68e+07,1000000000,0.071,71,0.8
1,1,9094854000000,60000,0.239217,4.18031,9.56938,1.96564e+07,1.881e+08,2000000000,0.1045,104.5,0.9
1,0,9094855000000,64000,0.224844,4.44753,108.108,342250,3.7e+07,4000000000,0.00925,9.25,1
1,1,9094856000000,66000,0.219591,4.55392,19.4175,4.77405e+06,9.27e+07,2000000000,0.0515,51.5,0.9
1,1,9094857000000,68000,0.215838,4.6331,10.8696,1.52352e+07,1.656e+08,2000000000,0.092,92,0.9
1,2,9094858000000,69000,0.219783,4.54995,2.04918,1.90515e+08,3.904e+08,1000000000,0.488,488,0.8
1,2,9094859000000,70000,0.218343,4.57995,8.40336,1.13288e+07,9.52e+07,1000000000,0.119,119,0.8
1,2,9094860000000,71000,0.221437,4.51596,2.28311,1.53475e+08,3.504e+08,1000000000,0.438,438,0.8
1,2,9094861000000,72000,0.221292,4.51892,4.73934,3.56168e+07,1.688e+08,1000000000,0.211,211,0.8
1,2,9094862000000,73000,0.219781,4.54999,9.00901,9.8568e+06,8.88e+07,1000000000,0.111,111,0.8
1,2,9094863000000,74000,0.225527,4.43406,1.55039,3.3282e+08,5.16e+08,1000000000,0.645,645,0.8
1,2,9094864000000,75000,0.22416,4.4611,8.13008,1.21032e+07,9.84e+07,1000000000,0.123,123,0.8
1,2,9094865000000,76000,0.222855,4.48722,8,1.25e+07,1e+08,1000000000,0.125,125,0.8
1,2,9094866000000,77000,0.22687,4.40781,1.8797,2.26419e+08,4.256e+08,1000000000,0.532,532,0.8
1,2,9094867000000,78000,0.225385,4.43686,9.00901,9.8568e+06,8.88e+07,1000000000,0.111,111,0.8
1,2,9094868000000,79000,0.227038,4.40455,2.80899,1.01389e+08,2.848e+08,1000000000,0.356,356,0.8
1,2,9094869000000,80000,0.227963,4.38669,3.32226,7.24808e+07,2.408e+08,1000000000,0.301,301,0.8
1,2,9094870000000,81000,0.226519,4.41465,9.00901,9.8568e+06,8.88e+07,1000000000,0.111,111,0.8
1,2,9094871000000,82000,0.230841,4.33198,1.72117,2.70049e+08,4.648e+08,1000000000,0.581,581,0.8
1,2,9094872000000,83000,0.229386,4.35947,9.09091,9.68e+06,8.8e+07,1000000000,0.11,110,0.8
1,2,9094873000000,84000,0.227619,4.39331,12.3457,5.2488e+06,6.48e+07,1000000000,0.081,81,0.8
1,2,9094874000000,85000,0.232624,4.29879,1.53139,3.41127e+08,5.224e+08,1000000000,0.653,653,0.8
1,2,9094875000000,86000,0.231209,4.32509,9.00901,9.8568e+06,8.88e+07,1000000000,0.111,111,0.8
1,2,9094876000000,87000,0.231655,4.31676,3.7037,5.832e+07,2.16e+08,1000000000,0.27,270,0.8
1,2,9094877000000,88000,0.23342,4.28411,2.58398,1.19815e+08,3.096e+08,1000000000,0.387,387,0.8
1,2,9094878000000,89000,0.232045,4.30951,9.00901,9.8568e+06,8.88e+07,1000000000,0.111,111,0.8
1,2,9094879000000,90000,0.234922,4.25673,2.03666,1.92865e+08,3.928e+08,1000000000,0.491,491,0.8
1,2,9094880000000,91000,0.234165,4.2705,6.0241,2.20448e+07,1.328e+08,1000000000,0.166,166,0.8
1,2,9094881000000,92000,0.232826,4.29505,9.00901,9.8568e+06,8.88e+07,1000000000,0.111,111,0.8
1,2,9094882000000,93000,0.237387,4.21253,1.52207,3.45319e+08,5.256e+08,1000000000,0.657,657,0.8
1,2,9094883000000,94000,0.236043,4.23652,9.00901,9.8568e+06,8.88e+07,1000000000,0.111,111,0.8
1,2,9094884000000,95000,0.235526,4.24581,5.34759,2.79752e+07,1.496e+08,1000000000,0.187,187,0.8
1,2,9094885000000,96000,0.237969,4.20223,2.12766,1.7672e+08,3.76e+08,1000000000,0.47,470,0.8
1,2,9094886000000,97000,0.23666,4.22547,9.00901,9.8568e+06,8.88e+07,1000000000,0.111,111,0.8
1,2,9094887000000,98000,0.238378,4.19503,2.46914,1.3122e+08,3.24e+08,1000000000,0.405,405,0.8
1,2,9094888000000,99000,0.238515,4.19261,3.96825,5.08032e+07,2.016e+08,1000000000,0.252,252,0.8
1,2,9094889000000,100000,0.23724,4.21514,9.00901,9.8568e+06,8.88e+07,1000000000,0.111,111,0.8
1,2,9094890000000,101000,0.241079,4.14801,1.6,3.125e+08,5e+08,1000000000,0.625,625,0.8
1,2,9094891000000,102000,0.23998,4.16701,7.75194,1.33128e+07,1.032e+08,1000000000,0.129,129,0.8
1,2,9094892000000,103000,0.238495,4.19296,11.4943,6.0552e+06,6.96e+07,1000000000,0.087,87,0.8
1,2,9094893000000,104000,0.241817,4.13535,1.71233,2.72845e+08,4.672e+08,1000000000,0.584,584,0.8
1,2,9094894000000,105000,0.240571,4.15677,9.00901,9.8568e+06,8.88e+07,1000000000,0.111,111,0.8
1,2,9094895000000,106000,0.241321,4.14386,3.125,8.192e+07,2.56e+08,1000000000,0.32,320,0.8
1,2,9094896000000,107000,0.242215,4.12856,2.96736,9.08552e+07,2.696e+08,1000000000,0.337,337,0.8
1,2,9094897000000,108000,0.241,4.14938,9.00901,9.8568e+06,8.88e+07,1000000000,0.111,111,0.8
1,2,9094898000000,109000,0.243761,4.10237,1.84502,2.35011e+08,4.336e+08,1000000000,0.542,542,0.8
1,2,9094899000000,110000,0.242609,4.12186,8.54701,1.09512e+07,9.36e+07,1000000000,0.117,117,0.8
1,2,9094900000000,111000,0.241405,4.14241,9.17431,9.5048e+06,8.72e+07,1000000000,0.109,109,0.8
1,2,9094901000000,112000,0.245116,4.0797,1.52207,3.45319e+08,5.256e+08,1000000000,0.657,657,0.8
1,2,9094902000000,113000,0.243929,4.09955,9.00901,9.8568e+06,8.88e+07,1000000000,0.111,111,0.8
1,2,9094903000000,114000,0.243868,4.10057,4.21941,4.49352e+07,1.896e+08,1000000000,0.237,237,0.8
1,2,9094904000000,115000,0.2454,4.07498,2.38095,1.4112e+08,3.36e+08,1000000000,0.42,420,0.8
1,2,9094905000000,116000,0.244241,4.09431,9.00901,9.8568e+06,8.88e+07,1000000000,0.111,111,0.8
1,2,9094906000000,117000,0.246026,4.06462,2.20751,1.64167e+08,3.624e+08,1000000000,0.453,453,0.8
1,2,9094907000000,118000,0.248314,4.02717,1.93798,2.13005e+08,4.128e+08,1000000000,0.516,516,0.8
1,2,9094908000000,119000,0.247807,4.0354,5.31915,2.82752e+07,1.504e+08,1000000000,0.188,188,0.8
1,2,9094909000000,120000,0.247133,4.0464,5.98802,2.23112e+07,1.336e+08,1000000000,0.167,167,0.8
1,2,9094910000000,121000,0.249008,4.01593,2.1097,1.79741e+08,3.792e+08,1000000000,0.474,474,0.8
1,2,9094911000000,122000,0.24759,4.03893,13.1579,4.6208e+06,6.08e+07,1000000000,0.076,76,0.8
1,2,9094912000000,123000,0.245577,4.07204,0,0,0,1000000000,0,0,0.8
1,2,9094913000000,124000,0.243726,4.10297,62.5,204800,1.28e+07,1000000000,0.016,16,0.8
1,2,9094914000000,125000,0.24572,4.06967,2.0284,1.94439e+08,3.944e+08,1000000000,0.493,493,0.8
1,2,9094915000000,126000,0.245254,4.07741,5.34759,2.79752e+07,1.496e+08,1000000000,0.187,187,0.8
1,2,9094916000000,127000,0.244457,4.0907,6.94444,1.65888e+07,1.152e+08,1000000000,0.144,144,0.8
1,2,9094917000000,128000,0.247453,4.04117,1.59236,3.15507e+08,5.024e+08,1000000000,0.628,628,0.8
1,2,9094918000000,129000,0.246419,4.05814,8.77193,1.03968e+07,9.12e+07,1000000000,0.114,114,0.8
1,2,9094919000000,130000,0.245915,4.06644,5.52486,2.62088e+07,1.448e+08,1000000000,0.181,181,0.8
1,2,9094920000000,131000,0.247588,4.03897,2.15054,1.7298e+08,3.72e+08,1000000000,0.465,465,0.8
1,2,9094921000000,132000,0.246833,4.05132,6.75676,1.75232e+07,1.184e+08,1000000000,0.148,148,0.8
1,2,9094922000000,133000,0.24794,4.03324,2.53807,1.24189e+08,3.152e+08,1000000000,0.394,394,0.8
1,2,9094923000000,134000,0.247836,4.03493,4.2735,4.38048e+07,1.872e+08,1000000000,0.234,234,0.8
1,2,9094924000000,135000,0.246844,4.05113,8.77193,1.03968e+07,9.12e+07,1000000000,0.114,114,0.8
1,2,9094925000000,136000,0.249662,4.00542,1.5873,3.1752e+08,5.04e+08,1000000000,0.63,630,0.8
1,2,9094926000000,137000,0.248898,4.01771,6.89655,1.682e+07,1.16e+08,1000000000,0.145,145,0.8
1,2,9094927000000,138000,0.247725,4.03674,11.4943,6.0552e+06,6.96e+07,1000000000,0.087,87,0.8
1,2,9094928000000,139000,0.249971,4.00046,1.78571,2.5088e+08,4.48e+08,1000000000,0.56,560,0.8
1,2,9094929000000,140000,0.249,4.01606,8.77193,1.03968e+07,9.12e+07,1000000000,0.114,114,0.8
1,2,9094930000000,141000,0.249773,4.00363,2.7933,1.02531e+08,2.864e+08,1000000000,0.358,358,0.8
1,2,9094931000000,142000,0.250042,3.99932,3.47222,6.63552e+07,2.304e+08,1000000000,0.288,288,0.8
1,2,9094932000000,143000,0.249329,4.01077,6.75676,1.75232e+07,1.184e+08,1000000000,0.148,148,0.8
1,2,9094933000000,144000,0.251556,3.97527,1.75439,2.5992e+08,4.56e+08,1000000000,0.57,570,0.8
1,2,9094934000000,145000,0.250745,3.98812,7.46269,1.43648e+07,1.072e+08,1000000000,0.134,134,0.8
1,2,9094935000000,146000,0.249514,4.0078,14.0845,4.0328e+06,5.68e+07,1000000000,0.071,71,0.8
1,2,9094936000000,147000,0.251986,3.96847,1.63132,3.00615e+08,4.904e+08,1000000000,0.613,613,0.8
1,2,9094937000000,148000,0.251284,3.97956,6.75676,1.75232e+07,1.184e+08,1000000000,0.148,148,0.8
1,2,9094938000000,149000,0.25151,3.97598,3.50877,6.498e+07,2.28e+08,1000000000,0.285,285,0.8
1,2,9094939000000,150000,0.25212,3.96637,2.91545,9.41192e+07,2.744e+08,1000000000,0.343,343,0.8
1,2,9094940000000,151000,0.251205,3.98081,8.77193,1.03968e+07,9.12e+07,1000000000,0.114,114,0.8
1,2,9094941000000,152000,0.253118,3.95072,1.84502,2.35011e+08,4.336e+08,1000000000,0.542,542,0.8
1,2,9094942000000,153000,0.252144,3.96599,9.61538,8.6528e+06,8.32e+07,1000000000,0.104,104,0.8
1,2,9094943000000,154000,0.251468,3.97666,6.75676,1.75232e+07,1.184e+08,1000000000,0.148,148,0.8
1,2,9094944000000,155000,0.253897,3.93861,1.59236,3.15507e+08,5.024e+08,1000000000,0.628,628,0.8
1,2,9094945000000,156000,0.253,3.95257,8.77193,1.03968e+07,9.12e+07,1000000000,0.114,114,0.8
1,2,9094946000000,157000,0.253006,3.95247,3.93701,5.16128e+07,2.032e+08,1000000000,0.254,254,0.8
1,2,9094947000000,158000,0.253886,3.93877,2.55102,1.22931e+08,3.136e+08,1000000000,0.392,392,0.8
1,2,9094948000000,159000,0.25322,3.94913,6.75676,1.75232e+07,1.184e+08,1000000000,0.148,148,0.8
1,2,9094949000000,160000,0.25455,3.9285,2.14592,1.73725e+08,3.728e+08,1000000000,0.466,466,0.8
1,2,9094950000000,161000,0.253975,3.93739,6.17284,2.09952e+07,1.296e+08,1000000000,0.162,162,0.8
1,2,9094951000000,162000,0.253111,3.95083,8.77193,1.03968e+07,9.12e+07,1000000000,0.114,114,0.8
1,2,9094952000000,163000,0.255521,3.91357,1.54799,3.33853e+08,5.168e+08,1000000000,0.646,646,0.8
1,2,9094953000000,164000,0.254866,3.92363,6.75676,1.75232e+07,1.184e+08,1000000000,0.148,148,0.8
1,2,9094954000000,165000,0.25437,3.93129,5.78035,2.39432e+07,1.384e+08,1000000000,0.173,173,0.8
1,2,9094955000000,166000,0.255578,3.9127,2.1978,1.6562e+08,3.64e+08,1000000000,0.455,455,0.8
1,2,9094956000000,167000,0.254731,3.92572,8.77193,1.03968e+07,9.12e+07,1000000000,0.114,114,0.8
1,2,9094957000000,168000,0.25581,3.90916,2.29358,1.52077e+08,3.488e+08,1000000000,0.436,436,0.8
1,2,9094958000000,169000,0.255538,3.91331,4.7619,3.528e+07,1.68e+08,1000000000,0.21,210,0.8
1,2,9094959000000,170000,0.254906,3.92302,6.75676,1.75232e+07,1.184e+08,1000000000,0.148,148,0.8
1,2,9094960000000,171000,0.256871,3.893,1.69205,2.79425e+08,4.728e+08,1000000000,0.591,591,0.8
1,2,9094961000000,171149,0.256911,3.8924,3.31111,7.29697e+07,2.41611e+08,1000000000,0.302013,45,0.8
2,0,9094801000000,4000,0.034,29.4118,29.4118,4.624e+06,1.36e+08,4000000000,0.034,34,1
2,1,9094802000000,6000,0.041,24.3902,18.1818,5.445e+06,9.9e+07,2000000000,0.055,55,0.9
2,1,9094803000000,8000,0.10625,9.41176,3.31126,1.64167e+08,5.436e+08,2000000000,0.302,302,0.9
2,2,9094804000000,9000,0.108,9.25926,8.19672,1.19072e+07,9.76e+07,1000000000,0.122,122,0.8
2,2,9094805000000,10000,0.1454,6.87758,2.07469,1.85859e+08,3.856e+08,1000000000,0.482,482,0.8
2,2,9094806000000,11000,0.147091,6.79852,6.09756,2.15168e+07,1.312e+08,1000000000,0.164,164,0.8
2,2,9094807000000,12000,0.144333,6.92841,8.77193,1.03968e+07,9.12e+07,1000000000,0.114,114,0.8
2,2,9094808000000,13000,0.183538,5.44845,1.52905,3.42173e+08,5.232e+08,1000000000,0.654,654,0.8
2,2,9094809000000,14000,0.178571,5.6,8.77193,1.03968e+07,9.12e+07,1000000000,0.114,114,0.8
2,2,9094810000000,15000,0.1772,5.64334,6.32911,1.99712e+07,1.264e+08,1000000000,0.158,158,0.8
2,2,9094811000000,16000,0.197125,5.07292,2.01613,1.96813e+08,3.968e+08,1000000000,0.496,496,0.8
2,2,9094812000000,17000,0.192235,5.20196,8.77193,1.03968e+07,9.12e+07,1000000000,0.114,114,0.8
2,2,9094813000000,18000,0.202389,4.94098,2.66667,1.125e+08,3e+08,1000000000,0.375,375,0.8
2,2,9094814000000,19000,0.206421,4.84447,3.58423,6.22728e+07,2.232e+08,1000000000,0.279,279,0.8
2,2,9094815000000,20000,0.2018,4.9554,8.77193,1.03968e+07,9.12e+07,1000000000,0.114,114,0.8
2,2,9094816000000,21000,0.220286,4.53956,1.69492,2.7848e+08,4.72e+08,1000000000,0.59,590,0.8
2,2,9094817000000,22000,0.214727,4.65707,10.2041,7.6832e+06,7.84e+07,1000000000,0.098,98,0.8
2,2,9094818000000,23000,0.208957,4.78568,12.1951,5.3792e+06,6.56e+07,1000000000,0.082,82,0.8
2,2,9094819000000,24000,0.227417,4.39722,1.53374,3.40083e+08,5.216e+08,1000000000,0.652,652,0.8
2,2,9094820000000,25000,0.22288,4.48672,8.77193,1.03968e+07,9.12e+07,1000000000,0.114,114,0.8
2,2,9094821000000,26000,0.224423,4.45587,3.80228,5.53352e+07,2.104e+08,1000000000,0.263,263,0.8
2,2,9094822000000,27000,0.230593,4.33665,2.55754,1.22305e+08,3.128e+08,1000000000,0.391,391,0.8
2,2,9094823000000,28000,0.226429,4.4164,8.77193,1.03968e+07,9.12e+07,1000000000,0.114,114,0.8
2,2,9094824000000,29000,0.234966,4.25594,2.1097,1.79741e+08,3.792e+08,1000000000,0.474,474,0.8
2,2,9094825000000,30000,0.233133,4.28939,5.55556,2.592e+07,1.44e+08,1000000000,0.18,180,0.8
2,2,9094826000000,31000,0.22929,4.36128,8.77193,1.03968e+07,9.12e+07,1000000000,0.114,114,0.8
2,2,9094827000000,32000,0.2425,4.12371,1.53374,3.40083e+08,5.216e+08,1000000000,0.652,652,0.8
2,2,9094828000000,33000,0.238667,4.18994,8.62069,1.07648e+07,9.28e+07,1000000000,0.116,116,0.8
2,2,9094829000000,34000,0.235794,4.24099,7.0922,1.59048e+07,1.128e+08,1000000000,0.141,141,0.8
2,2,9094830000000,35000,0.243714,4.10317,1.94932,2.10535e+08,4.104e+08,1000000000,0.513,513,0.8
2,2,9094831000000,36000,0.240111,4.16474,8.77193,1.03968e+07,9.12e+07,1000000000,0.114,114,0.8
2,2,9094832000000,37000,0.243351,4.10928,2.77778,1.0368e+08,2.88e+08,1000000000,0.36,360,0.8
2,2,9094833000000,38000,0.244684,4.0869,3.40136,6.91488e+07,2.352e+08,1000000000,0.294,294,0.8
2,2,9094834000000,39000,0.241333,4.14365,8.77193,1.03968e+07,9.12e+07,1000000000,0.114,114,0.8
2,2,9094835000000,40000,0.249625,4.00601,1.7452,2.62663e+08,4.584e+08,1000000000,0.573,573,0.8
2,2,9094836000000,41000,0.246,4.06504,9.90099,8.1608e+06,8.08e+07,1000000000,0.101,101,0.8
2,2,9094837000000,42000,0.242381,4.12574,10.6383,7.0688e+06,7.52e+07,1000000000,0.094,94,0.8
2,2,9094838000000,43000,0.251953,3.96899,1.52905,3.42173e+08,5.232e+08,1000000000,0.654,654,0.8
2,2,9094839000000,44000,0.248818,4.019,8.77193,1.03968e+07,9.12e+07,1000000000,0.114,114,0.8
2,2,9094840000000,45000,0.248867,4.01822,3.98406,5.04008e+07,2.008e+08,1000000000,0.251,251,0.8
2,2,9094841000000,46000,0.252217,3.96483,2.48139,1.29927e+08,3.224e+08,1000000000,0.403,403,0.8
2,2,9094842000000,47000,0.249277,4.01161,8.77193,1.03968e+07,9.12e+07,1000000000,0.114,114,0.8
2,2,9094843000000,48000,0.253708,3.94153,2.1645,1.70755e+08,3.696e+08,1000000000,0.462,462,0.8
2,2,9094844000000,49000,0.252449,3.9612,5.20833,2.94912e+07,1.536e+08,1000000000,0.192,192,0.8
2,2,9094845000000,50000,0.24968,4.00513,8.77193,1.03968e+07,9.12e+07,1000000000,0.114,114,0.8
2,2,9094846000000,51000,0.257471,3.88394,1.5456,3.34887e+08,5.176e+08,1000000000,0.647,647,0.8
2,2,9094847000000,52000,0.254788,3.92482,8.47458,1.11392e+07,9.44e+07,1000000000,0.118,118,0.8
2,2,9094848000000,53000,0.25234,3.96291,8,1.25e+07,1e+08,1000000000,0.125,125,0.8
2,2,9094849000000,54000,0.257519,3.88322,1.8797,2.26419e+08,4.256e+08,1000000000,0.532,532,0.8
2,2,9094850000000,55000,0.254491,3.92941,10.989,6.6248e+06,7.28e+07,1000000000,0.091,91,0.8
2,2,9094851000000,56000,0.251036,3.9835,16.3934,2.9768e+06,4.88e+07,1000000000,0.061,61,0.8
2,2,9094852000000,57000,0.246895,4.05031,66.6667,180000,1.2e+07,1000000000,0.015,15,0.8
2,2,9094853000000,58000,0.243862,4.10068,14.0845,4.0328e+06,5.68e+07,1000000000,0.071,71,0.8
2,1,9094854000000,60000,0.239217,4.18031,9.56938,1.96564e+07,1.881e+08,2000000000,0.1045,104.5,0.9
2,0,9094855000000,64000,0.224844,4.44753,108.108,342250,3.7e+07,4000000000,0.00925,9.25,1
2,1,9094856000000,66000,0.219591,4.55392,19.4175,4.77405e+06,9.27e+07,2000000000,0.0515,51.5,0.9
2,1,9094857000000,68000,0.215838,4.6331,10.8696,1.52352e+07,1.656e+08,2000000000,0.092,92,0.9
2,2,9094858000000,69000,0.219783,4.54995,2.04918,1.90515e+08,3.904e+08,1000000000,0.488,488,0.8
2,2,9094859000000,70000,0.218343,4.57995,8.40336,1.13288e+07,9.52e+07,1000000000,0.119,119,0.8
2,2,9094860000000,71000,0.221437,4.51596,2.28311,1.53475e+08,3.504e+08,1000000000,0.438,438,0.8
2,2,9094861000000,72000,0.221292,4.51892,4.73934,3.56168e+07,1.688e+08,1000000000,0.211,211,0.8
2,2,9094862000000,73000,0.219781,4.54999,9.00901,9.8568e+06,8.88e+07,1000000000,0.111,111,0.8
2,2,9094863000000,74000,0.225527,4.43406,1.55039,3.3282e+08,5.16e+08,1000000000,0.645,645,0.8
2,2,9094864000000,75000,0.22416,4.4611,8.13008,1.21032e+07,9.84e+07,1000000000,0.123,123,0.8
2,2,9094865000000,76000,0.222855,4.48722,8,1.25e+07,1e+08,1000000000,0.125,125,0.8
2,2,9094866000000,77000,0.22687,4.40781,1.8797,2.26419e+08,4.256e+08,1000000000,0.532,532,0.8
2,2,9094867000000,78000,0.225385,4.43686,9.00901,9.8568e+06,8.88e+07,1000000000,0.111,111,0.8
2,2,9094868000000,79000,0.227038,4.40455,2.80899,1.01389e+08,2.848e+08,1000000000,0.356,356,0.8
2,2,9094869000000,80000,0.227963,4.38669,3.32226,7.24808e+07,2.408e+08,1000000000,0.301,301,0.8
2,2,9094870000000,81000,0.226519,4.41465,9.00901,9.8568e+06,8.88e+07,1000000000,0.111,111,0.8
2,2,9094871000000,82000,0.230841,4.33198,1.72117,2.70049e+08,4.648e+08,1000000000,0.581,581,0.8
2,2,9094872000000,83000,0.229386,4.35947,9.09091,9.68e+06,8.8e+07,1000000000,0.11,110,0.8
2,2,9094873000000,84000,0.227619,4.39331,12.3457,5.2488e+06,6.48e+07,1000000000,0.081,81,0.8
2,2,9094874000000,85000,0.232624,4.29879,1.53139,3.41127e+08,5.224e+08,1000000000,0.653,653,0.8
2,2,9094875000000,86000,0.231209,4.32509,9.00901,9.8568e+06,8.88e+07,1000000000,0.111,111,0.8
2,2,9094876000000,87000,0.231655,4.31676,3.7037,5.832e+07,2.16e+08,1000000000,0.27,270,0.8
2,2,9094877000000,88000,0.23342,4.28411,2.58398,1.19815e+08,3.096e+08,1000000000,0.387,387,0.8
2,2,9094878000000,89000,0.232045,4.30951,9.00901,9.8568e+06,8.88e+07,1000000000,0.111,111,0.8
2,2,9094879000000,90000,0.234922,4.25673,2.03666,1.92865e+08,3.928e+08,1000000000,0.491,491,0.8
2,2,9094880000000,91000,0.234165,4.2705,6.0241,2.20448e+07,1.328e+08,1000000000,0.166,166,0.8
2,2,9094881000000,92000,0.232826,4.29505,9.00901,9.8568e+06,8.88e+07,1000000000,0.111,111,0.8
2,2,9094882000000,93000,0.237387,4.21253,1.52207,3.45319e+08,5.256e+08,1000000000,0.657,657,0.8
2,2,9094883000000,94000,0.236043,4.23652,9.00901,9.8568e+06,8.88e+07,1000000000,0.111,111,0.8
2,2,9094884000000,95000,0.235526,4.24581,5.34759,2.79752e+07,1.496e+08,1000000000,0.187,187,0.8
2,2,9094885000000,96000,0.237969,4.20223,2.12766,1.7672e+08,3.76e+08,1000000000,0.47,470,0.8
2,2,9094886000000,97000,0.23666,4.22547,9.00901,9.8568e+06,8.88e+07,1000000000,0.111,111,0.8
2,2,9094887000000,98000,0.238378,4.19503,2.46914,1.3122e+08,3.24e+08,1000000000,0.405,405,0.8
2,2,9094888000000,99000,0.238515,4.19261,3.96825,5.08032e+07,2.016e+08,1000000000,0.252,252,0.8
2,2,9094889000000,100000,0.23724,4.21514,9.00901,9.8568e+06,8.88e+07,1000000000,0.111,111,0.8
2,2,9094890000000,101000,0.241079,4.14801,1.6,3.125e+08,5e+08,1000000000,0.625,625,0.8
2,2,9094891000000,102000,0.23998,4.16701,7.75194,1.33128e+07,1.032e+08,1000000000,0.129,129,0.8
2,2,9094892000000,103000,0.238495,4.19296,11.4943,6.0552e+06,6.96e+07,1000000000,0.087,87,0.8
2,2,9094893000000,104000,0.241817,4.13535,1.71233,2.72845e+08,4.672e+08,1000000000,0.584,584,0.8
2,2,9094894000000,105000,0.240571,4.15677,9.00901,9.8568e+06,8.88e+07,1000000000,0.111,111,0.8
2,2,9094895000000,106000,0.241321,4.14386,3.125,8.192e+07,2.56e+08,1000000000,0.32,320,0.8
2,2,9094896000000,107000,0.242215,4.12856,2.96736,9.08552e+07,2.696e+08,1000000000,0.337,337,0.8
2,2,9094897000000,108000,0.241,4.14938,9.00901,9.8568e+06,8.88e+07,1000000000,0.111,111,0.8
2,2,9094898000000,109000,0.243761,4.10237,1.84502,2.35011e+08,4.336e+08,1000000000,0.542,542,0.8
2,2,9094899000000,110000,0.242609,4.12186,8.54701,1.09512e+07,9.36e+07,1000000000,0.117,117,0.8
2,2,9094900000000,111000,0.241405,4.14241,9.17431,9.5048e+06,8.72e+07,1000000000,0.109,109,0.8
2,2,9094901000000,112000,0.245116,4.0797,1.52207,3.45319e+08,5.256e+08,1000000000,0.657,657,0.8
2,2,9094902000000,113000,0.243929,4.09955,9.00901,9.8568e+06,8.88e+07,1000000000,0.111,111,0.8
2,2,9094903000000,114000,0.243868,4.10057,4.21941,4.49352e+07,1.896e+08,1000000000,0.237,237,0.8
2,2,9094904000000,115000,0.2454,4.07498,2.38095,1.4112e+08,3.36e+08,1000000000,0.42,420,0.8
2,2,9094905000000,116000,0.244241,4.09431,9.00901,9.8568e+06,8.88e+07,1000000000,0.111,111,0.8
2,2,9094906000000,117000,0.246026,4.06462,2.20751,1.64167e+08,3.624e+08,1000000000,0.453,453,0.8
2,2,9094907000000,118000,0.248314,4.02717,1.93798,2.13005e+08,4.128e+08,1000000000,0.516,516,0.8
2,2,9094908000000,119000,0.247807,4.0354,5.31915,2.82752e+07,1.504e+08,1000000000,0.188,188,0.8
2,2,9094909000000,120000,0.247133,4.0464,5.98802,2.23112e+07,1.336e+08,1000000000,0.167,167,0.8
2,2,9094910000000,121000,0.249008,4.01593,2.1097,1.79741e+08,3.792e+08,1000000000,0.474,474,0.8
2,2,9094911000000,122000,0.24818,4.02933,6.75676,1.75232e+07,1.184e+08,1000000000,0.148,148,0.8
2,2,9094912000000,123000,0.249309,4.01109,2.58398,1.19815e+08,3.096e+08,1000000000,0.387,387,0.8
2,2,9094913000000,124000,0.249242,4.01217,4.14938,4.64648e+07,1.928e+08,1000000000,0.241,241,0.8
2,2,9094914000000,125000,0.24816,4.02966,8.77193,1.03968e+07,9.12e+07,1000000000,0.114,114,0.8
2,2,9094915000000,126000,0.251167,3.98142,1.5949,3.14503e+08,5.016e+08,1000000000,0.627,627,0.8
2,2,9094916000000,127000,0.250315,3.99497,6.99301,1.63592e+07,1.144e+08,1000000000,0.143,143,0.8
2,2,9094917000000,128000,0.249008,4.01594,12.0482,5.5112e+06,6.64e+07,1000000000,0.083,83,0.8
2,2,9094918000000,129000,0.251488,3.97633,1.75747,2.59009e+08,4.552e+08,1000000000,0.569,569,0.8
2,2,9094919000000,130000,0.250431,3.99312,8.77193,1.03968e+07,9.12e+07,1000000000,0.114,114,0.8
2,2,9094920000000,131000,0.251221,3.98055,2.82486,1.00253e+08,2.832e+08,1000000000,0.354,354,0.8
2,2,9094921000000,132000,0.25153,3.97566,3.42466,6.82112e+07,2.336e+08,1000000000,0.292,292,0.8
2,2,9094922000000,133000,0.250752,3.98801,6.75676,1.75232e+07,1.184e+08,1000000000,0.148,148,0.8
2,2,9094923000000,134000,0.253104,3.95094,1.76678,2.56285e+08,4.528e+08,1000000000,0.566,566,0.8
2,2,9094924000000,135000,0.252193,3.96522,7.69231,1.352e+07,1.04e+08,1000000000,0.13,130,0.8
2,2,9094925000000,136000,0.250853,3.9864,14.2857,3.92e+06,5.6e+07,1000000000,0.07,70,0.8
2,2,9094926000000,137000,0.253562,3.94381,1.60772,3.09507e+08,4.976e+08,1000000000,0.622,622,0.8
2,2,9094927000000,138000,0.252797,3.95574,6.75676,1.75232e+07,1.184e+08,1000000000,0.148,148,0.8
2,2,9094928000000,139000,0.252978,3.95291,3.59712,6.18272e+07,2.224e+08,1000000000,0.278,278,0.8
2,2,9094929000000,140000,0.253671,3.94211,2.85714,9.8e+07,2.8e+08,1000000000,0.35,350,0.8
2,2,9094930000000,141000,0.252681,3.95756,8.77193,1.03968e+07,9.12e+07,1000000000,0.114,114,0.8
2,2,9094931000000,142000,0.254676,3.92656,1.86567,2.29837e+08,4.288e+08,1000000000,0.536,536,0.8
2,2,9094932000000,143000,0.253664,3.94222,9.09091,9.68e+06,8.8e+07,1000000000,0.11,110,0.8
2,2,9094933000000,144000,0.252931,3.95365,6.75676,1.75232e+07,1.184e+08,1000000000,0.148,148,0.8
2,2,9094934000000,145000,0.255517,3.91363,1.59236,3.15507e+08,5.024e+08,1000000000,0.628,628,0.8
2,2,9094935000000,146000,0.254548,3.92853,8.77193,1.03968e+07,9.12e+07,1000000000,0.114,114,0.8
2,2,9094936000000,147000,0.25451,3.92912,4.01606,4.96008e+07,1.992e+08,1000000000,0.249,249,0.8
2,2,9094937000000,148000,0.255473,3.91431,2.51889,1.26087e+08,3.176e+08,1000000000,0.397,397,0.8
2,2,9094938000000,149000,0.254752,3.92539,6.75676,1.75232e+07,1.184e+08,1000000000,0.148,148,0.8
2,2,9094939000000,150000,0.256127,3.90432,2.1692,1.70017e+08,3.688e+08,1000000000,0.461,461,0.8
2,2,9094940000000,151000,0.255536,3.91334,5.98802,2.23112e+07,1.336e+08,1000000000,0.167,167,0.8
2,2,9094941000000,152000,0.254605,3.92765,8.77193,1.03968e+07,9.12e+07,1000000000,0.114,114,0.8
2,2,9094942000000,153000,0.257163,3.88858,1.54799,3.33853e+08,5.168e+08,1000000000,0.646,646,0.8
2,2,9094943000000,154000,0.256455,3.89933,6.75676,1.75232e+07,1.184e+08,1000000000,0.148,148,0.8
2,2,9094944000000,155000,0.255865,3.90832,6.06061,2.178e+07,1.32e+08,1000000000,0.165,165,0.8
2,2,9094945000000,156000,0.257192,3.88814,2.15983,1.71495e+08,3.704e+08,1000000000,0.463,463,0.8
2,2,9094946000000,157000,0.25628,3.90198,8.77193,1.03968e+07,9.12e+07,1000000000,0.114,114,0.8
2,2,9094947000000,158000,0.257392,3.88512,2.31481,1.49299e+08,3.456e+08,1000000000,0.432,432,0.8
2,2,9094948000000,159000,0.257119,3.88924,4.6729,3.66368e+07,1.712e+08,1000000000,0.214,214,0.8
2,2,9094949000000,160000,0.256437,3.89959,6.75676,1.75232e+07,1.184e+08,1000000000,0.148,148,0.8
2,2,9094950000000,161000,0.258677,3.86582,1.62075,3.04551e+08,4.936e+08,1000000000,0.617,617,0.8
2,2,9094951000000,162000,0.257852,3.8782,8,1.25e+07,1e+08,1000000000,0.125,125,0.8
2,2,9094952000000,163000,0.257123,3.88919,7.19424,1.54568e+07,1.112e+08,1000000000,0.139,139,0.8
2,2,9094953000000,164000,0.258646,3.86628,1.97239,2.05639e+08,4.056e+08,1000000000,0.507,507,0.8
2,2,9094954000000,165000,0.257976,3.87633,6.75676,1.75232e+07,1.184e+08,1000000000,0.148,148,0.8
2,2,9094955000000,166000,0.258584,3.86721,2.78552,1.03105e+08,2.872e+08,1000000000,0.359,359,0.8
2,2,9094956000000,167000,0.258647,3.86628,3.71747,5.78888e+07,2.152e+08,1000000000,0.269,269,0.8
2,2,9094957000000,168000,0.257786,3.87919,8.77193,1.03968e+07,9.12e+07,1000000000,0.114,114,0.8
2,2,9094958000000,169000,0.259722,3.85027,1.7094,2.7378e+08,4.68e+08,1000000000,0.585,585,0.8
2,2,9094959000000,169237,0.259813,3.84892,3.07792,8.44452e+07,2.59916e+08,1000000000,0.324895,77,0.8
2,2,9094960000000,169237,0.259813,3.84892,0,-nan,-nan,1000000000,-nan,0,0.8
2,2,9094961000000,169237,0.259813,3.84892,0,-nan,-nan,1000000000,-nan,0,0.8
3,0,9094801000000,4000,0.034,29.4118,29.4118,4.624e+06,1.36e+08,4000000000,0.034,34,1
3,1,9094802000000,6000,0.041,24.3902,18.1818,5.445e+06,9.9e+07,2000000000,0.055,55,0.9
3,1,9094803000000,8000,0.10625,9.41176,3.31126,1.64167e+08,5.436e+08,2000000000,0.302,302,0.9
3,2,9094804000000,9000,0.108,9.25926,8.19672,1.19072e+07,9.76e+07,1000000000,0.122,122,0.8
3,2,9094805000000,10000,0.1454,6.87758,2.07469,1.85859e+08,3.856e+08,1000000000,0.482,482,0.8
3,2,9094806000000,11000,0.147091,6.79852,6.09756,2.15168e+07,1.312e+08,1000000000,0.164,164,0.8
3,2,9094807000000,12000,0.144333,6.92841,8.77193,1.03968e+07,9.12e+07,1000000000,0.114,114,0.8
3,2,9094808000000,13000,0.183538,5.44845,1.52905,3.42173e+08,5.232e+08,1000000000,0.654,654,0.8
3,2,9094809000000,14000,0.178571,5.6,8.77193,1.03968e+07,9.12e+07,1000000000,0.114,114,0.8
3,2,9094810000000,15000,0.1772,5.64334,6.32911,1.99712e+07,1.264e+08,1000000000,0.158,158,0.8
3,2,9094811000000,16000,0.197125,5.07292,2.01613,1.96813e+08,3.968e+08,1000000000,0.496,496,0.8
3,2,9094812000000,17000,0.192235,5.20196,8.77193,1.03968e+07,9.12e+07,1000000000,0.114,114,0.8
3,2,9094813000000,18000,0.202389,4.94098,2.66667,1.125e+08,3e+08,1000000000,0.375,375,0.8
3,2,9094814000000,19000,0.206421,4.84447,3.58423,6.22728e+07,2.232e+08,1000000000,0.279,279,0.8
3,2,9094815000000,20000,0.2018,4.9554,8.77193,1.03968e+07,9.12e+07,1000000000,0.114,114,0.8
3,2,9094816000000,21000,0.220286,4.53956,1.69492,2.7848e+08,4.72e+08,1000000000,0.59,590,0.8
3,2,9094817000000,22000,0.214727,4.65707,10.2041,7.6832e+06,7.84e+07,1000000000,0.098,98,0.8
3,2,9094818000000,23000,0.208957,4.78568,12.1951,5.3792e+06,6.56e+07,1000000000,0.082,82,0.8
3,2,9094819000000,24000,0.227417,4.39722,1.53374,3.40083e+08,5.216e+08,1000000000,0.652,652,0.8
3,2,9094820000000,25000,0.22288,4.48672,8.77193,1.03968e+07,9.12e+07,1000000000,0.114,114,0.8
3,2,9094821000000,26000,0.224423,4.45587,3.80228,5.53352e+07,2.104e+08,1000000000,0.263,263,0.8
3,2,9094822000000,27000,0.230593,4.33665,2.55754,1.22305e+08,3.128e+08,1000000000,0.391,391,0.8
3,2,9094823000000,28000,0.226429,4.4164,8.77193,1.03968e+07,9.12e+07,1000000000,0.114,114,0.8
3,2,9094824000000,29000,0.234966,4.25594,2.1097,1.79741e+08,3.792e+08,1000000000,0.474,474,0.8
3,2,9094825000000,30000,0.233133,4.28939,5.55556,2.592e+07,1.44e+08,1000000000,0.18,180,0.8
3,2,9094826000000,31000,0.22929,4.36128,8.77193,1.03968e+07,9.12e+07,1000000000,0.114,114,0.8
3,2,9094827000000,32000,0.2425,4.12371,1.53374,3.40083e+08,5.216e+08,1000000000,0.652,652,0.8
3,2,9094828000000,33000,0.238667,4.18994,8.62069,1.07648e+07,9.28e+07,1000000000,0.116,116,0.8
3,2,9094829000000,34000,0.235794,4.24099,7.0922,1.59048e+07,1.128e+08,1000000000,0.141,141,0.8
3,2,9094830000000,35000,0.243714,4.10317,1.94932,2.10535e+08,4.104e+08,1000000000,0.513,513,0.8
3,2,9094831000000,36000,0.240111,4.16474,8.77193,1.03968e+07,9.12e+07,1000000000,0.114,114,0.8
3,2,9094832000000,37000,0.243351,4.10928,2.77778,1.0368e+08,2.88e+08,1000000000,0.36,360,0.8
3,2,9094833000000,38000,0.244684,4.0869,3.40136,6.91488e+07,2.352e+08,1000000000,0.294,294,0.8
3,2,9094834000000,39000,0.241333,4.14365,8.77193,1.03968e+07,9.12e+07,1000000000,0.114,114,0.8
3,2,9094835000000,40000,0.249625,4.00601,1.7452,2.62663e+08,4.584e+08,1000000000,0.573,573,0.8
3,2,9094836000000,41000,0.246,4.06504,9.90099,8.1608e+06,8.08e+07,1000000000,0.101,101,0.8
3,2,9094837000000,42000,0.242381,4.12574,10.6383,7.0688e+06,7.52e+07,1000000000,0.094,94,0.8
3,2,9094838000000,43000,0.251953,3.96899,1.52905,3.42173e+08,5.232e+08,1000000000,0.654,654,0.8
3,2,9094839000000,44000,0.248818,4.019,8.77193,1.03968e+07,9.12e+07,1000000000,0.114,114,0.8
3,2,9094840000000,45000,0.248867,4.01822,3.98406,5.04008e+07,2.008e+08,1000000000,0.251,251,0.8
3,2,9094841000000,46000,0.252217,3.96483,2.48139,1.29927e+08,3.224e+08,1000000000,0.403,403,0.8
3,2,9094842000000,47000,0.249277,4.01161,8.77193,1.03968e+07,9.12e+07,1000000000,0.114,114,0.8
3,2,9094843000000,48000,0.253708,3.94153,2.1645,1.70755e+08,3.696e+08,1000000000,0.462,462,0.8
3,2,9094844000000,49000,0.252449,3.9612,5.20833,2.94912e+07,1.536e+08,1000000000,0.192,192,0.8
3,2,9094845000000,50000,0.24968,4.00513,8.77193,1.03968e+07,9.12e+07,1000000000,0.114,114,0.8
3,2,9094846000000,51000,0.257471,3.88394,1.5456,3.34887e+08,5.176e+08,1000000000,0.647,647,0.8
3,2,9094847000000,52000,0.254788,3.92482,8.47458,1.11392e+07,9.44e+07,1000000000,0.118,118,0.8
3,2,9094848000000,53000,0.25234,3.96291,8,1.25e+07,1e+08,1000000000,0.125,125,0.8
3,2,9094849000000,54000,0.257519,3.88322,1.8797,2.26419e+08,4.256e+08,1000000000,0.532,532,0.8
3,2,9094850000000,55000,0.254491,3.92941,10.989,6.6248e+06,7.28e+07,1000000000,0.091,91,0.8
3,2,9094851000000,56000,0.251036,3.9835,16.3934,2.9768e+06,4.88e+07,1000000000,0.061,61,0.8
3,2,9094852000000,57000,0.246895,4.05031,66.6667,180000,1.2e+07,1000000000,0.015,15,0.8
3,2,9094853000000,58000,0.243862,4.10068,14.0845,4.0328e+06,5.68e+07,1000000000,0.071,71,0.8
3,1,9094854000000,60000,0.239217,4.18031,9.56938,1.96564e+07,1.881e+08,2000000000,0.1045,104.5,0.9
3,0,9094855000000,64000,0.224844,4.44753,108.108,342250,3.7e+07,4000000000,0.00925,9.25,1
3,1,9094856000000,66000,0.219591,4.55392,19.4175,4.77405e+06,9.27e+07,2000000000,0.0515,51.5,0.9
3,1,9094857000000,68000,0.215838,4.6331,10.8696,1.52352e+07,1.656e+08,2000000000,0.092,92,0.9
3,2,9094858000000,69000,0.219783,4.54995,2.04918,1.90515e+08,3.904e+08,1000000000,0.488,488,0.8
3,2,9094859000000,70000,0.218343,4.57995,8.40336,1.13288e+07,9.52e+07,1000000000,0.119,119,0.8
3,2,9094860000000,71000,0.221437,4.51596,2.28311,1.53475e+08,3.504e+08,1000000000,0.438,438,0.8
3,2,9094861000000,72000,0.221292,4.51892,4.73934,3.56168e+07,1.688e+08,1000000000,0.211,211,0.8
3,2,9094862000000,73000,0.219781,4.54999,9.00901,9.8568e+06,8.88e+07,1000000000,0.111,111,0.8
3,2,9094863000000,74000,0.225527,4.43406,1.55039,3.3282e+08,5.16e+08,1000000000,0.645,645,0.8
3,2,9094864000000,75000,0.22416,4.4611,8.13008,1.21032e+07,9.84e+07,1000000000,0.123,123,0.8
3,2,9094865000000,76000,0.222855,4.48722,8,1.25e+07,1e+08,1000000000,0.125,125,0.8
3,2,9094866000000,77000,0.22687,4.40781,1.8797,2.26419e+08,4.256e+08,1000000000,0.532,532,0.8
3,2,9094867000000,78000,0.225385,4.43686,9.00901,9.8568e+06,8.88e+07,1000000000,0.111,111,0.8
3,2,9094868000000,79000,0.227038,4.40455,2.80899,1.01389e+08,2.848e+08,1000000000,0.356,356,0.8
3,2,9094869000000,80000,0.227963,4.38669,3.32226,7.24808e+07,2.408e+08,1000000000,0.301,301,0.8
3,2,9094870000000,81000,0.226519,4.41465,9.00901,9.8568e+06,8.88e+07,1000000000,0.111,111,0.8
3,2,9094871000000,82000,0.230841,4.33198,1.72117,2.70049e+08,4.648e+08,1000000000,0.581,581,0.8
3,2,9094872000000,83000,0.229386,4.35947,9.09091,9.68e+06,8.8e+07,1000000000,0.11,110,0.8
3,2,9094873000000,84000,0.227619,4.39331,12.3457,5.2488e+06,6.48e+07,1000000000,0.081,81,0.8
3,2,9094874000000,85000,0.232624,4.29879,1.53139,3.41127e+08,5.224e+08,1000000000,0.653,653,0.8
3,2,9094875000000,86000,0.231209,4.32509,9.00901,9.8568e+06,8.88e+07,1000000000,0.111,111,0.8
3,2,9094876000000,87000,0.231655,4.31676,3.7037,5.832e+07,2.16e+08,1000000000,0.27,270,0.8
3,2,9094877000000,88000,0.23342,4.28411,2.58398,1.19815e+08,3.096e+08,1000000000,0.387,387,0.8
3,2,9094878000000,89000,0.232045,4.30951,9.00901,9.8568e+06,8.88e+07,1000000000,0.111,111,0.8
3,2,9094879000000,90000,0.234922,4.25673,2.03666,1.92865e+08,3.928e+08,1000000000,0.491,491,0.8
3,2,9094880000000,91000,0.234165,4.2705,6.0241,2.20448e+07,1.328e+08,1000000000,0.166,166,0.8
3,2,9094881000000,92000,0.232826,4.29505,9.00901,9.8568e+06,8.88e+07,1000000000,0.111,111,0.8
3,2,9094882000000,93000,0.237387,4.21253,1.52207,3.45319e+08,5.256e+08,1000000000,0.657,657,0.8
3,2,9094883000000,94000,0.236043,4.23652,9.00901,9.8568e+06,8.88e+07,1000000000,0.111,111,0.8
3,2,9094884000000,95000,0.235526,4.24581,5.34759,2.79752e+07,1.496e+08,1000000000,0.187,187,0.8
3,2,9094885000000,96000,0.237969,4.20223,2.12766,1.7672e+08,3.76e+08,1000000000,0.47,470,0.8
3,2,9094886000000,97000,0.23666,4.22547,9.00901,9.8568e+06,8.88e+07,1000000000,0.111,111,0.8
3,2,9094887000000,98000,0.238378,4.19503,2.46914,1.3122e+08,3.24e+08,1000000000,0.405,405,0.8
3,2,9094888000000,99000,0.238515,4.19261,3.96825,5.08032e+07,2.016e+08,1000000000,0.252,252,0.8
3,2,9094889000000,100000,0.23724,4.21514,9.00901,9.8568e+06,8.88e+07,1000000000,0.111,111,0.8
3,2,9094890000000,101000,0.241079,4.14801,1.6,3.125e+08,5e+08,1000000000,0.625,625,0.8
3,2,9094891000000,102000,0.23998,4.16701,7.75194,1.33128e+07,1.032e+08,1000000000,0.129,129,0.8
3,2,9094892000000,103000,0.238495,4.19296,11.4943,6.0552e+06,6.96e+07,1000000000,0.087,87,0.8
3,2,9094893000000,104000,0.241817,4.13535,1.71233,2.72845e+08,4.672e+08,1000000000,0.584,584,0.8
3,2,9094894000000,105000,0.240571,4.15677,9.00901,9.8568e+06,8.88e+07,1000000000,0.111,111,0.8
3,2,9094895000000,106000,0.241321,4.14386,3.125,8.192e+07,2.56e+08,1000000000,0.32,320,0.8
3,2,9094896000000,107000,0.242215,4.12856,2.96736,9.08552e+07,2.696e+08,1000000000,0.337,337,0.8
3,2,9094897000000,108000,0.241,4.14938,9.00901,9.8568e+06,8.88e+07,1000000000,0.111,111,0.8
3,2,9094898000000,109000,0.243761,4.10237,1.84502,2.35011e+08,4.336e+08,1000000000,0.542,542,0.8
3,2,9094899000000,110000,0.242609,4.12186,8.54701,1.09512e+07,9.36e+07,1000000000,0.117,117,0.8
3,2,9094900000000,111000,0.241405,4.14241,9.17431,9.5048e+06,8.72e+07,1000000000,0.109,109,0.8
3,2,9094901000000,112000,0.245116,4.0797,1.52207,3.45319e+08,5.256e+08,1000000000,0.657,657,0.8
3,2,9094902000000,113000,0.243929,4.09955,9.00901,9.8568e+06,8.88e+07,1000000000,0.111,111,0.8
3,2,9094903000000,114000,0.243868,4.10057,4.21941,4.49352e+07,1.896e+08,1000000000,0.237,237,0.8
3,2,9094904000000,115000,0.2454,4.07498,2.38095,1.4112e+08,3.36e+08,1000000000,0.42,420,0.8
3,2,9094905000000,116000,0.244241,4.09431,9.00901,9.8568e+06,8.88e+07,1000000000,0.111,111,0.8
3,2,9094906000000,117000,0.246026,4.06462,2.20751,1.64167e+08,3.624e+08,1000000000,0.453,453,0.8
3,2,9094907000000,118000,0.248314,4.02717,1.93798,2.13005e+08,4.128e+08,1000000000,0.516,516,0.8
3,2,9094908000000,119000,0.247807,4.0354,5.31915,2.82752e+07,1.504e+08,1000000000,0.188,188,0.8
3,2,9094909000000,120000,0.247133,4.0464,5.98802,2.23112e+07,1.336e+08,1000000000,0.167,167,0.8
3,2,9094910000000,121000,0.249008,4.01593,2.1097,1.79741e+08,3.792e+08,1000000000,0.474,474,0.8
3,2,9094911000000,122000,0.247385,4.04228,19.6078,2.0808e+06,4.08e+07,1000000000,0.051,51,0.8
3,2,9094912000000,123000,0.246293,4.06021,8.84956,1.02152e+07,9.04e+07,1000000000,0.113,113,0.8
3,2,9094913000000,124000,0.247782,4.0358,2.32019,1.48609e+08,3.448e+08,1000000000,0.431,431,0.8
3,2,9094914000000,125000,0.247184,4.04557,5.78035,2.39432e+07,1.384e+08,1000000000,0.173,173,0.8
3,2,9094915000000,126000,0.246397,4.05849,6.75676,1.75232e+07,1.184e+08,1000000000,0.148,148,0.8
3,2,9094916000000,127000,0.24937,4.0101,1.60256,3.11501e+08,4.992e+08,1000000000,0.624,624,0.8
3,2,9094917000000,128000,0.248344,4.02668,8.47458,1.11392e+07,9.44e+07,1000000000,0.118,118,0.8
3,2,9094918000000,129000,0.247643,4.03806,6.32911,1.99712e+07,1.264e+08,1000000000,0.158,158,0.8
3,2,9094919000000,130000,0.249492,4.00814,2.04918,1.90515e+08,3.904e+08,1000000000,0.488,488,0.8
3,2,9094920000000,131000,0.248718,4.02062,6.75676,1.75232e+07,1.184e+08,1000000000,0.148,148,0.8
3,2,9094921000000,132000,0.249659,4.00546,2.68097,1.11303e+08,2.984e+08,1000000000,0.373,373,0.8
3,2,9094922000000,133000,0.249699,4.00482,3.92157,5.202e+07,2.04e+08,1000000000,0.255,255,0.8
3,2,9094923000000,134000,0.248687,4.02113,8.77193,1.03968e+07,9.12e+07,1000000000,0.114,114,0.8
3,2,9094924000000,135000,0.251437,3.97714,1.6129,3.0752e+08,4.96e+08,1000000000,0.62,620,0.8
3,2,9094925000000,136000,0.250574,3.99084,7.46269,1.43648e+07,1.072e+08,1000000000,0.134,134,0.8
3,2,9094926000000,137000,0.249394,4.00972,11.236,6.3368e+06,7.12e+07,1000000000,0.089,89,0.8
3,2,9094927000000,138000,0.251783,3.97168,1.72712,2.68193e+08,4.632e+08,1000000000,0.579,579,0.8
3,2,9094928000000,139000,0.250791,3.98738,8.77193,1.03968e+07,9.12e+07,1000000000,0.114,114,0.8
3,2,9094929000000,140000,0.251436,3.97716,2.93255,9.30248e+07,2.728e+08,1000000000,0.341,341,0.8
3,2,9094930000000,141000,0.251816,3.97116,3.27869,7.442e+07,2.44e+08,1000000000,0.305,305,0.8
3,2,9094931000000,142000,0.251085,3.98272,6.75676,1.75232e+07,1.184e+08,1000000000,0.148,148,0.8
3,2,9094932000000,143000,0.253182,3.94973,1.81488,2.42881e+08,4.408e+08,1000000000,0.551,551,0.8
3,2,9094933000000,144000,0.252215,3.96487,8.77193,1.03968e+07,9.12e+07,1000000000,0.114,114,0.8
3,2,9094934000000,145000,0.251034,3.98352,12.3457,5.2488e+06,6.48e+07,1000000000,0.081,81,0.8
3,2,9094935000000,146000,0.253712,3.94147,1.55763,3.29731e+08,5.136e+08,1000000000,0.642,642,0.8
3,2,9094936000000,147000,0.252993,3.95268,6.75676,1.75232e+07,1.184e+08,1000000000,0.148,148,0.8
3,2,9094937000000,148000,0.253054,3.95172,3.81679,5.49152e+07,2.096e+08,1000000000,0.262,262,0.8
3,2,9094938000000,149000,0.253812,3.93992,2.73224,1.07165e+08,2.928e+08,1000000000,0.366,366,0.8
3,2,9094939000000,150000,0.25288,3.95444,8.77193,1.03968e+07,9.12e+07,1000000000,0.114,114,0.8
3,2,9094940000000,151000,0.254636,3.92718,1.9305,2.14659e+08,4.144e+08,1000000000,0.518,518,0.8
3,2,9094941000000,152000,0.253803,3.94007,7.8125,1.31072e+07,1.024e+08,1000000000,0.128,128,0.8
3,2,9094942000000,153000,0.253111,3.95083,6.75676,1.75232e+07,1.184e+08,1000000000,0.148,148,0.8
3,2,9094943000000,154000,0.255545,3.9132,1.59236,3.15507e+08,5.024e+08,1000000000,0.628,628,0.8
3,2,9094944000000,155000,0.254632,3.92723,8.77193,1.03968e+07,9.12e+07,1000000000,0.114,114,0.8
3,2,9094945000000,156000,0.2545,3.92927,4.2735,4.38048e+07,1.872e+08,1000000000,0.234,234,0.8
3,2,9094946000000,157000,0.255503,3.91385,2.42718,1.35795e+08,3.296e+08,1000000000,0.412,412,0.8
3,2,9094947000000,158000,0.254823,3.9243,6.75676,1.75232e+07,1.184e+08,1000000000,0.148,148,0.8
3,2,9094948000000,159000,0.256025,3.90587,2.24215,1.59133e+08,3.568e+08,1000000000,0.446,446,0.8
3,2,9094949000000,160000,0.255563,3.91294,5.49451,2.64992e+07,1.456e+08,1000000000,0.182,182,0.8
3,2,9094950000000,161000,0.254683,3.92645,8.77193,1.03968e+07,9.12e+07,1000000000,0.114,114,0.8
3,2,9094951000000,162000,0.257099,3.88956,1.54799,3.33853e+08,5.168e+08,1000000000,0.646,646,0.8
3,2,9094952000000,163000,0.256417,3.89989,6.84932,1.70528e+07,1.168e+08,1000000000,0.146,146,0.8
3,2,9094953000000,164000,0.25572,3.91053,7.04225,1.61312e+07,1.136e+08,1000000000,0.142,142,0.8
3,2,9094954000000,165000,0.257127,3.88912,2.04918,1.90515e+08,3.904e+08,1000000000,0.488,488,0.8
3,2,9094955000000,166000,0.256265,3.90221,8.77193,1.03968e+07,9.12e+07,1000000000,0.114,114,0.8
3,2,9094956000000,167000,0.257198,3.88806,2.42718,1.35795e+08,3.296e+08,1000000000,0.412,412,0.8
3,2,9094957000000,168000,0.25706,3.89015,4.2735,4.38048e+07,1.872e+08,1000000000,0.234,234,0.8
3,2,9094958000000,169000,0.256414,3.89994,6.75676,1.75232e+07,1.184e+08,1000000000,0.148,148,0.8
3,2,9094959000000,170000,0.258312,3.87129,1.72712,2.68193e+08,4.632e+08,1000000000,0.579,579,0.8
3,2,9094960000000,170181,0.258372,3.87039,3.17544,7.93382e+07,2.51934e+08,1000000000,0.314917,57,0.8
3,2,9094961000000,170181,0.258372,3.87039,0,-nan,-nan,1000000000,-nan,0,0.8
4,0,9094801000000,4000,0.036,27.7778,27.7778,5.184e+06,1.44e+08,4000000000,0.036,36,1
4,1,9094802000000,6000,0.0501667,19.9336,12.7389,1.1092e+07,1.413e+08,2000000000,0.0785,78.5,0.9
4,1,9094803000000,8000,0.096,10.4167,4.28266,9.814e+07,4.203e+08,2000000000,0.2335,233.5,0.9
4,2,9094804000000,9000,0.102444,9.76139,6.49351,1.89728e+07,1.232e+08,1000000000,0.154,154,0.8
4,2,9094805000000,10000,0.1497,6.68003,1.73913,2.645e+08,4.6e+08,1000000000,0.575,575,0.8
4,2,9094806000000,11000,0.147818,6.76507,7.75194,1.33128e+07,1.032e+08,1000000000,0.129,129,0.8
4,2,9094807000000,12000,0.1435,6.96864,10.4167,7.3728e+06,7.68e+07,1000000000,0.096,96,0.8
4,2,9094808000000,13000,0.177231,5.64236,1.71821,2.70979e+08,4.656e+08,1000000000,0.582,582,0.8
4,2,9094809000000,14000,0.172714,5.78991,8.77193,1.03968e+07,9.12e+07,1000000000,0.114,114,0.8
4,2,9094810000000,15000,0.183733,5.44267,2.95858,9.13952e+07,2.704e+08,1000000000,0.338,338,0.8
4,2,9094811000000,16000,0.1915,5.22193,3.24675,7.58912e+07,2.464e+08,1000000000,0.308,308,0.8
4,2,9094812000000,17000,0.188941,5.29265,6.75676,1.75232e+07,1.184e+08,1000000000,0.148,148,0.8
4,2,9094813000000,18000,0.209056,4.78342,1.81488,2.42881e+08,4.408e+08,1000000000,0.551,551,0.8
4,2,9094814000000,19000,0.204053,4.9007,8.77193,1.03968e+07,9.12e+07,1000000000,0.114,114,0.8
4,2,9094815000000,20000,0.1979,5.05306,12.3457,5.2488e+06,6.48e+07,1000000000,0.081,81,0.8
4,2,9094816000000,21000,0.219048,4.56522,1.55763,3.29731e+08,5.136e+08,1000000000,0.642,642,0.8
4,2,9094817000000,22000,0.215818,4.63353,6.75676,1.75232e+07,1.184e+08,1000000000,0.148,148,0.8
4,2,9094818000000,23000,0.217826,4.59082,3.81679,5.49152e+07,2.096e+08,1000000000,0.262,262,0.8
4,2,9094819000000,24000,0.224,4.46429,2.73224,1.07165e+08,2.928e+08,1000000000,0.366,366,0.8
4,2,9094820000000,25000,0.2196,4.55373,8.77193,1.03968e+07,9.12e+07,1000000000,0.114,114,0.8
4,2,9094821000000,26000,0.231077,4.32756,1.9305,2.14659e+08,4.144e+08,1000000000,0.518,518,0.8
4,2,9094822000000,27000,0.227259,4.40026,7.8125,1.31072e+07,1.024e+08,1000000000,0.128,128,0.8
4,2,9094823000000,28000,0.224429,4.45576,6.75676,1.75232e+07,1.184e+08,1000000000,0.148,148,0.8
4,2,9094824000000,29000,0.238345,4.1956,1.59236,3.15507e+08,5.024e+08,1000000000,0.628,628,0.8
4,2,9094825000000,30000,0.2342,4.26985,8.77193,1.03968e+07,9.12e+07,1000000000,0.114,114,0.8
4,2,9094826000000,31000,0.234194,4.26997,4.2735,4.38048e+07,1.872e+08,1000000000,0.234,234,0.8
4,2,9094827000000,32000,0.23975,4.17101,2.42718,1.35795e+08,3.296e+08,1000000000,0.412,412,0.8
4,2,9094828000000,33000,0.23697,4.21995,6.75676,1.75232e+07,1.184e+08,1000000000,0.148,148,0.8
4,2,9094829000000,34000,0.243118,4.11323,2.24215,1.59133e+08,3.568e+08,1000000000,0.446,446,0.8
4,2,9094830000000,35000,0.241371,4.14299,5.49451,2.64992e+07,1.456e+08,1000000000,0.182,182,0.8
4,2,9094831000000,36000,0.237833,4.20463,8.77193,1.03968e+07,9.12e+07,1000000000,0.114,114,0.8
4,2,9094832000000,37000,0.248865,4.01825,1.54799,3.33853e+08,5.168e+08,1000000000,0.646,646,0.8
4,2,9094833000000,38000,0.246158,4.06243,6.84932,1.70528e+07,1.168e+08,1000000000,0.146,146,0.8
4,2,9094834000000,39000,0.243487,4.10699,7.04225,1.61312e+07,1.136e+08,1000000000,0.142,142,0.8
4,2,9094835000000,40000,0.2496,4.00641,2.04918,1.90515e+08,3.904e+08,1000000000,0.488,488,0.8
4,2,9094836000000,41000,0.246293,4.06021,8.77193,1.03968e+07,9.12e+07,1000000000,0.114,114,0.8
4,2,9094837000000,42000,0.250238,3.99619,2.42718,1.35795e+08,3.296e+08,1000000000,0.412,412,0.8
4,2,9094838000000,43000,0.24986,4.00223,4.2735,4.38048e+07,1.872e+08,1000000000,0.234,234,0.8
4,2,9094839000000,44000,0.247545,4.03966,6.75676,1.75232e+07,1.184e+08,1000000000,0.148,148,0.8
4,2,9094840000000,45000,0.255556,3.91304,1.64474,2.95731e+08,4.864e+08,1000000000,0.608,608,0.8
4,2,9094841000000,46000,0.252826,3.95529,7.69231,1.352e+07,1.04e+08,1000000000,0.13,130,0.8
4,2,9094842000000,47000,0.249915,4.00136,8.62069,1.07648e+07,9.28e+07,1000000000,0.116,116,0.8
4,2,9094843000000,48000,0.255833,3.90879,1.87266,2.28125e+08,4.272e+08,1000000000,0.534,534,0.8
4,2,9094844000000,49000,0.253633,3.94271,6.75676,1.75232e+07,1.184e+08,1000000000,0.148,148,0.8
4,2,9094845000000,50000,0.25534,3.91635,2.94985,9.19368e+07,2.712e+08,1000000000,0.339,339,0.8
4,2,9094846000000,51000,0.256,3.90625,3.46021,6.68168e+07,2.312e+08,1000000000,0.289,289,0.8
4,2,9094847000000,52000,0.253269,3.94837,8.77193,1.03968e+07,9.12e+07,1000000000,0.114,114,0.8
4,2,9094848000000,53000,0.259642,3.85146,1.69205,2.79425e+08,4.728e+08,1000000000,0.591,591,0.8
4,2,9094849000000,54000,0.255852,3.90851,18.1818,2.42e+06,4.4e+07,1000000000,0.055,55,0.8
4,2,9094850000000,55000,0.2528,3.9557,11.3636,6.1952e+06,7.04e+07,1000000000,0.088,88,0.8
4,2,9094851000000,56000,0.250429,3.99315,8.33333,1.152e+07,9.6e+07,1000000000,0.12,120,0.8
4,2,9094852000000,57000,0.246246,4.06099,83.3333,115200,9.6e+06,1000000000,0.012,12,0.8
4,2,9094853000000,58000,0.244069,4.0972,8.33333,1.152e+07,9.6e+07,1000000000,0.12,120,0.8
4,1,9094854000000,60000,0.236133,4.2349,166.667,64800,1.08e+07,2000000000,0.006,6,0.9
4,0,9094855000000,64000,0.22325,4.47928,33.3333,3.6e+06,1.2e+08,4000000000,0.03,30,1
4,1,9094856000000,66000,0.216667,4.61538,166.667,64800,1.08e+07,2000000000,0.006,6,0.9
4,1,9094857000000,68000,0.212735,4.70068,12.0482,1.24002e+07,1.494e+08,2000000000,0.083,83,0.9
4,2,9094858000000,69000,0.216217,4.62497,2.20751,1.64167e+08,3.624e+08,1000000000,0.453,453,0.8
4,2,9094859000000,70000,0.215357,4.64345,6.41026,1.94688e+07,1.248e+08,1000000000,0.156,156,0.8
4,2,9094860000000,71000,0.214,4.6729,8.40336,1.13288e+07,9.52e+07,1000000000,0.119,119,0.8
4,2,9094861000000,72000,0.220042,4.54459,1.54083,3.36961e+08,5.192e+08,1000000000,0.649,649,0.8
4,2,9094862000000,73000,0.218548,4.57566,9.00901,9.8568e+06,8.88e+07,1000000000,0.111,111,0.8
4,2,9094863000000,74000,0.218432,4.57807,4.7619,3.528e+07,1.68e+08,1000000000,0.21,210,0.8
4,2,9094864000000,75000,0.22148,4.51508,2.23714,1.59847e+08,3.576e+08,1000000000,0.447,447,0.8
4,2,9094865000000,76000,0.220026,4.54491,9.00901,9.8568e+06,8.88e+07,1000000000,0.111,111,0.8
4,2,9094866000000,77000,0.222792,4.48849,2.30947,1.49991e+08,3.464e+08,1000000000,0.433,433,0.8
4,2,9094867000000,78000,0.222808,4.48818,4.46429,4.01408e+07,1.792e+08,1000000000,0.224,224,0.8
4,2,9094868000000,79000,0.221392,4.51687,9.00901,9.8568e+06,8.88e+07,1000000000,0.111,111,0.8
4,2,9094869000000,80000,0.226612,4.41282,1.56495,3.26657e+08,5.112e+08,1000000000,0.639,639,0.8
4,2,9094870000000,81000,0.225358,4.43738,8,1.25e+07,1e+08,1000000000,0.125,125,0.8
4,2,9094871000000,82000,0.223963,4.46501,9.00901,9.8568e+06,8.88e+07,1000000000,0.111,111,0.8
4,2,9094872000000,83000,0.227892,4.38805,1.81818,2.42e+08,4.4e+08,1000000000,0.55,550,0.8
4,2,9094873000000,84000,0.2265,4.41501,9.00901,9.8568e+06,8.88e+07,1000000000,0.111,111,0.8
4,2,9094874000000,85000,0.227918,4.38755,2.88184,9.63272e+07,2.776e+08,1000000000,0.347,347,0.8
4,2,9094875000000,86000,0.228872,4.36925,3.22581,7.688e+07,2.48e+08,1000000000,0.31,310,0.8
4,2,9094876000000,87000,0.227517,4.39527,9.00901,9.8568e+06,8.88e+07,1000000000,0.111,111,0.8
4,2,9094877000000,88000,0.231386,4.32178,1.76056,2.58099e+08,4.544e+08,1000000000,0.568,568,0.8
4,2,9094878000000,89000,0.230022,4.3474,9.09091,9.68e+06,8.8e+07,1000000000,0.11,110,0.8
4,2,9094879000000,90000,0.228467,4.37701,11.1111,6.48e+06,7.2e+07,1000000000,0.09,90,0.8
4,2,9094880000000,91000,0.233176,4.28861,1.52207,3.45319e+08,5.256e+08,1000000000,0.657,657,0.8
4,2,9094881000000,92000,0.231848,4.31317,9.00901,9.8568e+06,8.88e+07,1000000000,0.111,111,0.8
4,2,9094882000000,93000,0.23214,4.30775,3.861,5.36648e+07,2.072e+08,1000000000,0.259,259,0.8
4,2,9094883000000,94000,0.233904,4.27525,2.51256,1.26723e+08,3.184e+08,1000000000,0.398,398,0.8
4,2,9094884000000,95000,0.232611,4.29903,9.00901,9.8568e+06,8.88e+07,1000000000,0.111,111,0.8
4,2,9094885000000,96000,0.235208,4.25155,2.07469,1.85859e+08,3.856e+08,1000000000,0.482,482,0.8
4,2,9094886000000,97000,0.234588,4.2628,5.71429,2.45e+07,1.4e+08,1000000000,0.175,175,0.8
4,2,9094887000000,98000,0.233327,4.28584,9.00901,9.8568e+06,8.88e+07,1000000000,0.111,111,0.8
4,2,9094888000000,99000,0.237606,4.20865,1.52207,3.45319e+08,5.256e+08,1000000000,0.657,657,0.8
4,2,9094889000000,100000,0.23634,4.23119,9.00901,9.8568e+06,8.88e+07,1000000000,0.111,111,0.8
4,2,9094890000000,101000,0.235693,4.24281,5.84795,2.33928e+07,1.368e+08,1000000000,0.171,171,0.8
4,2,9094891000000,102000,0.238147,4.19909,2.05761,1.88957e+08,3.888e+08,1000000000,0.486,486,0.8
4,2,9094892000000,103000,0.236913,4.22097,9.00901,9.8568e+06,8.88e+07,1000000000,0.111,111,0.8
4,2,9094893000000,104000,0.238413,4.19439,2.54453,1.23559e+08,3.144e+08,1000000000,0.393,393,0.8
4,2,9094894000000,105000,0.238657,4.19011,3.78788,5.57568e+07,2.112e+08,1000000000,0.264,264,0.8
4,2,9094895000000,106000,0.237453,4.21136,9.00901,9.8568e+06,8.88e+07,1000000000,0.111,111,0.8
4,2,9094896000000,107000,0.241,4.14938,1.62075,3.04551e+08,4.936e+08,1000000000,0.617,617,0.8
4,2,9094897000000,108000,0.239926,4.16795,8,1.25e+07,1e+08,1000000000,0.125,125,0.8
4,2,9094898000000,109000,0.23845,4.19376,12.6582,4.9928e+06,6.32e+07,1000000000,0.079,79,0.8
4,2,9094899000000,110000,0.241773,4.13612,1.65563,2.91853e+08,4.832e+08,1000000000,0.604,604,0.8
4,2,9094900000000,111000,0.240595,4.15637,9.00901,9.8568e+06,8.88e+07,1000000000,0.111,111,0.8
4,2,9094901000000,112000,0.241161,4.14661,3.28947,7.39328e+07,2.432e+08,1000000000,0.304,304,0.8
4,2,9094902000000,113000,0.24215,4.12966,2.83286,9.96872e+07,2.824e+08,1000000000,0.353,353,0.8
4,2,9094903000000,114000,0.241,4.14938,9.00901,9.8568e+06,8.88e+07,1000000000,0.111,111,0.8
4,2,9094904000000,115000,0.243513,4.10656,1.88679,2.2472e+08,4.24e+08,1000000000,0.53,530,0.8
4,2,9094905000000,116000,0.242509,4.12356,7.87402,1.29032e+07,1.016e+08,1000000000,0.127,127,0.8
4,2,9094906000000,117000,0.241385,4.14277,9.00901,9.8568e+06,8.88e+07,1000000000,0.111,111,0.8
4,2,9094907000000,118000,0.24522,4.07797,1.44092,3.85309e+08,5.552e+08,1000000000,0.694,694,0.8
4,2,9094908000000,119000,0.246353,4.05922,2.63158,1.1552e+08,3.04e+08,1000000000,0.38,380,0.8
4,2,9094909000000,120000,0.244992,4.08177,12.0482,5.5112e+06,6.64e+07,1000000000,0.083,83,0.8
4,2,9094910000000,121000,0.246802,4.05184,2.15517,1.72237e+08,3.712e+08,1000000000,0.464,464,0.8
4,2,9094911000000,122000,0.24623,4.06125,5.64972,2.50632e+07,1.416e+08,1000000000,0.177,177,0.8
4,2,9094912000000,123000,0.245431,4.07447,6.75676,1.75232e+07,1.184e+08,1000000000,0.148,148,0.8
4,2,9094913000000,124000,0.248516,4.02388,1.59236,3.15507e+08,5.024e+08,1000000000,0.628,628,0.8
4,2,9094914000000,125000,0.24744,4.04138,8.77193,1.03968e+07,9.12e+07,1000000000,0.114,114,0.8
4,2,9094915000000,126000,0.246944,4.04949,5.40541,2.738e+07,1.48e+08,1000000000,0.185,185,0.8
4,2,9094916000000,127000,0.24863,4.02204,2.1692,1.70017e+08,3.688e+08,1000000000,0.461,461,0.8
4,2,9094917000000,128000,0.247844,4.0348,6.75676,1.75232e+07,1.184e+08,1000000000,0.148,148,0.8
4,2,9094918000000,129000,0.249016,4.01581,2.50627,1.27361e+08,3.192e+08,1000000000,0.399,399,0.8
4,2,9094919000000,130000,0.248862,4.0183,4.36681,4.19528e+07,1.832e+08,1000000000,0.229,229,0.8
4,2,9094920000000,131000,0.247832,4.03499,8.77193,1.03968e+07,9.12e+07,1000000000,0.114,114,0.8
4,2,9094921000000,132000,0.250735,3.98828,1.58479,3.18529e+08,5.048e+08,1000000000,0.631,631,0.8
4,2,9094922000000,133000,0.24994,4.00096,6.89655,1.682e+07,1.16e+08,1000000000,0.145,145,0.8
4,2,9094923000000,134000,0.248769,4.0198,10.7527,6.9192e+06,7.44e+07,1000000000,0.093,93,0.8
4,2,9094924000000,135000,0.251022,3.98371,1.80832,2.44647e+08,4.424e+08,1000000000,0.553,553,0.8
4,2,9094925000000,136000,0.250015,3.99976,8.77193,1.03968e+07,9.12e+07,1000000000,0.114,114,0.8
4,2,9094926000000,137000,0.250832,3.98673,2.76243,1.04835e+08,2.896e+08,1000000000,0.362,362,0.8
4,2,9094927000000,138000,0.251072,3.98291,3.52113,6.45248e+07,2.272e+08,1000000000,0.284,284,0.8
4,2,9094928000000,139000,0.250331,3.99471,6.75676,1.75232e+07,1.184e+08,1000000000,0.148,148,0.8
4,2,9094929000000,140000,0.252643,3.95816,1.74216,2.63581e+08,4.592e+08,1000000000,0.574,574,0.8
4,2,9094930000000,141000,0.251816,3.97116,7.35294,1.47968e+07,1.088e+08,1000000000,0.136,136,0.8
4,2,9094931000000,142000,0.250542,3.99134,14.0845,4.0328e+06,5.68e+07,1000000000,0.071,71,0.8
4,2,9094932000000,143000,0.253035,3.95202,1.64745,2.94759e+08,4.856e+08,1000000000,0.607,607,0.8
4,2,9094933000000,144000,0.252306,3.96345,6.75676,1.75232e+07,1.184e+08,1000000000,0.148,148,0.8
4,2,9094934000000,145000,0.252566,3.95937,3.44828,6.728e+07,2.32e+08,1000000000,0.29,290,0.8
4,2,9094935000000,146000,0.253151,3.95022,2.95858,9.13952e+07,2.704e+08,1000000000,0.338,338,0.8
4,2,9094936000000,147000,0.252204,3.96504,8.77193,1.03968e+07,9.12e+07,1000000000,0.114,114,0.8
4,2,9094937000000,148000,0.254169,3.93439,1.84162,2.35879e+08,4.344e+08,1000000000,0.543,543,0.8
4,2,9094938000000,149000,0.253174,3.94984,9.43396,8.9888e+06,8.48e+07,1000000000,0.106,106,0.8
4,2,9094939000000,150000,0.252453,3.96113,6.89655,1.682e+07,1.16e+08,1000000000,0.145,145,0.8
4,2,9094940000000,151000,0.25494,3.92249,1.59236,3.15507e+08,5.024e+08,1000000000,0.628,628,0.8
4,2,9094941000000,152000,0.254013,3.9368,8.77193,1.03968e+07,9.12e+07,1000000000,0.114,114,0.8
4,2,9094942000000,153000,0.254052,3.9362,3.84615,5.408e+07,2.08e+08,1000000000,0.26,260,0.8
4,2,9094943000000,154000,0.254909,3.92297,2.59067,1.19197e+08,3.088e+08,1000000000,0.386,386,0.8
4,2,9094944000000,155000,0.254219,3.93361,6.75676,1.75232e+07,1.184e+08,1000000000,0.148,148,0.8
4,2,9094945000000,156000,0.255615,3.91213,2.11864,1.78227e+08,3.776e+08,1000000000,0.472,472,0.8
4,2,9094946000000,157000,0.254981,3.92186,6.41026,1.94688e+07,1.248e+08,1000000000,0.156,156,0.8
4,2,9094947000000,158000,0.254089,3.93563,8.77193,1.03968e+07,9.12e+07,1000000000,0.114,114,0.8
4,2,9094948000000,159000,0.256553,3.89782,1.54799,3.33853e+08,5.168e+08,1000000000,0.646,646,0.8
4,2,9094949000000,160000,0.255875,3.90816,6.75676,1.75232e+07,1.184e+08,1000000000,0.148,148,0.8
4,2,9094950000000,161000,0.255404,3.91537,5.55556,2.592e+07,1.44e+08,1000000000,0.18,180,0.8
4,2,9094951000000,162000,0.256593,3.89723,2.23214,1.60563e+08,3.584e+08,1000000000,0.448,448,0.8
4,2,9094952000000,163000,0.255718,3.91056,8.77193,1.03968e+07,9.12e+07,1000000000,0.114,114,0.8
4,2,9094953000000,164000,0.256841,3.89345,2.27273,1.5488e+08,3.52e+08,1000000000,0.44,440,0.8
4,2,9094954000000,165000,0.256533,3.89813,4.85437,3.39488e+07,1.648e+08,1000000000,0.206,206,0.8
4,2,9094955000000,166000,0.25588,3.90809,6.75676,1.75232e+07,1.184e+08,1000000000,0.148,148,0.8
4,2,9094956000000,167000,0.258072,3.87489,1.60772,3.09507e+08,4.976e+08,1000000000,0.622,622,0.8
4,2,9094957000000,168000,0.25725,3.88727,8.33333,1.152e+07,9.6e+07,1000000000,0.12,120,0.8
4,2,9094958000000,169000,0.256621,3.89679,6.62252,1.82408e+07,1.208e+08,1000000000,0.151,151,0.8
4,2,9094959000000,169843,0.258356,3.87062,1.64971,2.93952e+08,4.84935e+08,1000000000,0.606168,511,0.8
4,2,9094960000000,169843,0.258356,3.87062,0,-nan,-nan,1000000000,-nan,0,0.8
4,2,9094961000000,169843,0.258356,3.87062,0,-nan,-nan,1000000000,-nan,0,0.8
5,0,9094801000000,4000,0.036,27.7778,27.7778,5.184e+06,1.44e+08,4000000000,0.036,36,1
5,1,9094802000000,6000,0.0501667,19.9336,12.7389,1.1092e+07,1.413e+08,2000000000,0.0785,78.5,0.9
5,1,9094803000000,8000,0.096,10.4167,4.28266,9.814e+07,4.203e+08,2000000000,0.2335,233.5,0.9
5,2,9094804000000,9000,0.102444,9.76139,6.49351,1.89728e+07,1.232e+08,1000000000,0.154,154,0.8
5,2,9094805000000,10000,0.1497,6.68003,1.73913,2.645e+08,4.6e+08,1000000000,0.575,575,0.8
5,2,9094806000000,11000,0.147818,6.76507,7.75194,1.33128e+07,1.032e+08,1000000000,0.129,129,0.8
5,2,9094807000000,12000,0.1435,6.96864,10.4167,7.3728e+06,7.68e+07,1000000000,0.096,96,0.8
5,2,9094808000000,13000,0.177231,5.64236,1.71821,2.70979e+08,4.656e+08,1000000000,0.582,582,0.8
5,2,9094809000000,14000,0.172714,5.78991,8.77193,1.03968e+07,9.12e+07,1000000000,0.114,114,0.8
5,2,9094810000000,15000,0.183733,5.44267,2.95858,9.13952e+07,2.704e+08,1000000000,0.338,338,0.8
5,2,9094811000000,16000,0.1915,5.22193,3.24675,7.58912e+07,2.464e+08,1000000000,0.308,308,0.8
5,2,9094812000000,17000,0.188941,5.29265,6.75676,1.75232e+07,1.184e+08,1000000000,0.148,148,0.8
5,2,9094813000000,18000,0.209056,4.78342,1.81488,2.42881e+08,4.408e+08,1000000000,0.551,551,0.8
5,2,9094814000000,19000,0.204053,4.9007,8.77193,1.03968e+07,9.12e+07,1000000000,0.114,114,0.8
5,2,9094815000000,20000,0.1979,5.05306,12.3457,5.2488e+06,6.48e+07,1000000000,0.081,81,0.8
5,2,9094816000000,21000,0.219048,4.56522,1.55763,3.29731e+08,5.136e+08,1000000000,0.642,642,0.8
5,2,9094817000000,22000,0.215818,4.63353,6.75676,1.75232e+07,1.184e+08,1000000000,0.148,148,0.8
5,2,9094818000000,23000,0.217826,4.59082,3.81679,5.49152e+07,2.096e+08,1000000000,0.262,262,0.8
5,2,9094819000000,24000,0.224,4.46429,2.73224,1.07165e+08,2.928e+08,1000000000,0.366,366,0.8
5,2,9094820000000,25000,0.2196,4.55373,8.77193,1.03968e+07,9.12e+07,1000000000,0.114,114,0.8
5,2,9094821000000,26000,0.231077,4.32756,1.9305,2.14659e+08,4.144e+08,1000000000,0.518,518,0.8
5,2,9094822000000,27000,0.227259,4.40026,7.8125,1.31072e+07,1.024e+08,1000000000,0.128,128,0.8
5,2,9094823000000,28000,0.224429,4.45576,6.75676,1.75232e+07,1.184e+08,1000000000,0.148,148,0.8
5,2,9094824000000,29000,0.238345,4.1956,1.59236,3.15507e+08,5.024e+08,1000000000,0.628,628,0.8
5,2,9094825000000,30000,0.2342,4.26985,8.77193,1.03968e+07,9.12e+07,1000000000,0.114,114,0.8
5,2,9094826000000,31000,0.234194,4.26997,4.2735,4.38048e+07,1.872e+08,1000000000,0.234,234,0.8
5,2,9094827000000,32000,0.23975,4.17101,2.42718,1.35795e+08,3.296e+08,1000000000,0.412,412,0.8
5,2,9094828000000,33000,0.23697,4.21995,6.75676,1.75232e+07,1.184e+08,1000000000,0.148,148,0.8
5,2,9094829000000,34000,0.243118,4.11323,2.24215,1.59133e+08,3.568e+08,1000000000,0.446,446,0.8
5,2,9094830000000,35000,0.241371,4.14299,5.49451,2.64992e+07,1.456e+08,1000000000,0.182,182,0.8
5,2,9094831000000,36000,0.237833,4.20463,8.77193,1.03968e+07,9.12e+07,1000000000,0.114,114,0.8
5,2,9094832000000,37000,0.248865,4.01825,1.54799,3.33853e+08,5.168e+08,1000000000,0.646,646,0.8
5,2,9094833000000,38000,0.246158,4.06243,6.84932,1.70528e+07,1.168e+08,1000000000,0.146,146,0.8
5,2,9094834000000,39000,0.243487,4.10699,7.04225,1.61312e+07,1.136e+08,1000000000,0.142,142,0.8
5,2,9094835000000,40000,0.2496,4.00641,2.04918,1.90515e+08,3.904e+08,1000000000,0.488,488,0.8
5,2,9094836000000,41000,0.246293,4.06021,8.77193,1.03968e+07,9.12e+07,1000000000,0.114,114,0.8
5,2,9094837000000,42000,0.250238,3.99619,2.42718,1.35795e+08,3.296e+08,1000000000,0.412,412,0.8
5,2,9094838000000,43000,0.24986,4.00223,4.2735,4.38048e+07,1.872e+08,1000000000,0.234,234,0.8
5,2,9094839000000,44000,0.247545,4.03966,6.75676,1.75232e+07,1.184e+08,1000000000,0.148,148,0.8
5,2,9094840000000,45000,0.255556,3.91304,1.64474,2.95731e+08,4.864e+08,1000000000,0.608,608,0.8
5,2,9094841000000,46000,0.252826,3.95529,7.69231,1.352e+07,1.04e+08,1000000000,0.13,130,0.8
5,2,9094842000000,47000,0.249915,4.00136,8.62069,1.07648e+07,9.28e+07,1000000000,0.116,116,0.8
5,2,9094843000000,48000,0.255833,3.90879,1.87266,2.28125e+08,4.272e+08,1000000000,0.534,534,0.8
5,2,9094844000000,49000,0.253633,3.94271,6.75676,1.75232e+07,1.184e+08,1000000000,0.148,148,0.8
5,2,9094845000000,50000,0.25534,3.91635,2.94985,9.19368e+07,2.712e+08,1000000000,0.339,339,0.8
5,2,9094846000000,51000,0.256,3.90625,3.46021,6.68168e+07,2.312e+08,1000000000,0.289,289,0.8
5,2,9094847000000,52000,0.253269,3.94837,8.77193,1.03968e+07,9.12e+07,1000000000,0.114,114,0.8
5,2,9094848000000,53000,0.259642,3.85146,1.69205,2.79425e+08,4.728e+08,1000000000,0.591,591,0.8
5,2,9094849000000,54000,0.255852,3.90851,18.1818,2.42e+06,4.4e+07,1000000000,0.055,55,0.8
5,2,9094850000000,55000,0.2528,3.9557,11.3636,6.1952e+06,7.04e+07,1000000000,0.088,88,0.8
5,2,9094851000000,56000,0.250429,3.99315,8.33333,1.152e+07,9.6e+07,1000000000,0.12,120,0.8
5,2,9094852000000,57000,0.246246,4.06099,83.3333,115200,9.6e+06,1000000000,0.012,12,0.8
5,2,9094853000000,58000,0.244069,4.0972,8.33333,1.152e+07,9.6e+07,1000000000,0.12,120,0.8
5,1,9094854000000,60000,0.236133,4.2349,166.667,64800,1.08e+07,2000000000,0.006,6,0.9
5,0,9094855000000,64000,0.22325,4.47928,33.3333,3.6e+06,1.2e+08,4000000000,0.03,30,1
5,1,9094856000000,66000,0.216667,4.61538,166.667,64800,1.08e+07,2000000000,0.006,6,0.9
5,1,9094857000000,68000,0.212735,4.70068,12.0482,1.24002e+07,1.494e+08,2000000000,0.083,83,0.9
5,2,9094858000000,69000,0.216217,4.62497,2.20751,1.64167e+08,3.624e+08,1000000000,0.453,453,0.8
5,2,9094859000000,70000,0.215357,4.64345,6.41026,1.94688e+07,1.248e+08,1000000000,0.156,156,0.8
5,2,9094860000000,71000,0.214,4.6729,8.40336,1.13288e+07,9.52e+07,1000000000,0.119,119,0.8
5,2,9094861000000,72000,0.220042,4.54459,1.54083,3.36961e+08,5.192e+08,1000000000,0.649,649,0.8
5,2,9094862000000,73000,0.218548,4.57566,9.00901,9.8568e+06,8.88e+07,1000000000,0.111,111,0.8
5,2,9094863000000,74000,0.218432,4.57807,4.7619,3.528e+07,1.68e+08,1000000000,0.21,210,0.8
5,2,9094864000000,75000,0.22148,4.51508,2.23714,1.59847e+08,3.576e+08,1000000000,0.447,447,0.8
5,2,9094865000000,76000,0.220026,4.54491,9.00901,9.8568e+06,8.88e+07,1000000000,0.111,111,0.8
5,2,9094866000000,77000,0.222792,4.48849,2.30947,1.49991e+08,3.464e+08,1000000000,0.433,433,0.8
5,2,9094867000000,78000,0.222808,4.48818,4.46429,4.01408e+07,1.792e+08,1000000000,0.224,224,0.8
5,2,9094868000000,79000,0.221392,4.51687,9.00901,9.8568e+06,8.88e+07,1000000000,0.111,111,0.8
5,2,9094869000000,80000,0.226612,4.41282,1.56495,3.26657e+08,5.112e+08,1000000000,0.639,639,0.8
5,2,9094870000000,81000,0.225358,4.43738,8,1.25e+07,1e+08,1000000000,0.125,125,0.8
5,2,9094871000000,82000,0.223963,4.46501,9.00901,9.8568e+06,8.88e+07,1000000000,0.111,111,0.8
5,2,9094872000000,83000,0.227892,4.38805,1.81818,2.42e+08,4.4e+08,1000000000,0.55,550,0.8
5,2,9094873000000,84000,0.2265,4.41501,9.00901,9.8568e+06,8.88e+07,1000000000,0.111,111,0.8
5,2,9094874000000,85000,0.227918,4.38755,2.88184,9.63272e+07,2.776e+08,1000000000,0.347,347,0.8
5,2,9094875000000,86000,0.228872,4.36925,3.22581,7.688e+07,2.48e+08,1000000000,0.31,310,0.8
5,2,9094876000000,87000,0.227517,4.39527,9.00901,9.8568e+06,8.88e+07,1000000000,0.111,111,0.8
5,2,9094877000000,88000,0.231386,4.32178,1.76056,2.58099e+08,4.544e+08,1000000000,0.568,568,0.8
5,2,9094878000000,89000,0.230022,4.3474,9.09091,9.68e+06,8.8e+07,1000000000,0.11,110,0.8
5,2,9094879000000,90000,0.228467,4.37701,11.1111,6.48e+06,7.2e+07,1000000000,0.09,90,0.8
5,2,9094880000000,91000,0.233176,4.28861,1.52207,3.45319e+08,5.256e+08,1000000000,0.657,657,0.8
5,2,9094881000000,92000,0.231848,4.31317,9.00901,9.8568e+06,8.88e+07,1000000000,0.111,111,0.8
5,2,9094882000000,93000,0.23214,4.30775,3.861,5.36648e+07,2.072e+08,1000000000,0.259,259,0.8
5,2,9094883000000,94000,0.233904,4.27525,2.51256,1.26723e+08,3.184e+08,1000000000,0.398,398,0.8
5,2,9094884000000,95000,0.232611,4.29903,9.00901,9.8568e+06,8.88e+07,1000000000,0.111,111,0.8
5,2,9094885000000,96000,0.235208,4.25155,2.07469,1.85859e+08,3.856e+08,1000000000,0.482,482,0.8
5,2,9094886000000,97000,0.234588,4.2628,5.71429,2.45e+07,1.4e+08,1000000000,0.175,175,0.8
5,2,9094887000000,98000,0.233327,4.28584,9.00901,9.8568e+06,8.88e+07,1000000000,0.111,111,0.8
5,2,9094888000000,99000,0.237606,4.20865,1.52207,3.45319e+08,5.256e+08,1000000000,0.657,657,0.8
5,2,9094889000000,100000,0.23634,4.23119,9.00901,9.8568e+06,8.88e+07,1000000000,0.111,111,0.8
5,2,9094890000000,101000,0.235693,4.24281,5.84795,2.33928e+07,1.368e+08,1000000000,0.171,171,0.8
5,2,9094891000000,102000,0.238147,4.19909,2.05761,1.88957e+08,3.888e+08,1000000000,0.486,486,0.8
5,2,9094892000000,103000,0.236913,4.22097,9.00901,9.8568e+06,8.88e+07,1000000000,0.111,111,0.8
5,2,9094893000000,104000,0.238413,4.19439,2.54453,1.23559e+08,3.144e+08,1000000000,0.393,393,0.8
5,2,9094894000000,105000,0.238657,4.19011,3.78788,5.57568e+07,2.112e+08,1000000000,0.264,264,0.8
5,2,9094895000000,106000,0.237453,4.21136,9.00901,9.8568e+06,8.88e+07,1000000000,0.111,111,0.8
5,2,9094896000000,107000,0.241,4.14938,1.62075,3.04551e+08,4.936e+08,1000000000,0.617,617,0.8
5,2,9094897000000,108000,0.239926,4.16795,8,1.25e+07,1e+08,1000000000,0.125,125,0.8
5,2,9094898000000,109000,0.23845,4.19376,12.6582,4.9928e+06,6.32e+07,1000000000,0.079,79,0.8
5,2,9094899000000,110000,0.241773,4.13612,1.65563,2.91853e+08,4.832e+08,1000000000,0.604,604,0.8
5,2,9094900000000,111000,0.240595,4.15637,9.00901,9.8568e+06,8.88e+07,1000000000,0.111,111,0.8
5,2,9094901000000,112000,0.241161,4.14661,3.28947,7.39328e+07,2.432e+08,1000000000,0.304,304,0.8
5,2,9094902000000,113000,0.24215,4.12966,2.83286,9.96872e+07,2.824e+08,1000000000,0.353,353,0.8
5,2,9094903000000,114000,0.241,4.14938,9.00901,9.8568e+06,8.88e+07,1000000000,0.111,111,0.8
5,2,9094904000000,115000,0.243513,4.10656,1.88679,2.2472e+08,4.24e+08,1000000000,0.53,530,0.8
5,2,9094905000000,116000,0.242509,4.12356,7.87402,1.29032e+07,1.016e+08,1000000000,0.127,127,0.8
5,2,9094906000000,117000,0.241385,4.14277,9.00901,9.8568e+06,8.88e+07,1000000000,0.111,111,0.8
5,2,9094907000000,118000,0.24522,4.07797,1.44092,3.85309e+08,5.552e+08,1000000000,0.694,694,0.8
5,2,9094908000000,119000,0.246353,4.05922,2.63158,1.1552e+08,3.04e+08,1000000000,0.38,380,0.8
5,2,9094909000000,120000,0.244992,4.08177,12.0482,5.5112e+06,6.64e+07,1000000000,0.083,83,0.8
5,2,9094910000000,121000,0.246802,4.05184,2.15517,1.72237e+08,3.712e+08,1000000000,0.464,464,0.8
5,2,9094911000000,122000,0.24623,4.06125,5.64972,2.50632e+07,1.416e+08,1000000000,0.177,177,0.8
5,2,9094912000000,123000,0.245431,4.07447,6.75676,1.75232e+07,1.184e+08,1000000000,0.148,148,0.8
5,2,9094913000000,124000,0.248516,4.02388,1.59236,3.15507e+08,5.024e+08,1000000000,0.628,628,0.8
5,2,9094914000000,125000,0.24744,4.04138,8.77193,1.03968e+07,9.12e+07,1000000000,0.114,114,0.8
5,2,9094915000000,126000,0.246944,4.04949,5.40541,2.738e+07,1.48e+08,1000000000,0.185,185,0.8
5,2,9094916000000,127000,0.24863,4.02204,2.1692,1.70017e+08,3.688e+08,1000000000,0.461,461,0.8
5,2,9094917000000,128000,0.247844,4.0348,6.75676,1.75232e+07,1.184e+08,1000000000,0.148,148,0.8
5,2,9094918000000,129000,0.249016,4.01581,2.50627,1.27361e+08,3.192e+08,1000000000,0.399,399,0.8
5,2,9094919000000,130000,0.248862,4.0183,4.36681,4.19528e+07,1.832e+08,1000000000,0.229,229,0.8
5,2,9094920000000,131000,0.247832,4.03499,8.77193,1.03968e+07,9.12e+07,1000000000,0.114,114,0.8
5,2,9094921000000,132000,0.250735,3.98828,1.58479,3.18529e+08,5.048e+08,1000000000,0.631,631,0.8
5,2,9094922000000,133000,0.24994,4.00096,6.89655,1.682e+07,1.16e+08,1000000000,0.145,145,0.8
5,2,9094923000000,134000,0.248769,4.0198,10.7527,6.9192e+06,7.44e+07,1000000000,0.093,93,0.8
5,2,9094924000000,135000,0.251022,3.98371,1.80832,2.44647e+08,4.424e+08,1000000000,0.553,553,0.8
5,2,9094925000000,136000,0.250015,3.99976,8.77193,1.03968e+07,9.12e+07,1000000000,0.114,114,0.8
5,2,9094926000000,137000,0.250832,3.98673,2.76243,1.04835e+08,2.896e+08,1000000000,0.362,362,0.8
5,2,9094927000000,138000,0.251072,3.98291,3.52113,6.45248e+07,2.272e+08,1000000000,0.284,284,0.8
5,2,9094928000000,139000,0.250331,3.99471,6.75676,1.75232e+07,1.184e+08,1000000000,0.148,148,0.8
5,2,9094929000000,140000,0.252643,3.95816,1.74216,2.63581e+08,4.592e+08,1000000000,0.574,574,0.8
5,2,9094930000000,141000,0.251816,3.97116,7.35294,1.47968e+07,1.088e+08,1000000000,0.136,136,0.8
5,2,9094931000000,142000,0.250542,3.99134,14.0845,4.0328e+06,5.68e+07,1000000000,0.071,71,0.8
5,2,9094932000000,143000,0.253035,3.95202,1.64745,2.94759e+08,4.856e+08,1000000000,0.607,607,0.8
5,2,9094933000000,144000,0.252306,3.96345,6.75676,1.75232e+07,1.184e+08,1000000000,0.148,148,0.8
5,2,9094934000000,145000,0.252566,3.95937,3.44828,6.728e+07,2.32e+08,1000000000,0.29,290,0.8
5,2,9094935000000,146000,0.253151,3.95022,2.95858,9.13952e+07,2.704e+08,1000000000,0.338,338,0.8
5,2,9094936000000,147000,0.252204,3.96504,8.77193,1.03968e+07,9.12e+07,1000000000,0.114,114,0.8
5,2,9094937000000,148000,0.254169,3.93439,1.84162,2.35879e+08,4.344e+08,1000000000,0.543,543,0.8
5,2,9094938000000,149000,0.253174,3.94984,9.43396,8.9888e+06,8.48e+07,1000000000,0.106,106,0.8
5,2,9094939000000,150000,0.252453,3.96113,6.89655,1.682e+07,1.16e+08,1000000000,0.145,145,0.8
5,2,9094940000000,151000,0.25494,3.92249,1.59236,3.15507e+08,5.024e+08,1000000000,0.628,628,0.8
5,2,9094941000000,152000,0.254013,3.9368,8.77193,1.03968e+07,9.12e+07,1000000000,0.114,114,0.8
5,2,9094942000000,153000,0.254052,3.9362,3.84615,5.408e+07,2.08e+08,1000000000,0.26,260,0.8
5,2,9094943000000,154000,0.254909,3.92297,2.59067,1.19197e+08,3.088e+08,1000000000,0.386,386,0.8
5,2,9094944000000,155000,0.254219,3.93361,6.75676,1.75232e+07,1.184e+08,1000000000,0.148,148,0.8
5,2,9094945000000,156000,0.255615,3.91213,2.11864,1.78227e+08,3.776e+08,1000000000,0.472,472,0.8
5,2,9094946000000,157000,0.254981,3.92186,6.41026,1.94688e+07,1.248e+08,1000000000,0.156,156,0.8
5,2,9094947000000,158000,0.254089,3.93563,8.77193,1.03968e+07,9.12e+07,1000000000,0.114,114,0.8
5,2,9094948000000,159000,0.256553,3.89782,1.54799,3.33853e+08,5.168e+08,1000000000,0.646,646,0.8
5,2,9094949000000,160000,0.255875,3.90816,6.75676,1.75232e+07,1.184e+08,1000000000,0.148,148,0.8
5,2,9094950000000,161000,0.255404,3.91537,5.55556,2.592e+07,1.44e+08,1000000000,0.18,180,0.8
5,2,9094951000000,162000,0.256593,3.89723,2.23214,1.60563e+08,3.584e+08,1000000000,0.448,448,0.8
5,2,9094952000000,163000,0.255718,3.91056,8.77193,1.03968e+07,9.12e+07,1000000000,0.114,114,0.8
5,2,9094953000000,164000,0.256841,3.89345,2.27273,1.5488e+08,3.52e+08,1000000000,0.44,440,0.8
5,2,9094954000000,165000,0.256533,3.89813,4.85437,3.39488e+07,1.648e+08,1000000000,0.206,206,0.8
5,2,9094955000000,166000,0.25588,3.90809,6.75676,1.75232e+07,1.184e+08,1000000000,0.148,148,0.8
5,2,9094956000000,167000,0.258072,3.87489,1.60772,3.09507e+08,4.976e+08,1000000000,0.622,622,0.8
5,2,9094957000000,168000,0.25725,3.88727,8.33333,1.152e+07,9.6e+07,1000000000,0.12,120,0.8
5,2,9094958000000,169000,0.256621,3.89679,6.62252,1.82408e+07,1.208e+08,1000000000,0.151,151,0.8
5,2,9094959000000,169843,0.258356,3.87062,1.64971,2.93952e+08,4.84935e+08,1000000000,0.606168,511,0.8
5,2,9094960000000,169843,0.258356,3.87062,0,-nan,-nan,1000000000,-nan,0,0.8
5,2,9094961000000,169843,0.258356,3.87062,0,-nan,-nan,1000000000,-nan,0,0.8
6,0,9094801000000,4000,0.036,27.7778,27.7778,5.184e+06,1.44e+08,4000000000,0.036,36,1
6,1,9094802000000,6000,0.0501667,19.9336,12.7389,1.1092e+07,1.413e+08,2000000000,0.0785,78.5,0.9
6,1,9094803000000,8000,0.096,10.4167,4.28266,9.814e+07,4.203e+08,2000000000,0.2335,233.5,0.9
6,2,9094804000000,9000,0.102444,9.76139,6.49351,1.89728e+07,1.232e+08,1000000000,0.154,154,0.8
6,2,9094805000000,10000,0.1497,6.68003,1.73913,2.645e+08,4.6e+08,1000000000,0.575,575,0.8
6,2,9094806000000,11000,0.147818,6.76507,7.75194,1.33128e+07,1.032e+08,1000000000,0.129,129,0.8
6,2,9094807000000,12000,0.1435,6.96864,10.4167,7.3728e+06,7.68e+07,1000000000,0.096,96,0.8
6,2,9094808000000,13000,0.177231,5.64236,1.71821,2.70979e+08,4.656e+08,1000000000,0.582,582,0.8
6,2,9094809000000,14000,0.172714,5.78991,8.77193,1.03968e+07,9.12e+07,1000000000,0.114,114,0.8
6,2,9094810000000,15000,0.183733,5.44267,2.95858,9.13952e+07,2.704e+08,1000000000,0.338,338,0.8
6,2,9094811000000,16000,0.1915,5.22193,3.24675,7.58912e+07,2.464e+08,1000000000,0.308,308,0.8
6,2,9094812000000,17000,0.188941,5.29265,6.75676,1.75232e+07,1.184e+08,1000000000,0.148,148,0.8
6,2,9094813000000,18000,0.209056,4.78342,1.81488,2.42881e+08,4.408e+08,1000000000,0.551,551,0.8
6,2,9094814000000,19000,0.204053,4.9007,8.77193,1.03968e+07,9.12e+07,1000000000,0.114,114,0.8
6,2,9094815000000,20000,0.1979,5.05306,12.3457,5.2488e+06,6.48e+07,1000000000,0.081,81,0.8
6,2,9094816000000,21000,0.219048,4.56522,1.55763,3.29731e+08,5.136e+08,1000000000,0.642,642,0.8
6,2,9094817000000,22000,0.215818,4.63353,6.75676,1.75232e+07,1.184e+08,1000000000,0.148,148,0.8
6,2,9094818000000,23000,0.217826,4.59082,3.81679,5.49152e+07,2.096e+08,1000000000,0.262,262,0.8
6,2,9094819000000,24000,0.224,4.46429,2.73224,1.07165e+08,2.928e+08,1000000000,0.366,366,0.8
6,2,9094820000000,25000,0.2196,4.55373,8.77193,1.03968e+07,9.12e+07,1000000000,0.114,114,0.8
6,2,9094821000000,26000,0.231077,4.32756,1.9305,2.14659e+08,4.144e+08,1000000000,0.518,518,0.8
6,2,9094822000000,27000,0.227259,4.40026,7.8125,1.31072e+07,1.024e+08,1000000000,0.128,128,0.8
6,2,9094823000000,28000,0.224429,4.45576,6.75676,1.75232e+07,1.184e+08,1000000000,0.148,148,0.8
6,2,9094824000000,29000,0.238345,4.1956,1.59236,3.15507e+08,5.024e+08,1000000000,0.628,628,0.8
6,2,9094825000000,30000,0.2342,4.26985,8.77193,1.03968e+07,9.12e+07,1000000000,0.114,114,0.8
6,2,9094826000000,31000,0.234194,4.26997,4.2735,4.38048e+07,1.872e+08,1000000000,0.234,234,0.8
6,2,9094827000000,32000,0.23975,4.17101,2.42718,1.35795e+08,3.296e+08,1000000000,0.412,412,0.8
6,2,9094828000000,33000,0.23697,4.21995,6.75676,1.75232e+07,1.184e+08,1000000000,0.148,148,0.8
6,2,9094829000000,34000,0.243118,4.11323,2.24215,1.59133e+08,3.568e+08,1000000000,0.446,446,0.8
6,2,9094830000000,35000,0.241371,4.14299,5.49451,2.64992e+07,1.456e+08,1000000000,0.182,182,0.8
6,2,9094831000000,36000,0.237833,4.20463,8.77193,1.03968e+07,9.12e+07,1000000000,0.114,114,0.8
6,2,9094832000000,37000,0.248865,4.01825,1.54799,3.33853e+08,5.168e+08,1000000000,0.646,646,0.8
6,2,9094833000000,38000,0.246158,4.06243,6.84932,1.70528e+07,1.168e+08,1000000000,0.146,146,0.8
6,2,9094834000000,39000,0.243487,4.10699,7.04225,1.61312e+07,1.136e+08,1000000000,0.142,142,0.8
6,2,9094835000000,40000,0.2496,4.00641,2.04918,1.90515e+08,3.904e+08,1000000000,0.488,488,0.8
6,2,9094836000000,41000,0.246293,4.06021,8.77193,1.03968e+07,9.12e+07,1000000000,0.114,114,0.8
6,2,9094837000000,42000,0.250238,3.99619,2.42718,1.35795e+08,3.296e+08,1000000000,0.412,412,0.8
6,2,9094838000000,43000,0.24986,4.00223,4.2735,4.38048e+07,1.872e+08,1000000000,0.234,234,0.8
6,2,9094839000000,44000,0.247545,4.03966,6.75676,1.75232e+07,1.184e+08,1000000000,0.148,148,0.8
6,2,9094840000000,45000,0.255556,3.91304,1.64474,2.95731e+08,4.864e+08,1000000000,0.608,608,0.8
6,2,9094841000000,46000,0.252826,3.95529,7.69231,1.352e+07,1.04e+08,1000000000,0.13,130,0.8
6,2,9094842000000,47000,0.249915,4.00136,8.62069,1.07648e+07,9.28e+07,1000000000,0.116,116,0.8
6,2,9094843000000,48000,0.255833,3.90879,1.87266,2.28125e+08,4.272e+08,1000000000,0.534,534,0.8
6,2,9094844000000,49000,0.253633,3.94271,6.75676,1.75232e+07,1.184e+08,1000000000,0.148,148,0.8
6,2,9094845000000,50000,0.25534,3.91635,2.94985,9.19368e+07,2.712e+08,1000000000,0.339,339,0.8
6,2,9094846000000,51000,0.256,3.90625,3.46021,6.68168e+07,2.312e+08,1000000000,0.289,289,0.8
6,2,9094847000000,52000,0.253269,3.94837,8.77193,1.03968e+07,9.12e+07,1000000000,0.114,114,0.8
6,2,9094848000000,53000,0.259642,3.85146,1.69205,2.79425e+08,4.728e+08,1000000000,0.591,591,0.8
6,2,9094849000000,54000,0.255852,3.90851,18.1818,2.42e+06,4.4e+07,1000000000,0.055,55,0.8
6,2,9094850000000,55000,0.2528,3.9557,11.3636,6.1952e+06,7.04e+07,1000000000,0.088,88,0.8
6,2,9094851000000,56000,0.250429,3.99315,8.33333,1.152e+07,9.6e+07,1000000000,0.12,120,0.8
6,2,9094852000000,57000,0.246246,4.06099,83.3333,115200,9.6e+06,1000000000,0.012,12,0.8
6,2,9094853000000,58000,0.244069,4.0972,8.33333,1.152e+07,9.6e+07,1000000000,0.12,120,0.8
6,1,9094854000000,60000,0.236133,4.2349,166.667,64800,1.08e+07,2000000000,0.006,6,0.9
6,0,9094855000000,64000,0.22325,4.47928,33.3333,3.6e+06,1.2e+08,4000000000,0.03,30,1
6,1,9094856000000,66000,0.216667,4.61538,166.667,64800,1.08e+07,2000000000,0.006,6,0.9
6,1,9094857000000,68000,0.212735,4.70068,12.0482,1.24002e+07,1.494e+08,2000000000,0.083,83,0.9
6,2,9094858000000,69000,0.216217,4.62497,2.20751,1.64167e+08,3.624e+08,1000000000,0.453,453,0.8
6,2,9094859000000,70000,0.215357,4.64345,6.41026,1.94688e+07,1.248e+08,1000000000,0.156,156,0.8
6,2,9094860000000,71000,0.214,4.6729,8.40336,1.13288e+07,9.52e+07,1000000000,0.119,119,0.8
6,2,9094861000000,72000,0.220042,4.54459,1.54083,3.36961e+08,5.192e+08,1000000000,0.649,649,0.8
6,2,9094862000000,73000,0.218548,4.57566,9.00901,9.8568e+06,8.88e+07,1000000000,0.111,111,0.8
6,2,9094863000000,74000,0.218432,4.57807,4.7619,3.528e+07,1.68e+08,1000000000,0.21,210,0.8
6,2,9094864000000,75000,0.22148,4.51508,2.23714,1.59847e+08,3.576e+08,1000000000,0.447,447,0.8
6,2,9094865000000,76000,0.220026,4.54491,9.00901,9.8568e+06,8.88e+07,1000000000,0.111,111,0.8
6,2,9094866000000,77000,0.222792,4.48849,2.30947,1.49991e+08,3.464e+08,1000000000,0.433,433,0.8
6,2,9094867000000,78000,0.222808,4.48818,4.46429,4.01408e+07,1.792e+08,1000000000,0.224,224,0.8
6,2,9094868000000,79000,0.221392,4.51687,9.00901,9.8568e+06,8.88e+07,1000000000,0.111,111,0.8
6,2,9094869000000,80000,0.226612,4.41282,1.56495,3.26657e+08,5.112e+08,1000000000,0.639,639,0.8
6,2,9094870000000,81000,0.225358,4.43738,8,1.25e+07,1e+08,1000000000,0.125,125,0.8
6,2,9094871000000,82000,0.223963,4.46501,9.00901,9.8568e+06,8.88e+07,1000000000,0.111,111,0.8
6,2,9094872000000,83000,0.227892,4.38805,1.81818,2.42e+08,4.4e+08,1000000000,0.55,550,0.8
6,2,9094873000000,84000,0.2265,4.41501,9.00901,9.8568e+06,8.88e+07,1000000000,0.111,111,0.8
6,2,9094874000000,85000,0.227918,4.38755,2.88184,9.63272e+07,2.776e+08,1000000000,0.347,347,0.8
6,2,9094875000000,86000,0.228872,4.36925,3.22581,7.688e+07,2.48e+08,1000000000,0.31,310,0.8
6,2,9094876000000,87000,0.227517,4.39527,9.00901,9.8568e+06,8.88e+07,1000000000,0.111,111,0.8
6,2,9094877000000,88000,0.231386,4.32178,1.76056,2.58099e+08,4.544e+08,1000000000,0.568,568,0.8
6,2,9094878000000,89000,0.230022,4.3474,9.09091,9.68e+06,8.8e+07,1000000000,0.11,110,0.8
6,2,9094879000000,90000,0.228467,4.37701,11.1111,6.48e+06,7.2e+07,1000000000,0.09,90,0.8
6,2,9094880000000,91000,0.233176,4.28861,1.52207,3.45319e+08,5.256e+08,1000000000,0.657,657,0.8
6,2,9094881000000,92000,0.231848,4.31317,9.00901,9.8568e+06,8.88e+07,1000000000,0.111,111,0.8
6,2,9094882000000,93000,0.23214,4.30775,3.861,5.36648e+07,2.072e+08,1000000000,0.259,259,0.8
6,2,9094883000000,94000,0.233904,4.27525,2.51256,1.26723e+08,3.184e+08,1000000000,0.398,398,0.8
6,2,9094884000000,95000,0.232611,4.29903,9.00901,9.8568e+06,8.88e+07,1000000000,0.111,111,0.8
6,2,9094885000000,96000,0.235208,4.25155,2.07469,1.85859e+08,3.856e+08,1000000000,0.482,482,0.8
6,2,9094886000000,97000,0.234588,4.2628,5.71429,2.45e+07,1.4e+08,1000000000,0.175,175,0.8
6,2,9094887000000,98000,0.233327,4.28584,9.00901,9.8568e+06,8.88e+07,1000000000,0.111,111,0.8
6,2,9094888000000,99000,0.237606,4.20865,1.52207,3.45319e+08,5.256e+08,1000000000,0.657,657,0.8
6,2,9094889000000,100000,0.23634,4.23119,9.00901,9.8568e+06,8.88e+07,1000000000,0.111,111,0.8
6,2,9094890000000,101000,0.235693,4.24281,5.84795,2.33928e+07,1.368e+08,1000000000,0.171,171,0.8
6,2,9094891000000,102000,0.238147,4.19909,2.05761,1.88957e+08,3.888e+08,1000000000,0.486,486,0.8
6,2,9094892000000,103000,0.236913,4.22097,9.00901,9.8568e+06,8.88e+07,1000000000,0.111,111,0.8
6,2,9094893000000,104000,0.238413,4.19439,2.54453,1.23559e+08,3.144e+08,1000000000,0.393,393,0.8
6,2,9094894000000,105000,0.238657,4.19011,3.78788,5.57568e+07,2.112e+08,1000000000,0.264,264,0.8
6,2,9094895000000,106000,0.237453,4.21136,9.00901,9.8568e+06,8.88e+07,1000000000,0.111,111,0.8
6,2,9094896000000,107000,0.241,4.14938,1.62075,3.04551e+08,4.936e+08,1000000000,0.617,617,0.8
6,2,9094897000000,108000,0.239926,4.16795,8,1.25e+07,1e+08,1000000000,0.125,125,0.8
6,2,9094898000000,109000,0.23845,4.19376,12.6582,4.9928e+06,6.32e+07,1000000000,0.079,79,0.8
6,2,9094899000000,110000,0.241773,4.13612,1.65563,2.91853e+08,4.832e+08,1000000000,0.604,604,0.8
6,2,9094900000000,111000,0.240595,4.15637,9.00901,9.8568e+06,8.88e+07,1000000000,0.111,111,0.8
6,2,9094901000000,112000,0.241161,4.14661,3.28947,7.39328e+07,2.432e+08,1000000000,0.304,304,0.8
6,2,9094902000000,113000,0.24215,4.12966,2.83286,9.96872e+07,2.824e+08,1000000000,0.353,353,0.8
6,2,9094903000000,114000,0.241,4.14938,9.00901,9.8568e+06,8.88e+07,1000000000,0.111,111,0.8
6,2,9094904000000,115000,0.243513,4.10656,1.88679,2.2472e+08,4.24e+08,1000000000,0.53,530,0.8
6,2,9094905000000,116000,0.242509,4.12356,7.87402,1.29032e+07,1.016e+08,1000000000,0.127,127,0.8
6,2,9094906000000,117000,0.241385,4.14277,9.00901,9.8568e+06,8.88e+07,1000000000,0.111,111,0.8
6,2,9094907000000,118000,0.24522,4.07797,1.44092,3.85309e+08,5.552e+08,1000000000,0.694,694,0.8
6,2,9094908000000,119000,0.246353,4.05922,2.63158,1.1552e+08,3.04e+08,1000000000,0.38,380,0.8
6,2,9094909000000,120000,0.244992,4.08177,12.0482,5.5112e+06,6.64e+07,1000000000,0.083,83,0.8
6,2,9094910000000,121000,0.246802,4.05184,2.15517,1.72237e+08,3.712e+08,1000000000,0.464,464,0.8
6,2,9094911000000,122000,0.24623,4.06125,5.64972,2.50632e+07,1.416e+08,1000000000,0.177,177,0.8
6,2,9094912000000,123000,0.245431,4.07447,6.75676,1.75232e+07,1.184e+08,1000000000,0.148,148,0.8
6,2,9094913000000,124000,0.248516,4.02388,1.59236,3.15507e+08,5.024e+08,1000000000,0.628,628,0.8
6,2,9094914000000,125000,0.24744,4.04138,8.77193,1.03968e+07,9.12e+07,1000000000,0.114,114,0.8
6,2,9094915000000,126000,0.246944,4.04949,5.40541,2.738e+07,1.48e+08,1000000000,0.185,185,0.8
6,2,9094916000000,127000,0.24863,4.02204,2.1692,1.70017e+08,3.688e+08,1000000000,0.461,461,0.8
6,2,9094917000000,128000,0.247844,4.0348,6.75676,1.75232e+07,1.184e+08,1000000000,0.148,148,0.8
6,2,9094918000000,129000,0.249016,4.01581,2.50627,1.27361e+08,3.192e+08,1000000000,0.399,399,0.8
6,2,9094919000000,130000,0.248862,4.0183,4.36681,4.19528e+07,1.832e+08,1000000000,0.229,229,0.8
6,2,9094920000000,131000,0.247832,4.03499,8.77193,1.03968e+07,9.12e+07,1000000000,0.114,114,0.8
6,2,9094921000000,132000,0.250735,3.98828,1.58479,3.18529e+08,5.048e+08,1000000000,0.631,631,0.8
6,2,9094922000000,133000,0.24994,4.00096,6.89655,1.682e+07,1.16e+08,1000000000,0.145,145,0.8
6,2,9094923000000,134000,0.248769,4.0198,10.7527,6.9192e+06,7.44e+07,1000000000,0.093,93,0.8
6,2,9094924000000,135000,0.251022,3.98371,1.80832,2.44647e+08,4.424e+08,1000000000,0.553,553,0.8
6,2,9094925000000,136000,0.250015,3.99976,8.77193,1.03968e+07,9.12e+07,1000000000,0.114,114,0.8
6,2,9094926000000,137000,0.250832,3.98673,2.76243,1.04835e+08,2.896e+08,1000000000,0.362,362,0.8
6,2,9094927000000,138000,0.251072,3.98291,3.52113,6.45248e+07,2.272e+08,1000000000,0.284,284,0.8
6,2,9094928000000,139000,0.250331,3.99471,6.75676,1.75232e+07,1.184e+08,1000000000,0.148,148,0.8
6,2,9094929000000,140000,0.252643,3.95816,1.74216,2.63581e+08,4.592e+08,1000000000,0.574,574,0.8
6,2,9094930000000,141000,0.251816,3.97116,7.35294,1.47968e+07,1.088e+08,1000000000,0.136,136,0.8
6,2,9094931000000,142000,0.250542,3.99134,14.0845,4.0328e+06,5.68e+07,1000000000,0.071,71,0.8
6,2,9094932000000,143000,0.253035,3.95202,1.64745,2.94759e+08,4.856e+08,1000000000,0.607,607,0.8
6,2,9094933000000,144000,0.252306,3.96345,6.75676,1.75232e+07,1.184e+08,1000000000,0.148,148,0.8
6,2,9094934000000,145000,0.252566,3.95937,3.44828,6.728e+07,2.32e+08,1000000000,0.29,290,0.8
6,2,9094935000000,146000,0.253151,3.95022,2.95858,9.13952e+07,2.704e+08,1000000000,0.338,338,0.8
6,2,9094936000000,147000,0.252204,3.96504,8.77193,1.03968e+07,9.12e+07,1000000000,0.114,114,0.8
6,2,9094937000000,148000,0.254169,3.93439,1.84162,2.35879e+08,4.344e+08,1000000000,0.543,543,0.8
6,2,9094938000000,149000,0.253174,3.94984,9.43396,8.9888e+06,8.48e+07,1000000000,0.106,106,0.8
6,2,9094939000000,150000,0.252453,3.96113,6.89655,1.682e+07,1.16e+08,1000000000,0.145,145,0.8
6,2,9094940000000,151000,0.25494,3.92249,1.59236,3.15507e+08,5.024e+08,1000000000,0.628,628,0.8
6,2,9094941000000,152000,0.254013,3.9368,8.77193,1.03968e+07,9.12e+07,1000000000,0.114,114,0.8
6,2,9094942000000,153000,0.254052,3.9362,3.84615,5.408e+07,2.08e+08,1000000000,0.26,260,0.8
6,2,9094943000000,154000,0.254909,3.92297,2.59067,1.19197e+08,3.088e+08,1000000000,0.386,386,0.8
6,2,9094944000000,155000,0.254219,3.93361,6.75676,1.75232e+07,1.184e+08,1000000000,0.148,148,0.8
6,2,9094945000000,156000,0.255615,3.91213,2.11864,1.78227e+08,3.776e+08,1000000000,0.472,472,0.8
6,2,9094946000000,157000,0.254981,3.92186,6.41026,1.94688e+07,1.248e+08,1000000000,0.156,156,0.8
6,2,9094947000000,158000,0.254089,3.93563,8.77193,1.03968e+07,9.12e+07,1000000000,0.114,114,0.8
6,2,9094948000000,159000,0.256553,3.89782,1.54799,3.33853e+08,5.168e+08,1000000000,0.646,646,0.8
6,2,9094949000000,160000,0.255875,3.90816,6.75676,1.75232e+07,1.184e+08,1000000000,0.148,148,0.8
6,2,9094950000000,161000,0.255404,3.91537,5.55556,2.592e+07,1.44e+08,1000000000,0.18,180,0.8
6,2,9094951000000,162000,0.256593,3.89723,2.23214,1.60563e+08,3.584e+08,1000000000,0.448,448,0.8
6,2,9094952000000,163000,0.255718,3.91056,8.77193,1.03968e+07,9.12e+07,1000000000,0.114,114,0.8
6,2,9094953000000,164000,0.256841,3.89345,2.27273,1.5488e+08,3.52e+08,1000000000,0.44,440,0.8
6,2,9094954000000,165000,0.256533,3.89813,4.85437,3.39488e+07,1.648e+08,1000000000,0.206,206,0.8
6,2,9094955000000,166000,0.25588,3.90809,6.75676,1.75232e+07,1.184e+08,1000000000,0.148,148,0.8
6,2,9094956000000,167000,0.258072,3.87489,1.60772,3.09507e+08,4.976e+08,1000000000,0.622,622,0.8
6,2,9094957000000,168000,0.25725,3.88727,8.33333,1.152e+07,9.6e+07,1000000000,0.12,120,0.8
6,2,9094958000000,169000,0.256621,3.89679,6.62252,1.82408e+07,1.208e+08,1000000000,0.151,151,0.8
6,2,9094959000000,169843,0.258356,3.87062,1.64971,2.93952e+08,4.84935e+08,1000000000,0.606168,511,0.8
6,2,9094960000000,169843,0.258356,3.87062,0,-nan,-nan,1000000000,-nan,0,0.8
6,2,9094961000000,169843,0.258356,3.87062,0,-nan,-nan,1000000000,-nan,0,0.8
7,0,9094801000000,4000,0.036,27.7778,27.7778,5.184e+06,1.44e+08,4000000000,0.036,36,1
7,1,9094802000000,6000,0.0501667,19.9336,12.7389,1.1092e+07,1.413e+08,2000000000,0.0785,78.5,0.9
7,1,9094803000000,8000,0.096,10.4167,4.28266,9.814e+07,4.203e+08,2000000000,0.2335,233.5,0.9
7,2,9094804000000,9000,0.102444,9.76139,6.49351,1.89728e+07,1.232e+08,1000000000,0.154,154,0.8
7,2,9094805000000,10000,0.1497,6.68003,1.73913,2.645e+08,4.6e+08,1000000000,0.575,575,0.8
7,2,9094806000000,11000,0.147818,6.76507,7.75194,1.33128e+07,1.032e+08,1000000000,0.129,129,0.8
7,2,9094807000000,12000,0.1435,6.96864,10.4167,7.3728e+06,7.68e+07,1000000000,0.096,96,0.8
7,2,9094808000000,13000,0.177231,5.64236,1.71821,2.70979e+08,4.656e+08,1000000000,0.582,582,0.8
7,2,9094809000000,14000,0.172714,5.78991,8.77193,1.03968e+07,9.12e+07,1000000000,0.114,114,0.8
7,2,9094810000000,15000,0.183733,5.44267,2.95858,9.13952e+07,2.704e+08,1000000000,0.338,338,0.8
7,2,9094811000000,16000,0.1915,5.22193,3.24675,7.58912e+07,2.464e+08,1000000000,0.308,308,0.8
7,2,9094812000000,17000,0.188941,5.29265,6.75676,1.75232e+07,1.184e+08,1000000000,0.148,148,0.8
7,2,9094813000000,18000,0.209056,4.78342,1.81488,2.42881e+08,4.408e+08,1000000000,0.551,551,0.8
7,2,9094814000000,19000,0.204053,4.9007,8.77193,1.03968e+07,9.12e+07,1000000000,0.114,114,0.8
7,2,9094815000000,20000,0.1979,5.05306,12.3457,5.2488e+06,6.48e+07,1000000000,0.081,81,0.8
7,2,9094816000000,21000,0.219048,4.56522,1.55763,3.29731e+08,5.136e+08,1000000000,0.642,642,0.8
7,2,9094817000000,22000,0.215818,4.63353,6.75676,1.75232e+07,1.184e+08,1000000000,0.148,148,0.8
7,2,9094818000000,23000,0.217826,4.59082,3.81679,5.49152e+07,2.096e+08,1000000000,0.262,262,0.8
7,2,9094819000000,24000,0.224,4.46429,2.73224,1.07165e+08,2.928e+08,1000000000,0.366,366,0.8
7,2,9094820000000,25000,0.2196,4.55373,8.77193,1.03968e+07,9.12e+07,1000000000,0.114,114,0.8
7,2,9094821000000,26000,0.231077,4.32756,1.9305,2.14659e+08,4.144e+08,1000000000,0.518,518,0.8
7,2,9094822000000,27000,0.227259,4.40026,7.8125,1.31072e+07,1.024e+08,1000000000,0.128,128,0.8
7,2,9094823000000,28000,0.224429,4.45576,6.75676,1.75232e+07,1.184e+08,1000000000,0.148,148,0.8
7,2,9094824000000,29000,0.238345,4.1956,1.59236,3.15507e+08,5.024e+08,1000000000,0.628,628,0.8
7,2,9094825000000,30000,0.2342,4.26985,8.77193,1.03968e+07,9.12e+07,1000000000,0.114,114,0.8
7,2,9094826000000,31000,0.234194,4.26997,4.2735,4.38048e+07,1.872e+08,1000000000,0.234,234,0.8
7,2,9094827000000,32000,0.23975,4.17101,2.42718,1.35795e+08,3.296e+08,1000000000,0.412,412,0.8
7,2,9094828000000,33000,0.23697,4.21995,6.75676,1.75232e+07,1.184e+08,1000000000,0.148,148,0.8
7,2,9094829000000,34000,0.243118,4.11323,2.24215,1.59133e+08,3.568e+08,1000000000,0.446,446,0.8
7,2,9094830000000,35000,0.241371,4.14299,5.49451,2.64992e+07,1.456e+08,1000000000,0.182,182,0.8
7,2,9094831000000,36000,0.237833,4.20463,8.77193,1.03968e+07,9.12e+07,1000000000,0.114,114,0.8
7,2,9094832000000,37000,0.248865,4.01825,1.54799,3.33853e+08,5.168e+08,1000000000,0.646,646,0.8
7,2,9094833000000,38000,0.246158,4.06243,6.84932,1.70528e+07,1.168e+08,1000000000,0.146,146,0.8
7,2,9094834000000,39000,0.243487,4.10699,7.04225,1.61312e+07,1.136e+08,1000000000,0.142,142,0.8
7,2,9094835000000,40000,0.2496,4.00641,2.04918,1.90515e+08,3.904e+08,1000000000,0.488,488,0.8
7,2,9094836000000,41000,0.246293,4.06021,8.77193,1.03968e+07,9.12e+07,1000000000,0.114,114,0.8
7,2,9094837000000,42000,0.250238,3.99619,2.42718,1.35795e+08,3.296e+08,1000000000,0.412,412,0.8
7,2,9094838000000,43000,0.24986,4.00223,4.2735,4.38048e+07,1.872e+08,1000000000,0.234,234,0.8
7,2,9094839000000,44000,0.247545,4.03966,6.75676,1.75232e+07,1.184e+08,1000000000,0.148,148,0.8
7,2,9094840000000,45000,0.255556,3.91304,1.64474,2.95731e+08,4.864e+08,1000000000,0.608,608,0.8
7,2,9094841000000,46000,0.252826,3.95529,7.69231,1.352e+07,1.04e+08,1000000000,0.13,130,0.8
7,2,9094842000000,47000,0.249915,4.00136,8.62069,1.07648e+07,9.28e+07,1000000000,0.116,116,0.8
7,2,9094843000000,48000,0.255833,3.90879,1.87266,2.28125e+08,4.272e+08,1000000000,0.534,534,0.8
7,2,9094844000000,49000,0.253633,3.94271,6.75676,1.75232e+07,1.184e+08,1000000000,0.148,148,0.8
7,2,9094845000000,50000,0.25534,3.91635,2.94985,9.19368e+07,2.712e+08,1000000000,0.339,339,0.8
7,2,9094846000000,51000,0.256,3.90625,3.46021,6.68168e+07,2.312e+08,1000000000,0.289,289,0.8
7,2,9094847000000,52000,0.253269,3.94837,8.77193,1.03968e+07,9.12e+07,1000000000,0.114,114,0.8
7,2,9094848000000,53000,0.259642,3.85146,1.69205,2.79425e+08,4.728e+08,1000000000,0.591,591,0.8
7,2,9094849000000,54000,0.255852,3.90851,18.1818,2.42e+06,4.4e+07,1000000000,0.055,55,0.8
7,2,9094850000000,55000,0.2528,3.9557,11.3636,6.1952e+06,7.04e+07,1000000000,0.088,88,0.8
7,2,9094851000000,56000,0.250429,3.99315,8.33333,1.152e+07,9.6e+07,1000000000,0.12,120,0.8
7,2,9094852000000,57000,0.246246,4.06099,83.3333,115200,9.6e+06,1000000000,0.012,12,0.8
7,2,9094853000000,58000,0.244069,4.0972,8.33333,1.152e+07,9.6e+07,1000000000,0.12,120,0.8
7,1,9094854000000,60000,0.236133,4.2349,166.667,64800,1.08e+07,2000000000,0.006,6,0.9
7,0,9094855000000,64000,0.22325,4.47928,33.3333,3.6e+06,1.2e+08,4000000000,0.03,30,1
7,1,9094856000000,66000,0.216667,4.61538,166.667,64800,1.08e+07,2000000000,0.006,6,0.9
7,1,9094857000000,68000,0.212735,4.70068,12.0482,1.24002e+07,1.494e+08,2000000000,0.083,83,0.9
7,2,9094858000000,69000,0.216217,4.62497,2.20751,1.64167e+08,3.624e+08,1000000000,0.453,453,0.8
7,2,9094859000000,70000,0.215357,4.64345,6.41026,1.94688e+07,1.248e+08,1000000000,0.156,156,0.8
7,2,9094860000000,71000,0.214,4.6729,8.40336,1.13288e+07,9.52e+07,1000000000,0.119,119,0.8
7,2,9094861000000,72000,0.220042,4.54459,1.54083,3.36961e+08,5.192e+08,1000000000,0.649,649,0.8
7,2,9094862000000,73000,0.218548,4.57566,9.00901,9.8568e+06,8.88e+07,1000000000,0.111,111,0.8
7,2,9094863000000,74000,0.218432,4.57807,4.7619,3.528e+07,1.68e+08,1000000000,0.21,210,0.8
7,2,9094864000000,75000,0.22148,4.51508,2.23714,1.59847e+08,3.576e+08,1000000000,0.447,447,0.8
7,2,9094865000000,76000,0.220026,4.54491,9.00901,9.8568e+06,8.88e+07,1000000000,0.111,111,0.8
7,2,9094866000000,77000,0.222792,4.48849,2.30947,1.49991e+08,3.464e+08,1000000000,0.433,433,0.8
7,2,9094867000000,78000,0.222808,4.48818,4.46429,4.01408e+07,1.792e+08,1000000000,0.224,224,0.8
7,2,9094868000000,79000,0.221392,4.51687,9.00901,9.8568e+06,8.88e+07,1000000000,0.111,111,0.8
7,2,9094869000000,80000,0.226612,4.41282,1.56495,3.26657e+08,5.112e+08,1000000000,0.639,639,0.8
7,2,9094870000000,81000,0.225358,4.43738,8,1.25e+07,1e+08,1000000000,0.125,125,0.8
7,2,9094871000000,82000,0.223963,4.46501,9.00901,9.8568e+06,8.88e+07,1000000000,0.111,111,0.8
7,2,9094872000000,83000,0.227892,4.38805,1.81818,2.42e+08,4.4e+08,1000000000,0.55,550,0.8
7,2,9094873000000,84000,0.2265,4.41501,9.00901,9.8568e+06,8.88e+07,1000000000,0.111,111,0.8
7,2,9094874000000,85000,0.227918,4.38755,2.88184,9.63272e+07,2.776e+08,1000000000,0.347,347,0.8
7,2,9094875000000,86000,0.228872,4.36925,3.22581,7.688e+07,2.48e+08,1000000000,0.31,310,0.8
7,2,9094876000000,87000,0.227517,4.39527,9.00901,9.8568e+06,8.88e+07,1000000000,0.111,111,0.8
7,2,9094877000000,88000,0.231386,4.32178,1.76056,2.58099e+08,4.544e+08,1000000000,0.568,568,0.8
7,2,9094878000000,89000,0.230022,4.3474,9.09091,9.68e+06,8.8e+07,1000000000,0.11,110,0.8
7,2,9094879000000,90000,0.228467,4.37701,11.1111,6.48e+06,7.2e+07,1000000000,0.09,90,0.8
7,2,9094880000000,91000,0.233176,4.28861,1.52207,3.45319e+08,5.256e+08,1000000000,0.657,657,0.8
7,2,9094881000000,92000,0.231848,4.31317,9.00901,9.8568e+06,8.88e+07,1000000000,0.111,111,0.8
7,2,9094882000000,93000,0.23214,4.30775,3.861,5.36648e+07,2.072e+08,1000000000,0.259,259,0.8
7,2,9094883000000,94000,0.233904,4.27525,2.51256,1.26723e+08,3.184e+08,1000000000,0.398,398,0.8
7,2,9094884000000,95000,0.232611,4.29903,9.00901,9.8568e+06,8.88e+07,1000000000,0.111,111,0.8
7,2,9094885000000,96000,0.235208,4.25155,2.07469,1.85859e+08,3.856e+08,1000000000,0.482,482,0.8
7,2,9094886000000,97000,0.234588,4.2628,5.71429,2.45e+07,1.4e+08,1000000000,0.175,175,0.8
7,2,9094887000000,98000,0.233327,4.28584,9.00901,9.8568e+06,8.88e+07,1000000000,0.111,111,0.8
7,2,9094888000000,99000,0.237606,4.20865,1.52207,3.45319e+08,5.256e+08,1000000000,0.657,657,0.8
7,2,9094889000000,100000,0.23634,4.23119,9.00901,9.8568e+06,8.88e+07,1000000000,0.111,111,0.8
7,2,9094890000000,101000,0.235693,4.24281,5.84795,2.33928e+07,1.368e+08,1000000000,0.171,171,0.8
7,2,9094891000000,102000,0.238147,4.19909,2.05761,1.88957e+08,3.888e+08,1000000000,0.486,486,0.8
7,2,9094892000000,103000,0.236913,4.22097,9.00901,9.8568e+06,8.88e+07,1000000000,0.111,111,0.8
7,2,9094893000000,104000,0.238413,4.19439,2.54453,1.23559e+08,3.144e+08,1000000000,0.393,393,0.8
7,2,9094894000000,105000,0.238657,4.19011,3.78788,5.57568e+07,2.112e+08,1000000000,0.264,264,0.8
7,2,9094895000000,106000,0.237453,4.21136,9.00901,9.8568e+06,8.88e+07,1000000000,0.111,111,0.8
7,2,9094896000000,107000,0.241,4.14938,1.62075,3.04551e+08,4.936e+08,1000000000,0.617,617,0.8
7,2,9094897000000,108000,0.239926,4.16795,8,1.25e+07,1e+08,1000000000,0.125,125,0.8
7,2,9094898000000,109000,0.23845,4.19376,12.6582,4.9928e+06,6.32e+07,1000000000,0.079,79,0.8
7,2,9094899000000,110000,0.241773,4.13612,1.65563,2.91853e+08,4.832e+08,1000000000,0.604,604,0.8
7,2,9094900000000,111000,0.240595,4.15637,9.00901,9.8568e+06,8.88e+07,1000000000,0.111,111,0.8
7,2,9094901000000,112000,0.241161,4.14661,3.28947,7.39328e+07,2.432e+08,1000000000,0.304,304,0.8
7,2,9094902000000,113000,0.24215,4.12966,2.83286,9.96872e+07,2.824e+08,1000000000,0.353,353,0.8
7,2,9094903000000,114000,0.241,4.14938,9.00901,9.8568e+06,8.88e+07,1000000000,0.111,111,0.8
7,2,9094904000000,115000,0.243513,4.10656,1.88679,2.2472e+08,4.24e+08,1000000000,0.53,530,0.8
7,2,9094905000000,116000,0.242509,4.12356,7.87402,1.29032e+07,1.016e+08,1000000000,0.127,127,0.8
7,2,9094906000000,117000,0.241385,4.14277,9.00901,9.8568e+06,8.88e+07,1000000000,0.111,111,0.8
7,2,9094907000000,118000,0.24522,4.07797,1.44092,3.85309e+08,5.552e+08,1000000000,0.694,694,0.8
7,2,9094908000000,119000,0.246353,4.05922,2.63158,1.1552e+08,3.04e+08,1000000000,0.38,380,0.8
7,2,9094909000000,120000,0.244992,4.08177,12.0482,5.5112e+06,6.64e+07,1000000000,0.083,83,0.8
7,2,9094910000000,121000,0.246802,4.05184,2.15517,1.72237e+08,3.712e+08,1000000000,0.464,464,0.8
7,2,9094911000000,122000,0.24623,4.06125,5.64972,2.50632e+07,1.416e+08,1000000000,0.177,177,0.8
7,2,9094912000000,123000,0.245431,4.07447,6.75676,1.75232e+07,1.184e+08,1000000000,0.148,148,0.8
7,2,9094913000000,124000,0.248516,4.02388,1.59236,3.15507e+08,5.024e+08,1000000000,0.628,628,0.8
7,2,9094914000000,125000,0.24744,4.04138,8.77193,1.03968e+07,9.12e+07,1000000000,0.114,114,0.8
7,2,9094915000000,126000,0.246944,4.04949,5.40541,2.738e+07,1.48e+08,1000000000,0.185,185,0.8
7,2,9094916000000,127000,0.24863,4.02204,2.1692,1.70017e+08,3.688e+08,1000000000,0.461,461,0.8
7,2,9094917000000,128000,0.247844,4.0348,6.75676,1.75232e+07,1.184e+08,1000000000,0.148,148,0.8
7,2,9094918000000,129000,0.249016,4.01581,2.50627,1.27361e+08,3.192e+08,1000000000,0.399,399,0.8
7,2,9094919000000,130000,0.248862,4.0183,4.36681,4.19528e+07,1.832e+08,1000000000,0.229,229,0.8
7,2,9094920000000,131000,0.247832,4.03499,8.77193,1.03968e+07,9.12e+07,1000000000,0.114,114,0.8
7,2,9094921000000,132000,0.250735,3.98828,1.58479,3.18529e+08,5.048e+08,1000000000,0.631,631,0.8
7,2,9094922000000,133000,0.24994,4.00096,6.89655,1.682e+07,1.16e+08,1000000000,0.145,145,0.8
7,2,9094923000000,134000,0.248769,4.0198,10.7527,6.9192e+06,7.44e+07,1000000000,0.093,93,0.8
7,2,9094924000000,135000,0.251022,3.98371,1.80832,2.44647e+08,4.424e+08,1000000000,0.553,553,0.8
7,2,9094925000000,136000,0.250015,3.99976,8.77193,1.03968e+07,9.12e+07,1000000000,0.114,114,0.8
7,2,9094926000000,137000,0.250832,3.98673,2.76243,1.04835e+08,2.896e+08,1000000000,0.362,362,0.8
7,2,9094927000000,138000,0.251072,3.98291,3.52113,6.45248e+07,2.272e+08,1000000000,0.284,284,0.8
7,2,9094928000000,139000,0.250331,3.99471,6.75676,1.75232e+07,1.184e+08,1000000000,0.148,148,0.8
7,2,9094929000000,140000,0.252643,3.95816,1.74216,2.63581e+08,4.592e+08,1000000000,0.574,574,0.8
7,2,9094930000000,141000,0.251816,3.97116,7.35294,1.47968e+07,1.088e+08,1000000000,0.136,136,0.8
7,2,9094931000000,142000,0.250542,3.99134,14.0845,4.0328e+06,5.68e+07,1000000000,0.071,71,0.8
7,2,9094932000000,143000,0.253035,3.95202,1.64745,2.94759e+08,4.856e+08,1000000000,0.607,607,0.8
7,2,9094933000000,144000,0.252306,3.96345,6.75676,1.75232e+07,1.184e+08,1000000000,0.148,148,0.8
7,2,9094934000000,145000,0.252566,3.95937,3.44828,6.728e+07,2.32e+08,1000000000,0.29,290,0.8
7,2,9094935000000,146000,0.253151,3.95022,2.95858,9.13952e+07,2.704e+08,1000000000,0.338,338,0.8
7,2,9094936000000,147000,0.252204,3.96504,8.77193,1.03968e+07,9.12e+07,1000000000,0.114,114,0.8
7,2,9094937000000,148000,0.254169,3.93439,1.84162,2.35879e+08,4.344e+08,1000000000,0.543,543,0.8
7,2,9094938000000,149000,0.253174,3.94984,9.43396,8.9888e+06,8.48e+07,1000000000,0.106,106,0.8
7,2,9094939000000,150000,0.252453,3.96113,6.89655,1.682e+07,1.16e+08,1000000000,0.145,145,0.8
7,2,9094940000000,151000,0.25494,3.92249,1.59236,3.15507e+08,5.024e+08,1000000000,0.628,628,0.8
7,2,9094941000000,152000,0.254013,3.9368,8.77193,1.03968e+07,9.12e+07,1000000000,0.114,114,0.8
7,2,9094942000000,153000,0.254052,3.9362,3.84615,5.408e+07,2.08e+08,1000000000,0.26,260,0.8
7,2,9094943000000,154000,0.254909,3.92297,2.59067,1.19197e+08,3.088e+08,1000000000,0.386,386,0.8
7,2,9094944000000,155000,0.254219,3.93361,6.75676,1.75232e+07,1.184e+08,1000000000,0.148,148,0.8
7,2,9094945000000,156000,0.255615,3.91213,2.11864,1.78227e+08,3.776e+08,1000000000,0.472,472,0.8
7,2,9094946000000,157000,0.254981,3.92186,6.41026,1.94688e+07,1.248e+08,1000000000,0.156,156,0.8
7,2,9094947000000,158000,0.254089,3.93563,8.77193,1.03968e+07,9.12e+07,1000000000,0.114,114,0.8
7,2,9094948000000,159000,0.256553,3.89782,1.54799,3.33853e+08,5.168e+08,1000000000,0.646,646,0.8
7,2,9094949000000,160000,0.255875,3.90816,6.75676,1.75232e+07,1.184e+08,1000000000,0.148,148,0.8
7,2,9094950000000,161000,0.255404,3.91537,5.55556,2.592e+07,1.44e+08,1000000000,0.18,180,0.8
7,2,9094951000000,162000,0.256593,3.89723,2.23214,1.60563e+08,3.584e+08,1000000000,0.448,448,0.8
7,2,9094952000000,163000,0.255718,3.91056,8.77193,1.03968e+07,9.12e+07,1000000000,0.114,114,0.8
7,2,9094953000000,164000,0.256841,3.89345,2.27273,1.5488e+08,3.52e+08,1000000000,0.44,440,0.8
7,2,9094954000000,165000,0.256533,3.89813,4.85437,3.39488e+07,1.648e+08,1000000000,0.206,206,0.8
7,2,9094955000000,166000,0.25588,3.90809,6.75676,1.75232e+07,1.184e+08,1000000000,0.148,148,0.8
7,2,9094956000000,167000,0.258072,3.87489,1.60772,3.09507e+08,4.976e+08,1000000000,0.622,622,0.8
7,2,9094957000000,168000,0.25725,3.88727,8.33333,1.152e+07,9.6e+07,1000000000,0.12,120,0.8
7,2,9094958000000,169000,0.256621,3.89679,6.62252,1.82408e+07,1.208e+08,1000000000,0.151,151,0.8
7,2,9094959000000,169843,0.258356,3.87062,1.64971,2.93952e+08,4.84935e+08,1000000000,0.606168,511,0.8
7,2,9094960000000,169843,0.258356,3.87062,0,-nan,-nan,1000000000,-nan,0,0.8
7,2,9094961000000,169843,0.258356,3.87062,0,-nan,-nan,1000000000,-nan,0,0.8
8,0,9094801000000,4000,0.036,27.7778,27.7778,5.184e+06,1.44e+08,4000000000,0.036,36,1
8,1,9094802000000,6000,0.0356667,28.0374,28.5714,2.205e+06,6.3e+07,2000000000,0.035,35,0.9
8,1,9094803000000,8000,0.096,10.4167,3.61011,1.38112e+08,4.986e+08,2000000000,0.277,277,0.9
8,2,9094804000000,9000,0.102444,9.76139,6.49351,1.89728e+07,1.232e+08,1000000000,0.154,154,0.8
8,2,9094805000000,10000,0.1451,6.8918,1.89036,2.23873e+08,4.232e+08,1000000000,0.529,529,0.8
8,2,9094806000000,11000,0.141727,7.05581,9.25926,9.3312e+06,8.64e+07,1000000000,0.108,108,0.8
8,2,9094807000000,12000,0.139667,7.1599,8.54701,1.09512e+07,9.36e+07,1000000000,0.117,117,0.8
8,2,9094808000000,13000,0.177231,5.64236,1.59236,3.15507e+08,5.024e+08,1000000000,0.628,628,0.8
8,2,9094809000000,14000,0.172714,5.78991,8.77193,1.03968e+07,9.12e+07,1000000000,0.114,114,0.8
8,2,9094810000000,15000,0.180267,5.54734,3.4965,6.54368e+07,2.288e+08,1000000000,0.286,286,0.8
8,2,9094811000000,16000,0.1915,5.22193,2.77778,1.0368e+08,2.88e+08,1000000000,0.36,360,0.8
8,2,9094812000000,17000,0.188941,5.29265,6.75676,1.75232e+07,1.184e+08,1000000000,0.148,148,0.8
8,2,9094813000000,18000,0.206111,4.85175,2.00803,1.98403e+08,3.984e+08,1000000000,0.498,498,0.8
8,2,9094814000000,19000,0.202105,4.94792,7.69231,1.352e+07,1.04e+08,1000000000,0.13,130,0.8
8,2,9094815000000,20000,0.1977,5.05817,8.77193,1.03968e+07,9.12e+07,1000000000,0.114,114,0.8
8,2,9094816000000,21000,0.219048,4.56522,1.54799,3.33853e+08,5.168e+08,1000000000,0.646,646,0.8
8,2,9094817000000,22000,0.215818,4.63353,6.75676,1.75232e+07,1.184e+08,1000000000,0.148,148,0.8
8,2,9094818000000,23000,0.215739,4.63523,4.6729,3.66368e+07,1.712e+08,1000000000,0.214,214,0.8
8,2,9094819000000,24000,0.224,4.46429,2.41546,1.37117e+08,3.312e+08,1000000000,0.414,414,0.8
8,2,9094820000000,25000,0.2196,4.55373,8.77193,1.03968e+07,9.12e+07,1000000000,0.114,114,0.8
8,2,9094821000000,26000,0.229077,4.36535,2.14592,1.73725e+08,3.728e+08,1000000000,0.466,466,0.8
8,2,9094822000000,27000,0.227259,4.40026,5.55556,2.592e+07,1.44e+08,1000000000,0.18,180,0.8
8,2,9094823000000,28000,0.224429,4.45576,6.75676,1.75232e+07,1.184e+08,1000000000,0.148,148,0.8
8,2,9094824000000,29000,0.238345,4.1956,1.59236,3.15507e+08,5.024e+08,1000000000,0.628,628,0.8
8,2,9094825000000,30000,0.2342,4.26985,8.77193,1.03968e+07,9.12e+07,1000000000,0.114,114,0.8
8,2,9094826000000,31000,0.232484,4.30137,5.52486,2.62088e+07,1.448e+08,1000000000,0.181,181,0.8
8,2,9094827000000,32000,0.23975,4.17101,2.15054,1.7298e+08,3.72e+08,1000000000,0.465,465,0.8
8,2,9094828000000,33000,0.23697,4.21995,6.75676,1.75232e+07,1.184e+08,1000000000,0.148,148,0.8
8,2,9094829000000,34000,0.241588,4.13927,2.53807,1.24189e+08,3.152e+08,1000000000,0.394,394,0.8
8,2,9094830000000,35000,0.241371,4.14299,4.2735,4.38048e+07,1.872e+08,1000000000,0.234,234,0.8
8,2,9094831000000,36000,0.237833,4.20463,8.77193,1.03968e+07,9.12e+07,1000000000,0.114,114,0.8
8,2,9094832000000,37000,0.248432,4.02524,1.5873,3.1752e+08,5.04e+08,1000000000,0.63,630,0.8
8,2,9094833000000,38000,0.245711,4.06983,6.89655,1.682e+07,1.16e+08,1000000000,0.145,145,0.8
8,2,9094834000000,39000,0.241641,4.13837,11.4943,6.0552e+06,6.96e+07,1000000000,0.087,87,0.8
8,2,9094835000000,40000,0.2496,4.00641,1.78571,2.5088e+08,4.48e+08,1000000000,0.56,560,0.8
8,2,9094836000000,41000,0.246293,4.06021,8.77193,1.03968e+07,9.12e+07,1000000000,0.114,114,0.8
8,2,9094837000000,42000,0.248952,4.01683,2.7933,1.02531e+08,2.864e+08,1000000000,0.358,358,0.8
8,2,9094838000000,43000,0.24986,4.00223,3.47222,6.63552e+07,2.304e+08,1000000000,0.288,288,0.8
8,2,9094839000000,44000,0.247545,4.03966,6.75676,1.75232e+07,1.184e+08,1000000000,0.148,148,0.8
8,2,9094840000000,45000,0.254711,3.92602,1.75439,2.5992e+08,4.56e+08,1000000000,0.57,570,0.8
8,2,9094841000000,46000,0.252087,3.96689,7.46269,1.43648e+07,1.072e+08,1000000000,0.134,134,0.8
8,2,9094842000000,47000,0.248234,4.02846,14.0845,4.0328e+06,5.68e+07,1000000000,0.071,71,0.8
8,2,9094843000000,48000,0.255833,3.90879,1.63132,3.00615e+08,4.904e+08,1000000000,0.613,613,0.8
8,2,9094844000000,49000,0.253633,3.94271,6.75676,1.75232e+07,1.184e+08,1000000000,0.148,148,0.8
8,2,9094845000000,50000,0.25426,3.93298,3.50877,6.498e+07,2.28e+08,1000000000,0.285,285,0.8
8,2,9094846000000,51000,0.256,3.90625,2.91545,9.41192e+07,2.744e+08,1000000000,0.343,343,0.8
8,2,9094847000000,52000,0.253269,3.94837,8.77193,1.03968e+07,9.12e+07,1000000000,0.114,114,0.8
8,2,9094848000000,53000,0.258717,3.86523,1.84502,2.35011e+08,4.336e+08,1000000000,0.542,542,0.8
8,2,9094849000000,54000,0.255852,3.90851,9.61538,8.6528e+06,8.32e+07,1000000000,0.104,104,0.8
8,2,9094850000000,55000,0.2528,3.9557,11.3636,6.1952e+06,7.04e+07,1000000000,0.088,88,0.8
8,2,9094851000000,56000,0.250429,3.99315,8.33333,1.152e+07,9.6e+07,1000000000,0.12,120,0.8
8,2,9094852000000,57000,0.246246,4.06099,83.3333,115200,9.6e+06,1000000000,0.012,12,0.8
8,2,9094853000000,58000,0.244069,4.0972,8.33333,1.152e+07,9.6e+07,1000000000,0.12,120,0.8
8,1,9094854000000,60000,0.236133,4.2349,166.667,64800,1.08e+07,2000000000,0.006,6,0.9
8,0,9094855000000,64000,0.22325,4.47928,33.3333,3.6e+06,1.2e+08,4000000000,0.03,30,1
8,1,9094856000000,66000,0.216485,4.61926,0,0,0,2000000000,0,0,0.9
8,1,9094857000000,68000,0.210294,4.75524,166.667,64800,1.08e+07,2000000000,0.006,6,0.9
8,2,9094858000000,69000,0.209652,4.76981,6.0241,2.20448e+07,1.328e+08,1000000000,0.166,166,0.8
8,2,9094859000000,70000,0.2116,4.7259,2.89017,9.57728e+07,2.768e+08,1000000000,0.346,346,0.8
8,2,9094860000000,71000,0.212324,4.70978,3.80228,5.53352e+07,2.104e+08,1000000000,0.263,263,0.8
8,2,9094861000000,72000,0.211028,4.73871,8.40336,1.13288e+07,9.52e+07,1000000000,0.119,119,0.8
8,2,9094862000000,73000,0.216479,4.61938,1.64204,2.96705e+08,4.872e+08,1000000000,0.609,609,0.8
8,2,9094863000000,74000,0.215243,4.64591,8,1.25e+07,1e+08,1000000000,0.125,125,0.8
8,2,9094864000000,75000,0.213427,4.68545,12.6582,4.9928e+06,6.32e+07,1000000000,0.079,79,0.8
8,2,9094865000000,76000,0.218566,4.57528,1.65563,2.91853e+08,4.832e+08,1000000000,0.604,604,0.8
8,2,9094866000000,77000,0.217169,4.60471,9.00901,9.8568e+06,8.88e+07,1000000000,0.111,111,0.8
8,2,9094867000000,78000,0.218282,4.58123,3.28947,7.39328e+07,2.432e+08,1000000000,0.304,304,0.8
8,2,9094868000000,79000,0.219987,4.54572,2.83286,9.96872e+07,2.824e+08,1000000000,0.353,353,0.8
8,2,9094869000000,80000,0.218625,4.57404,9.00901,9.8568e+06,8.88e+07,1000000000,0.111,111,0.8
8,2,9094870000000,81000,0.222469,4.49501,1.88679,2.2472e+08,4.24e+08,1000000000,0.53,530,0.8
8,2,9094871000000,82000,0.221305,4.51865,7.87402,1.29032e+07,1.016e+08,1000000000,0.127,127,0.8
8,2,9094872000000,83000,0.219976,4.54595,9.00901,9.8568e+06,8.88e+07,1000000000,0.111,111,0.8
8,2,9094873000000,84000,0.225179,4.44092,1.52207,3.45319e+08,5.256e+08,1000000000,0.657,657,0.8
8,2,9094874000000,85000,0.223835,4.46757,9.00901,9.8568e+06,8.88e+07,1000000000,0.111,111,0.8
8,2,9094875000000,86000,0.223814,4.468,4.5045,3.94272e+07,1.776e+08,1000000000,0.222,222,0.8
8,2,9094876000000,87000,0.226241,4.42006,2.29885,1.5138e+08,3.48e+08,1000000000,0.435,435,0.8
8,2,9094877000000,88000,0.224932,4.44579,9.00901,9.8568e+06,8.88e+07,1000000000,0.111,111,0.8
8,2,9094878000000,89000,0.227382,4.39789,2.25734,1.56999e+08,3.544e+08,1000000000,0.443,443,0.8
8,2,9094879000000,90000,0.227233,4.40076,4.6729,3.66368e+07,1.712e+08,1000000000,0.214,214,0.8
8,2,9094880000000,91000,0.225956,4.42564,9.00901,9.8568e+06,8.88e+07,1000000000,0.111,111,0.8
8,2,9094881000000,92000,0.230511,4.33819,1.55039,3.3282e+08,5.16e+08,1000000000,0.645,645,0.8
8,2,9094882000000,93000,0.229344,4.36026,8.19672,1.19072e+07,9.76e+07,1000000000,0.122,122,0.8
8,2,9094883000000,94000,0.228245,4.38126,7.93651,1.27008e+07,1.008e+08,1000000000,0.126,126,0.8
8,2,9094884000000,95000,0.231442,4.32073,1.8797,2.26419e+08,4.256e+08,1000000000,0.532,532,0.8
8,2,9094885000000,96000,0.230187,4.34428,9.00901,9.8568e+06,8.88e+07,1000000000,0.111,111,0.8
8,2,9094886000000,97000,0.231474,4.32014,2.8169,1.0082e+08,2.84e+08,1000000000,0.355,355,0.8
8,2,9094887000000,98000,0.232194,4.30675,3.31126,7.29632e+07,2.416e+08,1000000000,0.302,302,0.8
8,2,9094888000000,99000,0.23097,4.32957,9.00901,9.8568e+06,8.88e+07,1000000000,0.111,111,0.8
8,2,9094889000000,100000,0.23445,4.2653,1.72712,2.68193e+08,4.632e+08,1000000000,0.579,579,0.8
8,2,9094890000000,101000,0.233238,4.28747,8.92857,1.00352e+07,8.96e+07,1000000000,0.112,112,0.8
8,2,9094891000000,102000,0.231725,4.31545,12.6582,4.9928e+06,6.32e+07,1000000000,0.079,79,0.8
8,2,9094892000000,103000,0.235835,4.24025,1.52672,3.4322e+08,5.24e+08,1000000000,0.655,655,0.8
8,2,9094893000000,104000,0.234635,4.26195,9.00901,9.8568e+06,8.88e+07,1000000000,0.111,111,0.8
8,2,9094894000000,105000,0.234971,4.25584,3.7037,5.832e+07,2.16e+08,1000000000,0.27,270,0.8
8,2,9094895000000,106000,0.236406,4.23002,2.58398,1.19815e+08,3.096e+08,1000000000,0.387,387,0.8
8,2,9094896000000,107000,0.235234,4.25109,9.00901,9.8568e+06,8.88e+07,1000000000,0.111,111,0.8
8,2,9094897000000,108000,0.237593,4.20889,2.04082,1.9208e+08,3.92e+08,1000000000,0.49,490,0.8
8,2,9094898000000,109000,0.236945,4.22039,5.98802,2.23112e+07,1.336e+08,1000000000,0.167,167,0.8
8,2,9094899000000,110000,0.2358,4.24088,9.00901,9.8568e+06,8.88e+07,1000000000,0.111,111,0.8
8,2,9094900000000,111000,0.239595,4.17372,1.52207,3.45319e+08,5.256e+08,1000000000,0.657,657,0.8
8,2,9094901000000,112000,0.238446,4.19381,9.00901,9.8568e+06,8.88e+07,1000000000,0.111,111,0.8
8,2,9094902000000,113000,0.237973,4.20215,5.40541,2.738e+07,1.48e+08,1000000000,0.185,185,0.8
8,2,9094903000000,114000,0.240026,4.16621,2.11864,1.78227e+08,3.776e+08,1000000000,0.472,472,0.8
8,2,9094904000000,115000,0.238904,4.18578,9.00901,9.8568e+06,8.88e+07,1000000000,0.111,111,0.8
8,2,9094905000000,116000,0.240328,4.16099,2.47525,1.30573e+08,3.232e+08,1000000000,0.404,404,0.8
8,2,9094906000000,117000,0.240436,4.15911,3.95257,5.12072e+07,2.024e+08,1000000000,0.253,253,0.8
8,2,9094907000000,118000,0.239339,4.17817,9.00901,9.8568e+06,8.88e+07,1000000000,0.111,111,0.8
8,2,9094908000000,119000,0.242395,4.1255,1.65837,2.90887e+08,4.824e+08,1000000000,0.603,603,0.8
8,2,9094909000000,120000,0.2436,4.10509,2.58398,1.19815e+08,3.096e+08,1000000000,0.387,387,0.8
8,2,9094910000000,121000,0.242273,4.12758,12.0482,5.5112e+06,6.64e+07,1000000000,0.083,83,0.8
8,2,9094911000000,122000,0.242984,4.1155,3.03951,8.65928e+07,2.632e+08,1000000000,0.329,329,0.8
8,2,9094912000000,123000,0.242146,4.12973,7.14286,1.568e+07,1.12e+08,1000000000,0.14,140,0.8
8,2,9094913000000,124000,0.241089,4.14785,9.00901,9.8568e+06,8.88e+07,1000000000,0.111,111,0.8
8,2,9094914000000,125000,0.239632,4.17307,16.9492,2.7848e+06,4.72e+07,1000000000,0.059,59,0.8
8,2,9094915000000,126000,0.240921,4.15074,2.48756,1.29283e+08,3.216e+08,1000000000,0.402,402,0.8
8,2,9094916000000,127000,0.239496,4.17543,16.6667,2.88e+06,4.8e+07,1000000000,0.06,60,0.8
8,2,9094917000000,128000,0.23775,4.2061,62.5,204800,1.28e+07,1000000000,0.016,16,0.8
8,2,9094918000000,129000,0.239814,4.1699,1.98413,2.03213e+08,4.032e+08,1000000000,0.504,504,0.8
8,2,9094919000000,130000,0.238523,4.19247,13.8889,4.1472e+06,5.76e+07,1000000000,0.072,72,0.8
8,2,9094920000000,131000,0.237618,4.20843,8.33333,1.152e+07,9.6e+07,1000000000,0.12,120,0.8
8,2,9094921000000,132000,0.238727,4.18888,2.60417,1.17965e+08,3.072e+08,1000000000,0.384,384,0.8
8,2,9094922000000,133000,0.237474,4.21099,13.8889,4.1472e+06,5.76e+07,1000000000,0.072,72,0.8
8,2,9094923000000,134000,0.239104,4.18227,2.19298,1.66349e+08,3.648e+08,1000000000,0.456,456,0.8
8,2,9094924000000,135000,0.238037,4.20103,10.5263,7.22e+06,7.6e+07,1000000000,0.095,95,0.8
8,2,9094925000000,136000,0.236838,4.22229,13.3333,4.5e+06,6e+07,1000000000,0.075,75,0.8
8,2,9094926000000,137000,0.238394,4.19473,2.22222,1.62e+08,3.6e+08,1000000000,0.45,450,0.8
8,2,9094927000000,138000,0.237217,4.21554,13.1579,4.6208e+06,6.08e+07,1000000000,0.076,76,0.8
8,2,9094928000000,139000,0.238295,4.19648,2.58398,1.19815e+08,3.096e+08,1000000000,0.387,387,0.8
8,2,9094929000000,140000,0.237429,4.21179,8.54701,1.09512e+07,9.36e+07,1000000000,0.117,117,0.8
8,2,9094930000000,141000,0.236255,4.23271,13.8889,4.1472e+06,5.76e+07,1000000000,0.072,72,0.8
8,2,9094931000000,142000,0.238141,4.1992,1.98413,2.03213e+08,4.032e+08,1000000000,0.504,504,0.8
8,2,9094932000000,143000,0.236979,4.21978,13.8889,4.1472e+06,5.76e+07,1000000000,0.072,72,0.8
8,2,9094933000000,144000,0.237493,4.21065,3.21543,7.73768e+07,2.488e+08,1000000000,0.311,311,0.8
8,2,9094934000000,145000,0.237186,4.2161,5.18135,2.97992e+07,1.544e+08,1000000000,0.193,193,0.8
8,2,9094935000000,146000,0.236055,4.2363,13.8889,4.1472e+06,5.76e+07,1000000000,0.072,72,0.8
8,2,9094936000000,147000,0.237878,4.20384,1.98413,2.03213e+08,4.032e+08,1000000000,0.504,504,0.8
8,2,9094937000000,148000,0.236757,4.22374,13.8889,4.1472e+06,5.76e+07,1000000000,0.072,72,0.8
8,2,9094938000000,149000,0.236779,4.22336,4.16667,4.608e+07,1.92e+08,1000000000,0.24,240,0.8
8,2,9094939000000,150000,0.23696,4.22012,3.78788,5.57568e+07,2.112e+08,1000000000,0.264,264,0.8
8,2,9094940000000,151000,0.235868,4.23967,13.8889,4.1472e+06,5.76e+07,1000000000,0.072,72,0.8
8,2,9094941000000,152000,0.237632,4.20819,1.98413,2.03213e+08,4.032e+08,1000000000,0.504,504,0.8
8,2,9094942000000,153000,0.236549,4.22745,13.8889,4.1472e+06,5.76e+07,1000000000,0.072,72,0.8
8,2,9094943000000,154000,0.236084,4.23577,6.06061,2.178e+07,1.32e+08,1000000000,0.165,165,0.8
8,2,9094944000000,155000,0.236748,4.22389,2.94985,9.19368e+07,2.712e+08,1000000000,0.339,339,0.8
8,2,9094945000000,156000,0.235692,4.24282,13.8889,4.1472e+06,5.76e+07,1000000000,0.072,72,0.8
8,2,9094946000000,157000,0.237325,4.21363,2.03252,1.93651e+08,3.936e+08,1000000000,0.492,492,0.8
8,2,9094947000000,158000,0.236354,4.23093,11.9048,5.6448e+06,6.72e+07,1000000000,0.084,84,0.8
8,2,9094948000000,159000,0.235384,4.24838,12.1951,5.3792e+06,6.56e+07,1000000000,0.082,82,0.8
8,2,9094949000000,160000,0.236525,4.22788,2.39234,1.39779e+08,3.344e+08,1000000000,0.418,418,0.8
8,2,9094950000000,161000,0.235789,4.24108,8.47458,1.11392e+07,9.44e+07,1000000000,0.118,118,0.8
8,2,9094951000000,162000,0.236975,4.21985,2.33645,1.46547e+08,3.424e+08,1000000000,0.428,428,0.8
8,2,9094952000000,163000,0.236153,4.23454,9.70874,8.4872e+06,8.24e+07,1000000000,0.103,103,0.8
8,2,9094953000000,164000,0.235171,4.25223,13.3333,4.5e+06,6e+07,1000000000,0.075,75,0.8
8,2,9094954000000,165000,0.236339,4.2312,2.33645,1.46547e+08,3.424e+08,1000000000,0.428,428,0.8
8,2,9094955000000,166000,0.235373,4.24857,13.1579,4.6208e+06,6.08e+07,1000000000,0.076,76,0.8
8,2,9094956000000,167000,0.236503,4.22828,2.35849,1.43821e+08,3.392e+08,1000000000,0.424,424,0.8
8,2,9094957000000,168000,0.235702,4.24264,9.80392,8.3232e+06,8.16e+07,1000000000,0.102,102,0.8
8,2,9094958000000,169000,0.234604,4.26251,20,2e+06,4e+07,1000000000,0.05,50,0.8
8,2,9094959000000,169775,0.236478,4.22873,1.55,3.32986e+08,5.16129e+08,1000000000,0.645161,500,0.8
8,2,9094960000000,169775,0.236478,4.22873,0,-nan,-nan,1000000000,-nan,0,0.8
8,2,9094961000000,169775,0.236478,4.22873,0,-nan,-nan,1000000000,-nan,0,0.8
9,0,9094801000000,4000,0.036,27.7778,27.7778,5.184e+06,1.44e+08,4000000000,0.036,36,1
9,1,9094802000000,6000,0.0356667,28.0374,28.5714,2.205e+06,6.3e+07,2000000000,0.035,35,0.9
9,1,9094803000000,8000,0.096,10.4167,3.61011,1.38112e+08,4.986e+08,2000000000,0.277,277,0.9
9,2,9094804000000,9000,0.102444,9.76139,6.49351,1.89728e+07,1.232e+08,1000000000,0.154,154,0.8
9,2,9094805000000,10000,0.1451,6.8918,1.89036,2.23873e+08,4.232e+08,1000000000,0.529,529,0.8
9,2,9094806000000,11000,0.141727,7.05581,9.25926,9.3312e+06,8.64e+07,1000000000,0.108,108,0.8
9,2,9094807000000,12000,0.139667,7.1599,8.54701,1.09512e+07,9.36e+07,1000000000,0.117,117,0.8
9,2,9094808000000,13000,0.177231,5.64236,1.59236,3.15507e+08,5.024e+08,1000000000,0.628,628,0.8
9,2,9094809000000,14000,0.172714,5.78991,8.77193,1.03968e+07,9.12e+07,1000000000,0.114,114,0.8
9,2,9094810000000,15000,0.180267,5.54734,3.4965,6.54368e+07,2.288e+08,1000000000,0.286,286,0.8
9,2,9094811000000,16000,0.1915,5.22193,2.77778,1.0368e+08,2.88e+08,1000000000,0.36,360,0.8
9,2,9094812000000,17000,0.188941,5.29265,6.75676,1.75232e+07,1.184e+08,1000000000,0.148,148,0.8
9,2,9094813000000,18000,0.206111,4.85175,2.00803,1.98403e+08,3.984e+08,1000000000,0.498,498,0.8
9,2,9094814000000,19000,0.202105,4.94792,7.69231,1.352e+07,1.04e+08,1000000000,0.13,130,0.8
9,2,9094815000000,20000,0.1977,5.05817,8.77193,1.03968e+07,9.12e+07,1000000000,0.114,114,0.8
9,2,9094816000000,21000,0.219048,4.56522,1.54799,3.33853e+08,5.168e+08,1000000000,0.646,646,0.8
9,2,9094817000000,22000,0.215818,4.63353,6.75676,1.75232e+07,1.184e+08,1000000000,0.148,148,0.8
9,2,9094818000000,23000,0.215739,4.63523,4.6729,3.66368e+07,1.712e+08,1000000000,0.214,214,0.8
9,2,9094819000000,24000,0.224,4.46429,2.41546,1.37117e+08,3.312e+08,1000000000,0.414,414,0.8
9,2,9094820000000,25000,0.2196,4.55373,8.77193,1.03968e+07,9.12e+07,1000000000,0.114,114,0.8
9,2,9094821000000,26000,0.229077,4.36535,2.14592,1.73725e+08,3.728e+08,1000000000,0.466,466,0.8
9,2,9094822000000,27000,0.227259,4.40026,5.55556,2.592e+07,1.44e+08,1000000000,0.18,180,0.8
9,2,9094823000000,28000,0.224429,4.45576,6.75676,1.75232e+07,1.184e+08,1000000000,0.148,148,0.8
9,2,9094824000000,29000,0.238345,4.1956,1.59236,3.15507e+08,5.024e+08,1000000000,0.628,628,0.8
9,2,9094825000000,30000,0.2342,4.26985,8.77193,1.03968e+07,9.12e+07,1000000000,0.114,114,0.8
9,2,9094826000000,31000,0.232484,4.30137,5.52486,2.62088e+07,1.448e+08,1000000000,0.181,181,0.8
9,2,9094827000000,32000,0.23975,4.17101,2.15054,1.7298e+08,3.72e+08,1000000000,0.465,465,0.8
9,2,9094828000000,33000,0.23697,4.21995,6.75676,1.75232e+07,1.184e+08,1000000000,0.148,148,0.8
9,2,9094829000000,34000,0.241588,4.13927,2.53807,1.24189e+08,3.152e+08,1000000000,0.394,394,0.8
9,2,9094830000000,35000,0.241371,4.14299,4.2735,4.38048e+07,1.872e+08,1000000000,0.234,234,0.8
9,2,9094831000000,36000,0.237833,4.20463,8.77193,1.03968e+07,9.12e+07,1000000000,0.114,114,0.8
9,2,9094832000000,37000,0.248432,4.02524,1.5873,3.1752e+08,5.04e+08,1000000000,0.63,630,0.8
9,2,9094833000000,38000,0.245711,4.06983,6.89655,1.682e+07,1.16e+08,1000000000,0.145,145,0.8
9,2,9094834000000,39000,0.241641,4.13837,11.4943,6.0552e+06,6.96e+07,1000000000,0.087,87,0.8
9,2,9094835000000,40000,0.2496,4.00641,1.78571,2.5088e+08,4.48e+08,1000000000,0.56,560,0.8
9,2,9094836000000,41000,0.246293,4.06021,8.77193,1.03968e+07,9.12e+07,1000000000,0.114,114,0.8
9,2,9094837000000,42000,0.248952,4.01683,2.7933,1.02531e+08,2.864e+08,1000000000,0.358,358,0.8
9,2,9094838000000,43000,0.24986,4.00223,3.47222,6.63552e+07,2.304e+08,1000000000,0.288,288,0.8
9,2,9094839000000,44000,0.247545,4.03966,6.75676,1.75232e+07,1.184e+08,1000000000,0.148,148,0.8
9,2,9094840000000,45000,0.254711,3.92602,1.75439,2.5992e+08,4.56e+08,1000000000,0.57,570,0.8
9,2,9094841000000,46000,0.252087,3.96689,7.46269,1.43648e+07,1.072e+08,1000000000,0.134,134,0.8
9,2,9094842000000,47000,0.248234,4.02846,14.0845,4.0328e+06,5.68e+07,1000000000,0.071,71,0.8
9,2,9094843000000,48000,0.255833,3.90879,1.63132,3.00615e+08,4.904e+08,1000000000,0.613,613,0.8
9,2,9094844000000,49000,0.253633,3.94271,6.75676,1.75232e+07,1.184e+08,1000000000,0.148,148,0.8
9,2,9094845000000,50000,0.25426,3.93298,3.50877,6.498e+07,2.28e+08,1000000000,0.285,285,0.8
9,2,9094846000000,51000,0.256,3.90625,2.91545,9.41192e+07,2.744e+08,1000000000,0.343,343,0.8
9,2,9094847000000,52000,0.253269,3.94837,8.77193,1.03968e+07,9.12e+07,1000000000,0.114,114,0.8
9,2,9094848000000,53000,0.258717,3.86523,1.84502,2.35011e+08,4.336e+08,1000000000,0.542,542,0.8
9,2,9094849000000,54000,0.255852,3.90851,9.61538,8.6528e+06,8.32e+07,1000000000,0.104,104,0.8
9,2,9094850000000,55000,0.2528,3.9557,11.3636,6.1952e+06,7.04e+07,1000000000,0.088,88,0.8
9,2,9094851000000,56000,0.250429,3.99315,8.33333,1.152e+07,9.6e+07,1000000000,0.12,120,0.8
9,2,9094852000000,57000,0.246246,4.06099,83.3333,115200,9.6e+06,1000000000,0.012,12,0.8
9,2,9094853000000,58000,0.244069,4.0972,8.33333,1.152e+07,9.6e+07,1000000000,0.12,120,0.8
9,1,9094854000000,60000,0.236133,4.2349,166.667,64800,1.08e+07,2000000000,0.006,6,0.9
9,0,9094855000000,64000,0.22325,4.47928,33.3333,3.6e+06,1.2e+08,4000000000,0.03,30,1
9,1,9094856000000,66000,0.216485,4.61926,0,0,0,2000000000,0,0,0.9
9,1,9094857000000,68000,0.210294,4.75524,166.667,64800,1.08e+07,2000000000,0.006,6,0.9
9,2,9094858000000,69000,0.209652,4.76981,6.0241,2.20448e+07,1.328e+08,1000000000,0.166,166,0.8
9,2,9094859000000,70000,0.2116,4.7259,2.89017,9.57728e+07,2.768e+08,1000000000,0.346,346,0.8
9,2,9094860000000,71000,0.212324,4.70978,3.80228,5.53352e+07,2.104e+08,1000000000,0.263,263,0.8
9,2,9094861000000,72000,0.211028,4.73871,8.40336,1.13288e+07,9.52e+07,1000000000,0.119,119,0.8
9,2,9094862000000,73000,0.216479,4.61938,1.64204,2.96705e+08,4.872e+08,1000000000,0.609,609,0.8
9,2,9094863000000,74000,0.215243,4.64591,8,1.25e+07,1e+08,1000000000,0.125,125,0.8
9,2,9094864000000,75000,0.213427,4.68545,12.6582,4.9928e+06,6.32e+07,1000000000,0.079,79,0.8
9,2,9094865000000,76000,0.218566,4.57528,1.65563,2.91853e+08,4.832e+08,1000000000,0.604,604,0.8
9,2,9094866000000,77000,0.217169,4.60471,9.00901,9.8568e+06,8.88e+07,1000000000,0.111,111,0.8
9,2,9094867000000,78000,0.218282,4.58123,3.28947,7.39328e+07,2.432e+08,1000000000,0.304,304,0.8
9,2,9094868000000,79000,0.219987,4.54572,2.83286,9.96872e+07,2.824e+08,1000000000,0.353,353,0.8
9,2,9094869000000,80000,0.218625,4.57404,9.00901,9.8568e+06,8.88e+07,1000000000,0.111,111,0.8
9,2,9094870000000,81000,0.222469,4.49501,1.88679,2.2472e+08,4.24e+08,1000000000,0.53,530,0.8
9,2,9094871000000,82000,0.221305,4.51865,7.87402,1.29032e+07,1.016e+08,1000000000,0.127,127,0.8
9,2,9094872000000,83000,0.219976,4.54595,9.00901,9.8568e+06,8.88e+07,1000000000,0.111,111,0.8
9,2,9094873000000,84000,0.225179,4.44092,1.52207,3.45319e+08,5.256e+08,1000000000,0.657,657,0.8
9,2,9094874000000,85000,0.223835,4.46757,9.00901,9.8568e+06,8.88e+07,1000000000,0.111,111,0.8
9,2,9094875000000,86000,0.223814,4.468,4.5045,3.94272e+07,1.776e+08,1000000000,0.222,222,0.8
9,2,9094876000000,87000,0.226241,4.42006,2.29885,1.5138e+08,3.48e+08,1000000000,0.435,435,0.8
9,2,9094877000000,88000,0.224932,4.44579,9.00901,9.8568e+06,8.88e+07,1000000000,0.111,111,0.8
9,2,9094878000000,89000,0.227382,4.39789,2.25734,1.56999e+08,3.544e+08,1000000000,0.443,443,0.8
9,2,9094879000000,90000,0.227233,4.40076,4.6729,3.66368e+07,1.712e+08,1000000000,0.214,214,0.8
9,2,9094880000000,91000,0.225956,4.42564,9.00901,9.8568e+06,8.88e+07,1000000000,0.111,111,0.8
9,2,9094881000000,92000,0.230511,4.33819,1.55039,3.3282e+08,5.16e+08,1000000000,0.645,645,0.8
9,2,9094882000000,93000,0.229344,4.36026,8.19672,1.19072e+07,9.76e+07,1000000000,0.122,122,0.8
9,2,9094883000000,94000,0.228245,4.38126,7.93651,1.27008e+07,1.008e+08,1000000000,0.126,126,0.8
9,2,9094884000000,95000,0.231442,4.32073,1.8797,2.26419e+08,4.256e+08,1000000000,0.532,532,0.8
9,2,9094885000000,96000,0.230187,4.34428,9.00901,9.8568e+06,8.88e+07,1000000000,0.111,111,0.8
9,2,9094886000000,97000,0.231474,4.32014,2.8169,1.0082e+08,2.84e+08,1000000000,0.355,355,0.8
9,2,9094887000000,98000,0.232194,4.30675,3.31126,7.29632e+07,2.416e+08,1000000000,0.302,302,0.8
9,2,9094888000000,99000,0.23097,4.32957,9.00901,9.8568e+06,8.88e+07,1000000000,0.111,111,0.8
9,2,9094889000000,100000,0.23445,4.2653,1.72712,2.68193e+08,4.632e+08,1000000000,0.579,579,0.8
9,2,9094890000000,101000,0.233238,4.28747,8.92857,1.00352e+07,8.96e+07,1000000000,0.112,112,0.8
9,2,9094891000000,102000,0.231725,4.31545,12.6582,4.9928e+06,6.32e+07,1000000000,0.079,79,0.8
9,2,9094892000000,103000,0.235835,4.24025,1.52672,3.4322e+08,5.24e+08,1000000000,0.655,655,0.8
9,2,9094893000000,104000,0.234635,4.26195,9.00901,9.8568e+06,8.88e+07,1000000000,0.111,111,0.8
9,2,9094894000000,105000,0.234971,4.25584,3.7037,5.832e+07,2.16e+08,1000000000,0.27,270,0.8
9,2,9094895000000,106000,0.236406,4.23002,2.58398,1.19815e+08,3.096e+08,1000000000,0.387,387,0.8
9,2,9094896000000,107000,0.235234,4.25109,9.00901,9.8568e+06,8.88e+07,1000000000,0.111,111,0.8
9,2,9094897000000,108000,0.237593,4.20889,2.04082,1.9208e+08,3.92e+08,1000000000,0.49,490,0.8
9,2,9094898000000,109000,0.236945,4.22039,5.98802,2.23112e+07,1.336e+08,1000000000,0.167,167,0.8
9,2,9094899000000,110000,0.2358,4.24088,9.00901,9.8568e+06,8.88e+07,1000000000,0.111,111,0.8
9,2,9094900000000,111000,0.239595,4.17372,1.52207,3.45319e+08,5.256e+08,1000000000,0.657,657,0.8
9,2,9094901000000,112000,0.238446,4.19381,9.00901,9.8568e+06,8.88e+07,1000000000,0.111,111,0.8
9,2,9094902000000,113000,0.237973,4.20215,5.40541,2.738e+07,1.48e+08,1000000000,0.185,185,0.8
9,2,9094903000000,114000,0.240026,4.16621,2.11864,1.78227e+08,3.776e+08,1000000000,0.472,472,0.8
9,2,9094904000000,115000,0.238904,4.18578,9.00901,9.8568e+06,8.88e+07,1000000000,0.111,111,0.8
9,2,9094905000000,116000,0.240328,4.16099,2.47525,1.30573e+08,3.232e+08,1000000000,0.404,404,0.8
9,2,9094906000000,117000,0.240436,4.15911,3.95257,5.12072e+07,2.024e+08,1000000000,0.253,253,0.8
9,2,9094907000000,118000,0.239339,4.17817,9.00901,9.8568e+06,8.88e+07,1000000000,0.111,111,0.8
9,2,9094908000000,119000,0.242395,4.1255,1.65837,2.90887e+08,4.824e+08,1000000000,0.603,603,0.8
9,2,9094909000000,120000,0.2436,4.10509,2.58398,1.19815e+08,3.096e+08,1000000000,0.387,387,0.8
9,2,9094910000000,121000,0.242273,4.12758,12.0482,5.5112e+06,6.64e+07,1000000000,0.083,83,0.8
9,2,9094911000000,122000,0.242984,4.1155,3.03951,8.65928e+07,2.632e+08,1000000000,0.329,329,0.8
9,2,9094912000000,123000,0.242146,4.12973,7.14286,1.568e+07,1.12e+08,1000000000,0.14,140,0.8
9,2,9094913000000,124000,0.241089,4.14785,9.00901,9.8568e+06,8.88e+07,1000000000,0.111,111,0.8
9,2,9094914000000,125000,0.239632,4.17307,16.9492,2.7848e+06,4.72e+07,1000000000,0.059,59,0.8
9,2,9094915000000,126000,0.240921,4.15074,2.48756,1.29283e+08,3.216e+08,1000000000,0.402,402,0.8
9,2,9094916000000,127000,0.239496,4.17543,16.6667,2.88e+06,4.8e+07,1000000000,0.06,60,0.8
9,2,9094917000000,128000,0.23775,4.2061,62.5,204800,1.28e+07,1000000000,0.016,16,0.8
9,2,9094918000000,129000,0.239814,4.1699,1.98413,2.03213e+08,4.032e+08,1000000000,0.504,504,0.8
9,2,9094919000000,130000,0.238523,4.19247,13.8889,4.1472e+06,5.76e+07,1000000000,0.072,72,0.8
9,2,9094920000000,131000,0.237618,4.20843,8.33333,1.152e+07,9.6e+07,1000000000,0.12,120,0.8
9,2,9094921000000,132000,0.238727,4.18888,2.60417,1.17965e+08,3.072e+08,1000000000,0.384,384,0.8
9,2,9094922000000,133000,0.237474,4.21099,13.8889,4.1472e+06,5.76e+07,1000000000,0.072,72,0.8
9,2,9094923000000,134000,0.239104,4.18227,2.19298,1.66349e+08,3.648e+08,1000000000,0.456,456,0.8
9,2,9094924000000,135000,0.238037,4.20103,10.5263,7.22e+06,7.6e+07,1000000000,0.095,95,0.8
9,2,9094925000000,136000,0.236838,4.22229,13.3333,4.5e+06,6e+07,1000000000,0.075,75,0.8
9,2,9094926000000,137000,0.238394,4.19473,2.22222,1.62e+08,3.6e+08,1000000000,0.45,450,0.8
9,2,9094927000000,138000,0.237217,4.21554,13.1579,4.6208e+06,6.08e+07,1000000000,0.076,76,0.8
9,2,9094928000000,139000,0.238295,4.19648,2.58398,1.19815e+08,3.096e+08,1000000000,0.387,387,0.8
9,2,9094929000000,140000,0.237429,4.21179,8.54701,1.09512e+07,9.36e+07,1000000000,0.117,117,0.8
9,2,9094930000000,141000,0.236255,4.23271,13.8889,4.1472e+06,5.76e+07,1000000000,0.072,72,0.8
9,2,9094931000000,142000,0.238141,4.1992,1.98413,2.03213e+08,4.032e+08,1000000000,0.504,504,0.8
9,2,9094932000000,143000,0.236979,4.21978,13.8889,4.1472e+06,5.76e+07,1000000000,0.072,72,0.8
9,2,9094933000000,144000,0.237493,4.21065,3.21543,7.73768e+07,2.488e+08,1000000000,0.311,311,0.8
9,2,9094934000000,145000,0.237186,4.2161,5.18135,2.97992e+07,1.544e+08,1000000000,0.193,193,0.8
9,2,9094935000000,146000,0.236055,4.2363,13.8889,4.1472e+06,5.76e+07,1000000000,0.072,72,0.8
9,2,9094936000000,147000,0.237878,4.20384,1.98413,2.03213e+08,4.032e+08,1000000000,0.504,504,0.8
9,2,9094937000000,148000,0.236757,4.22374,13.8889,4.1472e+06,5.76e+07,1000000000,0.072,72,0.8
9,2,9094938000000,149000,0.236779,4.22336,4.16667,4.608e+07,1.92e+08,1000000000,0.24,240,0.8
9,2,9094939000000,150000,0.23696,4.22012,3.78788,5.57568e+07,2.112e+08,1000000000,0.264,264,0.8
9,2,9094940000000,151000,0.235868,4.23967,13.8889,4.1472e+06,5.76e+07,1000000000,0.072,72,0.8
9,2,9094941000000,152000,0.237632,4.20819,1.98413,2.03213e+08,4.032e+08,1000000000,0.504,504,0.8
9,2,9094942000000,153000,0.236549,4.22745,13.8889,4.1472e+06,5.76e+07,1000000000,0.072,72,0.8
9,2,9094943000000,154000,0.236084,4.23577,6.06061,2.178e+07,1.32e+08,1000000000,0.165,165,0.8
9,2,9094944000000,155000,0.236748,4.22389,2.94985,9.19368e+07,2.712e+08,1000000000,0.339,339,0.8
9,2,9094945000000,156000,0.235692,4.24282,13.8889,4.1472e+06,5.76e+07,1000000000,0.072,72,0.8
9,2,9094946000000,157000,0.237325,4.21363,2.03252,1.93651e+08,3.936e+08,1000000000,0.492,492,0.8
9,2,9094947000000,158000,0.236354,4.23093,11.9048,5.6448e+06,6.72e+07,1000000000,0.084,84,0.8
9,2,9094948000000,159000,0.235384,4.24838,12.1951,5.3792e+06,6.56e+07,1000000000,0.082,82,0.8
9,2,9094949000000,160000,0.236525,4.22788,2.39234,1.39779e+08,3.344e+08,1000000000,0.418,418,0.8
9,2,9094950000000,161000,0.235789,4.24108,8.47458,1.11392e+07,9.44e+07,1000000000,0.118,118,0.8
9,2,9094951000000,162000,0.236975,4.21985,2.33645,1.46547e+08,3.424e+08,1000000000,0.428,428,0.8
9,2,9094952000000,163000,0.236153,4.23454,9.70874,8.4872e+06,8.24e+07,1000000000,0.103,103,0.8
9,2,9094953000000,164000,0.235171,4.25223,13.3333,4.5e+06,6e+07,1000000000,0.075,75,0.8
9,2,9094954000000,165000,0.236339,4.2312,2.33645,1.46547e+08,3.424e+08,1000000000,0.428,428,0.8
9,2,9094955000000,166000,0.235373,4.24857,13.1579,4.6208e+06,6.08e+07,1000000000,0.076,76,0.8
9,2,9094956000000,167000,0.236503,4.22828,2.35849,1.43821e+08,3.392e+08,1000000000,0.424,424,0.8
9,2,9094957000000,168000,0.235702,4.24264,9.80392,8.3232e+06,8.16e+07,1000000000,0.102,102,0.8
9,2,9094958000000,169000,0.234604,4.26251,20,2e+06,4e+07,1000000000,0.05,50,0.8
9,2,9094959000000,169775,0.236478,4.22873,1.55,3.32986e+08,5.16129e+08,1000000000,0.645161,500,0.8
9,2,9094960000000,169775,0.236478,4.22873,0,-nan,-nan,1000000000,-nan,0,0.8
9,2,9094961000000,169775,0.236478,4.22873,0,-nan,-nan,1000000000,-nan,0,0.8
10,0,9094801000000,4000,0.036,27.7778,27.7778,5.184e+06,1.44e+08,4000000000,0.036,36,1
10,1,9094802000000,6000,0.0356667,28.0374,28.5714,2.205e+06,6.3e+07,2000000000,0.035,35,0.9
10,1,9094803000000,8000,0.096,10.4167,3.61011,1.38112e+08,4.986e+08,2000000000,0.277,277,0.9
10,2,9094804000000,9000,0.102444,9.76139,6.49351,1.89728e+07,1.232e+08,1000000000,0.154,154,0.8
10,2,9094805000000,10000,0.1451,6.8918,1.89036,2.23873e+08,4.232e+08,1000000000,0.529,529,0.8
10,2,9094806000000,11000,0.141727,7.05581,9.25926,9.3312e+06,8.64e+07,1000000000,0.108,108,0.8
10,2,9094807000000,12000,0.139667,7.1599,8.54701,1.09512e+07,9.36e+07,1000000000,0.117,117,0.8
10,2,9094808000000,13000,0.177231,5.64236,1.59236,3.15507e+08,5.024e+08,1000000000,0.628,628,0.8
10,2,9094809000000,14000,0.172714,5.78991,8.77193,1.03968e+07,9.12e+07,1000000000,0.114,114,0.8
10,2,9094810000000,15000,0.180267,5.54734,3.4965,6.54368e+07,2.288e+08,1000000000,0.286,286,0.8
10,2,9094811000000,16000,0.1915,5.22193,2.77778,1.0368e+08,2.88e+08,1000000000,0.36,360,0.8
10,2,9094812000000,17000,0.188941,5.29265,6.75676,1.75232e+07,1.184e+08,1000000000,0.148,148,0.8
10,2,9094813000000,18000,0.206111,4.85175,2.00803,1.98403e+08,3.984e+08,1000000000,0.498,498,0.8
10,2,9094814000000,19000,0.202105,4.94792,7.69231,1.352e+07,1.04e+08,1000000000,0.13,130,0.8
10,2,9094815000000,20000,0.1977,5.05817,8.77193,1.03968e+07,9.12e+07,1000000000,0.114,114,0.8
10,2,9094816000000,21000,0.219048,4.56522,1.54799,3.33853e+08,5.168e+08,1000000000,0.646,646,0.8
10,2,9094817000000,22000,0.215818,4.63353,6.75676,1.75232e+07,1.184e+08,1000000000,0.148,148,0.8
10,2,9094818000000,23000,0.215739,4.63523,4.6729,3.66368e+07,1.712e+08,1000000000,0.214,214,0.8
10,2,9094819000000,24000,0.224,4.46429,2.41546,1.37117e+08,3.312e+08,1000000000,0.414,414,0.8
10,2,9094820000000,25000,0.2196,4.55373,8.77193,1.03968e+07,9.12e+07,1000000000,0.114,114,0.8
10,2,9094821000000,26000,0.229077,4.36535,2.14592,1.73725e+08,3.728e+08,1000000000,0.466,466,0.8
10,2,9094822000000,27000,0.227259,4.40026,5.55556,2.592e+07,1.44e+08,1000000000,0.18,180,0.8
10,2,9094823000000,28000,0.224429,4.45576,6.75676,1.75232e+07,1.184e+08,1000000000,0.148,148,0.8
10,2,9094824000000,29000,0.238345,4.1956,1.59236,3.15507e+08,5.024e+08,1000000000,0.628,628,0.8
10,2,9094825000000,30000,0.2342,4.26985,8.77193,1.03968e+07,9.12e+07,1000000000,0.114,114,0.8
10,2,9094826000000,31000,0.232484,4.30137,5.52486,2.62088e+07,1.448e+08,1000000000,0.181,181,0.8
10,2,9094827000000,32000,0.23975,4.17101,2.15054,1.7298e+08,3.72e+08,1000000000,0.465,465,0.8
10,2,9094828000000,33000,0.23697,4.21995,6.75676,1.75232e+07,1.184e+08,1000000000,0.148,148,0.8
10,2,9094829000000,34000,0.241588,4.13927,2.53807,1.24189e+08,3.152e+08,1000000000,0.394,394,0.8
10,2,9094830000000,35000,0.241371,4.14299,4.2735,4.38048e+07,1.872e+08,1000000000,0.234,234,0.8
10,2,9094831000000,36000,0.237833,4.20463,8.77193,1.03968e+07,9.12e+07,1000000000,0.114,114,0.8
10,2,9094832000000,37000,0.248432,4.02524,1.5873,3.1752e+08,5.04e+08,1000000000,0.63,630,0.8
10,2,9094833000000,38000,0.245711,4.06983,6.89655,1.682e+07,1.16e+08,1000000000,0.145,145,0.8
10,2,9094834000000,39000,0.241641,4.13837,11.4943,6.0552e+06,6.96e+07,1000000000,0.087,87,0.8
10,2,9094835000000,40000,0.2496,4.00641,1.78571,2.5088e+08,4.48e+08,1000000000,0.56,560,0.8
10,2,9094836000000,41000,0.246293,4.06021,8.77193,1.03968e+07,9.12e+07,1000000000,0.114,114,0.8
10,2,9094837000000,42000,0.248952,4.01683,2.7933,1.02531e+08,2.864e+08,1000000000,0.358,358,0.8
10,2,9094838000000,43000,0.24986,4.00223,3.47222,6.63552e+07,2.304e+08,1000000000,0.288,288,0.8
10,2,9094839000000,44000,0.247545,4.03966,6.75676,1.75232e+07,1.184e+08,1000000000,0.148,148,0.8
10,2,9094840000000,45000,0.254711,3.92602,1.75439,2.5992e+08,4.56e+08,1000000000,0.57,570,0.8
10,2,9094841000000,46000,0.252087,3.96689,7.46269,1.43648e+07,1.072e+08,1000000000,0.134,134,0.8
10,2,9094842000000,47000,0.248234,4.02846,14.0845,4.0328e+06,5.68e+07,1000000000,0.071,71,0.8
10,2,9094843000000,48000,0.255833,3.90879,1.63132,3.00615e+08,4.904e+08,1000000000,0.613,613,0.8
10,2,9094844000000,49000,0.253633,3.94271,6.75676,1.75232e+07,1.184e+08,1000000000,0.148,148,0.8
10,2,9094845000000,50000,0.25426,3.93298,3.50877,6.498e+07,2.28e+08,1000000000,0.285,285,0.8
10,2,9094846000000,51000,0.256,3.90625,2.91545,9.41192e+07,2.744e+08,1000000000,0.343,343,0.8
10,2,9094847000000,52000,0.253269,3.94837,8.77193,1.03968e+07,9.12e+07,1000000000,0.114,114,0.8
10,2,9094848000000,53000,0.258717,3.86523,1.84502,2.35011e+08,4.336e+08,1000000000,0.542,542,0.8
10,2,9094849000000,54000,0.255852,3.90851,9.61538,8.6528e+06,8.32e+07,1000000000,0.104,104,0.8
10,2,9094850000000,55000,0.2528,3.9557,11.3636,6.1952e+06,7.04e+07,1000000000,0.088,88,0.8
10,2,9094851000000,56000,0.250429,3.99315,8.33333,1.152e+07,9.6e+07,1000000000,0.12,120,0.8
10,2,9094852000000,57000,0.246246,4.06099,83.3333,115200,9.6e+06,1000000000,0.012,12,0.8
10,2,9094853000000,58000,0.244069,4.0972,8.33333,1.152e+07,9.6e+07,1000000000,0.12,120,0.8
10,1,9094854000000,60000,0.236133,4.2349,166.667,64800,1.08e+07,2000000000,0.006,6,0.9
10,0,9094855000000,64000,0.22325,4.47928,33.3333,3.6e+06,1.2e+08,4000000000,0.03,30,1
10,1,9094856000000,66000,0.216485,4.61926,0,0,0,2000000000,0,0,0.9
10,1,9094857000000,68000,0.210294,4.75524,166.667,64800,1.08e+07,2000000000,0.006,6,0.9
10,2,9094858000000,69000,0.209652,4.76981,6.0241,2.20448e+07,1.328e+08,1000000000,0.166,166,0.8
10,2,9094859000000,70000,0.2116,4.7259,2.89017,9.57728e+07,2.768e+08,1000000000,0.346,346,0.8
10,2,9094860000000,71000,0.212324,4.70978,3.80228,5.53352e+07,2.104e+08,1000000000,0.263,263,0.8
10,2,9094861000000,72000,0.211028,4.73871,8.40336,1.13288e+07,9.52e+07,1000000000,0.119,119,0.8
10,2,9094862000000,73000,0.216479,4.61938,1.64204,2.96705e+08,4.872e+08,1000000000,0.609,609,0.8
10,2,9094863000000,74000,0.215243,4.64591,8,1.25e+07,1e+08,1000000000,0.125,125,0.8
10,2,9094864000000,75000,0.213427,4.68545,12.6582,4.9928e+06,6.32e+07,1000000000,0.079,79,0.8
10,2,9094865000000,76000,0.218566,4.57528,1.65563,2.91853e+08,4.832e+08,1000000000,0.604,604,0.8
10,2,9094866000000,77000,0.217169,4.60471,9.00901,9.8568e+06,8.88e+07,1000000000,0.111,111,0.8
10,2,9094867000000,78000,0.218282,4.58123,3.28947,7.39328e+07,2.432e+08,1000000000,0.304,304,0.8
10,2,9094868000000,79000,0.219987,4.54572,2.83286,9.96872e+07,2.824e+08,1000000000,0.353,353,0.8
10,2,9094869000000,80000,0.218625,4.57404,9.00901,9.8568e+06,8.88e+07,1000000000,0.111,111,0.8
10,2,9094870000000,81000,0.222469,4.49501,1.88679,2.2472e+08,4.24e+08,1000000000,0.53,530,0.8
10,2,9094871000000,82000,0.221305,4.51865,7.87402,1.29032e+07,1.016e+08,1000000000,0.127,127,0.8
10,2,9094872000000,83000,0.219976,4.54595,9.00901,9.8568e+06,8.88e+07,1000000000,0.111,111,0.8
10,2,9094873000000,84000,0.225179,4.44092,1.52207,3.45319e+08,5.256e+08,1000000000,0.657,657,0.8
10,2,9094874000000,85000,0.223835,4.46757,9.00901,9.8568e+06,8.88e+07,1000000000,0.111,111,0.8
10,2,9094875000000,86000,0.223814,4.468,4.5045,3.94272e+07,1.776e+08,1000000000,0.222,222,0.8
10,2,9094876000000,87000,0.226241,4.42006,2.29885,1.5138e+08,3.48e+08,1000000000,0.435,435,0.8
10,2,9094877000000,88000,0.224932,4.44579,9.00901,9.8568e+06,8.88e+07,1000000000,0.111,111,0.8
10,2,9094878000000,89000,0.227382,4.39789,2.25734,1.56999e+08,3.544e+08,1000000000,0.443,443,0.8
10,2,9094879000000,90000,0.227233,4.40076,4.6729,3.66368e+07,1.712e+08,1000000000,0.214,214,0.8
10,2,9094880000000,91000,0.225956,4.42564,9.00901,9.8568e+06,8.88e+07,1000000000,0.111,111,0.8
10,2,9094881000000,92000,0.230511,4.33819,1.55039,3.3282e+08,5.16e+08,1000000000,0.645,645,0.8
10,2,9094882000000,93000,0.229344,4.36026,8.19672,1.19072e+07,9.76e+07,1000000000,0.122,122,0.8
10,2,9094883000000,94000,0.228245,4.38126,7.93651,1.27008e+07,1.008e+08,1000000000,0.126,126,0.8
10,2,9094884000000,95000,0.231442,4.32073,1.8797,2.26419e+08,4.256e+08,1000000000,0.532,532,0.8
10,2,9094885000000,96000,0.230187,4.34428,9.00901,9.8568e+06,8.88e+07,1000000000,0.111,111,0.8
10,2,9094886000000,97000,0.231474,4.32014,2.8169,1.0082e+08,2.84e+08,1000000000,0.355,355,0.8
10,2,9094887000000,98000,0.232194,4.30675,3.31126,7.29632e+07,2.416e+08,1000000000,0.302,302,0.8
10,2,9094888000000,99000,0.23097,4.32957,9.00901,9.8568e+06,8.88e+07,1000000000,0.111,111,0.8
10,2,9094889000000,100000,0.23445,4.2653,1.72712,2.68193e+08,4.632e+08,1000000000,0.579,579,0.8
10,2,9094890000000,101000,0.233238,4.28747,8.92857,1.00352e+07,8.96e+07,1000000000,0.112,112,0.8
10,2,9094891000000,102000,0.231725,4.31545,12.6582,4.9928e+06,6.32e+07,1000000000,0.079,79,0.8
10,2,9094892000000,103000,0.235835,4.24025,1.52672,3.4322e+08,5.24e+08,1000000000,0.655,655,0.8
10,2,9094893000000,104000,0.234635,4.26195,9.00901,9.8568e+06,8.88e+07,1000000000,0.111,111,0.8
10,2,9094894000000,105000,0.234971,4.25584,3.7037,5.832e+07,2.16e+08,1000000000,0.27,270,0.8
10,2,9094895000000,106000,0.236406,4.23002,2.58398,1.19815e+08,3.096e+08,1000000000,0.387,387,0.8
10,2,9094896000000,107000,0.235234,4.25109,9.00901,9.8568e+06,8.88e+07,1000000000,0.111,111,0.8
10,2,9094897000000,108000,0.237593,4.20889,2.04082,1.9208e+08,3.92e+08,1000000000,0.49,490,0.8
10,2,9094898000000,109000,0.236945,4.22039,5.98802,2.23112e+07,1.336e+08,1000000000,0.167,167,0.8
10,2,9094899000000,110000,0.2358,4.24088,9.00901,9.8568e+06,8.88e+07,1000000000,0.111,111,0.8
10,2,9094900000000,111000,0.239595,4.17372,1.52207,3.45319e+08,5.256e+08,1000000000,0.657,657,0.8
10,2,9094901000000,112000,0.238446,4.19381,9.00901,9.8568e+06,8.88e+07,1000000000,0.111,111,0.8
10,2,9094902000000,113000,0.237973,4.20215,5.40541,2.738e+07,1.48e+08,1000000000,0.185,185,0.8
10,2,9094903000000,114000,0.240026,4.16621,2.11864,1.78227e+08,3.776e+08,1000000000,0.472,472,0.8
10,2,9094904000000,115000,0.238904,4.18578,9.00901,9.8568e+06,8.88e+07,1000000000,0.111,111,0.8
10,2,9094905000000,116000,0.240328,4.16099,2.47525,1.30573e+08,3.232e+08,1000000000,0.404,404,0.8
10,2,9094906000000,117000,0.240436,4.15911,3.95257,5.12072e+07,2.024e+08,1000000000,0.253,253,0.8
10,2,9094907000000,118000,0.239339,4.17817,9.00901,9.8568e+06,8.88e+07,1000000000,0.111,111,0.8
10,2,9094908000000,119000,0.242395,4.1255,1.65837,2.90887e+08,4.824e+08,1000000000,0.603,603,0.8
10,2,9094909000000,120000,0.2436,4.10509,2.58398,1.19815e+08,3.096e+08,1000000000,0.387,387,0.8
10,2,9094910000000,121000,0.242273,4.12758,12.0482,5.5112e+06,6.64e+07,1000000000,0.083,83,0.8
10,2,9094911000000,122000,0.242984,4.1155,3.03951,8.65928e+07,2.632e+08,1000000000,0.329,329,0.8
10,2,9094912000000,123000,0.242146,4.12973,7.14286,1.568e+07,1.12e+08,1000000000,0.14,140,0.8
10,2,9094913000000,124000,0.240774,4.15327,13.8889,4.1472e+06,5.76e+07,1000000000,0.072,72,0.8
10,2,9094914000000,125000,0.240224,4.16278,5.81395,2.36672e+07,1.376e+08,1000000000,0.172,172,0.8
10,2,9094915000000,126000,0.240952,4.1502,3.01205,8.81792e+07,2.656e+08,1000000000,0.332,332,0.8
10,2,9094916000000,127000,0.239622,4.17324,13.8889,4.1472e+06,5.76e+07,1000000000,0.072,72,0.8
10,2,9094917000000,128000,0.241633,4.13851,2.01207,1.97607e+08,3.976e+08,1000000000,0.497,497,0.8
10,2,9094918000000,129000,0.240372,4.16022,12.6582,4.9928e+06,6.32e+07,1000000000,0.079,79,0.8
10,2,9094919000000,130000,0.239231,4.18006,10.8696,6.7712e+06,7.36e+07,1000000000,0.092,92,0.8
10,2,9094920000000,131000,0.24055,4.15715,2.42718,1.35795e+08,3.296e+08,1000000000,0.412,412,0.8
10,2,9094921000000,132000,0.239273,4.17933,13.8889,4.1472e+06,5.76e+07,1000000000,0.072,72,0.8
10,2,9094922000000,133000,0.240782,4.15314,2.27273,1.5488e+08,3.52e+08,1000000000,0.44,440,0.8
10,2,9094923000000,134000,0.239731,4.17134,10,8e+06,8e+07,1000000000,0.1,100,0.8
10,2,9094924000000,135000,0.238222,4.19776,27.7778,1.0368e+06,2.88e+07,1000000000,0.036,36,0.8
10,2,9094925000000,136000,0.240176,4.16361,1.98413,2.03213e+08,4.032e+08,1000000000,0.504,504,0.8
10,2,9094926000000,137000,0.238949,4.185,13.8889,4.1472e+06,5.76e+07,1000000000,0.072,72,0.8
10,2,9094927000000,138000,0.239855,4.16918,2.74725,1.05997e+08,2.912e+08,1000000000,0.364,364,0.8
10,2,9094928000000,139000,0.239108,4.18221,7.35294,1.47968e+07,1.088e+08,1000000000,0.136,136,0.8
10,2,9094929000000,140000,0.238143,4.19916,9.61538,8.6528e+06,8.32e+07,1000000000,0.104,104,0.8
10,2,9094930000000,141000,0.239801,4.17012,2.11864,1.78227e+08,3.776e+08,1000000000,0.472,472,0.8
10,2,9094931000000,142000,0.238944,4.18509,8.47458,1.11392e+07,9.44e+07,1000000000,0.118,118,0.8
10,2,9094932000000,143000,0.23949,4.17555,3.15457,8.03912e+07,2.536e+08,1000000000,0.317,317,0.8
10,2,9094933000000,144000,0.238833,4.18702,6.89655,1.682e+07,1.16e+08,1000000000,0.145,145,0.8
10,2,9094934000000,145000,0.237683,4.20729,13.8889,4.1472e+06,5.76e+07,1000000000,0.072,72,0.8
10,2,9094935000000,146000,0.239507,4.17525,1.98413,2.03213e+08,4.032e+08,1000000000,0.504,504,0.8
10,2,9094936000000,147000,0.238367,4.19521,13.8889,4.1472e+06,5.76e+07,1000000000,0.072,72,0.8
10,2,9094937000000,148000,0.238676,4.18979,3.52113,6.45248e+07,2.272e+08,1000000000,0.284,284,0.8
10,2,9094938000000,149000,0.23855,4.19199,4.54545,3.872e+07,1.76e+08,1000000000,0.22,220,0.8
10,2,9094939000000,150000,0.23744,4.21159,13.8889,4.1472e+06,5.76e+07,1000000000,0.072,72,0.8
10,2,9094940000000,151000,0.239205,4.18051,1.98413,2.03213e+08,4.032e+08,1000000000,0.504,504,0.8
10,2,9094941000000,152000,0.238105,4.19982,13.8889,4.1472e+06,5.76e+07,1000000000,0.072,72,0.8
10,2,9094942000000,153000,0.237922,4.20307,4.7619,3.528e+07,1.68e+08,1000000000,0.21,210,0.8
10,2,9094943000000,154000,0.238286,4.19664,3.40136,6.91488e+07,2.352e+08,1000000000,0.294,294,0.8
10,2,9094944000000,155000,0.237213,4.21562,13.8889,4.1472e+06,5.76e+07,1000000000,0.072,72,0.8
10,2,9094945000000,156000,0.238923,4.18545,1.98413,2.03213e+08,4.032e+08,1000000000,0.504,504,0.8
10,2,9094946000000,157000,0.23786,4.20416,13.8889,4.1472e+06,5.76e+07,1000000000,0.072,72,0.8
10,2,9094947000000,158000,0.237222,4.21547,7.29927,1.50152e+07,1.096e+08,1000000000,0.137,137,0.8
10,2,9094948000000,159000,0.238038,4.20101,2.7248,1.07751e+08,2.936e+08,1000000000,0.367,367,0.8
10,2,9094949000000,160000,0.237,4.21941,13.8889,4.1472e+06,5.76e+07,1000000000,0.072,72,0.8
10,2,9094950000000,161000,0.238478,4.19325,2.10526,1.805e+08,3.8e+08,1000000000,0.475,475,0.8
10,2,9094951000000,162000,0.237599,4.20878,10.4167,7.3728e+06,7.68e+07,1000000000,0.096,96,0.8
10,2,9094952000000,163000,0.236466,4.22893,18.8679,2.2472e+06,4.24e+07,1000000000,0.053,53,0.8
10,2,9094953000000,164000,0.237805,4.20513,2.19298,1.66349e+08,3.648e+08,1000000000,0.456,456,0.8
10,2,9094954000000,165000,0.2368,4.22297,13.8889,4.1472e+06,5.76e+07,1000000000,0.072,72,0.8
10,2,9094955000000,166000,0.237795,4.2053,2.48756,1.29283e+08,3.216e+08,1000000000,0.402,402,0.8
10,2,9094956000000,167000,0.236994,4.21952,9.61538,8.6528e+06,8.32e+07,1000000000,0.104,104,0.8
10,2,9094957000000,168000,0.236,4.23729,14.2857,3.92e+06,5.6e+07,1000000000,0.07,70,0.8
10,2,9094958000000,168803,0.237839,4.20452,1.606,3.10169e+08,4.98132e+08,1000000000,0.622665,500,0.8
10,2,9094959000000,168803,0.237839,4.20452,0,-nan,-nan,1000000000,-nan,0,0.8
10,2,9094960000000,168803,0.237839,4.20452,0,-nan,-nan,1000000000,-nan,0,0.8
10,2,9094961000000,168803,0.237839,4.20452,0,-nan,-nan,1000000000,-nan,0,0.8
11,0,9094801000000,4000,0.036,27.7778,27.7778,5.184e+06,1.44e+08,4000000000,0.036,36,1
11,1,9094802000000,6000,0.0356667,28.0374,28.5714,2.205e+06,6.3e+07,2000000000,0.035,35,0.9
11,1,9094803000000,8000,0.096,10.4167,3.61011,1.38112e+08,4.986e+08,2000000000,0.277,277,0.9
11,2,9094804000000,9000,0.102444,9.76139,6.49351,1.89728e+07,1.232e+08,1000000000,0.154,154,0.8
11,2,9094805000000,10000,0.1451,6.8918,1.89036,2.23873e+08,4.232e+08,1000000000,0.529,529,0.8
11,2,9094806000000,11000,0.141727,7.05581,9.25926,9.3312e+06,8.64e+07,1000000000,0.108,108,0.8
11,2,9094807000000,12000,0.139667,7.1599,8.54701,1.09512e+07,9.36e+07,1000000000,0.117,117,0.8
11,2,9094808000000,13000,0.177231,5.64236,1.59236,3.15507e+08,5.024e+08,1000000000,0.628,628,0.8
11,2,9094809000000,14000,0.172714,5.78991,8.77193,1.03968e+07,9.12e+07,1000000000,0.114,114,0.8
11,2,9094810000000,15000,0.180267,5.54734,3.4965,6.54368e+07,2.288e+08,1000000000,0.286,286,0.8
11,2,9094811000000,16000,0.1915,5.22193,2.77778,1.0368e+08,2.88e+08,1000000000,0.36,360,0.8
11,2,9094812000000,17000,0.188941,5.29265,6.75676,1.75232e+07,1.184e+08,1000000000,0.148,148,0.8
11,2,9094813000000,18000,0.206111,4.85175,2.00803,1.98403e+08,3.984e+08,1000000000,0.498,498,0.8
11,2,9094814000000,19000,0.202105,4.94792,7.69231,1.352e+07,1.04e+08,1000000000,0.13,130,0.8
11,2,9094815000000,20000,0.1977,5.05817,8.77193,1.03968e+07,9.12e+07,1000000000,0.114,114,0.8
11,2,9094816000000,21000,0.219048,4.56522,1.54799,3.33853e+08,5.168e+08,1000000000,0.646,646,0.8
11,2,9094817000000,22000,0.215818,4.63353,6.75676,1.75232e+07,1.184e+08,1000000000,0.148,148,0.8
11,2,9094818000000,23000,0.215739,4.63523,4.6729,3.66368e+07,1.712e+08,1000000000,0.214,214,0.8
11,2,9094819000000,24000,0.224,4.46429,2.41546,1.37117e+08,3.312e+08,1000000000,0.414,414,0.8
11,2,9094820000000,25000,0.2196,4.55373,8.77193,1.03968e+07,9.12e+07,1000000000,0.114,114,0.8
11,2,9094821000000,26000,0.229077,4.36535,2.14592,1.73725e+08,3.728e+08,1000000000,0.466,466,0.8
11,2,9094822000000,27000,0.227259,4.40026,5.55556,2.592e+07,1.44e+08,1000000000,0.18,180,0.8
11,2,9094823000000,28000,0.224429,4.45576,6.75676,1.75232e+07,1.184e+08,1000000000,0.148,148,0.8
11,2,9094824000000,29000,0.238345,4.1956,1.59236,3.15507e+08,5.024e+08,1000000000,0.628,628,0.8
11,2,9094825000000,30000,0.2342,4.26985,8.77193,1.03968e+07,9.12e+07,1000000000,0.114,114,0.8
11,2,9094826000000,31000,0.232484,4.30137,5.52486,2.62088e+07,1.448e+08,1000000000,0.181,181,0.8
11,2,9094827000000,32000,0.23975,4.17101,2.15054,1.7298e+08,3.72e+08,1000000000,0.465,465,0.8
11,2,9094828000000,33000,0.23697,4.21995,6.75676,1.75232e+07,1.184e+08,1000000000,0.148,148,0.8
11,2,9094829000000,34000,0.241588,4.13927,2.53807,1.24189e+08,3.152e+08,1000000000,0.394,394,0.8
11,2,9094830000000,35000,0.241371,4.14299,4.2735,4.38048e+07,1.872e+08,1000000000,0.234,234,0.8
11,2,9094831000000,36000,0.237833,4.20463,8.77193,1.03968e+07,9.12e+07,1000000000,0.114,114,0.8
11,2,9094832000000,37000,0.248432,4.02524,1.5873,3.1752e+08,5.04e+08,1000000000,0.63,630,0.8
11,2,9094833000000,38000,0.245711,4.06983,6.89655,1.682e+07,1.16e+08,1000000000,0.145,145,0.8
11,2,9094834000000,39000,0.241641,4.13837,11.4943,6.0552e+06,6.96e+07,1000000000,0.087,87,0.8
11,2,9094835000000,40000,0.2496,4.00641,1.78571,2.5088e+08,4.48e+08,1000000000,0.56,560,0.8
11,2,9094836000000,41000,0.246293,4.06021,8.77193,1.03968e+07,9.12e+07,1000000000,0.114,114,0.8
11,2,9094837000000,42000,0.248952,4.01683,2.7933,1.02531e+08,2.864e+08,1000000000,0.358,358,0.8
11,2,9094838000000,43000,0.24986,4.00223,3.47222,6.63552e+07,2.304e+08,1000000000,0.288,288,0.8
11,2,9094839000000,44000,0.247545,4.03966,6.75676,1.75232e+07,1.184e+08,1000000000,0.148,148,0.8
11,2,9094840000000,45000,0.254711,3.92602,1.75439,2.5992e+08,4.56e+08,1000000000,0.57,570,0.8
11,2,9094841000000,46000,0.252087,3.96689,7.46269,1.43648e+07,1.072e+08,1000000000,0.134,134,0.8
11,2,9094842000000,47000,0.248234,4.02846,14.0845,4.0328e+06,5.68e+07,1000000000,0.071,71,0.8
11,2,9094843000000,48000,0.255833,3.90879,1.63132,3.00615e+08,4.904e+08,1000000000,0.613,613,0.8
11,2,9094844000000,49000,0.253633,3.94271,6.75676,1.75232e+07,1.184e+08,1000000000,0.148,148,0.8
11,2,9094845000000,50000,0.25426,3.93298,3.50877,6.498e+07,2.28e+08,1000000000,0.285,285,0.8
11,2,9094846000000,51000,0.256,3.90625,2.91545,9.41192e+07,2.744e+08,1000000000,0.343,343,0.8
11,2,9094847000000,52000,0.253269,3.94837,8.77193,1.03968e+07,9.12e+07,1000000000,0.114,114,0.8
11,2,9094848000000,53000,0.258717,3.86523,1.84502,2.35011e+08,4.336e+08,1000000000,0.542,542,0.8
11,2,9094849000000,54000,0.255852,3.90851,9.61538,8.6528e+06,8.32e+07,1000000000,0.104,104,0.8
11,2,9094850000000,55000,0.2528,3.9557,11.3636,6.1952e+06,7.04e+07,1000000000,0.088,88,0.8
11,2,9094851000000,56000,0.250429,3.99315,8.33333,1.152e+07,9.6e+07,1000000000,0.12,120,0.8
11,2,9094852000000,57000,0.246246,4.06099,83.3333,115200,9.6e+06,1000000000,0.012,12,0.8
11,2,9094853000000,58000,0.244069,4.0972,8.33333,1.152e+07,9.6e+07,1000000000,0.12,120,0.8
11,1,9094854000000,60000,0.236133,4.2349,166.667,64800,1.08e+07,2000000000,0.006,6,0.9
11,0,9094855000000,64000,0.22325,4.47928,33.3333,3.6e+06,1.2e+08,4000000000,0.03,30,1
11,1,9094856000000,66000,0.216485,4.61926,0,0,0,2000000000,0,0,0.9
11,1,9094857000000,68000,0.210294,4.75524,166.667,64800,1.08e+07,2000000000,0.006,6,0.9
11,2,9094858000000,69000,0.209652,4.76981,6.0241,2.20448e+07,1.328e+08,1000000000,0.166,166,0.8
11,2,9094859000000,70000,0.210829,4.74319,3.42466,6.82112e+07,2.336e+08,1000000000,0.292,292,0.8
11,2,9094860000000,71000,0.212324,4.70978,3.15457,8.03912e+07,2.536e+08,1000000000,0.317,317,0.8
11,2,9094861000000,72000,0.211028,4.73871,8.40336,1.13288e+07,9.52e+07,1000000000,0.119,119,0.8
11,2,9094862000000,73000,0.215671,4.63669,1.81818,2.42e+08,4.4e+08,1000000000,0.55,550,0.8
11,2,9094863000000,74000,0.214284,4.66671,8.84956,1.02152e+07,9.04e+07,1000000000,0.113,113,0.8
11,2,9094864000000,75000,0.21272,4.70102,10.3093,7.5272e+06,7.76e+07,1000000000,0.097,97,0.8
11,2,9094865000000,76000,0.218566,4.57528,1.52207,3.45319e+08,5.256e+08,1000000000,0.657,657,0.8
11,2,9094866000000,77000,0.217169,4.60471,9.00901,9.8568e+06,8.88e+07,1000000000,0.111,111,0.8
11,2,9094867000000,78000,0.217577,4.59608,4.01606,4.96008e+07,1.992e+08,1000000000,0.249,249,0.8
11,2,9094868000000,79000,0.219987,4.54572,2.45098,1.33171e+08,3.264e+08,1000000000,0.408,408,0.8
11,2,9094869000000,80000,0.218625,4.57404,9.00901,9.8568e+06,8.88e+07,1000000000,0.111,111,0.8
11,2,9094870000000,81000,0.221765,4.50927,2.11416,1.78983e+08,3.784e+08,1000000000,0.473,473,0.8
11,2,9094871000000,82000,0.221305,4.51865,5.43478,2.70848e+07,1.472e+08,1000000000,0.184,184,0.8
11,2,9094872000000,83000,0.219976,4.54595,9.00901,9.8568e+06,8.88e+07,1000000000,0.111,111,0.8
11,2,9094873000000,84000,0.225167,4.44115,1.52439,3.44269e+08,5.248e+08,1000000000,0.656,656,0.8
11,2,9094874000000,85000,0.223835,4.46757,8.92857,1.00352e+07,8.96e+07,1000000000,0.112,112,0.8
11,2,9094875000000,86000,0.223128,4.48173,6.13497,2.12552e+07,1.304e+08,1000000000,0.163,163,0.8
11,2,9094876000000,87000,0.226241,4.42006,2.02429,1.95229e+08,3.952e+08,1000000000,0.494,494,0.8
11,2,9094877000000,88000,0.224932,4.44579,9.00901,9.8568e+06,8.88e+07,1000000000,0.111,111,0.8
11,2,9094878000000,89000,0.226753,4.41009,2.58398,1.19815e+08,3.096e+08,1000000000,0.387,387,0.8
11,2,9094879000000,90000,0.227233,4.40076,3.7037,5.832e+07,2.16e+08,1000000000,0.27,270,0.8
11,2,9094880000000,91000,0.225956,4.42564,9.00901,9.8568e+06,8.88e+07,1000000000,0.111,111,0.8
11,2,9094881000000,92000,0.230098,4.34598,1.64745,2.94759e+08,4.856e+08,1000000000,0.607,607,0.8
11,2,9094882000000,93000,0.229,4.36681,7.8125,1.31072e+07,1.024e+08,1000000000,0.128,128,0.8
11,2,9094883000000,94000,0.22733,4.3989,13.8889,4.1472e+06,5.76e+07,1000000000,0.072,72,0.8
11,2,9094884000000,95000,0.231442,4.32073,1.61812,3.05539e+08,4.944e+08,1000000000,0.618,618,0.8
11,2,9094885000000,96000,0.230187,4.34428,9.00901,9.8568e+06,8.88e+07,1000000000,0.111,111,0.8
11,2,9094886000000,97000,0.230876,4.33132,3.367,7.05672e+07,2.376e+08,1000000000,0.297,297,0.8
11,2,9094887000000,98000,0.232194,4.30675,2.77778,1.0368e+08,2.88e+08,1000000000,0.36,360,0.8
11,2,9094888000000,99000,0.23097,4.32957,9.00901,9.8568e+06,8.88e+07,1000000000,0.111,111,0.8
11,2,9094889000000,100000,0.23388,4.2757,1.91571,2.17987e+08,4.176e+08,1000000000,0.522,522,0.8
11,2,9094890000000,101000,0.232901,4.29367,7.40741,1.458e+07,1.08e+08,1000000000,0.135,135,0.8
11,2,9094891000000,102000,0.231706,4.31582,9.00901,9.8568e+06,8.88e+07,1000000000,0.111,111,0.8
11,2,9094892000000,103000,0.235835,4.24025,1.52207,3.45319e+08,5.256e+08,1000000000,0.657,657,0.8
11,2,9094893000000,104000,0.234635,4.26195,9.00901,9.8568e+06,8.88e+07,1000000000,0.111,111,0.8
11,2,9094894000000,105000,0.234419,4.26586,4.71698,3.59552e+07,1.696e+08,1000000000,0.212,212,0.8
11,2,9094895000000,106000,0.236406,4.23002,2.24719,1.5842e+08,3.56e+08,1000000000,0.445,445,0.8
11,2,9094896000000,107000,0.235234,4.25109,9.00901,9.8568e+06,8.88e+07,1000000000,0.111,111,0.8
11,2,9094897000000,108000,0.237083,4.21793,2.29885,1.5138e+08,3.48e+08,1000000000,0.435,435,0.8
11,2,9094898000000,109000,0.236945,4.22039,4.5045,3.94272e+07,1.776e+08,1000000000,0.222,222,0.8
11,2,9094899000000,110000,0.2358,4.24088,9.00901,9.8568e+06,8.88e+07,1000000000,0.111,111,0.8
11,2,9094900000000,111000,0.23945,4.17623,1.56006,3.28705e+08,5.128e+08,1000000000,0.641,641,0.8
11,2,9094901000000,112000,0.23842,4.19429,8.06452,1.23008e+07,9.92e+07,1000000000,0.124,124,0.8
11,2,9094902000000,113000,0.237327,4.21359,8.69565,1.058e+07,9.2e+07,1000000000,0.115,115,0.8
11,2,9094903000000,114000,0.240026,4.16621,1.83486,2.3762e+08,4.36e+08,1000000000,0.545,545,0.8
11,2,9094904000000,115000,0.238904,4.18578,9.00901,9.8568e+06,8.88e+07,1000000000,0.111,111,0.8
11,2,9094905000000,116000,0.239862,4.16906,2.85714,9.8e+07,2.8e+08,1000000000,0.35,350,0.8
11,2,9094906000000,117000,0.240436,4.15911,3.25733,7.53992e+07,2.456e+08,1000000000,0.307,307,0.8
11,2,9094907000000,118000,0.239339,4.17817,9.00901,9.8568e+06,8.88e+07,1000000000,0.111,111,0.8
11,2,9094908000000,119000,0.242084,4.1308,1.76678,2.56285e+08,4.528e+08,1000000000,0.566,566,0.8
11,2,9094909000000,120000,0.2429,4.11692,2.94118,9.248e+07,2.72e+08,1000000000,0.34,340,0.8
11,2,9094910000000,121000,0.241314,4.14398,19.6078,2.0808e+06,4.08e+07,1000000000,0.051,51,0.8
11,2,9094911000000,122000,0.242,4.13223,3.07692,8.45e+07,2.6e+08,1000000000,0.325,325,0.8
11,2,9094912000000,123000,0.240431,4.1592,20.4082,1.9208e+06,3.92e+07,1000000000,0.049,49,0.8
11,2,9094913000000,124000,0.239339,4.17818,9.52381,8.82e+06,8.4e+07,1000000000,0.105,105,0.8
11,2,9094914000000,125000,0.239232,4.18004,4.42478,4.08608e+07,1.808e+08,1000000000,0.226,226,0.8
11,2,9094915000000,126000,0.237937,4.2028,13.1579,4.6208e+06,6.08e+07,1000000000,0.076,76,0.8
11,2,9094916000000,127000,0.23852,4.19253,3.20513,7.78752e+07,2.496e+08,1000000000,0.312,312,0.8
11,2,9094917000000,128000,0.237039,4.21871,20.4082,1.9208e+06,3.92e+07,1000000000,0.049,49,0.8
11,2,9094918000000,129000,0.237767,4.20579,3.02115,8.76488e+07,2.648e+08,1000000000,0.331,331,0.8
11,2,9094919000000,130000,0.236523,4.22792,13.1579,4.6208e+06,6.08e+07,1000000000,0.076,76,0.8
11,2,9094920000000,131000,0.235443,4.24732,10.5263,7.22e+06,7.6e+07,1000000000,0.095,95,0.8
11,2,9094921000000,132000,0.235303,4.24984,4.60829,3.76712e+07,1.736e+08,1000000000,0.217,217,0.8
11,2,9094922000000,133000,0.233902,4.27529,20.4082,1.9208e+06,3.92e+07,1000000000,0.049,49,0.8
11,2,9094923000000,134000,0.234627,4.26209,3.02115,8.76488e+07,2.648e+08,1000000000,0.331,331,0.8
11,2,9094924000000,135000,0.233452,4.28354,13.1579,4.6208e+06,6.08e+07,1000000000,0.076,76,0.8
11,2,9094925000000,136000,0.234029,4.27297,3.20513,7.78752e+07,2.496e+08,1000000000,0.312,312,0.8
11,2,9094926000000,137000,0.232679,4.29777,20.4082,1.9208e+06,3.92e+07,1000000000,0.049,49,0.8
11,2,9094927000000,138000,0.231986,4.31061,7.29927,1.50152e+07,1.096e+08,1000000000,0.137,137,0.8
11,2,9094928000000,139000,0.231712,4.3157,5.15464,3.01088e+07,1.552e+08,1000000000,0.194,194,0.8
11,2,9094929000000,140000,0.2306,4.33651,13.1579,4.6208e+06,6.08e+07,1000000000,0.076,76,0.8
11,2,9094930000000,141000,0.231177,4.32568,3.20513,7.78752e+07,2.496e+08,1000000000,0.312,312,0.8
11,2,9094931000000,142000,0.229894,4.34982,20.4082,1.9208e+06,3.92e+07,1000000000,0.049,49,0.8
11,2,9094932000000,143000,0.230629,4.33596,2.98507,8.978e+07,2.68e+08,1000000000,0.335,335,0.8
11,2,9094933000000,144000,0.229326,4.3606,23.2558,1.4792e+06,3.44e+07,1000000000,0.043,43,0.8
11,2,9094934000000,145000,0.228828,4.3701,6.36943,1.97192e+07,1.256e+08,1000000000,0.157,157,0.8
11,2,9094935000000,146000,0.228493,4.3765,5.55556,2.592e+07,1.44e+08,1000000000,0.18,180,0.8
11,2,9094936000000,147000,0.227456,4.39646,13.1579,4.6208e+06,6.08e+07,1000000000,0.076,76,0.8
11,2,9094937000000,148000,0.228027,4.38545,3.20513,7.78752e+07,2.496e+08,1000000000,0.312,312,0.8
11,2,9094938000000,149000,0.226826,4.40868,20.4082,1.9208e+06,3.92e+07,1000000000,0.049,49,0.8
11,2,9094939000000,150000,0.22752,4.39522,3.02115,8.76488e+07,2.648e+08,1000000000,0.331,331,0.8
11,2,9094940000000,151000,0.226517,4.41469,13.1579,4.6208e+06,6.08e+07,1000000000,0.076,76,0.8
11,2,9094941000000,152000,0.225941,4.42594,7.19424,1.54568e+07,1.112e+08,1000000000,0.139,139,0.8
11,2,9094942000000,153000,0.225595,4.43273,5.78035,2.39432e+07,1.384e+08,1000000000,0.173,173,0.8
11,2,9094943000000,154000,0.224448,4.45537,20.4082,1.9208e+06,3.92e+07,1000000000,0.049,49,0.8
11,2,9094944000000,155000,0.225135,4.44177,3.02115,8.76488e+07,2.648e+08,1000000000,0.331,331,0.8
11,2,9094945000000,156000,0.224179,4.46071,13.1579,4.6208e+06,6.08e+07,1000000000,0.076,76,0.8
11,2,9094946000000,157000,0.224739,4.44961,3.20513,7.78752e+07,2.496e+08,1000000000,0.312,312,0.8
11,2,9094947000000,158000,0.223627,4.47174,20.4082,1.9208e+06,3.92e+07,1000000000,0.049,49,0.8
11,2,9094948000000,159000,0.22334,4.47749,5.61798,2.53472e+07,1.424e+08,1000000000,0.178,178,0.8
11,2,9094949000000,160000,0.2229,4.48632,6.53595,1.87272e+07,1.224e+08,1000000000,0.153,153,0.8
11,2,9094950000000,161000,0.221988,4.50476,13.1579,4.6208e+06,6.08e+07,1000000000,0.076,76,0.8
11,2,9094951000000,162000,0.222543,4.49351,3.20513,7.78752e+07,2.496e+08,1000000000,0.312,312,0.8
11,2,9094952000000,163000,0.221479,4.51511,20.4082,1.9208e+06,3.92e+07,1000000000,0.049,49,0.8
11,2,9094953000000,163914,0.222165,4.50115,2.90159,9.50208e+07,2.75711e+08,1000000000,0.344639,315,0.8
11,2,9094954000000,163914,0.222165,4.50115,0,-nan,-nan,1000000000,-nan,0,0.8
11,2,9094955000000,163914,0.222165,4.50115,0,-nan,-nan,1000000000,-nan,0,0.8
11,2,9094956000000,163914,0.222165,4.50115,0,-nan,-nan,1000000000,-nan,0,0.8
11,2,9094957000000,163914,0.222165,4.50115,0,-nan,-nan,1000000000,-nan,0,0.8
11,2,9094958000000,163914,0.222165,4.50115,0,-nan,-nan,1000000000,-nan,0,0.8
11,2,9094959000000,163914,0.222165,4.50115,0,-nan,-nan,1000000000,-nan,0,0.8
11,2,9094960000000,163914,0.222165,4.50115,0,-nan,-nan,1000000000,-nan,0,0.8
11,2,9094961000000,163914,0.222165,4.50115,0,-nan,-nan,1000000000,-nan,0,0.8
12,0,9094801000000,4000,0.08825,11.3314,11.3314,3.11522e+07,3.53e+08,4000000000,0.08825,88.25,1
12,1,9094802000000,6000,0.0828333,12.0724,13.8889,9.3312e+06,1.296e+08,2000000000,0.072,72,0.9
12,1,9094803000000,8000,0.141125,7.08592,3.16456,1.79741e+08,5.688e+08,2000000000,0.316,316,0.9
12,2,9094804000000,9000,0.137222,7.28745,9.43396,8.9888e+06,8.48e+07,1000000000,0.106,106,0.8
12,2,9094805000000,10000,0.164,6.09756,2.46914,1.3122e+08,3.24e+08,1000000000,0.405,405,0.8
12,2,9094806000000,11000,0.171364,5.83554,4.08163,4.802e+07,1.96e+08,1000000000,0.245,245,0.8
12,2,9094807000000,12000,0.169083,5.91424,6.94444,1.65888e+07,1.152e+08,1000000000,0.144,144,0.8
12,2,9094808000000,13000,0.202923,4.92798,1.64204,2.96705e+08,4.872e+08,1000000000,0.609,609,0.8
12,2,9094809000000,14000,0.197714,5.0578,7.69231,1.352e+07,1.04e+08,1000000000,0.13,130,0.8
12,2,9094810000000,15000,0.1922,5.20291,8.69565,1.058e+07,9.2e+07,1000000000,0.115,115,0.8
12,2,9094811000000,16000,0.213562,4.68247,1.87266,2.28125e+08,4.272e+08,1000000000,0.534,534,0.8
12,2,9094812000000,17000,0.209706,4.76858,6.75676,1.75232e+07,1.184e+08,1000000000,0.148,148,0.8
12,2,9094813000000,18000,0.216944,4.60948,2.94118,9.248e+07,2.72e+08,1000000000,0.34,340,0.8
12,2,9094814000000,19000,0.220684,4.53136,3.47222,6.63552e+07,2.304e+08,1000000000,0.288,288,0.8
12,2,9094815000000,20000,0.21535,4.6436,8.77193,1.03968e+07,9.12e+07,1000000000,0.114,114,0.8
12,2,9094816000000,21000,0.233238,4.28746,1.69205,2.79425e+08,4.728e+08,1000000000,0.591,591,0.8
12,2,9094817000000,22000,0.227636,4.39297,9.09091,9.68e+06,8.8e+07,1000000000,0.11,110,0.8
12,2,9094818000000,23000,0.222391,4.49658,9.34579,9.1592e+06,8.56e+07,1000000000,0.107,107,0.8
12,2,9094819000000,24000,0.238708,4.18921,1.62866,3.01597e+08,4.912e+08,1000000000,0.614,614,0.8
12,2,9094820000000,25000,0.23372,4.27862,8.77193,1.03968e+07,9.12e+07,1000000000,0.114,114,0.8
12,2,9094821000000,26000,0.236423,4.22971,3.28947,7.39328e+07,2.432e+08,1000000000,0.304,304,0.8
12,2,9094822000000,27000,0.240333,4.16089,2.92398,9.35712e+07,2.736e+08,1000000000,0.342,342,0.8
12,2,9094823000000,28000,0.237036,4.21877,6.75676,1.75232e+07,1.184e+08,1000000000,0.148,148,0.8
12,2,9094824000000,29000,0.246724,4.05311,1.9305,2.14659e+08,4.144e+08,1000000000,0.518,518,0.8
12,2,9094825000000,30000,0.242467,4.12428,8.40336,1.13288e+07,9.52e+07,1000000000,0.119,119,0.8
12,2,9094826000000,31000,0.238032,4.20111,9.52381,8.82e+06,8.4e+07,1000000000,0.105,105,0.8
12,2,9094827000000,32000,0.250781,3.98754,1.54799,3.33853e+08,5.168e+08,1000000000,0.646,646,0.8
12,2,9094828000000,33000,0.247667,4.03769,6.75676,1.75232e+07,1.184e+08,1000000000,0.148,148,0.8
12,2,9094829000000,34000,0.247235,4.04473,4.29185,4.34312e+07,1.864e+08,1000000000,0.233,233,0.8
12,2,9094830000000,35000,0.251457,3.97682,2.53165,1.2482e+08,3.16e+08,1000000000,0.395,395,0.8
12,2,9094831000000,36000,0.247639,4.03814,8.77193,1.03968e+07,9.12e+07,1000000000,0.114,114,0.8
12,2,9094832000000,37000,0.254108,3.93533,2.05339,1.89735e+08,3.896e+08,1000000000,0.487,487,0.8
12,2,9094833000000,38000,0.251605,3.97448,6.28931,2.02248e+07,1.272e+08,1000000000,0.159,159,0.8
12,2,9094834000000,39000,0.248949,4.01689,6.75676,1.75232e+07,1.184e+08,1000000000,0.148,148,0.8
12,2,9094835000000,40000,0.258425,3.86959,1.59236,3.15507e+08,5.024e+08,1000000000,0.628,628,0.8
12,2,9094836000000,41000,0.254902,3.92307,8.77193,1.03968e+07,9.12e+07,1000000000,0.114,114,0.8
12,2,9094837000000,42000,0.253619,3.94292,4.97512,3.23208e+07,1.608e+08,1000000000,0.201,201,0.8
12,2,9094838000000,43000,0.25807,3.87492,2.24719,1.5842e+08,3.56e+08,1000000000,0.445,445,0.8
12,2,9094839000000,44000,0.255568,3.91285,6.75676,1.75232e+07,1.184e+08,1000000000,0.148,148,0.8
12,2,9094840000000,45000,0.259111,3.85935,2.40964,1.3778e+08,3.32e+08,1000000000,0.415,415,0.8
12,2,9094841000000,46000,0.258109,3.87434,4.69484,3.62952e+07,1.704e+08,1000000000,0.213,213,0.8
12,2,9094842000000,47000,0.255043,3.92091,8.77193,1.03968e+07,9.12e+07,1000000000,0.114,114,0.8
12,2,9094843000000,48000,0.263062,3.80138,1.5625,3.2768e+08,5.12e+08,1000000000,0.64,640,0.8
12,2,9094844000000,49000,0.260592,3.83742,7.04225,1.61312e+07,1.136e+08,1000000000,0.142,142,0.8
12,2,9094845000000,50000,0.25756,3.88259,9.17431,9.5048e+06,8.72e+07,1000000000,0.109,109,0.8
12,2,9094846000000,51000,0.262922,3.80342,1.88324,2.25569e+08,4.248e+08,1000000000,0.531,531,0.8
12,2,9094847000000,52000,0.260058,3.8453,8.77193,1.03968e+07,9.12e+07,1000000000,0.114,114,0.8
12,2,9094848000000,53000,0.262377,3.8113,2.61097,1.17351e+08,3.064e+08,1000000000,0.383,383,0.8
12,2,9094849000000,54000,0.262389,3.81114,3.80228,5.53352e+07,2.104e+08,1000000000,0.263,263,0.8
12,2,9094850000000,55000,0.259582,3.85235,9.25926,9.3312e+06,8.64e+07,1000000000,0.108,108,0.8
12,2,9094851000000,56000,0.255161,3.9191,83.3333,115200,9.6e+06,1000000000,0.012,12,0.8
12,2,9094852000000,57000,0.252439,3.96136,10,8e+06,8e+07,1000000000,0.1,100,0.8
12,2,9094853000000,58000,0.250155,3.99752,8.33333,1.152e+07,9.6e+07,1000000000,0.12,120,0.8
12,1,9094854000000,60000,0.242017,4.13195,166.667,64800,1.08e+07,2000000000,0.006,6,0.9
12,0,9094855000000,64000,0.226984,4.40559,666.667,9000,6e+06,4000000000,0.0015,1.5,1
12,1,9094856000000,66000,0.222015,4.5042,15.873,7.1442e+06,1.134e+08,2000000000,0.063,63,0.9
12,1,9094857000000,68000,0.217926,4.5887,12.0482,1.24002e+07,1.494e+08,2000000000,0.083,83,0.9
12,2,9094858000000,69000,0.216594,4.61693,7.93651,1.27008e+07,1.008e+08,1000000000,0.126,126,0.8
12,2,9094859000000,70000,0.2204,4.53721,2.07039,1.86631e+08,3.864e+08,1000000000,0.483,483,0.8
12,2,9094860000000,71000,0.218859,4.56915,9.00901,9.8568e+06,8.88e+07,1000000000,0.111,111,0.8
12,2,9094861000000,72000,0.221389,4.51694,2.49377,1.28641e+08,3.208e+08,1000000000,0.401,401,0.8
12,2,9094862000000,73000,0.221863,4.50729,3.90625,5.24288e+07,2.048e+08,1000000000,0.256,256,0.8
12,2,9094863000000,74000,0.220365,4.53793,9.00901,9.8568e+06,8.88e+07,1000000000,0.111,111,0.8
12,2,9094864000000,75000,0.22572,4.43027,1.60772,3.09507e+08,4.976e+08,1000000000,0.622,622,0.8
12,2,9094865000000,76000,0.224434,4.45565,7.8125,1.31072e+07,1.024e+08,1000000000,0.128,128,0.8
12,2,9094866000000,77000,0.222571,4.49294,12.3457,5.2488e+06,6.48e+07,1000000000,0.081,81,0.8
12,2,9094867000000,78000,0.227333,4.39883,1.6835,2.82269e+08,4.752e+08,1000000000,0.594,594,0.8
12,2,9094868000000,79000,0.225861,4.42751,9.00901,9.8568e+06,8.88e+07,1000000000,0.111,111,0.8
12,2,9094869000000,80000,0.226925,4.40674,3.21543,7.73768e+07,2.488e+08,1000000000,0.311,311,0.8
12,2,9094870000000,81000,0.228395,4.37838,2.89017,9.57728e+07,2.768e+08,1000000000,0.346,346,0.8
12,2,9094871000000,82000,0.226963,4.406,9.00901,9.8568e+06,8.88e+07,1000000000,0.111,111,0.8
12,2,9094872000000,83000,0.230675,4.33511,1.86916,2.2898e+08,4.28e+08,1000000000,0.535,535,0.8
12,2,9094873000000,84000,0.229381,4.35956,8.19672,1.19072e+07,9.76e+07,1000000000,0.122,122,0.8
12,2,9094874000000,85000,0.227988,4.38619,9.00901,9.8568e+06,8.88e+07,1000000000,0.111,111,0.8
12,2,9094875000000,86000,0.232977,4.29227,1.52207,3.45319e+08,5.256e+08,1000000000,0.657,657,0.8
12,2,9094876000000,87000,0.231575,4.31826,9.00901,9.8568e+06,8.88e+07,1000000000,0.111,111,0.8
12,2,9094877000000,88000,0.231523,4.31923,4.40529,4.12232e+07,1.816e+08,1000000000,0.227,227,0.8
12,2,9094878000000,89000,0.233753,4.27802,2.32558,1.4792e+08,3.44e+08,1000000000,0.43,430,0.8
12,2,9094879000000,90000,0.232389,4.30313,9.00901,9.8568e+06,8.88e+07,1000000000,0.111,111,0.8
12,2,9094880000000,91000,0.234747,4.2599,2.23714,1.59847e+08,3.576e+08,1000000000,0.447,447,0.8
12,2,9094881000000,92000,0.234478,4.26479,4.7619,3.528e+07,1.68e+08,1000000000,0.21,210,0.8
12,2,9094882000000,93000,0.233151,4.28907,9.00901,9.8568e+06,8.88e+07,1000000000,0.111,111,0.8
12,2,9094883000000,94000,0.237553,4.20958,1.5456,3.34887e+08,5.176e+08,1000000000,0.647,647,0.8
12,2,9094884000000,95000,0.236326,4.23144,8.26446,1.17128e+07,9.68e+07,1000000000,0.121,121,0.8
12,2,9094885000000,96000,0.235219,4.25136,7.69231,1.352e+07,1.04e+08,1000000000,0.13,130,0.8
12,2,9094886000000,97000,0.238227,4.19768,1.89753,2.22183e+08,4.216e+08,1000000000,0.527,527,0.8
12,2,9094887000000,98000,0.236929,4.22068,9.00901,9.8568e+06,8.88e+07,1000000000,0.111,111,0.8
12,2,9094888000000,99000,0.238152,4.19901,2.7933,1.02531e+08,2.864e+08,1000000000,0.358,358,0.8
12,2,9094889000000,100000,0.23876,4.18831,3.34448,7.15208e+07,2.392e+08,1000000000,0.299,299,0.8
12,2,9094890000000,101000,0.237495,4.21061,9.00901,9.8568e+06,8.88e+07,1000000000,0.111,111,0.8
12,2,9094891000000,102000,0.240951,4.15022,1.69492,2.7848e+08,4.72e+08,1000000000,0.59,590,0.8
12,2,9094892000000,103000,0.239816,4.16987,8.06452,1.23008e+07,9.92e+07,1000000000,0.124,124,0.8
12,2,9094893000000,104000,0.238231,4.19761,13.3333,4.5e+06,6e+07,1000000000,0.075,75,0.8
12,2,9094894000000,105000,0.242019,4.13191,1.57233,3.23597e+08,5.088e+08,1000000000,0.636,636,0.8
12,2,9094895000000,106000,0.240783,4.15312,9.00901,9.8568e+06,8.88e+07,1000000000,0.111,111,0.8
12,2,9094896000000,107000,0.24128,4.14456,3.40136,6.91488e+07,2.352e+08,1000000000,0.294,294,0.8
12,2,9094897000000,108000,0.242407,4.12529,2.75482,1.05415e+08,2.904e+08,1000000000,0.363,363,0.8
12,2,9094898000000,109000,0.241202,4.14591,9.00901,9.8568e+06,8.88e+07,1000000000,0.111,111,0.8
12,2,9094899000000,110000,0.243709,4.10325,1.93424,2.13831e+08,4.136e+08,1000000000,0.517,517,0.8
12,2,9094900000000,111000,0.242775,4.11904,7.14286,1.568e+07,1.12e+08,1000000000,0.14,140,0.8
12,2,9094901000000,112000,0.241598,4.1391,9.00901,9.8568e+06,8.88e+07,1000000000,0.111,111,0.8
12,2,9094902000000,113000,0.245274,4.07707,1.52207,3.45319e+08,5.256e+08,1000000000,0.657,657,0.8
12,2,9094903000000,114000,0.244096,4.09674,9.00901,9.8568e+06,8.88e+07,1000000000,0.111,111,0.8
12,2,9094904000000,115000,0.243774,4.10216,4.83092,3.42792e+07,1.656e+08,1000000000,0.207,207,0.8
12,2,9094905000000,116000,0.245552,4.07246,2.22222,1.62e+08,3.6e+08,1000000000,0.45,450,0.8
12,2,9094906000000,117000,0.244402,4.09162,9.00901,9.8568e+06,8.88e+07,1000000000,0.111,111,0.8
12,2,9094907000000,118000,0.245992,4.06518,2.31481,1.49299e+08,3.456e+08,1000000000,0.432,432,0.8
12,2,9094908000000,119000,0.248319,4.02707,1.91205,2.18823e+08,4.184e+08,1000000000,0.523,523,0.8
12,2,9094909000000,120000,0.247933,4.03334,4.9505,3.26432e+07,1.616e+08,1000000000,0.202,202,0.8
12,2,9094910000000,121000,0.247,4.04858,7.40741,1.458e+07,1.08e+08,1000000000,0.135,135,0.8
12,2,9094911000000,122000,0.249123,4.01408,1.97628,2.04829e+08,4.048e+08,1000000000,0.506,506,0.8
12,2,9094912000000,123000,0.248301,4.02737,6.75676,1.75232e+07,1.184e+08,1000000000,0.148,148,0.8
12,2,9094913000000,124000,0.249226,4.01243,2.75482,1.05415e+08,2.904e+08,1000000000,0.363,363,0.8
12,2,9094914000000,125000,0.249352,4.01039,3.77358,5.618e+07,2.12e+08,1000000000,0.265,265,0.8
12,2,9094915000000,126000,0.248278,4.02775,8.77193,1.03968e+07,9.12e+07,1000000000,0.114,114,0.8
12,2,9094916000000,127000,0.251134,3.98194,1.63666,2.98657e+08,4.888e+08,1000000000,0.611,611,0.8
12,2,9094917000000,128000,0.250141,3.99775,8.06452,1.23008e+07,9.92e+07,1000000000,0.124,124,0.8
12,2,9094918000000,129000,0.248946,4.01694,10.4167,7.3728e+06,7.68e+07,1000000000,0.096,96,0.8
12,2,9094919000000,130000,0.251577,3.97493,1.69205,2.79425e+08,4.728e+08,1000000000,0.591,591,0.8
12,2,9094920000000,131000,0.250527,3.99159,8.77193,1.03968e+07,9.12e+07,1000000000,0.114,114,0.8
12,2,9094921000000,132000,0.251114,3.98226,3.04878,8.60672e+07,2.624e+08,1000000000,0.328,328,0.8
12,2,9094922000000,133000,0.251617,3.9743,3.14465,8.08992e+07,2.544e+08,1000000000,0.318,318,0.8
12,2,9094923000000,134000,0.250843,3.98655,6.75676,1.75232e+07,1.184e+08,1000000000,0.148,148,0.8
12,2,9094924000000,135000,0.253,3.95257,1.84502,2.35011e+08,4.336e+08,1000000000,0.542,542,0.8
12,2,9094925000000,136000,0.251978,3.9686,8.77193,1.03968e+07,9.12e+07,1000000000,0.114,114,0.8
12,2,9094926000000,137000,0.250766,3.98777,11.6279,5.9168e+06,6.88e+07,1000000000,0.086,86,0.8
12,2,9094927000000,138000,0.25363,3.94274,1.54799,3.33853e+08,5.168e+08,1000000000,0.646,646,0.8
12,2,9094928000000,139000,0.252871,3.95459,6.75676,1.75232e+07,1.184e+08,1000000000,0.148,148,0.8
12,2,9094929000000,140000,0.252886,3.95436,3.92157,5.202e+07,2.04e+08,1000000000,0.255,255,0.8
12,2,9094930000000,141000,0.253738,3.94108,2.68097,1.11303e+08,2.984e+08,1000000000,0.373,373,0.8
12,2,9094931000000,142000,0.252754,3.95642,8.77193,1.03968e+07,9.12e+07,1000000000,0.114,114,0.8
12,2,9094932000000,143000,0.254538,3.92868,1.9685,2.06451e+08,4.064e+08,1000000000,0.508,508,0.8
12,2,9094933000000,144000,0.253729,3.94121,7.24638,1.52352e+07,1.104e+08,1000000000,0.138,138,0.8
12,2,9094934000000,145000,0.253,3.95257,6.75676,1.75232e+07,1.184e+08,1000000000,0.148,148,0.8
12,2,9094935000000,146000,0.255541,3.91326,1.60256,3.11501e+08,4.992e+08,1000000000,0.624,624,0.8
12,2,9094936000000,147000,0.254782,3.92492,6.94444,1.65888e+07,1.152e+08,1000000000,0.144,144,0.8
12,2,9094937000000,148000,0.254507,3.92917,4.6729,3.66368e+07,1.712e+08,1000000000,0.214,214,0.8
12,2,9094938000000,149000,0.25555,3.91312,2.43902,1.3448e+08,3.28e+08,1000000000,0.41,410,0.8
12,2,9094939000000,150000,0.254807,3.92454,6.94444,1.65888e+07,1.152e+08,1000000000,0.144,144,0.8
12,2,9094940000000,151000,0.256132,3.90423,2.1978,1.6562e+08,3.64e+08,1000000000,0.455,455,0.8
12,2,9094941000000,152000,0.255559,3.91299,5.91716,2.28488e+07,1.352e+08,1000000000,0.169,169,0.8
12,2,9094942000000,153000,0.25483,3.92418,6.94444,1.65888e+07,1.152e+08,1000000000,0.144,144,0.8
12,2,9094943000000,154000,0.257227,3.88761,1.60256,3.11501e+08,4.992e+08,1000000000,0.624,624,0.8
12,2,9094944000000,155000,0.256497,3.89868,6.94444,1.65888e+07,1.152e+08,1000000000,0.144,144,0.8
12,2,9094945000000,156000,0.256058,3.90537,5.31915,2.82752e+07,1.504e+08,1000000000,0.188,188,0.8
12,2,9094946000000,157000,0.257178,3.88835,2.31481,1.49299e+08,3.456e+08,1000000000,0.432,432,0.8
12,2,9094947000000,158000,0.256487,3.89883,6.75676,1.75232e+07,1.184e+08,1000000000,0.148,148,0.8
12,2,9094948000000,159000,0.257572,3.8824,2.331,1.47233e+08,3.432e+08,1000000000,0.429,429,0.8
12,2,9094949000000,160000,0.257206,3.88793,5.02513,3.16808e+07,1.592e+08,1000000000,0.199,199,0.8
12,2,9094950000000,161000,0.256317,3.90142,8.77193,1.03968e+07,9.12e+07,1000000000,0.114,114,0.8
12,2,9094951000000,162000,0.258716,3.86524,1.55039,3.3282e+08,5.16e+08,1000000000,0.645,645,0.8
12,2,9094952000000,163000,0.258012,3.87578,6.94444,1.65888e+07,1.152e+08,1000000000,0.144,144,0.8
12,2,9094953000000,164000,0.25725,3.88727,7.5188,1.41512e+07,1.064e+08,1000000000,0.133,133,0.8
12,2,9094954000000,165000,0.258673,3.86589,2.03252,1.93651e+08,3.936e+08,1000000000,0.492,492,0.8
12,2,9094955000000,166000,0.258006,3.87588,6.75676,1.75232e+07,1.184e+08,1000000000,0.148,148,0.8
12,2,9094956000000,167000,0.258766,3.86449,2.5974,1.1858e+08,3.08e+08,1000000000,0.385,385,0.8
12,2,9094957000000,168000,0.258649,3.86625,4.1841,4.56968e+07,1.912e+08,1000000000,0.239,239,0.8
12,2,9094958000000,169000,0.25797,3.87641,6.94444,1.65888e+07,1.152e+08,1000000000,0.144,144,0.8
12,2,9094959000000,170000,0.259865,3.84816,1.72414,2.6912e+08,4.64e+08,1000000000,0.58,580,0.8
12,2,9094960000000,170176,0.259925,3.84726,3.14286,8.09917e+07,2.54545e+08,1000000000,0.318182,56,0.8
12,2,9094961000000,170176,0.259925,3.84726,0,-nan,-nan,1000000000,-nan,0,0.8
13,0,9094801000000,4000,0.08825,11.3314,11.3314,3.11522e+07,3.53e+08,4000000000,0.08825,88.25,1
13,1,9094802000000,6000,0.0828333,12.0724,13.8889,9.3312e+06,1.296e+08,2000000000,0.072,72,0.9
13,1,9094803000000,8000,0.141125,7.08592,3.16456,1.79741e+08,5.688e+08,2000000000,0.316,316,0.9
13,2,9094804000000,9000,0.137222,7.28745,9.43396,8.9888e+06,8.48e+07,1000000000,0.106,106,0.8
13,2,9094805000000,10000,0.164,6.09756,2.46914,1.3122e+08,3.24e+08,1000000000,0.405,405,0.8
13,2,9094806000000,11000,0.171364,5.83554,4.08163,4.802e+07,1.96e+08,1000000000,0.245,245,0.8
13,2,9094807000000,12000,0.169083,5.91424,6.94444,1.65888e+07,1.152e+08,1000000000,0.144,144,0.8
13,2,9094808000000,13000,0.202923,4.92798,1.64204,2.96705e+08,4.872e+08,1000000000,0.609,609,0.8
13,2,9094809000000,14000,0.197714,5.0578,7.69231,1.352e+07,1.04e+08,1000000000,0.13,130,0.8
13,2,9094810000000,15000,0.1922,5.20291,8.69565,1.058e+07,9.2e+07,1000000000,0.115,115,0.8
13,2,9094811000000,16000,0.213562,4.68247,1.87266,2.28125e+08,4.272e+08,1000000000,0.534,534,0.8
13,2,9094812000000,17000,0.209706,4.76858,6.75676,1.75232e+07,1.184e+08,1000000000,0.148,148,0.8
13,2,9094813000000,18000,0.216944,4.60948,2.94118,9.248e+07,2.72e+08,1000000000,0.34,340,0.8
13,2,9094814000000,19000,0.220684,4.53136,3.47222,6.63552e+07,2.304e+08,1000000000,0.288,288,0.8
13,2,9094815000000,20000,0.21535,4.6436,8.77193,1.03968e+07,9.12e+07,1000000000,0.114,114,0.8
13,2,9094816000000,21000,0.233238,4.28746,1.69205,2.79425e+08,4.728e+08,1000000000,0.591,591,0.8
13,2,9094817000000,22000,0.227636,4.39297,9.09091,9.68e+06,8.8e+07,1000000000,0.11,110,0.8
13,2,9094818000000,23000,0.222391,4.49658,9.34579,9.1592e+06,8.56e+07,1000000000,0.107,107,0.8
13,2,9094819000000,24000,0.238708,4.18921,1.62866,3.01597e+08,4.912e+08,1000000000,0.614,614,0.8
13,2,9094820000000,25000,0.23372,4.27862,8.77193,1.03968e+07,9.12e+07,1000000000,0.114,114,0.8
13,2,9094821000000,26000,0.236423,4.22971,3.28947,7.39328e+07,2.432e+08,1000000000,0.304,304,0.8
13,2,9094822000000,27000,0.240333,4.16089,2.92398,9.35712e+07,2.736e+08,1000000000,0.342,342,0.8
13,2,9094823000000,28000,0.237036,4.21877,6.75676,1.75232e+07,1.184e+08,1000000000,0.148,148,0.8
13,2,9094824000000,29000,0.246724,4.05311,1.9305,2.14659e+08,4.144e+08,1000000000,0.518,518,0.8
13,2,9094825000000,30000,0.242467,4.12428,8.40336,1.13288e+07,9.52e+07,1000000000,0.119,119,0.8
13,2,9094826000000,31000,0.238032,4.20111,9.52381,8.82e+06,8.4e+07,1000000000,0.105,105,0.8
13,2,9094827000000,32000,0.250781,3.98754,1.54799,3.33853e+08,5.168e+08,1000000000,0.646,646,0.8
13,2,9094828000000,33000,0.247667,4.03769,6.75676,1.75232e+07,1.184e+08,1000000000,0.148,148,0.8
13,2,9094829000000,34000,0.247235,4.04473,4.29185,4.34312e+07,1.864e+08,1000000000,0.233,233,0.8
13,2,9094830000000,35000,0.251457,3.97682,2.53165,1.2482e+08,3.16e+08,1000000000,0.395,395,0.8
13,2,9094831000000,36000,0.247639,4.03814,8.77193,1.03968e+07,9.12e+07,1000000000,0.114,114,0.8
13,2,9094832000000,37000,0.254108,3.93533,2.05339,1.89735e+08,3.896e+08,1000000000,0.487,487,0.8
13,2,9094833000000,38000,0.251605,3.97448,6.28931,2.02248e+07,1.272e+08,1000000000,0.159,159,0.8
13,2,9094834000000,39000,0.248949,4.01689,6.75676,1.75232e+07,1.184e+08,1000000000,0.148,148,0.8
13,2,9094835000000,40000,0.258425,3.86959,1.59236,3.15507e+08,5.024e+08,1000000000,0.628,628,0.8
13,2,9094836000000,41000,0.254902,3.92307,8.77193,1.03968e+07,9.12e+07,1000000000,0.114,114,0.8
13,2,9094837000000,42000,0.253619,3.94292,4.97512,3.23208e+07,1.608e+08,1000000000,0.201,201,0.8
13,2,9094838000000,43000,0.25807,3.87492,2.24719,1.5842e+08,3.56e+08,1000000000,0.445,445,0.8
13,2,9094839000000,44000,0.255568,3.91285,6.75676,1.75232e+07,1.184e+08,1000000000,0.148,148,0.8
13,2,9094840000000,45000,0.259111,3.85935,2.40964,1.3778e+08,3.32e+08,1000000000,0.415,415,0.8
13,2,9094841000000,46000,0.258109,3.87434,4.69484,3.62952e+07,1.704e+08,1000000000,0.213,213,0.8
13,2,9094842000000,47000,0.255043,3.92091,8.77193,1.03968e+07,9.12e+07,1000000000,0.114,114,0.8
13,2,9094843000000,48000,0.263062,3.80138,1.5625,3.2768e+08,5.12e+08,1000000000,0.64,640,0.8
13,2,9094844000000,49000,0.260592,3.83742,7.04225,1.61312e+07,1.136e+08,1000000000,0.142,142,0.8
13,2,9094845000000,50000,0.25756,3.88259,9.17431,9.5048e+06,8.72e+07,1000000000,0.109,109,0.8
13,2,9094846000000,51000,0.262922,3.80342,1.88324,2.25569e+08,4.248e+08,1000000000,0.531,531,0.8
13,2,9094847000000,52000,0.260058,3.8453,8.77193,1.03968e+07,9.12e+07,1000000000,0.114,114,0.8
13,2,9094848000000,53000,0.262377,3.8113,2.61097,1.17351e+08,3.064e+08,1000000000,0.383,383,0.8
13,2,9094849000000,54000,0.262389,3.81114,3.80228,5.53352e+07,2.104e+08,1000000000,0.263,263,0.8
13,2,9094850000000,55000,0.259582,3.85235,9.25926,9.3312e+06,8.64e+07,1000000000,0.108,108,0.8
13,2,9094851000000,56000,0.255161,3.9191,83.3333,115200,9.6e+06,1000000000,0.012,12,0.8
13,2,9094852000000,57000,0.252439,3.96136,10,8e+06,8e+07,1000000000,0.1,100,0.8
13,2,9094853000000,58000,0.250155,3.99752,8.33333,1.152e+07,9.6e+07,1000000000,0.12,120,0.8
13,1,9094854000000,60000,0.242017,4.13195,166.667,64800,1.08e+07,2000000000,0.006,6,0.9
13,0,9094855000000,64000,0.226984,4.40559,666.667,9000,6e+06,4000000000,0.0015,1.5,1
13,1,9094856000000,66000,0.222015,4.5042,15.873,7.1442e+06,1.134e+08,2000000000,0.063,63,0.9
13,1,9094857000000,68000,0.217926,4.5887,12.0482,1.24002e+07,1.494e+08,2000000000,0.083,83,0.9
13,2,9094858000000,69000,0.216594,4.61693,7.93651,1.27008e+07,1.008e+08,1000000000,0.126,126,0.8
13,2,9094859000000,70000,0.2204,4.53721,2.07039,1.86631e+08,3.864e+08,1000000000,0.483,483,0.8
13,2,9094860000000,71000,0.218859,4.56915,9.00901,9.8568e+06,8.88e+07,1000000000,0.111,111,0.8
13,2,9094861000000,72000,0.221389,4.51694,2.49377,1.28641e+08,3.208e+08,1000000000,0.401,401,0.8
13,2,9094862000000,73000,0.221863,4.50729,3.90625,5.24288e+07,2.048e+08,1000000000,0.256,256,0.8
13,2,9094863000000,74000,0.220365,4.53793,9.00901,9.8568e+06,8.88e+07,1000000000,0.111,111,0.8
13,2,9094864000000,75000,0.22572,4.43027,1.60772,3.09507e+08,4.976e+08,1000000000,0.622,622,0.8
13,2,9094865000000,76000,0.224434,4.45565,7.8125,1.31072e+07,1.024e+08,1000000000,0.128,128,0.8
13,2,9094866000000,77000,0.222571,4.49294,12.3457,5.2488e+06,6.48e+07,1000000000,0.081,81,0.8
13,2,9094867000000,78000,0.227333,4.39883,1.6835,2.82269e+08,4.752e+08,1000000000,0.594,594,0.8
13,2,9094868000000,79000,0.225861,4.42751,9.00901,9.8568e+06,8.88e+07,1000000000,0.111,111,0.8
13,2,9094869000000,80000,0.226925,4.40674,3.21543,7.73768e+07,2.488e+08,1000000000,0.311,311,0.8
13,2,9094870000000,81000,0.228395,4.37838,2.89017,9.57728e+07,2.768e+08,1000000000,0.346,346,0.8
13,2,9094871000000,82000,0.226963,4.406,9.00901,9.8568e+06,8.88e+07,1000000000,0.111,111,0.8
13,2,9094872000000,83000,0.230675,4.33511,1.86916,2.2898e+08,4.28e+08,1000000000,0.535,535,0.8
13,2,9094873000000,84000,0.229381,4.35956,8.19672,1.19072e+07,9.76e+07,1000000000,0.122,122,0.8
13,2,9094874000000,85000,0.227988,4.38619,9.00901,9.8568e+06,8.88e+07,1000000000,0.111,111,0.8
13,2,9094875000000,86000,0.232977,4.29227,1.52207,3.45319e+08,5.256e+08,1000000000,0.657,657,0.8
13,2,9094876000000,87000,0.231575,4.31826,9.00901,9.8568e+06,8.88e+07,1000000000,0.111,111,0.8
13,2,9094877000000,88000,0.231523,4.31923,4.40529,4.12232e+07,1.816e+08,1000000000,0.227,227,0.8
13,2,9094878000000,89000,0.233753,4.27802,2.32558,1.4792e+08,3.44e+08,1000000000,0.43,430,0.8
13,2,9094879000000,90000,0.232389,4.30313,9.00901,9.8568e+06,8.88e+07,1000000000,0.111,111,0.8
13,2,9094880000000,91000,0.234747,4.2599,2.23714,1.59847e+08,3.576e+08,1000000000,0.447,447,0.8
13,2,9094881000000,92000,0.234478,4.26479,4.7619,3.528e+07,1.68e+08,1000000000,0.21,210,0.8
13,2,9094882000000,93000,0.233151,4.28907,9.00901,9.8568e+06,8.88e+07,1000000000,0.111,111,0.8
13,2,9094883000000,94000,0.237553,4.20958,1.5456,3.34887e+08,5.176e+08,1000000000,0.647,647,0.8
13,2,9094884000000,95000,0.236326,4.23144,8.26446,1.17128e+07,9.68e+07,1000000000,0.121,121,0.8
13,2,9094885000000,96000,0.235219,4.25136,7.69231,1.352e+07,1.04e+08,1000000000,0.13,130,0.8
13,2,9094886000000,97000,0.238227,4.19768,1.89753,2.22183e+08,4.216e+08,1000000000,0.527,527,0.8
13,2,9094887000000,98000,0.236929,4.22068,9.00901,9.8568e+06,8.88e+07,1000000000,0.111,111,0.8
13,2,9094888000000,99000,0.238152,4.19901,2.7933,1.02531e+08,2.864e+08,1000000000,0.358,358,0.8
13,2,9094889000000,100000,0.23876,4.18831,3.34448,7.15208e+07,2.392e+08,1000000000,0.299,299,0.8
13,2,9094890000000,101000,0.237495,4.21061,9.00901,9.8568e+06,8.88e+07,1000000000,0.111,111,0.8
13,2,9094891000000,102000,0.240951,4.15022,1.69492,2.7848e+08,4.72e+08,1000000000,0.59,590,0.8
13,2,9094892000000,103000,0.239816,4.16987,8.06452,1.23008e+07,9.92e+07,1000000000,0.124,124,0.8
13,2,9094893000000,104000,0.238231,4.19761,13.3333,4.5e+06,6e+07,1000000000,0.075,75,0.8
13,2,9094894000000,105000,0.242019,4.13191,1.57233,3.23597e+08,5.088e+08,1000000000,0.636,636,0.8
13,2,9094895000000,106000,0.240783,4.15312,9.00901,9.8568e+06,8.88e+07,1000000000,0.111,111,0.8
13,2,9094896000000,107000,0.24128,4.14456,3.40136,6.91488e+07,2.352e+08,1000000000,0.294,294,0.8
13,2,9094897000000,108000,0.242407,4.12529,2.75482,1.05415e+08,2.904e+08,1000000000,0.363,363,0.8
13,2,9094898000000,109000,0.241202,4.14591,9.00901,9.8568e+06,8.88e+07,1000000000,0.111,111,0.8
13,2,9094899000000,110000,0.243709,4.10325,1.93424,2.13831e+08,4.136e+08,1000000000,0.517,517,0.8
13,2,9094900000000,111000,0.242775,4.11904,7.14286,1.568e+07,1.12e+08,1000000000,0.14,140,0.8
13,2,9094901000000,112000,0.241598,4.1391,9.00901,9.8568e+06,8.88e+07,1000000000,0.111,111,0.8
13,2,9094902000000,113000,0.245274,4.07707,1.52207,3.45319e+08,5.256e+08,1000000000,0.657,657,0.8
13,2,9094903000000,114000,0.244096,4.09674,9.00901,9.8568e+06,8.88e+07,1000000000,0.111,111,0.8
13,2,9094904000000,115000,0.243774,4.10216,4.83092,3.42792e+07,1.656e+08,1000000000,0.207,207,0.8
13,2,9094905000000,116000,0.245552,4.07246,2.22222,1.62e+08,3.6e+08,1000000000,0.45,450,0.8
13,2,9094906000000,117000,0.244402,4.09162,9.00901,9.8568e+06,8.88e+07,1000000000,0.111,111,0.8
13,2,9094907000000,118000,0.245992,4.06518,2.31481,1.49299e+08,3.456e+08,1000000000,0.432,432,0.8
13,2,9094908000000,119000,0.248319,4.02707,1.91205,2.18823e+08,4.184e+08,1000000000,0.523,523,0.8
13,2,9094909000000,120000,0.247933,4.03334,4.9505,3.26432e+07,1.616e+08,1000000000,0.202,202,0.8
13,2,9094910000000,121000,0.247,4.04858,7.40741,1.458e+07,1.08e+08,1000000000,0.135,135,0.8
13,2,9094911000000,122000,0.249123,4.01408,1.97628,2.04829e+08,4.048e+08,1000000000,0.506,506,0.8
13,2,9094912000000,123000,0.248301,4.02737,6.75676,1.75232e+07,1.184e+08,1000000000,0.148,148,0.8
13,2,9094913000000,124000,0.249226,4.01243,2.75482,1.05415e+08,2.904e+08,1000000000,0.363,363,0.8
13,2,9094914000000,125000,0.249352,4.01039,3.77358,5.618e+07,2.12e+08,1000000000,0.265,265,0.8
13,2,9094915000000,126000,0.248278,4.02775,8.77193,1.03968e+07,9.12e+07,1000000000,0.114,114,0.8
13,2,9094916000000,127000,0.251134,3.98194,1.63666,2.98657e+08,4.888e+08,1000000000,0.611,611,0.8
13,2,9094917000000,128000,0.250141,3.99775,8.06452,1.23008e+07,9.92e+07,1000000000,0.124,124,0.8
13,2,9094918000000,129000,0.248946,4.01694,10.4167,7.3728e+06,7.68e+07,1000000000,0.096,96,0.8
13,2,9094919000000,130000,0.251577,3.97493,1.69205,2.79425e+08,4.728e+08,1000000000,0.591,591,0.8
13,2,9094920000000,131000,0.250527,3.99159,8.77193,1.03968e+07,9.12e+07,1000000000,0.114,114,0.8
13,2,9094921000000,132000,0.251114,3.98226,3.04878,8.60672e+07,2.624e+08,1000000000,0.328,328,0.8
13,2,9094922000000,133000,0.251617,3.9743,3.14465,8.08992e+07,2.544e+08,1000000000,0.318,318,0.8
13,2,9094923000000,134000,0.250843,3.98655,6.75676,1.75232e+07,1.184e+08,1000000000,0.148,148,0.8
13,2,9094924000000,135000,0.253,3.95257,1.84502,2.35011e+08,4.336e+08,1000000000,0.542,542,0.8
13,2,9094925000000,136000,0.251978,3.9686,8.77193,1.03968e+07,9.12e+07,1000000000,0.114,114,0.8
13,2,9094926000000,137000,0.250766,3.98777,11.6279,5.9168e+06,6.88e+07,1000000000,0.086,86,0.8
13,2,9094927000000,138000,0.25363,3.94274,1.54799,3.33853e+08,5.168e+08,1000000000,0.646,646,0.8
13,2,9094928000000,139000,0.252871,3.95459,6.75676,1.75232e+07,1.184e+08,1000000000,0.148,148,0.8
13,2,9094929000000,140000,0.252886,3.95436,3.92157,5.202e+07,2.04e+08,1000000000,0.255,255,0.8
13,2,9094930000000,141000,0.253738,3.94108,2.68097,1.11303e+08,2.984e+08,1000000000,0.373,373,0.8
13,2,9094931000000,142000,0.252754,3.95642,8.77193,1.03968e+07,9.12e+07,1000000000,0.114,114,0.8
13,2,9094932000000,143000,0.254538,3.92868,1.9685,2.06451e+08,4.064e+08,1000000000,0.508,508,0.8
13,2,9094933000000,144000,0.253729,3.94121,7.24638,1.52352e+07,1.104e+08,1000000000,0.138,138,0.8
13,2,9094934000000,145000,0.253,3.95257,6.75676,1.75232e+07,1.184e+08,1000000000,0.148,148,0.8
13,2,9094935000000,146000,0.255541,3.91326,1.60256,3.11501e+08,4.992e+08,1000000000,0.624,624,0.8
13,2,9094936000000,147000,0.254782,3.92492,6.94444,1.65888e+07,1.152e+08,1000000000,0.144,144,0.8
13,2,9094937000000,148000,0.254507,3.92917,4.6729,3.66368e+07,1.712e+08,1000000000,0.214,214,0.8
13,2,9094938000000,149000,0.25555,3.91312,2.43902,1.3448e+08,3.28e+08,1000000000,0.41,410,0.8
13,2,9094939000000,150000,0.254807,3.92454,6.94444,1.65888e+07,1.152e+08,1000000000,0.144,144,0.8
13,2,9094940000000,151000,0.256132,3.90423,2.1978,1.6562e+08,3.64e+08,1000000000,0.455,455,0.8
13,2,9094941000000,152000,0.255559,3.91299,5.91716,2.28488e+07,1.352e+08,1000000000,0.169,169,0.8
13,2,9094942000000,153000,0.25483,3.92418,6.94444,1.65888e+07,1.152e+08,1000000000,0.144,144,0.8
13,2,9094943000000,154000,0.257227,3.88761,1.60256,3.11501e+08,4.992e+08,1000000000,0.624,624,0.8
13,2,9094944000000,155000,0.256497,3.89868,6.94444,1.65888e+07,1.152e+08,1000000000,0.144,144,0.8
13,2,9094945000000,156000,0.256058,3.90537,5.31915,2.82752e+07,1.504e+08,1000000000,0.188,188,0.8
13,2,9094946000000,157000,0.257178,3.88835,2.31481,1.49299e+08,3.456e+08,1000000000,0.432,432,0.8
13,2,9094947000000,158000,0.256487,3.89883,6.75676,1.75232e+07,1.184e+08,1000000000,0.148,148,0.8
13,2,9094948000000,159000,0.257572,3.8824,2.331,1.47233e+08,3.432e+08,1000000000,0.429,429,0.8
13,2,9094949000000,160000,0.257206,3.88793,5.02513,3.16808e+07,1.592e+08,1000000000,0.199,199,0.8
13,2,9094950000000,161000,0.256317,3.90142,8.77193,1.03968e+07,9.12e+07,1000000000,0.114,114,0.8
13,2,9094951000000,162000,0.258716,3.86524,1.55039,3.3282e+08,5.16e+08,1000000000,0.645,645,0.8
13,2,9094952000000,163000,0.258012,3.87578,6.94444,1.65888e+07,1.152e+08,1000000000,0.144,144,0.8
13,2,9094953000000,164000,0.25725,3.88727,7.5188,1.41512e+07,1.064e+08,1000000000,0.133,133,0.8
13,2,9094954000000,165000,0.258673,3.86589,2.03252,1.93651e+08,3.936e+08,1000000000,0.492,492,0.8
13,2,9094955000000,166000,0.258006,3.87588,6.75676,1.75232e+07,1.184e+08,1000000000,0.148,148,0.8
13,2,9094956000000,167000,0.258766,3.86449,2.5974,1.1858e+08,3.08e+08,1000000000,0.385,385,0.8
13,2,9094957000000,168000,0.258649,3.86625,4.1841,4.56968e+07,1.912e+08,1000000000,0.239,239,0.8
13,2,9094958000000,169000,0.25797,3.87641,6.94444,1.65888e+07,1.152e+08,1000000000,0.144,144,0.8
13,2,9094959000000,170000,0.259865,3.84816,1.72414,2.6912e+08,4.64e+08,1000000000,0.58,580,0.8
13,2,9094960000000,170176,0.259925,3.84726,3.14286,8.09917e+07,2.54545e+08,1000000000,0.318182,56,0.8
13,2,9094961000000,170176,0.259925,3.84726,0,-nan,-nan,1000000000,-nan,0,0.8
14,0,9094801000000,4000,0.08825,11.3314,11.3314,3.11522e+07,3.53e+08,4000000000,0.08825,88.25,1
14,1,9094802000000,6000,0.0828333,12.0724,13.8889,9.3312e+06,1.296e+08,2000000000,0.072,72,0.9
14,1,9094803000000,8000,0.141125,7.08592,3.16456,1.79741e+08,5.688e+08,2000000000,0.316,316,0.9
14,2,9094804000000,9000,0.137222,7.28745,9.43396,8.9888e+06,8.48e+07,1000000000,0.106,106,0.8
14,2,9094805000000,10000,0.164,6.09756,2.46914,1.3122e+08,3.24e+08,1000000000,0.405,405,0.8
14,2,9094806000000,11000,0.171364,5.83554,4.08163,4.802e+07,1.96e+08,1000000000,0.245,245,0.8
14,2,9094807000000,12000,0.169083,5.91424,6.94444,1.65888e+07,1.152e+08,1000000000,0.144,144,0.8
14,2,9094808000000,13000,0.202923,4.92798,1.64204,2.96705e+08,4.872e+08,1000000000,0.609,609,0.8
14,2,9094809000000,14000,0.197714,5.0578,7.69231,1.352e+07,1.04e+08,1000000000,0.13,130,0.8
14,2,9094810000000,15000,0.1922,5.20291,8.69565,1.058e+07,9.2e+07,1000000000,0.115,115,0.8
14,2,9094811000000,16000,0.213562,4.68247,1.87266,2.28125e+08,4.272e+08,1000000000,0.534,534,0.8
14,2,9094812000000,17000,0.209706,4.76858,6.75676,1.75232e+07,1.184e+08,1000000000,0.148,148,0.8
14,2,9094813000000,18000,0.216944,4.60948,2.94118,9.248e+07,2.72e+08,1000000000,0.34,340,0.8
14,2,9094814000000,19000,0.220684,4.53136,3.47222,6.63552e+07,2.304e+08,1000000000,0.288,288,0.8
14,2,9094815000000,20000,0.21535,4.6436,8.77193,1.03968e+07,9.12e+07,1000000000,0.114,114,0.8
14,2,9094816000000,21000,0.233238,4.28746,1.69205,2.79425e+08,4.728e+08,1000000000,0.591,591,0.8
14,2,9094817000000,22000,0.227636,4.39297,9.09091,9.68e+06,8.8e+07,1000000000,0.11,110,0.8
14,2,9094818000000,23000,0.222391,4.49658,9.34579,9.1592e+06,8.56e+07,1000000000,0.107,107,0.8
14,2,9094819000000,24000,0.238708,4.18921,1.62866,3.01597e+08,4.912e+08,1000000000,0.614,614,0.8
14,2,9094820000000,25000,0.23372,4.27862,8.77193,1.03968e+07,9.12e+07,1000000000,0.114,114,0.8
14,2,9094821000000,26000,0.236423,4.22971,3.28947,7.39328e+07,2.432e+08,1000000000,0.304,304,0.8
14,2,9094822000000,27000,0.240333,4.16089,2.92398,9.35712e+07,2.736e+08,1000000000,0.342,342,0.8
14,2,9094823000000,28000,0.237036,4.21877,6.75676,1.75232e+07,1.184e+08,1000000000,0.148,148,0.8
14,2,9094824000000,29000,0.246724,4.05311,1.9305,2.14659e+08,4.144e+08,1000000000,0.518,518,0.8
14,2,9094825000000,30000,0.242467,4.12428,8.40336,1.13288e+07,9.52e+07,1000000000,0.119,119,0.8
14,2,9094826000000,31000,0.238032,4.20111,9.52381,8.82e+06,8.4e+07,1000000000,0.105,105,0.8
14,2,9094827000000,32000,0.250781,3.98754,1.54799,3.33853e+08,5.168e+08,1000000000,0.646,646,0.8
14,2,9094828000000,33000,0.247667,4.03769,6.75676,1.75232e+07,1.184e+08,1000000000,0.148,148,0.8
14,2,9094829000000,34000,0.247235,4.04473,4.29185,4.34312e+07,1.864e+08,1000000000,0.233,233,0.8
14,2,9094830000000,35000,0.251457,3.97682,2.53165,1.2482e+08,3.16e+08,1000000000,0.395,395,0.8
14,2,9094831000000,36000,0.247639,4.03814,8.77193,1.03968e+07,9.12e+07,1000000000,0.114,114,0.8
14,2,9094832000000,37000,0.254108,3.93533,2.05339,1.89735e+08,3.896e+08,1000000000,0.487,487,0.8
14,2,9094833000000,38000,0.251605,3.97448,6.28931,2.02248e+07,1.272e+08,1000000000,0.159,159,0.8
14,2,9094834000000,39000,0.248949,4.01689,6.75676,1.75232e+07,1.184e+08,1000000000,0.148,148,0.8
14,2,9094835000000,40000,0.258425,3.86959,1.59236,3.15507e+08,5.024e+08,1000000000,0.628,628,0.8
14,2,9094836000000,41000,0.254902,3.92307,8.77193,1.03968e+07,9.12e+07,1000000000,0.114,114,0.8
14,2,9094837000000,42000,0.253619,3.94292,4.97512,3.23208e+07,1.608e+08,1000000000,0.201,201,0.8
14,2,9094838000000,43000,0.25807,3.87492,2.24719,1.5842e+08,3.56e+08,1000000000,0.445,445,0.8
14,2,9094839000000,44000,0.255568,3.91285,6.75676,1.75232e+07,1.184e+08,1000000000,0.148,148,0.8
14,2,9094840000000,45000,0.259111,3.85935,2.40964,1.3778e+08,3.32e+08,1000000000,0.415,415,0.8
14,2,9094841000000,46000,0.258109,3.87434,4.69484,3.62952e+07,1.704e+08,1000000000,0.213,213,0.8
14,2,9094842000000,47000,0.255043,3.92091,8.77193,1.03968e+07,9.12e+07,1000000000,0.114,114,0.8
14,2,9094843000000,48000,0.263062,3.80138,1.5625,3.2768e+08,5.12e+08,1000000000,0.64,640,0.8
14,2,9094844000000,49000,0.260592,3.83742,7.04225,1.61312e+07,1.136e+08,1000000000,0.142,142,0.8
14,2,9094845000000,50000,0.25756,3.88259,9.17431,9.5048e+06,8.72e+07,1000000000,0.109,109,0.8
14,2,9094846000000,51000,0.262922,3.80342,1.88324,2.25569e+08,4.248e+08,1000000000,0.531,531,0.8
14,2,9094847000000,52000,0.260058,3.8453,8.77193,1.03968e+07,9.12e+07,1000000000,0.114,114,0.8
14,2,9094848000000,53000,0.262377,3.8113,2.61097,1.17351e+08,3.064e+08,1000000000,0.383,383,0.8
14,2,9094849000000,54000,0.262389,3.81114,3.80228,5.53352e+07,2.104e+08,1000000000,0.263,263,0.8
14,2,9094850000000,55000,0.259582,3.85235,9.25926,9.3312e+06,8.64e+07,1000000000,0.108,108,0.8
14,2,9094851000000,56000,0.255161,3.9191,83.3333,115200,9.6e+06,1000000000,0.012,12,0.8
14,2,9094852000000,57000,0.252439,3.96136,10,8e+06,8e+07,1000000000,0.1,100,0.8
14,2,9094853000000,58000,0.250155,3.99752,8.33333,1.152e+07,9.6e+07,1000000000,0.12,120,0.8
14,1,9094854000000,60000,0.242017,4.13195,166.667,64800,1.08e+07,2000000000,0.006,6,0.9
14,0,9094855000000,64000,0.228781,4.37099,33.0579,3.66025e+06,1.21e+08,4000000000,0.03025,30.25,1
14,1,9094856000000,66000,0.223258,4.47913,21.5054,3.89205e+06,8.37e+07,2000000000,0.0465,46.5,0.9
14,1,9094857000000,68000,0.225662,4.43141,3.27869,1.67445e+08,5.49e+08,2000000000,0.305,305,0.9
14,2,9094858000000,69000,0.223203,4.48023,17.8571,2.5088e+06,4.48e+07,1000000000,0.056,56,0.8
14,2,9094859000000,70000,0.227686,4.39202,1.8622,2.30695e+08,4.296e+08,1000000000,0.537,537,0.8
14,2,9094860000000,71000,0.227099,4.40337,5.37634,2.76768e+07,1.488e+08,1000000000,0.186,186,0.8
14,2,9094861000000,72000,0.224736,4.44966,17.5439,2.5992e+06,4.56e+07,1000000000,0.057,57,0.8
14,2,9094862000000,73000,0.231137,4.32644,1.44509,3.83091e+08,5.536e+08,1000000000,0.692,692,0.8
14,2,9094863000000,74000,0.229041,4.36604,13.1579,4.6208e+06,6.08e+07,1000000000,0.076,76,0.8
14,2,9094864000000,75000,0.230027,4.34732,3.30033,7.34472e+07,2.424e+08,1000000000,0.303,303,0.8
14,2,9094865000000,76000,0.232118,4.30815,2.57069,1.21057e+08,3.112e+08,1000000000,0.389,389,0.8
14,2,9094866000000,77000,0.230091,4.34611,13.1579,4.6208e+06,6.08e+07,1000000000,0.076,76,0.8
14,2,9094867000000,78000,0.232936,4.29303,2.21239,1.63443e+08,3.616e+08,1000000000,0.452,452,0.8
14,2,9094868000000,79000,0.233025,4.29138,4.16667,4.608e+07,1.92e+08,1000000000,0.24,240,0.8
14,2,9094869000000,80000,0.231063,4.32783,13.1579,4.6208e+06,6.08e+07,1000000000,0.076,76,0.8
14,2,9094870000000,81000,0.236654,4.22557,1.46199,3.74285e+08,5.472e+08,1000000000,0.684,684,0.8
14,2,9094871000000,82000,0.234793,4.25908,11.9048,5.6448e+06,6.72e+07,1000000000,0.084,84,0.8
14,2,9094872000000,83000,0.234783,4.25925,4.2735,4.38048e+07,1.872e+08,1000000000,0.234,234,0.8
14,2,9094873000000,84000,0.23744,4.21158,2.18341,1.67811e+08,3.664e+08,1000000000,0.458,458,0.8
14,2,9094874000000,85000,0.235541,4.24554,13.1579,4.6208e+06,6.08e+07,1000000000,0.076,76,0.8
14,2,9094875000000,86000,0.238535,4.19226,2.0284,1.94439e+08,3.944e+08,1000000000,0.493,493,0.8
14,2,9094876000000,87000,0.23808,4.20026,5.02513,3.16808e+07,1.592e+08,1000000000,0.199,199,0.8
14,2,9094877000000,88000,0.236239,4.23301,13.1579,4.6208e+06,6.08e+07,1000000000,0.076,76,0.8
14,2,9094878000000,89000,0.24136,4.1432,1.44509,3.83091e+08,5.536e+08,1000000000,0.692,692,0.8
14,2,9094879000000,90000,0.239522,4.17498,13.1579,4.6208e+06,6.08e+07,1000000000,0.076,76,0.8
14,2,9094880000000,91000,0.23989,4.16858,3.663,5.96232e+07,2.184e+08,1000000000,0.273,273,0.8
14,2,9094881000000,92000,0.241837,4.13502,2.38663,1.40449e+08,3.352e+08,1000000000,0.419,419,0.8
14,2,9094882000000,93000,0.240054,4.16573,13.1579,4.6208e+06,6.08e+07,1000000000,0.076,76,0.8
14,2,9094883000000,94000,0.24317,4.11235,1.87617,2.27271e+08,4.264e+08,1000000000,0.533,533,0.8
14,2,9094884000000,95000,0.242526,4.12326,5.49451,2.64992e+07,1.456e+08,1000000000,0.182,182,0.8
14,2,9094885000000,96000,0.240552,4.1571,18.8679,2.2472e+06,4.24e+07,1000000000,0.053,53,0.8
14,2,9094886000000,97000,0.245206,4.0782,1.44509,3.83091e+08,5.536e+08,1000000000,0.692,692,0.8
14,2,9094887000000,98000,0.24348,4.10712,13.1579,4.6208e+06,6.08e+07,1000000000,0.076,76,0.8
14,2,9094888000000,99000,0.244121,4.09633,3.25733,7.53992e+07,2.456e+08,1000000000,0.307,307,0.8
14,2,9094889000000,100000,0.24553,4.07282,2.5974,1.1858e+08,3.08e+08,1000000000,0.385,385,0.8
14,2,9094890000000,101000,0.243851,4.10086,13.1579,4.6208e+06,6.08e+07,1000000000,0.076,76,0.8
14,2,9094891000000,102000,0.247078,4.0473,1.7452,2.62663e+08,4.584e+08,1000000000,0.573,573,0.8
14,2,9094892000000,103000,0.246534,4.05624,5.2356,2.91848e+07,1.528e+08,1000000000,0.191,191,0.8
14,2,9094893000000,104000,0.244567,4.08885,23.8095,1.4112e+06,3.36e+07,1000000000,0.042,42,0.8
14,2,9094894000000,105000,0.248467,4.02468,1.52905,3.42173e+08,5.232e+08,1000000000,0.654,654,0.8
14,2,9094895000000,106000,0.24684,4.05121,13.1579,4.6208e+06,6.08e+07,1000000000,0.076,76,0.8
14,2,9094896000000,107000,0.247822,4.03515,2.84091,9.91232e+07,2.816e+08,1000000000,0.352,352,0.8
14,2,9094897000000,108000,0.248676,4.0213,2.94118,9.248e+07,2.72e+08,1000000000,0.34,340,0.8
14,2,9094898000000,109000,0.247092,4.04708,13.1579,4.6208e+06,6.08e+07,1000000000,0.076,76,0.8
14,2,9094899000000,110000,0.250409,3.99347,1.63399,2.99635e+08,4.896e+08,1000000000,0.612,612,0.8
14,2,9094900000000,111000,0.249559,4.00708,6.41026,1.94688e+07,1.248e+08,1000000000,0.156,156,0.8
14,2,9094901000000,112000,0.24817,4.0295,10.6383,7.0688e+06,7.52e+07,1000000000,0.094,94,0.8
14,2,9094902000000,113000,0.251265,3.97985,1.67224,2.86083e+08,4.784e+08,1000000000,0.598,598,0.8
14,2,9094903000000,114000,0.249728,4.00436,13.1579,4.6208e+06,6.08e+07,1000000000,0.076,76,0.8
14,2,9094904000000,115000,0.250913,3.98544,2.59067,1.19197e+08,3.088e+08,1000000000,0.386,386,0.8
14,2,9094905000000,116000,0.253733,3.94115,1.7301,2.67267e+08,4.624e+08,1000000000,0.578,578,0.8
14,2,9094906000000,117000,0.252701,3.95725,7.5188,1.41512e+07,1.064e+08,1000000000,0.133,133,0.8
14,2,9094907000000,118000,0.251966,3.96879,6.0241,2.20448e+07,1.328e+08,1000000000,0.166,166,0.8
14,2,9094908000000,119000,0.254891,3.92325,1.66667,2.88e+08,4.8e+08,1000000000,0.6,600,0.8
14,2,9094909000000,120000,0.253692,3.94179,9.00901,9.8568e+06,8.88e+07,1000000000,0.111,111,0.8
14,2,9094910000000,121000,0.254339,3.93176,3.01205,8.81792e+07,2.656e+08,1000000000,0.332,332,0.8
14,2,9094911000000,122000,0.254918,3.92283,3.07692,8.45e+07,2.6e+08,1000000000,0.325,325,0.8
14,2,9094912000000,123000,0.253748,3.94092,9.00901,9.8568e+06,8.88e+07,1000000000,0.111,111,0.8
14,2,9094913000000,124000,0.256137,3.90416,1.81818,2.42e+08,4.4e+08,1000000000,0.55,550,0.8
14,2,9094914000000,125000,0.255016,3.92132,8.62069,1.07648e+07,9.28e+07,1000000000,0.116,116,0.8
14,2,9094915000000,126000,0.253802,3.94009,9.80392,8.3232e+06,8.16e+07,1000000000,0.102,102,0.8
14,2,9094916000000,127000,0.256976,3.89141,1.52207,3.45319e+08,5.256e+08,1000000000,0.657,657,0.8
14,2,9094917000000,128000,0.255836,3.90876,9.00901,9.8568e+06,8.88e+07,1000000000,0.111,111,0.8
14,2,9094918000000,129000,0.255752,3.91004,4.08163,4.802e+07,1.96e+08,1000000000,0.245,245,0.8
14,2,9094919000000,130000,0.256954,3.89175,2.42718,1.35795e+08,3.296e+08,1000000000,0.412,412,0.8
14,2,9094920000000,131000,0.25584,3.9087,9.00901,9.8568e+06,8.88e+07,1000000000,0.111,111,0.8
14,2,9094921000000,132000,0.257432,3.88452,2.14592,1.73725e+08,3.728e+08,1000000000,0.466,466,0.8
14,2,9094922000000,133000,0.256932,3.89208,5.2356,2.91848e+07,1.528e+08,1000000000,0.191,191,0.8
14,2,9094923000000,134000,0.255843,3.90864,9.00901,9.8568e+06,8.88e+07,1000000000,0.111,111,0.8
14,2,9094924000000,135000,0.258793,3.8641,1.52905,3.42173e+08,5.232e+08,1000000000,0.654,654,0.8
14,2,9094925000000,136000,0.257728,3.88006,8.77193,1.03968e+07,9.12e+07,1000000000,0.114,114,0.8
14,2,9094926000000,137000,0.256993,3.89116,6.36943,1.97192e+07,1.256e+08,1000000000,0.157,157,0.8
14,2,9094927000000,138000,0.258754,3.86468,2,2e+08,4e+08,1000000000,0.5,500,0.8
14,2,9094928000000,139000,0.257691,3.88062,9.00901,9.8568e+06,8.88e+07,1000000000,0.111,111,0.8
14,2,9094929000000,140000,0.258571,3.8674,2.62467,1.16129e+08,3.048e+08,1000000000,0.381,381,0.8
14,2,9094930000000,141000,0.258695,3.86556,3.62319,6.09408e+07,2.208e+08,1000000000,0.276,276,0.8
14,2,9094931000000,142000,0.257655,3.88116,9.00901,9.8568e+06,8.88e+07,1000000000,0.111,111,0.8
14,2,9094932000000,143000,0.260049,3.84543,1.66667,2.88e+08,4.8e+08,1000000000,0.6,600,0.8
14,2,9094933000000,144000,0.259167,3.85852,7.5188,1.41512e+07,1.064e+08,1000000000,0.133,133,0.8
14,2,9094934000000,145000,0.257841,3.87835,14.9254,3.5912e+06,5.36e+07,1000000000,0.067,67,0.8
14,2,9094935000000,146000,0.260356,3.84089,1.6,3.125e+08,5e+08,1000000000,0.625,625,0.8
14,2,9094936000000,147000,0.259395,3.85513,8.40336,1.13288e+07,9.52e+07,1000000000,0.119,119,0.8
14,2,9094937000000,148000,0.259716,3.85036,3.25733,7.53992e+07,2.456e+08,1000000000,0.307,307,0.8
14,2,9094938000000,149000,0.260268,3.84219,2.92398,9.35712e+07,2.736e+08,1000000000,0.342,342,0.8
14,2,9094939000000,150000,0.259273,3.85693,9.00901,9.8568e+06,8.88e+07,1000000000,0.111,111,0.8
14,2,9094940000000,151000,0.261119,3.82967,1.85874,2.31555e+08,4.304e+08,1000000000,0.538,538,0.8
14,2,9094941000000,152000,0.260184,3.84343,8.40336,1.13288e+07,9.52e+07,1000000000,0.119,119,0.8
14,2,9094942000000,153000,0.259209,3.85789,9.00901,9.8568e+06,8.88e+07,1000000000,0.111,111,0.8
14,2,9094943000000,154000,0.261792,3.81982,1.52207,3.45319e+08,5.256e+08,1000000000,0.657,657,0.8
14,2,9094944000000,155000,0.260819,3.83407,9.00901,9.8568e+06,8.88e+07,1000000000,0.111,111,0.8
14,2,9094945000000,156000,0.260622,3.83698,4.34783,4.232e+07,1.84e+08,1000000000,0.23,230,0.8
14,2,9094946000000,157000,0.261682,3.82144,2.34192,1.45863e+08,3.416e+08,1000000000,0.427,427,0.8
14,2,9094947000000,158000,0.260994,3.83151,6.53595,1.87272e+07,1.224e+08,1000000000,0.153,153,0.8
14,2,9094948000000,159000,0.262082,3.8156,2.30415,1.50685e+08,3.472e+08,1000000000,0.434,434,0.8
14,2,9094949000000,160000,0.261575,3.823,5.52486,2.62088e+07,1.448e+08,1000000000,0.181,181,0.8
14,2,9094950000000,161000,0.26064,3.83671,9.00901,9.8568e+06,8.88e+07,1000000000,0.111,111,0.8
14,2,9094951000000,162000,0.263086,3.80103,1.52207,3.45319e+08,5.256e+08,1000000000,0.657,657,0.8
14,2,9094952000000,163000,0.262202,3.81385,8.40336,1.13288e+07,9.52e+07,1000000000,0.119,119,0.8
14,2,9094953000000,164000,0.261695,3.82124,5.58659,2.56328e+07,1.432e+08,1000000000,0.179,179,0.8
14,2,9094954000000,165000,0.262958,3.80289,2.12766,1.7672e+08,3.76e+08,1000000000,0.47,470,0.8
14,2,9094955000000,166000,0.262042,3.81618,9.00901,9.8568e+06,8.88e+07,1000000000,0.111,111,0.8
14,2,9094956000000,167000,0.262988,3.80245,2.38095,1.4112e+08,3.36e+08,1000000000,0.42,420,0.8
14,2,9094957000000,167551,0.263854,3.78997,1.9,2.21607e+08,4.21053e+08,1000000000,0.526316,290,0.8
14,2,9094958000000,167551,0.263854,3.78997,0,-nan,-nan,1000000000,-nan,0,0.8
14,2,9094959000000,167551,0.263854,3.78997,0,-nan,-nan,1000000000,-nan,0,0.8
14,2,9094960000000,167551,0.263854,3.78997,0,-nan,-nan,1000000000,-nan,0,0.8
14,2,9094961000000,167551,0.263854,3.78997,0,-nan,-nan,1000000000,-nan,0,0.8
15,0,9094801000000,4000,0.08825,11.3314,11.3314,3.11522e+07,3.53e+08,4000000000,0.08825,88.25,1
15,1,9094802000000,6000,0.0828333,12.0724,13.8889,9.3312e+06,1.296e+08,2000000000,0.072,72,0.9
15,1,9094803000000,8000,0.141125,7.08592,3.16456,1.79741e+08,5.688e+08,2000000000,0.316,316,0.9
15,2,9094804000000,9000,0.137222,7.28745,9.43396,8.9888e+06,8.48e+07,1000000000,0.106,106,0.8
15,2,9094805000000,10000,0.164,6.09756,2.46914,1.3122e+08,3.24e+08,1000000000,0.405,405,0.8
15,2,9094806000000,11000,0.171364,5.83554,4.08163,4.802e+07,1.96e+08,1000000000,0.245,245,0.8
15,2,9094807000000,12000,0.169083,5.91424,6.94444,1.65888e+07,1.152e+08,1000000000,0.144,144,0.8
15,2,9094808000000,13000,0.202923,4.92798,1.64204,2.96705e+08,4.872e+08,1000000000,0.609,609,0.8
15,2,9094809000000,14000,0.197714,5.0578,7.69231,1.352e+07,1.04e+08,1000000000,0.13,130,0.8
15,2,9094810000000,15000,0.1922,5.20291,8.69565,1.058e+07,9.2e+07,1000000000,0.115,115,0.8
15,2,9094811000000,16000,0.213562,4.68247,1.87266,2.28125e+08,4.272e+08,1000000000,0.534,534,0.8
15,2,9094812000000,17000,0.209706,4.76858,6.75676,1.75232e+07,1.184e+08,1000000000,0.148,148,0.8
15,2,9094813000000,18000,0.216944,4.60948,2.94118,9.248e+07,2.72e+08,1000000000,0.34,340,0.8
15,2,9094814000000,19000,0.220684,4.53136,3.47222,6.63552e+07,2.304e+08,1000000000,0.288,288,0.8
15,2,9094815000000,20000,0.21535,4.6436,8.77193,1.03968e+07,9.12e+07,1000000000,0.114,114,0.8
15,2,9094816000000,21000,0.233238,4.28746,1.69205,2.79425e+08,4.728e+08,1000000000,0.591,591,0.8
15,2,9094817000000,22000,0.227636,4.39297,9.09091,9.68e+06,8.8e+07,1000000000,0.11,110,0.8
15,2,9094818000000,23000,0.222391,4.49658,9.34579,9.1592e+06,8.56e+07,1000000000,0.107,107,0.8
15,2,9094819000000,24000,0.238708,4.18921,1.62866,3.01597e+08,4.912e+08,1000000000,0.614,614,0.8
15,2,9094820000000,25000,0.23372,4.27862,8.77193,1.03968e+07,9.12e+07,1000000000,0.114,114,0.8
15,2,9094821000000,26000,0.236423,4.22971,3.28947,7.39328e+07,2.432e+08,1000000000,0.304,304,0.8
15,2,9094822000000,27000,0.240333,4.16089,2.92398,9.35712e+07,2.736e+08,1000000000,0.342,342,0.8
15,2,9094823000000,28000,0.237036,4.21877,6.75676,1.75232e+07,1.184e+08,1000000000,0.148,148,0.8
15,2,9094824000000,29000,0.246724,4.05311,1.9305,2.14659e+08,4.144e+08,1000000000,0.518,518,0.8
15,2,9094825000000,30000,0.242467,4.12428,8.40336,1.13288e+07,9.52e+07,1000000000,0.119,119,0.8
15,2,9094826000000,31000,0.238032,4.20111,9.52381,8.82e+06,8.4e+07,1000000000,0.105,105,0.8
15,2,9094827000000,32000,0.250781,3.98754,1.54799,3.33853e+08,5.168e+08,1000000000,0.646,646,0.8
15,2,9094828000000,33000,0.247667,4.03769,6.75676,1.75232e+07,1.184e+08,1000000000,0.148,148,0.8
15,2,9094829000000,34000,0.247235,4.04473,4.29185,4.34312e+07,1.864e+08,1000000000,0.233,233,0.8
15,2,9094830000000,35000,0.251457,3.97682,2.53165,1.2482e+08,3.16e+08,1000000000,0.395,395,0.8
15,2,9094831000000,36000,0.247639,4.03814,8.77193,1.03968e+07,9.12e+07,1000000000,0.114,114,0.8
15,2,9094832000000,37000,0.254108,3.93533,2.05339,1.89735e+08,3.896e+08,1000000000,0.487,487,0.8
15,2,9094833000000,38000,0.251605,3.97448,6.28931,2.02248e+07,1.272e+08,1000000000,0.159,159,0.8
15,2,9094834000000,39000,0.248949,4.01689,6.75676,1.75232e+07,1.184e+08,1000000000,0.148,148,0.8
15,2,9094835000000,40000,0.258425,3.86959,1.59236,3.15507e+08,5.024e+08,1000000000,0.628,628,0.8
15,2,9094836000000,41000,0.254902,3.92307,8.77193,1.03968e+07,9.12e+07,1000000000,0.114,114,0.8
15,2,9094837000000,42000,0.253619,3.94292,4.97512,3.23208e+07,1.608e+08,1000000000,0.201,201,0.8
15,2,9094838000000,43000,0.25807,3.87492,2.24719,1.5842e+08,3.56e+08,1000000000,0.445,445,0.8
15,2,9094839000000,44000,0.255568,3.91285,6.75676,1.75232e+07,1.184e+08,1000000000,0.148,148,0.8
15,2,9094840000000,45000,0.259111,3.85935,2.40964,1.3778e+08,3.32e+08,1000000000,0.415,415,0.8
15,2,9094841000000,46000,0.258109,3.87434,4.69484,3.62952e+07,1.704e+08,1000000000,0.213,213,0.8
15,2,9094842000000,47000,0.255043,3.92091,8.77193,1.03968e+07,9.12e+07,1000000000,0.114,114,0.8
15,2,9094843000000,48000,0.263062,3.80138,1.5625,3.2768e+08,5.12e+08,1000000000,0.64,640,0.8
15,2,9094844000000,49000,0.260592,3.83742,7.04225,1.61312e+07,1.136e+08,1000000000,0.142,142,0.8
15,2,9094845000000,50000,0.25756,3.88259,9.17431,9.5048e+06,8.72e+07,1000000000,0.109,109,0.8
15,2,9094846000000,51000,0.262922,3.80342,1.88324,2.25569e+08,4.248e+08,1000000000,0.531,531,0.8
15,2,9094847000000,52000,0.260058,3.8453,8.77193,1.03968e+07,9.12e+07,1000000000,0.114,114,0.8
15,2,9094848000000,53000,0.262377,3.8113,2.61097,1.17351e+08,3.064e+08,1000000000,0.383,383,0.8
15,2,9094849000000,54000,0.262389,3.81114,3.80228,5.53352e+07,2.104e+08,1000000000,0.263,263,0.8
15,2,9094850000000,55000,0.261109,3.82982,5.20833,2.94912e+07,1.536e+08,1000000000,0.192,192,0.8
15,2,9094851000000,56000,0.256661,3.89619,83.3333,115200,9.6e+06,1000000000,0.012,12,0.8
15,2,9094852000000,57000,0.253912,3.93837,10,8e+06,8e+07,1000000000,0.1,100,0.8
15,2,9094853000000,58000,0.251603,3.97451,8.33333,1.152e+07,9.6e+07,1000000000,0.12,120,0.8
15,1,9094854000000,60000,0.243417,4.10818,166.667,64800,1.08e+07,2000000000,0.006,6,0.9
15,0,9094855000000,64000,0.230797,4.33281,24.0964,6.889e+06,1.66e+08,4000000000,0.0415,41.5,1
15,1,9094856000000,66000,0.227379,4.39795,8.47458,2.50632e+07,2.124e+08,2000000000,0.118,118,0.9
15,1,9094857000000,68000,0.226074,4.42334,5.46448,6.02802e+07,3.294e+08,2000000000,0.183,183,0.9
15,2,9094858000000,69000,0.224942,4.44559,6.75676,1.75232e+07,1.184e+08,1000000000,0.148,148,0.8
15,2,9094859000000,70000,0.230314,4.34189,1.66389,2.88961e+08,4.808e+08,1000000000,0.601,601,0.8
15,2,9094860000000,71000,0.228873,4.36923,7.8125,1.31072e+07,1.024e+08,1000000000,0.128,128,0.8
15,2,9094861000000,72000,0.227056,4.40421,10.2041,7.6832e+06,7.84e+07,1000000000,0.098,98,0.8
15,2,9094862000000,73000,0.231726,4.31544,1.76056,2.58099e+08,4.544e+08,1000000000,0.568,568,0.8
15,2,9094863000000,74000,0.230095,4.34604,9.00901,9.8568e+06,8.88e+07,1000000000,0.111,111,0.8
15,2,9094864000000,75000,0.231627,4.31729,2.89855,9.522e+07,2.76e+08,1000000000,0.345,345,0.8
15,2,9094865000000,76000,0.232684,4.29767,3.20513,7.78752e+07,2.496e+08,1000000000,0.312,312,0.8
15,2,9094866000000,77000,0.231104,4.32706,9.00901,9.8568e+06,8.88e+07,1000000000,0.111,111,0.8
15,2,9094867000000,78000,0.234577,4.26299,1.99203,2.01603e+08,4.016e+08,1000000000,0.502,502,0.8
15,2,9094868000000,79000,0.23357,4.28138,6.45161,1.922e+07,1.24e+08,1000000000,0.155,155,0.8
15,2,9094869000000,80000,0.232038,4.30965,9.00901,9.8568e+06,8.88e+07,1000000000,0.111,111,0.8
15,2,9094870000000,81000,0.237284,4.21436,1.52207,3.45319e+08,5.256e+08,1000000000,0.657,657,0.8
15,2,9094871000000,82000,0.235744,4.24189,9.00901,9.8568e+06,8.88e+07,1000000000,0.111,111,0.8
15,2,9094872000000,83000,0.235446,4.24726,4.73934,3.56168e+07,1.688e+08,1000000000,0.211,211,0.8
15,2,9094873000000,84000,0.237952,4.20252,2.24215,1.59133e+08,3.568e+08,1000000000,0.446,446,0.8
15,2,9094874000000,85000,0.236459,4.22907,9.00901,9.8568e+06,8.88e+07,1000000000,0.111,111,0.8
15,2,9094875000000,86000,0.238826,4.18716,2.27273,1.5488e+08,3.52e+08,1000000000,0.44,440,0.8
15,2,9094876000000,87000,0.238575,4.19156,4.60829,3.76712e+07,1.736e+08,1000000000,0.217,217,0.8
15,2,9094877000000,88000,0.237125,4.21719,9.00901,9.8568e+06,8.88e+07,1000000000,0.111,111,0.8
15,2,9094878000000,89000,0.24173,4.13684,1.5456,3.34887e+08,5.176e+08,1000000000,0.647,647,0.8
15,2,9094879000000,90000,0.240389,4.15993,8.26446,1.17128e+07,9.68e+07,1000000000,0.121,121,0.8
15,2,9094880000000,91000,0.239264,4.17949,7.24638,1.52352e+07,1.104e+08,1000000000,0.138,138,0.8
15,2,9094881000000,92000,0.242304,4.12704,1.92678,2.15489e+08,4.152e+08,1000000000,0.519,519,0.8
15,2,9094882000000,93000,0.240892,4.15123,9.00901,9.8568e+06,8.88e+07,1000000000,0.111,111,0.8
15,2,9094883000000,94000,0.24233,4.12661,2.65957,1.13101e+08,3.008e+08,1000000000,0.376,376,0.8
15,2,9094884000000,95000,0.242737,4.11969,3.55872,6.31688e+07,2.248e+08,1000000000,0.281,281,0.8
15,2,9094885000000,96000,0.241365,4.14311,9.00901,9.8568e+06,8.88e+07,1000000000,0.111,111,0.8
15,2,9094886000000,97000,0.245093,4.08009,1.65837,2.90887e+08,4.824e+08,1000000000,0.603,603,0.8
15,2,9094887000000,98000,0.243959,4.09905,7.46269,1.43648e+07,1.072e+08,1000000000,0.134,134,0.8
15,2,9094888000000,99000,0.242232,4.12827,13.6986,4.2632e+06,5.84e+07,1000000000,0.073,73,0.8
15,2,9094889000000,100000,0.24596,4.0657,1.62602,3.0258e+08,4.92e+08,1000000000,0.615,615,0.8
15,2,9094890000000,101000,0.244624,4.08791,9.00901,9.8568e+06,8.88e+07,1000000000,0.111,111,0.8
15,2,9094891000000,102000,0.245284,4.0769,3.20513,7.78752e+07,2.496e+08,1000000000,0.312,312,0.8
15,2,9094892000000,103000,0.246252,4.06087,2.89855,9.522e+07,2.76e+08,1000000000,0.345,345,0.8
15,2,9094893000000,104000,0.244952,4.08243,9.00901,9.8568e+06,8.88e+07,1000000000,0.111,111,0.8
15,2,9094894000000,105000,0.247781,4.03582,1.84502,2.35011e+08,4.336e+08,1000000000,0.542,542,0.8
15,2,9094895000000,106000,0.246547,4.05602,8.54701,1.09512e+07,9.36e+07,1000000000,0.117,117,0.8
15,2,9094896000000,107000,0.245262,4.07728,9.17431,9.5048e+06,8.72e+07,1000000000,0.109,109,0.8
15,2,9094897000000,108000,0.249074,4.01487,1.52207,3.45319e+08,5.256e+08,1000000000,0.657,657,0.8
15,2,9094898000000,109000,0.247807,4.03539,9.00901,9.8568e+06,8.88e+07,1000000000,0.111,111,0.8
15,2,9094899000000,110000,0.247818,4.03522,4.01606,4.96008e+07,1.992e+08,1000000000,0.249,249,0.8
15,2,9094900000000,111000,0.249261,4.01185,2.45098,1.33171e+08,3.264e+08,1000000000,0.408,408,0.8
15,2,9094901000000,112000,0.248027,4.03182,9.00901,9.8568e+06,8.88e+07,1000000000,0.111,111,0.8
15,2,9094902000000,113000,0.25008,3.99873,2.08333,1.8432e+08,3.84e+08,1000000000,0.48,480,0.8
15,2,9094903000000,114000,0.249439,4.009,5.64972,2.50632e+07,1.416e+08,1000000000,0.177,177,0.8
15,2,9094904000000,115000,0.248235,4.02844,9.00901,9.8568e+06,8.88e+07,1000000000,0.111,111,0.8
15,2,9094905000000,116000,0.25181,3.97124,1.5083,3.51655e+08,5.304e+08,1000000000,0.663,663,0.8
15,2,9094906000000,117000,0.253171,3.9499,2.43309,1.35137e+08,3.288e+08,1000000000,0.411,411,0.8
15,2,9094907000000,118000,0.251475,3.97655,18.8679,2.2472e+06,4.24e+07,1000000000,0.053,53,0.8
15,2,9094908000000,119000,0.249832,4.00269,17.8571,2.5088e+06,4.48e+07,1000000000,0.056,56,0.8
15,2,9094909000000,120000,0.252875,3.95452,1.62602,3.0258e+08,4.92e+08,1000000000,0.615,615,0.8
15,2,9094910000000,121000,0.252066,3.96721,6.45161,1.922e+07,1.24e+08,1000000000,0.155,155,0.8
15,2,9094911000000,122000,0.252262,3.96413,3.62319,6.09408e+07,2.208e+08,1000000000,0.276,276,0.8
15,2,9094912000000,123000,0.253016,3.95232,2.89855,9.522e+07,2.76e+08,1000000000,0.345,345,0.8
15,2,9094913000000,124000,0.251895,3.96991,8.77193,1.03968e+07,9.12e+07,1000000000,0.114,114,0.8
15,2,9094914000000,125000,0.254192,3.93403,1.85529,2.32417e+08,4.312e+08,1000000000,0.539,539,0.8
15,2,9094915000000,126000,0.253024,3.9522,9.34579,9.1592e+06,8.56e+07,1000000000,0.107,107,0.8
15,2,9094916000000,127000,0.252197,3.96516,6.75676,1.75232e+07,1.184e+08,1000000000,0.148,148,0.8
15,2,9094917000000,128000,0.255133,3.91953,1.59236,3.15507e+08,5.024e+08,1000000000,0.628,628,0.8
15,2,9094918000000,129000,0.254039,3.93641,8.77193,1.03968e+07,9.12e+07,1000000000,0.114,114,0.8
15,2,9094919000000,130000,0.254,3.93701,4.01606,4.96008e+07,1.992e+08,1000000000,0.249,249,0.8
15,2,9094920000000,131000,0.255092,3.92016,2.51889,1.26087e+08,3.176e+08,1000000000,0.397,397,0.8
15,2,9094921000000,132000,0.25428,3.93267,6.75676,1.75232e+07,1.184e+08,1000000000,0.148,148,0.8
15,2,9094922000000,133000,0.255827,3.90889,2.17391,1.6928e+08,3.68e+08,1000000000,0.46,460,0.8
15,2,9094923000000,134000,0.255172,3.91893,5.95238,2.25792e+07,1.344e+08,1000000000,0.168,168,0.8
15,2,9094924000000,135000,0.254126,3.93506,8.77193,1.03968e+07,9.12e+07,1000000000,0.114,114,0.8
15,2,9094925000000,136000,0.257007,3.89094,1.54799,3.33853e+08,5.168e+08,1000000000,0.646,646,0.8
15,2,9094926000000,137000,0.256212,3.90302,6.75676,1.75232e+07,1.184e+08,1000000000,0.148,148,0.8
15,2,9094927000000,138000,0.255457,3.91456,6.57895,1.84832e+07,1.216e+08,1000000000,0.152,152,0.8
15,2,9094928000000,139000,0.257043,3.8904,2.10084,1.81261e+08,3.808e+08,1000000000,0.476,476,0.8
15,2,9094929000000,140000,0.256021,3.90592,8.77193,1.03968e+07,9.12e+07,1000000000,0.114,114,0.8
15,2,9094930000000,141000,0.257043,3.89041,2.5,1.28e+08,3.2e+08,1000000000,0.4,400,0.8
15,2,9094931000000,142000,0.256965,3.89158,4.06504,4.84128e+07,1.968e+08,1000000000,0.246,246,0.8
15,2,9094932000000,143000,0.256203,3.90316,6.75676,1.75232e+07,1.184e+08,1000000000,0.148,148,0.8
15,2,9094933000000,144000,0.258597,3.86702,1.66389,2.88961e+08,4.808e+08,1000000000,0.601,601,0.8
15,2,9094934000000,145000,0.257669,3.88095,8.06452,1.23008e+07,9.92e+07,1000000000,0.124,124,0.8
15,2,9094935000000,146000,0.256452,3.89936,12.5,5.12e+06,6.4e+07,1000000000,0.08,80,0.8
15,2,9094936000000,147000,0.258673,3.86588,1.71527,2.71911e+08,4.664e+08,1000000000,0.583,583,0.8
15,2,9094937000000,148000,0.257926,3.87709,6.75676,1.75232e+07,1.184e+08,1000000000,0.148,148,0.8
15,2,9094938000000,149000,0.258228,3.87254,3.30033,7.34472e+07,2.424e+08,1000000000,0.303,303,0.8
15,2,9094939000000,150000,0.258673,3.86588,3.07692,8.45e+07,2.6e+08,1000000000,0.325,325,0.8
15,2,9094940000000,151000,0.257715,3.88025,8.77193,1.03968e+07,9.12e+07,1000000000,0.114,114,0.8
15,2,9094941000000,152000,0.259664,3.85112,1.80505,2.45533e+08,4.432e+08,1000000000,0.554,554,0.8
15,2,9094942000000,153000,0.258654,3.86617,9.52381,8.82e+06,8.4e+07,1000000000,0.105,105,0.8
15,2,9094943000000,154000,0.257851,3.87821,7.40741,1.458e+07,1.08e+08,1000000000,0.135,135,0.8
15,2,9094944000000,155000,0.260239,3.84263,1.59236,3.15507e+08,5.024e+08,1000000000,0.628,628,0.8
15,2,9094945000000,156000,0.259301,3.85652,8.77193,1.03968e+07,9.12e+07,1000000000,0.114,114,0.8
15,2,9094946000000,157000,0.259236,3.85749,4.01606,4.96008e+07,1.992e+08,1000000000,0.249,249,0.8
15,2,9094947000000,158000,0.260108,3.84456,2.51889,1.26087e+08,3.176e+08,1000000000,0.397,397,0.8
15,2,9094948000000,159000,0.259403,3.85501,6.75676,1.75232e+07,1.184e+08,1000000000,0.148,148,0.8
15,2,9094949000000,160000,0.260656,3.83647,2.17391,1.6928e+08,3.68e+08,1000000000,0.46,460,0.8
15,2,9094950000000,161000,0.260081,3.84496,5.95238,2.25792e+07,1.344e+08,1000000000,0.168,168,0.8
15,2,9094951000000,162000,0.259179,3.85834,8.77193,1.03968e+07,9.12e+07,1000000000,0.114,114,0.8
15,2,9094952000000,163000,0.261552,3.82333,1.54799,3.33853e+08,5.168e+08,1000000000,0.646,646,0.8
15,2,9094953000000,164000,0.26086,3.83348,6.75676,1.75232e+07,1.184e+08,1000000000,0.148,148,0.8
15,2,9094954000000,165000,0.260255,3.84239,6.21118,2.07368e+07,1.288e+08,1000000000,0.161,161,0.8
15,2,9094955000000,166000,0.2615,3.82409,2.14133,1.74471e+08,3.736e+08,1000000000,0.467,467,0.8
15,2,9094956000000,167000,0.260617,3.83705,8.77193,1.03968e+07,9.12e+07,1000000000,0.114,114,0.8
15,2,9094957000000,168000,0.261595,3.8227,2.35294,1.445e+08,3.4e+08,1000000000,0.425,425,0.8
15,2,9094958000000,168484,0.26225,3.81315,2.04219,1.91821e+08,3.91736e+08,1000000000,0.489669,237,0.8
15,2,9094959000000,168484,0.26225,3.81315,0,-nan,-nan,1000000000,-nan,0,0.8
15,2,9094960000000,168484,0.26225,3.81315,0,-nan,-nan,1000000000,-nan,0,0.8
15,2,9094961000000,168484,0.26225,3.81315,0,-nan,-nan,1000000000,-nan,0,0.8
16,0,9094801000000,4000,0.0565,17.6991,17.6991,1.2769e+07,2.26e+08,4000000000,0.0565,56.5,1
16,1,9094802000000,6000,0.0616667,16.2162,13.8889,9.3312e+06,1.296e+08,2000000000,0.072,72,0.9
16,1,9094803000000,8000,0.12525,7.98403,3.16456,1.79741e+08,5.688e+08,2000000000,0.316,316,0.9
16,2,9094804000000,9000,0.123111,8.12274,9.43396,8.9888e+06,8.48e+07,1000000000,0.106,106,0.8
16,2,9094805000000,10000,0.1565,6.38978,2.18818,1.67079e+08,3.656e+08,1000000000,0.457,457,0.8
16,2,9094806000000,11000,0.159818,6.25711,5.18135,2.97992e+07,1.544e+08,1000000000,0.193,193,0.8
16,2,9094807000000,12000,0.1585,6.30915,6.94444,1.65888e+07,1.152e+08,1000000000,0.144,144,0.8
16,2,9094808000000,13000,0.194615,5.13834,1.59236,3.15507e+08,5.024e+08,1000000000,0.628,628,0.8
16,2,9094809000000,14000,0.188857,5.29501,8.77193,1.03968e+07,9.12e+07,1000000000,0.114,114,0.8
16,2,9094810000000,15000,0.188133,5.31538,5.61798,2.53472e+07,1.424e+08,1000000000,0.178,178,0.8
16,2,9094811000000,16000,0.205625,4.86322,2.13675,1.75219e+08,3.744e+08,1000000000,0.468,468,0.8
16,2,9094812000000,17000,0.202235,4.94474,6.75676,1.75232e+07,1.184e+08,1000000000,0.148,148,0.8
16,2,9094813000000,18000,0.212778,4.69974,2.55102,1.22931e+08,3.136e+08,1000000000,0.392,392,0.8
16,2,9094814000000,19000,0.214,4.6729,4.23729,4.45568e+07,1.888e+08,1000000000,0.236,236,0.8
16,2,9094815000000,20000,0.209,4.78469,8.77193,1.03968e+07,9.12e+07,1000000000,0.114,114,0.8
16,2,9094816000000,21000,0.228952,4.36772,1.59236,3.15507e+08,5.024e+08,1000000000,0.628,628,0.8
16,2,9094817000000,22000,0.225136,4.44175,6.89655,1.682e+07,1.16e+08,1000000000,0.145,145,0.8
16,2,9094818000000,23000,0.219043,4.5653,11.7647,5.78e+06,6.8e+07,1000000000,0.085,85,0.8
16,2,9094819000000,24000,0.233417,4.28418,1.77305,2.54477e+08,4.512e+08,1000000000,0.564,564,0.8
16,2,9094820000000,25000,0.22864,4.37369,8.77193,1.03968e+07,9.12e+07,1000000000,0.114,114,0.8
16,2,9094821000000,26000,0.233538,4.28195,2.80899,1.01389e+08,2.848e+08,1000000000,0.356,356,0.8
16,2,9094822000000,27000,0.23563,4.24395,3.44828,6.728e+07,2.32e+08,1000000000,0.29,290,0.8
16,2,9094823000000,28000,0.2325,4.30108,6.75676,1.75232e+07,1.184e+08,1000000000,0.148,148,0.8
16,2,9094824000000,29000,0.244103,4.09662,1.75747,2.59009e+08,4.552e+08,1000000000,0.569,569,0.8
16,2,9094825000000,30000,0.240433,4.15916,7.46269,1.43648e+07,1.072e+08,1000000000,0.134,134,0.8
16,2,9094826000000,31000,0.234806,4.25883,15.1515,3.4848e+06,5.28e+07,1000000000,0.066,66,0.8
16,2,9094827000000,32000,0.246812,4.05166,1.61551,3.06529e+08,4.952e+08,1000000000,0.619,619,0.8
16,2,9094828000000,33000,0.243818,4.10142,6.75676,1.75232e+07,1.184e+08,1000000000,0.148,148,0.8
16,2,9094829000000,34000,0.244971,4.08212,3.53357,6.40712e+07,2.264e+08,1000000000,0.283,283,0.8
16,2,9094830000000,35000,0.247829,4.03505,2.89855,9.522e+07,2.76e+08,1000000000,0.345,345,0.8
16,2,9094831000000,36000,0.244111,4.0965,8.77193,1.03968e+07,9.12e+07,1000000000,0.114,114,0.8
16,2,9094832000000,37000,0.252081,3.96698,1.85529,2.32417e+08,4.312e+08,1000000000,0.539,539,0.8
16,2,9094833000000,38000,0.248263,4.02798,9.34579,9.1592e+06,8.56e+07,1000000000,0.107,107,0.8
16,2,9094834000000,39000,0.245692,4.07013,6.75676,1.75232e+07,1.184e+08,1000000000,0.148,148,0.8
16,2,9094835000000,40000,0.25525,3.91773,1.59236,3.15507e+08,5.024e+08,1000000000,0.628,628,0.8
16,2,9094836000000,41000,0.251805,3.97133,8.77193,1.03968e+07,9.12e+07,1000000000,0.114,114,0.8
16,2,9094837000000,42000,0.25181,3.97126,3.96825,5.08032e+07,2.016e+08,1000000000,0.252,252,0.8
16,2,9094838000000,43000,0.255116,3.91978,2.53807,1.24189e+08,3.152e+08,1000000000,0.394,394,0.8
16,2,9094839000000,44000,0.252682,3.95755,6.75676,1.75232e+07,1.184e+08,1000000000,0.148,148,0.8
16,2,9094840000000,45000,0.257378,3.88534,2.15517,1.72237e+08,3.712e+08,1000000000,0.464,464,0.8
16,2,9094841000000,46000,0.255348,3.91623,6.09756,2.15168e+07,1.312e+08,1000000000,0.164,164,0.8
16,2,9094842000000,47000,0.25234,3.9629,8.77193,1.03968e+07,9.12e+07,1000000000,0.114,114,0.8
16,2,9094843000000,48000,0.260542,3.83816,1.54799,3.33853e+08,5.168e+08,1000000000,0.646,646,0.8
16,2,9094844000000,49000,0.258245,3.87229,6.75676,1.75232e+07,1.184e+08,1000000000,0.148,148,0.8
16,2,9094845000000,50000,0.25654,3.89803,5.78035,2.39432e+07,1.384e+08,1000000000,0.173,173,0.8
16,2,9094846000000,51000,0.260431,3.83978,2.1978,1.6562e+08,3.64e+08,1000000000,0.455,455,0.8
16,2,9094847000000,52000,0.257615,3.88176,8.77193,1.03968e+07,9.12e+07,1000000000,0.114,114,0.8
16,2,9094848000000,53000,0.260943,3.83225,2.30415,1.50685e+08,3.472e+08,1000000000,0.434,434,0.8
16,2,9094849000000,54000,0.260037,3.84561,4.71698,3.59552e+07,1.696e+08,1000000000,0.212,212,0.8
16,2,9094850000000,55000,0.256982,3.89133,10.8696,6.7712e+06,7.36e+07,1000000000,0.092,92,0.8
16,2,9094851000000,56000,0.255036,3.92102,6.75676,1.75232e+07,1.184e+08,1000000000,0.148,148,0.8
16,2,9094852000000,57000,0.250772,3.98769,83.3333,115200,9.6e+06,1000000000,0.012,12,0.8
16,2,9094853000000,58000,0.248172,4.02946,10,8e+06,8e+07,1000000000,0.1,100,0.8
16,1,9094854000000,60000,0.2419,4.13394,16.6667,6.48e+06,1.08e+08,2000000000,0.06,60,0.9
16,0,9094855000000,64000,0.226969,4.40589,333.333,36000,1.2e+07,4000000000,0.003,3,1
16,1,9094856000000,66000,0.222606,4.49224,12.0482,1.24002e+07,1.494e+08,2000000000,0.083,83,0.9
16,1,9094857000000,68000,0.221368,4.51737,5.54017,5.86444e+07,3.249e+08,2000000000,0.1805,180.5,0.9
16,2,9094858000000,69000,0.221696,4.51069,4.09836,4.76288e+07,1.952e+08,1000000000,0.244,244,0.8
16,2,9094859000000,70000,0.220171,4.54192,8.69565,1.058e+07,9.2e+07,1000000000,0.115,115,0.8
16,2,9094860000000,71000,0.226028,4.42423,1.57233,3.23597e+08,5.088e+08,1000000000,0.636,636,0.8
16,2,9094861000000,72000,0.224694,4.45049,7.69231,1.352e+07,1.04e+08,1000000000,0.13,130,0.8
16,2,9094862000000,73000,0.22326,4.47908,8.33333,1.152e+07,9.6e+07,1000000000,0.12,120,0.8
16,2,9094863000000,74000,0.227527,4.39508,1.85529,2.32417e+08,4.312e+08,1000000000,0.539,539,0.8
16,2,9094864000000,75000,0.225973,4.4253,9.00901,9.8568e+06,8.88e+07,1000000000,0.111,111,0.8
16,2,9094865000000,76000,0.227776,4.39027,2.75482,1.05415e+08,2.904e+08,1000000000,0.363,363,0.8
16,2,9094866000000,77000,0.228597,4.3745,3.43643,6.77448e+07,2.328e+08,1000000000,0.291,291,0.8
16,2,9094867000000,78000,0.227128,4.4028,8.77193,1.03968e+07,9.12e+07,1000000000,0.114,114,0.8
16,2,9094868000000,79000,0.231696,4.316,1.70068,2.76595e+08,4.704e+08,1000000000,0.588,588,0.8
16,2,9094869000000,80000,0.2304,4.34028,7.8125,1.31072e+07,1.024e+08,1000000000,0.128,128,0.8
16,2,9094870000000,81000,0.228457,4.3772,13.6986,4.2632e+06,5.84e+07,1000000000,0.073,73,0.8
16,2,9094871000000,82000,0.23339,4.28467,1.57978,3.20551e+08,5.064e+08,1000000000,0.633,633,0.8
16,2,9094872000000,83000,0.231952,4.31124,8.77193,1.03968e+07,9.12e+07,1000000000,0.114,114,0.8
16,2,9094873000000,84000,0.232738,4.29668,3.3557,7.10432e+07,2.384e+08,1000000000,0.298,298,0.8
16,2,9094874000000,85000,0.234094,4.27179,2.87356,9.68832e+07,2.784e+08,1000000000,0.348,348,0.8
16,2,9094875000000,86000,0.232791,4.2957,8.19672,1.19072e+07,9.76e+07,1000000000,0.122,122,0.8
16,2,9094876000000,87000,0.236149,4.23461,1.90476,2.205e+08,4.2e+08,1000000000,0.525,525,0.8
16,2,9094877000000,88000,0.234932,4.25655,7.75194,1.33128e+07,1.032e+08,1000000000,0.129,129,0.8
16,2,9094878000000,89000,0.233573,4.28132,8.77193,1.03968e+07,9.12e+07,1000000000,0.114,114,0.8
16,2,9094879000000,90000,0.238278,4.19678,1.52207,3.45319e+08,5.256e+08,1000000000,0.657,657,0.8
16,2,9094880000000,91000,0.236879,4.22156,9.00901,9.8568e+06,8.88e+07,1000000000,0.111,111,0.8
16,2,9094881000000,92000,0.236859,4.22193,4.25532,4.418e+07,1.88e+08,1000000000,0.235,235,0.8
16,2,9094882000000,93000,0.238817,4.1873,2.38663,1.40449e+08,3.352e+08,1000000000,0.419,419,0.8
16,2,9094883000000,94000,0.237489,4.21071,8.77193,1.03968e+07,9.12e+07,1000000000,0.114,114,0.8
16,2,9094884000000,95000,0.239832,4.16959,2.17391,1.6928e+08,3.68e+08,1000000000,0.46,460,0.8
16,2,9094885000000,96000,0.239385,4.17736,5.07614,3.10472e+07,1.576e+08,1000000000,0.197,197,0.8
16,2,9094886000000,97000,0.238062,4.20059,9.00901,9.8568e+06,8.88e+07,1000000000,0.111,111,0.8
16,2,9094887000000,98000,0.242276,4.12753,1.5361,3.39041e+08,5.208e+08,1000000000,0.651,651,0.8
16,2,9094888000000,99000,0.24101,4.1492,8.54701,1.09512e+07,9.36e+07,1000000000,0.117,117,0.8
16,2,9094889000000,100000,0.24024,4.1625,6.09756,2.15168e+07,1.312e+08,1000000000,0.164,164,0.8
16,2,9094890000000,101000,0.242743,4.11959,2.0284,1.94439e+08,3.944e+08,1000000000,0.493,493,0.8
16,2,9094891000000,102000,0.241451,4.14163,9.00901,9.8568e+06,8.88e+07,1000000000,0.111,111,0.8
16,2,9094892000000,103000,0.242932,4.11638,2.53807,1.24189e+08,3.152e+08,1000000000,0.394,394,0.8
16,2,9094893000000,104000,0.243096,4.1136,3.84615,5.408e+07,2.08e+08,1000000000,0.26,260,0.8
16,2,9094894000000,105000,0.241867,4.13451,8.77193,1.03968e+07,9.12e+07,1000000000,0.114,114,0.8
16,2,9094895000000,106000,0.245415,4.07473,1.61812,3.05539e+08,4.944e+08,1000000000,0.618,618,0.8
16,2,9094896000000,107000,0.244346,4.09256,7.63359,1.37288e+07,1.048e+08,1000000000,0.131,131,0.8
16,2,9094897000000,108000,0.242889,4.11711,11.4943,6.0552e+06,6.96e+07,1000000000,0.087,87,0.8
16,2,9094898000000,109000,0.246037,4.06443,1.70648,2.74717e+08,4.688e+08,1000000000,0.586,586,0.8
16,2,9094899000000,110000,0.244836,4.08436,8.77193,1.03968e+07,9.12e+07,1000000000,0.114,114,0.8
16,2,9094900000000,111000,0.245586,4.0719,3.04878,8.60672e+07,2.624e+08,1000000000,0.328,328,0.8
16,2,9094901000000,112000,0.24633,4.05959,3.03951,8.65928e+07,2.632e+08,1000000000,0.329,329,0.8
16,2,9094902000000,113000,0.245133,4.07942,9.00901,9.8568e+06,8.88e+07,1000000000,0.111,111,0.8
16,2,9094903000000,114000,0.247877,4.03426,1.79211,2.49091e+08,4.464e+08,1000000000,0.558,558,0.8
16,2,9094904000000,115000,0.246722,4.05315,8.69565,1.058e+07,9.2e+07,1000000000,0.115,115,0.8
16,2,9094905000000,116000,0.245414,4.07475,10.5263,7.22e+06,7.6e+07,1000000000,0.095,95,0.8
16,2,9094906000000,117000,0.249376,4.01001,1.41044,4.02145e+08,5.672e+08,1000000000,0.709,709,0.8
16,2,9094907000000,118000,0.250356,3.99431,2.73973,1.0658e+08,2.92e+08,1000000000,0.365,365,0.8
16,2,9094908000000,119000,0.24895,4.01688,12.0482,5.5112e+06,6.64e+07,1000000000,0.083,83,0.8
16,2,9094909000000,120000,0.251008,3.98393,2.01613,1.96813e+08,3.968e+08,1000000000,0.496,496,0.8
16,2,9094910000000,121000,0.250132,3.99789,6.89655,1.682e+07,1.16e+08,1000000000,0.145,145,0.8
16,2,9094911000000,122000,0.248705,4.02083,13.1579,4.6208e+06,6.08e+07,1000000000,0.076,76,0.8
16,2,9094912000000,123000,0.246813,4.05165,62.5,204800,1.28e+07,1000000000,0.016,16,0.8
16,2,9094913000000,124000,0.250306,3.9951,1.47059,3.6992e+08,5.44e+08,1000000000,0.68,680,0.8
16,2,9094914000000,125000,0.249456,4.00872,6.94444,1.65888e+07,1.152e+08,1000000000,0.144,144,0.8
16,2,9094915000000,126000,0.24931,4.01108,4.329,4.26888e+07,1.848e+08,1000000000,0.231,231,0.8
16,2,9094916000000,127000,0.250472,3.99246,2.51889,1.26087e+08,3.176e+08,1000000000,0.397,397,0.8
16,2,9094917000000,128000,0.249406,4.00952,8.77193,1.03968e+07,9.12e+07,1000000000,0.114,114,0.8
16,2,9094918000000,129000,0.251233,3.98038,2.06186,1.8818e+08,3.88e+08,1000000000,0.485,485,0.8
16,2,9094919000000,130000,0.250538,3.9914,6.21118,2.07368e+07,1.288e+08,1000000000,0.161,161,0.8
16,2,9094920000000,131000,0.249756,4.00391,6.75676,1.75232e+07,1.184e+08,1000000000,0.148,148,0.8
16,2,9094921000000,132000,0.252591,3.95897,1.60256,3.11501e+08,4.992e+08,1000000000,0.624,624,0.8
16,2,9094922000000,133000,0.251233,3.98037,13.8889,4.1472e+06,5.76e+07,1000000000,0.072,72,0.8
16,2,9094923000000,134000,0.249478,4.00838,62.5,204800,1.28e+07,1000000000,0.016,16,0.8
16,2,9094924000000,135000,0.249474,4.00843,4.01606,4.96008e+07,1.992e+08,1000000000,0.249,249,0.8
16,2,9094925000000,136000,0.250809,3.9871,2.32019,1.48609e+08,3.448e+08,1000000000,0.431,431,0.8
16,2,9094926000000,137000,0.250029,3.99953,6.94444,1.65888e+07,1.152e+08,1000000000,0.144,144,0.8
16,2,9094927000000,138000,0.251377,3.97809,2.29358,1.52077e+08,3.488e+08,1000000000,0.436,436,0.8
16,2,9094928000000,139000,0.25095,3.98486,5.20833,2.94912e+07,1.536e+08,1000000000,0.192,192,0.8
16,2,9094929000000,140000,0.249971,4.00046,8.77193,1.03968e+07,9.12e+07,1000000000,0.114,114,0.8
16,2,9094930000000,141000,0.25278,3.95601,1.54799,3.33853e+08,5.168e+08,1000000000,0.646,646,0.8
16,2,9094931000000,142000,0.252014,3.96803,6.94444,1.65888e+07,1.152e+08,1000000000,0.144,144,0.8
16,2,9094932000000,143000,0.251105,3.9824,8.19672,1.19072e+07,9.76e+07,1000000000,0.122,122,0.8
16,2,9094933000000,144000,0.252903,3.95409,1.96078,2.0808e+08,4.08e+08,1000000000,0.51,510,0.8
16,2,9094934000000,145000,0.251945,3.96912,8.77193,1.03968e+07,9.12e+07,1000000000,0.114,114,0.8
16,2,9094935000000,146000,0.252925,3.95375,2.53165,1.2482e+08,3.16e+08,1000000000,0.395,395,0.8
16,2,9094936000000,147000,0.252912,3.95395,3.98406,5.04008e+07,2.008e+08,1000000000,0.251,251,0.8
16,2,9094937000000,148000,0.251824,3.97102,10.8696,6.7712e+06,7.36e+07,1000000000,0.092,92,0.8
16,2,9094938000000,149000,0.254067,3.93597,1.70648,2.74717e+08,4.688e+08,1000000000,0.586,586,0.8
16,2,9094939000000,150000,0.253107,3.9509,9.09091,9.68e+06,8.8e+07,1000000000,0.11,110,0.8
16,2,9094940000000,151000,0.252278,3.96388,7.8125,1.31072e+07,1.024e+08,1000000000,0.128,128,0.8
16,2,9094941000000,152000,0.25475,3.92542,1.59236,3.15507e+08,5.024e+08,1000000000,0.628,628,0.8
16,2,9094942000000,153000,0.25383,3.93964,8.77193,1.03968e+07,9.12e+07,1000000000,0.114,114,0.8
16,2,9094943000000,154000,0.253961,3.93761,3.64964,6.00608e+07,2.192e+08,1000000000,0.274,274,0.8
16,2,9094944000000,155000,0.254723,3.92584,2.68817,1.10707e+08,2.976e+08,1000000000,0.372,372,0.8
16,2,9094945000000,156000,0.254038,3.93641,6.75676,1.75232e+07,1.184e+08,1000000000,0.148,148,0.8
16,2,9094946000000,157000,0.255471,3.91433,2.08768,1.83553e+08,3.832e+08,1000000000,0.479,479,0.8
16,2,9094947000000,158000,0.254797,3.92469,6.71141,1.77608e+07,1.192e+08,1000000000,0.149,149,0.8
16,2,9094948000000,159000,0.253912,3.93837,8.77193,1.03968e+07,9.12e+07,1000000000,0.114,114,0.8
16,2,9094949000000,160000,0.256362,3.90073,1.54799,3.33853e+08,5.168e+08,1000000000,0.646,646,0.8
16,2,9094950000000,161000,0.255342,3.91632,10.8696,6.7712e+06,7.36e+07,1000000000,0.092,92,0.8
16,2,9094951000000,162000,0.254846,3.92394,5.71429,2.45e+07,1.4e+08,1000000000,0.175,175,0.8
16,2,9094952000000,163000,0.25638,3.90045,1.9802,2.0402e+08,4.04e+08,1000000000,0.505,505,0.8
16,2,9094953000000,164000,0.255652,3.91156,7.29927,1.50152e+07,1.096e+08,1000000000,0.137,137,0.8
16,2,9094954000000,165000,0.256303,3.90163,2.75482,1.05415e+08,2.904e+08,1000000000,0.363,363,0.8
16,2,9094955000000,166000,0.256349,3.90093,3.78788,5.57568e+07,2.112e+08,1000000000,0.264,264,0.8
16,2,9094956000000,167000,0.255701,3.91082,6.75676,1.75232e+07,1.184e+08,1000000000,0.148,148,0.8
16,2,9094957000000,168000,0.257685,3.88071,1.69779,2.77537e+08,4.712e+08,1000000000,0.589,589,0.8
16,2,9094958000000,169000,0.256964,3.89159,7.35294,1.47968e+07,1.088e+08,1000000000,0.136,136,0.8
16,2,9094959000000,170000,0.255929,3.90733,12.3457,5.2488e+06,6.48e+07,1000000000,0.081,81,0.8
16,2,9094960000000,170923,0.258046,3.87528,1.54348,3.35806e+08,5.1831e+08,1000000000,0.647887,598,0.8
16,2,9094961000000,170923,0.258046,3.87528,0,-nan,-nan,1000000000,-nan,0,0.8
17,0,9094801000000,4000,0.0565,17.6991,17.6991,1.2769e+07,2.26e+08,4000000000,0.0565,56.5,1
17,1,9094802000000,6000,0.0616667,16.2162,13.8889,9.3312e+06,1.296e+08,2000000000,0.072,72,0.9
17,1,9094803000000,8000,0.12525,7.98403,3.16456,1.79741e+08,5.688e+08,2000000000,0.316,316,0.9
17,2,9094804000000,9000,0.123111,8.12274,9.43396,8.9888e+06,8.48e+07,1000000000,0.106,106,0.8
17,2,9094805000000,10000,0.1565,6.38978,2.18818,1.67079e+08,3.656e+08,1000000000,0.457,457,0.8
17,2,9094806000000,11000,0.159818,6.25711,5.18135,2.97992e+07,1.544e+08,1000000000,0.193,193,0.8
17,2,9094807000000,12000,0.1585,6.30915,6.94444,1.65888e+07,1.152e+08,1000000000,0.144,144,0.8
17,2,9094808000000,13000,0.194615,5.13834,1.59236,3.15507e+08,5.024e+08,1000000000,0.628,628,0.8
17,2,9094809000000,14000,0.188857,5.29501,8.77193,1.03968e+07,9.12e+07,1000000000,0.114,114,0.8
17,2,9094810000000,15000,0.188133,5.31538,5.61798,2.53472e+07,1.424e+08,1000000000,0.178,178,0.8
17,2,9094811000000,16000,0.205625,4.86322,2.13675,1.75219e+08,3.744e+08,1000000000,0.468,468,0.8
17,2,9094812000000,17000,0.202235,4.94474,6.75676,1.75232e+07,1.184e+08,1000000000,0.148,148,0.8
17,2,9094813000000,18000,0.212778,4.69974,2.55102,1.22931e+08,3.136e+08,1000000000,0.392,392,0.8
17,2,9094814000000,19000,0.214,4.6729,4.23729,4.45568e+07,1.888e+08,1000000000,0.236,236,0.8
17,2,9094815000000,20000,0.209,4.78469,8.77193,1.03968e+07,9.12e+07,1000000000,0.114,114,0.8
17,2,9094816000000,21000,0.228952,4.36772,1.59236,3.15507e+08,5.024e+08,1000000000,0.628,628,0.8
17,2,9094817000000,22000,0.225136,4.44175,6.89655,1.682e+07,1.16e+08,1000000000,0.145,145,0.8
17,2,9094818000000,23000,0.219043,4.5653,11.7647,5.78e+06,6.8e+07,1000000000,0.085,85,0.8
17,2,9094819000000,24000,0.233417,4.28418,1.77305,2.54477e+08,4.512e+08,1000000000,0.564,564,0.8
17,2,9094820000000,25000,0.22864,4.37369,8.77193,1.03968e+07,9.12e+07,1000000000,0.114,114,0.8
17,2,9094821000000,26000,0.233538,4.28195,2.80899,1.01389e+08,2.848e+08,1000000000,0.356,356,0.8
17,2,9094822000000,27000,0.23563,4.24395,3.44828,6.728e+07,2.32e+08,1000000000,0.29,290,0.8
17,2,9094823000000,28000,0.2325,4.30108,6.75676,1.75232e+07,1.184e+08,1000000000,0.148,148,0.8
17,2,9094824000000,29000,0.244103,4.09662,1.75747,2.59009e+08,4.552e+08,1000000000,0.569,569,0.8
17,2,9094825000000,30000,0.240433,4.15916,7.46269,1.43648e+07,1.072e+08,1000000000,0.134,134,0.8
17,2,9094826000000,31000,0.234806,4.25883,15.1515,3.4848e+06,5.28e+07,1000000000,0.066,66,0.8
17,2,9094827000000,32000,0.246812,4.05166,1.61551,3.06529e+08,4.952e+08,1000000000,0.619,619,0.8
17,2,9094828000000,33000,0.243818,4.10142,6.75676,1.75232e+07,1.184e+08,1000000000,0.148,148,0.8
17,2,9094829000000,34000,0.244971,4.08212,3.53357,6.40712e+07,2.264e+08,1000000000,0.283,283,0.8
17,2,9094830000000,35000,0.247829,4.03505,2.89855,9.522e+07,2.76e+08,1000000000,0.345,345,0.8
17,2,9094831000000,36000,0.244111,4.0965,8.77193,1.03968e+07,9.12e+07,1000000000,0.114,114,0.8
17,2,9094832000000,37000,0.252081,3.96698,1.85529,2.32417e+08,4.312e+08,1000000000,0.539,539,0.8
17,2,9094833000000,38000,0.248263,4.02798,9.34579,9.1592e+06,8.56e+07,1000000000,0.107,107,0.8
17,2,9094834000000,39000,0.245692,4.07013,6.75676,1.75232e+07,1.184e+08,1000000000,0.148,148,0.8
17,2,9094835000000,40000,0.25525,3.91773,1.59236,3.15507e+08,5.024e+08,1000000000,0.628,628,0.8
17,2,9094836000000,41000,0.251805,3.97133,8.77193,1.03968e+07,9.12e+07,1000000000,0.114,114,0.8
17,2,9094837000000,42000,0.25181,3.97126,3.96825,5.08032e+07,2.016e+08,1000000000,0.252,252,0.8
17,2,9094838000000,43000,0.255116,3.91978,2.53807,1.24189e+08,3.152e+08,1000000000,0.394,394,0.8
17,2,9094839000000,44000,0.252682,3.95755,6.75676,1.75232e+07,1.184e+08,1000000000,0.148,148,0.8
17,2,9094840000000,45000,0.257378,3.88534,2.15517,1.72237e+08,3.712e+08,1000000000,0.464,464,0.8
17,2,9094841000000,46000,0.255348,3.91623,6.09756,2.15168e+07,1.312e+08,1000000000,0.164,164,0.8
17,2,9094842000000,47000,0.25234,3.9629,8.77193,1.03968e+07,9.12e+07,1000000000,0.114,114,0.8
17,2,9094843000000,48000,0.260542,3.83816,1.54799,3.33853e+08,5.168e+08,1000000000,0.646,646,0.8
17,2,9094844000000,49000,0.258245,3.87229,6.75676,1.75232e+07,1.184e+08,1000000000,0.148,148,0.8
17,2,9094845000000,50000,0.25654,3.89803,5.78035,2.39432e+07,1.384e+08,1000000000,0.173,173,0.8
17,2,9094846000000,51000,0.260431,3.83978,2.1978,1.6562e+08,3.64e+08,1000000000,0.455,455,0.8
17,2,9094847000000,52000,0.257615,3.88176,8.77193,1.03968e+07,9.12e+07,1000000000,0.114,114,0.8
17,2,9094848000000,53000,0.260943,3.83225,2.30415,1.50685e+08,3.472e+08,1000000000,0.434,434,0.8
17,2,9094849000000,54000,0.260037,3.84561,4.71698,3.59552e+07,1.696e+08,1000000000,0.212,212,0.8
17,2,9094850000000,55000,0.256982,3.89133,10.8696,6.7712e+06,7.36e+07,1000000000,0.092,92,0.8
17,2,9094851000000,56000,0.255036,3.92102,6.75676,1.75232e+07,1.184e+08,1000000000,0.148,148,0.8
17,2,9094852000000,57000,0.250772,3.98769,83.3333,115200,9.6e+06,1000000000,0.012,12,0.8
17,2,9094853000000,58000,0.248172,4.02946,10,8e+06,8e+07,1000000000,0.1,100,0.8
17,1,9094854000000,60000,0.2419,4.13394,16.6667,6.48e+06,1.08e+08,2000000000,0.06,60,0.9
17,0,9094855000000,64000,0.226969,4.40589,333.333,36000,1.2e+07,4000000000,0.003,3,1
17,1,9094856000000,66000,0.222606,4.49224,12.0482,1.24002e+07,1.494e+08,2000000000,0.083,83,0.9
17,1,9094857000000,68000,0.221368,4.51737,5.54017,5.86444e+07,3.249e+08,2000000000,0.1805,180.5,0.9
17,2,9094858000000,69000,0.221696,4.51069,4.09836,4.76288e+07,1.952e+08,1000000000,0.244,244,0.8
17,2,9094859000000,70000,0.220171,4.54192,8.69565,1.058e+07,9.2e+07,1000000000,0.115,115,0.8
17,2,9094860000000,71000,0.226028,4.42423,1.57233,3.23597e+08,5.088e+08,1000000000,0.636,636,0.8
17,2,9094861000000,72000,0.224694,4.45049,7.69231,1.352e+07,1.04e+08,1000000000,0.13,130,0.8
17,2,9094862000000,73000,0.22326,4.47908,8.33333,1.152e+07,9.6e+07,1000000000,0.12,120,0.8
17,2,9094863000000,74000,0.227527,4.39508,1.85529,2.32417e+08,4.312e+08,1000000000,0.539,539,0.8
17,2,9094864000000,75000,0.225973,4.4253,9.00901,9.8568e+06,8.88e+07,1000000000,0.111,111,0.8
17,2,9094865000000,76000,0.227776,4.39027,2.75482,1.05415e+08,2.904e+08,1000000000,0.363,363,0.8
17,2,9094866000000,77000,0.228597,4.3745,3.43643,6.77448e+07,2.328e+08,1000000000,0.291,291,0.8
17,2,9094867000000,78000,0.227128,4.4028,8.77193,1.03968e+07,9.12e+07,1000000000,0.114,114,0.8
17,2,9094868000000,79000,0.231696,4.316,1.70068,2.76595e+08,4.704e+08,1000000000,0.588,588,0.8
17,2,9094869000000,80000,0.2304,4.34028,7.8125,1.31072e+07,1.024e+08,1000000000,0.128,128,0.8
17,2,9094870000000,81000,0.228457,4.3772,13.6986,4.2632e+06,5.84e+07,1000000000,0.073,73,0.8
17,2,9094871000000,82000,0.23339,4.28467,1.57978,3.20551e+08,5.064e+08,1000000000,0.633,633,0.8
17,2,9094872000000,83000,0.231952,4.31124,8.77193,1.03968e+07,9.12e+07,1000000000,0.114,114,0.8
17,2,9094873000000,84000,0.232738,4.29668,3.3557,7.10432e+07,2.384e+08,1000000000,0.298,298,0.8
17,2,9094874000000,85000,0.234094,4.27179,2.87356,9.68832e+07,2.784e+08,1000000000,0.348,348,0.8
17,2,9094875000000,86000,0.232791,4.2957,8.19672,1.19072e+07,9.76e+07,1000000000,0.122,122,0.8
17,2,9094876000000,87000,0.236149,4.23461,1.90476,2.205e+08,4.2e+08,1000000000,0.525,525,0.8
17,2,9094877000000,88000,0.234932,4.25655,7.75194,1.33128e+07,1.032e+08,1000000000,0.129,129,0.8
17,2,9094878000000,89000,0.233573,4.28132,8.77193,1.03968e+07,9.12e+07,1000000000,0.114,114,0.8
17,2,9094879000000,90000,0.238278,4.19678,1.52207,3.45319e+08,5.256e+08,1000000000,0.657,657,0.8
17,2,9094880000000,91000,0.236879,4.22156,9.00901,9.8568e+06,8.88e+07,1000000000,0.111,111,0.8
17,2,9094881000000,92000,0.236859,4.22193,4.25532,4.418e+07,1.88e+08,1000000000,0.235,235,0.8
17,2,9094882000000,93000,0.238817,4.1873,2.38663,1.40449e+08,3.352e+08,1000000000,0.419,419,0.8
17,2,9094883000000,94000,0.237489,4.21071,8.77193,1.03968e+07,9.12e+07,1000000000,0.114,114,0.8
17,2,9094884000000,95000,0.239832,4.16959,2.17391,1.6928e+08,3.68e+08,1000000000,0.46,460,0.8
17,2,9094885000000,96000,0.239385,4.17736,5.07614,3.10472e+07,1.576e+08,1000000000,0.197,197,0.8
17,2,9094886000000,97000,0.238062,4.20059,9.00901,9.8568e+06,8.88e+07,1000000000,0.111,111,0.8
17,2,9094887000000,98000,0.242276,4.12753,1.5361,3.39041e+08,5.208e+08,1000000000,0.651,651,0.8
17,2,9094888000000,99000,0.24101,4.1492,8.54701,1.09512e+07,9.36e+07,1000000000,0.117,117,0.8
17,2,9094889000000,100000,0.24024,4.1625,6.09756,2.15168e+07,1.312e+08,1000000000,0.164,164,0.8
17,2,9094890000000,101000,0.242743,4.11959,2.0284,1.94439e+08,3.944e+08,1000000000,0.493,493,0.8
17,2,9094891000000,102000,0.241451,4.14163,9.00901,9.8568e+06,8.88e+07,1000000000,0.111,111,0.8
17,2,9094892000000,103000,0.242932,4.11638,2.53807,1.24189e+08,3.152e+08,1000000000,0.394,394,0.8
17,2,9094893000000,104000,0.243096,4.1136,3.84615,5.408e+07,2.08e+08,1000000000,0.26,260,0.8
17,2,9094894000000,105000,0.241867,4.13451,8.77193,1.03968e+07,9.12e+07,1000000000,0.114,114,0.8
17,2,9094895000000,106000,0.245415,4.07473,1.61812,3.05539e+08,4.944e+08,1000000000,0.618,618,0.8
17,2,9094896000000,107000,0.244346,4.09256,7.63359,1.37288e+07,1.048e+08,1000000000,0.131,131,0.8
17,2,9094897000000,108000,0.242889,4.11711,11.4943,6.0552e+06,6.96e+07,1000000000,0.087,87,0.8
17,2,9094898000000,109000,0.246037,4.06443,1.70648,2.74717e+08,4.688e+08,1000000000,0.586,586,0.8
17,2,9094899000000,110000,0.244836,4.08436,8.77193,1.03968e+07,9.12e+07,1000000000,0.114,114,0.8
17,2,9094900000000,111000,0.245586,4.0719,3.04878,8.60672e+07,2.624e+08,1000000000,0.328,328,0.8
17,2,9094901000000,112000,0.24633,4.05959,3.03951,8.65928e+07,2.632e+08,1000000000,0.329,329,0.8
17,2,9094902000000,113000,0.245133,4.07942,9.00901,9.8568e+06,8.88e+07,1000000000,0.111,111,0.8
17,2,9094903000000,114000,0.247877,4.03426,1.79211,2.49091e+08,4.464e+08,1000000000,0.558,558,0.8
17,2,9094904000000,115000,0.246722,4.05315,8.69565,1.058e+07,9.2e+07,1000000000,0.115,115,0.8
17,2,9094905000000,116000,0.245414,4.07475,10.5263,7.22e+06,7.6e+07,1000000000,0.095,95,0.8
17,2,9094906000000,117000,0.249376,4.01001,1.41044,4.02145e+08,5.672e+08,1000000000,0.709,709,0.8
17,2,9094907000000,118000,0.250356,3.99431,2.73973,1.0658e+08,2.92e+08,1000000000,0.365,365,0.8
17,2,9094908000000,119000,0.24895,4.01688,12.0482,5.5112e+06,6.64e+07,1000000000,0.083,83,0.8
17,2,9094909000000,120000,0.251008,3.98393,2.01613,1.96813e+08,3.968e+08,1000000000,0.496,496,0.8
17,2,9094910000000,121000,0.250132,3.99789,6.89655,1.682e+07,1.16e+08,1000000000,0.145,145,0.8
17,2,9094911000000,122000,0.249295,4.01131,6.75676,1.75232e+07,1.184e+08,1000000000,0.148,148,0.8
17,2,9094912000000,123000,0.252374,3.96237,1.59236,3.15507e+08,5.024e+08,1000000000,0.628,628,0.8
17,2,9094913000000,124000,0.251258,3.97997,8.77193,1.03968e+07,9.12e+07,1000000000,0.114,114,0.8
17,2,9094914000000,125000,0.250984,3.98432,4.60829,3.76712e+07,1.736e+08,1000000000,0.217,217,0.8
17,2,9094915000000,126000,0.25246,3.96102,2.28833,1.52775e+08,3.496e+08,1000000000,0.437,437,0.8
17,2,9094916000000,127000,0.25137,3.9782,8.77193,1.03968e+07,9.12e+07,1000000000,0.114,114,0.8
17,2,9094917000000,128000,0.252883,3.9544,2.24719,1.5842e+08,3.56e+08,1000000000,0.445,445,0.8
17,2,9094918000000,129000,0.252512,3.96021,4.87805,3.362e+07,1.64e+08,1000000000,0.205,205,0.8
17,2,9094919000000,130000,0.251785,3.97165,6.32911,1.99712e+07,1.264e+08,1000000000,0.158,158,0.8
17,2,9094920000000,131000,0.249863,4.0022,0,0,0,1000000000,0,0,0.8
17,2,9094921000000,132000,0.252591,3.95897,1.63934,2.9768e+08,4.88e+08,1000000000,0.61,610,0.8
17,2,9094922000000,133000,0.251579,3.9749,8.47458,1.11392e+07,9.44e+07,1000000000,0.118,118,0.8
17,2,9094923000000,134000,0.251007,3.98395,5.71429,2.45e+07,1.4e+08,1000000000,0.175,175,0.8
17,2,9094924000000,135000,0.252637,3.95825,2.12314,1.77473e+08,3.768e+08,1000000000,0.471,471,0.8
17,2,9094925000000,136000,0.251618,3.97428,8.77193,1.03968e+07,9.12e+07,1000000000,0.114,114,0.8
17,2,9094926000000,137000,0.252672,3.95771,2.52525,1.25453e+08,3.168e+08,1000000000,0.396,396,0.8
17,2,9094927000000,138000,0.25271,3.9571,3.87597,5.32512e+07,2.064e+08,1000000000,0.258,258,0.8
17,2,9094928000000,139000,0.25177,3.97188,8.19672,1.19072e+07,9.76e+07,1000000000,0.122,122,0.8
17,2,9094929000000,140000,0.254336,3.93181,1.63666,2.98657e+08,4.888e+08,1000000000,0.611,611,0.8
17,2,9094930000000,141000,0.253348,3.94715,8.69565,1.058e+07,9.2e+07,1000000000,0.115,115,0.8
17,2,9094931000000,142000,0.252092,3.96681,13.3333,4.5e+06,6e+07,1000000000,0.075,75,0.8
17,2,9094932000000,143000,0.254615,3.92749,1.63132,3.00615e+08,4.904e+08,1000000000,0.613,613,0.8
17,2,9094933000000,144000,0.253694,3.94175,8.19672,1.19072e+07,9.76e+07,1000000000,0.122,122,0.8
17,2,9094934000000,145000,0.253952,3.93776,3.43643,6.77448e+07,2.328e+08,1000000000,0.291,291,0.8
17,2,9094935000000,146000,0.254644,3.92705,2.8169,1.0082e+08,2.84e+08,1000000000,0.355,355,0.8
17,2,9094936000000,147000,0.253687,3.94186,8.77193,1.03968e+07,9.12e+07,1000000000,0.114,114,0.8
17,2,9094937000000,148000,0.255426,3.91503,1.95695,2.08897e+08,4.088e+08,1000000000,0.511,511,0.8
17,2,9094938000000,149000,0.254671,3.92663,6.99301,1.63592e+07,1.144e+08,1000000000,0.143,143,0.8
17,2,9094939000000,150000,0.253787,3.94032,8.19672,1.19072e+07,9.76e+07,1000000000,0.122,122,0.8
17,2,9094940000000,151000,0.256384,3.9004,1.54799,3.33853e+08,5.168e+08,1000000000,0.646,646,0.8
17,2,9094941000000,152000,0.255447,3.9147,8.77193,1.03968e+07,9.12e+07,1000000000,0.114,114,0.8
17,2,9094942000000,153000,0.255085,3.92026,5,3.2e+07,1.6e+08,1000000000,0.2,200,0.8
17,2,9094943000000,154000,0.256377,3.90051,2.20264,1.64893e+08,3.632e+08,1000000000,0.454,454,0.8
17,2,9094944000000,155000,0.25551,3.91375,8.19672,1.19072e+07,9.76e+07,1000000000,0.122,122,0.8
17,2,9094945000000,156000,0.256519,3.89834,2.42131,1.36455e+08,3.304e+08,1000000000,0.413,413,0.8
17,2,9094946000000,157000,0.256369,3.90062,4.29185,4.34312e+07,1.864e+08,1000000000,0.233,233,0.8
17,2,9094947000000,158000,0.255519,3.9136,8.19672,1.19072e+07,9.76e+07,1000000000,0.122,122,0.8
17,2,9094948000000,159000,0.257824,3.87862,1.60772,3.09507e+08,4.976e+08,1000000000,0.622,622,0.8
17,2,9094949000000,160000,0.256975,3.89143,8.19672,1.19072e+07,9.76e+07,1000000000,0.122,122,0.8
17,2,9094950000000,161000,0.255957,3.90691,10.7527,6.9192e+06,7.44e+07,1000000000,0.093,93,0.8
17,2,9094951000000,162000,0.257938,3.8769,1.7331,2.66343e+08,4.616e+08,1000000000,0.577,577,0.8
17,2,9094952000000,163000,0.257104,3.88947,8.19672,1.19072e+07,9.76e+07,1000000000,0.122,122,0.8
17,2,9094953000000,164000,0.257433,3.88451,3.21543,7.73768e+07,2.488e+08,1000000000,0.311,311,0.8
17,2,9094954000000,165000,0.257903,3.87743,2.98507,8.978e+07,2.68e+08,1000000000,0.335,335,0.8
17,2,9094955000000,166000,0.257036,3.8905,8.77193,1.03968e+07,9.12e+07,1000000000,0.114,114,0.8
17,2,9094956000000,167000,0.258707,3.86538,1.86567,2.29837e+08,4.288e+08,1000000000,0.536,536,0.8
17,2,9094957000000,168000,0.257893,3.87758,8.19672,1.19072e+07,9.76e+07,1000000000,0.122,122,0.8
17,2,9094958000000,169000,0.257065,3.89007,8.47458,1.11392e+07,9.44e+07,1000000000,0.118,118,0.8
17,2,9094959000000,170000,0.259388,3.85522,1.53374,3.40083e+08,5.216e+08,1000000000,0.652,652,0.8
17,2,9094960000000,170049,0.259372,3.85546,4.9,3.33195e+07,1.63265e+08,1000000000,0.204082,10,0.8
17,2,9094961000000,170049,0.259372,3.85546,0,-nan,-nan,1000000000,-nan,0,0.8
18,0,9094801000000,4000,0.0565,17.6991,17.6991,1.2769e+07,2.26e+08,4000000000,0.0565,56.5,1
18,1,9094802000000,6000,0.0616667,16.2162,13.8889,9.3312e+06,1.296e+08,2000000000,0.072,72,0.9
18,1,9094803000000,8000,0.12525,7.98403,3.16456,1.79741e+08,5.688e+08,2000000000,0.316,316,0.9
18,2,9094804000000,9000,0.123111,8.12274,9.43396,8.9888e+06,8.48e+07,1000000000,0.106,106,0.8
18,2,9094805000000,10000,0.1565,6.38978,2.18818,1.67079e+08,3.656e+08,1000000000,0.457,457,0.8
18,2,9094806000000,11000,0.159818,6.25711,5.18135,2.97992e+07,1.544e+08,1000000000,0.193,193,0.8
18,2,9094807000000,12000,0.1585,6.30915,6.94444,1.65888e+07,1.152e+08,1000000000,0.144,144,0.8
18,2,9094808000000,13000,0.194615,5.13834,1.59236,3.15507e+08,5.024e+08,1000000000,0.628,628,0.8
18,2,9094809000000,14000,0.188857,5.29501,8.77193,1.03968e+07,9.12e+07,1000000000,0.114,114,0.8
18,2,9094810000000,15000,0.188133,5.31538,5.61798,2.53472e+07,1.424e+08,1000000000,0.178,178,0.8
18,2,9094811000000,16000,0.205625,4.86322,2.13675,1.75219e+08,3.744e+08,1000000000,0.468,468,0.8
18,2,9094812000000,17000,0.202235,4.94474,6.75676,1.75232e+07,1.184e+08,1000000000,0.148,148,0.8
18,2,9094813000000,18000,0.212778,4.69974,2.55102,1.22931e+08,3.136e+08,1000000000,0.392,392,0.8
18,2,9094814000000,19000,0.214,4.6729,4.23729,4.45568e+07,1.888e+08,1000000000,0.236,236,0.8
18,2,9094815000000,20000,0.209,4.78469,8.77193,1.03968e+07,9.12e+07,1000000000,0.114,114,0.8
18,2,9094816000000,21000,0.228952,4.36772,1.59236,3.15507e+08,5.024e+08,1000000000,0.628,628,0.8
18,2,9094817000000,22000,0.225136,4.44175,6.89655,1.682e+07,1.16e+08,1000000000,0.145,145,0.8
18,2,9094818000000,23000,0.219043,4.5653,11.7647,5.78e+06,6.8e+07,1000000000,0.085,85,0.8
18,2,9094819000000,24000,0.233417,4.28418,1.77305,2.54477e+08,4.512e+08,1000000000,0.564,564,0.8
18,2,9094820000000,25000,0.22864,4.37369,8.77193,1.03968e+07,9.12e+07,1000000000,0.114,114,0.8
18,2,9094821000000,26000,0.233538,4.28195,2.80899,1.01389e+08,2.848e+08,1000000000,0.356,356,0.8
18,2,9094822000000,27000,0.23563,4.24395,3.44828,6.728e+07,2.32e+08,1000000000,0.29,290,0.8
18,2,9094823000000,28000,0.2325,4.30108,6.75676,1.75232e+07,1.184e+08,1000000000,0.148,148,0.8
18,2,9094824000000,29000,0.244103,4.09662,1.75747,2.59009e+08,4.552e+08,1000000000,0.569,569,0.8
18,2,9094825000000,30000,0.240433,4.15916,7.46269,1.43648e+07,1.072e+08,1000000000,0.134,134,0.8
18,2,9094826000000,31000,0.234806,4.25883,15.1515,3.4848e+06,5.28e+07,1000000000,0.066,66,0.8
18,2,9094827000000,32000,0.246812,4.05166,1.61551,3.06529e+08,4.952e+08,1000000000,0.619,619,0.8
18,2,9094828000000,33000,0.243818,4.10142,6.75676,1.75232e+07,1.184e+08,1000000000,0.148,148,0.8
18,2,9094829000000,34000,0.244971,4.08212,3.53357,6.40712e+07,2.264e+08,1000000000,0.283,283,0.8
18,2,9094830000000,35000,0.247829,4.03505,2.89855,9.522e+07,2.76e+08,1000000000,0.345,345,0.8
18,2,9094831000000,36000,0.244111,4.0965,8.77193,1.03968e+07,9.12e+07,1000000000,0.114,114,0.8
18,2,9094832000000,37000,0.252081,3.96698,1.85529,2.32417e+08,4.312e+08,1000000000,0.539,539,0.8
18,2,9094833000000,38000,0.248263,4.02798,9.34579,9.1592e+06,8.56e+07,1000000000,0.107,107,0.8
18,2,9094834000000,39000,0.245692,4.07013,6.75676,1.75232e+07,1.184e+08,1000000000,0.148,148,0.8
18,2,9094835000000,40000,0.25525,3.91773,1.59236,3.15507e+08,5.024e+08,1000000000,0.628,628,0.8
18,2,9094836000000,41000,0.251805,3.97133,8.77193,1.03968e+07,9.12e+07,1000000000,0.114,114,0.8
18,2,9094837000000,42000,0.25181,3.97126,3.96825,5.08032e+07,2.016e+08,1000000000,0.252,252,0.8
18,2,9094838000000,43000,0.255116,3.91978,2.53807,1.24189e+08,3.152e+08,1000000000,0.394,394,0.8
18,2,9094839000000,44000,0.252682,3.95755,6.75676,1.75232e+07,1.184e+08,1000000000,0.148,148,0.8
18,2,9094840000000,45000,0.257378,3.88534,2.15517,1.72237e+08,3.712e+08,1000000000,0.464,464,0.8
18,2,9094841000000,46000,0.255348,3.91623,6.09756,2.15168e+07,1.312e+08,1000000000,0.164,164,0.8
18,2,9094842000000,47000,0.25234,3.9629,8.77193,1.03968e+07,9.12e+07,1000000000,0.114,114,0.8
18,2,9094843000000,48000,0.260542,3.83816,1.54799,3.33853e+08,5.168e+08,1000000000,0.646,646,0.8
18,2,9094844000000,49000,0.258245,3.87229,6.75676,1.75232e+07,1.184e+08,1000000000,0.148,148,0.8
18,2,9094845000000,50000,0.25654,3.89803,5.78035,2.39432e+07,1.384e+08,1000000000,0.173,173,0.8
18,2,9094846000000,51000,0.260431,3.83978,2.1978,1.6562e+08,3.64e+08,1000000000,0.455,455,0.8
18,2,9094847000000,52000,0.257615,3.88176,8.77193,1.03968e+07,9.12e+07,1000000000,0.114,114,0.8
18,2,9094848000000,53000,0.260943,3.83225,2.30415,1.50685e+08,3.472e+08,1000000000,0.434,434,0.8
18,2,9094849000000,54000,0.260037,3.84561,4.71698,3.59552e+07,1.696e+08,1000000000,0.212,212,0.8
18,2,9094850000000,55000,0.256982,3.89133,10.8696,6.7712e+06,7.36e+07,1000000000,0.092,92,0.8
18,2,9094851000000,56000,0.255036,3.92102,6.75676,1.75232e+07,1.184e+08,1000000000,0.148,148,0.8
18,2,9094852000000,57000,0.250772,3.98769,83.3333,115200,9.6e+06,1000000000,0.012,12,0.8
18,2,9094853000000,58000,0.248172,4.02946,10,8e+06,8e+07,1000000000,0.1,100,0.8
18,1,9094854000000,60000,0.2419,4.13394,16.6667,6.48e+06,1.08e+08,2000000000,0.06,60,0.9
18,0,9094855000000,64000,0.226969,4.40589,333.333,36000,1.2e+07,4000000000,0.003,3,1
18,1,9094856000000,66000,0.222606,4.49224,12.0482,1.24002e+07,1.494e+08,2000000000,0.083,83,0.9
18,1,9094857000000,68000,0.221368,4.51737,5.54017,5.86444e+07,3.249e+08,2000000000,0.1805,180.5,0.9
18,2,9094858000000,69000,0.221696,4.51069,4.09836,4.76288e+07,1.952e+08,1000000000,0.244,244,0.8
18,2,9094859000000,70000,0.220171,4.54192,8.69565,1.058e+07,9.2e+07,1000000000,0.115,115,0.8
18,2,9094860000000,71000,0.226028,4.42423,1.57233,3.23597e+08,5.088e+08,1000000000,0.636,636,0.8
18,2,9094861000000,72000,0.224694,4.45049,7.69231,1.352e+07,1.04e+08,1000000000,0.13,130,0.8
18,2,9094862000000,73000,0.22326,4.47908,8.33333,1.152e+07,9.6e+07,1000000000,0.12,120,0.8
18,2,9094863000000,74000,0.227527,4.39508,1.85529,2.32417e+08,4.312e+08,1000000000,0.539,539,0.8
18,2,9094864000000,75000,0.225973,4.4253,9.00901,9.8568e+06,8.88e+07,1000000000,0.111,111,0.8
18,2,9094865000000,76000,0.227776,4.39027,2.75482,1.05415e+08,2.904e+08,1000000000,0.363,363,0.8
18,2,9094866000000,77000,0.228597,4.3745,3.43643,6.77448e+07,2.328e+08,1000000000,0.291,291,0.8
18,2,9094867000000,78000,0.227128,4.4028,8.77193,1.03968e+07,9.12e+07,1000000000,0.114,114,0.8
18,2,9094868000000,79000,0.231696,4.316,1.70068,2.76595e+08,4.704e+08,1000000000,0.588,588,0.8
18,2,9094869000000,80000,0.2304,4.34028,7.8125,1.31072e+07,1.024e+08,1000000000,0.128,128,0.8
18,2,9094870000000,81000,0.228457,4.3772,13.6986,4.2632e+06,5.84e+07,1000000000,0.073,73,0.8
18,2,9094871000000,82000,0.23339,4.28467,1.57978,3.20551e+08,5.064e+08,1000000000,0.633,633,0.8
18,2,9094872000000,83000,0.231952,4.31124,8.77193,1.03968e+07,9.12e+07,1000000000,0.114,114,0.8
18,2,9094873000000,84000,0.232738,4.29668,3.3557,7.10432e+07,2.384e+08,1000000000,0.298,298,0.8
18,2,9094874000000,85000,0.234094,4.27179,2.87356,9.68832e+07,2.784e+08,1000000000,0.348,348,0.8
18,2,9094875000000,86000,0.232791,4.2957,8.19672,1.19072e+07,9.76e+07,1000000000,0.122,122,0.8
18,2,9094876000000,87000,0.236149,4.23461,1.90476,2.205e+08,4.2e+08,1000000000,0.525,525,0.8
18,2,9094877000000,88000,0.234932,4.25655,7.75194,1.33128e+07,1.032e+08,1000000000,0.129,129,0.8
18,2,9094878000000,89000,0.233573,4.28132,8.77193,1.03968e+07,9.12e+07,1000000000,0.114,114,0.8
18,2,9094879000000,90000,0.238278,4.19678,1.52207,3.45319e+08,5.256e+08,1000000000,0.657,657,0.8
18,2,9094880000000,91000,0.236879,4.22156,9.00901,9.8568e+06,8.88e+07,1000000000,0.111,111,0.8
18,2,9094881000000,92000,0.236859,4.22193,4.25532,4.418e+07,1.88e+08,1000000000,0.235,235,0.8
18,2,9094882000000,93000,0.238817,4.1873,2.38663,1.40449e+08,3.352e+08,1000000000,0.419,419,0.8
18,2,9094883000000,94000,0.237489,4.21071,8.77193,1.03968e+07,9.12e+07,1000000000,0.114,114,0.8
18,2,9094884000000,95000,0.239832,4.16959,2.17391,1.6928e+08,3.68e+08,1000000000,0.46,460,0.8
18,2,9094885000000,96000,0.239385,4.17736,5.07614,3.10472e+07,1.576e+08,1000000000,0.197,197,0.8
18,2,9094886000000,97000,0.238062,4.20059,9.00901,9.8568e+06,8.88e+07,1000000000,0.111,111,0.8
18,2,9094887000000,98000,0.242276,4.12753,1.5361,3.39041e+08,5.208e+08,1000000000,0.651,651,0.8
18,2,9094888000000,99000,0.24101,4.1492,8.54701,1.09512e+07,9.36e+07,1000000000,0.117,117,0.8
18,2,9094889000000,100000,0.24024,4.1625,6.09756,2.15168e+07,1.312e+08,1000000000,0.164,164,0.8
18,2,9094890000000,101000,0.242743,4.11959,2.0284,1.94439e+08,3.944e+08,1000000000,0.493,493,0.8
18,2,9094891000000,102000,0.241451,4.14163,9.00901,9.8568e+06,8.88e+07,1000000000,0.111,111,0.8
18,2,9094892000000,103000,0.242932,4.11638,2.53807,1.24189e+08,3.152e+08,1000000000,0.394,394,0.8
18,2,9094893000000,104000,0.243096,4.1136,3.84615,5.408e+07,2.08e+08,1000000000,0.26,260,0.8
18,2,9094894000000,105000,0.241867,4.13451,8.77193,1.03968e+07,9.12e+07,1000000000,0.114,114,0.8
18,2,9094895000000,106000,0.245415,4.07473,1.61812,3.05539e+08,4.944e+08,1000000000,0.618,618,0.8
18,2,9094896000000,107000,0.244346,4.09256,7.63359,1.37288e+07,1.048e+08,1000000000,0.131,131,0.8
18,2,9094897000000,108000,0.242889,4.11711,11.4943,6.0552e+06,6.96e+07,1000000000,0.087,87,0.8
18,2,9094898000000,109000,0.246037,4.06443,1.70648,2.74717e+08,4.688e+08,1000000000,0.586,586,0.8
18,2,9094899000000,110000,0.244836,4.08436,8.77193,1.03968e+07,9.12e+07,1000000000,0.114,114,0.8
18,2,9094900000000,111000,0.245586,4.0719,3.04878,8.60672e+07,2.624e+08,1000000000,0.328,328,0.8
18,2,9094901000000,112000,0.24633,4.05959,3.03951,8.65928e+07,2.632e+08,1000000000,0.329,329,0.8
18,2,9094902000000,113000,0.245133,4.07942,9.00901,9.8568e+06,8.88e+07,1000000000,0.111,111,0.8
18,2,9094903000000,114000,0.247877,4.03426,1.79211,2.49091e+08,4.464e+08,1000000000,0.558,558,0.8
18,2,9094904000000,115000,0.246722,4.05315,8.69565,1.058e+07,9.2e+07,1000000000,0.115,115,0.8
18,2,9094905000000,116000,0.245414,4.07475,10.5263,7.22e+06,7.6e+07,1000000000,0.095,95,0.8
18,2,9094906000000,117000,0.249376,4.01001,1.41044,4.02145e+08,5.672e+08,1000000000,0.709,709,0.8
18,2,9094907000000,118000,0.250356,3.99431,2.73973,1.0658e+08,2.92e+08,1000000000,0.365,365,0.8
18,2,9094908000000,119000,0.24895,4.01688,12.0482,5.5112e+06,6.64e+07,1000000000,0.083,83,0.8
18,2,9094909000000,120000,0.251008,3.98393,2.01613,1.96813e+08,3.968e+08,1000000000,0.496,496,0.8
18,2,9094910000000,121000,0.250132,3.99789,6.89655,1.682e+07,1.16e+08,1000000000,0.145,145,0.8
18,2,9094911000000,122000,0.249295,4.01131,6.75676,1.75232e+07,1.184e+08,1000000000,0.148,148,0.8
18,2,9094912000000,123000,0.252374,3.96237,1.59236,3.15507e+08,5.024e+08,1000000000,0.628,628,0.8
18,2,9094913000000,124000,0.251258,3.97997,8.77193,1.03968e+07,9.12e+07,1000000000,0.114,114,0.8
18,2,9094914000000,125000,0.250984,3.98432,4.60829,3.76712e+07,1.736e+08,1000000000,0.217,217,0.8
18,2,9094915000000,126000,0.25246,3.96102,2.28833,1.52775e+08,3.496e+08,1000000000,0.437,437,0.8
18,2,9094916000000,127000,0.25137,3.9782,8.77193,1.03968e+07,9.12e+07,1000000000,0.114,114,0.8
18,2,9094917000000,128000,0.252883,3.9544,2.24719,1.5842e+08,3.56e+08,1000000000,0.445,445,0.8
18,2,9094918000000,129000,0.252512,3.96021,4.87805,3.362e+07,1.64e+08,1000000000,0.205,205,0.8
18,2,9094919000000,130000,0.2518,3.97141,6.25,2.048e+07,1.28e+08,1000000000,0.16,160,0.8
18,2,9094920000000,131000,0.254489,3.92945,1.65563,2.91853e+08,4.832e+08,1000000000,0.604,604,0.8
18,2,9094921000000,132000,0.253644,3.94253,6.99301,1.63592e+07,1.144e+08,1000000000,0.143,143,0.8
18,2,9094922000000,133000,0.252699,3.95727,7.8125,1.31072e+07,1.024e+08,1000000000,0.128,128,0.8
18,2,9094923000000,134000,0.254582,3.92801,1.9802,2.0402e+08,4.04e+08,1000000000,0.505,505,0.8
18,2,9094924000000,135000,0.253541,3.94414,8.77193,1.03968e+07,9.12e+07,1000000000,0.114,114,0.8
18,2,9094925000000,136000,0.254625,3.92734,2.49377,1.28641e+08,3.208e+08,1000000000,0.401,401,0.8
18,2,9094926000000,137000,0.254555,3.92843,4.08163,4.802e+07,1.96e+08,1000000000,0.245,245,0.8
18,2,9094927000000,138000,0.253783,3.94038,6.75676,1.75232e+07,1.184e+08,1000000000,0.148,148,0.8
18,2,9094928000000,139000,0.256288,3.90186,1.66113,2.89923e+08,4.816e+08,1000000000,0.602,602,0.8
18,2,9094929000000,140000,0.255479,3.91422,6.99301,1.63592e+07,1.144e+08,1000000000,0.143,143,0.8
18,2,9094930000000,141000,0.254319,3.93207,10.8696,6.7712e+06,7.36e+07,1000000000,0.092,92,0.8
18,2,9094931000000,142000,0.256408,3.90003,1.81488,2.42881e+08,4.408e+08,1000000000,0.551,551,0.8
18,2,9094932000000,143000,0.25565,3.91159,6.75676,1.75232e+07,1.184e+08,1000000000,0.148,148,0.8
18,2,9094933000000,144000,0.256285,3.90191,2.88184,9.63272e+07,2.776e+08,1000000000,0.347,347,0.8
18,2,9094934000000,145000,0.2564,3.90016,3.663,5.96232e+07,2.184e+08,1000000000,0.273,273,0.8
18,2,9094935000000,146000,0.255658,3.91148,6.75676,1.75232e+07,1.184e+08,1000000000,0.148,148,0.8
18,2,9094936000000,147000,0.257878,3.87781,1.71821,2.70979e+08,4.656e+08,1000000000,0.582,582,0.8
18,2,9094937000000,148000,0.257068,3.89003,7.24638,1.52352e+07,1.104e+08,1000000000,0.138,138,0.8
18,2,9094938000000,149000,0.255852,3.9085,13.1579,4.6208e+06,6.08e+07,1000000000,0.076,76,0.8
18,2,9094939000000,150000,0.258093,3.87457,1.68919,2.80371e+08,4.736e+08,1000000000,0.592,592,0.8
18,2,9094940000000,151000,0.257364,3.88554,6.75676,1.75232e+07,1.184e+08,1000000000,0.148,148,0.8
18,2,9094941000000,152000,0.257645,3.88131,3.33333,7.2e+07,2.4e+08,1000000000,0.3,300,0.8
18,2,9094942000000,153000,0.258105,3.8744,3.04878,8.60672e+07,2.624e+08,1000000000,0.328,328,0.8
18,2,9094943000000,154000,0.257169,3.8885,8.77193,1.03968e+07,9.12e+07,1000000000,0.114,114,0.8
18,2,9094944000000,155000,0.259058,3.86014,1.81818,2.42e+08,4.4e+08,1000000000,0.55,550,0.8
18,2,9094945000000,156000,0.258077,3.87481,9.43396,8.9888e+06,8.48e+07,1000000000,0.106,106,0.8
18,2,9094946000000,157000,0.257312,3.88633,7.24638,1.52352e+07,1.104e+08,1000000000,0.138,138,0.8
18,2,9094947000000,158000,0.259658,3.85122,1.59236,3.15507e+08,5.024e+08,1000000000,0.628,628,0.8
18,2,9094948000000,159000,0.258742,3.86485,8.77193,1.03968e+07,9.12e+07,1000000000,0.114,114,0.8
18,2,9094949000000,160000,0.258794,3.86408,3.74532,5.70312e+07,2.136e+08,1000000000,0.267,267,0.8
18,2,9094950000000,161000,0.259565,3.8526,2.61097,1.17351e+08,3.064e+08,1000000000,0.383,383,0.8
18,2,9094951000000,162000,0.258852,3.86321,6.94444,1.65888e+07,1.152e+08,1000000000,0.144,144,0.8
18,2,9094952000000,163000,0.260239,3.84262,2.06186,1.8818e+08,3.88e+08,1000000000,0.485,485,0.8
18,2,9094953000000,164000,0.259476,3.85393,7.40741,1.458e+07,1.08e+08,1000000000,0.135,135,0.8
18,2,9094954000000,165000,0.2588,3.86399,6.75676,1.75232e+07,1.184e+08,1000000000,0.148,148,0.8
18,2,9094955000000,166000,0.261024,3.83106,1.59236,3.15507e+08,5.024e+08,1000000000,0.628,628,0.8
18,2,9094956000000,167000,0.260144,3.84403,8.77193,1.03968e+07,9.12e+07,1000000000,0.114,114,0.8
18,2,9094957000000,168000,0.259946,3.84695,4.40529,4.12232e+07,1.816e+08,1000000000,0.227,227,0.8
18,2,9094958000000,168749,0.26137,3.82599,1.72184,2.69839e+08,4.64619e+08,1000000000,0.580774,435,0.8
18,2,9094959000000,168749,0.26137,3.82599,0,-nan,-nan,1000000000,-nan,0,0.8
18,2,9094960000000,168749,0.26137,3.82599,0,-nan,-nan,1000000000,-nan,0,0.8
18,2,9094961000000,168749,0.26137,3.82599,0,-nan,-nan,1000000000,-nan,0,0.8
19,0,9094801000000,4000,0.0565,17.6991,17.6991,1.2769e+07,2.26e+08,4000000000,0.0565,56.5,1
19,1,9094802000000,6000,0.0616667,16.2162,13.8889,9.3312e+06,1.296e+08,2000000000,0.072,72,0.9
19,1,9094803000000,8000,0.12525,7.98403,3.16456,1.79741e+08,5.688e+08,2000000000,0.316,316,0.9
19,2,9094804000000,9000,0.123111,8.12274,9.43396,8.9888e+06,8.48e+07,1000000000,0.106,106,0.8
19,2,9094805000000,10000,0.1565,6.38978,2.18818,1.67079e+08,3.656e+08,1000000000,0.457,457,0.8
19,2,9094806000000,11000,0.159818,6.25711,5.18135,2.97992e+07,1.544e+08,1000000000,0.193,193,0.8
19,2,9094807000000,12000,0.1585,6.30915,6.94444,1.65888e+07,1.152e+08,1000000000,0.144,144,0.8
19,2,9094808000000,13000,0.194615,5.13834,1.59236,3.15507e+08,5.024e+08,1000000000,0.628,628,0.8
19,2,9094809000000,14000,0.188857,5.29501,8.77193,1.03968e+07,9.12e+07,1000000000,0.114,114,0.8
19,2,9094810000000,15000,0.188133,5.31538,5.61798,2.53472e+07,1.424e+08,1000000000,0.178,178,0.8
19,2,9094811000000,16000,0.205625,4.86322,2.13675,1.75219e+08,3.744e+08,1000000000,0.468,468,0.8
19,2,9094812000000,17000,0.202235,4.94474,6.75676,1.75232e+07,1.184e+08,1000000000,0.148,148,0.8
19,2,9094813000000,18000,0.212778,4.69974,2.55102,1.22931e+08,3.136e+08,1000000000,0.392,392,0.8
19,2,9094814000000,19000,0.214,4.6729,4.23729,4.45568e+07,1.888e+08,1000000000,0.236,236,0.8
19,2,9094815000000,20000,0.209,4.78469,8.77193,1.03968e+07,9.12e+07,1000000000,0.114,114,0.8
19,2,9094816000000,21000,0.228952,4.36772,1.59236,3.15507e+08,5.024e+08,1000000000,0.628,628,0.8
19,2,9094817000000,22000,0.225136,4.44175,6.89655,1.682e+07,1.16e+08,1000000000,0.145,145,0.8
19,2,9094818000000,23000,0.219043,4.5653,11.7647,5.78e+06,6.8e+07,1000000000,0.085,85,0.8
19,2,9094819000000,24000,0.233417,4.28418,1.77305,2.54477e+08,4.512e+08,1000000000,0.564,564,0.8
19,2,9094820000000,25000,0.22864,4.37369,8.77193,1.03968e+07,9.12e+07,1000000000,0.114,114,0.8
19,2,9094821000000,26000,0.233538,4.28195,2.80899,1.01389e+08,2.848e+08,1000000000,0.356,356,0.8
19,2,9094822000000,27000,0.23563,4.24395,3.44828,6.728e+07,2.32e+08,1000000000,0.29,290,0.8
19,2,9094823000000,28000,0.2325,4.30108,6.75676,1.75232e+07,1.184e+08,1000000000,0.148,148,0.8
19,2,9094824000000,29000,0.244103,4.09662,1.75747,2.59009e+08,4.552e+08,1000000000,0.569,569,0.8
19,2,9094825000000,30000,0.240433,4.15916,7.46269,1.43648e+07,1.072e+08,1000000000,0.134,134,0.8
19,2,9094826000000,31000,0.234806,4.25883,15.1515,3.4848e+06,5.28e+07,1000000000,0.066,66,0.8
19,2,9094827000000,32000,0.246812,4.05166,1.61551,3.06529e+08,4.952e+08,1000000000,0.619,619,0.8
19,2,9094828000000,33000,0.243818,4.10142,6.75676,1.75232e+07,1.184e+08,1000000000,0.148,148,0.8
19,2,9094829000000,34000,0.244971,4.08212,3.53357,6.40712e+07,2.264e+08,1000000000,0.283,283,0.8
19,2,9094830000000,35000,0.247829,4.03505,2.89855,9.522e+07,2.76e+08,1000000000,0.345,345,0.8
19,2,9094831000000,36000,0.244111,4.0965,8.77193,1.03968e+07,9.12e+07,1000000000,0.114,114,0.8
19,2,9094832000000,37000,0.252081,3.96698,1.85529,2.32417e+08,4.312e+08,1000000000,0.539,539,0.8
19,2,9094833000000,38000,0.248263,4.02798,9.34579,9.1592e+06,8.56e+07,1000000000,0.107,107,0.8
19,2,9094834000000,39000,0.245692,4.07013,6.75676,1.75232e+07,1.184e+08,1000000000,0.148,148,0.8
19,2,9094835000000,40000,0.25525,3.91773,1.59236,3.15507e+08,5.024e+08,1000000000,0.628,628,0.8
19,2,9094836000000,41000,0.251805,3.97133,8.77193,1.03968e+07,9.12e+07,1000000000,0.114,114,0.8
19,2,9094837000000,42000,0.25181,3.97126,3.96825,5.08032e+07,2.016e+08,1000000000,0.252,252,0.8
19,2,9094838000000,43000,0.255116,3.91978,2.53807,1.24189e+08,3.152e+08,1000000000,0.394,394,0.8
19,2,9094839000000,44000,0.252682,3.95755,6.75676,1.75232e+07,1.184e+08,1000000000,0.148,148,0.8
19,2,9094840000000,45000,0.257378,3.88534,2.15517,1.72237e+08,3.712e+08,1000000000,0.464,464,0.8
19,2,9094841000000,46000,0.255348,3.91623,6.09756,2.15168e+07,1.312e+08,1000000000,0.164,164,0.8
19,2,9094842000000,47000,0.25234,3.9629,8.77193,1.03968e+07,9.12e+07,1000000000,0.114,114,0.8
19,2,9094843000000,48000,0.260542,3.83816,1.54799,3.33853e+08,5.168e+08,1000000000,0.646,646,0.8
19,2,9094844000000,49000,0.258245,3.87229,6.75676,1.75232e+07,1.184e+08,1000000000,0.148,148,0.8
19,2,9094845000000,50000,0.25654,3.89803,5.78035,2.39432e+07,1.384e+08,1000000000,0.173,173,0.8
19,2,9094846000000,51000,0.260431,3.83978,2.1978,1.6562e+08,3.64e+08,1000000000,0.455,455,0.8
19,2,9094847000000,52000,0.257615,3.88176,8.77193,1.03968e+07,9.12e+07,1000000000,0.114,114,0.8
19,2,9094848000000,53000,0.260943,3.83225,2.30415,1.50685e+08,3.472e+08,1000000000,0.434,434,0.8
19,2,9094849000000,54000,0.260037,3.84561,4.71698,3.59552e+07,1.696e+08,1000000000,0.212,212,0.8
19,2,9094850000000,55000,0.256982,3.89133,10.8696,6.7712e+06,7.36e+07,1000000000,0.092,92,0.8
19,2,9094851000000,56000,0.255036,3.92102,6.75676,1.75232e+07,1.184e+08,1000000000,0.148,148,0.8
19,2,9094852000000,57000,0.250772,3.98769,83.3333,115200,9.6e+06,1000000000,0.012,12,0.8
19,2,9094853000000,58000,0.248172,4.02946,10,8e+06,8e+07,1000000000,0.1,100,0.8
19,1,9094854000000,60000,0.2419,4.13394,16.6667,6.48e+06,1.08e+08,2000000000,0.06,60,0.9
19,0,9094855000000,64000,0.226969,4.40589,333.333,36000,1.2e+07,4000000000,0.003,3,1
19,1,9094856000000,66000,0.222606,4.49224,12.0482,1.24002e+07,1.494e+08,2000000000,0.083,83,0.9
19,1,9094857000000,68000,0.218412,4.57851,12.5,1.152e+07,1.44e+08,2000000000,0.08,80,0.9
19,2,9094858000000,69000,0.221754,4.50951,2.22717,1.61281e+08,3.592e+08,1000000000,0.449,449,0.8
19,2,9094859000000,70000,0.220286,4.53956,8.40336,1.13288e+07,9.52e+07,1000000000,0.119,119,0.8
19,2,9094860000000,71000,0.223662,4.47103,2.17391,1.6928e+08,3.68e+08,1000000000,0.46,460,0.8
19,2,9094861000000,72000,0.223181,4.48068,5.29101,2.85768e+07,1.512e+08,1000000000,0.189,189,0.8
19,2,9094862000000,73000,0.221644,4.51174,9.00901,9.8568e+06,8.88e+07,1000000000,0.111,111,0.8
19,2,9094863000000,74000,0.227486,4.39587,1.52905,3.42173e+08,5.232e+08,1000000000,0.654,654,0.8
19,2,9094864000000,75000,0.22608,4.42321,8.19672,1.19072e+07,9.76e+07,1000000000,0.122,122,0.8
19,2,9094865000000,76000,0.225276,4.43899,6.06061,2.178e+07,1.32e+08,1000000000,0.165,165,0.8
19,2,9094866000000,77000,0.228636,4.37376,2.06612,1.87405e+08,3.872e+08,1000000000,0.484,484,0.8
19,2,9094867000000,78000,0.227128,4.4028,9.00901,9.8568e+06,8.88e+07,1000000000,0.111,111,0.8
19,2,9094868000000,79000,0.229241,4.36223,2.53807,1.24189e+08,3.152e+08,1000000000,0.394,394,0.8
19,2,9094869000000,80000,0.229662,4.35422,3.80228,5.53352e+07,2.104e+08,1000000000,0.263,263,0.8
19,2,9094870000000,81000,0.228198,4.38217,9.00901,9.8568e+06,8.88e+07,1000000000,0.111,111,0.8
19,2,9094871000000,82000,0.232951,4.29274,1.61812,3.05539e+08,4.944e+08,1000000000,0.618,618,0.8
19,2,9094872000000,83000,0.231675,4.3164,7.87402,1.29032e+07,1.016e+08,1000000000,0.127,127,0.8
19,2,9094873000000,84000,0.229833,4.35098,12.987,4.7432e+06,6.16e+07,1000000000,0.077,77,0.8
19,2,9094874000000,85000,0.234224,4.26943,1.65837,2.90887e+08,4.824e+08,1000000000,0.603,603,0.8
19,2,9094875000000,86000,0.232791,4.2957,9.00901,9.8568e+06,8.88e+07,1000000000,0.111,111,0.8
19,2,9094876000000,87000,0.233644,4.28002,3.25733,7.53992e+07,2.456e+08,1000000000,0.307,307,0.8
19,2,9094877000000,88000,0.234966,4.25594,2.85714,9.8e+07,2.8e+08,1000000000,0.35,350,0.8
19,2,9094878000000,89000,0.233573,4.28132,9.00901,9.8568e+06,8.88e+07,1000000000,0.111,111,0.8
19,2,9094879000000,90000,0.236856,4.22198,1.89036,2.23873e+08,4.232e+08,1000000000,0.529,529,0.8
19,2,9094880000000,91000,0.235659,4.24341,7.8125,1.31072e+07,1.024e+08,1000000000,0.128,128,0.8
19,2,9094881000000,92000,0.234391,4.26637,8.40336,1.13288e+07,9.52e+07,1000000000,0.119,119,0.8
19,2,9094882000000,93000,0.238849,4.18674,1.54083,3.36961e+08,5.192e+08,1000000000,0.649,649,0.8
19,2,9094883000000,94000,0.237489,4.21071,9.00901,9.8568e+06,8.88e+07,1000000000,0.111,111,0.8
19,2,9094884000000,95000,0.237526,4.21006,4.14938,4.64648e+07,1.928e+08,1000000000,0.241,241,0.8
19,2,9094885000000,96000,0.239385,4.17736,2.40385,1.38445e+08,3.328e+08,1000000000,0.416,416,0.8
19,2,9094886000000,97000,0.238062,4.20059,9.00901,9.8568e+06,8.88e+07,1000000000,0.111,111,0.8
19,2,9094887000000,98000,0.240296,4.16154,2.18818,1.67079e+08,3.656e+08,1000000000,0.457,457,0.8
19,2,9094888000000,99000,0.239889,4.1686,5,3.2e+07,1.6e+08,1000000000,0.2,200,0.8
19,2,9094889000000,100000,0.2386,4.19111,9.00901,9.8568e+06,8.88e+07,1000000000,0.111,111,0.8
19,2,9094890000000,101000,0.242683,4.1206,1.5361,3.39041e+08,5.208e+08,1000000000,0.651,651,0.8
19,2,9094891000000,102000,0.241451,4.14163,8.54701,1.09512e+07,9.36e+07,1000000000,0.117,117,0.8
19,2,9094892000000,103000,0.240524,4.15758,6.84932,1.70528e+07,1.168e+08,1000000000,0.146,146,0.8
19,2,9094893000000,104000,0.243125,4.11311,1.95695,2.08897e+08,4.088e+08,1000000000,0.511,511,0.8
19,2,9094894000000,105000,0.241867,4.13451,9.00901,9.8568e+06,8.88e+07,1000000000,0.111,111,0.8
19,2,9094895000000,106000,0.243104,4.11347,2.68097,1.11303e+08,2.984e+08,1000000000,0.373,373,0.8
19,2,9094896000000,107000,0.243486,4.10701,3.52113,6.45248e+07,2.272e+08,1000000000,0.284,284,0.8
19,2,9094897000000,108000,0.242259,4.12781,9.00901,9.8568e+06,8.88e+07,1000000000,0.111,111,0.8
19,2,9094898000000,109000,0.245477,4.0737,1.68634,2.81319e+08,4.744e+08,1000000000,0.593,593,0.8
19,2,9094899000000,110000,0.244355,4.09241,8.19672,1.19072e+07,9.76e+07,1000000000,0.122,122,0.8
19,2,9094900000000,111000,0.242793,4.11874,14.0845,4.0328e+06,5.68e+07,1000000000,0.071,71,0.8
19,2,9094901000000,112000,0.24633,4.05959,1.56495,3.26657e+08,5.112e+08,1000000000,0.639,639,0.8
19,2,9094902000000,113000,0.245133,4.07942,9.00901,9.8568e+06,8.88e+07,1000000000,0.111,111,0.8
19,2,9094903000000,114000,0.245491,4.07347,3.4965,6.54368e+07,2.288e+08,1000000000,0.286,286,0.8
19,2,9094904000000,115000,0.246583,4.05544,2.69542,1.10113e+08,2.968e+08,1000000000,0.371,371,0.8
19,2,9094905000000,116000,0.245414,4.07475,9.00901,9.8568e+06,8.88e+07,1000000000,0.111,111,0.8
19,2,9094906000000,117000,0.247658,4.03782,1.9685,2.06451e+08,4.064e+08,1000000000,0.508,508,0.8
19,2,9094907000000,118000,0.249712,4.00462,2.04082,1.9208e+08,3.92e+08,1000000000,0.49,490,0.8
19,2,9094908000000,119000,0.24895,4.01688,6.28931,2.02248e+07,1.272e+08,1000000000,0.159,159,0.8
19,2,9094909000000,120000,0.248733,4.02037,4.4843,3.97832e+07,1.784e+08,1000000000,0.223,223,0.8
19,2,9094910000000,121000,0.250165,3.99736,2.36967,1.42467e+08,3.376e+08,1000000000,0.422,422,0.8
19,2,9094911000000,122000,0.249295,4.01131,6.94444,1.65888e+07,1.152e+08,1000000000,0.144,144,0.8
19,2,9094912000000,123000,0.25087,3.98613,2.25734,1.56999e+08,3.544e+08,1000000000,0.443,443,0.8
19,2,9094913000000,124000,0.250274,3.99562,5.64972,2.50632e+07,1.416e+08,1000000000,0.177,177,0.8
19,2,9094914000000,125000,0.249456,4.00872,6.75676,1.75232e+07,1.184e+08,1000000000,0.148,148,0.8
19,2,9094915000000,126000,0.25246,3.96102,1.59236,3.15507e+08,5.024e+08,1000000000,0.628,628,0.8
19,2,9094916000000,127000,0.25137,3.9782,8.77193,1.03968e+07,9.12e+07,1000000000,0.114,114,0.8
19,2,9094917000000,128000,0.250852,3.98642,5.40541,2.738e+07,1.48e+08,1000000000,0.185,185,0.8
19,2,9094918000000,129000,0.252481,3.9607,2.1692,1.70017e+08,3.688e+08,1000000000,0.461,461,0.8
19,2,9094919000000,130000,0.251677,3.97335,6.75676,1.75232e+07,1.184e+08,1000000000,0.148,148,0.8
19,2,9094920000000,131000,0.252786,3.95591,2.51889,1.26087e+08,3.176e+08,1000000000,0.397,397,0.8
19,2,9094921000000,132000,0.252621,3.9585,4.329,4.26888e+07,1.848e+08,1000000000,0.231,231,0.8
19,2,9094922000000,133000,0.251579,3.9749,8.77193,1.03968e+07,9.12e+07,1000000000,0.114,114,0.8
19,2,9094923000000,134000,0.25441,3.93066,1.58479,3.18529e+08,5.048e+08,1000000000,0.631,631,0.8
19,2,9094924000000,135000,0.2536,3.94322,6.89655,1.682e+07,1.16e+08,1000000000,0.145,145,0.8
19,2,9094925000000,136000,0.252412,3.96178,10.8696,6.7712e+06,7.36e+07,1000000000,0.092,92,0.8
19,2,9094926000000,137000,0.254613,3.92753,1.80505,2.45533e+08,4.432e+08,1000000000,0.554,554,0.8
19,2,9094927000000,138000,0.253594,3.94331,8.77193,1.03968e+07,9.12e+07,1000000000,0.114,114,0.8
19,2,9094928000000,139000,0.254374,3.93122,2.76243,1.04835e+08,2.896e+08,1000000000,0.362,362,0.8
19,2,9094929000000,140000,0.254614,3.92751,3.47222,6.63552e+07,2.304e+08,1000000000,0.288,288,0.8
19,2,9094930000000,141000,0.253943,3.93789,6.25,2.048e+07,1.28e+08,1000000000,0.16,160,0.8
19,2,9094931000000,142000,0.256127,3.90432,1.77305,2.54477e+08,4.512e+08,1000000000,0.564,564,0.8
19,2,9094932000000,143000,0.255154,3.9192,8.54701,1.09512e+07,9.36e+07,1000000000,0.117,117,0.8
19,2,9094933000000,144000,0.254056,3.93615,10.3093,7.5272e+06,7.76e+07,1000000000,0.097,97,0.8
19,2,9094934000000,145000,0.256455,3.89932,1.66113,2.89923e+08,4.816e+08,1000000000,0.602,602,0.8
19,2,9094935000000,146000,0.255479,3.91421,8.77193,1.03968e+07,9.12e+07,1000000000,0.114,114,0.8
19,2,9094936000000,147000,0.255925,3.90739,3.11526,8.24328e+07,2.568e+08,1000000000,0.321,321,0.8
19,2,9094937000000,148000,0.256392,3.90028,3.07692,8.45e+07,2.6e+08,1000000000,0.325,325,0.8
19,2,9094938000000,149000,0.255664,3.91138,6.75676,1.75232e+07,1.184e+08,1000000000,0.148,148,0.8
19,2,9094939000000,150000,0.257513,3.88329,1.87617,2.27271e+08,4.264e+08,1000000000,0.533,533,0.8
19,2,9094940000000,151000,0.25657,3.89758,8.69565,1.058e+07,9.2e+07,1000000000,0.115,115,0.8
19,2,9094941000000,152000,0.2555,3.91389,10.6383,7.0688e+06,7.52e+07,1000000000,0.094,94,0.8
19,2,9094942000000,153000,0.258052,3.87518,1.54799,3.33853e+08,5.168e+08,1000000000,0.646,646,0.8
19,2,9094943000000,154000,0.257338,3.88594,6.75676,1.75232e+07,1.184e+08,1000000000,0.148,148,0.8
19,2,9094944000000,155000,0.257265,3.88705,4.06504,4.84128e+07,1.968e+08,1000000000,0.246,246,0.8
19,2,9094945000000,156000,0.258064,3.87501,2.6178,1.16739e+08,3.056e+08,1000000000,0.382,382,0.8
19,2,9094946000000,157000,0.257146,3.88883,8.77193,1.03968e+07,9.12e+07,1000000000,0.114,114,0.8
19,2,9094947000000,158000,0.258684,3.86573,2,2e+08,4e+08,1000000000,0.5,500,0.8
19,2,9094948000000,159000,0.257975,3.87635,6.84932,1.70528e+07,1.168e+08,1000000000,0.146,146,0.8
19,2,9094949000000,160000,0.257288,3.8867,6.75676,1.75232e+07,1.184e+08,1000000000,0.148,148,0.8
19,2,9094950000000,161000,0.25959,3.85223,1.59236,3.15507e+08,5.024e+08,1000000000,0.628,628,0.8
19,2,9094951000000,162000,0.258691,3.86561,8.77193,1.03968e+07,9.12e+07,1000000000,0.114,114,0.8
19,2,9094952000000,163000,0.258429,3.86953,4.62963,3.73248e+07,1.728e+08,1000000000,0.216,216,0.8
19,2,9094953000000,164000,0.259476,3.85393,2.32558,1.4792e+08,3.44e+08,1000000000,0.43,430,0.8
19,2,9094954000000,165000,0.2588,3.86399,6.75676,1.75232e+07,1.184e+08,1000000000,0.148,148,0.8
19,2,9094955000000,166000,0.259813,3.84892,2.34192,1.45863e+08,3.416e+08,1000000000,0.427,427,0.8
19,2,9094956000000,167000,0.259461,3.85414,4.97512,3.23208e+07,1.608e+08,1000000000,0.201,201,0.8
19,2,9094957000000,168000,0.258595,3.86705,8.77193,1.03968e+07,9.12e+07,1000000000,0.114,114,0.8
19,2,9094958000000,169000,0.260728,3.83542,1.61551,3.06529e+08,4.952e+08,1000000000,0.619,619,0.8
19,2,9094959000000,169141,0.260765,3.83488,3.27907,7.44027e+07,2.43972e+08,1000000000,0.304965,43,0.8
19,2,9094960000000,169141,0.260765,3.83488,0,-nan,-nan,1000000000,-nan,0,0.8
19,2,9094961000000,169141,0.260765,3.83488,0,-nan,-nan,1000000000,-nan,0,0.8
20,0,9094801000000,4000,0.1565,6.38978,6.38978,9.7969e+07,6.26e+08,4000000000,0.1565,156.5,1
20,1,9094802000000,6000,0.128333,7.79221,13.8889,9.3312e+06,1.296e+08,2000000000,0.072,72,0.9
20,1,9094803000000,8000,0.17525,5.70613,3.16456,1.79741e+08,5.688e+08,2000000000,0.316,316,0.9
20,2,9094804000000,9000,0.167556,5.96817,9.43396,8.9888e+06,8.48e+07,1000000000,0.106,106,0.8
20,2,9094805000000,10000,0.1814,5.51268,3.26797,7.49088e+07,2.448e+08,1000000000,0.306,306,0.8
20,2,9094806000000,11000,0.196182,5.09731,2.90698,9.46688e+07,2.752e+08,1000000000,0.344,344,0.8
20,2,9094807000000,12000,0.191833,5.21286,6.94444,1.65888e+07,1.152e+08,1000000000,0.144,144,0.8
20,2,9094808000000,13000,0.217077,4.60666,1.92308,2.1632e+08,4.16e+08,1000000000,0.52,520,0.8
20,2,9094809000000,14000,0.210071,4.76029,8.40336,1.13288e+07,9.52e+07,1000000000,0.119,119,0.8
20,2,9094810000000,15000,0.202933,4.92773,9.70874,8.4872e+06,8.24e+07,1000000000,0.103,103,0.8
20,2,9094811000000,16000,0.230625,4.33604,1.54799,3.33853e+08,5.168e+08,1000000000,0.646,646,0.8
20,2,9094812000000,17000,0.225765,4.42939,6.75676,1.75232e+07,1.184e+08,1000000000,0.148,148,0.8
20,2,9094813000000,18000,0.226278,4.41935,4.25532,4.418e+07,1.88e+08,1000000000,0.235,235,0.8
20,2,9094814000000,19000,0.235053,4.25437,2.54453,1.23559e+08,3.144e+08,1000000000,0.393,393,0.8
20,2,9094815000000,20000,0.229,4.36681,8.77193,1.03968e+07,9.12e+07,1000000000,0.114,114,0.8
20,2,9094816000000,21000,0.241381,4.14283,2.04499,1.91297e+08,3.912e+08,1000000000,0.489,489,0.8
20,2,9094817000000,22000,0.237545,4.20972,6.36943,1.97192e+07,1.256e+08,1000000000,0.157,157,0.8
20,2,9094818000000,23000,0.233652,4.27987,6.75676,1.75232e+07,1.184e+08,1000000000,0.148,148,0.8
20,2,9094819000000,24000,0.250083,3.99867,1.59236,3.15507e+08,5.024e+08,1000000000,0.628,628,0.8
20,2,9094820000000,25000,0.24464,4.08764,8.77193,1.03968e+07,9.12e+07,1000000000,0.114,114,0.8
20,2,9094821000000,26000,0.243038,4.11458,4.92611,3.29672e+07,1.624e+08,1000000000,0.203,203,0.8
20,2,9094822000000,27000,0.250444,3.9929,2.25734,1.56999e+08,3.544e+08,1000000000,0.443,443,0.8
20,2,9094823000000,28000,0.246786,4.0521,6.75676,1.75232e+07,1.184e+08,1000000000,0.148,148,0.8
20,2,9094824000000,29000,0.252655,3.95796,2.39808,1.39111e+08,3.336e+08,1000000000,0.417,417,0.8
20,2,9094825000000,30000,0.251267,3.97984,4.73934,3.56168e+07,1.688e+08,1000000000,0.211,211,0.8
20,2,9094826000000,31000,0.246839,4.05123,8.77193,1.03968e+07,9.12e+07,1000000000,0.114,114,0.8
20,2,9094827000000,32000,0.259156,3.85868,1.56006,3.28705e+08,5.128e+08,1000000000,0.641,641,0.8
20,2,9094828000000,33000,0.255606,3.91227,7.04225,1.61312e+07,1.136e+08,1000000000,0.142,142,0.8
20,2,9094829000000,34000,0.251382,3.978,8.92857,1.00352e+07,8.96e+07,1000000000,0.112,112,0.8
20,2,9094830000000,35000,0.259257,3.85717,1.89753,2.22183e+08,4.216e+08,1000000000,0.527,527,0.8
20,2,9094831000000,36000,0.255222,3.91815,8.77193,1.03968e+07,9.12e+07,1000000000,0.114,114,0.8
20,2,9094832000000,37000,0.258757,3.86463,2.59067,1.19197e+08,3.088e+08,1000000000,0.386,386,0.8
20,2,9094833000000,38000,0.258789,3.86414,3.84615,5.408e+07,2.08e+08,1000000000,0.26,260,0.8
20,2,9094834000000,39000,0.255949,3.90703,6.75676,1.75232e+07,1.184e+08,1000000000,0.148,148,0.8
20,2,9094835000000,40000,0.2644,3.78215,1.6835,2.82269e+08,4.752e+08,1000000000,0.594,594,0.8
20,2,9094836000000,41000,0.261244,3.82784,7.40741,1.458e+07,1.08e+08,1000000000,0.135,135,0.8
20,2,9094837000000,42000,0.257071,3.88997,11.6279,5.9168e+06,6.88e+07,1000000000,0.086,86,0.8
20,2,9094838000000,43000,0.264419,3.78188,1.7452,2.62663e+08,4.584e+08,1000000000,0.573,573,0.8
20,2,9094839000000,44000,0.261773,3.82011,6.75676,1.75232e+07,1.184e+08,1000000000,0.148,148,0.8
20,2,9094840000000,45000,0.262911,3.80357,3.19489,7.83752e+07,2.504e+08,1000000000,0.313,313,0.8
20,2,9094841000000,46000,0.264043,3.78726,3.1746,7.938e+07,2.52e+08,1000000000,0.315,315,0.8
20,2,9094842000000,47000,0.260851,3.83361,8.77193,1.03968e+07,9.12e+07,1000000000,0.114,114,0.8
20,2,9094843000000,48000,0.267188,3.74269,1.76991,2.5538e+08,4.52e+08,1000000000,0.565,565,0.8
20,2,9094844000000,49000,0.263796,3.79081,9.90099,8.1608e+06,8.08e+07,1000000000,0.101,101,0.8
20,2,9094845000000,50000,0.26108,3.83024,7.8125,1.31072e+07,1.024e+08,1000000000,0.128,128,0.8
20,2,9094846000000,51000,0.268275,3.72753,1.59236,3.15507e+08,5.024e+08,1000000000,0.628,628,0.8
20,2,9094847000000,52000,0.265308,3.76921,8.77193,1.03968e+07,9.12e+07,1000000000,0.114,114,0.8
20,2,9094848000000,53000,0.265604,3.76501,3.55872,6.31688e+07,2.248e+08,1000000000,0.281,281,0.8
20,2,9094849000000,54000,0.271,3.69004,1.79533,2.48199e+08,4.456e+08,1000000000,0.557,557,0.8
20,2,9094850000000,55000,0.269491,3.7107,5.31915,2.82752e+07,1.504e+08,1000000000,0.188,188,0.8
20,2,9094851000000,56000,0.266732,3.74908,8.69565,1.058e+07,9.2e+07,1000000000,0.115,115,0.8
20,2,9094852000000,57000,0.272193,3.67386,1.7301,2.67267e+08,4.624e+08,1000000000,0.578,578,0.8
20,2,9094853000000,58000,0.268034,3.73086,32.2581,768800,2.48e+07,1000000000,0.031,31,0.8
20,1,9094854000000,60000,0.261233,3.828,15.625,7.3728e+06,1.152e+08,2000000000,0.064,64,0.9
20,0,9094855000000,64000,0.255031,3.92109,6.17284,1.04976e+08,6.48e+08,4000000000,0.162,162,1
20,1,9094856000000,66000,0.249212,4.01265,15.873,7.1442e+06,1.134e+08,2000000000,0.063,63,0.9
20,1,9094857000000,68000,0.24775,4.03633,5.01253,7.16404e+07,3.591e+08,2000000000,0.1995,199.5,0.9
20,2,9094858000000,69000,0.247565,4.03934,4.25532,4.418e+07,1.88e+08,1000000000,0.235,235,0.8
20,2,9094859000000,70000,0.245771,4.06882,8.19672,1.19072e+07,9.76e+07,1000000000,0.122,122,0.8
20,2,9094860000000,71000,0.250577,3.99078,1.70358,2.75655e+08,4.696e+08,1000000000,0.587,587,0.8
20,2,9094861000000,72000,0.247972,4.03271,15.873,3.1752e+06,5.04e+07,1000000000,0.063,63,0.8
20,2,9094862000000,73000,0.246192,4.06187,8.47458,1.11392e+07,9.44e+07,1000000000,0.118,118,0.8
20,2,9094863000000,74000,0.251568,3.97508,1.5528,3.31789e+08,5.152e+08,1000000000,0.644,644,0.8
20,2,9094864000000,75000,0.249667,4.00534,9.17431,9.5048e+06,8.72e+07,1000000000,0.109,109,0.8
20,2,9094865000000,76000,0.246474,4.05723,142.857,39200,5.6e+06,1000000000,0.007,7,0.8
20,2,9094866000000,77000,0.251766,3.97194,1.52905,3.42173e+08,5.232e+08,1000000000,0.654,654,0.8
20,2,9094867000000,78000,0.250641,3.98977,6.09756,2.15168e+07,1.312e+08,1000000000,0.164,164,0.8
20,2,9094868000000,79000,0.249076,4.01484,7.87402,1.29032e+07,1.016e+08,1000000000,0.127,127,0.8
20,2,9094869000000,80000,0.251925,3.96944,2.09644,1.82023e+08,3.816e+08,1000000000,0.477,477,0.8
20,2,9094870000000,81000,0.250222,3.99645,8.77193,1.03968e+07,9.12e+07,1000000000,0.114,114,0.8
20,2,9094871000000,82000,0.250817,3.98697,3.34448,7.15208e+07,2.392e+08,1000000000,0.299,299,0.8
20,2,9094872000000,83000,0.252072,3.96712,2.8169,1.0082e+08,2.84e+08,1000000000,0.355,355,0.8
20,2,9094873000000,84000,0.251024,3.98369,6.09756,2.15168e+07,1.312e+08,1000000000,0.164,164,0.8
20,2,9094874000000,85000,0.252929,3.95367,2.42131,1.36455e+08,3.304e+08,1000000000,0.413,413,0.8
20,2,9094875000000,86000,0.252209,3.96496,5.2356,2.91848e+07,1.528e+08,1000000000,0.191,191,0.8
20,2,9094876000000,87000,0.250621,3.99009,8.77193,1.03968e+07,9.12e+07,1000000000,0.114,114,0.8
20,2,9094877000000,88000,0.254307,3.93226,1.73913,2.645e+08,4.6e+08,1000000000,0.575,575,0.8
20,2,9094878000000,89000,0.252618,3.95855,9.61538,8.6528e+06,8.32e+07,1000000000,0.104,104,0.8
20,2,9094879000000,90000,0.251356,3.97843,7.19424,1.54568e+07,1.112e+08,1000000000,0.139,139,0.8
20,2,9094880000000,91000,0.255231,3.91802,1.65563,2.91853e+08,4.832e+08,1000000000,0.604,604,0.8
20,2,9094881000000,92000,0.253696,3.94173,8.77193,1.03968e+07,9.12e+07,1000000000,0.114,114,0.8
20,2,9094882000000,93000,0.251548,3.97538,18.5185,2.3328e+06,4.32e+07,1000000000,0.054,54,0.8
20,2,9094883000000,94000,0.255255,3.91765,1.66667,2.88e+08,4.8e+08,1000000000,0.6,600,0.8
20,2,9094884000000,95000,0.254295,3.93244,6.09756,2.15168e+07,1.312e+08,1000000000,0.164,164,0.8
20,2,9094885000000,96000,0.253729,3.94121,5,3.2e+07,1.6e+08,1000000000,0.2,200,0.8
20,2,9094886000000,97000,0.255278,3.91729,2.47525,1.30573e+08,3.232e+08,1000000000,0.404,404,0.8
20,2,9094887000000,98000,0.253837,3.93954,8.77193,1.03968e+07,9.12e+07,1000000000,0.114,114,0.8
20,2,9094888000000,99000,0.254909,3.92297,2.77778,1.0368e+08,2.88e+08,1000000000,0.36,360,0.8
20,2,9094889000000,100000,0.2553,3.91696,3.40136,6.91488e+07,2.352e+08,1000000000,0.294,294,0.8
20,2,9094890000000,101000,0.254396,3.93088,6.09756,2.15168e+07,1.312e+08,1000000000,0.164,164,0.8
20,2,9094891000000,102000,0.256422,3.89983,2.1692,1.70017e+08,3.688e+08,1000000000,0.461,461,0.8
20,2,9094892000000,103000,0.25532,3.91665,6.99301,1.63592e+07,1.144e+08,1000000000,0.143,143,0.8
20,2,9094893000000,104000,0.253962,3.9376,8.77193,1.03968e+07,9.12e+07,1000000000,0.114,114,0.8
20,2,9094894000000,105000,0.257467,3.884,1.60772,3.09507e+08,4.976e+08,1000000000,0.622,622,0.8
20,2,9094895000000,106000,0.256302,3.90165,7.46269,1.43648e+07,1.072e+08,1000000000,0.134,134,0.8
20,2,9094896000000,107000,0.254486,3.92949,16.129,3.0752e+06,4.96e+07,1000000000,0.062,62,0.8
20,2,9094897000000,108000,0.257722,3.88015,1.65563,2.91853e+08,4.832e+08,1000000000,0.604,604,0.8
20,2,9094898000000,109000,0.256404,3.9001,8.77193,1.03968e+07,9.12e+07,1000000000,0.114,114,0.8
20,2,9094899000000,110000,0.255391,3.91557,6.89655,1.682e+07,1.16e+08,1000000000,0.145,145,0.8
20,2,9094900000000,111000,0.257676,3.88085,1.96464,2.07265e+08,4.072e+08,1000000000,0.509,509,0.8
20,2,9094901000000,112000,0.256839,3.89349,6.09756,2.15168e+07,1.312e+08,1000000000,0.164,164,0.8
20,2,9094902000000,113000,0.256858,3.8932,3.861,5.36648e+07,2.072e+08,1000000000,0.259,259,0.8
20,2,9094903000000,114000,0.25943,3.85461,1.81818,2.42e+08,4.4e+08,1000000000,0.55,550,0.8
20,2,9094904000000,115000,0.258696,3.86555,5.71429,2.45e+07,1.4e+08,1000000000,0.175,175,0.8
20,2,9094905000000,116000,0.257457,3.88415,8.69565,1.058e+07,9.2e+07,1000000000,0.115,115,0.8
20,2,9094906000000,117000,0.260368,3.84072,1.67224,2.86083e+08,4.784e+08,1000000000,0.598,598,0.8
20,2,9094907000000,118000,0.259381,3.85533,6.94444,1.65888e+07,1.152e+08,1000000000,0.144,144,0.8
20,2,9094908000000,119000,0.258017,3.87572,10.3093,7.5272e+06,7.76e+07,1000000000,0.097,97,0.8
20,2,9094909000000,120000,0.260417,3.84,1.8315,2.38493e+08,4.368e+08,1000000000,0.546,546,0.8
20,2,9094910000000,121000,0.259207,3.85793,8.77193,1.03968e+07,9.12e+07,1000000000,0.114,114,0.8
20,2,9094911000000,122000,0.260098,3.8447,2.71739,1.08339e+08,2.944e+08,1000000000,0.368,368,0.8
20,2,9094912000000,123000,0.260244,3.84255,3.59712,6.18272e+07,2.224e+08,1000000000,0.278,278,0.8
20,2,9094913000000,124000,0.259339,3.85596,6.75676,1.75232e+07,1.184e+08,1000000000,0.148,148,0.8
20,2,9094914000000,125000,0.261896,3.81831,1.72712,2.68193e+08,4.632e+08,1000000000,0.579,579,0.8
20,2,9094915000000,126000,0.260889,3.83305,7.40741,1.458e+07,1.08e+08,1000000000,0.135,135,0.8
20,2,9094916000000,127000,0.259425,3.85468,13.3333,4.5e+06,6e+07,1000000000,0.075,75,0.8
20,2,9094917000000,128000,0.262078,3.81566,1.66945,2.87041e+08,4.792e+08,1000000000,0.599,599,0.8
20,2,9094918000000,129000,0.261194,3.82857,6.75676,1.75232e+07,1.184e+08,1000000000,0.148,148,0.8
20,2,9094919000000,130000,0.261446,3.82488,3.40136,6.91488e+07,2.352e+08,1000000000,0.294,294,0.8
20,2,9094920000000,131000,0.262,3.81679,2.99401,8.92448e+07,2.672e+08,1000000000,0.334,334,0.8
20,2,9094921000000,132000,0.260879,3.8332,8.77193,1.03968e+07,9.12e+07,1000000000,0.114,114,0.8
20,2,9094922000000,133000,0.26303,3.80185,1.82815,2.39367e+08,4.376e+08,1000000000,0.547,547,0.8
20,2,9094923000000,134000,0.261851,3.81897,9.52381,8.82e+06,8.4e+07,1000000000,0.105,105,0.8
20,2,9094924000000,135000,0.260963,3.83196,7.04225,1.61312e+07,1.136e+08,1000000000,0.142,142,0.8
20,2,9094925000000,136000,0.263662,3.79274,1.59236,3.15507e+08,5.024e+08,1000000000,0.628,628,0.8
20,2,9094926000000,137000,0.262569,3.80852,8.77193,1.03968e+07,9.12e+07,1000000000,0.114,114,0.8
20,2,9094927000000,138000,0.26258,3.80837,3.78788,5.57568e+07,2.112e+08,1000000000,0.264,264,0.8
20,2,9094928000000,139000,0.263439,3.79595,2.6178,1.16739e+08,3.056e+08,1000000000,0.382,382,0.8
20,2,9094929000000,140000,0.262614,3.80787,6.75676,1.75232e+07,1.184e+08,1000000000,0.148,148,0.8
20,2,9094930000000,141000,0.264128,3.78605,2.10084,1.81261e+08,3.808e+08,1000000000,0.476,476,0.8
20,2,9094931000000,142000,0.263338,3.7974,6.57895,1.84832e+07,1.216e+08,1000000000,0.152,152,0.8
20,2,9094932000000,143000,0.262294,3.81252,8.77193,1.03968e+07,9.12e+07,1000000000,0.114,114,0.8
20,2,9094933000000,144000,0.264958,3.77418,1.54799,3.33853e+08,5.168e+08,1000000000,0.646,646,0.8
20,2,9094934000000,145000,0.264152,3.7857,6.75676,1.75232e+07,1.184e+08,1000000000,0.148,148,0.8
20,2,9094935000000,146000,0.26361,3.79349,5.40541,2.738e+07,1.48e+08,1000000000,0.185,185,0.8
20,2,9094936000000,147000,0.26483,3.77601,2.25734,1.56999e+08,3.544e+08,1000000000,0.443,443,0.8
20,2,9094937000000,148000,0.263811,3.7906,8.77193,1.03968e+07,9.12e+07,1000000000,0.114,114,0.8
20,2,9094938000000,149000,0.265027,3.7732,2.24719,1.5842e+08,3.56e+08,1000000000,0.445,445,0.8
20,2,9094939000000,150000,0.2646,3.77929,4.97512,3.23208e+07,1.608e+08,1000000000,0.201,201,0.8
20,2,9094940000000,151000,0.263828,3.79035,6.75676,1.75232e+07,1.184e+08,1000000000,0.148,148,0.8
20,2,9094941000000,152000,0.266191,3.7567,1.60514,3.10503e+08,4.984e+08,1000000000,0.623,623,0.8
20,2,9094942000000,153000,0.265229,3.77033,8.40336,1.13288e+07,9.52e+07,1000000000,0.119,119,0.8
20,2,9094943000000,154000,0.264526,3.78035,6.36943,1.97192e+07,1.256e+08,1000000000,0.157,157,0.8
20,2,9094944000000,155000,0.265974,3.75976,2.04499,1.91297e+08,3.912e+08,1000000000,0.489,489,0.8
20,2,9094945000000,156000,0.265218,3.77048,6.75676,1.75232e+07,1.184e+08,1000000000,0.148,148,0.8
20,2,9094946000000,157000,0.265892,3.76093,2.69542,1.10113e+08,2.968e+08,1000000000,0.371,371,0.8
20,2,9094947000000,158000,0.265835,3.76173,3.89105,5.28392e+07,2.056e+08,1000000000,0.257,257,0.8
20,2,9094948000000,159000,0.264881,3.77529,8.77193,1.03968e+07,9.12e+07,1000000000,0.114,114,0.8
20,2,9094949000000,160000,0.267087,3.74409,1.61812,3.05539e+08,4.944e+08,1000000000,0.618,618,0.8
20,2,9094950000000,161000,0.266248,3.75589,7.57576,1.39392e+07,1.056e+08,1000000000,0.132,132,0.8
20,2,9094951000000,162000,0.26516,3.7713,11.1111,6.48e+06,7.2e+07,1000000000,0.09,90,0.8
20,2,9094952000000,163000,0.267104,3.74386,1.71821,2.70979e+08,4.656e+08,1000000000,0.582,582,0.8
20,2,9094953000000,164000,0.266171,3.75699,8.77193,1.03968e+07,9.12e+07,1000000000,0.114,114,0.8
20,2,9094954000000,165000,0.266612,3.75077,2.94985,9.19368e+07,2.712e+08,1000000000,0.339,339,0.8
20,2,9094955000000,165598,0.2676,3.73692,1.85139,2.33396e+08,4.32107e+08,1000000000,0.540134,323,0.8
20,2,9094956000000,165598,0.2676,3.73692,0,-nan,-nan,1000000000,-nan,0,0.8
20,2,9094957000000,165598,0.2676,3.73692,0,-nan,-nan,1000000000,-nan,0,0.8
20,2,9094958000000,165598,0.2676,3.73692,0,-nan,-nan,1000000000,-nan,0,0.8
20,2,9094959000000,165598,0.2676,3.73692,0,-nan,-nan,1000000000,-nan,0,0.8
20,2,9094960000000,165598,0.2676,3.73692,0,-nan,-nan,1000000000,-nan,0,0.8
20,2,9094961000000,165598,0.2676,3.73692,0,-nan,-nan,1000000000,-nan,0,0.8
21,0,9094801000000,4000,0.1565,6.38978,6.38978,9.7969e+07,6.26e+08,4000000000,0.1565,156.5,1
21,1,9094802000000,6000,0.128333,7.79221,13.8889,9.3312e+06,1.296e+08,2000000000,0.072,72,0.9
21,1,9094803000000,8000,0.17525,5.70613,3.16456,1.79741e+08,5.688e+08,2000000000,0.316,316,0.9
21,2,9094804000000,9000,0.167556,5.96817,9.43396,8.9888e+06,8.48e+07,1000000000,0.106,106,0.8
21,2,9094805000000,10000,0.1814,5.51268,3.26797,7.49088e+07,2.448e+08,1000000000,0.306,306,0.8
21,2,9094806000000,11000,0.196182,5.09731,2.90698,9.46688e+07,2.752e+08,1000000000,0.344,344,0.8
21,2,9094807000000,12000,0.191833,5.21286,6.94444,1.65888e+07,1.152e+08,1000000000,0.144,144,0.8
21,2,9094808000000,13000,0.217077,4.60666,1.92308,2.1632e+08,4.16e+08,1000000000,0.52,520,0.8
21,2,9094809000000,14000,0.210071,4.76029,8.40336,1.13288e+07,9.52e+07,1000000000,0.119,119,0.8
21,2,9094810000000,15000,0.202933,4.92773,9.70874,8.4872e+06,8.24e+07,1000000000,0.103,103,0.8
21,2,9094811000000,16000,0.230625,4.33604,1.54799,3.33853e+08,5.168e+08,1000000000,0.646,646,0.8
21,2,9094812000000,17000,0.225765,4.42939,6.75676,1.75232e+07,1.184e+08,1000000000,0.148,148,0.8
21,2,9094813000000,18000,0.226278,4.41935,4.25532,4.418e+07,1.88e+08,1000000000,0.235,235,0.8
21,2,9094814000000,19000,0.235053,4.25437,2.54453,1.23559e+08,3.144e+08,1000000000,0.393,393,0.8
21,2,9094815000000,20000,0.229,4.36681,8.77193,1.03968e+07,9.12e+07,1000000000,0.114,114,0.8
21,2,9094816000000,21000,0.241381,4.14283,2.04499,1.91297e+08,3.912e+08,1000000000,0.489,489,0.8
21,2,9094817000000,22000,0.237545,4.20972,6.36943,1.97192e+07,1.256e+08,1000000000,0.157,157,0.8
21,2,9094818000000,23000,0.233652,4.27987,6.75676,1.75232e+07,1.184e+08,1000000000,0.148,148,0.8
21,2,9094819000000,24000,0.250083,3.99867,1.59236,3.15507e+08,5.024e+08,1000000000,0.628,628,0.8
21,2,9094820000000,25000,0.24464,4.08764,8.77193,1.03968e+07,9.12e+07,1000000000,0.114,114,0.8
21,2,9094821000000,26000,0.243038,4.11458,4.92611,3.29672e+07,1.624e+08,1000000000,0.203,203,0.8
21,2,9094822000000,27000,0.250444,3.9929,2.25734,1.56999e+08,3.544e+08,1000000000,0.443,443,0.8
21,2,9094823000000,28000,0.246786,4.0521,6.75676,1.75232e+07,1.184e+08,1000000000,0.148,148,0.8
21,2,9094824000000,29000,0.252655,3.95796,2.39808,1.39111e+08,3.336e+08,1000000000,0.417,417,0.8
21,2,9094825000000,30000,0.251267,3.97984,4.73934,3.56168e+07,1.688e+08,1000000000,0.211,211,0.8
21,2,9094826000000,31000,0.246839,4.05123,8.77193,1.03968e+07,9.12e+07,1000000000,0.114,114,0.8
21,2,9094827000000,32000,0.259156,3.85868,1.56006,3.28705e+08,5.128e+08,1000000000,0.641,641,0.8
21,2,9094828000000,33000,0.255606,3.91227,7.04225,1.61312e+07,1.136e+08,1000000000,0.142,142,0.8
21,2,9094829000000,34000,0.251382,3.978,8.92857,1.00352e+07,8.96e+07,1000000000,0.112,112,0.8
21,2,9094830000000,35000,0.259257,3.85717,1.89753,2.22183e+08,4.216e+08,1000000000,0.527,527,0.8
21,2,9094831000000,36000,0.255222,3.91815,8.77193,1.03968e+07,9.12e+07,1000000000,0.114,114,0.8
21,2,9094832000000,37000,0.258757,3.86463,2.59067,1.19197e+08,3.088e+08,1000000000,0.386,386,0.8
21,2,9094833000000,38000,0.258789,3.86414,3.84615,5.408e+07,2.08e+08,1000000000,0.26,260,0.8
21,2,9094834000000,39000,0.255949,3.90703,6.75676,1.75232e+07,1.184e+08,1000000000,0.148,148,0.8
21,2,9094835000000,40000,0.2644,3.78215,1.6835,2.82269e+08,4.752e+08,1000000000,0.594,594,0.8
21,2,9094836000000,41000,0.261244,3.82784,7.40741,1.458e+07,1.08e+08,1000000000,0.135,135,0.8
21,2,9094837000000,42000,0.257071,3.88997,11.6279,5.9168e+06,6.88e+07,1000000000,0.086,86,0.8
21,2,9094838000000,43000,0.264419,3.78188,1.7452,2.62663e+08,4.584e+08,1000000000,0.573,573,0.8
21,2,9094839000000,44000,0.261773,3.82011,6.75676,1.75232e+07,1.184e+08,1000000000,0.148,148,0.8
21,2,9094840000000,45000,0.262911,3.80357,3.19489,7.83752e+07,2.504e+08,1000000000,0.313,313,0.8
21,2,9094841000000,46000,0.264043,3.78726,3.1746,7.938e+07,2.52e+08,1000000000,0.315,315,0.8
21,2,9094842000000,47000,0.260851,3.83361,8.77193,1.03968e+07,9.12e+07,1000000000,0.114,114,0.8
21,2,9094843000000,48000,0.267188,3.74269,1.76991,2.5538e+08,4.52e+08,1000000000,0.565,565,0.8
21,2,9094844000000,49000,0.263796,3.79081,9.90099,8.1608e+06,8.08e+07,1000000000,0.101,101,0.8
21,2,9094845000000,50000,0.26108,3.83024,7.8125,1.31072e+07,1.024e+08,1000000000,0.128,128,0.8
21,2,9094846000000,51000,0.268275,3.72753,1.59236,3.15507e+08,5.024e+08,1000000000,0.628,628,0.8
21,2,9094847000000,52000,0.265308,3.76921,8.77193,1.03968e+07,9.12e+07,1000000000,0.114,114,0.8
21,2,9094848000000,53000,0.265604,3.76501,3.55872,6.31688e+07,2.248e+08,1000000000,0.281,281,0.8
21,2,9094849000000,54000,0.271,3.69004,1.79533,2.48199e+08,4.456e+08,1000000000,0.557,557,0.8
21,2,9094850000000,55000,0.269491,3.7107,5.31915,2.82752e+07,1.504e+08,1000000000,0.188,188,0.8
21,2,9094851000000,56000,0.266732,3.74908,8.69565,1.058e+07,9.2e+07,1000000000,0.115,115,0.8
21,2,9094852000000,57000,0.272193,3.67386,1.7301,2.67267e+08,4.624e+08,1000000000,0.578,578,0.8
21,2,9094853000000,58000,0.268034,3.73086,32.2581,768800,2.48e+07,1000000000,0.031,31,0.8
21,1,9094854000000,60000,0.261233,3.828,15.625,7.3728e+06,1.152e+08,2000000000,0.064,64,0.9
21,0,9094855000000,64000,0.255031,3.92109,6.17284,1.04976e+08,6.48e+08,4000000000,0.162,162,1
21,1,9094856000000,66000,0.249212,4.01265,15.873,7.1442e+06,1.134e+08,2000000000,0.063,63,0.9
21,1,9094857000000,68000,0.24775,4.03633,5.01253,7.16404e+07,3.591e+08,2000000000,0.1995,199.5,0.9
21,2,9094858000000,69000,0.247565,4.03934,4.25532,4.418e+07,1.88e+08,1000000000,0.235,235,0.8
21,2,9094859000000,70000,0.245771,4.06882,8.19672,1.19072e+07,9.76e+07,1000000000,0.122,122,0.8
21,2,9094860000000,71000,0.250577,3.99078,1.70358,2.75655e+08,4.696e+08,1000000000,0.587,587,0.8
21,2,9094861000000,72000,0.247972,4.03271,15.873,3.1752e+06,5.04e+07,1000000000,0.063,63,0.8
21,2,9094862000000,73000,0.246192,4.06187,8.47458,1.11392e+07,9.44e+07,1000000000,0.118,118,0.8
21,2,9094863000000,74000,0.251568,3.97508,1.5528,3.31789e+08,5.152e+08,1000000000,0.644,644,0.8
21,2,9094864000000,75000,0.249667,4.00534,9.17431,9.5048e+06,8.72e+07,1000000000,0.109,109,0.8
21,2,9094865000000,76000,0.246474,4.05723,142.857,39200,5.6e+06,1000000000,0.007,7,0.8
21,2,9094866000000,77000,0.251766,3.97194,1.52905,3.42173e+08,5.232e+08,1000000000,0.654,654,0.8
21,2,9094867000000,78000,0.250641,3.98977,6.09756,2.15168e+07,1.312e+08,1000000000,0.164,164,0.8
21,2,9094868000000,79000,0.249076,4.01484,7.87402,1.29032e+07,1.016e+08,1000000000,0.127,127,0.8
21,2,9094869000000,80000,0.251925,3.96944,2.09644,1.82023e+08,3.816e+08,1000000000,0.477,477,0.8
21,2,9094870000000,81000,0.250222,3.99645,8.77193,1.03968e+07,9.12e+07,1000000000,0.114,114,0.8
21,2,9094871000000,82000,0.250817,3.98697,3.34448,7.15208e+07,2.392e+08,1000000000,0.299,299,0.8
21,2,9094872000000,83000,0.252072,3.96712,2.8169,1.0082e+08,2.84e+08,1000000000,0.355,355,0.8
21,2,9094873000000,84000,0.251024,3.98369,6.09756,2.15168e+07,1.312e+08,1000000000,0.164,164,0.8
21,2,9094874000000,85000,0.252929,3.95367,2.42131,1.36455e+08,3.304e+08,1000000000,0.413,413,0.8
21,2,9094875000000,86000,0.252209,3.96496,5.2356,2.91848e+07,1.528e+08,1000000000,0.191,191,0.8
21,2,9094876000000,87000,0.250621,3.99009,8.77193,1.03968e+07,9.12e+07,1000000000,0.114,114,0.8
21,2,9094877000000,88000,0.254307,3.93226,1.73913,2.645e+08,4.6e+08,1000000000,0.575,575,0.8
21,2,9094878000000,89000,0.252618,3.95855,9.61538,8.6528e+06,8.32e+07,1000000000,0.104,104,0.8
21,2,9094879000000,90000,0.251356,3.97843,7.19424,1.54568e+07,1.112e+08,1000000000,0.139,139,0.8
21,2,9094880000000,91000,0.255231,3.91802,1.65563,2.91853e+08,4.832e+08,1000000000,0.604,604,0.8
21,2,9094881000000,92000,0.253696,3.94173,8.77193,1.03968e+07,9.12e+07,1000000000,0.114,114,0.8
21,2,9094882000000,93000,0.251548,3.97538,18.5185,2.3328e+06,4.32e+07,1000000000,0.054,54,0.8
21,2,9094883000000,94000,0.255255,3.91765,1.66667,2.88e+08,4.8e+08,1000000000,0.6,600,0.8
21,2,9094884000000,95000,0.254295,3.93244,6.09756,2.15168e+07,1.312e+08,1000000000,0.164,164,0.8
21,2,9094885000000,96000,0.253729,3.94121,5,3.2e+07,1.6e+08,1000000000,0.2,200,0.8
21,2,9094886000000,97000,0.255278,3.91729,2.47525,1.30573e+08,3.232e+08,1000000000,0.404,404,0.8
21,2,9094887000000,98000,0.253837,3.93954,8.77193,1.03968e+07,9.12e+07,1000000000,0.114,114,0.8
21,2,9094888000000,99000,0.254909,3.92297,2.77778,1.0368e+08,2.88e+08,1000000000,0.36,360,0.8
21,2,9094889000000,100000,0.2553,3.91696,3.40136,6.91488e+07,2.352e+08,1000000000,0.294,294,0.8
21,2,9094890000000,101000,0.254396,3.93088,6.09756,2.15168e+07,1.312e+08,1000000000,0.164,164,0.8
21,2,9094891000000,102000,0.256422,3.89983,2.1692,1.70017e+08,3.688e+08,1000000000,0.461,461,0.8
21,2,9094892000000,103000,0.25532,3.91665,6.99301,1.63592e+07,1.144e+08,1000000000,0.143,143,0.8
21,2,9094893000000,104000,0.253962,3.9376,8.77193,1.03968e+07,9.12e+07,1000000000,0.114,114,0.8
21,2,9094894000000,105000,0.257467,3.884,1.60772,3.09507e+08,4.976e+08,1000000000,0.622,622,0.8
21,2,9094895000000,106000,0.256302,3.90165,7.46269,1.43648e+07,1.072e+08,1000000000,0.134,134,0.8
21,2,9094896000000,107000,0.254486,3.92949,16.129,3.0752e+06,4.96e+07,1000000000,0.062,62,0.8
21,2,9094897000000,108000,0.257722,3.88015,1.65563,2.91853e+08,4.832e+08,1000000000,0.604,604,0.8
21,2,9094898000000,109000,0.256404,3.9001,8.77193,1.03968e+07,9.12e+07,1000000000,0.114,114,0.8
21,2,9094899000000,110000,0.255391,3.91557,6.89655,1.682e+07,1.16e+08,1000000000,0.145,145,0.8
21,2,9094900000000,111000,0.257676,3.88085,1.96464,2.07265e+08,4.072e+08,1000000000,0.509,509,0.8
21,2,9094901000000,112000,0.256839,3.89349,6.09756,2.15168e+07,1.312e+08,1000000000,0.164,164,0.8
21,2,9094902000000,113000,0.256858,3.8932,3.861,5.36648e+07,2.072e+08,1000000000,0.259,259,0.8
21,2,9094903000000,114000,0.25943,3.85461,1.81818,2.42e+08,4.4e+08,1000000000,0.55,550,0.8
21,2,9094904000000,115000,0.258696,3.86555,5.71429,2.45e+07,1.4e+08,1000000000,0.175,175,0.8
21,2,9094905000000,116000,0.257457,3.88415,8.69565,1.058e+07,9.2e+07,1000000000,0.115,115,0.8
21,2,9094906000000,117000,0.260368,3.84072,1.67224,2.86083e+08,4.784e+08,1000000000,0.598,598,0.8
21,2,9094907000000,118000,0.259381,3.85533,6.94444,1.65888e+07,1.152e+08,1000000000,0.144,144,0.8
21,2,9094908000000,119000,0.258017,3.87572,10.3093,7.5272e+06,7.76e+07,1000000000,0.097,97,0.8
21,2,9094909000000,120000,0.260417,3.84,1.8315,2.38493e+08,4.368e+08,1000000000,0.546,546,0.8
21,2,9094910000000,121000,0.259207,3.85793,8.77193,1.03968e+07,9.12e+07,1000000000,0.114,114,0.8
21,2,9094911000000,122000,0.260098,3.8447,2.71739,1.08339e+08,2.944e+08,1000000000,0.368,368,0.8
21,2,9094912000000,123000,0.260244,3.84255,3.59712,6.18272e+07,2.224e+08,1000000000,0.278,278,0.8
21,2,9094913000000,124000,0.259339,3.85596,6.75676,1.75232e+07,1.184e+08,1000000000,0.148,148,0.8
21,2,9094914000000,125000,0.261896,3.81831,1.72712,2.68193e+08,4.632e+08,1000000000,0.579,579,0.8
21,2,9094915000000,126000,0.260889,3.83305,7.40741,1.458e+07,1.08e+08,1000000000,0.135,135,0.8
21,2,9094916000000,127000,0.259425,3.85468,13.3333,4.5e+06,6e+07,1000000000,0.075,75,0.8
21,2,9094917000000,128000,0.262078,3.81566,1.66945,2.87041e+08,4.792e+08,1000000000,0.599,599,0.8
21,2,9094918000000,129000,0.261194,3.82857,6.75676,1.75232e+07,1.184e+08,1000000000,0.148,148,0.8
21,2,9094919000000,130000,0.261446,3.82488,3.40136,6.91488e+07,2.352e+08,1000000000,0.294,294,0.8
21,2,9094920000000,131000,0.262,3.81679,2.99401,8.92448e+07,2.672e+08,1000000000,0.334,334,0.8
21,2,9094921000000,132000,0.260879,3.8332,8.77193,1.03968e+07,9.12e+07,1000000000,0.114,114,0.8
21,2,9094922000000,133000,0.26303,3.80185,1.82815,2.39367e+08,4.376e+08,1000000000,0.547,547,0.8
21,2,9094923000000,134000,0.261851,3.81897,9.52381,8.82e+06,8.4e+07,1000000000,0.105,105,0.8
21,2,9094924000000,135000,0.260963,3.83196,7.04225,1.61312e+07,1.136e+08,1000000000,0.142,142,0.8
21,2,9094925000000,136000,0.263662,3.79274,1.59236,3.15507e+08,5.024e+08,1000000000,0.628,628,0.8
21,2,9094926000000,137000,0.262569,3.80852,8.77193,1.03968e+07,9.12e+07,1000000000,0.114,114,0.8
21,2,9094927000000,138000,0.26258,3.80837,3.78788,5.57568e+07,2.112e+08,1000000000,0.264,264,0.8
21,2,9094928000000,139000,0.263439,3.79595,2.6178,1.16739e+08,3.056e+08,1000000000,0.382,382,0.8
21,2,9094929000000,140000,0.262614,3.80787,6.75676,1.75232e+07,1.184e+08,1000000000,0.148,148,0.8
21,2,9094930000000,141000,0.264128,3.78605,2.10084,1.81261e+08,3.808e+08,1000000000,0.476,476,0.8
21,2,9094931000000,142000,0.263338,3.7974,6.57895,1.84832e+07,1.216e+08,1000000000,0.152,152,0.8
21,2,9094932000000,143000,0.262294,3.81252,8.77193,1.03968e+07,9.12e+07,1000000000,0.114,114,0.8
21,2,9094933000000,144000,0.264958,3.77418,1.54799,3.33853e+08,5.168e+08,1000000000,0.646,646,0.8
21,2,9094934000000,145000,0.264152,3.7857,6.75676,1.75232e+07,1.184e+08,1000000000,0.148,148,0.8
21,2,9094935000000,146000,0.26361,3.79349,5.40541,2.738e+07,1.48e+08,1000000000,0.185,185,0.8
21,2,9094936000000,147000,0.26483,3.77601,2.25734,1.56999e+08,3.544e+08,1000000000,0.443,443,0.8
21,2,9094937000000,148000,0.263811,3.7906,8.77193,1.03968e+07,9.12e+07,1000000000,0.114,114,0.8
21,2,9094938000000,149000,0.265027,3.7732,2.24719,1.5842e+08,3.56e+08,1000000000,0.445,445,0.8
21,2,9094939000000,150000,0.2646,3.77929,4.97512,3.23208e+07,1.608e+08,1000000000,0.201,201,0.8
21,2,9094940000000,151000,0.263828,3.79035,6.75676,1.75232e+07,1.184e+08,1000000000,0.148,148,0.8
21,2,9094941000000,152000,0.266191,3.7567,1.60514,3.10503e+08,4.984e+08,1000000000,0.623,623,0.8
21,2,9094942000000,153000,0.265229,3.77033,8.40336,1.13288e+07,9.52e+07,1000000000,0.119,119,0.8
21,2,9094943000000,154000,0.264526,3.78035,6.36943,1.97192e+07,1.256e+08,1000000000,0.157,157,0.8
21,2,9094944000000,155000,0.265974,3.75976,2.04499,1.91297e+08,3.912e+08,1000000000,0.489,489,0.8
21,2,9094945000000,156000,0.265218,3.77048,6.75676,1.75232e+07,1.184e+08,1000000000,0.148,148,0.8
21,2,9094946000000,157000,0.265892,3.76093,2.69542,1.10113e+08,2.968e+08,1000000000,0.371,371,0.8
21,2,9094947000000,158000,0.265835,3.76173,3.89105,5.28392e+07,2.056e+08,1000000000,0.257,257,0.8
21,2,9094948000000,159000,0.264881,3.77529,8.77193,1.03968e+07,9.12e+07,1000000000,0.114,114,0.8
21,2,9094949000000,160000,0.267087,3.74409,1.61812,3.05539e+08,4.944e+08,1000000000,0.618,618,0.8
21,2,9094950000000,161000,0.266248,3.75589,7.57576,1.39392e+07,1.056e+08,1000000000,0.132,132,0.8
21,2,9094951000000,162000,0.26516,3.7713,11.1111,6.48e+06,7.2e+07,1000000000,0.09,90,0.8
21,2,9094952000000,163000,0.267104,3.74386,1.71821,2.70979e+08,4.656e+08,1000000000,0.582,582,0.8
21,2,9094953000000,164000,0.266171,3.75699,8.77193,1.03968e+07,9.12e+07,1000000000,0.114,114,0.8
21,2,9094954000000,165000,0.266612,3.75077,2.94985,9.19368e+07,2.712e+08,1000000000,0.339,339,0.8
21,2,9094955000000,165598,0.2676,3.73692,1.85139,2.33396e+08,4.32107e+08,1000000000,0.540134,323,0.8
21,2,9094956000000,165598,0.2676,3.73692,0,-nan,-nan,1000000000,-nan,0,0.8
21,2,9094957000000,165598,0.2676,3.73692,0,-nan,-nan,1000000000,-nan,0,0.8
21,2,9094958000000,165598,0.2676,3.73692,0,-nan,-nan,1000000000,-nan,0,0.8
21,2,9094959000000,165598,0.2676,3.73692,0,-nan,-nan,1000000000,-nan,0,0.8
21,2,9094960000000,165598,0.2676,3.73692,0,-nan,-nan,1000000000,-nan,0,0.8
21,2,9094961000000,165598,0.2676,3.73692,0,-nan,-nan,1000000000,-nan,0,0.8
22,0,9094801000000,4000,0.1565,6.38978,6.38978,9.7969e+07,6.26e+08,4000000000,0.1565,156.5,1
22,1,9094802000000,6000,0.128333,7.79221,13.8889,9.3312e+06,1.296e+08,2000000000,0.072,72,0.9
22,1,9094803000000,8000,0.17525,5.70613,3.16456,1.79741e+08,5.688e+08,2000000000,0.316,316,0.9
22,2,9094804000000,9000,0.167556,5.96817,9.43396,8.9888e+06,8.48e+07,1000000000,0.106,106,0.8
22,2,9094805000000,10000,0.1814,5.51268,3.26797,7.49088e+07,2.448e+08,1000000000,0.306,306,0.8
22,2,9094806000000,11000,0.196182,5.09731,2.90698,9.46688e+07,2.752e+08,1000000000,0.344,344,0.8
22,2,9094807000000,12000,0.191833,5.21286,6.94444,1.65888e+07,1.152e+08,1000000000,0.144,144,0.8
22,2,9094808000000,13000,0.217077,4.60666,1.92308,2.1632e+08,4.16e+08,1000000000,0.52,520,0.8
22,2,9094809000000,14000,0.210071,4.76029,8.40336,1.13288e+07,9.52e+07,1000000000,0.119,119,0.8
22,2,9094810000000,15000,0.202933,4.92773,9.70874,8.4872e+06,8.24e+07,1000000000,0.103,103,0.8
22,2,9094811000000,16000,0.230625,4.33604,1.54799,3.33853e+08,5.168e+08,1000000000,0.646,646,0.8
22,2,9094812000000,17000,0.225765,4.42939,6.75676,1.75232e+07,1.184e+08,1000000000,0.148,148,0.8
22,2,9094813000000,18000,0.226278,4.41935,4.25532,4.418e+07,1.88e+08,1000000000,0.235,235,0.8
22,2,9094814000000,19000,0.235053,4.25437,2.54453,1.23559e+08,3.144e+08,1000000000,0.393,393,0.8
22,2,9094815000000,20000,0.229,4.36681,8.77193,1.03968e+07,9.12e+07,1000000000,0.114,114,0.8
22,2,9094816000000,21000,0.241381,4.14283,2.04499,1.91297e+08,3.912e+08,1000000000,0.489,489,0.8
22,2,9094817000000,22000,0.237545,4.20972,6.36943,1.97192e+07,1.256e+08,1000000000,0.157,157,0.8
22,2,9094818000000,23000,0.233652,4.27987,6.75676,1.75232e+07,1.184e+08,1000000000,0.148,148,0.8
22,2,9094819000000,24000,0.250083,3.99867,1.59236,3.15507e+08,5.024e+08,1000000000,0.628,628,0.8
22,2,9094820000000,25000,0.24464,4.08764,8.77193,1.03968e+07,9.12e+07,1000000000,0.114,114,0.8
22,2,9094821000000,26000,0.243038,4.11458,4.92611,3.29672e+07,1.624e+08,1000000000,0.203,203,0.8
22,2,9094822000000,27000,0.250444,3.9929,2.25734,1.56999e+08,3.544e+08,1000000000,0.443,443,0.8
22,2,9094823000000,28000,0.246786,4.0521,6.75676,1.75232e+07,1.184e+08,1000000000,0.148,148,0.8
22,2,9094824000000,29000,0.252655,3.95796,2.39808,1.39111e+08,3.336e+08,1000000000,0.417,417,0.8
22,2,9094825000000,30000,0.251267,3.97984,4.73934,3.56168e+07,1.688e+08,1000000000,0.211,211,0.8
22,2,9094826000000,31000,0.246839,4.05123,8.77193,1.03968e+07,9.12e+07,1000000000,0.114,114,0.8
22,2,9094827000000,32000,0.259156,3.85868,1.56006,3.28705e+08,5.128e+08,1000000000,0.641,641,0.8
22,2,9094828000000,33000,0.255606,3.91227,7.04225,1.61312e+07,1.136e+08,1000000000,0.142,142,0.8
22,2,9094829000000,34000,0.251382,3.978,8.92857,1.00352e+07,8.96e+07,1000000000,0.112,112,0.8
22,2,9094830000000,35000,0.259257,3.85717,1.89753,2.22183e+08,4.216e+08,1000000000,0.527,527,0.8
22,2,9094831000000,36000,0.255222,3.91815,8.77193,1.03968e+07,9.12e+07,1000000000,0.114,114,0.8
22,2,9094832000000,37000,0.258757,3.86463,2.59067,1.19197e+08,3.088e+08,1000000000,0.386,386,0.8
22,2,9094833000000,38000,0.258789,3.86414,3.84615,5.408e+07,2.08e+08,1000000000,0.26,260,0.8
22,2,9094834000000,39000,0.255949,3.90703,6.75676,1.75232e+07,1.184e+08,1000000000,0.148,148,0.8
22,2,9094835000000,40000,0.2644,3.78215,1.6835,2.82269e+08,4.752e+08,1000000000,0.594,594,0.8
22,2,9094836000000,41000,0.261244,3.82784,7.40741,1.458e+07,1.08e+08,1000000000,0.135,135,0.8
22,2,9094837000000,42000,0.257071,3.88997,11.6279,5.9168e+06,6.88e+07,1000000000,0.086,86,0.8
22,2,9094838000000,43000,0.264419,3.78188,1.7452,2.62663e+08,4.584e+08,1000000000,0.573,573,0.8
22,2,9094839000000,44000,0.261773,3.82011,6.75676,1.75232e+07,1.184e+08,1000000000,0.148,148,0.8
22,2,9094840000000,45000,0.262911,3.80357,3.19489,7.83752e+07,2.504e+08,1000000000,0.313,313,0.8
22,2,9094841000000,46000,0.264043,3.78726,3.1746,7.938e+07,2.52e+08,1000000000,0.315,315,0.8
22,2,9094842000000,47000,0.260851,3.83361,8.77193,1.03968e+07,9.12e+07,1000000000,0.114,114,0.8
22,2,9094843000000,48000,0.267188,3.74269,1.76991,2.5538e+08,4.52e+08,1000000000,0.565,565,0.8
22,2,9094844000000,49000,0.263796,3.79081,9.90099,8.1608e+06,8.08e+07,1000000000,0.101,101,0.8
22,2,9094845000000,50000,0.26108,3.83024,7.8125,1.31072e+07,1.024e+08,1000000000,0.128,128,0.8
22,2,9094846000000,51000,0.268275,3.72753,1.59236,3.15507e+08,5.024e+08,1000000000,0.628,628,0.8
22,2,9094847000000,52000,0.265308,3.76921,8.77193,1.03968e+07,9.12e+07,1000000000,0.114,114,0.8
22,2,9094848000000,53000,0.265604,3.76501,3.55872,6.31688e+07,2.248e+08,1000000000,0.281,281,0.8
22,2,9094849000000,54000,0.271,3.69004,1.79533,2.48199e+08,4.456e+08,1000000000,0.557,557,0.8
22,2,9094850000000,55000,0.269491,3.7107,5.31915,2.82752e+07,1.504e+08,1000000000,0.188,188,0.8
22,2,9094851000000,56000,0.266732,3.74908,8.69565,1.058e+07,9.2e+07,1000000000,0.115,115,0.8
22,2,9094852000000,57000,0.272193,3.67386,1.7301,2.67267e+08,4.624e+08,1000000000,0.578,578,0.8
22,2,9094853000000,58000,0.268034,3.73086,32.2581,768800,2.48e+07,1000000000,0.031,31,0.8
22,1,9094854000000,60000,0.261233,3.828,15.625,7.3728e+06,1.152e+08,2000000000,0.064,64,0.9
22,0,9094855000000,64000,0.255031,3.92109,6.17284,1.04976e+08,6.48e+08,4000000000,0.162,162,1
22,1,9094856000000,66000,0.249212,4.01265,15.873,7.1442e+06,1.134e+08,2000000000,0.063,63,0.9
22,1,9094857000000,68000,0.24775,4.03633,5.01253,7.16404e+07,3.591e+08,2000000000,0.1995,199.5,0.9
22,2,9094858000000,69000,0.247565,4.03934,4.25532,4.418e+07,1.88e+08,1000000000,0.235,235,0.8
22,2,9094859000000,70000,0.245771,4.06882,8.19672,1.19072e+07,9.76e+07,1000000000,0.122,122,0.8
22,2,9094860000000,71000,0.250577,3.99078,1.70358,2.75655e+08,4.696e+08,1000000000,0.587,587,0.8
22,2,9094861000000,72000,0.247972,4.03271,15.873,3.1752e+06,5.04e+07,1000000000,0.063,63,0.8
22,2,9094862000000,73000,0.246192,4.06187,8.47458,1.11392e+07,9.44e+07,1000000000,0.118,118,0.8
22,2,9094863000000,74000,0.251568,3.97508,1.5528,3.31789e+08,5.152e+08,1000000000,0.644,644,0.8
22,2,9094864000000,75000,0.249667,4.00534,9.17431,9.5048e+06,8.72e+07,1000000000,0.109,109,0.8
22,2,9094865000000,76000,0.246474,4.05723,142.857,39200,5.6e+06,1000000000,0.007,7,0.8
22,2,9094866000000,77000,0.251766,3.97194,1.52905,3.42173e+08,5.232e+08,1000000000,0.654,654,0.8
22,2,9094867000000,78000,0.250641,3.98977,6.09756,2.15168e+07,1.312e+08,1000000000,0.164,164,0.8
22,2,9094868000000,79000,0.249076,4.01484,7.87402,1.29032e+07,1.016e+08,1000000000,0.127,127,0.8
22,2,9094869000000,80000,0.251925,3.96944,2.09644,1.82023e+08,3.816e+08,1000000000,0.477,477,0.8
22,2,9094870000000,81000,0.250222,3.99645,8.77193,1.03968e+07,9.12e+07,1000000000,0.114,114,0.8
22,2,9094871000000,82000,0.250817,3.98697,3.34448,7.15208e+07,2.392e+08,1000000000,0.299,299,0.8
22,2,9094872000000,83000,0.252072,3.96712,2.8169,1.0082e+08,2.84e+08,1000000000,0.355,355,0.8
22,2,9094873000000,84000,0.251024,3.98369,6.09756,2.15168e+07,1.312e+08,1000000000,0.164,164,0.8
22,2,9094874000000,85000,0.252929,3.95367,2.42131,1.36455e+08,3.304e+08,1000000000,0.413,413,0.8
22,2,9094875000000,86000,0.252209,3.96496,5.2356,2.91848e+07,1.528e+08,1000000000,0.191,191,0.8
22,2,9094876000000,87000,0.250621,3.99009,8.77193,1.03968e+07,9.12e+07,1000000000,0.114,114,0.8
22,2,9094877000000,88000,0.254307,3.93226,1.73913,2.645e+08,4.6e+08,1000000000,0.575,575,0.8
22,2,9094878000000,89000,0.252618,3.95855,9.61538,8.6528e+06,8.32e+07,1000000000,0.104,104,0.8
22,2,9094879000000,90000,0.251356,3.97843,7.19424,1.54568e+07,1.112e+08,1000000000,0.139,139,0.8
22,2,9094880000000,91000,0.255231,3.91802,1.65563,2.91853e+08,4.832e+08,1000000000,0.604,604,0.8
22,2,9094881000000,92000,0.253696,3.94173,8.77193,1.03968e+07,9.12e+07,1000000000,0.114,114,0.8
22,2,9094882000000,93000,0.251548,3.97538,18.5185,2.3328e+06,4.32e+07,1000000000,0.054,54,0.8
22,2,9094883000000,94000,0.255255,3.91765,1.66667,2.88e+08,4.8e+08,1000000000,0.6,600,0.8
22,2,9094884000000,95000,0.254295,3.93244,6.09756,2.15168e+07,1.312e+08,1000000000,0.164,164,0.8
22,2,9094885000000,96000,0.253729,3.94121,5,3.2e+07,1.6e+08,1000000000,0.2,200,0.8
22,2,9094886000000,97000,0.255278,3.91729,2.47525,1.30573e+08,3.232e+08,1000000000,0.404,404,0.8
22,2,9094887000000,98000,0.253837,3.93954,8.77193,1.03968e+07,9.12e+07,1000000000,0.114,114,0.8
22,2,9094888000000,99000,0.254909,3.92297,2.77778,1.0368e+08,2.88e+08,1000000000,0.36,360,0.8
22,2,9094889000000,100000,0.2553,3.91696,3.40136,6.91488e+07,2.352e+08,1000000000,0.294,294,0.8
22,2,9094890000000,101000,0.254396,3.93088,6.09756,2.15168e+07,1.312e+08,1000000000,0.164,164,0.8
22,2,9094891000000,102000,0.256422,3.89983,2.1692,1.70017e+08,3.688e+08,1000000000,0.461,461,0.8
22,2,9094892000000,103000,0.25532,3.91665,6.99301,1.63592e+07,1.144e+08,1000000000,0.143,143,0.8
22,2,9094893000000,104000,0.253962,3.9376,8.77193,1.03968e+07,9.12e+07,1000000000,0.114,114,0.8
22,2,9094894000000,105000,0.257467,3.884,1.60772,3.09507e+08,4.976e+08,1000000000,0.622,622,0.8
22,2,9094895000000,106000,0.256302,3.90165,7.46269,1.43648e+07,1.072e+08,1000000000,0.134,134,0.8
22,2,9094896000000,107000,0.254486,3.92949,16.129,3.0752e+06,4.96e+07,1000000000,0.062,62,0.8
22,2,9094897000000,108000,0.257722,3.88015,1.65563,2.91853e+08,4.832e+08,1000000000,0.604,604,0.8
22,2,9094898000000,109000,0.256404,3.9001,8.77193,1.03968e+07,9.12e+07,1000000000,0.114,114,0.8
22,2,9094899000000,110000,0.255391,3.91557,6.89655,1.682e+07,1.16e+08,1000000000,0.145,145,0.8
22,2,9094900000000,111000,0.257676,3.88085,1.96464,2.07265e+08,4.072e+08,1000000000,0.509,509,0.8
22,2,9094901000000,112000,0.256839,3.89349,6.09756,2.15168e+07,1.312e+08,1000000000,0.164,164,0.8
22,2,9094902000000,113000,0.256858,3.8932,3.861,5.36648e+07,2.072e+08,1000000000,0.259,259,0.8
22,2,9094903000000,114000,0.25943,3.85461,1.81818,2.42e+08,4.4e+08,1000000000,0.55,550,0.8
22,2,9094904000000,115000,0.258696,3.86555,5.71429,2.45e+07,1.4e+08,1000000000,0.175,175,0.8
22,2,9094905000000,116000,0.257457,3.88415,8.69565,1.058e+07,9.2e+07,1000000000,0.115,115,0.8
22,2,9094906000000,117000,0.260368,3.84072,1.67224,2.86083e+08,4.784e+08,1000000000,0.598,598,0.8
22,2,9094907000000,118000,0.259381,3.85533,6.94444,1.65888e+07,1.152e+08,1000000000,0.144,144,0.8
22,2,9094908000000,119000,0.258017,3.87572,10.3093,7.5272e+06,7.76e+07,1000000000,0.097,97,0.8
22,2,9094909000000,120000,0.260417,3.84,1.8315,2.38493e+08,4.368e+08,1000000000,0.546,546,0.8
22,2,9094910000000,121000,0.259207,3.85793,8.77193,1.03968e+07,9.12e+07,1000000000,0.114,114,0.8
22,2,9094911000000,122000,0.260098,3.8447,2.71739,1.08339e+08,2.944e+08,1000000000,0.368,368,0.8
22,2,9094912000000,123000,0.260244,3.84255,3.59712,6.18272e+07,2.224e+08,1000000000,0.278,278,0.8
22,2,9094913000000,124000,0.259339,3.85596,6.75676,1.75232e+07,1.184e+08,1000000000,0.148,148,0.8
22,2,9094914000000,125000,0.261896,3.81831,1.72712,2.68193e+08,4.632e+08,1000000000,0.579,579,0.8
22,2,9094915000000,126000,0.260889,3.83305,7.40741,1.458e+07,1.08e+08,1000000000,0.135,135,0.8
22,2,9094916000000,127000,0.259425,3.85468,13.3333,4.5e+06,6e+07,1000000000,0.075,75,0.8
22,2,9094917000000,128000,0.262078,3.81566,1.66945,2.87041e+08,4.792e+08,1000000000,0.599,599,0.8
22,2,9094918000000,129000,0.261194,3.82857,6.75676,1.75232e+07,1.184e+08,1000000000,0.148,148,0.8
22,2,9094919000000,130000,0.261446,3.82488,3.40136,6.91488e+07,2.352e+08,1000000000,0.294,294,0.8
22,2,9094920000000,131000,0.262,3.81679,2.99401,8.92448e+07,2.672e+08,1000000000,0.334,334,0.8
22,2,9094921000000,132000,0.260879,3.8332,8.77193,1.03968e+07,9.12e+07,1000000000,0.114,114,0.8
22,2,9094922000000,133000,0.26303,3.80185,1.82815,2.39367e+08,4.376e+08,1000000000,0.547,547,0.8
22,2,9094923000000,134000,0.261851,3.81897,9.52381,8.82e+06,8.4e+07,1000000000,0.105,105,0.8
22,2,9094924000000,135000,0.260963,3.83196,7.04225,1.61312e+07,1.136e+08,1000000000,0.142,142,0.8
22,2,9094925000000,136000,0.263662,3.79274,1.59236,3.15507e+08,5.024e+08,1000000000,0.628,628,0.8
22,2,9094926000000,137000,0.262569,3.80852,8.77193,1.03968e+07,9.12e+07,1000000000,0.114,114,0.8
22,2,9094927000000,138000,0.26258,3.80837,3.78788,5.57568e+07,2.112e+08,1000000000,0.264,264,0.8
22,2,9094928000000,139000,0.263439,3.79595,2.6178,1.16739e+08,3.056e+08,1000000000,0.382,382,0.8
22,2,9094929000000,140000,0.262614,3.80787,6.75676,1.75232e+07,1.184e+08,1000000000,0.148,148,0.8
22,2,9094930000000,141000,0.264128,3.78605,2.10084,1.81261e+08,3.808e+08,1000000000,0.476,476,0.8
22,2,9094931000000,142000,0.263338,3.7974,6.57895,1.84832e+07,1.216e+08,1000000000,0.152,152,0.8
22,2,9094932000000,143000,0.262294,3.81252,8.77193,1.03968e+07,9.12e+07,1000000000,0.114,114,0.8
22,2,9094933000000,144000,0.264958,3.77418,1.54799,3.33853e+08,5.168e+08,1000000000,0.646,646,0.8
22,2,9094934000000,145000,0.264152,3.7857,6.75676,1.75232e+07,1.184e+08,1000000000,0.148,148,0.8
22,2,9094935000000,146000,0.26361,3.79349,5.40541,2.738e+07,1.48e+08,1000000000,0.185,185,0.8
22,2,9094936000000,147000,0.26483,3.77601,2.25734,1.56999e+08,3.544e+08,1000000000,0.443,443,0.8
22,2,9094937000000,148000,0.263811,3.7906,8.77193,1.03968e+07,9.12e+07,1000000000,0.114,114,0.8
22,2,9094938000000,149000,0.265027,3.7732,2.24719,1.5842e+08,3.56e+08,1000000000,0.445,445,0.8
22,2,9094939000000,150000,0.2646,3.77929,4.97512,3.23208e+07,1.608e+08,1000000000,0.201,201,0.8
22,2,9094940000000,151000,0.263828,3.79035,6.75676,1.75232e+07,1.184e+08,1000000000,0.148,148,0.8
22,2,9094941000000,152000,0.266191,3.7567,1.60514,3.10503e+08,4.984e+08,1000000000,0.623,623,0.8
22,2,9094942000000,153000,0.265229,3.77033,8.40336,1.13288e+07,9.52e+07,1000000000,0.119,119,0.8
22,2,9094943000000,154000,0.264526,3.78035,6.36943,1.97192e+07,1.256e+08,1000000000,0.157,157,0.8
22,2,9094944000000,155000,0.265974,3.75976,2.04499,1.91297e+08,3.912e+08,1000000000,0.489,489,0.8
22,2,9094945000000,156000,0.265218,3.77048,6.75676,1.75232e+07,1.184e+08,1000000000,0.148,148,0.8
22,2,9094946000000,157000,0.265892,3.76093,2.69542,1.10113e+08,2.968e+08,1000000000,0.371,371,0.8
22,2,9094947000000,158000,0.265835,3.76173,3.89105,5.28392e+07,2.056e+08,1000000000,0.257,257,0.8
22,2,9094948000000,159000,0.264881,3.77529,8.77193,1.03968e+07,9.12e+07,1000000000,0.114,114,0.8
22,2,9094949000000,160000,0.267087,3.74409,1.61812,3.05539e+08,4.944e+08,1000000000,0.618,618,0.8
22,2,9094950000000,161000,0.266248,3.75589,7.57576,1.39392e+07,1.056e+08,1000000000,0.132,132,0.8
22,2,9094951000000,162000,0.26516,3.7713,11.1111,6.48e+06,7.2e+07,1000000000,0.09,90,0.8
22,2,9094952000000,163000,0.267104,3.74386,1.71821,2.70979e+08,4.656e+08,1000000000,0.582,582,0.8
22,2,9094953000000,164000,0.266171,3.75699,8.77193,1.03968e+07,9.12e+07,1000000000,0.114,114,0.8
22,2,9094954000000,165000,0.266612,3.75077,2.94985,9.19368e+07,2.712e+08,1000000000,0.339,339,0.8
22,2,9094955000000,165598,0.2676,3.73692,1.85139,2.33396e+08,4.32107e+08,1000000000,0.540134,323,0.8
22,2,9094956000000,165598,0.2676,3.73692,0,-nan,-nan,1000000000,-nan,0,0.8
22,2,9094957000000,165598,0.2676,3.73692,0,-nan,-nan,1000000000,-nan,0,0.8
22,2,9094958000000,165598,0.2676,3.73692,0,-nan,-nan,1000000000,-nan,0,0.8
22,2,9094959000000,165598,0.2676,3.73692,0,-nan,-nan,1000000000,-nan,0,0.8
22,2,9094960000000,165598,0.2676,3.73692,0,-nan,-nan,1000000000,-nan,0,0.8
22,2,9094961000000,165598,0.2676,3.73692,0,-nan,-nan,1000000000,-nan,0,0.8
23,0,9094801000000,4000,0.1565,6.38978,6.38978,9.7969e+07,6.26e+08,4000000000,0.1565,156.5,1
23,1,9094802000000,6000,0.128333,7.79221,13.8889,9.3312e+06,1.296e+08,2000000000,0.072,72,0.9
23,1,9094803000000,8000,0.17525,5.70613,3.16456,1.79741e+08,5.688e+08,2000000000,0.316,316,0.9
23,2,9094804000000,9000,0.167556,5.96817,9.43396,8.9888e+06,8.48e+07,1000000000,0.106,106,0.8
23,2,9094805000000,10000,0.1814,5.51268,3.26797,7.49088e+07,2.448e+08,1000000000,0.306,306,0.8
23,2,9094806000000,11000,0.196182,5.09731,2.90698,9.46688e+07,2.752e+08,1000000000,0.344,344,0.8
23,2,9094807000000,12000,0.191833,5.21286,6.94444,1.65888e+07,1.152e+08,1000000000,0.144,144,0.8
23,2,9094808000000,13000,0.217077,4.60666,1.92308,2.1632e+08,4.16e+08,1000000000,0.52,520,0.8
23,2,9094809000000,14000,0.210071,4.76029,8.40336,1.13288e+07,9.52e+07,1000000000,0.119,119,0.8
23,2,9094810000000,15000,0.202933,4.92773,9.70874,8.4872e+06,8.24e+07,1000000000,0.103,103,0.8
23,2,9094811000000,16000,0.230625,4.33604,1.54799,3.33853e+08,5.168e+08,1000000000,0.646,646,0.8
23,2,9094812000000,17000,0.225765,4.42939,6.75676,1.75232e+07,1.184e+08,1000000000,0.148,148,0.8
23,2,9094813000000,18000,0.226278,4.41935,4.25532,4.418e+07,1.88e+08,1000000000,0.235,235,0.8
23,2,9094814000000,19000,0.235053,4.25437,2.54453,1.23559e+08,3.144e+08,1000000000,0.393,393,0.8
23,2,9094815000000,20000,0.229,4.36681,8.77193,1.03968e+07,9.12e+07,1000000000,0.114,114,0.8
23,2,9094816000000,21000,0.241381,4.14283,2.04499,1.91297e+08,3.912e+08,1000000000,0.489,489,0.8
23,2,9094817000000,22000,0.237545,4.20972,6.36943,1.97192e+07,1.256e+08,1000000000,0.157,157,0.8
23,2,9094818000000,23000,0.233652,4.27987,6.75676,1.75232e+07,1.184e+08,1000000000,0.148,148,0.8
23,2,9094819000000,24000,0.250083,3.99867,1.59236,3.15507e+08,5.024e+08,1000000000,0.628,628,0.8
23,2,9094820000000,25000,0.24464,4.08764,8.77193,1.03968e+07,9.12e+07,1000000000,0.114,114,0.8
23,2,9094821000000,26000,0.243038,4.11458,4.92611,3.29672e+07,1.624e+08,1000000000,0.203,203,0.8
23,2,9094822000000,27000,0.250444,3.9929,2.25734,1.56999e+08,3.544e+08,1000000000,0.443,443,0.8
23,2,9094823000000,28000,0.246786,4.0521,6.75676,1.75232e+07,1.184e+08,1000000000,0.148,148,0.8
23,2,9094824000000,29000,0.252655,3.95796,2.39808,1.39111e+08,3.336e+08,1000000000,0.417,417,0.8
23,2,9094825000000,30000,0.251267,3.97984,4.73934,3.56168e+07,1.688e+08,1000000000,0.211,211,0.8
23,2,9094826000000,31000,0.246839,4.05123,8.77193,1.03968e+07,9.12e+07,1000000000,0.114,114,0.8
23,2,9094827000000,32000,0.259156,3.85868,1.56006,3.28705e+08,5.128e+08,1000000000,0.641,641,0.8
23,2,9094828000000,33000,0.255606,3.91227,7.04225,1.61312e+07,1.136e+08,1000000000,0.142,142,0.8
23,2,9094829000000,34000,0.251382,3.978,8.92857,1.00352e+07,8.96e+07,1000000000,0.112,112,0.8
23,2,9094830000000,35000,0.259257,3.85717,1.89753,2.22183e+08,4.216e+08,1000000000,0.527,527,0.8
23,2,9094831000000,36000,0.255222,3.91815,8.77193,1.03968e+07,9.12e+07,1000000000,0.114,114,0.8
23,2,9094832000000,37000,0.258757,3.86463,2.59067,1.19197e+08,3.088e+08,1000000000,0.386,386,0.8
23,2,9094833000000,38000,0.258789,3.86414,3.84615,5.408e+07,2.08e+08,1000000000,0.26,260,0.8
23,2,9094834000000,39000,0.255949,3.90703,6.75676,1.75232e+07,1.184e+08,1000000000,0.148,148,0.8
23,2,9094835000000,40000,0.2644,3.78215,1.6835,2.82269e+08,4.752e+08,1000000000,0.594,594,0.8
23,2,9094836000000,41000,0.261244,3.82784,7.40741,1.458e+07,1.08e+08,1000000000,0.135,135,0.8
23,2,9094837000000,42000,0.257071,3.88997,11.6279,5.9168e+06,6.88e+07,1000000000,0.086,86,0.8
23,2,9094838000000,43000,0.264419,3.78188,1.7452,2.62663e+08,4.584e+08,1000000000,0.573,573,0.8
23,2,9094839000000,44000,0.261773,3.82011,6.75676,1.75232e+07,1.184e+08,1000000000,0.148,148,0.8
23,2,9094840000000,45000,0.262911,3.80357,3.19489,7.83752e+07,2.504e+08,1000000000,0.313,313,0.8
23,2,9094841000000,46000,0.264043,3.78726,3.1746,7.938e+07,2.52e+08,1000000000,0.315,315,0.8
23,2,9094842000000,47000,0.260851,3.83361,8.77193,1.03968e+07,9.12e+07,1000000000,0.114,114,0.8
23,2,9094843000000,48000,0.267188,3.74269,1.76991,2.5538e+08,4.52e+08,1000000000,0.565,565,0.8
23,2,9094844000000,49000,0.263796,3.79081,9.90099,8.1608e+06,8.08e+07,1000000000,0.101,101,0.8
23,2,9094845000000,50000,0.26108,3.83024,7.8125,1.31072e+07,1.024e+08,1000000000,0.128,128,0.8
23,2,9094846000000,51000,0.268275,3.72753,1.59236,3.15507e+08,5.024e+08,1000000000,0.628,628,0.8
23,2,9094847000000,52000,0.265308,3.76921,8.77193,1.03968e+07,9.12e+07,1000000000,0.114,114,0.8
23,2,9094848000000,53000,0.265604,3.76501,3.55872,6.31688e+07,2.248e+08,1000000000,0.281,281,0.8
23,2,9094849000000,54000,0.271,3.69004,1.79533,2.48199e+08,4.456e+08,1000000000,0.557,557,0.8
23,2,9094850000000,55000,0.269491,3.7107,5.31915,2.82752e+07,1.504e+08,1000000000,0.188,188,0.8
23,2,9094851000000,56000,0.266732,3.74908,8.69565,1.058e+07,9.2e+07,1000000000,0.115,115,0.8
23,2,9094852000000,57000,0.272193,3.67386,1.7301,2.67267e+08,4.624e+08,1000000000,0.578,578,0.8
23,2,9094853000000,58000,0.268034,3.73086,32.2581,768800,2.48e+07,1000000000,0.031,31,0.8
23,1,9094854000000,60000,0.261233,3.828,15.625,7.3728e+06,1.152e+08,2000000000,0.064,64,0.9
23,0,9094855000000,64000,0.255031,3.92109,6.17284,1.04976e+08,6.48e+08,4000000000,0.162,162,1
23,1,9094856000000,66000,0.249212,4.01265,15.873,7.1442e+06,1.134e+08,2000000000,0.063,63,0.9
23,1,9094857000000,68000,0.24775,4.03633,5.01253,7.16404e+07,3.591e+08,2000000000,0.1995,199.5,0.9
23,2,9094858000000,69000,0.247565,4.03934,4.25532,4.418e+07,1.88e+08,1000000000,0.235,235,0.8
23,2,9094859000000,70000,0.245771,4.06882,8.19672,1.19072e+07,9.76e+07,1000000000,0.122,122,0.8
23,2,9094860000000,71000,0.250577,3.99078,1.70358,2.75655e+08,4.696e+08,1000000000,0.587,587,0.8
23,2,9094861000000,72000,0.247972,4.03271,15.873,3.1752e+06,5.04e+07,1000000000,0.063,63,0.8
23,2,9094862000000,73000,0.246192,4.06187,8.47458,1.11392e+07,9.44e+07,1000000000,0.118,118,0.8
23,2,9094863000000,74000,0.251568,3.97508,1.5528,3.31789e+08,5.152e+08,1000000000,0.644,644,0.8
23,2,9094864000000,75000,0.249667,4.00534,9.17431,9.5048e+06,8.72e+07,1000000000,0.109,109,0.8
23,2,9094865000000,76000,0.246474,4.05723,142.857,39200,5.6e+06,1000000000,0.007,7,0.8
23,2,9094866000000,77000,0.251766,3.97194,1.52905,3.42173e+08,5.232e+08,1000000000,0.654,654,0.8
23,2,9094867000000,78000,0.250641,3.98977,6.09756,2.15168e+07,1.312e+08,1000000000,0.164,164,0.8
23,2,9094868000000,79000,0.249076,4.01484,7.87402,1.29032e+07,1.016e+08,1000000000,0.127,127,0.8
23,2,9094869000000,80000,0.251925,3.96944,2.09644,1.82023e+08,3.816e+08,1000000000,0.477,477,0.8
23,2,9094870000000,81000,0.250222,3.99645,8.77193,1.03968e+07,9.12e+07,1000000000,0.114,114,0.8
23,2,9094871000000,82000,0.250817,3.98697,3.34448,7.15208e+07,2.392e+08,1000000000,0.299,299,0.8
23,2,9094872000000,83000,0.252072,3.96712,2.8169,1.0082e+08,2.84e+08,1000000000,0.355,355,0.8
23,2,9094873000000,84000,0.251024,3.98369,6.09756,2.15168e+07,1.312e+08,1000000000,0.164,164,0.8
23,2,9094874000000,85000,0.252929,3.95367,2.42131,1.36455e+08,3.304e+08,1000000000,0.413,413,0.8
23,2,9094875000000,86000,0.252209,3.96496,5.2356,2.91848e+07,1.528e+08,1000000000,0.191,191,0.8
23,2,9094876000000,87000,0.250621,3.99009,8.77193,1.03968e+07,9.12e+07,1000000000,0.114,114,0.8
23,2,9094877000000,88000,0.254307,3.93226,1.73913,2.645e+08,4.6e+08,1000000000,0.575,575,0.8
23,2,9094878000000,89000,0.252618,3.95855,9.61538,8.6528e+06,8.32e+07,1000000000,0.104,104,0.8
23,2,9094879000000,90000,0.251356,3.97843,7.19424,1.54568e+07,1.112e+08,1000000000,0.139,139,0.8
23,2,9094880000000,91000,0.255231,3.91802,1.65563,2.91853e+08,4.832e+08,1000000000,0.604,604,0.8
23,2,9094881000000,92000,0.253696,3.94173,8.77193,1.03968e+07,9.12e+07,1000000000,0.114,114,0.8
23,2,9094882000000,93000,0.251548,3.97538,18.5185,2.3328e+06,4.32e+07,1000000000,0.054,54,0.8
23,2,9094883000000,94000,0.255255,3.91765,1.66667,2.88e+08,4.8e+08,1000000000,0.6,600,0.8
23,2,9094884000000,95000,0.254295,3.93244,6.09756,2.15168e+07,1.312e+08,1000000000,0.164,164,0.8
23,2,9094885000000,96000,0.253729,3.94121,5,3.2e+07,1.6e+08,1000000000,0.2,200,0.8
23,2,9094886000000,97000,0.255278,3.91729,2.47525,1.30573e+08,3.232e+08,1000000000,0.404,404,0.8
23,2,9094887000000,98000,0.253837,3.93954,8.77193,1.03968e+07,9.12e+07,1000000000,0.114,114,0.8
23,2,9094888000000,99000,0.254909,3.92297,2.77778,1.0368e+08,2.88e+08,1000000000,0.36,360,0.8
23,2,9094889000000,100000,0.2553,3.91696,3.40136,6.91488e+07,2.352e+08,1000000000,0.294,294,0.8
23,2,9094890000000,101000,0.254396,3.93088,6.09756,2.15168e+07,1.312e+08,1000000000,0.164,164,0.8
23,2,9094891000000,102000,0.256422,3.89983,2.1692,1.70017e+08,3.688e+08,1000000000,0.461,461,0.8
23,2,9094892000000,103000,0.25532,3.91665,6.99301,1.63592e+07,1.144e+08,1000000000,0.143,143,0.8
23,2,9094893000000,104000,0.253962,3.9376,8.77193,1.03968e+07,9.12e+07,1000000000,0.114,114,0.8
23,2,9094894000000,105000,0.257467,3.884,1.60772,3.09507e+08,4.976e+08,1000000000,0.622,622,0.8
23,2,9094895000000,106000,0.256302,3.90165,7.46269,1.43648e+07,1.072e+08,1000000000,0.134,134,0.8
23,2,9094896000000,107000,0.254486,3.92949,16.129,3.0752e+06,4.96e+07,1000000000,0.062,62,0.8
23,2,9094897000000,108000,0.257722,3.88015,1.65563,2.91853e+08,4.832e+08,1000000000,0.604,604,0.8
23,2,9094898000000,109000,0.256404,3.9001,8.77193,1.03968e+07,9.12e+07,1000000000,0.114,114,0.8
23,2,9094899000000,110000,0.255391,3.91557,6.89655,1.682e+07,1.16e+08,1000000000,0.145,145,0.8
23,2,9094900000000,111000,0.257676,3.88085,1.96464,2.07265e+08,4.072e+08,1000000000,0.509,509,0.8
23,2,9094901000000,112000,0.256839,3.89349,6.09756,2.15168e+07,1.312e+08,1000000000,0.164,164,0.8
23,2,9094902000000,113000,0.256858,3.8932,3.861,5.36648e+07,2.072e+08,1000000000,0.259,259,0.8
23,2,9094903000000,114000,0.25943,3.85461,1.81818,2.42e+08,4.4e+08,1000000000,0.55,550,0.8
23,2,9094904000000,115000,0.258696,3.86555,5.71429,2.45e+07,1.4e+08,1000000000,0.175,175,0.8
23,2,9094905000000,116000,0.257457,3.88415,8.69565,1.058e+07,9.2e+07,1000000000,0.115,115,0.8
23,2,9094906000000,117000,0.260368,3.84072,1.67224,2.86083e+08,4.784e+08,1000000000,0.598,598,0.8
23,2,9094907000000,118000,0.259381,3.85533,6.94444,1.65888e+07,1.152e+08,1000000000,0.144,144,0.8
23,2,9094908000000,119000,0.258017,3.87572,10.3093,7.5272e+06,7.76e+07,1000000000,0.097,97,0.8
23,2,9094909000000,120000,0.260417,3.84,1.8315,2.38493e+08,4.368e+08,1000000000,0.546,546,0.8
23,2,9094910000000,121000,0.259207,3.85793,8.77193,1.03968e+07,9.12e+07,1000000000,0.114,114,0.8
23,2,9094911000000,122000,0.260098,3.8447,2.71739,1.08339e+08,2.944e+08,1000000000,0.368,368,0.8
23,2,9094912000000,123000,0.260244,3.84255,3.59712,6.18272e+07,2.224e+08,1000000000,0.278,278,0.8
23,2,9094913000000,124000,0.259339,3.85596,6.75676,1.75232e+07,1.184e+08,1000000000,0.148,148,0.8
23,2,9094914000000,125000,0.261896,3.81831,1.72712,2.68193e+08,4.632e+08,1000000000,0.579,579,0.8
23,2,9094915000000,126000,0.260889,3.83305,7.40741,1.458e+07,1.08e+08,1000000000,0.135,135,0.8
23,2,9094916000000,127000,0.259425,3.85468,13.3333,4.5e+06,6e+07,1000000000,0.075,75,0.8
23,2,9094917000000,128000,0.262078,3.81566,1.66945,2.87041e+08,4.792e+08,1000000000,0.599,599,0.8
23,2,9094918000000,129000,0.261194,3.82857,6.75676,1.75232e+07,1.184e+08,1000000000,0.148,148,0.8
23,2,9094919000000,130000,0.261446,3.82488,3.40136,6.91488e+07,2.352e+08,1000000000,0.294,294,0.8
23,2,9094920000000,131000,0.262,3.81679,2.99401,8.92448e+07,2.672e+08,1000000000,0.334,334,0.8
23,2,9094921000000,132000,0.260879,3.8332,8.77193,1.03968e+07,9.12e+07,1000000000,0.114,114,0.8
23,2,9094922000000,133000,0.26303,3.80185,1.82815,2.39367e+08,4.376e+08,1000000000,0.547,547,0.8
23,2,9094923000000,134000,0.261851,3.81897,9.52381,8.82e+06,8.4e+07,1000000000,0.105,105,0.8
23,2,9094924000000,135000,0.260963,3.83196,7.04225,1.61312e+07,1.136e+08,1000000000,0.142,142,0.8
23,2,9094925000000,136000,0.263662,3.79274,1.59236,3.15507e+08,5.024e+08,1000000000,0.628,628,0.8
23,2,9094926000000,137000,0.262569,3.80852,8.77193,1.03968e+07,9.12e+07,1000000000,0.114,114,0.8
23,2,9094927000000,138000,0.26258,3.80837,3.78788,5.57568e+07,2.112e+08,1000000000,0.264,264,0.8
23,2,9094928000000,139000,0.263439,3.79595,2.6178,1.16739e+08,3.056e+08,1000000000,0.382,382,0.8
23,2,9094929000000,140000,0.262614,3.80787,6.75676,1.75232e+07,1.184e+08,1000000000,0.148,148,0.8
23,2,9094930000000,141000,0.264128,3.78605,2.10084,1.81261e+08,3.808e+08,1000000000,0.476,476,0.8
23,2,9094931000000,142000,0.263338,3.7974,6.57895,1.84832e+07,1.216e+08,1000000000,0.152,152,0.8
23,2,9094932000000,143000,0.262294,3.81252,8.77193,1.03968e+07,9.12e+07,1000000000,0.114,114,0.8
23,2,9094933000000,144000,0.264958,3.77418,1.54799,3.33853e+08,5.168e+08,1000000000,0.646,646,0.8
23,2,9094934000000,145000,0.264152,3.7857,6.75676,1.75232e+07,1.184e+08,1000000000,0.148,148,0.8
23,2,9094935000000,146000,0.26361,3.79349,5.40541,2.738e+07,1.48e+08,1000000000,0.185,185,0.8
23,2,9094936000000,147000,0.26483,3.77601,2.25734,1.56999e+08,3.544e+08,1000000000,0.443,443,0.8
23,2,9094937000000,148000,0.263811,3.7906,8.77193,1.03968e+07,9.12e+07,1000000000,0.114,114,0.8
23,2,9094938000000,149000,0.265027,3.7732,2.24719,1.5842e+08,3.56e+08,1000000000,0.445,445,0.8
23,2,9094939000000,150000,0.2646,3.77929,4.97512,3.23208e+07,1.608e+08,1000000000,0.201,201,0.8
23,2,9094940000000,151000,0.263828,3.79035,6.75676,1.75232e+07,1.184e+08,1000000000,0.148,148,0.8
23,2,9094941000000,152000,0.266191,3.7567,1.60514,3.10503e+08,4.984e+08,1000000000,0.623,623,0.8
23,2,9094942000000,153000,0.265229,3.77033,8.40336,1.13288e+07,9.52e+07,1000000000,0.119,119,0.8
23,2,9094943000000,154000,0.264526,3.78035,6.36943,1.97192e+07,1.256e+08,1000000000,0.157,157,0.8
23,2,9094944000000,155000,0.265974,3.75976,2.04499,1.91297e+08,3.912e+08,1000000000,0.489,489,0.8
23,2,9094945000000,156000,0.265218,3.77048,6.75676,1.75232e+07,1.184e+08,1000000000,0.148,148,0.8
23,2,9094946000000,157000,0.265892,3.76093,2.69542,1.10113e+08,2.968e+08,1000000000,0.371,371,0.8
23,2,9094947000000,158000,0.265835,3.76173,3.89105,5.28392e+07,2.056e+08,1000000000,0.257,257,0.8
23,2,9094948000000,159000,0.264881,3.77529,8.77193,1.03968e+07,9.12e+07,1000000000,0.114,114,0.8
23,2,9094949000000,160000,0.267087,3.74409,1.61812,3.05539e+08,4.944e+08,1000000000,0.618,618,0.8
23,2,9094950000000,161000,0.266248,3.75589,7.57576,1.39392e+07,1.056e+08,1000000000,0.132,132,0.8
23,2,9094951000000,162000,0.26516,3.7713,11.1111,6.48e+06,7.2e+07,1000000000,0.09,90,0.8
23,2,9094952000000,163000,0.267104,3.74386,1.71821,2.70979e+08,4.656e+08,1000000000,0.582,582,0.8
23,2,9094953000000,164000,0.266171,3.75699,8.77193,1.03968e+07,9.12e+07,1000000000,0.114,114,0.8
23,2,9094954000000,165000,0.266612,3.75077,2.94985,9.19368e+07,2.712e+08,1000000000,0.339,339,0.8
23,2,9094955000000,165598,0.2676,3.73692,1.85139,2.33396e+08,4.32107e+08,1000000000,0.540134,323,0.8
23,2,9094956000000,165598,0.2676,3.73692,0,-nan,-nan,1000000000,-nan,0,0.8
23,2,9094957000000,165598,0.2676,3.73692,0,-nan,-nan,1000000000,-nan,0,0.8
23,2,9094958000000,165598,0.2676,3.73692,0,-nan,-nan,1000000000,-nan,0,0.8
23,2,9094959000000,165598,0.2676,3.73692,0,-nan,-nan,1000000000,-nan,0,0.8
23,2,9094960000000,165598,0.2676,3.73692,0,-nan,-nan,1000000000,-nan,0,0.8
23,2,9094961000000,165598,0.2676,3.73692,0,-nan,-nan,1000000000,-nan,0,0.8
24,0,9094801000000,4000,0.13075,7.64818,7.64818,6.83822e+07,5.23e+08,4000000000,0.13075,130.75,1
24,1,9094802000000,6000,0.111167,8.9955,13.8889,9.3312e+06,1.296e+08,2000000000,0.072,72,0.9
24,1,9094803000000,8000,0.162375,6.15858,3.16456,1.79741e+08,5.688e+08,2000000000,0.316,316,0.9
24,2,9094804000000,9000,0.156111,6.40569,9.43396,8.9888e+06,8.48e+07,1000000000,0.106,106,0.8
24,2,9094805000000,10000,0.176,5.68182,2.8169,1.0082e+08,2.84e+08,1000000000,0.355,355,0.8
24,2,9094806000000,11000,0.186818,5.3528,3.38983,6.962e+07,2.36e+08,1000000000,0.295,295,0.8
24,2,9094807000000,12000,0.18325,5.45703,6.94444,1.65888e+07,1.152e+08,1000000000,0.144,144,0.8
24,2,9094808000000,13000,0.213077,4.69314,1.75131,2.60833e+08,4.568e+08,1000000000,0.571,571,0.8
24,2,9094809000000,14000,0.207571,4.81762,7.35294,1.47968e+07,1.088e+08,1000000000,0.136,136,0.8
24,2,9094810000000,15000,0.198267,5.04371,14.7059,3.6992e+06,5.44e+07,1000000000,0.068,68,0.8
24,2,9094811000000,16000,0.224188,4.46055,1.63132,3.00615e+08,4.904e+08,1000000000,0.613,613,0.8
24,2,9094812000000,17000,0.219706,4.55154,6.75676,1.75232e+07,1.184e+08,1000000000,0.148,148,0.8
24,2,9094813000000,18000,0.223444,4.47539,3.48432,6.58952e+07,2.296e+08,1000000000,0.287,287,0.8
24,2,9094814000000,19000,0.229632,4.3548,2.93255,9.30248e+07,2.728e+08,1000000000,0.341,341,0.8
24,2,9094815000000,20000,0.22385,4.46728,8.77193,1.03968e+07,9.12e+07,1000000000,0.114,114,0.8
24,2,9094816000000,21000,0.239,4.1841,1.84502,2.35011e+08,4.336e+08,1000000000,0.542,542,0.8
24,2,9094817000000,22000,0.232909,4.29352,9.52381,8.82e+06,8.4e+07,1000000000,0.105,105,0.8
24,2,9094818000000,23000,0.229174,4.3635,6.80272,1.72872e+07,1.176e+08,1000000000,0.147,147,0.8
24,2,9094819000000,24000,0.245792,4.06849,1.59236,3.15507e+08,5.024e+08,1000000000,0.628,628,0.8
24,2,9094820000000,25000,0.24052,4.15766,8.77193,1.03968e+07,9.12e+07,1000000000,0.114,114,0.8
24,2,9094821000000,26000,0.241077,4.14805,3.92157,5.202e+07,2.04e+08,1000000000,0.255,255,0.8
24,2,9094822000000,27000,0.24663,4.05466,2.55754,1.22305e+08,3.128e+08,1000000000,0.391,391,0.8
24,2,9094823000000,28000,0.243107,4.11341,6.75676,1.75232e+07,1.184e+08,1000000000,0.148,148,0.8
24,2,9094824000000,29000,0.250862,3.98625,2.13675,1.75219e+08,3.744e+08,1000000000,0.468,468,0.8
24,2,9094825000000,30000,0.247833,4.03497,6.25,2.048e+07,1.28e+08,1000000000,0.16,160,0.8
24,2,9094826000000,31000,0.243516,4.1065,8.77193,1.03968e+07,9.12e+07,1000000000,0.114,114,0.8
24,2,9094827000000,32000,0.256094,3.90482,1.54799,3.33853e+08,5.168e+08,1000000000,0.646,646,0.8
24,2,9094828000000,33000,0.252818,3.95541,6.75676,1.75232e+07,1.184e+08,1000000000,0.148,148,0.8
24,2,9094829000000,34000,0.250559,3.99108,5.68182,2.47808e+07,1.408e+08,1000000000,0.176,176,0.8
24,2,9094830000000,35000,0.256314,3.90146,2.21239,1.63443e+08,3.616e+08,1000000000,0.452,452,0.8
24,2,9094831000000,36000,0.252361,3.96258,8.77193,1.03968e+07,9.12e+07,1000000000,0.114,114,0.8
24,2,9094832000000,37000,0.257324,3.88615,2.29358,1.52077e+08,3.488e+08,1000000000,0.436,436,0.8
24,2,9094833000000,38000,0.256079,3.90505,4.7619,3.528e+07,1.68e+08,1000000000,0.21,210,0.8
24,2,9094834000000,39000,0.253308,3.94777,6.75676,1.75232e+07,1.184e+08,1000000000,0.148,148,0.8
24,2,9094835000000,40000,0.2625,3.80952,1.61031,3.08513e+08,4.968e+08,1000000000,0.621,621,0.8
24,2,9094836000000,41000,0.259049,3.86028,8.26446,1.17128e+07,9.68e+07,1000000000,0.121,121,0.8
24,2,9094837000000,42000,0.256357,3.90081,6.84932,1.70528e+07,1.168e+08,1000000000,0.146,146,0.8
24,2,9094838000000,43000,0.262023,3.81646,2,2e+08,4e+08,1000000000,0.5,500,0.8
24,2,9094839000000,44000,0.259432,3.85458,6.75676,1.75232e+07,1.184e+08,1000000000,0.148,148,0.8
24,2,9094840000000,45000,0.261778,3.82003,2.73973,1.0658e+08,2.92e+08,1000000000,0.365,365,0.8
24,2,9094841000000,46000,0.261804,3.81965,3.80228,5.53352e+07,2.104e+08,1000000000,0.263,263,0.8
24,2,9094842000000,47000,0.25866,3.86609,8.77193,1.03968e+07,9.12e+07,1000000000,0.114,114,0.8
24,2,9094843000000,48000,0.266042,3.75881,1.63132,3.00615e+08,4.904e+08,1000000000,0.613,613,0.8
24,2,9094844000000,49000,0.263184,3.79963,7.93651,1.27008e+07,1.008e+08,1000000000,0.126,126,0.8
24,2,9094845000000,50000,0.25984,3.84852,10.4167,7.3728e+06,7.68e+07,1000000000,0.096,96,0.8
24,2,9094846000000,51000,0.266255,3.7558,1.70358,2.75655e+08,4.696e+08,1000000000,0.587,587,0.8
24,2,9094847000000,52000,0.263327,3.79756,8.77193,1.03968e+07,9.12e+07,1000000000,0.114,114,0.8
24,2,9094848000000,53000,0.264623,3.77897,3.01205,8.81792e+07,2.656e+08,1000000000,0.332,332,0.8
24,2,9094849000000,54000,0.269611,3.70905,1.87266,2.28125e+08,4.272e+08,1000000000,0.534,534,0.8
24,2,9094850000000,55000,0.267618,3.73667,6.25,2.048e+07,1.28e+08,1000000000,0.16,160,0.8
24,2,9094851000000,56000,0.264893,3.77511,8.69565,1.058e+07,9.2e+07,1000000000,0.115,115,0.8
24,2,9094852000000,57000,0.270579,3.69578,1.69779,2.77537e+08,4.712e+08,1000000000,0.589,589,0.8
24,2,9094853000000,58000,0.266586,3.75113,25.641,1.2168e+06,3.12e+07,1000000000,0.039,39,0.8
24,1,9094854000000,60000,0.258917,3.86225,27.3973,2.39805e+06,6.57e+07,2000000000,0.0365,36.5,0.9
24,0,9094855000000,64000,0.253359,3.94696,5.88235,1.156e+08,6.8e+08,4000000000,0.17,170,1
24,1,9094856000000,66000,0.247545,4.03966,16.2602,6.80805e+06,1.107e+08,2000000000,0.0615,61.5,0.9
24,1,9094857000000,68000,0.247838,4.03489,3.8835,1.19351e+08,4.635e+08,2000000000,0.2575,257.5,0.9
24,2,9094858000000,69000,0.246188,4.06193,7.46269,1.43648e+07,1.072e+08,1000000000,0.134,134,0.8
24,2,9094859000000,70000,0.244571,4.08879,7.5188,1.41512e+07,1.064e+08,1000000000,0.133,133,0.8
24,2,9094860000000,71000,0.249437,4.00903,1.69492,2.7848e+08,4.72e+08,1000000000,0.59,590,0.8
24,2,9094861000000,72000,0.246806,4.05177,16.6667,2.88e+06,4.8e+07,1000000000,0.06,60,0.8
24,2,9094862000000,73000,0.244781,4.08529,10.101,7.8408e+06,7.92e+07,1000000000,0.099,99,0.8
24,2,9094863000000,74000,0.250203,3.99676,1.54799,3.33853e+08,5.168e+08,1000000000,0.646,646,0.8
24,2,9094864000000,75000,0.248853,4.01843,6.71141,1.77608e+07,1.192e+08,1000000000,0.149,149,0.8
24,2,9094865000000,76000,0.245987,4.06526,32.2581,768800,2.48e+07,1000000000,0.031,31,0.8
24,2,9094866000000,77000,0.250429,3.99315,1.70068,2.76595e+08,4.704e+08,1000000000,0.588,588,0.8
24,2,9094867000000,78000,0.249321,4.0109,6.09756,2.15168e+07,1.312e+08,1000000000,0.164,164,0.8
24,2,9094868000000,79000,0.248696,4.02097,5,3.2e+07,1.6e+08,1000000000,0.2,200,0.8
24,2,9094869000000,80000,0.250638,3.98983,2.47525,1.30573e+08,3.232e+08,1000000000,0.404,404,0.8
24,2,9094870000000,81000,0.249568,4.00693,6.09756,2.15168e+07,1.312e+08,1000000000,0.164,164,0.8
24,2,9094871000000,82000,0.2505,3.99202,3.06748,8.50208e+07,2.608e+08,1000000000,0.326,326,0.8
24,2,9094872000000,83000,0.250831,3.98674,3.59712,6.18272e+07,2.224e+08,1000000000,0.278,278,0.8
24,2,9094873000000,84000,0.249798,4.00324,6.09756,2.15168e+07,1.312e+08,1000000000,0.164,164,0.8
24,2,9094874000000,85000,0.252282,3.96381,2.1692,1.70017e+08,3.688e+08,1000000000,0.461,461,0.8
24,2,9094875000000,86000,0.251012,3.98388,6.99301,1.63592e+07,1.144e+08,1000000000,0.143,143,0.8
24,2,9094876000000,87000,0.250011,3.99982,6.09756,2.15168e+07,1.312e+08,1000000000,0.164,164,0.8
24,2,9094877000000,88000,0.25383,3.93965,1.70648,2.74717e+08,4.688e+08,1000000000,0.586,586,0.8
24,2,9094878000000,89000,0.251719,3.97268,15.1515,3.4848e+06,5.28e+07,1000000000,0.066,66,0.8
24,2,9094879000000,90000,0.250211,3.99663,8.62069,1.07648e+07,9.28e+07,1000000000,0.116,116,0.8
24,2,9094880000000,91000,0.254099,3.93548,1.65563,2.91853e+08,4.832e+08,1000000000,0.604,604,0.8
24,2,9094881000000,92000,0.25312,3.9507,6.09756,2.15168e+07,1.312e+08,1000000000,0.164,164,0.8
24,2,9094882000000,93000,0.251226,3.98048,12.987,4.7432e+06,6.16e+07,1000000000,0.077,77,0.8
24,2,9094883000000,94000,0.25416,3.93454,1.89753,2.22183e+08,4.216e+08,1000000000,0.527,527,0.8
24,2,9094884000000,95000,0.253211,3.94928,6.09756,2.15168e+07,1.312e+08,1000000000,0.164,164,0.8
24,2,9094885000000,96000,0.253156,3.95013,4.03226,4.92032e+07,1.984e+08,1000000000,0.248,248,0.8
24,2,9094886000000,97000,0.254216,3.93366,2.80899,1.01389e+08,2.848e+08,1000000000,0.356,356,0.8
24,2,9094887000000,98000,0.253296,3.94795,6.09756,2.15168e+07,1.312e+08,1000000000,0.164,164,0.8
24,2,9094888000000,99000,0.254687,3.92639,2.55754,1.22305e+08,3.128e+08,1000000000,0.391,391,0.8
24,2,9094889000000,100000,0.25427,3.93283,4.69484,3.62952e+07,1.704e+08,1000000000,0.213,213,0.8
24,2,9094890000000,101000,0.253376,3.9467,6.09756,2.15168e+07,1.312e+08,1000000000,0.164,164,0.8
24,2,9094891000000,102000,0.255912,3.9076,1.95312,2.09715e+08,4.096e+08,1000000000,0.512,512,0.8
24,2,9094892000000,103000,0.25432,3.93205,10.8696,6.7712e+06,7.36e+07,1000000000,0.092,92,0.8
24,2,9094893000000,104000,0.253452,3.94552,6.09756,2.15168e+07,1.312e+08,1000000000,0.164,164,0.8
24,2,9094894000000,105000,0.25679,3.89423,1.65563,2.91853e+08,4.832e+08,1000000000,0.604,604,0.8
24,2,9094895000000,106000,0.255557,3.91303,7.93651,1.27008e+07,1.008e+08,1000000000,0.126,126,0.8
24,2,9094896000000,107000,0.253523,3.94441,26.3158,1.1552e+06,3.04e+07,1000000000,0.038,38,0.8
24,2,9094897000000,108000,0.256769,3.89456,1.65563,2.91853e+08,4.832e+08,1000000000,0.604,604,0.8
24,2,9094898000000,109000,0.255917,3.90751,6.09756,2.15168e+07,1.312e+08,1000000000,0.164,164,0.8
24,2,9094899000000,110000,0.255109,3.91989,5.98802,2.23112e+07,1.336e+08,1000000000,0.167,167,0.8
24,2,9094900000000,111000,0.256748,3.89487,2.28833,1.52775e+08,3.496e+08,1000000000,0.437,437,0.8
24,2,9094901000000,112000,0.25592,3.90748,6.09756,2.15168e+07,1.312e+08,1000000000,0.164,164,0.8
24,2,9094902000000,113000,0.256425,3.89978,3.19489,7.83752e+07,2.504e+08,1000000000,0.313,313,0.8
24,2,9094903000000,114000,0.258781,3.86428,1.90476,2.205e+08,4.2e+08,1000000000,0.525,525,0.8
24,2,9094904000000,115000,0.2578,3.87898,6.84932,1.70528e+07,1.168e+08,1000000000,0.146,146,0.8
24,2,9094905000000,116000,0.256569,3.89759,8.69565,1.058e+07,9.2e+07,1000000000,0.115,115,0.8
24,2,9094906000000,117000,0.259581,3.85236,1.64204,2.96705e+08,4.872e+08,1000000000,0.609,609,0.8
24,2,9094907000000,118000,0.258636,3.86644,6.75676,1.75232e+07,1.184e+08,1000000000,0.148,148,0.8
24,2,9094908000000,119000,0.257739,3.87989,6.57895,1.84832e+07,1.216e+08,1000000000,0.152,152,0.8
24,2,9094909000000,120000,0.259558,3.8527,2.10084,1.81261e+08,3.808e+08,1000000000,0.476,476,0.8
24,2,9094910000000,121000,0.258355,3.87064,8.77193,1.03968e+07,9.12e+07,1000000000,0.114,114,0.8
24,2,9094911000000,122000,0.25968,3.85089,2.38095,1.4112e+08,3.36e+08,1000000000,0.42,420,0.8
24,2,9094912000000,123000,0.259407,3.85495,4.42478,4.08608e+07,1.808e+08,1000000000,0.226,226,0.8
24,2,9094913000000,124000,0.258508,3.86835,6.75676,1.75232e+07,1.184e+08,1000000000,0.148,148,0.8
24,2,9094914000000,125000,0.261336,3.82649,1.63399,2.99635e+08,4.896e+08,1000000000,0.612,612,0.8
24,2,9094915000000,126000,0.260286,3.84193,7.75194,1.33128e+07,1.032e+08,1000000000,0.129,129,0.8
24,2,9094916000000,127000,0.259189,3.85819,8.26446,1.17128e+07,9.68e+07,1000000000,0.121,121,0.8
24,2,9094917000000,128000,0.261273,3.82741,1.90114,2.21341e+08,4.208e+08,1000000000,0.526,526,0.8
24,2,9094918000000,129000,0.260395,3.84031,6.75676,1.75232e+07,1.184e+08,1000000000,0.148,148,0.8
24,2,9094919000000,130000,0.261069,3.8304,2.87356,9.68832e+07,2.784e+08,1000000000,0.348,348,0.8
24,2,9094920000000,131000,0.261214,3.82828,3.57143,6.272e+07,2.24e+08,1000000000,0.28,280,0.8
24,2,9094921000000,132000,0.260098,3.8447,8.77193,1.03968e+07,9.12e+07,1000000000,0.114,114,0.8
24,2,9094922000000,133000,0.262632,3.80762,1.67504,2.85127e+08,4.776e+08,1000000000,0.597,597,0.8
24,2,9094923000000,134000,0.261545,3.82344,8.54701,1.09512e+07,9.36e+07,1000000000,0.117,117,0.8
24,2,9094924000000,135000,0.260333,3.84123,10.2041,7.6832e+06,7.84e+07,1000000000,0.098,98,0.8
24,2,9094925000000,136000,0.262904,3.80366,1.63934,2.9768e+08,4.88e+08,1000000000,0.61,610,0.8
24,2,9094926000000,137000,0.261818,3.81945,8.77193,1.03968e+07,9.12e+07,1000000000,0.114,114,0.8
24,2,9094927000000,138000,0.262174,3.81426,3.21543,7.73768e+07,2.488e+08,1000000000,0.311,311,0.8
24,2,9094928000000,139000,0.262698,3.80665,2.98507,8.978e+07,2.68e+08,1000000000,0.335,335,0.8
24,2,9094929000000,140000,0.261879,3.81856,6.75676,1.75232e+07,1.184e+08,1000000000,0.148,148,0.8
24,2,9094930000000,141000,0.263745,3.79155,1.90476,2.205e+08,4.2e+08,1000000000,0.525,525,0.8
24,2,9094931000000,142000,0.262711,3.80646,8.54701,1.09512e+07,9.36e+07,1000000000,0.117,117,0.8
24,2,9094932000000,143000,0.261573,3.82302,10,8e+06,8e+07,1000000000,0.1,100,0.8
24,2,9094933000000,144000,0.264243,3.78439,1.54799,3.33853e+08,5.168e+08,1000000000,0.646,646,0.8
24,2,9094934000000,145000,0.263441,3.79591,6.75676,1.75232e+07,1.184e+08,1000000000,0.148,148,0.8
24,2,9094935000000,146000,0.263274,3.79832,4.1841,4.56968e+07,1.912e+08,1000000000,0.239,239,0.8
24,2,9094936000000,147000,0.264129,3.78603,2.57069,1.21057e+08,3.112e+08,1000000000,0.389,389,0.8
24,2,9094937000000,148000,0.263115,3.80062,8.77193,1.03968e+07,9.12e+07,1000000000,0.114,114,0.8
24,2,9094938000000,149000,0.264658,3.77847,2.0284,1.94439e+08,3.944e+08,1000000000,0.493,493,0.8
24,2,9094939000000,150000,0.263913,3.78912,6.53595,1.87272e+07,1.224e+08,1000000000,0.153,153,0.8
24,2,9094940000000,151000,0.263146,3.80018,6.75676,1.75232e+07,1.184e+08,1000000000,0.148,148,0.8
24,2,9094941000000,152000,0.265546,3.76583,1.59236,3.15507e+08,5.024e+08,1000000000,0.628,628,0.8
24,2,9094942000000,153000,0.264556,3.77992,8.77193,1.03968e+07,9.12e+07,1000000000,0.114,114,0.8
24,2,9094943000000,154000,0.264188,3.78518,4.80769,3.46112e+07,1.664e+08,1000000000,0.208,208,0.8
24,2,9094944000000,155000,0.26531,3.76918,2.28311,1.53475e+08,3.504e+08,1000000000,0.438,438,0.8
24,2,9094945000000,156000,0.264558,3.77989,6.75676,1.75232e+07,1.184e+08,1000000000,0.148,148,0.8
24,2,9094946000000,157000,0.265554,3.76571,2.3753,1.41793e+08,3.368e+08,1000000000,0.421,421,0.8
24,2,9094947000000,158000,0.265184,3.77097,4.83092,3.42792e+07,1.656e+08,1000000000,0.207,207,0.8
24,2,9094948000000,159000,0.264233,3.78454,8.77193,1.03968e+07,9.12e+07,1000000000,0.114,114,0.8
24,2,9094949000000,160000,0.266594,3.75103,1.55763,3.29731e+08,5.136e+08,1000000000,0.642,642,0.8
24,2,9094950000000,161000,0.265826,3.76186,6.99301,1.63592e+07,1.144e+08,1000000000,0.143,143,0.8
24,2,9094951000000,162000,0.264883,3.77526,8.84956,1.02152e+07,9.04e+07,1000000000,0.113,113,0.8
24,2,9094952000000,163000,0.266472,3.75273,1.9084,2.19661e+08,4.192e+08,1000000000,0.524,524,0.8
24,2,9094953000000,164000,0.265543,3.76587,8.77193,1.03968e+07,9.12e+07,1000000000,0.114,114,0.8
24,2,9094954000000,165000,0.266297,3.75521,2.5641,1.2168e+08,3.12e+08,1000000000,0.39,390,0.8
24,2,9094955000000,165531,0.267086,3.74411,1.95221,2.09913e+08,4.09793e+08,1000000000,0.512241,272,0.8
24,2,9094956000000,165531,0.267086,3.74411,0,-nan,-nan,1000000000,-nan,0,0.8
24,2,9094957000000,165531,0.267086,3.74411,0,-nan,-nan,1000000000,-nan,0,0.8
24,2,9094958000000,165531,0.267086,3.74411,0,-nan,-nan,1000000000,-nan,0,0.8
24,2,9094959000000,165531,0.267086,3.74411,0,-nan,-nan,1000000000,-nan,0,0.8
24,2,9094960000000,165531,0.267086,3.74411,0,-nan,-nan,1000000000,-nan,0,0.8
24,2,9094961000000,165531,0.267086,3.74411,0,-nan,-nan,1000000000,-nan,0,0.8
25,0,9094801000000,4000,0.13075,7.64818,7.64818,6.83822e+07,5.23e+08,4000000000,0.13075,130.75,1
25,1,9094802000000,6000,0.111167,8.9955,13.8889,9.3312e+06,1.296e+08,2000000000,0.072,72,0.9
25,1,9094803000000,8000,0.162375,6.15858,3.16456,1.79741e+08,5.688e+08,2000000000,0.316,316,0.9
25,2,9094804000000,9000,0.156111,6.40569,9.43396,8.9888e+06,8.48e+07,1000000000,0.106,106,0.8
25,2,9094805000000,10000,0.176,5.68182,2.8169,1.0082e+08,2.84e+08,1000000000,0.355,355,0.8
25,2,9094806000000,11000,0.186818,5.3528,3.38983,6.962e+07,2.36e+08,1000000000,0.295,295,0.8
25,2,9094807000000,12000,0.18325,5.45703,6.94444,1.65888e+07,1.152e+08,1000000000,0.144,144,0.8
25,2,9094808000000,13000,0.213077,4.69314,1.75131,2.60833e+08,4.568e+08,1000000000,0.571,571,0.8
25,2,9094809000000,14000,0.207571,4.81762,7.35294,1.47968e+07,1.088e+08,1000000000,0.136,136,0.8
25,2,9094810000000,15000,0.198267,5.04371,14.7059,3.6992e+06,5.44e+07,1000000000,0.068,68,0.8
25,2,9094811000000,16000,0.224188,4.46055,1.63132,3.00615e+08,4.904e+08,1000000000,0.613,613,0.8
25,2,9094812000000,17000,0.219706,4.55154,6.75676,1.75232e+07,1.184e+08,1000000000,0.148,148,0.8
25,2,9094813000000,18000,0.223444,4.47539,3.48432,6.58952e+07,2.296e+08,1000000000,0.287,287,0.8
25,2,9094814000000,19000,0.229632,4.3548,2.93255,9.30248e+07,2.728e+08,1000000000,0.341,341,0.8
25,2,9094815000000,20000,0.22385,4.46728,8.77193,1.03968e+07,9.12e+07,1000000000,0.114,114,0.8
25,2,9094816000000,21000,0.239,4.1841,1.84502,2.35011e+08,4.336e+08,1000000000,0.542,542,0.8
25,2,9094817000000,22000,0.232909,4.29352,9.52381,8.82e+06,8.4e+07,1000000000,0.105,105,0.8
25,2,9094818000000,23000,0.229174,4.3635,6.80272,1.72872e+07,1.176e+08,1000000000,0.147,147,0.8
25,2,9094819000000,24000,0.245792,4.06849,1.59236,3.15507e+08,5.024e+08,1000000000,0.628,628,0.8
25,2,9094820000000,25000,0.24052,4.15766,8.77193,1.03968e+07,9.12e+07,1000000000,0.114,114,0.8
25,2,9094821000000,26000,0.241077,4.14805,3.92157,5.202e+07,2.04e+08,1000000000,0.255,255,0.8
25,2,9094822000000,27000,0.24663,4.05466,2.55754,1.22305e+08,3.128e+08,1000000000,0.391,391,0.8
25,2,9094823000000,28000,0.243107,4.11341,6.75676,1.75232e+07,1.184e+08,1000000000,0.148,148,0.8
25,2,9094824000000,29000,0.250862,3.98625,2.13675,1.75219e+08,3.744e+08,1000000000,0.468,468,0.8
25,2,9094825000000,30000,0.247833,4.03497,6.25,2.048e+07,1.28e+08,1000000000,0.16,160,0.8
25,2,9094826000000,31000,0.243516,4.1065,8.77193,1.03968e+07,9.12e+07,1000000000,0.114,114,0.8
25,2,9094827000000,32000,0.256094,3.90482,1.54799,3.33853e+08,5.168e+08,1000000000,0.646,646,0.8
25,2,9094828000000,33000,0.252818,3.95541,6.75676,1.75232e+07,1.184e+08,1000000000,0.148,148,0.8
25,2,9094829000000,34000,0.250559,3.99108,5.68182,2.47808e+07,1.408e+08,1000000000,0.176,176,0.8
25,2,9094830000000,35000,0.256314,3.90146,2.21239,1.63443e+08,3.616e+08,1000000000,0.452,452,0.8
25,2,9094831000000,36000,0.252361,3.96258,8.77193,1.03968e+07,9.12e+07,1000000000,0.114,114,0.8
25,2,9094832000000,37000,0.257324,3.88615,2.29358,1.52077e+08,3.488e+08,1000000000,0.436,436,0.8
25,2,9094833000000,38000,0.256079,3.90505,4.7619,3.528e+07,1.68e+08,1000000000,0.21,210,0.8
25,2,9094834000000,39000,0.253308,3.94777,6.75676,1.75232e+07,1.184e+08,1000000000,0.148,148,0.8
25,2,9094835000000,40000,0.2625,3.80952,1.61031,3.08513e+08,4.968e+08,1000000000,0.621,621,0.8
25,2,9094836000000,41000,0.259049,3.86028,8.26446,1.17128e+07,9.68e+07,1000000000,0.121,121,0.8
25,2,9094837000000,42000,0.256357,3.90081,6.84932,1.70528e+07,1.168e+08,1000000000,0.146,146,0.8
25,2,9094838000000,43000,0.262023,3.81646,2,2e+08,4e+08,1000000000,0.5,500,0.8
25,2,9094839000000,44000,0.259432,3.85458,6.75676,1.75232e+07,1.184e+08,1000000000,0.148,148,0.8
25,2,9094840000000,45000,0.261778,3.82003,2.73973,1.0658e+08,2.92e+08,1000000000,0.365,365,0.8
25,2,9094841000000,46000,0.261804,3.81965,3.80228,5.53352e+07,2.104e+08,1000000000,0.263,263,0.8
25,2,9094842000000,47000,0.25866,3.86609,8.77193,1.03968e+07,9.12e+07,1000000000,0.114,114,0.8
25,2,9094843000000,48000,0.266042,3.75881,1.63132,3.00615e+08,4.904e+08,1000000000,0.613,613,0.8
25,2,9094844000000,49000,0.263184,3.79963,7.93651,1.27008e+07,1.008e+08,1000000000,0.126,126,0.8
25,2,9094845000000,50000,0.25984,3.84852,10.4167,7.3728e+06,7.68e+07,1000000000,0.096,96,0.8
25,2,9094846000000,51000,0.266255,3.7558,1.70358,2.75655e+08,4.696e+08,1000000000,0.587,587,0.8
25,2,9094847000000,52000,0.263327,3.79756,8.77193,1.03968e+07,9.12e+07,1000000000,0.114,114,0.8
25,2,9094848000000,53000,0.264623,3.77897,3.01205,8.81792e+07,2.656e+08,1000000000,0.332,332,0.8
25,2,9094849000000,54000,0.269611,3.70905,1.87266,2.28125e+08,4.272e+08,1000000000,0.534,534,0.8
25,2,9094850000000,55000,0.267618,3.73667,6.25,2.048e+07,1.28e+08,1000000000,0.16,160,0.8
25,2,9094851000000,56000,0.264893,3.77511,8.69565,1.058e+07,9.2e+07,1000000000,0.115,115,0.8
25,2,9094852000000,57000,0.270579,3.69578,1.69779,2.77537e+08,4.712e+08,1000000000,0.589,589,0.8
25,2,9094853000000,58000,0.266586,3.75113,25.641,1.2168e+06,3.12e+07,1000000000,0.039,39,0.8
25,1,9094854000000,60000,0.258917,3.86225,27.3973,2.39805e+06,6.57e+07,2000000000,0.0365,36.5,0.9
25,0,9094855000000,64000,0.253359,3.94696,5.88235,1.156e+08,6.8e+08,4000000000,0.17,170,1
25,1,9094856000000,66000,0.247545,4.03966,16.2602,6.80805e+06,1.107e+08,2000000000,0.0615,61.5,0.9
25,1,9094857000000,68000,0.247838,4.03489,3.8835,1.19351e+08,4.635e+08,2000000000,0.2575,257.5,0.9
25,2,9094858000000,69000,0.246188,4.06193,7.46269,1.43648e+07,1.072e+08,1000000000,0.134,134,0.8
25,2,9094859000000,70000,0.244571,4.08879,7.5188,1.41512e+07,1.064e+08,1000000000,0.133,133,0.8
25,2,9094860000000,71000,0.249437,4.00903,1.69492,2.7848e+08,4.72e+08,1000000000,0.59,590,0.8
25,2,9094861000000,72000,0.246806,4.05177,16.6667,2.88e+06,4.8e+07,1000000000,0.06,60,0.8
25,2,9094862000000,73000,0.244781,4.08529,10.101,7.8408e+06,7.92e+07,1000000000,0.099,99,0.8
25,2,9094863000000,74000,0.250203,3.99676,1.54799,3.33853e+08,5.168e+08,1000000000,0.646,646,0.8
25,2,9094864000000,75000,0.248853,4.01843,6.71141,1.77608e+07,1.192e+08,1000000000,0.149,149,0.8
25,2,9094865000000,76000,0.245987,4.06526,32.2581,768800,2.48e+07,1000000000,0.031,31,0.8
25,2,9094866000000,77000,0.250429,3.99315,1.70068,2.76595e+08,4.704e+08,1000000000,0.588,588,0.8
25,2,9094867000000,78000,0.249321,4.0109,6.09756,2.15168e+07,1.312e+08,1000000000,0.164,164,0.8
25,2,9094868000000,79000,0.248696,4.02097,5,3.2e+07,1.6e+08,1000000000,0.2,200,0.8
25,2,9094869000000,80000,0.250638,3.98983,2.47525,1.30573e+08,3.232e+08,1000000000,0.404,404,0.8
25,2,9094870000000,81000,0.249568,4.00693,6.09756,2.15168e+07,1.312e+08,1000000000,0.164,164,0.8
25,2,9094871000000,82000,0.2505,3.99202,3.06748,8.50208e+07,2.608e+08,1000000000,0.326,326,0.8
25,2,9094872000000,83000,0.250831,3.98674,3.59712,6.18272e+07,2.224e+08,1000000000,0.278,278,0.8
25,2,9094873000000,84000,0.249798,4.00324,6.09756,2.15168e+07,1.312e+08,1000000000,0.164,164,0.8
25,2,9094874000000,85000,0.252282,3.96381,2.1692,1.70017e+08,3.688e+08,1000000000,0.461,461,0.8
25,2,9094875000000,86000,0.251012,3.98388,6.99301,1.63592e+07,1.144e+08,1000000000,0.143,143,0.8
25,2,9094876000000,87000,0.250011,3.99982,6.09756,2.15168e+07,1.312e+08,1000000000,0.164,164,0.8
25,2,9094877000000,88000,0.25383,3.93965,1.70648,2.74717e+08,4.688e+08,1000000000,0.586,586,0.8
25,2,9094878000000,89000,0.251719,3.97268,15.1515,3.4848e+06,5.28e+07,1000000000,0.066,66,0.8
25,2,9094879000000,90000,0.250211,3.99663,8.62069,1.07648e+07,9.28e+07,1000000000,0.116,116,0.8
25,2,9094880000000,91000,0.254099,3.93548,1.65563,2.91853e+08,4.832e+08,1000000000,0.604,604,0.8
25,2,9094881000000,92000,0.25312,3.9507,6.09756,2.15168e+07,1.312e+08,1000000000,0.164,164,0.8
25,2,9094882000000,93000,0.251226,3.98048,12.987,4.7432e+06,6.16e+07,1000000000,0.077,77,0.8
25,2,9094883000000,94000,0.25416,3.93454,1.89753,2.22183e+08,4.216e+08,1000000000,0.527,527,0.8
25,2,9094884000000,95000,0.253211,3.94928,6.09756,2.15168e+07,1.312e+08,1000000000,0.164,164,0.8
25,2,9094885000000,96000,0.253156,3.95013,4.03226,4.92032e+07,1.984e+08,1000000000,0.248,248,0.8
25,2,9094886000000,97000,0.254216,3.93366,2.80899,1.01389e+08,2.848e+08,1000000000,0.356,356,0.8
25,2,9094887000000,98000,0.253296,3.94795,6.09756,2.15168e+07,1.312e+08,1000000000,0.164,164,0.8
25,2,9094888000000,99000,0.254687,3.92639,2.55754,1.22305e+08,3.128e+08,1000000000,0.391,391,0.8
25,2,9094889000000,100000,0.25427,3.93283,4.69484,3.62952e+07,1.704e+08,1000000000,0.213,213,0.8
25,2,9094890000000,101000,0.253376,3.9467,6.09756,2.15168e+07,1.312e+08,1000000000,0.164,164,0.8
25,2,9094891000000,102000,0.255912,3.9076,1.95312,2.09715e+08,4.096e+08,1000000000,0.512,512,0.8
25,2,9094892000000,103000,0.25432,3.93205,10.8696,6.7712e+06,7.36e+07,1000000000,0.092,92,0.8
25,2,9094893000000,104000,0.253452,3.94552,6.09756,2.15168e+07,1.312e+08,1000000000,0.164,164,0.8
25,2,9094894000000,105000,0.25679,3.89423,1.65563,2.91853e+08,4.832e+08,1000000000,0.604,604,0.8
25,2,9094895000000,106000,0.255557,3.91303,7.93651,1.27008e+07,1.008e+08,1000000000,0.126,126,0.8
25,2,9094896000000,107000,0.253523,3.94441,26.3158,1.1552e+06,3.04e+07,1000000000,0.038,38,0.8
25,2,9094897000000,108000,0.256769,3.89456,1.65563,2.91853e+08,4.832e+08,1000000000,0.604,604,0.8
25,2,9094898000000,109000,0.255917,3.90751,6.09756,2.15168e+07,1.312e+08,1000000000,0.164,164,0.8
25,2,9094899000000,110000,0.255109,3.91989,5.98802,2.23112e+07,1.336e+08,1000000000,0.167,167,0.8
25,2,9094900000000,111000,0.256748,3.89487,2.28833,1.52775e+08,3.496e+08,1000000000,0.437,437,0.8
25,2,9094901000000,112000,0.25592,3.90748,6.09756,2.15168e+07,1.312e+08,1000000000,0.164,164,0.8
25,2,9094902000000,113000,0.256425,3.89978,3.19489,7.83752e+07,2.504e+08,1000000000,0.313,313,0.8
25,2,9094903000000,114000,0.258781,3.86428,1.90476,2.205e+08,4.2e+08,1000000000,0.525,525,0.8
25,2,9094904000000,115000,0.2578,3.87898,6.84932,1.70528e+07,1.168e+08,1000000000,0.146,146,0.8
25,2,9094905000000,116000,0.256569,3.89759,8.69565,1.058e+07,9.2e+07,1000000000,0.115,115,0.8
25,2,9094906000000,117000,0.259581,3.85236,1.64204,2.96705e+08,4.872e+08,1000000000,0.609,609,0.8
25,2,9094907000000,118000,0.258636,3.86644,6.75676,1.75232e+07,1.184e+08,1000000000,0.148,148,0.8
25,2,9094908000000,119000,0.257739,3.87989,6.57895,1.84832e+07,1.216e+08,1000000000,0.152,152,0.8
25,2,9094909000000,120000,0.259558,3.8527,2.10084,1.81261e+08,3.808e+08,1000000000,0.476,476,0.8
25,2,9094910000000,121000,0.258355,3.87064,8.77193,1.03968e+07,9.12e+07,1000000000,0.114,114,0.8
25,2,9094911000000,122000,0.25968,3.85089,2.38095,1.4112e+08,3.36e+08,1000000000,0.42,420,0.8
25,2,9094912000000,123000,0.259407,3.85495,4.42478,4.08608e+07,1.808e+08,1000000000,0.226,226,0.8
25,2,9094913000000,124000,0.258508,3.86835,6.75676,1.75232e+07,1.184e+08,1000000000,0.148,148,0.8
25,2,9094914000000,125000,0.261336,3.82649,1.63399,2.99635e+08,4.896e+08,1000000000,0.612,612,0.8
25,2,9094915000000,126000,0.260286,3.84193,7.75194,1.33128e+07,1.032e+08,1000000000,0.129,129,0.8
25,2,9094916000000,127000,0.259189,3.85819,8.26446,1.17128e+07,9.68e+07,1000000000,0.121,121,0.8
25,2,9094917000000,128000,0.261273,3.82741,1.90114,2.21341e+08,4.208e+08,1000000000,0.526,526,0.8
25,2,9094918000000,129000,0.260395,3.84031,6.75676,1.75232e+07,1.184e+08,1000000000,0.148,148,0.8
25,2,9094919000000,130000,0.261069,3.8304,2.87356,9.68832e+07,2.784e+08,1000000000,0.348,348,0.8
25,2,9094920000000,131000,0.261214,3.82828,3.57143,6.272e+07,2.24e+08,1000000000,0.28,280,0.8
25,2,9094921000000,132000,0.260098,3.8447,8.77193,1.03968e+07,9.12e+07,1000000000,0.114,114,0.8
25,2,9094922000000,133000,0.262632,3.80762,1.67504,2.85127e+08,4.776e+08,1000000000,0.597,597,0.8
25,2,9094923000000,134000,0.261545,3.82344,8.54701,1.09512e+07,9.36e+07,1000000000,0.117,117,0.8
25,2,9094924000000,135000,0.260333,3.84123,10.2041,7.6832e+06,7.84e+07,1000000000,0.098,98,0.8
25,2,9094925000000,136000,0.262904,3.80366,1.63934,2.9768e+08,4.88e+08,1000000000,0.61,610,0.8
25,2,9094926000000,137000,0.261818,3.81945,8.77193,1.03968e+07,9.12e+07,1000000000,0.114,114,0.8
25,2,9094927000000,138000,0.262174,3.81426,3.21543,7.73768e+07,2.488e+08,1000000000,0.311,311,0.8
25,2,9094928000000,139000,0.262698,3.80665,2.98507,8.978e+07,2.68e+08,1000000000,0.335,335,0.8
25,2,9094929000000,140000,0.261879,3.81856,6.75676,1.75232e+07,1.184e+08,1000000000,0.148,148,0.8
25,2,9094930000000,141000,0.263745,3.79155,1.90476,2.205e+08,4.2e+08,1000000000,0.525,525,0.8
25,2,9094931000000,142000,0.262711,3.80646,8.54701,1.09512e+07,9.36e+07,1000000000,0.117,117,0.8
25,2,9094932000000,143000,0.261573,3.82302,10,8e+06,8e+07,1000000000,0.1,100,0.8
25,2,9094933000000,144000,0.264243,3.78439,1.54799,3.33853e+08,5.168e+08,1000000000,0.646,646,0.8
25,2,9094934000000,145000,0.263441,3.79591,6.75676,1.75232e+07,1.184e+08,1000000000,0.148,148,0.8
25,2,9094935000000,146000,0.263274,3.79832,4.1841,4.56968e+07,1.912e+08,1000000000,0.239,239,0.8
25,2,9094936000000,147000,0.264129,3.78603,2.57069,1.21057e+08,3.112e+08,1000000000,0.389,389,0.8
25,2,9094937000000,148000,0.263115,3.80062,8.77193,1.03968e+07,9.12e+07,1000000000,0.114,114,0.8
25,2,9094938000000,149000,0.264658,3.77847,2.0284,1.94439e+08,3.944e+08,1000000000,0.493,493,0.8
25,2,9094939000000,150000,0.263913,3.78912,6.53595,1.87272e+07,1.224e+08,1000000000,0.153,153,0.8
25,2,9094940000000,151000,0.263146,3.80018,6.75676,1.75232e+07,1.184e+08,1000000000,0.148,148,0.8
25,2,9094941000000,152000,0.265546,3.76583,1.59236,3.15507e+08,5.024e+08,1000000000,0.628,628,0.8
25,2,9094942000000,153000,0.264556,3.77992,8.77193,1.03968e+07,9.12e+07,1000000000,0.114,114,0.8
25,2,9094943000000,154000,0.264188,3.78518,4.80769,3.46112e+07,1.664e+08,1000000000,0.208,208,0.8
25,2,9094944000000,155000,0.26531,3.76918,2.28311,1.53475e+08,3.504e+08,1000000000,0.438,438,0.8
25,2,9094945000000,156000,0.264558,3.77989,6.75676,1.75232e+07,1.184e+08,1000000000,0.148,148,0.8
25,2,9094946000000,157000,0.265554,3.76571,2.3753,1.41793e+08,3.368e+08,1000000000,0.421,421,0.8
25,2,9094947000000,158000,0.265184,3.77097,4.83092,3.42792e+07,1.656e+08,1000000000,0.207,207,0.8
25,2,9094948000000,159000,0.264233,3.78454,8.77193,1.03968e+07,9.12e+07,1000000000,0.114,114,0.8
25,2,9094949000000,160000,0.266594,3.75103,1.55763,3.29731e+08,5.136e+08,1000000000,0.642,642,0.8
25,2,9094950000000,161000,0.265826,3.76186,6.99301,1.63592e+07,1.144e+08,1000000000,0.143,143,0.8
25,2,9094951000000,162000,0.264883,3.77526,8.84956,1.02152e+07,9.04e+07,1000000000,0.113,113,0.8
25,2,9094952000000,163000,0.266472,3.75273,1.9084,2.19661e+08,4.192e+08,1000000000,0.524,524,0.8
25,2,9094953000000,164000,0.265543,3.76587,8.77193,1.03968e+07,9.12e+07,1000000000,0.114,114,0.8
25,2,9094954000000,165000,0.266297,3.75521,2.5641,1.2168e+08,3.12e+08,1000000000,0.39,390,0.8
25,2,9094955000000,165531,0.267086,3.74411,1.95221,2.09913e+08,4.09793e+08,1000000000,0.512241,272,0.8
25,2,9094956000000,165531,0.267086,3.74411,0,-nan,-nan,1000000000,-nan,0,0.8
25,2,9094957000000,165531,0.267086,3.74411,0,-nan,-nan,1000000000,-nan,0,0.8
25,2,9094958000000,165531,0.267086,3.74411,0,-nan,-nan,1000000000,-nan,0,0.8
25,2,9094959000000,165531,0.267086,3.74411,0,-nan,-nan,1000000000,-nan,0,0.8
25,2,9094960000000,165531,0.267086,3.74411,0,-nan,-nan,1000000000,-nan,0,0.8
25,2,9094961000000,165531,0.267086,3.74411,0,-nan,-nan,1000000000,-nan,0,0.8
26,0,9094801000000,4000,0.13075,7.64818,7.64818,6.83822e+07,5.23e+08,4000000000,0.13075,130.75,1
26,1,9094802000000,6000,0.111167,8.9955,13.8889,9.3312e+06,1.296e+08,2000000000,0.072,72,0.9
26,1,9094803000000,8000,0.162375,6.15858,3.16456,1.79741e+08,5.688e+08,2000000000,0.316,316,0.9
26,2,9094804000000,9000,0.156111,6.40569,9.43396,8.9888e+06,8.48e+07,1000000000,0.106,106,0.8
26,2,9094805000000,10000,0.176,5.68182,2.8169,1.0082e+08,2.84e+08,1000000000,0.355,355,0.8
26,2,9094806000000,11000,0.186818,5.3528,3.38983,6.962e+07,2.36e+08,1000000000,0.295,295,0.8
26,2,9094807000000,12000,0.18325,5.45703,6.94444,1.65888e+07,1.152e+08,1000000000,0.144,144,0.8
26,2,9094808000000,13000,0.213077,4.69314,1.75131,2.60833e+08,4.568e+08,1000000000,0.571,571,0.8
26,2,9094809000000,14000,0.207571,4.81762,7.35294,1.47968e+07,1.088e+08,1000000000,0.136,136,0.8
26,2,9094810000000,15000,0.198267,5.04371,14.7059,3.6992e+06,5.44e+07,1000000000,0.068,68,0.8
26,2,9094811000000,16000,0.224188,4.46055,1.63132,3.00615e+08,4.904e+08,1000000000,0.613,613,0.8
26,2,9094812000000,17000,0.219706,4.55154,6.75676,1.75232e+07,1.184e+08,1000000000,0.148,148,0.8
26,2,9094813000000,18000,0.223444,4.47539,3.48432,6.58952e+07,2.296e+08,1000000000,0.287,287,0.8
26,2,9094814000000,19000,0.229632,4.3548,2.93255,9.30248e+07,2.728e+08,1000000000,0.341,341,0.8
26,2,9094815000000,20000,0.22385,4.46728,8.77193,1.03968e+07,9.12e+07,1000000000,0.114,114,0.8
26,2,9094816000000,21000,0.239,4.1841,1.84502,2.35011e+08,4.336e+08,1000000000,0.542,542,0.8
26,2,9094817000000,22000,0.232909,4.29352,9.52381,8.82e+06,8.4e+07,1000000000,0.105,105,0.8
26,2,9094818000000,23000,0.229174,4.3635,6.80272,1.72872e+07,1.176e+08,1000000000,0.147,147,0.8
26,2,9094819000000,24000,0.245792,4.06849,1.59236,3.15507e+08,5.024e+08,1000000000,0.628,628,0.8
26,2,9094820000000,25000,0.24052,4.15766,8.77193,1.03968e+07,9.12e+07,1000000000,0.114,114,0.8
26,2,9094821000000,26000,0.241077,4.14805,3.92157,5.202e+07,2.04e+08,1000000000,0.255,255,0.8
26,2,9094822000000,27000,0.24663,4.05466,2.55754,1.22305e+08,3.128e+08,1000000000,0.391,391,0.8
26,2,9094823000000,28000,0.243107,4.11341,6.75676,1.75232e+07,1.184e+08,1000000000,0.148,148,0.8
26,2,9094824000000,29000,0.250862,3.98625,2.13675,1.75219e+08,3.744e+08,1000000000,0.468,468,0.8
26,2,9094825000000,30000,0.247833,4.03497,6.25,2.048e+07,1.28e+08,1000000000,0.16,160,0.8
26,2,9094826000000,31000,0.243516,4.1065,8.77193,1.03968e+07,9.12e+07,1000000000,0.114,114,0.8
26,2,9094827000000,32000,0.256094,3.90482,1.54799,3.33853e+08,5.168e+08,1000000000,0.646,646,0.8
26,2,9094828000000,33000,0.252818,3.95541,6.75676,1.75232e+07,1.184e+08,1000000000,0.148,148,0.8
26,2,9094829000000,34000,0.250559,3.99108,5.68182,2.47808e+07,1.408e+08,1000000000,0.176,176,0.8
26,2,9094830000000,35000,0.256314,3.90146,2.21239,1.63443e+08,3.616e+08,1000000000,0.452,452,0.8
26,2,9094831000000,36000,0.252361,3.96258,8.77193,1.03968e+07,9.12e+07,1000000000,0.114,114,0.8
26,2,9094832000000,37000,0.257324,3.88615,2.29358,1.52077e+08,3.488e+08,1000000000,0.436,436,0.8
26,2,9094833000000,38000,0.256079,3.90505,4.7619,3.528e+07,1.68e+08,1000000000,0.21,210,0.8
26,2,9094834000000,39000,0.253308,3.94777,6.75676,1.75232e+07,1.184e+08,1000000000,0.148,148,0.8
26,2,9094835000000,40000,0.2625,3.80952,1.61031,3.08513e+08,4.968e+08,1000000000,0.621,621,0.8
26,2,9094836000000,41000,0.259049,3.86028,8.26446,1.17128e+07,9.68e+07,1000000000,0.121,121,0.8
26,2,9094837000000,42000,0.256357,3.90081,6.84932,1.70528e+07,1.168e+08,1000000000,0.146,146,0.8
26,2,9094838000000,43000,0.262023,3.81646,2,2e+08,4e+08,1000000000,0.5,500,0.8
26,2,9094839000000,44000,0.259432,3.85458,6.75676,1.75232e+07,1.184e+08,1000000000,0.148,148,0.8
26,2,9094840000000,45000,0.261778,3.82003,2.73973,1.0658e+08,2.92e+08,1000000000,0.365,365,0.8
26,2,9094841000000,46000,0.261804,3.81965,3.80228,5.53352e+07,2.104e+08,1000000000,0.263,263,0.8
26,2,9094842000000,47000,0.25866,3.86609,8.77193,1.03968e+07,9.12e+07,1000000000,0.114,114,0.8
26,2,9094843000000,48000,0.266042,3.75881,1.63132,3.00615e+08,4.904e+08,1000000000,0.613,613,0.8
26,2,9094844000000,49000,0.263184,3.79963,7.93651,1.27008e+07,1.008e+08,1000000000,0.126,126,0.8
26,2,9094845000000,50000,0.25984,3.84852,10.4167,7.3728e+06,7.68e+07,1000000000,0.096,96,0.8
26,2,9094846000000,51000,0.266255,3.7558,1.70358,2.75655e+08,4.696e+08,1000000000,0.587,587,0.8
26,2,9094847000000,52000,0.263327,3.79756,8.77193,1.03968e+07,9.12e+07,1000000000,0.114,114,0.8
26,2,9094848000000,53000,0.264623,3.77897,3.01205,8.81792e+07,2.656e+08,1000000000,0.332,332,0.8
26,2,9094849000000,54000,0.269611,3.70905,1.87266,2.28125e+08,4.272e+08,1000000000,0.534,534,0.8
26,2,9094850000000,55000,0.267618,3.73667,6.25,2.048e+07,1.28e+08,1000000000,0.16,160,0.8
26,2,9094851000000,56000,0.264893,3.77511,8.69565,1.058e+07,9.2e+07,1000000000,0.115,115,0.8
26,2,9094852000000,57000,0.270579,3.69578,1.69779,2.77537e+08,4.712e+08,1000000000,0.589,589,0.8
26,2,9094853000000,58000,0.266586,3.75113,25.641,1.2168e+06,3.12e+07,1000000000,0.039,39,0.8
26,1,9094854000000,60000,0.258917,3.86225,27.3973,2.39805e+06,6.57e+07,2000000000,0.0365,36.5,0.9
26,0,9094855000000,64000,0.253359,3.94696,5.88235,1.156e+08,6.8e+08,4000000000,0.17,170,1
26,1,9094856000000,66000,0.247545,4.03966,16.2602,6.80805e+06,1.107e+08,2000000000,0.0615,61.5,0.9
26,1,9094857000000,68000,0.247838,4.03489,3.8835,1.19351e+08,4.635e+08,2000000000,0.2575,257.5,0.9
26,2,9094858000000,69000,0.246188,4.06193,7.46269,1.43648e+07,1.072e+08,1000000000,0.134,134,0.8
26,2,9094859000000,70000,0.244571,4.08879,7.5188,1.41512e+07,1.064e+08,1000000000,0.133,133,0.8
26,2,9094860000000,71000,0.249437,4.00903,1.69492,2.7848e+08,4.72e+08,1000000000,0.59,590,0.8
26,2,9094861000000,72000,0.246806,4.05177,16.6667,2.88e+06,4.8e+07,1000000000,0.06,60,0.8
26,2,9094862000000,73000,0.244781,4.08529,10.101,7.8408e+06,7.92e+07,1000000000,0.099,99,0.8
26,2,9094863000000,74000,0.250203,3.99676,1.54799,3.33853e+08,5.168e+08,1000000000,0.646,646,0.8
26,2,9094864000000,75000,0.248853,4.01843,6.71141,1.77608e+07,1.192e+08,1000000000,0.149,149,0.8
26,2,9094865000000,76000,0.245987,4.06526,32.2581,768800,2.48e+07,1000000000,0.031,31,0.8
26,2,9094866000000,77000,0.250429,3.99315,1.70068,2.76595e+08,4.704e+08,1000000000,0.588,588,0.8
26,2,9094867000000,78000,0.249321,4.0109,6.09756,2.15168e+07,1.312e+08,1000000000,0.164,164,0.8
26,2,9094868000000,79000,0.248696,4.02097,5,3.2e+07,1.6e+08,1000000000,0.2,200,0.8
26,2,9094869000000,80000,0.250638,3.98983,2.47525,1.30573e+08,3.232e+08,1000000000,0.404,404,0.8
26,2,9094870000000,81000,0.249568,4.00693,6.09756,2.15168e+07,1.312e+08,1000000000,0.164,164,0.8
26,2,9094871000000,82000,0.2505,3.99202,3.06748,8.50208e+07,2.608e+08,1000000000,0.326,326,0.8
26,2,9094872000000,83000,0.250831,3.98674,3.59712,6.18272e+07,2.224e+08,1000000000,0.278,278,0.8
26,2,9094873000000,84000,0.249798,4.00324,6.09756,2.15168e+07,1.312e+08,1000000000,0.164,164,0.8
26,2,9094874000000,85000,0.252282,3.96381,2.1692,1.70017e+08,3.688e+08,1000000000,0.461,461,0.8
26,2,9094875000000,86000,0.251012,3.98388,6.99301,1.63592e+07,1.144e+08,1000000000,0.143,143,0.8
26,2,9094876000000,87000,0.250011,3.99982,6.09756,2.15168e+07,1.312e+08,1000000000,0.164,164,0.8
26,2,9094877000000,88000,0.25383,3.93965,1.70648,2.74717e+08,4.688e+08,1000000000,0.586,586,0.8
26,2,9094878000000,89000,0.251719,3.97268,15.1515,3.4848e+06,5.28e+07,1000000000,0.066,66,0.8
26,2,9094879000000,90000,0.250211,3.99663,8.62069,1.07648e+07,9.28e+07,1000000000,0.116,116,0.8
26,2,9094880000000,91000,0.254099,3.93548,1.65563,2.91853e+08,4.832e+08,1000000000,0.604,604,0.8
26,2,9094881000000,92000,0.25312,3.9507,6.09756,2.15168e+07,1.312e+08,1000000000,0.164,164,0.8
26,2,9094882000000,93000,0.251226,3.98048,12.987,4.7432e+06,6.16e+07,1000000000,0.077,77,0.8
26,2,9094883000000,94000,0.25416,3.93454,1.89753,2.22183e+08,4.216e+08,1000000000,0.527,527,0.8
26,2,9094884000000,95000,0.253211,3.94928,6.09756,2.15168e+07,1.312e+08,1000000000,0.164,164,0.8
26,2,9094885000000,96000,0.253156,3.95013,4.03226,4.92032e+07,1.984e+08,1000000000,0.248,248,0.8
26,2,9094886000000,97000,0.254216,3.93366,2.80899,1.01389e+08,2.848e+08,1000000000,0.356,356,0.8
26,2,9094887000000,98000,0.253296,3.94795,6.09756,2.15168e+07,1.312e+08,1000000000,0.164,164,0.8
26,2,9094888000000,99000,0.254687,3.92639,2.55754,1.22305e+08,3.128e+08,1000000000,0.391,391,0.8
26,2,9094889000000,100000,0.25427,3.93283,4.69484,3.62952e+07,1.704e+08,1000000000,0.213,213,0.8
26,2,9094890000000,101000,0.253376,3.9467,6.09756,2.15168e+07,1.312e+08,1000000000,0.164,164,0.8
26,2,9094891000000,102000,0.255912,3.9076,1.95312,2.09715e+08,4.096e+08,1000000000,0.512,512,0.8
26,2,9094892000000,103000,0.25432,3.93205,10.8696,6.7712e+06,7.36e+07,1000000000,0.092,92,0.8
26,2,9094893000000,104000,0.253452,3.94552,6.09756,2.15168e+07,1.312e+08,1000000000,0.164,164,0.8
26,2,9094894000000,105000,0.25679,3.89423,1.65563,2.91853e+08,4.832e+08,1000000000,0.604,604,0.8
26,2,9094895000000,106000,0.255557,3.91303,7.93651,1.27008e+07,1.008e+08,1000000000,0.126,126,0.8
26,2,9094896000000,107000,0.253523,3.94441,26.3158,1.1552e+06,3.04e+07,1000000000,0.038,38,0.8
26,2,9094897000000,108000,0.256769,3.89456,1.65563,2.91853e+08,4.832e+08,1000000000,0.604,604,0.8
26,2,9094898000000,109000,0.255917,3.90751,6.09756,2.15168e+07,1.312e+08,1000000000,0.164,164,0.8
26,2,9094899000000,110000,0.255109,3.91989,5.98802,2.23112e+07,1.336e+08,1000000000,0.167,167,0.8
26,2,9094900000000,111000,0.256748,3.89487,2.28833,1.52775e+08,3.496e+08,1000000000,0.437,437,0.8
26,2,9094901000000,112000,0.25592,3.90748,6.09756,2.15168e+07,1.312e+08,1000000000,0.164,164,0.8
26,2,9094902000000,113000,0.256425,3.89978,3.19489,7.83752e+07,2.504e+08,1000000000,0.313,313,0.8
26,2,9094903000000,114000,0.258781,3.86428,1.90476,2.205e+08,4.2e+08,1000000000,0.525,525,0.8
26,2,9094904000000,115000,0.2578,3.87898,6.84932,1.70528e+07,1.168e+08,1000000000,0.146,146,0.8
26,2,9094905000000,116000,0.256569,3.89759,8.69565,1.058e+07,9.2e+07,1000000000,0.115,115,0.8
26,2,9094906000000,117000,0.259581,3.85236,1.64204,2.96705e+08,4.872e+08,1000000000,0.609,609,0.8
26,2,9094907000000,118000,0.258636,3.86644,6.75676,1.75232e+07,1.184e+08,1000000000,0.148,148,0.8
26,2,9094908000000,119000,0.257739,3.87989,6.57895,1.84832e+07,1.216e+08,1000000000,0.152,152,0.8
26,2,9094909000000,120000,0.259558,3.8527,2.10084,1.81261e+08,3.808e+08,1000000000,0.476,476,0.8
26,2,9094910000000,121000,0.258355,3.87064,8.77193,1.03968e+07,9.12e+07,1000000000,0.114,114,0.8
26,2,9094911000000,122000,0.25968,3.85089,2.38095,1.4112e+08,3.36e+08,1000000000,0.42,420,0.8
26,2,9094912000000,123000,0.259407,3.85495,4.42478,4.08608e+07,1.808e+08,1000000000,0.226,226,0.8
26,2,9094913000000,124000,0.258508,3.86835,6.75676,1.75232e+07,1.184e+08,1000000000,0.148,148,0.8
26,2,9094914000000,125000,0.261336,3.82649,1.63399,2.99635e+08,4.896e+08,1000000000,0.612,612,0.8
26,2,9094915000000,126000,0.260286,3.84193,7.75194,1.33128e+07,1.032e+08,1000000000,0.129,129,0.8
26,2,9094916000000,127000,0.259189,3.85819,8.26446,1.17128e+07,9.68e+07,1000000000,0.121,121,0.8
26,2,9094917000000,128000,0.261273,3.82741,1.90114,2.21341e+08,4.208e+08,1000000000,0.526,526,0.8
26,2,9094918000000,129000,0.260395,3.84031,6.75676,1.75232e+07,1.184e+08,1000000000,0.148,148,0.8
26,2,9094919000000,130000,0.261069,3.8304,2.87356,9.68832e+07,2.784e+08,1000000000,0.348,348,0.8
26,2,9094920000000,131000,0.261214,3.82828,3.57143,6.272e+07,2.24e+08,1000000000,0.28,280,0.8
26,2,9094921000000,132000,0.260098,3.8447,8.77193,1.03968e+07,9.12e+07,1000000000,0.114,114,0.8
26,2,9094922000000,133000,0.262632,3.80762,1.67504,2.85127e+08,4.776e+08,1000000000,0.597,597,0.8
26,2,9094923000000,134000,0.261545,3.82344,8.54701,1.09512e+07,9.36e+07,1000000000,0.117,117,0.8
26,2,9094924000000,135000,0.260333,3.84123,10.2041,7.6832e+06,7.84e+07,1000000000,0.098,98,0.8
26,2,9094925000000,136000,0.262904,3.80366,1.63934,2.9768e+08,4.88e+08,1000000000,0.61,610,0.8
26,2,9094926000000,137000,0.261818,3.81945,8.77193,1.03968e+07,9.12e+07,1000000000,0.114,114,0.8
26,2,9094927000000,138000,0.262174,3.81426,3.21543,7.73768e+07,2.488e+08,1000000000,0.311,311,0.8
26,2,9094928000000,139000,0.262698,3.80665,2.98507,8.978e+07,2.68e+08,1000000000,0.335,335,0.8
26,2,9094929000000,140000,0.261879,3.81856,6.75676,1.75232e+07,1.184e+08,1000000000,0.148,148,0.8
26,2,9094930000000,141000,0.263745,3.79155,1.90476,2.205e+08,4.2e+08,1000000000,0.525,525,0.8
26,2,9094931000000,142000,0.262711,3.80646,8.54701,1.09512e+07,9.36e+07,1000000000,0.117,117,0.8
26,2,9094932000000,143000,0.261573,3.82302,10,8e+06,8e+07,1000000000,0.1,100,0.8
26,2,9094933000000,144000,0.264243,3.78439,1.54799,3.33853e+08,5.168e+08,1000000000,0.646,646,0.8
26,2,9094934000000,145000,0.263441,3.79591,6.75676,1.75232e+07,1.184e+08,1000000000,0.148,148,0.8
26,2,9094935000000,146000,0.263274,3.79832,4.1841,4.56968e+07,1.912e+08,1000000000,0.239,239,0.8
26,2,9094936000000,147000,0.264129,3.78603,2.57069,1.21057e+08,3.112e+08,1000000000,0.389,389,0.8
26,2,9094937000000,148000,0.263115,3.80062,8.77193,1.03968e+07,9.12e+07,1000000000,0.114,114,0.8
26,2,9094938000000,149000,0.264658,3.77847,2.0284,1.94439e+08,3.944e+08,1000000000,0.493,493,0.8
26,2,9094939000000,150000,0.263913,3.78912,6.53595,1.87272e+07,1.224e+08,1000000000,0.153,153,0.8
26,2,9094940000000,151000,0.263146,3.80018,6.75676,1.75232e+07,1.184e+08,1000000000,0.148,148,0.8
26,2,9094941000000,152000,0.265546,3.76583,1.59236,3.15507e+08,5.024e+08,1000000000,0.628,628,0.8
26,2,9094942000000,153000,0.264556,3.77992,8.77193,1.03968e+07,9.12e+07,1000000000,0.114,114,0.8
26,2,9094943000000,154000,0.264188,3.78518,4.80769,3.46112e+07,1.664e+08,1000000000,0.208,208,0.8
26,2,9094944000000,155000,0.26531,3.76918,2.28311,1.53475e+08,3.504e+08,1000000000,0.438,438,0.8
26,2,9094945000000,156000,0.264558,3.77989,6.75676,1.75232e+07,1.184e+08,1000000000,0.148,148,0.8
26,2,9094946000000,157000,0.265554,3.76571,2.3753,1.41793e+08,3.368e+08,1000000000,0.421,421,0.8
26,2,9094947000000,158000,0.265184,3.77097,4.83092,3.42792e+07,1.656e+08,1000000000,0.207,207,0.8
26,2,9094948000000,159000,0.264233,3.78454,8.77193,1.03968e+07,9.12e+07,1000000000,0.114,114,0.8
26,2,9094949000000,160000,0.266594,3.75103,1.55763,3.29731e+08,5.136e+08,1000000000,0.642,642,0.8
26,2,9094950000000,161000,0.265826,3.76186,6.99301,1.63592e+07,1.144e+08,1000000000,0.143,143,0.8
26,2,9094951000000,162000,0.264883,3.77526,8.84956,1.02152e+07,9.04e+07,1000000000,0.113,113,0.8
26,2,9094952000000,163000,0.266472,3.75273,1.9084,2.19661e+08,4.192e+08,1000000000,0.524,524,0.8
26,2,9094953000000,164000,0.265543,3.76587,8.77193,1.03968e+07,9.12e+07,1000000000,0.114,114,0.8
26,2,9094954000000,165000,0.266297,3.75521,2.5641,1.2168e+08,3.12e+08,1000000000,0.39,390,0.8
26,2,9094955000000,165531,0.267086,3.74411,1.95221,2.09913e+08,4.09793e+08,1000000000,0.512241,272,0.8
26,2,9094956000000,165531,0.267086,3.74411,0,-nan,-nan,1000000000,-nan,0,0.8
26,2,9094957000000,165531,0.267086,3.74411,0,-nan,-nan,1000000000,-nan,0,0.8
26,2,9094958000000,165531,0.267086,3.74411,0,-nan,-nan,1000000000,-nan,0,0.8
26,2,9094959000000,165531,0.267086,3.74411,0,-nan,-nan,1000000000,-nan,0,0.8
26,2,9094960000000,165531,0.267086,3.74411,0,-nan,-nan,1000000000,-nan,0,0.8
26,2,9094961000000,165531,0.267086,3.74411,0,-nan,-nan,1000000000,-nan,0,0.8
27,0,9094801000000,4000,0.13075,7.64818,7.64818,6.83822e+07,5.23e+08,4000000000,0.13075,130.75,1
27,1,9094802000000,6000,0.111167,8.9955,13.8889,9.3312e+06,1.296e+08,2000000000,0.072,72,0.9
27,1,9094803000000,8000,0.162375,6.15858,3.16456,1.79741e+08,5.688e+08,2000000000,0.316,316,0.9
27,2,9094804000000,9000,0.156111,6.40569,9.43396,8.9888e+06,8.48e+07,1000000000,0.106,106,0.8
27,2,9094805000000,10000,0.176,5.68182,2.8169,1.0082e+08,2.84e+08,1000000000,0.355,355,0.8
27,2,9094806000000,11000,0.186818,5.3528,3.38983,6.962e+07,2.36e+08,1000000000,0.295,295,0.8
27,2,9094807000000,12000,0.18325,5.45703,6.94444,1.65888e+07,1.152e+08,1000000000,0.144,144,0.8
27,2,9094808000000,13000,0.213077,4.69314,1.75131,2.60833e+08,4.568e+08,1000000000,0.571,571,0.8
27,2,9094809000000,14000,0.207571,4.81762,7.35294,1.47968e+07,1.088e+08,1000000000,0.136,136,0.8
27,2,9094810000000,15000,0.198267,5.04371,14.7059,3.6992e+06,5.44e+07,1000000000,0.068,68,0.8
27,2,9094811000000,16000,0.224188,4.46055,1.63132,3.00615e+08,4.904e+08,1000000000,0.613,613,0.8
27,2,9094812000000,17000,0.219706,4.55154,6.75676,1.75232e+07,1.184e+08,1000000000,0.148,148,0.8
27,2,9094813000000,18000,0.223444,4.47539,3.48432,6.58952e+07,2.296e+08,1000000000,0.287,287,0.8
27,2,9094814000000,19000,0.229632,4.3548,2.93255,9.30248e+07,2.728e+08,1000000000,0.341,341,0.8
27,2,9094815000000,20000,0.22385,4.46728,8.77193,1.03968e+07,9.12e+07,1000000000,0.114,114,0.8
27,2,9094816000000,21000,0.239,4.1841,1.84502,2.35011e+08,4.336e+08,1000000000,0.542,542,0.8
27,2,9094817000000,22000,0.232909,4.29352,9.52381,8.82e+06,8.4e+07,1000000000,0.105,105,0.8
27,2,9094818000000,23000,0.229174,4.3635,6.80272,1.72872e+07,1.176e+08,1000000000,0.147,147,0.8
27,2,9094819000000,24000,0.245792,4.06849,1.59236,3.15507e+08,5.024e+08,1000000000,0.628,628,0.8
27,2,9094820000000,25000,0.24052,4.15766,8.77193,1.03968e+07,9.12e+07,1000000000,0.114,114,0.8
27,2,9094821000000,26000,0.241077,4.14805,3.92157,5.202e+07,2.04e+08,1000000000,0.255,255,0.8
27,2,9094822000000,27000,0.24663,4.05466,2.55754,1.22305e+08,3.128e+08,1000000000,0.391,391,0.8
27,2,9094823000000,28000,0.243107,4.11341,6.75676,1.75232e+07,1.184e+08,1000000000,0.148,148,0.8
27,2,9094824000000,29000,0.250862,3.98625,2.13675,1.75219e+08,3.744e+08,1000000000,0.468,468,0.8
27,2,9094825000000,30000,0.247833,4.03497,6.25,2.048e+07,1.28e+08,1000000000,0.16,160,0.8
27,2,9094826000000,31000,0.243516,4.1065,8.77193,1.03968e+07,9.12e+07,1000000000,0.114,114,0.8
27,2,9094827000000,32000,0.256094,3.90482,1.54799,3.33853e+08,5.168e+08,1000000000,0.646,646,0.8
27,2,9094828000000,33000,0.252818,3.95541,6.75676,1.75232e+07,1.184e+08,1000000000,0.148,148,0.8
27,2,9094829000000,34000,0.250559,3.99108,5.68182,2.47808e+07,1.408e+08,1000000000,0.176,176,0.8
27,2,9094830000000,35000,0.256314,3.90146,2.21239,1.63443e+08,3.616e+08,1000000000,0.452,452,0.8
27,2,9094831000000,36000,0.252361,3.96258,8.77193,1.03968e+07,9.12e+07,1000000000,0.114,114,0.8
27,2,9094832000000,37000,0.257324,3.88615,2.29358,1.52077e+08,3.488e+08,1000000000,0.436,436,0.8
27,2,9094833000000,38000,0.256079,3.90505,4.7619,3.528e+07,1.68e+08,1000000000,0.21,210,0.8
27,2,9094834000000,39000,0.253308,3.94777,6.75676,1.75232e+07,1.184e+08,1000000000,0.148,148,0.8
27,2,9094835000000,40000,0.2625,3.80952,1.61031,3.08513e+08,4.968e+08,1000000000,0.621,621,0.8
27,2,9094836000000,41000,0.259049,3.86028,8.26446,1.17128e+07,9.68e+07,1000000000,0.121,121,0.8
27,2,9094837000000,42000,0.256357,3.90081,6.84932,1.70528e+07,1.168e+08,1000000000,0.146,146,0.8
27,2,9094838000000,43000,0.262023,3.81646,2,2e+08,4e+08,1000000000,0.5,500,0.8
27,2,9094839000000,44000,0.259432,3.85458,6.75676,1.75232e+07,1.184e+08,1000000000,0.148,148,0.8
27,2,9094840000000,45000,0.261778,3.82003,2.73973,1.0658e+08,2.92e+08,1000000000,0.365,365,0.8
27,2,9094841000000,46000,0.261804,3.81965,3.80228,5.53352e+07,2.104e+08,1000000000,0.263,263,0.8
27,2,9094842000000,47000,0.25866,3.86609,8.77193,1.03968e+07,9.12e+07,1000000000,0.114,114,0.8
27,2,9094843000000,48000,0.266042,3.75881,1.63132,3.00615e+08,4.904e+08,1000000000,0.613,613,0.8
27,2,9094844000000,49000,0.263184,3.79963,7.93651,1.27008e+07,1.008e+08,1000000000,0.126,126,0.8
27,2,9094845000000,50000,0.25984,3.84852,10.4167,7.3728e+06,7.68e+07,1000000000,0.096,96,0.8
27,2,9094846000000,51000,0.266255,3.7558,1.70358,2.75655e+08,4.696e+08,1000000000,0.587,587,0.8
27,2,9094847000000,52000,0.263327,3.79756,8.77193,1.03968e+07,9.12e+07,1000000000,0.114,114,0.8
27,2,9094848000000,53000,0.264623,3.77897,3.01205,8.81792e+07,2.656e+08,1000000000,0.332,332,0.8
27,2,9094849000000,54000,0.269611,3.70905,1.87266,2.28125e+08,4.272e+08,1000000000,0.534,534,0.8
27,2,9094850000000,55000,0.267618,3.73667,6.25,2.048e+07,1.28e+08,1000000000,0.16,160,0.8
27,2,9094851000000,56000,0.264893,3.77511,8.69565,1.058e+07,9.2e+07,1000000000,0.115,115,0.8
27,2,9094852000000,57000,0.270579,3.69578,1.69779,2.77537e+08,4.712e+08,1000000000,0.589,589,0.8
27,2,9094853000000,58000,0.266586,3.75113,25.641,1.2168e+06,3.12e+07,1000000000,0.039,39,0.8
27,1,9094854000000,60000,0.258917,3.86225,27.3973,2.39805e+06,6.57e+07,2000000000,0.0365,36.5,0.9
27,0,9094855000000,64000,0.253359,3.94696,5.88235,1.156e+08,6.8e+08,4000000000,0.17,170,1
27,1,9094856000000,66000,0.247545,4.03966,16.2602,6.80805e+06,1.107e+08,2000000000,0.0615,61.5,0.9
27,1,9094857000000,68000,0.247838,4.03489,3.8835,1.19351e+08,4.635e+08,2000000000,0.2575,257.5,0.9
27,2,9094858000000,69000,0.246188,4.06193,7.46269,1.43648e+07,1.072e+08,1000000000,0.134,134,0.8
27,2,9094859000000,70000,0.244571,4.08879,7.5188,1.41512e+07,1.064e+08,1000000000,0.133,133,0.8
27,2,9094860000000,71000,0.249437,4.00903,1.69492,2.7848e+08,4.72e+08,1000000000,0.59,590,0.8
27,2,9094861000000,72000,0.246806,4.05177,16.6667,2.88e+06,4.8e+07,1000000000,0.06,60,0.8
27,2,9094862000000,73000,0.244781,4.08529,10.101,7.8408e+06,7.92e+07,1000000000,0.099,99,0.8
27,2,9094863000000,74000,0.250203,3.99676,1.54799,3.33853e+08,5.168e+08,1000000000,0.646,646,0.8
27,2,9094864000000,75000,0.248853,4.01843,6.71141,1.77608e+07,1.192e+08,1000000000,0.149,149,0.8
27,2,9094865000000,76000,0.245987,4.06526,32.2581,768800,2.48e+07,1000000000,0.031,31,0.8
27,2,9094866000000,77000,0.250429,3.99315,1.70068,2.76595e+08,4.704e+08,1000000000,0.588,588,0.8
27,2,9094867000000,78000,0.249321,4.0109,6.09756,2.15168e+07,1.312e+08,1000000000,0.164,164,0.8
27,2,9094868000000,79000,0.248696,4.02097,5,3.2e+07,1.6e+08,1000000000,0.2,200,0.8
27,2,9094869000000,80000,0.250638,3.98983,2.47525,1.30573e+08,3.232e+08,1000000000,0.404,404,0.8
27,2,9094870000000,81000,0.249568,4.00693,6.09756,2.15168e+07,1.312e+08,1000000000,0.164,164,0.8
27,2,9094871000000,82000,0.2505,3.99202,3.06748,8.50208e+07,2.608e+08,1000000000,0.326,326,0.8
27,2,9094872000000,83000,0.250831,3.98674,3.59712,6.18272e+07,2.224e+08,1000000000,0.278,278,0.8
27,2,9094873000000,84000,0.249798,4.00324,6.09756,2.15168e+07,1.312e+08,1000000000,0.164,164,0.8
27,2,9094874000000,85000,0.252282,3.96381,2.1692,1.70017e+08,3.688e+08,1000000000,0.461,461,0.8
27,2,9094875000000,86000,0.251012,3.98388,6.99301,1.63592e+07,1.144e+08,1000000000,0.143,143,0.8
27,2,9094876000000,87000,0.250011,3.99982,6.09756,2.15168e+07,1.312e+08,1000000000,0.164,164,0.8
27,2,9094877000000,88000,0.25383,3.93965,1.70648,2.74717e+08,4.688e+08,1000000000,0.586,586,0.8
27,2,9094878000000,89000,0.251719,3.97268,15.1515,3.4848e+06,5.28e+07,1000000000,0.066,66,0.8
27,2,9094879000000,90000,0.250211,3.99663,8.62069,1.07648e+07,9.28e+07,1000000000,0.116,116,0.8
27,2,9094880000000,91000,0.254099,3.93548,1.65563,2.91853e+08,4.832e+08,1000000000,0.604,604,0.8
27,2,9094881000000,92000,0.25312,3.9507,6.09756,2.15168e+07,1.312e+08,1000000000,0.164,164,0.8
27,2,9094882000000,93000,0.251226,3.98048,12.987,4.7432e+06,6.16e+07,1000000000,0.077,77,0.8
27,2,9094883000000,94000,0.25416,3.93454,1.89753,2.22183e+08,4.216e+08,1000000000,0.527,527,0.8
27,2,9094884000000,95000,0.253211,3.94928,6.09756,2.15168e+07,1.312e+08,1000000000,0.164,164,0.8
27,2,9094885000000,96000,0.253156,3.95013,4.03226,4.92032e+07,1.984e+08,1000000000,0.248,248,0.8
27,2,9094886000000,97000,0.254216,3.93366,2.80899,1.01389e+08,2.848e+08,1000000000,0.356,356,0.8
27,2,9094887000000,98000,0.253296,3.94795,6.09756,2.15168e+07,1.312e+08,1000000000,0.164,164,0.8
27,2,9094888000000,99000,0.254687,3.92639,2.55754,1.22305e+08,3.128e+08,1000000000,0.391,391,0.8
27,2,9094889000000,100000,0.25427,3.93283,4.69484,3.62952e+07,1.704e+08,1000000000,0.213,213,0.8
27,2,9094890000000,101000,0.253376,3.9467,6.09756,2.15168e+07,1.312e+08,1000000000,0.164,164,0.8
27,2,9094891000000,102000,0.255912,3.9076,1.95312,2.09715e+08,4.096e+08,1000000000,0.512,512,0.8
27,2,9094892000000,103000,0.25432,3.93205,10.8696,6.7712e+06,7.36e+07,1000000000,0.092,92,0.8
27,2,9094893000000,104000,0.253452,3.94552,6.09756,2.15168e+07,1.312e+08,1000000000,0.164,164,0.8
27,2,9094894000000,105000,0.25679,3.89423,1.65563,2.91853e+08,4.832e+08,1000000000,0.604,604,0.8
27,2,9094895000000,106000,0.255557,3.91303,7.93651,1.27008e+07,1.008e+08,1000000000,0.126,126,0.8
27,2,9094896000000,107000,0.253523,3.94441,26.3158,1.1552e+06,3.04e+07,1000000000,0.038,38,0.8
27,2,9094897000000,108000,0.256769,3.89456,1.65563,2.91853e+08,4.832e+08,1000000000,0.604,604,0.8
27,2,9094898000000,109000,0.255917,3.90751,6.09756,2.15168e+07,1.312e+08,1000000000,0.164,164,0.8
27,2,9094899000000,110000,0.255109,3.91989,5.98802,2.23112e+07,1.336e+08,1000000000,0.167,167,0.8
27,2,9094900000000,111000,0.256748,3.89487,2.28833,1.52775e+08,3.496e+08,1000000000,0.437,437,0.8
27,2,9094901000000,112000,0.25592,3.90748,6.09756,2.15168e+07,1.312e+08,1000000000,0.164,164,0.8
27,2,9094902000000,113000,0.256425,3.89978,3.19489,7.83752e+07,2.504e+08,1000000000,0.313,313,0.8
27,2,9094903000000,114000,0.258781,3.86428,1.90476,2.205e+08,4.2e+08,1000000000,0.525,525,0.8
27,2,9094904000000,115000,0.2578,3.87898,6.84932,1.70528e+07,1.168e+08,1000000000,0.146,146,0.8
27,2,9094905000000,116000,0.256569,3.89759,8.69565,1.058e+07,9.2e+07,1000000000,0.115,115,0.8
27,2,9094906000000,117000,0.259581,3.85236,1.64204,2.96705e+08,4.872e+08,1000000000,0.609,609,0.8
27,2,9094907000000,118000,0.258636,3.86644,6.75676,1.75232e+07,1.184e+08,1000000000,0.148,148,0.8
27,2,9094908000000,119000,0.257739,3.87989,6.57895,1.84832e+07,1.216e+08,1000000000,0.152,152,0.8
27,2,9094909000000,120000,0.259558,3.8527,2.10084,1.81261e+08,3.808e+08,1000000000,0.476,476,0.8
27,2,9094910000000,121000,0.258355,3.87064,8.77193,1.03968e+07,9.12e+07,1000000000,0.114,114,0.8
27,2,9094911000000,122000,0.25968,3.85089,2.38095,1.4112e+08,3.36e+08,1000000000,0.42,420,0.8
27,2,9094912000000,123000,0.259407,3.85495,4.42478,4.08608e+07,1.808e+08,1000000000,0.226,226,0.8
27,2,9094913000000,124000,0.258508,3.86835,6.75676,1.75232e+07,1.184e+08,1000000000,0.148,148,0.8
27,2,9094914000000,125000,0.261336,3.82649,1.63399,2.99635e+08,4.896e+08,1000000000,0.612,612,0.8
27,2,9094915000000,126000,0.260286,3.84193,7.75194,1.33128e+07,1.032e+08,1000000000,0.129,129,0.8
27,2,9094916000000,127000,0.259189,3.85819,8.26446,1.17128e+07,9.68e+07,1000000000,0.121,121,0.8
27,2,9094917000000,128000,0.261273,3.82741,1.90114,2.21341e+08,4.208e+08,1000000000,0.526,526,0.8
27,2,9094918000000,129000,0.260395,3.84031,6.75676,1.75232e+07,1.184e+08,1000000000,0.148,148,0.8
27,2,9094919000000,130000,0.261069,3.8304,2.87356,9.68832e+07,2.784e+08,1000000000,0.348,348,0.8
27,2,9094920000000,131000,0.261214,3.82828,3.57143,6.272e+07,2.24e+08,1000000000,0.28,280,0.8
27,2,9094921000000,132000,0.260098,3.8447,8.77193,1.03968e+07,9.12e+07,1000000000,0.114,114,0.8
27,2,9094922000000,133000,0.262632,3.80762,1.67504,2.85127e+08,4.776e+08,1000000000,0.597,597,0.8
27,2,9094923000000,134000,0.261545,3.82344,8.54701,1.09512e+07,9.36e+07,1000000000,0.117,117,0.8
27,2,9094924000000,135000,0.260333,3.84123,10.2041,7.6832e+06,7.84e+07,1000000000,0.098,98,0.8
27,2,9094925000000,136000,0.262904,3.80366,1.63934,2.9768e+08,4.88e+08,1000000000,0.61,610,0.8
27,2,9094926000000,137000,0.261818,3.81945,8.77193,1.03968e+07,9.12e+07,1000000000,0.114,114,0.8
27,2,9094927000000,138000,0.262174,3.81426,3.21543,7.73768e+07,2.488e+08,1000000000,0.311,311,0.8
27,2,9094928000000,139000,0.262698,3.80665,2.98507,8.978e+07,2.68e+08,1000000000,0.335,335,0.8
27,2,9094929000000,140000,0.261879,3.81856,6.75676,1.75232e+07,1.184e+08,1000000000,0.148,148,0.8
27,2,9094930000000,141000,0.263745,3.79155,1.90476,2.205e+08,4.2e+08,1000000000,0.525,525,0.8
27,2,9094931000000,142000,0.262711,3.80646,8.54701,1.09512e+07,9.36e+07,1000000000,0.117,117,0.8
27,2,9094932000000,143000,0.261573,3.82302,10,8e+06,8e+07,1000000000,0.1,100,0.8
27,2,9094933000000,144000,0.264243,3.78439,1.54799,3.33853e+08,5.168e+08,1000000000,0.646,646,0.8
27,2,9094934000000,145000,0.263441,3.79591,6.75676,1.75232e+07,1.184e+08,1000000000,0.148,148,0.8
27,2,9094935000000,146000,0.263274,3.79832,4.1841,4.56968e+07,1.912e+08,1000000000,0.239,239,0.8
27,2,9094936000000,147000,0.264129,3.78603,2.57069,1.21057e+08,3.112e+08,1000000000,0.389,389,0.8
27,2,9094937000000,148000,0.263115,3.80062,8.77193,1.03968e+07,9.12e+07,1000000000,0.114,114,0.8
27,2,9094938000000,149000,0.264658,3.77847,2.0284,1.94439e+08,3.944e+08,1000000000,0.493,493,0.8
27,2,9094939000000,150000,0.263913,3.78912,6.53595,1.87272e+07,1.224e+08,1000000000,0.153,153,0.8
27,2,9094940000000,151000,0.263146,3.80018,6.75676,1.75232e+07,1.184e+08,1000000000,0.148,148,0.8
27,2,9094941000000,152000,0.265546,3.76583,1.59236,3.15507e+08,5.024e+08,1000000000,0.628,628,0.8
27,2,9094942000000,153000,0.264556,3.77992,8.77193,1.03968e+07,9.12e+07,1000000000,0.114,114,0.8
27,2,9094943000000,154000,0.264188,3.78518,4.80769,3.46112e+07,1.664e+08,1000000000,0.208,208,0.8
27,2,9094944000000,155000,0.26531,3.76918,2.28311,1.53475e+08,3.504e+08,1000000000,0.438,438,0.8
27,2,9094945000000,156000,0.264558,3.77989,6.75676,1.75232e+07,1.184e+08,1000000000,0.148,148,0.8
27,2,9094946000000,157000,0.265554,3.76571,2.3753,1.41793e+08,3.368e+08,1000000000,0.421,421,0.8
27,2,9094947000000,158000,0.265184,3.77097,4.83092,3.42792e+07,1.656e+08,1000000000,0.207,207,0.8
27,2,9094948000000,159000,0.264233,3.78454,8.77193,1.03968e+07,9.12e+07,1000000000,0.114,114,0.8
27,2,9094949000000,160000,0.266594,3.75103,1.55763,3.29731e+08,5.136e+08,1000000000,0.642,642,0.8
27,2,9094950000000,161000,0.265826,3.76186,6.99301,1.63592e+07,1.144e+08,1000000000,0.143,143,0.8
27,2,9094951000000,162000,0.264883,3.77526,8.84956,1.02152e+07,9.04e+07,1000000000,0.113,113,0.8
27,2,9094952000000,163000,0.266472,3.75273,1.9084,2.19661e+08,4.192e+08,1000000000,0.524,524,0.8
27,2,9094953000000,164000,0.265543,3.76587,8.77193,1.03968e+07,9.12e+07,1000000000,0.114,114,0.8
27,2,9094954000000,165000,0.266297,3.75521,2.5641,1.2168e+08,3.12e+08,1000000000,0.39,390,0.8
27,2,9094955000000,165531,0.267086,3.74411,1.95221,2.09913e+08,4.09793e+08,1000000000,0.512241,272,0.8
27,2,9094956000000,165531,0.267086,3.74411,0,-nan,-nan,1000000000,-nan,0,0.8
27,2,9094957000000,165531,0.267086,3.74411,0,-nan,-nan,1000000000,-nan,0,0.8
27,2,9094958000000,165531,0.267086,3.74411,0,-nan,-nan,1000000000,-nan,0,0.8
27,2,9094959000000,165531,0.267086,3.74411,0,-nan,-nan,1000000000,-nan,0,0.8
27,2,9094960000000,165531,0.267086,3.74411,0,-nan,-nan,1000000000,-nan,0,0.8
27,2,9094961000000,165531,0.267086,3.74411,0,-nan,-nan,1000000000,-nan,0,0.8
28,0,9094801000000,4000,0.1565,6.38978,6.38978,9.7969e+07,6.26e+08,4000000000,0.1565,156.5,1
28,1,9094802000000,6000,0.128333,7.79221,13.8889,9.3312e+06,1.296e+08,2000000000,0.072,72,0.9
28,1,9094803000000,8000,0.17525,5.70613,3.16456,1.79741e+08,5.688e+08,2000000000,0.316,316,0.9
28,2,9094804000000,9000,0.167556,5.96817,9.43396,8.9888e+06,8.48e+07,1000000000,0.106,106,0.8
28,2,9094805000000,10000,0.1763,5.67215,3.92157,5.202e+07,2.04e+08,1000000000,0.255,255,0.8
28,2,9094806000000,11000,0.196182,5.09731,2.53165,1.2482e+08,3.16e+08,1000000000,0.395,395,0.8
28,2,9094807000000,12000,0.191833,5.21286,6.94444,1.65888e+07,1.152e+08,1000000000,0.144,144,0.8
28,2,9094808000000,13000,0.213385,4.68637,2.11864,1.78227e+08,3.776e+08,1000000000,0.472,472,0.8
28,2,9094809000000,14000,0.209286,4.77816,6.41026,1.94688e+07,1.248e+08,1000000000,0.156,156,0.8
28,2,9094810000000,15000,0.202933,4.92773,8.77193,1.03968e+07,9.12e+07,1000000000,0.114,114,0.8
28,2,9094811000000,16000,0.230625,4.33604,1.54799,3.33853e+08,5.168e+08,1000000000,0.646,646,0.8
28,2,9094812000000,17000,0.225765,4.42939,6.75676,1.75232e+07,1.184e+08,1000000000,0.148,148,0.8
28,2,9094813000000,18000,0.223222,4.47984,5.55556,2.592e+07,1.44e+08,1000000000,0.18,180,0.8
28,2,9094814000000,19000,0.235053,4.25437,2.23214,1.60563e+08,3.584e+08,1000000000,0.448,448,0.8
28,2,9094815000000,20000,0.229,4.36681,8.77193,1.03968e+07,9.12e+07,1000000000,0.114,114,0.8
28,2,9094816000000,21000,0.239048,4.18327,2.27273,1.5488e+08,3.52e+08,1000000000,0.44,440,0.8
28,2,9094817000000,22000,0.237545,4.20972,4.85437,3.39488e+07,1.648e+08,1000000000,0.206,206,0.8
28,2,9094818000000,23000,0.233652,4.27987,6.75676,1.75232e+07,1.184e+08,1000000000,0.148,148,0.8
28,2,9094819000000,24000,0.249833,4.00267,1.60772,3.09507e+08,4.976e+08,1000000000,0.622,622,0.8
28,2,9094820000000,25000,0.24464,4.08764,8.33333,1.152e+07,9.6e+07,1000000000,0.12,120,0.8
28,2,9094821000000,26000,0.241038,4.14872,6.62252,1.82408e+07,1.208e+08,1000000000,0.151,151,0.8
28,2,9094822000000,27000,0.250444,3.9929,2.0202,1.9602e+08,3.96e+08,1000000000,0.495,495,0.8
28,2,9094823000000,28000,0.246786,4.0521,6.75676,1.75232e+07,1.184e+08,1000000000,0.148,148,0.8
28,2,9094824000000,29000,0.250931,3.98516,2.7248,1.07751e+08,2.936e+08,1000000000,0.367,367,0.8
28,2,9094825000000,30000,0.251267,3.97984,3.83142,5.44968e+07,2.088e+08,1000000000,0.261,261,0.8
28,2,9094826000000,31000,0.246839,4.05123,8.77193,1.03968e+07,9.12e+07,1000000000,0.114,114,0.8
28,2,9094827000000,32000,0.258344,3.87081,1.62602,3.0258e+08,4.92e+08,1000000000,0.615,615,0.8
28,2,9094828000000,33000,0.254424,3.93044,7.75194,1.33128e+07,1.032e+08,1000000000,0.129,129,0.8
28,2,9094829000000,34000,0.249676,4.00518,10.7527,6.9192e+06,7.44e+07,1000000000,0.093,93,0.8
28,2,9094830000000,35000,0.259257,3.85717,1.7094,2.7378e+08,4.68e+08,1000000000,0.585,585,0.8
28,2,9094831000000,36000,0.255222,3.91815,8.77193,1.03968e+07,9.12e+07,1000000000,0.114,114,0.8
28,2,9094832000000,37000,0.257378,3.88533,2.98507,8.978e+07,2.68e+08,1000000000,0.335,335,0.8
28,2,9094833000000,38000,0.258789,3.86414,3.21543,7.73768e+07,2.488e+08,1000000000,0.311,311,0.8
28,2,9094834000000,39000,0.255949,3.90703,6.75676,1.75232e+07,1.184e+08,1000000000,0.148,148,0.8
28,2,9094835000000,40000,0.2633,3.79795,1.81818,2.42e+08,4.4e+08,1000000000,0.55,550,0.8
28,2,9094836000000,41000,0.259634,3.85157,8.84956,1.02152e+07,9.04e+07,1000000000,0.113,113,0.8
28,2,9094837000000,42000,0.255381,3.91572,12.3457,5.2488e+06,6.48e+07,1000000000,0.081,81,0.8
28,2,9094838000000,43000,0.264419,3.78188,1.5528,3.31789e+08,5.152e+08,1000000000,0.644,644,0.8
28,2,9094839000000,44000,0.261773,3.82011,6.75676,1.75232e+07,1.184e+08,1000000000,0.148,148,0.8
28,2,9094840000000,45000,0.261756,3.82036,3.83142,5.44968e+07,2.088e+08,1000000000,0.261,261,0.8
28,2,9094841000000,46000,0.264043,3.78726,2.7248,1.07751e+08,2.936e+08,1000000000,0.367,367,0.8
28,2,9094842000000,47000,0.260851,3.83361,8.77193,1.03968e+07,9.12e+07,1000000000,0.114,114,0.8
28,2,9094843000000,48000,0.266146,3.75734,1.94175,2.1218e+08,4.12e+08,1000000000,0.515,515,0.8
28,2,9094844000000,49000,0.263388,3.79668,7.63359,1.37288e+07,1.048e+08,1000000000,0.131,131,0.8
28,2,9094845000000,50000,0.26108,3.83024,6.75676,1.75232e+07,1.184e+08,1000000000,0.148,148,0.8
28,2,9094846000000,51000,0.268275,3.72753,1.59236,3.15507e+08,5.024e+08,1000000000,0.628,628,0.8
28,2,9094847000000,52000,0.265308,3.76921,8.77193,1.03968e+07,9.12e+07,1000000000,0.114,114,0.8
28,2,9094848000000,53000,0.264642,3.7787,4.34783,4.232e+07,1.84e+08,1000000000,0.23,230,0.8
28,2,9094849000000,54000,0.270444,3.69762,1.7301,2.67267e+08,4.624e+08,1000000000,0.578,578,0.8
28,2,9094850000000,55000,0.269491,3.7107,4.58716,3.80192e+07,1.744e+08,1000000000,0.218,218,0.8
28,2,9094851000000,56000,0.266732,3.74908,8.69565,1.058e+07,9.2e+07,1000000000,0.115,115,0.8
28,2,9094852000000,57000,0.271684,3.68074,1.82149,2.41121e+08,4.392e+08,1000000000,0.549,549,0.8
28,2,9094853000000,58000,0.268086,3.73014,15.873,3.1752e+06,5.04e+07,1000000000,0.063,63,0.8
28,1,9094854000000,60000,0.261633,3.82214,13.4228,9.99045e+06,1.341e+08,2000000000,0.0745,74.5,0.9
28,0,9094855000000,64000,0.254844,3.92397,6.53595,9.3636e+07,6.12e+08,4000000000,0.153,153,1
28,1,9094856000000,66000,0.249667,4.00534,11.9048,1.27008e+07,1.512e+08,2000000000,0.084,84,0.9
28,1,9094857000000,68000,0.247882,4.03417,5.29101,6.42978e+07,3.402e+08,2000000000,0.189,189,0.9
28,2,9094858000000,69000,0.247623,4.03839,4.34783,4.232e+07,1.84e+08,1000000000,0.23,230,0.8
28,2,9094859000000,70000,0.245871,4.06717,8,1.25e+07,1e+08,1000000000,0.125,125,0.8
28,2,9094860000000,71000,0.250056,3.9991,1.84162,2.35879e+08,4.344e+08,1000000000,0.543,543,0.8
28,2,9094861000000,72000,0.248222,4.02865,8.47458,1.11392e+07,9.44e+07,1000000000,0.118,118,0.8
28,2,9094862000000,73000,0.246192,4.06187,10,8e+06,8e+07,1000000000,0.1,100,0.8
28,2,9094863000000,74000,0.251568,3.97508,1.5528,3.31789e+08,5.152e+08,1000000000,0.644,644,0.8
28,2,9094864000000,75000,0.249867,4.00213,8.06452,1.23008e+07,9.92e+07,1000000000,0.124,124,0.8
28,2,9094865000000,76000,0.246921,4.04988,38.4615,540800,2.08e+07,1000000000,0.026,26,0.8
28,2,9094866000000,77000,0.25187,3.9703,1.59236,3.15507e+08,5.024e+08,1000000000,0.628,628,0.8
28,2,9094867000000,78000,0.250103,3.99836,8.77193,1.03968e+07,9.12e+07,1000000000,0.114,114,0.8
28,2,9094868000000,79000,0.249076,4.01484,5.91716,2.28488e+07,1.352e+08,1000000000,0.169,169,0.8
28,2,9094869000000,80000,0.251925,3.96944,2.09644,1.82023e+08,3.816e+08,1000000000,0.477,477,0.8
28,2,9094870000000,81000,0.250642,3.98975,6.75676,1.75232e+07,1.184e+08,1000000000,0.148,148,0.8
28,2,9094871000000,82000,0.251085,3.98271,3.48432,6.58952e+07,2.296e+08,1000000000,0.287,287,0.8
28,2,9094872000000,83000,0.252169,3.9656,2.93255,9.30248e+07,2.728e+08,1000000000,0.341,341,0.8
28,2,9094873000000,84000,0.250524,3.99164,8.77193,1.03968e+07,9.12e+07,1000000000,0.114,114,0.8
28,2,9094874000000,85000,0.252682,3.95754,2.30415,1.50685e+08,3.472e+08,1000000000,0.434,434,0.8
28,2,9094875000000,86000,0.252209,3.96496,4.71698,3.59552e+07,1.696e+08,1000000000,0.212,212,0.8
28,2,9094876000000,87000,0.251011,3.98388,6.75676,1.75232e+07,1.184e+08,1000000000,0.148,148,0.8
28,2,9094877000000,88000,0.25458,3.92805,1.76991,2.5538e+08,4.52e+08,1000000000,0.565,565,0.8
28,2,9094878000000,89000,0.252438,3.96137,15.625,3.2768e+06,5.12e+07,1000000000,0.064,64,0.8
28,2,9094879000000,90000,0.250889,3.98583,8.84956,1.02152e+07,9.04e+07,1000000000,0.113,113,0.8
28,2,9094880000000,91000,0.255231,3.91802,1.54799,3.33853e+08,5.168e+08,1000000000,0.646,646,0.8
28,2,9094881000000,92000,0.254065,3.936,6.75676,1.75232e+07,1.184e+08,1000000000,0.148,148,0.8
28,2,9094882000000,93000,0.251753,3.97215,25.641,1.2168e+06,3.12e+07,1000000000,0.039,39,0.8
28,2,9094883000000,94000,0.25534,3.91634,1.69779,2.77537e+08,4.712e+08,1000000000,0.589,589,0.8
28,2,9094884000000,95000,0.253853,3.93929,8.77193,1.03968e+07,9.12e+07,1000000000,0.114,114,0.8
28,2,9094885000000,96000,0.253521,3.94445,4.5045,3.94272e+07,1.776e+08,1000000000,0.222,222,0.8
28,2,9094886000000,97000,0.255278,3.91729,2.35849,1.43821e+08,3.392e+08,1000000000,0.424,424,0.8
28,2,9094887000000,98000,0.254184,3.93416,6.75676,1.75232e+07,1.184e+08,1000000000,0.148,148,0.8
28,2,9094888000000,99000,0.255202,3.91846,2.8169,1.0082e+08,2.84e+08,1000000000,0.355,355,0.8
28,2,9094889000000,100000,0.25538,3.91573,3.663,5.96232e+07,2.184e+08,1000000000,0.273,273,0.8
28,2,9094890000000,101000,0.25398,3.93731,8.77193,1.03968e+07,9.12e+07,1000000000,0.114,114,0.8
28,2,9094891000000,102000,0.256255,3.90236,2.05761,1.88957e+08,3.888e+08,1000000000,0.486,486,0.8
28,2,9094892000000,103000,0.25532,3.91665,6.25,2.048e+07,1.28e+08,1000000000,0.16,160,0.8
28,2,9094893000000,104000,0.254288,3.93254,6.75676,1.75232e+07,1.184e+08,1000000000,0.148,148,0.8
28,2,9094894000000,105000,0.257619,3.8817,1.65563,2.91853e+08,4.832e+08,1000000000,0.604,604,0.8
28,2,9094895000000,106000,0.255953,3.90697,12.3457,5.2488e+06,6.48e+07,1000000000,0.081,81,0.8
28,2,9094896000000,107000,0.254093,3.93556,17.5439,2.5992e+06,4.56e+07,1000000000,0.057,57,0.8
28,2,9094897000000,108000,0.257722,3.88015,1.54799,3.33853e+08,5.168e+08,1000000000,0.646,646,0.8
28,2,9094898000000,109000,0.256716,3.89536,6.75676,1.75232e+07,1.184e+08,1000000000,0.148,148,0.8
28,2,9094899000000,110000,0.255373,3.91584,9.17431,9.5048e+06,8.72e+07,1000000000,0.109,109,0.8
28,2,9094900000000,111000,0.257748,3.87976,1.92678,2.15489e+08,4.152e+08,1000000000,0.519,519,0.8
28,2,9094901000000,112000,0.256464,3.89918,8.77193,1.03968e+07,9.12e+07,1000000000,0.114,114,0.8
28,2,9094902000000,113000,0.256708,3.89548,3.52113,6.45248e+07,2.272e+08,1000000000,0.284,284,0.8
28,2,9094903000000,114000,0.259325,3.85617,1.8018,2.4642e+08,4.44e+08,1000000000,0.555,555,0.8
28,2,9094904000000,115000,0.258696,3.86555,5.34759,2.79752e+07,1.496e+08,1000000000,0.187,187,0.8
28,2,9094905000000,116000,0.257457,3.88415,8.69565,1.058e+07,9.2e+07,1000000000,0.115,115,0.8
28,2,9094906000000,117000,0.260368,3.84072,1.67224,2.86083e+08,4.784e+08,1000000000,0.598,598,0.8
28,2,9094907000000,118000,0.259381,3.85533,6.94444,1.65888e+07,1.152e+08,1000000000,0.144,144,0.8
28,2,9094908000000,119000,0.258017,3.87572,10.3093,7.5272e+06,7.76e+07,1000000000,0.097,97,0.8
28,2,9094909000000,120000,0.260417,3.84,1.8315,2.38493e+08,4.368e+08,1000000000,0.546,546,0.8
28,2,9094910000000,121000,0.259207,3.85793,8.77193,1.03968e+07,9.12e+07,1000000000,0.114,114,0.8
28,2,9094911000000,122000,0.260098,3.8447,2.71739,1.08339e+08,2.944e+08,1000000000,0.368,368,0.8
28,2,9094912000000,123000,0.260244,3.84255,3.59712,6.18272e+07,2.224e+08,1000000000,0.278,278,0.8
28,2,9094913000000,124000,0.259339,3.85596,6.75676,1.75232e+07,1.184e+08,1000000000,0.148,148,0.8
28,2,9094914000000,125000,0.261896,3.81831,1.72712,2.68193e+08,4.632e+08,1000000000,0.579,579,0.8
28,2,9094915000000,126000,0.260889,3.83305,7.40741,1.458e+07,1.08e+08,1000000000,0.135,135,0.8
28,2,9094916000000,127000,0.259425,3.85468,13.3333,4.5e+06,6e+07,1000000000,0.075,75,0.8
28,2,9094917000000,128000,0.262078,3.81566,1.66945,2.87041e+08,4.792e+08,1000000000,0.599,599,0.8
28,2,9094918000000,129000,0.261194,3.82857,6.75676,1.75232e+07,1.184e+08,1000000000,0.148,148,0.8
28,2,9094919000000,130000,0.261446,3.82488,3.40136,6.91488e+07,2.352e+08,1000000000,0.294,294,0.8
28,2,9094920000000,131000,0.262,3.81679,2.99401,8.92448e+07,2.672e+08,1000000000,0.334,334,0.8
28,2,9094921000000,132000,0.260879,3.8332,8.77193,1.03968e+07,9.12e+07,1000000000,0.114,114,0.8
28,2,9094922000000,133000,0.26303,3.80185,1.82815,2.39367e+08,4.376e+08,1000000000,0.547,547,0.8
28,2,9094923000000,134000,0.261851,3.81897,9.52381,8.82e+06,8.4e+07,1000000000,0.105,105,0.8
28,2,9094924000000,135000,0.260963,3.83196,7.04225,1.61312e+07,1.136e+08,1000000000,0.142,142,0.8
28,2,9094925000000,136000,0.263662,3.79274,1.59236,3.15507e+08,5.024e+08,1000000000,0.628,628,0.8
28,2,9094926000000,137000,0.262569,3.80852,8.77193,1.03968e+07,9.12e+07,1000000000,0.114,114,0.8
28,2,9094927000000,138000,0.26258,3.80837,3.78788,5.57568e+07,2.112e+08,1000000000,0.264,264,0.8
28,2,9094928000000,139000,0.263439,3.79595,2.6178,1.16739e+08,3.056e+08,1000000000,0.382,382,0.8
28,2,9094929000000,140000,0.262614,3.80787,6.75676,1.75232e+07,1.184e+08,1000000000,0.148,148,0.8
28,2,9094930000000,141000,0.264128,3.78605,2.10084,1.81261e+08,3.808e+08,1000000000,0.476,476,0.8
28,2,9094931000000,142000,0.263338,3.7974,6.57895,1.84832e+07,1.216e+08,1000000000,0.152,152,0.8
28,2,9094932000000,143000,0.262294,3.81252,8.77193,1.03968e+07,9.12e+07,1000000000,0.114,114,0.8
28,2,9094933000000,144000,0.264958,3.77418,1.54799,3.33853e+08,5.168e+08,1000000000,0.646,646,0.8
28,2,9094934000000,145000,0.264152,3.7857,6.75676,1.75232e+07,1.184e+08,1000000000,0.148,148,0.8
28,2,9094935000000,146000,0.26361,3.79349,5.40541,2.738e+07,1.48e+08,1000000000,0.185,185,0.8
28,2,9094936000000,147000,0.26483,3.77601,2.25734,1.56999e+08,3.544e+08,1000000000,0.443,443,0.8
28,2,9094937000000,148000,0.263811,3.7906,8.77193,1.03968e+07,9.12e+07,1000000000,0.114,114,0.8
28,2,9094938000000,149000,0.265027,3.7732,2.24719,1.5842e+08,3.56e+08,1000000000,0.445,445,0.8
28,2,9094939000000,150000,0.2646,3.77929,4.97512,3.23208e+07,1.608e+08,1000000000,0.201,201,0.8
28,2,9094940000000,151000,0.263828,3.79035,6.75676,1.75232e+07,1.184e+08,1000000000,0.148,148,0.8
28,2,9094941000000,152000,0.266191,3.7567,1.60514,3.10503e+08,4.984e+08,1000000000,0.623,623,0.8
28,2,9094942000000,153000,0.265229,3.77033,8.40336,1.13288e+07,9.52e+07,1000000000,0.119,119,0.8
28,2,9094943000000,154000,0.264526,3.78035,6.36943,1.97192e+07,1.256e+08,1000000000,0.157,157,0.8
28,2,9094944000000,155000,0.265974,3.75976,2.04499,1.91297e+08,3.912e+08,1000000000,0.489,489,0.8
28,2,9094945000000,156000,0.265218,3.77048,6.75676,1.75232e+07,1.184e+08,1000000000,0.148,148,0.8
28,2,9094946000000,157000,0.265892,3.76093,2.69542,1.10113e+08,2.968e+08,1000000000,0.371,371,0.8
28,2,9094947000000,158000,0.265835,3.76173,3.89105,5.28392e+07,2.056e+08,1000000000,0.257,257,0.8
28,2,9094948000000,159000,0.264881,3.77529,8.77193,1.03968e+07,9.12e+07,1000000000,0.114,114,0.8
28,2,9094949000000,160000,0.267087,3.74409,1.61812,3.05539e+08,4.944e+08,1000000000,0.618,618,0.8
28,2,9094950000000,161000,0.266248,3.75589,7.57576,1.39392e+07,1.056e+08,1000000000,0.132,132,0.8
28,2,9094951000000,162000,0.26516,3.7713,11.1111,6.48e+06,7.2e+07,1000000000,0.09,90,0.8
28,2,9094952000000,163000,0.267104,3.74386,1.71821,2.70979e+08,4.656e+08,1000000000,0.582,582,0.8
28,2,9094953000000,164000,0.266171,3.75699,8.77193,1.03968e+07,9.12e+07,1000000000,0.114,114,0.8
28,2,9094954000000,165000,0.266612,3.75077,2.94985,9.19368e+07,2.712e+08,1000000000,0.339,339,0.8
28,2,9094955000000,165598,0.2676,3.73692,1.85139,2.33396e+08,4.32107e+08,1000000000,0.540134,323,0.8
28,2,9094956000000,165598,0.2676,3.73692,0,-nan,-nan,1000000000,-nan,0,0.8
28,2,9094957000000,165598,0.2676,3.73692,0,-nan,-nan,1000000000,-nan,0,0.8
28,2,9094958000000,165598,0.2676,3.73692,0,-nan,-nan,1000000000,-nan,0,0.8
28,2,9094959000000,165598,0.2676,3.73692,0,-nan,-nan,1000000000,-nan,0,0.8
28,2,9094960000000,165598,0.2676,3.73692,0,-nan,-nan,1000000000,-nan,0,0.8
28,2,9094961000000,165598,0.2676,3.73692,0,-nan,-nan,1000000000,-nan,0,0.8
29,0,9094801000000,4000,0.1565,6.38978,6.38978,9.7969e+07,6.26e+08,4000000000,0.1565,156.5,1
29,1,9094802000000,6000,0.128333,7.79221,13.8889,9.3312e+06,1.296e+08,2000000000,0.072,72,0.9
29,1,9094803000000,8000,0.17525,5.70613,3.16456,1.79741e+08,5.688e+08,2000000000,0.316,316,0.9
29,2,9094804000000,9000,0.167556,5.96817,9.43396,8.9888e+06,8.48e+07,1000000000,0.106,106,0.8
29,2,9094805000000,10000,0.1763,5.67215,3.92157,5.202e+07,2.04e+08,1000000000,0.255,255,0.8
29,2,9094806000000,11000,0.196182,5.09731,2.53165,1.2482e+08,3.16e+08,1000000000,0.395,395,0.8
29,2,9094807000000,12000,0.191833,5.21286,6.94444,1.65888e+07,1.152e+08,1000000000,0.144,144,0.8
29,2,9094808000000,13000,0.213385,4.68637,2.11864,1.78227e+08,3.776e+08,1000000000,0.472,472,0.8
29,2,9094809000000,14000,0.209286,4.77816,6.41026,1.94688e+07,1.248e+08,1000000000,0.156,156,0.8
29,2,9094810000000,15000,0.202933,4.92773,8.77193,1.03968e+07,9.12e+07,1000000000,0.114,114,0.8
29,2,9094811000000,16000,0.230625,4.33604,1.54799,3.33853e+08,5.168e+08,1000000000,0.646,646,0.8
29,2,9094812000000,17000,0.225765,4.42939,6.75676,1.75232e+07,1.184e+08,1000000000,0.148,148,0.8
29,2,9094813000000,18000,0.223222,4.47984,5.55556,2.592e+07,1.44e+08,1000000000,0.18,180,0.8
29,2,9094814000000,19000,0.235053,4.25437,2.23214,1.60563e+08,3.584e+08,1000000000,0.448,448,0.8
29,2,9094815000000,20000,0.229,4.36681,8.77193,1.03968e+07,9.12e+07,1000000000,0.114,114,0.8
29,2,9094816000000,21000,0.239048,4.18327,2.27273,1.5488e+08,3.52e+08,1000000000,0.44,440,0.8
29,2,9094817000000,22000,0.237545,4.20972,4.85437,3.39488e+07,1.648e+08,1000000000,0.206,206,0.8
29,2,9094818000000,23000,0.233652,4.27987,6.75676,1.75232e+07,1.184e+08,1000000000,0.148,148,0.8
29,2,9094819000000,24000,0.249833,4.00267,1.60772,3.09507e+08,4.976e+08,1000000000,0.622,622,0.8
29,2,9094820000000,25000,0.24464,4.08764,8.33333,1.152e+07,9.6e+07,1000000000,0.12,120,0.8
29,2,9094821000000,26000,0.241038,4.14872,6.62252,1.82408e+07,1.208e+08,1000000000,0.151,151,0.8
29,2,9094822000000,27000,0.250444,3.9929,2.0202,1.9602e+08,3.96e+08,1000000000,0.495,495,0.8
29,2,9094823000000,28000,0.246786,4.0521,6.75676,1.75232e+07,1.184e+08,1000000000,0.148,148,0.8
29,2,9094824000000,29000,0.250931,3.98516,2.7248,1.07751e+08,2.936e+08,1000000000,0.367,367,0.8
29,2,9094825000000,30000,0.251267,3.97984,3.83142,5.44968e+07,2.088e+08,1000000000,0.261,261,0.8
29,2,9094826000000,31000,0.246839,4.05123,8.77193,1.03968e+07,9.12e+07,1000000000,0.114,114,0.8
29,2,9094827000000,32000,0.258344,3.87081,1.62602,3.0258e+08,4.92e+08,1000000000,0.615,615,0.8
29,2,9094828000000,33000,0.254424,3.93044,7.75194,1.33128e+07,1.032e+08,1000000000,0.129,129,0.8
29,2,9094829000000,34000,0.249676,4.00518,10.7527,6.9192e+06,7.44e+07,1000000000,0.093,93,0.8
29,2,9094830000000,35000,0.259257,3.85717,1.7094,2.7378e+08,4.68e+08,1000000000,0.585,585,0.8
29,2,9094831000000,36000,0.255222,3.91815,8.77193,1.03968e+07,9.12e+07,1000000000,0.114,114,0.8
29,2,9094832000000,37000,0.257378,3.88533,2.98507,8.978e+07,2.68e+08,1000000000,0.335,335,0.8
29,2,9094833000000,38000,0.258789,3.86414,3.21543,7.73768e+07,2.488e+08,1000000000,0.311,311,0.8
29,2,9094834000000,39000,0.255949,3.90703,6.75676,1.75232e+07,1.184e+08,1000000000,0.148,148,0.8
29,2,9094835000000,40000,0.2633,3.79795,1.81818,2.42e+08,4.4e+08,1000000000,0.55,550,0.8
29,2,9094836000000,41000,0.259634,3.85157,8.84956,1.02152e+07,9.04e+07,1000000000,0.113,113,0.8
29,2,9094837000000,42000,0.255381,3.91572,12.3457,5.2488e+06,6.48e+07,1000000000,0.081,81,0.8
29,2,9094838000000,43000,0.264419,3.78188,1.5528,3.31789e+08,5.152e+08,1000000000,0.644,644,0.8
29,2,9094839000000,44000,0.261773,3.82011,6.75676,1.75232e+07,1.184e+08,1000000000,0.148,148,0.8
29,2,9094840000000,45000,0.261756,3.82036,3.83142,5.44968e+07,2.088e+08,1000000000,0.261,261,0.8
29,2,9094841000000,46000,0.264043,3.78726,2.7248,1.07751e+08,2.936e+08,1000000000,0.367,367,0.8
29,2,9094842000000,47000,0.260851,3.83361,8.77193,1.03968e+07,9.12e+07,1000000000,0.114,114,0.8
29,2,9094843000000,48000,0.266146,3.75734,1.94175,2.1218e+08,4.12e+08,1000000000,0.515,515,0.8
29,2,9094844000000,49000,0.263388,3.79668,7.63359,1.37288e+07,1.048e+08,1000000000,0.131,131,0.8
29,2,9094845000000,50000,0.26108,3.83024,6.75676,1.75232e+07,1.184e+08,1000000000,0.148,148,0.8
29,2,9094846000000,51000,0.268275,3.72753,1.59236,3.15507e+08,5.024e+08,1000000000,0.628,628,0.8
29,2,9094847000000,52000,0.265308,3.76921,8.77193,1.03968e+07,9.12e+07,1000000000,0.114,114,0.8
29,2,9094848000000,53000,0.264642,3.7787,4.34783,4.232e+07,1.84e+08,1000000000,0.23,230,0.8
29,2,9094849000000,54000,0.270444,3.69762,1.7301,2.67267e+08,4.624e+08,1000000000,0.578,578,0.8
29,2,9094850000000,55000,0.269491,3.7107,4.58716,3.80192e+07,1.744e+08,1000000000,0.218,218,0.8
29,2,9094851000000,56000,0.266732,3.74908,8.69565,1.058e+07,9.2e+07,1000000000,0.115,115,0.8
29,2,9094852000000,57000,0.271684,3.68074,1.82149,2.41121e+08,4.392e+08,1000000000,0.549,549,0.8
29,2,9094853000000,58000,0.268086,3.73014,15.873,3.1752e+06,5.04e+07,1000000000,0.063,63,0.8
29,1,9094854000000,60000,0.261633,3.82214,13.4228,9.99045e+06,1.341e+08,2000000000,0.0745,74.5,0.9
29,0,9094855000000,64000,0.254844,3.92397,6.53595,9.3636e+07,6.12e+08,4000000000,0.153,153,1
29,1,9094856000000,66000,0.249667,4.00534,11.9048,1.27008e+07,1.512e+08,2000000000,0.084,84,0.9
29,1,9094857000000,68000,0.247882,4.03417,5.29101,6.42978e+07,3.402e+08,2000000000,0.189,189,0.9
29,2,9094858000000,69000,0.247623,4.03839,4.34783,4.232e+07,1.84e+08,1000000000,0.23,230,0.8
29,2,9094859000000,70000,0.245871,4.06717,8,1.25e+07,1e+08,1000000000,0.125,125,0.8
29,2,9094860000000,71000,0.250056,3.9991,1.84162,2.35879e+08,4.344e+08,1000000000,0.543,543,0.8
29,2,9094861000000,72000,0.248222,4.02865,8.47458,1.11392e+07,9.44e+07,1000000000,0.118,118,0.8
29,2,9094862000000,73000,0.246192,4.06187,10,8e+06,8e+07,1000000000,0.1,100,0.8
29,2,9094863000000,74000,0.251568,3.97508,1.5528,3.31789e+08,5.152e+08,1000000000,0.644,644,0.8
29,2,9094864000000,75000,0.249867,4.00213,8.06452,1.23008e+07,9.92e+07,1000000000,0.124,124,0.8
29,2,9094865000000,76000,0.246921,4.04988,38.4615,540800,2.08e+07,1000000000,0.026,26,0.8
29,2,9094866000000,77000,0.25187,3.9703,1.59236,3.15507e+08,5.024e+08,1000000000,0.628,628,0.8
29,2,9094867000000,78000,0.250103,3.99836,8.77193,1.03968e+07,9.12e+07,1000000000,0.114,114,0.8
29,2,9094868000000,79000,0.249076,4.01484,5.91716,2.28488e+07,1.352e+08,1000000000,0.169,169,0.8
29,2,9094869000000,80000,0.251925,3.96944,2.09644,1.82023e+08,3.816e+08,1000000000,0.477,477,0.8
29,2,9094870000000,81000,0.250642,3.98975,6.75676,1.75232e+07,1.184e+08,1000000000,0.148,148,0.8
29,2,9094871000000,82000,0.251085,3.98271,3.48432,6.58952e+07,2.296e+08,1000000000,0.287,287,0.8
29,2,9094872000000,83000,0.252169,3.9656,2.93255,9.30248e+07,2.728e+08,1000000000,0.341,341,0.8
29,2,9094873000000,84000,0.250524,3.99164,8.77193,1.03968e+07,9.12e+07,1000000000,0.114,114,0.8
29,2,9094874000000,85000,0.252682,3.95754,2.30415,1.50685e+08,3.472e+08,1000000000,0.434,434,0.8
29,2,9094875000000,86000,0.252209,3.96496,4.71698,3.59552e+07,1.696e+08,1000000000,0.212,212,0.8
29,2,9094876000000,87000,0.251011,3.98388,6.75676,1.75232e+07,1.184e+08,1000000000,0.148,148,0.8
29,2,9094877000000,88000,0.25458,3.92805,1.76991,2.5538e+08,4.52e+08,1000000000,0.565,565,0.8
29,2,9094878000000,89000,0.252438,3.96137,15.625,3.2768e+06,5.12e+07,1000000000,0.064,64,0.8
29,2,9094879000000,90000,0.250889,3.98583,8.84956,1.02152e+07,9.04e+07,1000000000,0.113,113,0.8
29,2,9094880000000,91000,0.255231,3.91802,1.54799,3.33853e+08,5.168e+08,1000000000,0.646,646,0.8
29,2,9094881000000,92000,0.254065,3.936,6.75676,1.75232e+07,1.184e+08,1000000000,0.148,148,0.8
29,2,9094882000000,93000,0.251753,3.97215,25.641,1.2168e+06,3.12e+07,1000000000,0.039,39,0.8
29,2,9094883000000,94000,0.25534,3.91634,1.69779,2.77537e+08,4.712e+08,1000000000,0.589,589,0.8
29,2,9094884000000,95000,0.253853,3.93929,8.77193,1.03968e+07,9.12e+07,1000000000,0.114,114,0.8
29,2,9094885000000,96000,0.253521,3.94445,4.5045,3.94272e+07,1.776e+08,1000000000,0.222,222,0.8
29,2,9094886000000,97000,0.255278,3.91729,2.35849,1.43821e+08,3.392e+08,1000000000,0.424,424,0.8
29,2,9094887000000,98000,0.254184,3.93416,6.75676,1.75232e+07,1.184e+08,1000000000,0.148,148,0.8
29,2,9094888000000,99000,0.255202,3.91846,2.8169,1.0082e+08,2.84e+08,1000000000,0.355,355,0.8
29,2,9094889000000,100000,0.25538,3.91573,3.663,5.96232e+07,2.184e+08,1000000000,0.273,273,0.8
29,2,9094890000000,101000,0.25398,3.93731,8.77193,1.03968e+07,9.12e+07,1000000000,0.114,114,0.8
29,2,9094891000000,102000,0.256255,3.90236,2.05761,1.88957e+08,3.888e+08,1000000000,0.486,486,0.8
29,2,9094892000000,103000,0.25532,3.91665,6.25,2.048e+07,1.28e+08,1000000000,0.16,160,0.8
29,2,9094893000000,104000,0.254288,3.93254,6.75676,1.75232e+07,1.184e+08,1000000000,0.148,148,0.8
29,2,9094894000000,105000,0.257619,3.8817,1.65563,2.91853e+08,4.832e+08,1000000000,0.604,604,0.8
29,2,9094895000000,106000,0.255953,3.90697,12.3457,5.2488e+06,6.48e+07,1000000000,0.081,81,0.8
29,2,9094896000000,107000,0.254093,3.93556,17.5439,2.5992e+06,4.56e+07,1000000000,0.057,57,0.8
29,2,9094897000000,108000,0.257722,3.88015,1.54799,3.33853e+08,5.168e+08,1000000000,0.646,646,0.8
29,2,9094898000000,109000,0.256716,3.89536,6.75676,1.75232e+07,1.184e+08,1000000000,0.148,148,0.8
29,2,9094899000000,110000,0.255373,3.91584,9.17431,9.5048e+06,8.72e+07,1000000000,0.109,109,0.8
29,2,9094900000000,111000,0.257748,3.87976,1.92678,2.15489e+08,4.152e+08,1000000000,0.519,519,0.8
29,2,9094901000000,112000,0.256464,3.89918,8.77193,1.03968e+07,9.12e+07,1000000000,0.114,114,0.8
29,2,9094902000000,113000,0.256708,3.89548,3.52113,6.45248e+07,2.272e+08,1000000000,0.284,284,0.8
29,2,9094903000000,114000,0.259325,3.85617,1.8018,2.4642e+08,4.44e+08,1000000000,0.555,555,0.8
29,2,9094904000000,115000,0.258696,3.86555,5.34759,2.79752e+07,1.496e+08,1000000000,0.187,187,0.8
29,2,9094905000000,116000,0.257457,3.88415,8.69565,1.058e+07,9.2e+07,1000000000,0.115,115,0.8
29,2,9094906000000,117000,0.260368,3.84072,1.67224,2.86083e+08,4.784e+08,1000000000,0.598,598,0.8
29,2,9094907000000,118000,0.259381,3.85533,6.94444,1.65888e+07,1.152e+08,1000000000,0.144,144,0.8
29,2,9094908000000,119000,0.258017,3.87572,10.3093,7.5272e+06,7.76e+07,1000000000,0.097,97,0.8
29,2,9094909000000,120000,0.260417,3.84,1.8315,2.38493e+08,4.368e+08,1000000000,0.546,546,0.8
29,2,9094910000000,121000,0.259207,3.85793,8.77193,1.03968e+07,9.12e+07,1000000000,0.114,114,0.8
29,2,9094911000000,122000,0.260098,3.8447,2.71739,1.08339e+08,2.944e+08,1000000000,0.368,368,0.8
29,2,9094912000000,123000,0.260244,3.84255,3.59712,6.18272e+07,2.224e+08,1000000000,0.278,278,0.8
29,2,9094913000000,124000,0.259339,3.85596,6.75676,1.75232e+07,1.184e+08,1000000000,0.148,148,0.8
29,2,9094914000000,125000,0.261896,3.81831,1.72712,2.68193e+08,4.632e+08,1000000000,0.579,579,0.8
29,2,9094915000000,126000,0.260889,3.83305,7.40741,1.458e+07,1.08e+08,1000000000,0.135,135,0.8
29,2,9094916000000,127000,0.259425,3.85468,13.3333,4.5e+06,6e+07,1000000000,0.075,75,0.8
29,2,9094917000000,128000,0.262078,3.81566,1.66945,2.87041e+08,4.792e+08,1000000000,0.599,599,0.8
29,2,9094918000000,129000,0.261194,3.82857,6.75676,1.75232e+07,1.184e+08,1000000000,0.148,148,0.8
29,2,9094919000000,130000,0.261446,3.82488,3.40136,6.91488e+07,2.352e+08,1000000000,0.294,294,0.8
29,2,9094920000000,131000,0.262,3.81679,2.99401,8.92448e+07,2.672e+08,1000000000,0.334,334,0.8
29,2,9094921000000,132000,0.260879,3.8332,8.77193,1.03968e+07,9.12e+07,1000000000,0.114,114,0.8
29,2,9094922000000,133000,0.26303,3.80185,1.82815,2.39367e+08,4.376e+08,1000000000,0.547,547,0.8
29,2,9094923000000,134000,0.261851,3.81897,9.52381,8.82e+06,8.4e+07,1000000000,0.105,105,0.8
29,2,9094924000000,135000,0.260963,3.83196,7.04225,1.61312e+07,1.136e+08,1000000000,0.142,142,0.8
29,2,9094925000000,136000,0.263662,3.79274,1.59236,3.15507e+08,5.024e+08,1000000000,0.628,628,0.8
29,2,9094926000000,137000,0.262569,3.80852,8.77193,1.03968e+07,9.12e+07,1000000000,0.114,114,0.8
29,2,9094927000000,138000,0.26258,3.80837,3.78788,5.57568e+07,2.112e+08,1000000000,0.264,264,0.8
29,2,9094928000000,139000,0.263439,3.79595,2.6178,1.16739e+08,3.056e+08,1000000000,0.382,382,0.8
29,2,9094929000000,140000,0.262614,3.80787,6.75676,1.75232e+07,1.184e+08,1000000000,0.148,148,0.8
29,2,9094930000000,141000,0.264128,3.78605,2.10084,1.81261e+08,3.808e+08,1000000000,0.476,476,0.8
29,2,9094931000000,142000,0.263338,3.7974,6.57895,1.84832e+07,1.216e+08,1000000000,0.152,152,0.8
29,2,9094932000000,143000,0.262294,3.81252,8.77193,1.03968e+07,9.12e+07,1000000000,0.114,114,0.8
29,2,9094933000000,144000,0.264958,3.77418,1.54799,3.33853e+08,5.168e+08,1000000000,0.646,646,0.8
29,2,9094934000000,145000,0.264152,3.7857,6.75676,1.75232e+07,1.184e+08,1000000000,0.148,148,0.8
29,2,9094935000000,146000,0.26361,3.79349,5.40541,2.738e+07,1.48e+08,1000000000,0.185,185,0.8
29,2,9094936000000,147000,0.26483,3.77601,2.25734,1.56999e+08,3.544e+08,1000000000,0.443,443,0.8
29,2,9094937000000,148000,0.263811,3.7906,8.77193,1.03968e+07,9.12e+07,1000000000,0.114,114,0.8
29,2,9094938000000,149000,0.265027,3.7732,2.24719,1.5842e+08,3.56e+08,1000000000,0.445,445,0.8
29,2,9094939000000,150000,0.2646,3.77929,4.97512,3.23208e+07,1.608e+08,1000000000,0.201,201,0.8
29,2,9094940000000,151000,0.263828,3.79035,6.75676,1.75232e+07,1.184e+08,1000000000,0.148,148,0.8
29,2,9094941000000,152000,0.266191,3.7567,1.60514,3.10503e+08,4.984e+08,1000000000,0.623,623,0.8
29,2,9094942000000,153000,0.265229,3.77033,8.40336,1.13288e+07,9.52e+07,1000000000,0.119,119,0.8
29,2,9094943000000,154000,0.264526,3.78035,6.36943,1.97192e+07,1.256e+08,1000000000,0.157,157,0.8
29,2,9094944000000,155000,0.265974,3.75976,2.04499,1.91297e+08,3.912e+08,1000000000,0.489,489,0.8
29,2,9094945000000,156000,0.265218,3.77048,6.75676,1.75232e+07,1.184e+08,1000000000,0.148,148,0.8
29,2,9094946000000,157000,0.265892,3.76093,2.69542,1.10113e+08,2.968e+08,1000000000,0.371,371,0.8
29,2,9094947000000,158000,0.265835,3.76173,3.89105,5.28392e+07,2.056e+08,1000000000,0.257,257,0.8
29,2,9094948000000,159000,0.264881,3.77529,8.77193,1.03968e+07,9.12e+07,1000000000,0.114,114,0.8
29,2,9094949000000,160000,0.267087,3.74409,1.61812,3.05539e+08,4.944e+08,1000000000,0.618,618,0.8
29,2,9094950000000,161000,0.266248,3.75589,7.57576,1.39392e+07,1.056e+08,1000000000,0.132,132,0.8
29,2,9094951000000,162000,0.26516,3.7713,11.1111,6.48e+06,7.2e+07,1000000000,0.09,90,0.8
29,2,9094952000000,163000,0.267104,3.74386,1.71821,2.70979e+08,4.656e+08,1000000000,0.582,582,0.8
29,2,9094953000000,164000,0.266171,3.75699,8.77193,1.03968e+07,9.12e+07,1000000000,0.114,114,0.8
29,2,9094954000000,165000,0.266612,3.75077,2.94985,9.19368e+07,2.712e+08,1000000000,0.339,339,0.8
29,2,9094955000000,165598,0.2676,3.73692,1.85139,2.33396e+08,4.32107e+08,1000000000,0.540134,323,0.8
29,2,9094956000000,165598,0.2676,3.73692,0,-nan,-nan,1000000000,-nan,0,0.8
29,2,9094957000000,165598,0.2676,3.73692,0,-nan,-nan,1000000000,-nan,0,0.8
29,2,9094958000000,165598,0.2676,3.73692,0,-nan,-nan,1000000000,-nan,0,0.8
29,2,9094959000000,165598,0.2676,3.73692,0,-nan,-nan,1000000000,-nan,0,0.8
29,2,9094960000000,165598,0.2676,3.73692,0,-nan,-nan,1000000000,-nan,0,0.8
29,2,9094961000000,165598,0.2676,3.73692,0,-nan,-nan,1000000000,-nan,0,0.8
30,0,9094801000000,4000,0.1565,6.38978,6.38978,9.7969e+07,6.26e+08,4000000000,0.1565,156.5,1
30,1,9094802000000,6000,0.128333,7.79221,13.8889,9.3312e+06,1.296e+08,2000000000,0.072,72,0.9
30,1,9094803000000,8000,0.17525,5.70613,3.16456,1.79741e+08,5.688e+08,2000000000,0.316,316,0.9
30,2,9094804000000,9000,0.167556,5.96817,9.43396,8.9888e+06,8.48e+07,1000000000,0.106,106,0.8
30,2,9094805000000,10000,0.1763,5.67215,3.92157,5.202e+07,2.04e+08,1000000000,0.255,255,0.8
30,2,9094806000000,11000,0.196182,5.09731,2.53165,1.2482e+08,3.16e+08,1000000000,0.395,395,0.8
30,2,9094807000000,12000,0.191833,5.21286,6.94444,1.65888e+07,1.152e+08,1000000000,0.144,144,0.8
30,2,9094808000000,13000,0.213385,4.68637,2.11864,1.78227e+08,3.776e+08,1000000000,0.472,472,0.8
30,2,9094809000000,14000,0.209286,4.77816,6.41026,1.94688e+07,1.248e+08,1000000000,0.156,156,0.8
30,2,9094810000000,15000,0.202933,4.92773,8.77193,1.03968e+07,9.12e+07,1000000000,0.114,114,0.8
30,2,9094811000000,16000,0.230625,4.33604,1.54799,3.33853e+08,5.168e+08,1000000000,0.646,646,0.8
30,2,9094812000000,17000,0.225765,4.42939,6.75676,1.75232e+07,1.184e+08,1000000000,0.148,148,0.8
30,2,9094813000000,18000,0.223222,4.47984,5.55556,2.592e+07,1.44e+08,1000000000,0.18,180,0.8
30,2,9094814000000,19000,0.235053,4.25437,2.23214,1.60563e+08,3.584e+08,1000000000,0.448,448,0.8
30,2,9094815000000,20000,0.229,4.36681,8.77193,1.03968e+07,9.12e+07,1000000000,0.114,114,0.8
30,2,9094816000000,21000,0.239048,4.18327,2.27273,1.5488e+08,3.52e+08,1000000000,0.44,440,0.8
30,2,9094817000000,22000,0.237545,4.20972,4.85437,3.39488e+07,1.648e+08,1000000000,0.206,206,0.8
30,2,9094818000000,23000,0.233652,4.27987,6.75676,1.75232e+07,1.184e+08,1000000000,0.148,148,0.8
30,2,9094819000000,24000,0.249833,4.00267,1.60772,3.09507e+08,4.976e+08,1000000000,0.622,622,0.8
30,2,9094820000000,25000,0.24464,4.08764,8.33333,1.152e+07,9.6e+07,1000000000,0.12,120,0.8
30,2,9094821000000,26000,0.241038,4.14872,6.62252,1.82408e+07,1.208e+08,1000000000,0.151,151,0.8
30,2,9094822000000,27000,0.250444,3.9929,2.0202,1.9602e+08,3.96e+08,1000000000,0.495,495,0.8
30,2,9094823000000,28000,0.246786,4.0521,6.75676,1.75232e+07,1.184e+08,1000000000,0.148,148,0.8
30,2,9094824000000,29000,0.250931,3.98516,2.7248,1.07751e+08,2.936e+08,1000000000,0.367,367,0.8
30,2,9094825000000,30000,0.251267,3.97984,3.83142,5.44968e+07,2.088e+08,1000000000,0.261,261,0.8
30,2,9094826000000,31000,0.246839,4.05123,8.77193,1.03968e+07,9.12e+07,1000000000,0.114,114,0.8
30,2,9094827000000,32000,0.258344,3.87081,1.62602,3.0258e+08,4.92e+08,1000000000,0.615,615,0.8
30,2,9094828000000,33000,0.254424,3.93044,7.75194,1.33128e+07,1.032e+08,1000000000,0.129,129,0.8
30,2,9094829000000,34000,0.249676,4.00518,10.7527,6.9192e+06,7.44e+07,1000000000,0.093,93,0.8
30,2,9094830000000,35000,0.259257,3.85717,1.7094,2.7378e+08,4.68e+08,1000000000,0.585,585,0.8
30,2,9094831000000,36000,0.255222,3.91815,8.77193,1.03968e+07,9.12e+07,1000000000,0.114,114,0.8
30,2,9094832000000,37000,0.257378,3.88533,2.98507,8.978e+07,2.68e+08,1000000000,0.335,335,0.8
30,2,9094833000000,38000,0.258789,3.86414,3.21543,7.73768e+07,2.488e+08,1000000000,0.311,311,0.8
30,2,9094834000000,39000,0.255949,3.90703,6.75676,1.75232e+07,1.184e+08,1000000000,0.148,148,0.8
30,2,9094835000000,40000,0.2633,3.79795,1.81818,2.42e+08,4.4e+08,1000000000,0.55,550,0.8
30,2,9094836000000,41000,0.259634,3.85157,8.84956,1.02152e+07,9.04e+07,1000000000,0.113,113,0.8
30,2,9094837000000,42000,0.255381,3.91572,12.3457,5.2488e+06,6.48e+07,1000000000,0.081,81,0.8
30,2,9094838000000,43000,0.264419,3.78188,1.5528,3.31789e+08,5.152e+08,1000000000,0.644,644,0.8
30,2,9094839000000,44000,0.261773,3.82011,6.75676,1.75232e+07,1.184e+08,1000000000,0.148,148,0.8
30,2,9094840000000,45000,0.261756,3.82036,3.83142,5.44968e+07,2.088e+08,1000000000,0.261,261,0.8
30,2,9094841000000,46000,0.264043,3.78726,2.7248,1.07751e+08,2.936e+08,1000000000,0.367,367,0.8
30,2,9094842000000,47000,0.260851,3.83361,8.77193,1.03968e+07,9.12e+07,1000000000,0.114,114,0.8
30,2,9094843000000,48000,0.266146,3.75734,1.94175,2.1218e+08,4.12e+08,1000000000,0.515,515,0.8
30,2,9094844000000,49000,0.263388,3.79668,7.63359,1.37288e+07,1.048e+08,1000000000,0.131,131,0.8
30,2,9094845000000,50000,0.26108,3.83024,6.75676,1.75232e+07,1.184e+08,1000000000,0.148,148,0.8
30,2,9094846000000,51000,0.268275,3.72753,1.59236,3.15507e+08,5.024e+08,1000000000,0.628,628,0.8
30,2,9094847000000,52000,0.265308,3.76921,8.77193,1.03968e+07,9.12e+07,1000000000,0.114,114,0.8
30,2,9094848000000,53000,0.264642,3.7787,4.34783,4.232e+07,1.84e+08,1000000000,0.23,230,0.8
30,2,9094849000000,54000,0.270444,3.69762,1.7301,2.67267e+08,4.624e+08,1000000000,0.578,578,0.8
30,2,9094850000000,55000,0.269491,3.7107,4.58716,3.80192e+07,1.744e+08,1000000000,0.218,218,0.8
30,2,9094851000000,56000,0.266732,3.74908,8.69565,1.058e+07,9.2e+07,1000000000,0.115,115,0.8
30,2,9094852000000,57000,0.271684,3.68074,1.82149,2.41121e+08,4.392e+08,1000000000,0.549,549,0.8
30,2,9094853000000,58000,0.268086,3.73014,15.873,3.1752e+06,5.04e+07,1000000000,0.063,63,0.8
30,1,9094854000000,60000,0.261633,3.82214,13.4228,9.99045e+06,1.341e+08,2000000000,0.0745,74.5,0.9
30,0,9094855000000,64000,0.254844,3.92397,6.53595,9.3636e+07,6.12e+08,4000000000,0.153,153,1
30,1,9094856000000,66000,0.249667,4.00534,11.9048,1.27008e+07,1.512e+08,2000000000,0.084,84,0.9
30,1,9094857000000,68000,0.247882,4.03417,5.29101,6.42978e+07,3.402e+08,2000000000,0.189,189,0.9
30,2,9094858000000,69000,0.247623,4.03839,4.34783,4.232e+07,1.84e+08,1000000000,0.23,230,0.8
30,2,9094859000000,70000,0.245871,4.06717,8,1.25e+07,1e+08,1000000000,0.125,125,0.8
30,2,9094860000000,71000,0.250056,3.9991,1.84162,2.35879e+08,4.344e+08,1000000000,0.543,543,0.8
30,2,9094861000000,72000,0.248222,4.02865,8.47458,1.11392e+07,9.44e+07,1000000000,0.118,118,0.8
30,2,9094862000000,73000,0.246192,4.06187,10,8e+06,8e+07,1000000000,0.1,100,0.8
30,2,9094863000000,74000,0.251568,3.97508,1.5528,3.31789e+08,5.152e+08,1000000000,0.644,644,0.8
30,2,9094864000000,75000,0.249867,4.00213,8.06452,1.23008e+07,9.92e+07,1000000000,0.124,124,0.8
30,2,9094865000000,76000,0.246921,4.04988,38.4615,540800,2.08e+07,1000000000,0.026,26,0.8
30,2,9094866000000,77000,0.25187,3.9703,1.59236,3.15507e+08,5.024e+08,1000000000,0.628,628,0.8
30,2,9094867000000,78000,0.250103,3.99836,8.77193,1.03968e+07,9.12e+07,1000000000,0.114,114,0.8
30,2,9094868000000,79000,0.249076,4.01484,5.91716,2.28488e+07,1.352e+08,1000000000,0.169,169,0.8
30,2,9094869000000,80000,0.251925,3.96944,2.09644,1.82023e+08,3.816e+08,1000000000,0.477,477,0.8
30,2,9094870000000,81000,0.250642,3.98975,6.75676,1.75232e+07,1.184e+08,1000000000,0.148,148,0.8
30,2,9094871000000,82000,0.251085,3.98271,3.48432,6.58952e+07,2.296e+08,1000000000,0.287,287,0.8
30,2,9094872000000,83000,0.252169,3.9656,2.93255,9.30248e+07,2.728e+08,1000000000,0.341,341,0.8
30,2,9094873000000,84000,0.250524,3.99164,8.77193,1.03968e+07,9.12e+07,1000000000,0.114,114,0.8
30,2,9094874000000,85000,0.252682,3.95754,2.30415,1.50685e+08,3.472e+08,1000000000,0.434,434,0.8
30,2,9094875000000,86000,0.252209,3.96496,4.71698,3.59552e+07,1.696e+08,1000000000,0.212,212,0.8
30,2,9094876000000,87000,0.251011,3.98388,6.75676,1.75232e+07,1.184e+08,1000000000,0.148,148,0.8
30,2,9094877000000,88000,0.25458,3.92805,1.76991,2.5538e+08,4.52e+08,1000000000,0.565,565,0.8
30,2,9094878000000,89000,0.252438,3.96137,15.625,3.2768e+06,5.12e+07,1000000000,0.064,64,0.8
30,2,9094879000000,90000,0.250889,3.98583,8.84956,1.02152e+07,9.04e+07,1000000000,0.113,113,0.8
30,2,9094880000000,91000,0.255231,3.91802,1.54799,3.33853e+08,5.168e+08,1000000000,0.646,646,0.8
30,2,9094881000000,92000,0.254065,3.936,6.75676,1.75232e+07,1.184e+08,1000000000,0.148,148,0.8
30,2,9094882000000,93000,0.251753,3.97215,25.641,1.2168e+06,3.12e+07,1000000000,0.039,39,0.8
30,2,9094883000000,94000,0.25534,3.91634,1.69779,2.77537e+08,4.712e+08,1000000000,0.589,589,0.8
30,2,9094884000000,95000,0.253853,3.93929,8.77193,1.03968e+07,9.12e+07,1000000000,0.114,114,0.8
30,2,9094885000000,96000,0.253521,3.94445,4.5045,3.94272e+07,1.776e+08,1000000000,0.222,222,0.8
30,2,9094886000000,97000,0.255278,3.91729,2.35849,1.43821e+08,3.392e+08,1000000000,0.424,424,0.8
30,2,9094887000000,98000,0.254184,3.93416,6.75676,1.75232e+07,1.184e+08,1000000000,0.148,148,0.8
30,2,9094888000000,99000,0.255202,3.91846,2.8169,1.0082e+08,2.84e+08,1000000000,0.355,355,0.8
30,2,9094889000000,100000,0.25538,3.91573,3.663,5.96232e+07,2.184e+08,1000000000,0.273,273,0.8
30,2,9094890000000,101000,0.25398,3.93731,8.77193,1.03968e+07,9.12e+07,1000000000,0.114,114,0.8
30,2,9094891000000,102000,0.256255,3.90236,2.05761,1.88957e+08,3.888e+08,1000000000,0.486,486,0.8
30,2,9094892000000,103000,0.25532,3.91665,6.25,2.048e+07,1.28e+08,1000000000,0.16,160,0.8
30,2,9094893000000,104000,0.254288,3.93254,6.75676,1.75232e+07,1.184e+08,1000000000,0.148,148,0.8
30,2,9094894000000,105000,0.257619,3.8817,1.65563,2.91853e+08,4.832e+08,1000000000,0.604,604,0.8
30,2,9094895000000,106000,0.255953,3.90697,12.3457,5.2488e+06,6.48e+07,1000000000,0.081,81,0.8
30,2,9094896000000,107000,0.254093,3.93556,17.5439,2.5992e+06,4.56e+07,1000000000,0.057,57,0.8
30,2,9094897000000,108000,0.257722,3.88015,1.54799,3.33853e+08,5.168e+08,1000000000,0.646,646,0.8
30,2,9094898000000,109000,0.256716,3.89536,6.75676,1.75232e+07,1.184e+08,1000000000,0.148,148,0.8
30,2,9094899000000,110000,0.255373,3.91584,9.17431,9.5048e+06,8.72e+07,1000000000,0.109,109,0.8
30,2,9094900000000,111000,0.257748,3.87976,1.92678,2.15489e+08,4.152e+08,1000000000,0.519,519,0.8
30,2,9094901000000,112000,0.256464,3.89918,8.77193,1.03968e+07,9.12e+07,1000000000,0.114,114,0.8
30,2,9094902000000,113000,0.256708,3.89548,3.52113,6.45248e+07,2.272e+08,1000000000,0.284,284,0.8
30,2,9094903000000,114000,0.259325,3.85617,1.8018,2.4642e+08,4.44e+08,1000000000,0.555,555,0.8
30,2,9094904000000,115000,0.258696,3.86555,5.34759,2.79752e+07,1.496e+08,1000000000,0.187,187,0.8
30,2,9094905000000,116000,0.257457,3.88415,8.69565,1.058e+07,9.2e+07,1000000000,0.115,115,0.8
30,2,9094906000000,117000,0.260368,3.84072,1.67224,2.86083e+08,4.784e+08,1000000000,0.598,598,0.8
30,2,9094907000000,118000,0.259381,3.85533,6.94444,1.65888e+07,1.152e+08,1000000000,0.144,144,0.8
30,2,9094908000000,119000,0.258017,3.87572,10.3093,7.5272e+06,7.76e+07,1000000000,0.097,97,0.8
30,2,9094909000000,120000,0.260417,3.84,1.8315,2.38493e+08,4.368e+08,1000000000,0.546,546,0.8
30,2,9094910000000,121000,0.259207,3.85793,8.77193,1.03968e+07,9.12e+07,1000000000,0.114,114,0.8
30,2,9094911000000,122000,0.260098,3.8447,2.71739,1.08339e+08,2.944e+08,1000000000,0.368,368,0.8
30,2,9094912000000,123000,0.260244,3.84255,3.59712,6.18272e+07,2.224e+08,1000000000,0.278,278,0.8
30,2,9094913000000,124000,0.259339,3.85596,6.75676,1.75232e+07,1.184e+08,1000000000,0.148,148,0.8
30,2,9094914000000,125000,0.261896,3.81831,1.72712,2.68193e+08,4.632e+08,1000000000,0.579,579,0.8
30,2,9094915000000,126000,0.260889,3.83305,7.40741,1.458e+07,1.08e+08,1000000000,0.135,135,0.8
30,2,9094916000000,127000,0.259425,3.85468,13.3333,4.5e+06,6e+07,1000000000,0.075,75,0.8
30,2,9094917000000,128000,0.262078,3.81566,1.66945,2.87041e+08,4.792e+08,1000000000,0.599,599,0.8
30,2,9094918000000,129000,0.261194,3.82857,6.75676,1.75232e+07,1.184e+08,1000000000,0.148,148,0.8
30,2,9094919000000,130000,0.261446,3.82488,3.40136,6.91488e+07,2.352e+08,1000000000,0.294,294,0.8
30,2,9094920000000,131000,0.262,3.81679,2.99401,8.92448e+07,2.672e+08,1000000000,0.334,334,0.8
30,2,9094921000000,132000,0.260879,3.8332,8.77193,1.03968e+07,9.12e+07,1000000000,0.114,114,0.8
30,2,9094922000000,133000,0.26303,3.80185,1.82815,2.39367e+08,4.376e+08,1000000000,0.547,547,0.8
30,2,9094923000000,134000,0.261851,3.81897,9.52381,8.82e+06,8.4e+07,1000000000,0.105,105,0.8
30,2,9094924000000,135000,0.260963,3.83196,7.04225,1.61312e+07,1.136e+08,1000000000,0.142,142,0.8
30,2,9094925000000,136000,0.263662,3.79274,1.59236,3.15507e+08,5.024e+08,1000000000,0.628,628,0.8
30,2,9094926000000,137000,0.262569,3.80852,8.77193,1.03968e+07,9.12e+07,1000000000,0.114,114,0.8
30,2,9094927000000,138000,0.26258,3.80837,3.78788,5.57568e+07,2.112e+08,1000000000,0.264,264,0.8
30,2,9094928000000,139000,0.263439,3.79595,2.6178,1.16739e+08,3.056e+08,1000000000,0.382,382,0.8
30,2,9094929000000,140000,0.262614,3.80787,6.75676,1.75232e+07,1.184e+08,1000000000,0.148,148,0.8
30,2,9094930000000,141000,0.264128,3.78605,2.10084,1.81261e+08,3.808e+08,1000000000,0.476,476,0.8
30,2,9094931000000,142000,0.263338,3.7974,6.57895,1.84832e+07,1.216e+08,1000000000,0.152,152,0.8
30,2,9094932000000,143000,0.262294,3.81252,8.77193,1.03968e+07,9.12e+07,1000000000,0.114,114,0.8
30,2,9094933000000,144000,0.264958,3.77418,1.54799,3.33853e+08,5.168e+08,1000000000,0.646,646,0.8
30,2,9094934000000,145000,0.264152,3.7857,6.75676,1.75232e+07,1.184e+08,1000000000,0.148,148,0.8
30,2,9094935000000,146000,0.26361,3.79349,5.40541,2.738e+07,1.48e+08,1000000000,0.185,185,0.8
30,2,9094936000000,147000,0.26483,3.77601,2.25734,1.56999e+08,3.544e+08,1000000000,0.443,443,0.8
30,2,9094937000000,148000,0.263811,3.7906,8.77193,1.03968e+07,9.12e+07,1000000000,0.114,114,0.8
30,2,9094938000000,149000,0.265027,3.7732,2.24719,1.5842e+08,3.56e+08,1000000000,0.445,445,0.8
30,2,9094939000000,150000,0.2646,3.77929,4.97512,3.23208e+07,1.608e+08,1000000000,0.201,201,0.8
30,2,9094940000000,151000,0.263828,3.79035,6.75676,1.75232e+07,1.184e+08,1000000000,0.148,148,0.8
30,2,9094941000000,152000,0.266191,3.7567,1.60514,3.10503e+08,4.984e+08,1000000000,0.623,623,0.8
30,2,9094942000000,153000,0.265229,3.77033,8.40336,1.13288e+07,9.52e+07,1000000000,0.119,119,0.8
30,2,9094943000000,154000,0.264526,3.78035,6.36943,1.97192e+07,1.256e+08,1000000000,0.157,157,0.8
30,2,9094944000000,155000,0.265974,3.75976,2.04499,1.91297e+08,3.912e+08,1000000000,0.489,489,0.8
30,2,9094945000000,156000,0.265218,3.77048,6.75676,1.75232e+07,1.184e+08,1000000000,0.148,148,0.8
30,2,9094946000000,157000,0.265892,3.76093,2.69542,1.10113e+08,2.968e+08,1000000000,0.371,371,0.8
30,2,9094947000000,158000,0.265835,3.76173,3.89105,5.28392e+07,2.056e+08,1000000000,0.257,257,0.8
30,2,9094948000000,159000,0.264881,3.77529,8.77193,1.03968e+07,9.12e+07,1000000000,0.114,114,0.8
30,2,9094949000000,160000,0.267087,3.74409,1.61812,3.05539e+08,4.944e+08,1000000000,0.618,618,0.8
30,2,9094950000000,161000,0.266248,3.75589,7.57576,1.39392e+07,1.056e+08,1000000000,0.132,132,0.8
30,2,9094951000000,162000,0.26516,3.7713,11.1111,6.48e+06,7.2e+07,1000000000,0.09,90,0.8
30,2,9094952000000,163000,0.267104,3.74386,1.71821,2.70979e+08,4.656e+08,1000000000,0.582,582,0.8
30,2,9094953000000,164000,0.266171,3.75699,8.77193,1.03968e+07,9.12e+07,1000000000,0.114,114,0.8
30,2,9094954000000,165000,0.266612,3.75077,2.94985,9.19368e+07,2.712e+08,1000000000,0.339,339,0.8
30,2,9094955000000,165598,0.2676,3.73692,1.85139,2.33396e+08,4.32107e+08,1000000000,0.540134,323,0.8
30,2,9094956000000,165598,0.2676,3.73692,0,-nan,-nan,1000000000,-nan,0,0.8
30,2,9094957000000,165598,0.2676,3.73692,0,-nan,-nan,1000000000,-nan,0,0.8
30,2,9094958000000,165598,0.2676,3.73692,0,-nan,-nan,1000000000,-nan,0,0.8
30,2,9094959000000,165598,0.2676,3.73692,0,-nan,-nan,1000000000,-nan,0,0.8
30,2,9094960000000,165598,0.2676,3.73692,0,-nan,-nan,1000000000,-nan,0,0.8
30,2,9094961000000,165598,0.2676,3.73692,0,-nan,-nan,1000000000,-nan,0,0.8
31,0,9094801000000,4000,0.1565,6.38978,6.38978,9.7969e+07,6.26e+08,4000000000,0.1565,156.5,1
31,1,9094802000000,6000,0.128333,7.79221,13.8889,9.3312e+06,1.296e+08,2000000000,0.072,72,0.9
31,1,9094803000000,8000,0.17525,5.70613,3.16456,1.79741e+08,5.688e+08,2000000000,0.316,316,0.9
31,2,9094804000000,9000,0.167556,5.96817,9.43396,8.9888e+06,8.48e+07,1000000000,0.106,106,0.8
31,2,9094805000000,10000,0.1763,5.67215,3.92157,5.202e+07,2.04e+08,1000000000,0.255,255,0.8
31,2,9094806000000,11000,0.196182,5.09731,2.53165,1.2482e+08,3.16e+08,1000000000,0.395,395,0.8
31,2,9094807000000,12000,0.191833,5.21286,6.94444,1.65888e+07,1.152e+08,1000000000,0.144,144,0.8
31,2,9094808000000,13000,0.213385,4.68637,2.11864,1.78227e+08,3.776e+08,1000000000,0.472,472,0.8
31,2,9094809000000,14000,0.209286,4.77816,6.41026,1.94688e+07,1.248e+08,1000000000,0.156,156,0.8
31,2,9094810000000,15000,0.202933,4.92773,8.77193,1.03968e+07,9.12e+07,1000000000,0.114,114,0.8
31,2,9094811000000,16000,0.230625,4.33604,1.54799,3.33853e+08,5.168e+08,1000000000,0.646,646,0.8
31,2,9094812000000,17000,0.225765,4.42939,6.75676,1.75232e+07,1.184e+08,1000000000,0.148,148,0.8
31,2,9094813000000,18000,0.223222,4.47984,5.55556,2.592e+07,1.44e+08,1000000000,0.18,180,0.8
31,2,9094814000000,19000,0.235053,4.25437,2.23214,1.60563e+08,3.584e+08,1000000000,0.448,448,0.8
31,2,9094815000000,20000,0.229,4.36681,8.77193,1.03968e+07,9.12e+07,1000000000,0.114,114,0.8
31,2,9094816000000,21000,0.239048,4.18327,2.27273,1.5488e+08,3.52e+08,1000000000,0.44,440,0.8
31,2,9094817000000,22000,0.237545,4.20972,4.85437,3.39488e+07,1.648e+08,1000000000,0.206,206,0.8
31,2,9094818000000,23000,0.233652,4.27987,6.75676,1.75232e+07,1.184e+08,1000000000,0.148,148,0.8
31,2,9094819000000,24000,0.249833,4.00267,1.60772,3.09507e+08,4.976e+08,1000000000,0.622,622,0.8
31,2,9094820000000,25000,0.24464,4.08764,8.33333,1.152e+07,9.6e+07,1000000000,0.12,120,0.8
31,2,9094821000000,26000,0.241038,4.14872,6.62252,1.82408e+07,1.208e+08,1000000000,0.151,151,0.8
31,2,9094822000000,27000,0.250444,3.9929,2.0202,1.9602e+08,3.96e+08,1000000000,0.495,495,0.8
31,2,9094823000000,28000,0.246786,4.0521,6.75676,1.75232e+07,1.184e+08,1000000000,0.148,148,0.8
31,2,9094824000000,29000,0.250931,3.98516,2.7248,1.07751e+08,2.936e+08,1000000000,0.367,367,0.8
31,2,9094825000000,30000,0.251267,3.97984,3.83142,5.44968e+07,2.088e+08,1000000000,0.261,261,0.8
31,2,9094826000000,31000,0.246839,4.05123,8.77193,1.03968e+07,9.12e+07,1000000000,0.114,114,0.8
31,2,9094827000000,32000,0.258344,3.87081,1.62602,3.0258e+08,4.92e+08,1000000000,0.615,615,0.8
31,2,9094828000000,33000,0.254424,3.93044,7.75194,1.33128e+07,1.032e+08,1000000000,0.129,129,0.8
31,2,9094829000000,34000,0.249676,4.00518,10.7527,6.9192e+06,7.44e+07,1000000000,0.093,93,0.8
31,2,9094830000000,35000,0.259257,3.85717,1.7094,2.7378e+08,4.68e+08,1000000000,0.585,585,0.8
31,2,9094831000000,36000,0.255222,3.91815,8.77193,1.03968e+07,9.12e+07,1000000000,0.114,114,0.8
31,2,9094832000000,37000,0.257378,3.88533,2.98507,8.978e+07,2.68e+08,1000000000,0.335,335,0.8
31,2,9094833000000,38000,0.258789,3.86414,3.21543,7.73768e+07,2.488e+08,1000000000,0.311,311,0.8
31,2,9094834000000,39000,0.255949,3.90703,6.75676,1.75232e+07,1.184e+08,1000000000,0.148,148,0.8
31,2,9094835000000,40000,0.2633,3.79795,1.81818,2.42e+08,4.4e+08,1000000000,0.55,550,0.8
31,2,9094836000000,41000,0.259634,3.85157,8.84956,1.02152e+07,9.04e+07,1000000000,0.113,113,0.8
31,2,9094837000000,42000,0.255381,3.91572,12.3457,5.2488e+06,6.48e+07,1000000000,0.081,81,0.8
31,2,9094838000000,43000,0.264419,3.78188,1.5528,3.31789e+08,5.152e+08,1000000000,0.644,644,0.8
31,2,9094839000000,44000,0.261773,3.82011,6.75676,1.75232e+07,1.184e+08,1000000000,0.148,148,0.8
31,2,9094840000000,45000,0.261756,3.82036,3.83142,5.44968e+07,2.088e+08,1000000000,0.261,261,0.8
31,2,9094841000000,46000,0.264043,3.78726,2.7248,1.07751e+08,2.936e+08,1000000000,0.367,367,0.8
31,2,9094842000000,47000,0.260851,3.83361,8.77193,1.03968e+07,9.12e+07,1000000000,0.114,114,0.8
31,2,9094843000000,48000,0.266146,3.75734,1.94175,2.1218e+08,4.12e+08,1000000000,0.515,515,0.8
31,2,9094844000000,49000,0.263388,3.79668,7.63359,1.37288e+07,1.048e+08,1000000000,0.131,131,0.8
31,2,9094845000000,50000,0.26108,3.83024,6.75676,1.75232e+07,1.184e+08,1000000000,0.148,148,0.8
31,2,9094846000000,51000,0.268275,3.72753,1.59236,3.15507e+08,5.024e+08,1000000000,0.628,628,0.8
31,2,9094847000000,52000,0.265308,3.76921,8.77193,1.03968e+07,9.12e+07,1000000000,0.114,114,0.8
31,2,9094848000000,53000,0.264642,3.7787,4.34783,4.232e+07,1.84e+08,1000000000,0.23,230,0.8
31,2,9094849000000,54000,0.270444,3.69762,1.7301,2.67267e+08,4.624e+08,1000000000,0.578,578,0.8
31,2,9094850000000,55000,0.269491,3.7107,4.58716,3.80192e+07,1.744e+08,1000000000,0.218,218,0.8
31,2,9094851000000,56000,0.266732,3.74908,8.69565,1.058e+07,9.2e+07,1000000000,0.115,115,0.8
31,2,9094852000000,57000,0.271684,3.68074,1.82149,2.41121e+08,4.392e+08,1000000000,0.549,549,0.8
31,2,9094853000000,58000,0.268086,3.73014,15.873,3.1752e+06,5.04e+07,1000000000,0.063,63,0.8
31,1,9094854000000,60000,0.261633,3.82214,13.4228,9.99045e+06,1.341e+08,2000000000,0.0745,74.5,0.9
31,0,9094855000000,64000,0.254844,3.92397,6.53595,9.3636e+07,6.12e+08,4000000000,0.153,153,1
31,1,9094856000000,66000,0.249667,4.00534,11.9048,1.27008e+07,1.512e+08,2000000000,0.084,84,0.9
31,1,9094857000000,68000,0.247882,4.03417,5.29101,6.42978e+07,3.402e+08,2000000000,0.189,189,0.9
31,2,9094858000000,69000,0.247623,4.03839,4.34783,4.232e+07,1.84e+08,1000000000,0.23,230,0.8
31,2,9094859000000,70000,0.245871,4.06717,8,1.25e+07,1e+08,1000000000,0.125,125,0.8
31,2,9094860000000,71000,0.250056,3.9991,1.84162,2.35879e+08,4.344e+08,1000000000,0.543,543,0.8
31,2,9094861000000,72000,0.248222,4.02865,8.47458,1.11392e+07,9.44e+07,1000000000,0.118,118,0.8
31,2,9094862000000,73000,0.246192,4.06187,10,8e+06,8e+07,1000000000,0.1,100,0.8
31,2,9094863000000,74000,0.251568,3.97508,1.5528,3.31789e+08,5.152e+08,1000000000,0.644,644,0.8
31,2,9094864000000,75000,0.249867,4.00213,8.06452,1.23008e+07,9.92e+07,1000000000,0.124,124,0.8
31,2,9094865000000,76000,0.246921,4.04988,38.4615,540800,2.08e+07,1000000000,0.026,26,0.8
31,2,9094866000000,77000,0.25187,3.9703,1.59236,3.15507e+08,5.024e+08,1000000000,0.628,628,0.8
31,2,9094867000000,78000,0.250103,3.99836,8.77193,1.03968e+07,9.12e+07,1000000000,0.114,114,0.8
31,2,9094868000000,79000,0.249076,4.01484,5.91716,2.28488e+07,1.352e+08,1000000000,0.169,169,0.8
31,2,9094869000000,80000,0.251925,3.96944,2.09644,1.82023e+08,3.816e+08,1000000000,0.477,477,0.8
31,2,9094870000000,81000,0.250642,3.98975,6.75676,1.75232e+07,1.184e+08,1000000000,0.148,148,0.8
31,2,9094871000000,82000,0.251085,3.98271,3.48432,6.58952e+07,2.296e+08,1000000000,0.287,287,0.8
31,2,9094872000000,83000,0.252169,3.9656,2.93255,9.30248e+07,2.728e+08,1000000000,0.341,341,0.8
31,2,9094873000000,84000,0.250524,3.99164,8.77193,1.03968e+07,9.12e+07,1000000000,0.114,114,0.8
31,2,9094874000000,85000,0.252682,3.95754,2.30415,1.50685e+08,3.472e+08,1000000000,0.434,434,0.8
31,2,9094875000000,86000,0.252209,3.96496,4.71698,3.59552e+07,1.696e+08,1000000000,0.212,212,0.8
31,2,9094876000000,87000,0.251011,3.98388,6.75676,1.75232e+07,1.184e+08,1000000000,0.148,148,0.8
31,2,9094877000000,88000,0.25458,3.92805,1.76991,2.5538e+08,4.52e+08,1000000000,0.565,565,0.8
31,2,9094878000000,89000,0.252438,3.96137,15.625,3.2768e+06,5.12e+07,1000000000,0.064,64,0.8
31,2,9094879000000,90000,0.250889,3.98583,8.84956,1.02152e+07,9.04e+07,1000000000,0.113,113,0.8
31,2,9094880000000,91000,0.255231,3.91802,1.54799,3.33853e+08,5.168e+08,1000000000,0.646,646,0.8
31,2,9094881000000,92000,0.254065,3.936,6.75676,1.75232e+07,1.184e+08,1000000000,0.148,148,0.8
31,2,9094882000000,93000,0.251753,3.97215,25.641,1.2168e+06,3.12e+07,1000000000,0.039,39,0.8
31,2,9094883000000,94000,0.25534,3.91634,1.69779,2.77537e+08,4.712e+08,1000000000,0.589,589,0.8
31,2,9094884000000,95000,0.253853,3.93929,8.77193,1.03968e+07,9.12e+07,1000000000,0.114,114,0.8
31,2,9094885000000,96000,0.253521,3.94445,4.5045,3.94272e+07,1.776e+08,1000000000,0.222,222,0.8
31,2,9094886000000,97000,0.255278,3.91729,2.35849,1.43821e+08,3.392e+08,1000000000,0.424,424,0.8
31,2,9094887000000,98000,0.254184,3.93416,6.75676,1.75232e+07,1.184e+08,1000000000,0.148,148,0.8
31,2,9094888000000,99000,0.255202,3.91846,2.8169,1.0082e+08,2.84e+08,1000000000,0.355,355,0.8
31,2,9094889000000,100000,0.25538,3.91573,3.663,5.96232e+07,2.184e+08,1000000000,0.273,273,0.8
31,2,9094890000000,101000,0.25398,3.93731,8.77193,1.03968e+07,9.12e+07,1000000000,0.114,114,0.8
31,2,9094891000000,102000,0.256255,3.90236,2.05761,1.88957e+08,3.888e+08,1000000000,0.486,486,0.8
31,2,9094892000000,103000,0.25532,3.91665,6.25,2.048e+07,1.28e+08,1000000000,0.16,160,0.8
31,2,9094893000000,104000,0.254288,3.93254,6.75676,1.75232e+07,1.184e+08,1000000000,0.148,148,0.8
31,2,9094894000000,105000,0.257619,3.8817,1.65563,2.91853e+08,4.832e+08,1000000000,0.604,604,0.8
31,2,9094895000000,106000,0.255953,3.90697,12.3457,5.2488e+06,6.48e+07,1000000000,0.081,81,0.8
31,2,9094896000000,107000,0.254093,3.93556,17.5439,2.5992e+06,4.56e+07,1000000000,0.057,57,0.8
31,2,9094897000000,108000,0.257722,3.88015,1.54799,3.33853e+08,5.168e+08,1000000000,0.646,646,0.8
31,2,9094898000000,109000,0.256716,3.89536,6.75676,1.75232e+07,1.184e+08,1000000000,0.148,148,0.8
31,2,9094899000000,110000,0.255373,3.91584,9.17431,9.5048e+06,8.72e+07,1000000000,0.109,109,0.8
31,2,9094900000000,111000,0.257748,3.87976,1.92678,2.15489e+08,4.152e+08,1000000000,0.519,519,0.8
31,2,9094901000000,112000,0.256464,3.89918,8.77193,1.03968e+07,9.12e+07,1000000000,0.114,114,0.8
31,2,9094902000000,113000,0.256708,3.89548,3.52113,6.45248e+07,2.272e+08,1000000000,0.284,284,0.8
31,2,9094903000000,114000,0.259325,3.85617,1.8018,2.4642e+08,4.44e+08,1000000000,0.555,555,0.8
31,2,9094904000000,115000,0.258696,3.86555,5.34759,2.79752e+07,1.496e+08,1000000000,0.187,187,0.8
31,2,9094905000000,116000,0.257457,3.88415,8.69565,1.058e+07,9.2e+07,1000000000,0.115,115,0.8
31,2,9094906000000,117000,0.260368,3.84072,1.67224,2.86083e+08,4.784e+08,1000000000,0.598,598,0.8
31,2,9094907000000,118000,0.259381,3.85533,6.94444,1.65888e+07,1.152e+08,1000000000,0.144,144,0.8
31,2,9094908000000,119000,0.258017,3.87572,10.3093,7.5272e+06,7.76e+07,1000000000,0.097,97,0.8
31,2,9094909000000,120000,0.260417,3.84,1.8315,2.38493e+08,4.368e+08,1000000000,0.546,546,0.8
31,2,9094910000000,121000,0.259207,3.85793,8.77193,1.03968e+07,9.12e+07,1000000000,0.114,114,0.8
31,2,9094911000000,122000,0.260098,3.8447,2.71739,1.08339e+08,2.944e+08,1000000000,0.368,368,0.8
31,2,9094912000000,123000,0.260244,3.84255,3.59712,6.18272e+07,2.224e+08,1000000000,0.278,278,0.8
31,2,9094913000000,124000,0.259339,3.85596,6.75676,1.75232e+07,1.184e+08,1000000000,0.148,148,0.8
31,2,9094914000000,125000,0.261896,3.81831,1.72712,2.68193e+08,4.632e+08,1000000000,0.579,579,0.8
31,2,9094915000000,126000,0.260889,3.83305,7.40741,1.458e+07,1.08e+08,1000000000,0.135,135,0.8
31,2,9094916000000,127000,0.259425,3.85468,13.3333,4.5e+06,6e+07,1000000000,0.075,75,0.8
31,2,9094917000000,128000,0.262078,3.81566,1.66945,2.87041e+08,4.792e+08,1000000000,0.599,599,0.8
31,2,9094918000000,129000,0.261194,3.82857,6.75676,1.75232e+07,1.184e+08,1000000000,0.148,148,0.8
31,2,9094919000000,130000,0.261446,3.82488,3.40136,6.91488e+07,2.352e+08,1000000000,0.294,294,0.8
31,2,9094920000000,131000,0.262,3.81679,2.99401,8.92448e+07,2.672e+08,1000000000,0.334,334,0.8
31,2,9094921000000,132000,0.260879,3.8332,8.77193,1.03968e+07,9.12e+07,1000000000,0.114,114,0.8
31,2,9094922000000,133000,0.26303,3.80185,1.82815,2.39367e+08,4.376e+08,1000000000,0.547,547,0.8
31,2,9094923000000,134000,0.261851,3.81897,9.52381,8.82e+06,8.4e+07,1000000000,0.105,105,0.8
31,2,9094924000000,135000,0.260963,3.83196,7.04225,1.61312e+07,1.136e+08,1000000000,0.142,142,0.8
31,2,9094925000000,136000,0.263662,3.79274,1.59236,3.15507e+08,5.024e+08,1000000000,0.628,628,0.8
31,2,9094926000000,137000,0.262569,3.80852,8.77193,1.03968e+07,9.12e+07,1000000000,0.114,114,0.8
31,2,9094927000000,138000,0.26258,3.80837,3.78788,5.57568e+07,2.112e+08,1000000000,0.264,264,0.8
31,2,9094928000000,139000,0.263439,3.79595,2.6178,1.16739e+08,3.056e+08,1000000000,0.382,382,0.8
31,2,9094929000000,140000,0.262614,3.80787,6.75676,1.75232e+07,1.184e+08,1000000000,0.148,148,0.8
31,2,9094930000000,141000,0.264128,3.78605,2.10084,1.81261e+08,3.808e+08,1000000000,0.476,476,0.8
31,2,9094931000000,142000,0.263338,3.7974,6.57895,1.84832e+07,1.216e+08,1000000000,0.152,152,0.8
31,2,9094932000000,143000,0.262294,3.81252,8.77193,1.03968e+07,9.12e+07,1000000000,0.114,114,0.8
31,2,9094933000000,144000,0.264958,3.77418,1.54799,3.33853e+08,5.168e+08,1000000000,0.646,646,0.8
31,2,9094934000000,145000,0.264152,3.7857,6.75676,1.75232e+07,1.184e+08,1000000000,0.148,148,0.8
31,2,9094935000000,146000,0.26361,3.79349,5.40541,2.738e+07,1.48e+08,1000000000,0.185,185,0.8
31,2,9094936000000,147000,0.26483,3.77601,2.25734,1.56999e+08,3.544e+08,1000000000,0.443,443,0.8
31,2,9094937000000,148000,0.263811,3.7906,8.77193,1.03968e+07,9.12e+07,1000000000,0.114,114,0.8
31,2,9094938000000,149000,0.265027,3.7732,2.24719,1.5842e+08,3.56e+08,1000000000,0.445,445,0.8
31,2,9094939000000,150000,0.2646,3.77929,4.97512,3.23208e+07,1.608e+08,1000000000,0.201,201,0.8
31,2,9094940000000,151000,0.263828,3.79035,6.75676,1.75232e+07,1.184e+08,1000000000,0.148,148,0.8
31,2,9094941000000,152000,0.266191,3.7567,1.60514,3.10503e+08,4.984e+08,1000000000,0.623,623,0.8
31,2,9094942000000,153000,0.265229,3.77033,8.40336,1.13288e+07,9.52e+07,1000000000,0.119,119,0.8
31,2,9094943000000,154000,0.264526,3.78035,6.36943,1.97192e+07,1.256e+08,1000000000,0.157,157,0.8
31,2,9094944000000,155000,0.265974,3.75976,2.04499,1.91297e+08,3.912e+08,1000000000,0.489,489,0.8
31,2,9094945000000,156000,0.265218,3.77048,6.75676,1.75232e+07,1.184e+08,1000000000,0.148,148,0.8
31,2,9094946000000,157000,0.265892,3.76093,2.69542,1.10113e+08,2.968e+08,1000000000,0.371,371,0.8
31,2,9094947000000,158000,0.265835,3.76173,3.89105,5.28392e+07,2.056e+08,1000000000,0.257,257,0.8
31,2,9094948000000,159000,0.264881,3.77529,8.77193,1.03968e+07,9.12e+07,1000000000,0.114,114,0.8
31,2,9094949000000,160000,0.267087,3.74409,1.61812,3.05539e+08,4.944e+08,1000000000,0.618,618,0.8
31,2,9094950000000,161000,0.266248,3.75589,7.57576,1.39392e+07,1.056e+08,1000000000,0.132,132,0.8
31,2,9094951000000,162000,0.26516,3.7713,11.1111,6.48e+06,7.2e+07,1000000000,0.09,90,0.8
31,2,9094952000000,163000,0.267104,3.74386,1.71821,2.70979e+08,4.656e+08,1000000000,0.582,582,0.8
31,2,9094953000000,164000,0.266171,3.75699,8.77193,1.03968e+07,9.12e+07,1000000000,0.114,114,0.8
31,2,9094954000000,165000,0.266612,3.75077,2.94985,9.19368e+07,2.712e+08,1000000000,0.339,339,0.8
31,2,9094955000000,165598,0.2676,3.73692,1.85139,2.33396e+08,4.32107e+08,1000000000,0.540134,323,0.8
31,2,9094956000000,165598,0.2676,3.73692,0,-nan,-nan,1000000000,-nan,0,0.8
31,2,9094957000000,165598,0.2676,3.73692,0,-nan,-nan,1000000000,-nan,0,0.8
31,2,9094958000000,165598,0.2676,3.73692,0,-nan,-nan,1000000000,-nan,0,0.8
31,2,9094959000000,165598,0.2676,3.73692,0,-nan,-nan,1000000000,-nan,0,0.8
31,2,9094960000000,165598,0.2676,3.73692,0,-nan,-nan,1000000000,-nan,0,0.8
31,2,9094961000000,165598,0.2676,3.73692,0,-nan,-nan,1000000000,-nan,0,0.8
32,0,9094801000000,4000,0.036,27.7778,27.7778,5.184e+06,1.44e+08,4000000000,0.036,36,1
32,1,9094802000000,6000,0.0346667,28.8462,31.25,1.8432e+06,5.76e+07,2000000000,0.032,32,0.9
32,1,9094803000000,8000,0.096,10.4167,3.57143,1.4112e+08,5.04e+08,2000000000,0.28,280,0.9
32,2,9094804000000,9000,0.102444,9.76139,6.49351,1.89728e+07,1.232e+08,1000000000,0.154,154,0.8
32,2,9094805000000,10000,0.1448,6.90608,1.90114,2.21341e+08,4.208e+08,1000000000,0.526,526,0.8
32,2,9094806000000,11000,0.141455,7.06941,9.25926,9.3312e+06,8.64e+07,1000000000,0.108,108,0.8
32,2,9094807000000,12000,0.139667,7.1599,8.33333,1.152e+07,9.6e+07,1000000000,0.12,120,0.8
32,2,9094808000000,13000,0.177231,5.64236,1.59236,3.15507e+08,5.024e+08,1000000000,0.628,628,0.8
32,2,9094809000000,14000,0.172714,5.78991,8.77193,1.03968e+07,9.12e+07,1000000000,0.114,114,0.8
32,2,9094810000000,15000,0.180133,5.55144,3.52113,6.45248e+07,2.272e+08,1000000000,0.284,284,0.8
32,2,9094811000000,16000,0.1915,5.22193,2.76243,1.04835e+08,2.896e+08,1000000000,0.362,362,0.8
32,2,9094812000000,17000,0.188941,5.29265,6.75676,1.75232e+07,1.184e+08,1000000000,0.148,148,0.8
32,2,9094813000000,18000,0.205944,4.85568,2.0202,1.9602e+08,3.96e+08,1000000000,0.495,495,0.8
32,2,9094814000000,19000,0.202105,4.94792,7.5188,1.41512e+07,1.064e+08,1000000000,0.133,133,0.8
32,2,9094815000000,20000,0.1977,5.05817,8.77193,1.03968e+07,9.12e+07,1000000000,0.114,114,0.8
32,2,9094816000000,21000,0.219048,4.56522,1.54799,3.33853e+08,5.168e+08,1000000000,0.646,646,0.8
32,2,9094817000000,22000,0.215818,4.63353,6.75676,1.75232e+07,1.184e+08,1000000000,0.148,148,0.8
32,2,9094818000000,23000,0.215565,4.63897,4.7619,3.528e+07,1.68e+08,1000000000,0.21,210,0.8
32,2,9094819000000,24000,0.224,4.46429,2.39234,1.39779e+08,3.344e+08,1000000000,0.418,418,0.8
32,2,9094820000000,25000,0.2196,4.55373,8.77193,1.03968e+07,9.12e+07,1000000000,0.114,114,0.8
32,2,9094821000000,26000,0.228923,4.36828,2.1645,1.70755e+08,3.696e+08,1000000000,0.462,462,0.8
32,2,9094822000000,27000,0.227259,4.40026,5.43478,2.70848e+07,1.472e+08,1000000000,0.184,184,0.8
32,2,9094823000000,28000,0.224429,4.45576,6.75676,1.75232e+07,1.184e+08,1000000000,0.148,148,0.8
32,2,9094824000000,29000,0.238345,4.1956,1.59236,3.15507e+08,5.024e+08,1000000000,0.628,628,0.8
32,2,9094825000000,30000,0.2342,4.26985,8.77193,1.03968e+07,9.12e+07,1000000000,0.114,114,0.8
32,2,9094826000000,31000,0.232387,4.30316,5.61798,2.53472e+07,1.424e+08,1000000000,0.178,178,0.8
32,2,9094827000000,32000,0.23975,4.17101,2.13675,1.75219e+08,3.744e+08,1000000000,0.468,468,0.8
32,2,9094828000000,33000,0.23697,4.21995,6.75676,1.75232e+07,1.184e+08,1000000000,0.148,148,0.8
32,2,9094829000000,34000,0.2415,4.14079,2.55754,1.22305e+08,3.128e+08,1000000000,0.391,391,0.8
32,2,9094830000000,35000,0.241371,4.14299,4.21941,4.49352e+07,1.896e+08,1000000000,0.237,237,0.8
32,2,9094831000000,36000,0.237833,4.20463,8.77193,1.03968e+07,9.12e+07,1000000000,0.114,114,0.8
32,2,9094832000000,37000,0.248378,4.02612,1.59236,3.15507e+08,5.024e+08,1000000000,0.628,628,0.8
32,2,9094833000000,38000,0.245632,4.07114,6.94444,1.65888e+07,1.152e+08,1000000000,0.144,144,0.8
32,2,9094834000000,39000,0.241513,4.14057,11.7647,5.78e+06,6.8e+07,1000000000,0.085,85,0.8
32,2,9094835000000,40000,0.2496,4.00641,1.76991,2.5538e+08,4.52e+08,1000000000,0.565,565,0.8
32,2,9094836000000,41000,0.246293,4.06021,8.77193,1.03968e+07,9.12e+07,1000000000,0.114,114,0.8
32,2,9094837000000,42000,0.248905,4.0176,2.80899,1.01389e+08,2.848e+08,1000000000,0.356,356,0.8
32,2,9094838000000,43000,0.24986,4.00223,3.44828,6.728e+07,2.32e+08,1000000000,0.29,290,0.8
32,2,9094839000000,44000,0.247545,4.03966,6.75676,1.75232e+07,1.184e+08,1000000000,0.148,148,0.8
32,2,9094840000000,45000,0.254667,3.9267,1.76056,2.58099e+08,4.544e+08,1000000000,0.568,568,0.8
32,2,9094841000000,46000,0.252,3.96825,7.57576,1.39392e+07,1.056e+08,1000000000,0.132,132,0.8
32,2,9094842000000,47000,0.248106,4.03053,14.4928,3.8088e+06,5.52e+07,1000000000,0.069,69,0.8
32,2,9094843000000,48000,0.255833,3.90879,1.61551,3.06529e+08,4.952e+08,1000000000,0.619,619,0.8
32,2,9094844000000,49000,0.253633,3.94271,6.75676,1.75232e+07,1.184e+08,1000000000,0.148,148,0.8
32,2,9094845000000,50000,0.25418,3.93422,3.55872,6.31688e+07,2.248e+08,1000000000,0.281,281,0.8
32,2,9094846000000,51000,0.256,3.90625,2.88184,9.63272e+07,2.776e+08,1000000000,0.347,347,0.8
32,2,9094847000000,52000,0.253269,3.94837,8.77193,1.03968e+07,9.12e+07,1000000000,0.114,114,0.8
32,2,9094848000000,53000,0.25866,3.86607,1.85529,2.32417e+08,4.312e+08,1000000000,0.539,539,0.8
32,2,9094849000000,54000,0.255852,3.90851,9.34579,9.1592e+06,8.56e+07,1000000000,0.107,107,0.8
32,2,9094850000000,55000,0.2528,3.9557,11.3636,6.1952e+06,7.04e+07,1000000000,0.088,88,0.8
32,2,9094851000000,56000,0.250429,3.99315,8.33333,1.152e+07,9.6e+07,1000000000,0.12,120,0.8
32,2,9094852000000,57000,0.246246,4.06099,83.3333,115200,9.6e+06,1000000000,0.012,12,0.8
32,2,9094853000000,58000,0.244069,4.0972,8.33333,1.152e+07,9.6e+07,1000000000,0.12,120,0.8
32,1,9094854000000,60000,0.236133,4.2349,166.667,64800,1.08e+07,2000000000,0.006,6,0.9
32,0,9094855000000,64000,0.22325,4.47928,33.3333,3.6e+06,1.2e+08,4000000000,0.03,30,1
32,1,9094856000000,66000,0.216667,4.61538,166.667,64800,1.08e+07,2000000000,0.006,6,0.9
32,1,9094857000000,68000,0.212735,4.70068,12.0482,1.24002e+07,1.494e+08,2000000000,0.083,83,0.9
32,2,9094858000000,69000,0.213551,4.68273,3.71747,5.78888e+07,2.152e+08,1000000000,0.269,269,0.8
32,2,9094859000000,70000,0.215357,4.64345,2.94118,9.248e+07,2.72e+08,1000000000,0.34,340,0.8
32,2,9094860000000,71000,0.214,4.6729,8.40336,1.13288e+07,9.52e+07,1000000000,0.119,119,0.8
32,2,9094861000000,72000,0.218556,4.5755,1.84502,2.35011e+08,4.336e+08,1000000000,0.542,542,0.8
32,2,9094862000000,73000,0.217164,4.60481,8.54701,1.09512e+07,9.36e+07,1000000000,0.117,117,0.8
32,2,9094863000000,74000,0.215595,4.63834,9.90099,8.1608e+06,8.08e+07,1000000000,0.101,101,0.8
32,2,9094864000000,75000,0.22148,4.51508,1.52207,3.45319e+08,5.256e+08,1000000000,0.657,657,0.8
32,2,9094865000000,76000,0.220026,4.54491,9.00901,9.8568e+06,8.88e+07,1000000000,0.111,111,0.8
32,2,9094866000000,77000,0.220364,4.53795,4.06504,4.84128e+07,1.968e+08,1000000000,0.246,246,0.8
32,2,9094867000000,78000,0.222808,4.48818,2.43309,1.35137e+08,3.288e+08,1000000000,0.411,411,0.8
32,2,9094868000000,79000,0.221392,4.51687,9.00901,9.8568e+06,8.88e+07,1000000000,0.111,111,0.8
32,2,9094869000000,80000,0.224463,4.45509,2.14133,1.74471e+08,3.736e+08,1000000000,0.467,467,0.8
32,2,9094870000000,81000,0.224037,4.46355,5.26316,2.888e+07,1.52e+08,1000000000,0.19,190,0.8
32,2,9094871000000,82000,0.222659,4.49118,9.00901,9.8568e+06,8.88e+07,1000000000,0.111,111,0.8
32,2,9094872000000,83000,0.227855,4.38875,1.52905,3.42173e+08,5.232e+08,1000000000,0.654,654,0.8
32,2,9094873000000,84000,0.2265,4.41501,8.77193,1.03968e+07,9.12e+07,1000000000,0.114,114,0.8
32,2,9094874000000,85000,0.225694,4.43078,6.32911,1.99712e+07,1.264e+08,1000000000,0.158,158,0.8
32,2,9094875000000,86000,0.228872,4.36925,2.00401,1.99201e+08,3.992e+08,1000000000,0.499,499,0.8
32,2,9094876000000,87000,0.227517,4.39527,9.00901,9.8568e+06,8.88e+07,1000000000,0.111,111,0.8
32,2,9094877000000,88000,0.229273,4.36162,2.6178,1.16739e+08,3.056e+08,1000000000,0.382,382,0.8
32,2,9094878000000,89000,0.229787,4.35187,3.63636,6.05e+07,2.2e+08,1000000000,0.275,275,0.8
32,2,9094879000000,90000,0.228467,4.37701,9.00901,9.8568e+06,8.88e+07,1000000000,0.111,111,0.8
32,2,9094880000000,91000,0.23256,4.29996,1.66389,2.88961e+08,4.808e+08,1000000000,0.601,601,0.8
32,2,9094881000000,92000,0.231435,4.32087,7.75194,1.33128e+07,1.032e+08,1000000000,0.129,129,0.8
32,2,9094882000000,93000,0.229645,4.35454,15.3846,3.38e+06,5.2e+07,1000000000,0.065,65,0.8
32,2,9094883000000,94000,0.233904,4.27525,1.5873,3.1752e+08,5.04e+08,1000000000,0.63,630,0.8
32,2,9094884000000,95000,0.232611,4.29903,9.00901,9.8568e+06,8.88e+07,1000000000,0.111,111,0.8
32,2,9094885000000,96000,0.23325,4.28725,3.40136,6.91488e+07,2.352e+08,1000000000,0.294,294,0.8
32,2,9094886000000,97000,0.234588,4.2628,2.75482,1.05415e+08,2.904e+08,1000000000,0.363,363,0.8
32,2,9094887000000,98000,0.233327,4.28584,9.00901,9.8568e+06,8.88e+07,1000000000,0.111,111,0.8
32,2,9094888000000,99000,0.236192,4.23385,1.93424,2.13831e+08,4.136e+08,1000000000,0.517,517,0.8
32,2,9094889000000,100000,0.23523,4.25116,7.14286,1.568e+07,1.12e+08,1000000000,0.14,140,0.8
32,2,9094890000000,101000,0.234,4.2735,9.00901,9.8568e+06,8.88e+07,1000000000,0.111,111,0.8
32,2,9094891000000,102000,0.238147,4.19909,1.52207,3.45319e+08,5.256e+08,1000000000,0.657,657,0.8
32,2,9094892000000,103000,0.236913,4.22097,9.00901,9.8568e+06,8.88e+07,1000000000,0.111,111,0.8
32,2,9094893000000,104000,0.236625,4.2261,4.83092,3.42792e+07,1.656e+08,1000000000,0.207,207,0.8
32,2,9094894000000,105000,0.238657,4.19011,2.22222,1.62e+08,3.6e+08,1000000000,0.45,450,0.8
32,2,9094895000000,106000,0.237453,4.21136,9.00901,9.8568e+06,8.88e+07,1000000000,0.111,111,0.8
32,2,9094896000000,107000,0.239271,4.17936,2.31481,1.49299e+08,3.456e+08,1000000000,0.432,432,0.8
32,2,9094897000000,108000,0.239139,4.18167,4.44444,4.05e+07,1.8e+08,1000000000,0.225,225,0.8
32,2,9094898000000,109000,0.237963,4.20233,9.00901,9.8568e+06,8.88e+07,1000000000,0.111,111,0.8
32,2,9094899000000,110000,0.2416,4.13907,1.5674,3.25635e+08,5.104e+08,1000000000,0.638,638,0.8
32,2,9094900000000,111000,0.24055,4.15715,8,1.25e+07,1e+08,1000000000,0.125,125,0.8
32,2,9094901000000,112000,0.239357,4.17786,9.34579,9.1592e+06,8.56e+07,1000000000,0.107,107,0.8
32,2,9094902000000,113000,0.24215,4.12966,1.8018,2.4642e+08,4.44e+08,1000000000,0.555,555,0.8
32,2,9094903000000,114000,0.241,4.14938,9.00901,9.8568e+06,8.88e+07,1000000000,0.111,111,0.8
32,2,9094904000000,115000,0.241896,4.13401,2.90698,9.46688e+07,2.752e+08,1000000000,0.344,344,0.8
32,2,9094905000000,116000,0.242509,4.12356,3.19489,7.83752e+07,2.504e+08,1000000000,0.313,313,0.8
32,2,9094906000000,117000,0.241385,4.14277,9.00901,9.8568e+06,8.88e+07,1000000000,0.111,111,0.8
32,2,9094907000000,118000,0.244093,4.0968,1.78253,2.51777e+08,4.488e+08,1000000000,0.561,561,0.8
32,2,9094908000000,119000,0.245941,4.06601,2.15517,1.72237e+08,3.712e+08,1000000000,0.464,464,0.8
32,2,9094909000000,120000,0.244992,4.08177,7.57576,1.39392e+07,1.056e+08,1000000000,0.132,132,0.8
32,2,9094910000000,121000,0.245273,4.07709,3.58423,6.22728e+07,2.232e+08,1000000000,0.279,279,0.8
32,2,9094911000000,122000,0.24623,4.06125,2.76243,1.04835e+08,2.896e+08,1000000000,0.362,362,0.8
32,2,9094912000000,123000,0.244846,4.08421,13.1579,4.6208e+06,6.08e+07,1000000000,0.076,76,0.8
32,2,9094913000000,124000,0.243,4.11523,62.5,204800,1.28e+07,1000000000,0.016,16,0.8
32,2,9094914000000,125000,0.245248,4.07751,1.9084,2.19661e+08,4.192e+08,1000000000,0.524,524,0.8
32,2,9094915000000,126000,0.24454,4.08932,6.41026,1.94688e+07,1.248e+08,1000000000,0.156,156,0.8
32,2,9094916000000,127000,0.243307,4.11003,11.3636,6.1952e+06,7.04e+07,1000000000,0.088,88,0.8
32,2,9094917000000,128000,0.243148,4.11271,4.4843,3.97832e+07,1.784e+08,1000000000,0.223,223,0.8
32,2,9094918000000,129000,0.244806,4.08486,2.18818,1.67079e+08,3.656e+08,1000000000,0.457,457,0.8
32,2,9094919000000,130000,0.244031,4.09784,6.94444,1.65888e+07,1.152e+08,1000000000,0.144,144,0.8
32,2,9094920000000,131000,0.245282,4.07693,2.45098,1.33171e+08,3.264e+08,1000000000,0.408,408,0.8
32,2,9094921000000,132000,0.245091,4.08012,4.54545,3.872e+07,1.76e+08,1000000000,0.22,220,0.8
32,2,9094922000000,133000,0.244105,4.09659,8.77193,1.03968e+07,9.12e+07,1000000000,0.114,114,0.8
32,2,9094923000000,134000,0.247045,4.04785,1.5674,3.25635e+08,5.104e+08,1000000000,0.638,638,0.8
32,2,9094924000000,135000,0.24617,4.06223,7.75194,1.33128e+07,1.032e+08,1000000000,0.129,129,0.8
32,2,9094925000000,136000,0.245272,4.07711,8.06452,1.23008e+07,9.92e+07,1000000000,0.124,124,0.8
32,2,9094926000000,137000,0.247299,4.04368,1.91205,2.18823e+08,4.184e+08,1000000000,0.523,523,0.8
32,2,9094927000000,138000,0.24658,4.05548,6.75676,1.75232e+07,1.184e+08,1000000000,0.148,148,0.8
32,2,9094928000000,139000,0.247317,4.0434,2.86533,9.74408e+07,2.792e+08,1000000000,0.349,349,0.8
32,2,9094929000000,140000,0.247543,4.0397,3.58423,6.22728e+07,2.232e+08,1000000000,0.279,279,0.8
32,2,9094930000000,141000,0.246596,4.05522,8.77193,1.03968e+07,9.12e+07,1000000000,0.114,114,0.8
32,2,9094931000000,142000,0.24907,4.01493,1.67224,2.86083e+08,4.784e+08,1000000000,0.598,598,0.8
32,2,9094932000000,143000,0.24814,4.02999,8.62069,1.07648e+07,9.28e+07,1000000000,0.116,116,0.8
32,2,9094933000000,144000,0.247097,4.04699,10.2041,7.6832e+06,7.84e+07,1000000000,0.098,98,0.8
32,2,9094934000000,145000,0.2496,4.00641,1.63934,2.9768e+08,4.88e+08,1000000000,0.61,610,0.8
32,2,9094935000000,146000,0.248671,4.02137,8.77193,1.03968e+07,9.12e+07,1000000000,0.114,114,0.8
32,2,9094936000000,147000,0.249109,4.01431,3.19489,7.83752e+07,2.504e+08,1000000000,0.313,313,0.8
32,2,9094937000000,148000,0.249676,4.0052,3.003,8.87112e+07,2.664e+08,1000000000,0.333,333,0.8
32,2,9094938000000,149000,0.248993,4.01617,6.75676,1.75232e+07,1.184e+08,1000000000,0.148,148,0.8
32,2,9094939000000,150000,0.250833,3.98671,1.90476,2.205e+08,4.2e+08,1000000000,0.525,525,0.8
32,2,9094940000000,151000,0.249947,4.00085,8.54701,1.09512e+07,9.36e+07,1000000000,0.117,117,0.8
32,2,9094941000000,152000,0.248961,4.0167,10,8e+06,8e+07,1000000000,0.1,100,0.8
32,2,9094942000000,153000,0.251556,3.97527,1.54799,3.33853e+08,5.168e+08,1000000000,0.646,646,0.8
32,2,9094943000000,154000,0.250838,3.98664,7.0922,1.59048e+07,1.128e+08,1000000000,0.141,141,0.8
32,2,9094944000000,155000,0.250735,3.98827,4.25532,4.418e+07,1.88e+08,1000000000,0.235,235,0.8
32,2,9094945000000,156000,0.251667,3.97351,2.52525,1.25453e+08,3.168e+08,1000000000,0.396,396,0.8
32,2,9094946000000,157000,0.250981,3.98437,6.94444,1.65888e+07,1.152e+08,1000000000,0.144,144,0.8
32,2,9094947000000,158000,0.252361,3.96258,2.1322,1.75969e+08,3.752e+08,1000000000,0.469,469,0.8
32,2,9094948000000,159000,0.251774,3.97182,6.28931,2.02248e+07,1.272e+08,1000000000,0.159,159,0.8
32,2,9094949000000,160000,0.250912,3.98545,8.77193,1.03968e+07,9.12e+07,1000000000,0.114,114,0.8
32,2,9094950000000,161000,0.253366,3.94685,1.54799,3.33853e+08,5.168e+08,1000000000,0.646,646,0.8
32,2,9094951000000,162000,0.252716,3.95701,6.75676,1.75232e+07,1.184e+08,1000000000,0.148,148,0.8
32,2,9094952000000,163000,0.252252,3.9643,5.64972,2.50632e+07,1.416e+08,1000000000,0.177,177,0.8
32,2,9094953000000,164000,0.253463,3.94534,2.21729,1.62721e+08,3.608e+08,1000000000,0.451,451,0.8
32,2,9094954000000,165000,0.252618,3.95854,8.77193,1.03968e+07,9.12e+07,1000000000,0.114,114,0.8
32,2,9094955000000,166000,0.253741,3.94103,2.2779,1.54177e+08,3.512e+08,1000000000,0.439,439,0.8
32,2,9094956000000,167000,0.253461,3.94538,4.83092,3.42792e+07,1.656e+08,1000000000,0.207,207,0.8
32,2,9094957000000,168000,0.252833,3.95517,6.75676,1.75232e+07,1.184e+08,1000000000,0.148,148,0.8
32,2,9094958000000,169000,0.255012,3.92139,1.61031,3.08513e+08,4.968e+08,1000000000,0.621,621,0.8
32,2,9094959000000,170000,0.254224,3.93355,8.26446,1.17128e+07,9.68e+07,1000000000,0.121,121,0.8
32,2,9094960000000,171000,0.253608,3.94309,6.71141,1.77608e+07,1.192e+08,1000000000,0.149,149,0.8
32,2,9094961000000,171846,0.255345,3.91627,1.64912,2.9416e+08,4.85106e+08,1000000000,0.606383,513,0.8
33,0,9094801000000,4000,0.036,27.7778,27.7778,5.184e+06,1.44e+08,4000000000,0.036,36,1
33,1,9094802000000,6000,0.0346667,28.8462,31.25,1.8432e+06,5.76e+07,2000000000,0.032,32,0.9
33,1,9094803000000,8000,0.096,10.4167,3.57143,1.4112e+08,5.04e+08,2000000000,0.28,280,0.9
33,2,9094804000000,9000,0.102444,9.76139,6.49351,1.89728e+07,1.232e+08,1000000000,0.154,154,0.8
33,2,9094805000000,10000,0.1448,6.90608,1.90114,2.21341e+08,4.208e+08,1000000000,0.526,526,0.8
33,2,9094806000000,11000,0.141455,7.06941,9.25926,9.3312e+06,8.64e+07,1000000000,0.108,108,0.8
33,2,9094807000000,12000,0.139667,7.1599,8.33333,1.152e+07,9.6e+07,1000000000,0.12,120,0.8
33,2,9094808000000,13000,0.177231,5.64236,1.59236,3.15507e+08,5.024e+08,1000000000,0.628,628,0.8
33,2,9094809000000,14000,0.172714,5.78991,8.77193,1.03968e+07,9.12e+07,1000000000,0.114,114,0.8
33,2,9094810000000,15000,0.180133,5.55144,3.52113,6.45248e+07,2.272e+08,1000000000,0.284,284,0.8
33,2,9094811000000,16000,0.1915,5.22193,2.76243,1.04835e+08,2.896e+08,1000000000,0.362,362,0.8
33,2,9094812000000,17000,0.188941,5.29265,6.75676,1.75232e+07,1.184e+08,1000000000,0.148,148,0.8
33,2,9094813000000,18000,0.205944,4.85568,2.0202,1.9602e+08,3.96e+08,1000000000,0.495,495,0.8
33,2,9094814000000,19000,0.202105,4.94792,7.5188,1.41512e+07,1.064e+08,1000000000,0.133,133,0.8
33,2,9094815000000,20000,0.1977,5.05817,8.77193,1.03968e+07,9.12e+07,1000000000,0.114,114,0.8
33,2,9094816000000,21000,0.219048,4.56522,1.54799,3.33853e+08,5.168e+08,1000000000,0.646,646,0.8
33,2,9094817000000,22000,0.215818,4.63353,6.75676,1.75232e+07,1.184e+08,1000000000,0.148,148,0.8
33,2,9094818000000,23000,0.215565,4.63897,4.7619,3.528e+07,1.68e+08,1000000000,0.21,210,0.8
33,2,9094819000000,24000,0.224,4.46429,2.39234,1.39779e+08,3.344e+08,1000000000,0.418,418,0.8
33,2,9094820000000,25000,0.2196,4.55373,8.77193,1.03968e+07,9.12e+07,1000000000,0.114,114,0.8
33,2,9094821000000,26000,0.228923,4.36828,2.1645,1.70755e+08,3.696e+08,1000000000,0.462,462,0.8
33,2,9094822000000,27000,0.227259,4.40026,5.43478,2.70848e+07,1.472e+08,1000000000,0.184,184,0.8
33,2,9094823000000,28000,0.224429,4.45576,6.75676,1.75232e+07,1.184e+08,1000000000,0.148,148,0.8
33,2,9094824000000,29000,0.238345,4.1956,1.59236,3.15507e+08,5.024e+08,1000000000,0.628,628,0.8
33,2,9094825000000,30000,0.2342,4.26985,8.77193,1.03968e+07,9.12e+07,1000000000,0.114,114,0.8
33,2,9094826000000,31000,0.232387,4.30316,5.61798,2.53472e+07,1.424e+08,1000000000,0.178,178,0.8
33,2,9094827000000,32000,0.23975,4.17101,2.13675,1.75219e+08,3.744e+08,1000000000,0.468,468,0.8
33,2,9094828000000,33000,0.23697,4.21995,6.75676,1.75232e+07,1.184e+08,1000000000,0.148,148,0.8
33,2,9094829000000,34000,0.2415,4.14079,2.55754,1.22305e+08,3.128e+08,1000000000,0.391,391,0.8
33,2,9094830000000,35000,0.241371,4.14299,4.21941,4.49352e+07,1.896e+08,1000000000,0.237,237,0.8
33,2,9094831000000,36000,0.237833,4.20463,8.77193,1.03968e+07,9.12e+07,1000000000,0.114,114,0.8
33,2,9094832000000,37000,0.248378,4.02612,1.59236,3.15507e+08,5.024e+08,1000000000,0.628,628,0.8
33,2,9094833000000,38000,0.245632,4.07114,6.94444,1.65888e+07,1.152e+08,1000000000,0.144,144,0.8
33,2,9094834000000,39000,0.241513,4.14057,11.7647,5.78e+06,6.8e+07,1000000000,0.085,85,0.8
33,2,9094835000000,40000,0.2496,4.00641,1.76991,2.5538e+08,4.52e+08,1000000000,0.565,565,0.8
33,2,9094836000000,41000,0.246293,4.06021,8.77193,1.03968e+07,9.12e+07,1000000000,0.114,114,0.8
33,2,9094837000000,42000,0.248905,4.0176,2.80899,1.01389e+08,2.848e+08,1000000000,0.356,356,0.8
33,2,9094838000000,43000,0.24986,4.00223,3.44828,6.728e+07,2.32e+08,1000000000,0.29,290,0.8
33,2,9094839000000,44000,0.247545,4.03966,6.75676,1.75232e+07,1.184e+08,1000000000,0.148,148,0.8
33,2,9094840000000,45000,0.254667,3.9267,1.76056,2.58099e+08,4.544e+08,1000000000,0.568,568,0.8
33,2,9094841000000,46000,0.252,3.96825,7.57576,1.39392e+07,1.056e+08,1000000000,0.132,132,0.8
33,2,9094842000000,47000,0.248106,4.03053,14.4928,3.8088e+06,5.52e+07,1000000000,0.069,69,0.8
33,2,9094843000000,48000,0.255833,3.90879,1.61551,3.06529e+08,4.952e+08,1000000000,0.619,619,0.8
33,2,9094844000000,49000,0.253633,3.94271,6.75676,1.75232e+07,1.184e+08,1000000000,0.148,148,0.8
33,2,9094845000000,50000,0.25418,3.93422,3.55872,6.31688e+07,2.248e+08,1000000000,0.281,281,0.8
33,2,9094846000000,51000,0.256,3.90625,2.88184,9.63272e+07,2.776e+08,1000000000,0.347,347,0.8
33,2,9094847000000,52000,0.253269,3.94837,8.77193,1.03968e+07,9.12e+07,1000000000,0.114,114,0.8
33,2,9094848000000,53000,0.25866,3.86607,1.85529,2.32417e+08,4.312e+08,1000000000,0.539,539,0.8
33,2,9094849000000,54000,0.255852,3.90851,9.34579,9.1592e+06,8.56e+07,1000000000,0.107,107,0.8
33,2,9094850000000,55000,0.2528,3.9557,11.3636,6.1952e+06,7.04e+07,1000000000,0.088,88,0.8
33,2,9094851000000,56000,0.250429,3.99315,8.33333,1.152e+07,9.6e+07,1000000000,0.12,120,0.8
33,2,9094852000000,57000,0.246246,4.06099,83.3333,115200,9.6e+06,1000000000,0.012,12,0.8
33,2,9094853000000,58000,0.244069,4.0972,8.33333,1.152e+07,9.6e+07,1000000000,0.12,120,0.8
33,1,9094854000000,60000,0.236133,4.2349,166.667,64800,1.08e+07,2000000000,0.006,6,0.9
33,0,9094855000000,64000,0.22325,4.47928,33.3333,3.6e+06,1.2e+08,4000000000,0.03,30,1
33,1,9094856000000,66000,0.216667,4.61538,166.667,64800,1.08e+07,2000000000,0.006,6,0.9
33,1,9094857000000,68000,0.212735,4.70068,12.0482,1.24002e+07,1.494e+08,2000000000,0.083,83,0.9
33,2,9094858000000,69000,0.213551,4.68273,3.71747,5.78888e+07,2.152e+08,1000000000,0.269,269,0.8
33,2,9094859000000,70000,0.215357,4.64345,2.94118,9.248e+07,2.72e+08,1000000000,0.34,340,0.8
33,2,9094860000000,71000,0.214,4.6729,8.40336,1.13288e+07,9.52e+07,1000000000,0.119,119,0.8
33,2,9094861000000,72000,0.218556,4.5755,1.84502,2.35011e+08,4.336e+08,1000000000,0.542,542,0.8
33,2,9094862000000,73000,0.217164,4.60481,8.54701,1.09512e+07,9.36e+07,1000000000,0.117,117,0.8
33,2,9094863000000,74000,0.215595,4.63834,9.90099,8.1608e+06,8.08e+07,1000000000,0.101,101,0.8
33,2,9094864000000,75000,0.22148,4.51508,1.52207,3.45319e+08,5.256e+08,1000000000,0.657,657,0.8
33,2,9094865000000,76000,0.220026,4.54491,9.00901,9.8568e+06,8.88e+07,1000000000,0.111,111,0.8
33,2,9094866000000,77000,0.220364,4.53795,4.06504,4.84128e+07,1.968e+08,1000000000,0.246,246,0.8
33,2,9094867000000,78000,0.222808,4.48818,2.43309,1.35137e+08,3.288e+08,1000000000,0.411,411,0.8
33,2,9094868000000,79000,0.221392,4.51687,9.00901,9.8568e+06,8.88e+07,1000000000,0.111,111,0.8
33,2,9094869000000,80000,0.224463,4.45509,2.14133,1.74471e+08,3.736e+08,1000000000,0.467,467,0.8
33,2,9094870000000,81000,0.224037,4.46355,5.26316,2.888e+07,1.52e+08,1000000000,0.19,190,0.8
33,2,9094871000000,82000,0.222659,4.49118,9.00901,9.8568e+06,8.88e+07,1000000000,0.111,111,0.8
33,2,9094872000000,83000,0.227855,4.38875,1.52905,3.42173e+08,5.232e+08,1000000000,0.654,654,0.8
33,2,9094873000000,84000,0.2265,4.41501,8.77193,1.03968e+07,9.12e+07,1000000000,0.114,114,0.8
33,2,9094874000000,85000,0.225694,4.43078,6.32911,1.99712e+07,1.264e+08,1000000000,0.158,158,0.8
33,2,9094875000000,86000,0.228872,4.36925,2.00401,1.99201e+08,3.992e+08,1000000000,0.499,499,0.8
33,2,9094876000000,87000,0.227517,4.39527,9.00901,9.8568e+06,8.88e+07,1000000000,0.111,111,0.8
33,2,9094877000000,88000,0.229273,4.36162,2.6178,1.16739e+08,3.056e+08,1000000000,0.382,382,0.8
33,2,9094878000000,89000,0.229787,4.35187,3.63636,6.05e+07,2.2e+08,1000000000,0.275,275,0.8
33,2,9094879000000,90000,0.228467,4.37701,9.00901,9.8568e+06,8.88e+07,1000000000,0.111,111,0.8
33,2,9094880000000,91000,0.23256,4.29996,1.66389,2.88961e+08,4.808e+08,1000000000,0.601,601,0.8
33,2,9094881000000,92000,0.231435,4.32087,7.75194,1.33128e+07,1.032e+08,1000000000,0.129,129,0.8
33,2,9094882000000,93000,0.229645,4.35454,15.3846,3.38e+06,5.2e+07,1000000000,0.065,65,0.8
33,2,9094883000000,94000,0.233904,4.27525,1.5873,3.1752e+08,5.04e+08,1000000000,0.63,630,0.8
33,2,9094884000000,95000,0.232611,4.29903,9.00901,9.8568e+06,8.88e+07,1000000000,0.111,111,0.8
33,2,9094885000000,96000,0.23325,4.28725,3.40136,6.91488e+07,2.352e+08,1000000000,0.294,294,0.8
33,2,9094886000000,97000,0.234588,4.2628,2.75482,1.05415e+08,2.904e+08,1000000000,0.363,363,0.8
33,2,9094887000000,98000,0.233327,4.28584,9.00901,9.8568e+06,8.88e+07,1000000000,0.111,111,0.8
33,2,9094888000000,99000,0.236192,4.23385,1.93424,2.13831e+08,4.136e+08,1000000000,0.517,517,0.8
33,2,9094889000000,100000,0.23523,4.25116,7.14286,1.568e+07,1.12e+08,1000000000,0.14,140,0.8
33,2,9094890000000,101000,0.234,4.2735,9.00901,9.8568e+06,8.88e+07,1000000000,0.111,111,0.8
33,2,9094891000000,102000,0.238147,4.19909,1.52207,3.45319e+08,5.256e+08,1000000000,0.657,657,0.8
33,2,9094892000000,103000,0.236913,4.22097,9.00901,9.8568e+06,8.88e+07,1000000000,0.111,111,0.8
33,2,9094893000000,104000,0.236625,4.2261,4.83092,3.42792e+07,1.656e+08,1000000000,0.207,207,0.8
33,2,9094894000000,105000,0.238657,4.19011,2.22222,1.62e+08,3.6e+08,1000000000,0.45,450,0.8
33,2,9094895000000,106000,0.237453,4.21136,9.00901,9.8568e+06,8.88e+07,1000000000,0.111,111,0.8
33,2,9094896000000,107000,0.239271,4.17936,2.31481,1.49299e+08,3.456e+08,1000000000,0.432,432,0.8
33,2,9094897000000,108000,0.239139,4.18167,4.44444,4.05e+07,1.8e+08,1000000000,0.225,225,0.8
33,2,9094898000000,109000,0.237963,4.20233,9.00901,9.8568e+06,8.88e+07,1000000000,0.111,111,0.8
33,2,9094899000000,110000,0.2416,4.13907,1.5674,3.25635e+08,5.104e+08,1000000000,0.638,638,0.8
33,2,9094900000000,111000,0.24055,4.15715,8,1.25e+07,1e+08,1000000000,0.125,125,0.8
33,2,9094901000000,112000,0.239357,4.17786,9.34579,9.1592e+06,8.56e+07,1000000000,0.107,107,0.8
33,2,9094902000000,113000,0.24215,4.12966,1.8018,2.4642e+08,4.44e+08,1000000000,0.555,555,0.8
33,2,9094903000000,114000,0.241,4.14938,9.00901,9.8568e+06,8.88e+07,1000000000,0.111,111,0.8
33,2,9094904000000,115000,0.241896,4.13401,2.90698,9.46688e+07,2.752e+08,1000000000,0.344,344,0.8
33,2,9094905000000,116000,0.242509,4.12356,3.19489,7.83752e+07,2.504e+08,1000000000,0.313,313,0.8
33,2,9094906000000,117000,0.241385,4.14277,9.00901,9.8568e+06,8.88e+07,1000000000,0.111,111,0.8
33,2,9094907000000,118000,0.244093,4.0968,1.78253,2.51777e+08,4.488e+08,1000000000,0.561,561,0.8
33,2,9094908000000,119000,0.245941,4.06601,2.15517,1.72237e+08,3.712e+08,1000000000,0.464,464,0.8
33,2,9094909000000,120000,0.244992,4.08177,7.57576,1.39392e+07,1.056e+08,1000000000,0.132,132,0.8
33,2,9094910000000,121000,0.245273,4.07709,3.58423,6.22728e+07,2.232e+08,1000000000,0.279,279,0.8
33,2,9094911000000,122000,0.24623,4.06125,2.76243,1.04835e+08,2.896e+08,1000000000,0.362,362,0.8
33,2,9094912000000,123000,0.245431,4.07447,6.75676,1.75232e+07,1.184e+08,1000000000,0.148,148,0.8
33,2,9094913000000,124000,0.24746,4.04106,2.01207,1.97607e+08,3.976e+08,1000000000,0.497,497,0.8
33,2,9094914000000,125000,0.246528,4.05633,7.63359,1.37288e+07,1.048e+08,1000000000,0.131,131,0.8
33,2,9094915000000,126000,0.245476,4.07371,8.77193,1.03968e+07,9.12e+07,1000000000,0.114,114,0.8
33,2,9094916000000,127000,0.24863,4.02204,1.54799,3.33853e+08,5.168e+08,1000000000,0.646,646,0.8
33,2,9094917000000,128000,0.247844,4.0348,6.75676,1.75232e+07,1.184e+08,1000000000,0.148,148,0.8
33,2,9094918000000,129000,0.247566,4.03933,4.71698,3.59552e+07,1.696e+08,1000000000,0.212,212,0.8
33,2,9094919000000,130000,0.248862,4.0183,2.40385,1.38445e+08,3.328e+08,1000000000,0.416,416,0.8
33,2,9094920000000,131000,0.247832,4.03499,8.77193,1.03968e+07,9.12e+07,1000000000,0.114,114,0.8
33,2,9094921000000,132000,0.249462,4.00862,2.15983,1.71495e+08,3.704e+08,1000000000,0.463,463,0.8
33,2,9094922000000,133000,0.248962,4.01667,5.46448,2.67912e+07,1.464e+08,1000000000,0.183,183,0.8
33,2,9094923000000,134000,0.248209,4.02886,6.75676,1.75232e+07,1.184e+08,1000000000,0.148,148,0.8
33,2,9094924000000,135000,0.251022,3.98371,1.59236,3.15507e+08,5.024e+08,1000000000,0.628,628,0.8
33,2,9094925000000,136000,0.250015,3.99976,8.77193,1.03968e+07,9.12e+07,1000000000,0.114,114,0.8
33,2,9094926000000,137000,0.249496,4.00807,5.58659,2.56328e+07,1.432e+08,1000000000,0.179,179,0.8
33,2,9094927000000,138000,0.251101,3.98245,2.12314,1.77473e+08,3.768e+08,1000000000,0.471,471,0.8
33,2,9094928000000,139000,0.250331,3.99471,6.94444,1.65888e+07,1.152e+08,1000000000,0.144,144,0.8
33,2,9094929000000,140000,0.25135,3.97852,2.54453,1.23559e+08,3.144e+08,1000000000,0.393,393,0.8
33,2,9094930000000,141000,0.251234,3.98035,4.25532,4.418e+07,1.88e+08,1000000000,0.235,235,0.8
33,2,9094931000000,142000,0.250268,3.99572,8.77193,1.03968e+07,9.12e+07,1000000000,0.114,114,0.8
33,2,9094932000000,143000,0.252916,3.95388,1.58983,3.16513e+08,5.032e+08,1000000000,0.629,629,0.8
33,2,9094933000000,144000,0.252174,3.96552,6.84932,1.70528e+07,1.168e+08,1000000000,0.146,146,0.8
33,2,9094934000000,145000,0.251014,3.98384,11.9048,5.6448e+06,6.72e+07,1000000000,0.084,84,0.8
33,2,9094935000000,146000,0.253151,3.95022,1.7762,2.53575e+08,4.504e+08,1000000000,0.563,563,0.8
33,2,9094936000000,147000,0.252204,3.96504,8.77193,1.03968e+07,9.12e+07,1000000000,0.114,114,0.8
33,2,9094937000000,148000,0.252912,3.95394,2.80112,1.01959e+08,2.856e+08,1000000000,0.357,357,0.8
33,2,9094938000000,149000,0.253154,3.95016,3.46021,6.68168e+07,2.312e+08,1000000000,0.289,289,0.8
33,2,9094939000000,150000,0.252453,3.96113,6.75676,1.75232e+07,1.184e+08,1000000000,0.148,148,0.8
33,2,9094940000000,151000,0.25455,3.92851,1.75747,2.59009e+08,4.552e+08,1000000000,0.569,569,0.8
33,2,9094941000000,152000,0.253757,3.94078,7.46269,1.43648e+07,1.072e+08,1000000000,0.134,134,0.8
33,2,9094942000000,153000,0.252556,3.95952,14.2857,3.92e+06,5.6e+07,1000000000,0.07,70,0.8
33,2,9094943000000,154000,0.254909,3.92297,1.62602,3.0258e+08,4.92e+08,1000000000,0.615,615,0.8
33,2,9094944000000,155000,0.254219,3.93361,6.75676,1.75232e+07,1.184e+08,1000000000,0.148,148,0.8
33,2,9094945000000,156000,0.254404,3.93076,3.53357,6.40712e+07,2.264e+08,1000000000,0.283,283,0.8
33,2,9094946000000,157000,0.25493,3.92265,2.96736,9.08552e+07,2.696e+08,1000000000,0.337,337,0.8
33,2,9094947000000,158000,0.254253,3.93309,6.75676,1.75232e+07,1.184e+08,1000000000,0.148,148,0.8
33,2,9094948000000,159000,0.255943,3.90711,1.91205,2.18823e+08,4.184e+08,1000000000,0.523,523,0.8
33,2,9094949000000,160000,0.255063,3.92061,8.69565,1.058e+07,9.2e+07,1000000000,0.115,115,0.8
33,2,9094950000000,161000,0.254286,3.93258,7.69231,1.352e+07,1.04e+08,1000000000,0.13,130,0.8
33,2,9094951000000,162000,0.256543,3.89798,1.6129,3.0752e+08,4.96e+08,1000000000,0.62,620,0.8
33,2,9094952000000,163000,0.255877,3.90812,6.75676,1.75232e+07,1.184e+08,1000000000,0.148,148,0.8
33,2,9094953000000,164000,0.255884,3.90802,3.89105,5.28392e+07,2.056e+08,1000000000,0.257,257,0.8
33,2,9094954000000,165000,0.256582,3.89739,2.69542,1.10113e+08,2.968e+08,1000000000,0.371,371,0.8
33,2,9094955000000,166000,0.255723,3.91048,8.77193,1.03968e+07,9.12e+07,1000000000,0.114,114,0.8
33,2,9094956000000,167000,0.257251,3.88725,1.95695,2.08897e+08,4.088e+08,1000000000,0.511,511,0.8
33,2,9094957000000,168000,0.256524,3.89827,7.40741,1.458e+07,1.08e+08,1000000000,0.135,135,0.8
33,2,9094958000000,169000,0.255882,3.90806,6.75676,1.75232e+07,1.184e+08,1000000000,0.148,148,0.8
33,2,9094959000000,170000,0.258053,3.87517,1.6,3.125e+08,5e+08,1000000000,0.625,625,0.8
33,2,9094960000000,170050,0.258042,3.87534,4.54545,3.872e+07,1.76e+08,1000000000,0.22,11,0.8
33,2,9094961000000,170050,0.258042,3.87534,0,-nan,-nan,1000000000,-nan,0,0.8
34,0,9094801000000,4000,0.036,27.7778,27.7778,5.184e+06,1.44e+08,4000000000,0.036,36,1
34,1,9094802000000,6000,0.0346667,28.8462,31.25,1.8432e+06,5.76e+07,2000000000,0.032,32,0.9
34,1,9094803000000,8000,0.096,10.4167,3.57143,1.4112e+08,5.04e+08,2000000000,0.28,280,0.9
34,2,9094804000000,9000,0.102444,9.76139,6.49351,1.89728e+07,1.232e+08,1000000000,0.154,154,0.8
34,2,9094805000000,10000,0.1448,6.90608,1.90114,2.21341e+08,4.208e+08,1000000000,0.526,526,0.8
34,2,9094806000000,11000,0.141455,7.06941,9.25926,9.3312e+06,8.64e+07,1000000000,0.108,108,0.8
34,2,9094807000000,12000,0.139667,7.1599,8.33333,1.152e+07,9.6e+07,1000000000,0.12,120,0.8
34,2,9094808000000,13000,0.177231,5.64236,1.59236,3.15507e+08,5.024e+08,1000000000,0.628,628,0.8
34,2,9094809000000,14000,0.172714,5.78991,8.77193,1.03968e+07,9.12e+07,1000000000,0.114,114,0.8
34,2,9094810000000,15000,0.180133,5.55144,3.52113,6.45248e+07,2.272e+08,1000000000,0.284,284,0.8
34,2,9094811000000,16000,0.1915,5.22193,2.76243,1.04835e+08,2.896e+08,1000000000,0.362,362,0.8
34,2,9094812000000,17000,0.188941,5.29265,6.75676,1.75232e+07,1.184e+08,1000000000,0.148,148,0.8
34,2,9094813000000,18000,0.205944,4.85568,2.0202,1.9602e+08,3.96e+08,1000000000,0.495,495,0.8
34,2,9094814000000,19000,0.202105,4.94792,7.5188,1.41512e+07,1.064e+08,1000000000,0.133,133,0.8
34,2,9094815000000,20000,0.1977,5.05817,8.77193,1.03968e+07,9.12e+07,1000000000,0.114,114,0.8
34,2,9094816000000,21000,0.219048,4.56522,1.54799,3.33853e+08,5.168e+08,1000000000,0.646,646,0.8
34,2,9094817000000,22000,0.215818,4.63353,6.75676,1.75232e+07,1.184e+08,1000000000,0.148,148,0.8
34,2,9094818000000,23000,0.215565,4.63897,4.7619,3.528e+07,1.68e+08,1000000000,0.21,210,0.8
34,2,9094819000000,24000,0.224,4.46429,2.39234,1.39779e+08,3.344e+08,1000000000,0.418,418,0.8
34,2,9094820000000,25000,0.2196,4.55373,8.77193,1.03968e+07,9.12e+07,1000000000,0.114,114,0.8
34,2,9094821000000,26000,0.228923,4.36828,2.1645,1.70755e+08,3.696e+08,1000000000,0.462,462,0.8
34,2,9094822000000,27000,0.227259,4.40026,5.43478,2.70848e+07,1.472e+08,1000000000,0.184,184,0.8
34,2,9094823000000,28000,0.224429,4.45576,6.75676,1.75232e+07,1.184e+08,1000000000,0.148,148,0.8
34,2,9094824000000,29000,0.238345,4.1956,1.59236,3.15507e+08,5.024e+08,1000000000,0.628,628,0.8
34,2,9094825000000,30000,0.2342,4.26985,8.77193,1.03968e+07,9.12e+07,1000000000,0.114,114,0.8
34,2,9094826000000,31000,0.232387,4.30316,5.61798,2.53472e+07,1.424e+08,1000000000,0.178,178,0.8
34,2,9094827000000,32000,0.23975,4.17101,2.13675,1.75219e+08,3.744e+08,1000000000,0.468,468,0.8
34,2,9094828000000,33000,0.23697,4.21995,6.75676,1.75232e+07,1.184e+08,1000000000,0.148,148,0.8
34,2,9094829000000,34000,0.2415,4.14079,2.55754,1.22305e+08,3.128e+08,1000000000,0.391,391,0.8
34,2,9094830000000,35000,0.241371,4.14299,4.21941,4.49352e+07,1.896e+08,1000000000,0.237,237,0.8
34,2,9094831000000,36000,0.237833,4.20463,8.77193,1.03968e+07,9.12e+07,1000000000,0.114,114,0.8
34,2,9094832000000,37000,0.248378,4.02612,1.59236,3.15507e+08,5.024e+08,1000000000,0.628,628,0.8
34,2,9094833000000,38000,0.245632,4.07114,6.94444,1.65888e+07,1.152e+08,1000000000,0.144,144,0.8
34,2,9094834000000,39000,0.241513,4.14057,11.7647,5.78e+06,6.8e+07,1000000000,0.085,85,0.8
34,2,9094835000000,40000,0.2496,4.00641,1.76991,2.5538e+08,4.52e+08,1000000000,0.565,565,0.8
34,2,9094836000000,41000,0.246293,4.06021,8.77193,1.03968e+07,9.12e+07,1000000000,0.114,114,0.8
34,2,9094837000000,42000,0.248905,4.0176,2.80899,1.01389e+08,2.848e+08,1000000000,0.356,356,0.8
34,2,9094838000000,43000,0.24986,4.00223,3.44828,6.728e+07,2.32e+08,1000000000,0.29,290,0.8
34,2,9094839000000,44000,0.247545,4.03966,6.75676,1.75232e+07,1.184e+08,1000000000,0.148,148,0.8
34,2,9094840000000,45000,0.254667,3.9267,1.76056,2.58099e+08,4.544e+08,1000000000,0.568,568,0.8
34,2,9094841000000,46000,0.252,3.96825,7.57576,1.39392e+07,1.056e+08,1000000000,0.132,132,0.8
34,2,9094842000000,47000,0.248106,4.03053,14.4928,3.8088e+06,5.52e+07,1000000000,0.069,69,0.8
34,2,9094843000000,48000,0.255833,3.90879,1.61551,3.06529e+08,4.952e+08,1000000000,0.619,619,0.8
34,2,9094844000000,49000,0.253633,3.94271,6.75676,1.75232e+07,1.184e+08,1000000000,0.148,148,0.8
34,2,9094845000000,50000,0.25418,3.93422,3.55872,6.31688e+07,2.248e+08,1000000000,0.281,281,0.8
34,2,9094846000000,51000,0.256,3.90625,2.88184,9.63272e+07,2.776e+08,1000000000,0.347,347,0.8
34,2,9094847000000,52000,0.253269,3.94837,8.77193,1.03968e+07,9.12e+07,1000000000,0.114,114,0.8
34,2,9094848000000,53000,0.25866,3.86607,1.85529,2.32417e+08,4.312e+08,1000000000,0.539,539,0.8
34,2,9094849000000,54000,0.255852,3.90851,9.34579,9.1592e+06,8.56e+07,1000000000,0.107,107,0.8
34,2,9094850000000,55000,0.2528,3.9557,11.3636,6.1952e+06,7.04e+07,1000000000,0.088,88,0.8
34,2,9094851000000,56000,0.250429,3.99315,8.33333,1.152e+07,9.6e+07,1000000000,0.12,120,0.8
34,2,9094852000000,57000,0.246246,4.06099,83.3333,115200,9.6e+06,1000000000,0.012,12,0.8
34,2,9094853000000,58000,0.244069,4.0972,8.33333,1.152e+07,9.6e+07,1000000000,0.12,120,0.8
34,1,9094854000000,60000,0.236133,4.2349,166.667,64800,1.08e+07,2000000000,0.006,6,0.9
34,0,9094855000000,64000,0.22325,4.47928,33.3333,3.6e+06,1.2e+08,4000000000,0.03,30,1
34,1,9094856000000,66000,0.216667,4.61538,166.667,64800,1.08e+07,2000000000,0.006,6,0.9
34,1,9094857000000,68000,0.212735,4.70068,12.0482,1.24002e+07,1.494e+08,2000000000,0.083,83,0.9
34,2,9094858000000,69000,0.213551,4.68273,3.71747,5.78888e+07,2.152e+08,1000000000,0.269,269,0.8
34,2,9094859000000,70000,0.215357,4.64345,2.94118,9.248e+07,2.72e+08,1000000000,0.34,340,0.8
34,2,9094860000000,71000,0.214,4.6729,8.40336,1.13288e+07,9.52e+07,1000000000,0.119,119,0.8
34,2,9094861000000,72000,0.218556,4.5755,1.84502,2.35011e+08,4.336e+08,1000000000,0.542,542,0.8
34,2,9094862000000,73000,0.217164,4.60481,8.54701,1.09512e+07,9.36e+07,1000000000,0.117,117,0.8
34,2,9094863000000,74000,0.215595,4.63834,9.90099,8.1608e+06,8.08e+07,1000000000,0.101,101,0.8
34,2,9094864000000,75000,0.22148,4.51508,1.52207,3.45319e+08,5.256e+08,1000000000,0.657,657,0.8
34,2,9094865000000,76000,0.220026,4.54491,9.00901,9.8568e+06,8.88e+07,1000000000,0.111,111,0.8
34,2,9094866000000,77000,0.220364,4.53795,4.06504,4.84128e+07,1.968e+08,1000000000,0.246,246,0.8
34,2,9094867000000,78000,0.222808,4.48818,2.43309,1.35137e+08,3.288e+08,1000000000,0.411,411,0.8
34,2,9094868000000,79000,0.221392,4.51687,9.00901,9.8568e+06,8.88e+07,1000000000,0.111,111,0.8
34,2,9094869000000,80000,0.224463,4.45509,2.14133,1.74471e+08,3.736e+08,1000000000,0.467,467,0.8
34,2,9094870000000,81000,0.224037,4.46355,5.26316,2.888e+07,1.52e+08,1000000000,0.19,190,0.8
34,2,9094871000000,82000,0.222659,4.49118,9.00901,9.8568e+06,8.88e+07,1000000000,0.111,111,0.8
34,2,9094872000000,83000,0.227855,4.38875,1.52905,3.42173e+08,5.232e+08,1000000000,0.654,654,0.8
34,2,9094873000000,84000,0.2265,4.41501,8.77193,1.03968e+07,9.12e+07,1000000000,0.114,114,0.8
34,2,9094874000000,85000,0.225694,4.43078,6.32911,1.99712e+07,1.264e+08,1000000000,0.158,158,0.8
34,2,9094875000000,86000,0.228872,4.36925,2.00401,1.99201e+08,3.992e+08,1000000000,0.499,499,0.8
34,2,9094876000000,87000,0.227517,4.39527,9.00901,9.8568e+06,8.88e+07,1000000000,0.111,111,0.8
34,2,9094877000000,88000,0.229273,4.36162,2.6178,1.16739e+08,3.056e+08,1000000000,0.382,382,0.8
34,2,9094878000000,89000,0.229787,4.35187,3.63636,6.05e+07,2.2e+08,1000000000,0.275,275,0.8
34,2,9094879000000,90000,0.228467,4.37701,9.00901,9.8568e+06,8.88e+07,1000000000,0.111,111,0.8
34,2,9094880000000,91000,0.23256,4.29996,1.66389,2.88961e+08,4.808e+08,1000000000,0.601,601,0.8
34,2,9094881000000,92000,0.231435,4.32087,7.75194,1.33128e+07,1.032e+08,1000000000,0.129,129,0.8
34,2,9094882000000,93000,0.229645,4.35454,15.3846,3.38e+06,5.2e+07,1000000000,0.065,65,0.8
34,2,9094883000000,94000,0.233904,4.27525,1.5873,3.1752e+08,5.04e+08,1000000000,0.63,630,0.8
34,2,9094884000000,95000,0.232611,4.29903,9.00901,9.8568e+06,8.88e+07,1000000000,0.111,111,0.8
34,2,9094885000000,96000,0.23325,4.28725,3.40136,6.91488e+07,2.352e+08,1000000000,0.294,294,0.8
34,2,9094886000000,97000,0.234588,4.2628,2.75482,1.05415e+08,2.904e+08,1000000000,0.363,363,0.8
34,2,9094887000000,98000,0.233327,4.28584,9.00901,9.8568e+06,8.88e+07,1000000000,0.111,111,0.8
34,2,9094888000000,99000,0.236192,4.23385,1.93424,2.13831e+08,4.136e+08,1000000000,0.517,517,0.8
34,2,9094889000000,100000,0.23523,4.25116,7.14286,1.568e+07,1.12e+08,1000000000,0.14,140,0.8
34,2,9094890000000,101000,0.234,4.2735,9.00901,9.8568e+06,8.88e+07,1000000000,0.111,111,0.8
34,2,9094891000000,102000,0.238147,4.19909,1.52207,3.45319e+08,5.256e+08,1000000000,0.657,657,0.8
34,2,9094892000000,103000,0.236913,4.22097,9.00901,9.8568e+06,8.88e+07,1000000000,0.111,111,0.8
34,2,9094893000000,104000,0.236625,4.2261,4.83092,3.42792e+07,1.656e+08,1000000000,0.207,207,0.8
34,2,9094894000000,105000,0.238657,4.19011,2.22222,1.62e+08,3.6e+08,1000000000,0.45,450,0.8
34,2,9094895000000,106000,0.237453,4.21136,9.00901,9.8568e+06,8.88e+07,1000000000,0.111,111,0.8
34,2,9094896000000,107000,0.239271,4.17936,2.31481,1.49299e+08,3.456e+08,1000000000,0.432,432,0.8
34,2,9094897000000,108000,0.239139,4.18167,4.44444,4.05e+07,1.8e+08,1000000000,0.225,225,0.8
34,2,9094898000000,109000,0.237963,4.20233,9.00901,9.8568e+06,8.88e+07,1000000000,0.111,111,0.8
34,2,9094899000000,110000,0.2416,4.13907,1.5674,3.25635e+08,5.104e+08,1000000000,0.638,638,0.8
34,2,9094900000000,111000,0.24055,4.15715,8,1.25e+07,1e+08,1000000000,0.125,125,0.8
34,2,9094901000000,112000,0.239357,4.17786,9.34579,9.1592e+06,8.56e+07,1000000000,0.107,107,0.8
34,2,9094902000000,113000,0.24215,4.12966,1.8018,2.4642e+08,4.44e+08,1000000000,0.555,555,0.8
34,2,9094903000000,114000,0.241,4.14938,9.00901,9.8568e+06,8.88e+07,1000000000,0.111,111,0.8
34,2,9094904000000,115000,0.241896,4.13401,2.90698,9.46688e+07,2.752e+08,1000000000,0.344,344,0.8
34,2,9094905000000,116000,0.242509,4.12356,3.19489,7.83752e+07,2.504e+08,1000000000,0.313,313,0.8
34,2,9094906000000,117000,0.241385,4.14277,9.00901,9.8568e+06,8.88e+07,1000000000,0.111,111,0.8
34,2,9094907000000,118000,0.244093,4.0968,1.78253,2.51777e+08,4.488e+08,1000000000,0.561,561,0.8
34,2,9094908000000,119000,0.245941,4.06601,2.15517,1.72237e+08,3.712e+08,1000000000,0.464,464,0.8
34,2,9094909000000,120000,0.244992,4.08177,7.57576,1.39392e+07,1.056e+08,1000000000,0.132,132,0.8
34,2,9094910000000,121000,0.245273,4.07709,3.58423,6.22728e+07,2.232e+08,1000000000,0.279,279,0.8
34,2,9094911000000,122000,0.24623,4.06125,2.76243,1.04835e+08,2.896e+08,1000000000,0.362,362,0.8
34,2,9094912000000,123000,0.245431,4.07447,6.75676,1.75232e+07,1.184e+08,1000000000,0.148,148,0.8
34,2,9094913000000,124000,0.24746,4.04106,2.01207,1.97607e+08,3.976e+08,1000000000,0.497,497,0.8
34,2,9094914000000,125000,0.246528,4.05633,7.63359,1.37288e+07,1.048e+08,1000000000,0.131,131,0.8
34,2,9094915000000,126000,0.245476,4.07371,8.77193,1.03968e+07,9.12e+07,1000000000,0.114,114,0.8
34,2,9094916000000,127000,0.24863,4.02204,1.54799,3.33853e+08,5.168e+08,1000000000,0.646,646,0.8
34,2,9094917000000,128000,0.247844,4.0348,6.75676,1.75232e+07,1.184e+08,1000000000,0.148,148,0.8
34,2,9094918000000,129000,0.247566,4.03933,4.71698,3.59552e+07,1.696e+08,1000000000,0.212,212,0.8
34,2,9094919000000,130000,0.248862,4.0183,2.40385,1.38445e+08,3.328e+08,1000000000,0.416,416,0.8
34,2,9094920000000,131000,0.247832,4.03499,8.77193,1.03968e+07,9.12e+07,1000000000,0.114,114,0.8
34,2,9094921000000,132000,0.249462,4.00862,2.15983,1.71495e+08,3.704e+08,1000000000,0.463,463,0.8
34,2,9094922000000,133000,0.248962,4.01667,5.46448,2.67912e+07,1.464e+08,1000000000,0.183,183,0.8
34,2,9094923000000,134000,0.248209,4.02886,6.75676,1.75232e+07,1.184e+08,1000000000,0.148,148,0.8
34,2,9094924000000,135000,0.251022,3.98371,1.59236,3.15507e+08,5.024e+08,1000000000,0.628,628,0.8
34,2,9094925000000,136000,0.250015,3.99976,8.77193,1.03968e+07,9.12e+07,1000000000,0.114,114,0.8
34,2,9094926000000,137000,0.249496,4.00807,5.58659,2.56328e+07,1.432e+08,1000000000,0.179,179,0.8
34,2,9094927000000,138000,0.251101,3.98245,2.12314,1.77473e+08,3.768e+08,1000000000,0.471,471,0.8
34,2,9094928000000,139000,0.250331,3.99471,6.94444,1.65888e+07,1.152e+08,1000000000,0.144,144,0.8
34,2,9094929000000,140000,0.25135,3.97852,2.54453,1.23559e+08,3.144e+08,1000000000,0.393,393,0.8
34,2,9094930000000,141000,0.251234,3.98035,4.25532,4.418e+07,1.88e+08,1000000000,0.235,235,0.8
34,2,9094931000000,142000,0.250268,3.99572,8.77193,1.03968e+07,9.12e+07,1000000000,0.114,114,0.8
34,2,9094932000000,143000,0.252916,3.95388,1.58983,3.16513e+08,5.032e+08,1000000000,0.629,629,0.8
34,2,9094933000000,144000,0.252174,3.96552,6.84932,1.70528e+07,1.168e+08,1000000000,0.146,146,0.8
34,2,9094934000000,145000,0.251014,3.98384,11.9048,5.6448e+06,6.72e+07,1000000000,0.084,84,0.8
34,2,9094935000000,146000,0.253151,3.95022,1.7762,2.53575e+08,4.504e+08,1000000000,0.563,563,0.8
34,2,9094936000000,147000,0.252204,3.96504,8.77193,1.03968e+07,9.12e+07,1000000000,0.114,114,0.8
34,2,9094937000000,148000,0.252912,3.95394,2.80112,1.01959e+08,2.856e+08,1000000000,0.357,357,0.8
34,2,9094938000000,149000,0.253154,3.95016,3.46021,6.68168e+07,2.312e+08,1000000000,0.289,289,0.8
34,2,9094939000000,150000,0.252453,3.96113,6.75676,1.75232e+07,1.184e+08,1000000000,0.148,148,0.8
34,2,9094940000000,151000,0.25455,3.92851,1.75747,2.59009e+08,4.552e+08,1000000000,0.569,569,0.8
34,2,9094941000000,152000,0.253757,3.94078,7.46269,1.43648e+07,1.072e+08,1000000000,0.134,134,0.8
34,2,9094942000000,153000,0.252556,3.95952,14.2857,3.92e+06,5.6e+07,1000000000,0.07,70,0.8
34,2,9094943000000,154000,0.254909,3.92297,1.62602,3.0258e+08,4.92e+08,1000000000,0.615,615,0.8
34,2,9094944000000,155000,0.254219,3.93361,6.75676,1.75232e+07,1.184e+08,1000000000,0.148,148,0.8
34,2,9094945000000,156000,0.254404,3.93076,3.53357,6.40712e+07,2.264e+08,1000000000,0.283,283,0.8
34,2,9094946000000,157000,0.25493,3.92265,2.96736,9.08552e+07,2.696e+08,1000000000,0.337,337,0.8
34,2,9094947000000,158000,0.254253,3.93309,6.75676,1.75232e+07,1.184e+08,1000000000,0.148,148,0.8
34,2,9094948000000,159000,0.255943,3.90711,1.91205,2.18823e+08,4.184e+08,1000000000,0.523,523,0.8
34,2,9094949000000,160000,0.255063,3.92061,8.69565,1.058e+07,9.2e+07,1000000000,0.115,115,0.8
34,2,9094950000000,161000,0.254286,3.93258,7.69231,1.352e+07,1.04e+08,1000000000,0.13,130,0.8
34,2,9094951000000,162000,0.256543,3.89798,1.6129,3.0752e+08,4.96e+08,1000000000,0.62,620,0.8
34,2,9094952000000,163000,0.255877,3.90812,6.75676,1.75232e+07,1.184e+08,1000000000,0.148,148,0.8
34,2,9094953000000,164000,0.255884,3.90802,3.89105,5.28392e+07,2.056e+08,1000000000,0.257,257,0.8
34,2,9094954000000,165000,0.256582,3.89739,2.69542,1.10113e+08,2.968e+08,1000000000,0.371,371,0.8
34,2,9094955000000,166000,0.255723,3.91048,8.77193,1.03968e+07,9.12e+07,1000000000,0.114,114,0.8
34,2,9094956000000,167000,0.257251,3.88725,1.95695,2.08897e+08,4.088e+08,1000000000,0.511,511,0.8
34,2,9094957000000,168000,0.256524,3.89827,7.40741,1.458e+07,1.08e+08,1000000000,0.135,135,0.8
34,2,9094958000000,169000,0.255882,3.90806,6.75676,1.75232e+07,1.184e+08,1000000000,0.148,148,0.8
34,2,9094959000000,170000,0.258053,3.87517,1.6,3.125e+08,5e+08,1000000000,0.625,625,0.8
34,2,9094960000000,170050,0.258042,3.87534,4.54545,3.872e+07,1.76e+08,1000000000,0.22,11,0.8
34,2,9094961000000,170050,0.258042,3.87534,0,-nan,-nan,1000000000,-nan,0,0.8
35,0,9094801000000,4000,0.036,27.7778,27.7778,5.184e+06,1.44e+08,4000000000,0.036,36,1
35,1,9094802000000,6000,0.0346667,28.8462,31.25,1.8432e+06,5.76e+07,2000000000,0.032,32,0.9
35,1,9094803000000,8000,0.096,10.4167,3.57143,1.4112e+08,5.04e+08,2000000000,0.28,280,0.9
35,2,9094804000000,9000,0.102444,9.76139,6.49351,1.89728e+07,1.232e+08,1000000000,0.154,154,0.8
35,2,9094805000000,10000,0.1448,6.90608,1.90114,2.21341e+08,4.208e+08,1000000000,0.526,526,0.8
35,2,9094806000000,11000,0.141455,7.06941,9.25926,9.3312e+06,8.64e+07,1000000000,0.108,108,0.8
35,2,9094807000000,12000,0.139667,7.1599,8.33333,1.152e+07,9.6e+07,1000000000,0.12,120,0.8
35,2,9094808000000,13000,0.177231,5.64236,1.59236,3.15507e+08,5.024e+08,1000000000,0.628,628,0.8
35,2,9094809000000,14000,0.172714,5.78991,8.77193,1.03968e+07,9.12e+07,1000000000,0.114,114,0.8
35,2,9094810000000,15000,0.180133,5.55144,3.52113,6.45248e+07,2.272e+08,1000000000,0.284,284,0.8
35,2,9094811000000,16000,0.1915,5.22193,2.76243,1.04835e+08,2.896e+08,1000000000,0.362,362,0.8
35,2,9094812000000,17000,0.188941,5.29265,6.75676,1.75232e+07,1.184e+08,1000000000,0.148,148,0.8
35,2,9094813000000,18000,0.205944,4.85568,2.0202,1.9602e+08,3.96e+08,1000000000,0.495,495,0.8
35,2,9094814000000,19000,0.202105,4.94792,7.5188,1.41512e+07,1.064e+08,1000000000,0.133,133,0.8
35,2,9094815000000,20000,0.1977,5.05817,8.77193,1.03968e+07,9.12e+07,1000000000,0.114,114,0.8
35,2,9094816000000,21000,0.219048,4.56522,1.54799,3.33853e+08,5.168e+08,1000000000,0.646,646,0.8
35,2,9094817000000,22000,0.215818,4.63353,6.75676,1.75232e+07,1.184e+08,1000000000,0.148,148,0.8
35,2,9094818000000,23000,0.215565,4.63897,4.7619,3.528e+07,1.68e+08,1000000000,0.21,210,0.8
35,2,9094819000000,24000,0.224,4.46429,2.39234,1.39779e+08,3.344e+08,1000000000,0.418,418,0.8
35,2,9094820000000,25000,0.2196,4.55373,8.77193,1.03968e+07,9.12e+07,1000000000,0.114,114,0.8
35,2,9094821000000,26000,0.228923,4.36828,2.1645,1.70755e+08,3.696e+08,1000000000,0.462,462,0.8
35,2,9094822000000,27000,0.227259,4.40026,5.43478,2.70848e+07,1.472e+08,1000000000,0.184,184,0.8
35,2,9094823000000,28000,0.224429,4.45576,6.75676,1.75232e+07,1.184e+08,1000000000,0.148,148,0.8
35,2,9094824000000,29000,0.238345,4.1956,1.59236,3.15507e+08,5.024e+08,1000000000,0.628,628,0.8
35,2,9094825000000,30000,0.2342,4.26985,8.77193,1.03968e+07,9.12e+07,1000000000,0.114,114,0.8
35,2,9094826000000,31000,0.232387,4.30316,5.61798,2.53472e+07,1.424e+08,1000000000,0.178,178,0.8
35,2,9094827000000,32000,0.23975,4.17101,2.13675,1.75219e+08,3.744e+08,1000000000,0.468,468,0.8
35,2,9094828000000,33000,0.23697,4.21995,6.75676,1.75232e+07,1.184e+08,1000000000,0.148,148,0.8
35,2,9094829000000,34000,0.2415,4.14079,2.55754,1.22305e+08,3.128e+08,1000000000,0.391,391,0.8
35,2,9094830000000,35000,0.241371,4.14299,4.21941,4.49352e+07,1.896e+08,1000000000,0.237,237,0.8
35,2,9094831000000,36000,0.237833,4.20463,8.77193,1.03968e+07,9.12e+07,1000000000,0.114,114,0.8
35,2,9094832000000,37000,0.248378,4.02612,1.59236,3.15507e+08,5.024e+08,1000000000,0.628,628,0.8
35,2,9094833000000,38000,0.245632,4.07114,6.94444,1.65888e+07,1.152e+08,1000000000,0.144,144,0.8
35,2,9094834000000,39000,0.241513,4.14057,11.7647,5.78e+06,6.8e+07,1000000000,0.085,85,0.8
35,2,9094835000000,40000,0.2496,4.00641,1.76991,2.5538e+08,4.52e+08,1000000000,0.565,565,0.8
35,2,9094836000000,41000,0.246293,4.06021,8.77193,1.03968e+07,9.12e+07,1000000000,0.114,114,0.8
35,2,9094837000000,42000,0.248905,4.0176,2.80899,1.01389e+08,2.848e+08,1000000000,0.356,356,0.8
35,2,9094838000000,43000,0.24986,4.00223,3.44828,6.728e+07,2.32e+08,1000000000,0.29,290,0.8
35,2,9094839000000,44000,0.247545,4.03966,6.75676,1.75232e+07,1.184e+08,1000000000,0.148,148,0.8
35,2,9094840000000,45000,0.254667,3.9267,1.76056,2.58099e+08,4.544e+08,1000000000,0.568,568,0.8
35,2,9094841000000,46000,0.252,3.96825,7.57576,1.39392e+07,1.056e+08,1000000000,0.132,132,0.8
35,2,9094842000000,47000,0.248106,4.03053,14.4928,3.8088e+06,5.52e+07,1000000000,0.069,69,0.8
35,2,9094843000000,48000,0.255833,3.90879,1.61551,3.06529e+08,4.952e+08,1000000000,0.619,619,0.8
35,2,9094844000000,49000,0.253633,3.94271,6.75676,1.75232e+07,1.184e+08,1000000000,0.148,148,0.8
35,2,9094845000000,50000,0.25418,3.93422,3.55872,6.31688e+07,2.248e+08,1000000000,0.281,281,0.8
35,2,9094846000000,51000,0.256,3.90625,2.88184,9.63272e+07,2.776e+08,1000000000,0.347,347,0.8
35,2,9094847000000,52000,0.253269,3.94837,8.77193,1.03968e+07,9.12e+07,1000000000,0.114,114,0.8
35,2,9094848000000,53000,0.25866,3.86607,1.85529,2.32417e+08,4.312e+08,1000000000,0.539,539,0.8
35,2,9094849000000,54000,0.255852,3.90851,9.34579,9.1592e+06,8.56e+07,1000000000,0.107,107,0.8
35,2,9094850000000,55000,0.2528,3.9557,11.3636,6.1952e+06,7.04e+07,1000000000,0.088,88,0.8
35,2,9094851000000,56000,0.250429,3.99315,8.33333,1.152e+07,9.6e+07,1000000000,0.12,120,0.8
35,2,9094852000000,57000,0.246246,4.06099,83.3333,115200,9.6e+06,1000000000,0.012,12,0.8
35,2,9094853000000,58000,0.244069,4.0972,8.33333,1.152e+07,9.6e+07,1000000000,0.12,120,0.8
35,1,9094854000000,60000,0.236133,4.2349,166.667,64800,1.08e+07,2000000000,0.006,6,0.9
35,0,9094855000000,64000,0.22325,4.47928,33.3333,3.6e+06,1.2e+08,4000000000,0.03,30,1
35,1,9094856000000,66000,0.216667,4.61538,166.667,64800,1.08e+07,2000000000,0.006,6,0.9
35,1,9094857000000,68000,0.212735,4.70068,12.0482,1.24002e+07,1.494e+08,2000000000,0.083,83,0.9
35,2,9094858000000,69000,0.212754,4.70027,4.6729,3.66368e+07,1.712e+08,1000000000,0.214,214,0.8
35,2,9094859000000,70000,0.215357,4.64345,2.53165,1.2482e+08,3.16e+08,1000000000,0.395,395,0.8
35,2,9094860000000,71000,0.214,4.6729,8.40336,1.13288e+07,9.52e+07,1000000000,0.119,119,0.8
35,2,9094861000000,72000,0.217847,4.59037,2.03666,1.92865e+08,3.928e+08,1000000000,0.491,491,0.8
35,2,9094862000000,73000,0.217027,4.60771,6.32911,1.99712e+07,1.264e+08,1000000000,0.158,158,0.8
35,2,9094863000000,74000,0.215595,4.63834,9.00901,9.8568e+06,8.88e+07,1000000000,0.111,111,0.8
35,2,9094864000000,75000,0.22148,4.51508,1.52207,3.45319e+08,5.256e+08,1000000000,0.657,657,0.8
35,2,9094865000000,76000,0.220026,4.54491,9.00901,9.8568e+06,8.88e+07,1000000000,0.111,111,0.8
35,2,9094866000000,77000,0.219688,4.5519,5.15464,3.01088e+07,1.552e+08,1000000000,0.194,194,0.8
35,2,9094867000000,78000,0.222808,4.48818,2.15983,1.71495e+08,3.704e+08,1000000000,0.463,463,0.8
35,2,9094868000000,79000,0.221392,4.51687,9.00901,9.8568e+06,8.88e+07,1000000000,0.111,111,0.8
35,2,9094869000000,80000,0.223812,4.46803,2.40964,1.3778e+08,3.32e+08,1000000000,0.415,415,0.8
35,2,9094870000000,81000,0.224037,4.46355,4.13223,4.68512e+07,1.936e+08,1000000000,0.242,242,0.8
35,2,9094871000000,82000,0.222659,4.49118,9.00901,9.8568e+06,8.88e+07,1000000000,0.111,111,0.8
35,2,9094872000000,83000,0.227566,4.39432,1.5873,3.1752e+08,5.04e+08,1000000000,0.63,630,0.8
35,2,9094873000000,84000,0.226381,4.41733,7.8125,1.31072e+07,1.024e+08,1000000000,0.128,128,0.8
35,2,9094874000000,85000,0.224824,4.44793,10.6383,7.0688e+06,7.52e+07,1000000000,0.094,94,0.8
35,2,9094875000000,86000,0.228872,4.36925,1.7452,2.62663e+08,4.584e+08,1000000000,0.573,573,0.8
35,2,9094876000000,87000,0.227517,4.39527,9.00901,9.8568e+06,8.88e+07,1000000000,0.111,111,0.8
35,2,9094877000000,88000,0.228659,4.37332,3.04878,8.60672e+07,2.624e+08,1000000000,0.328,328,0.8
35,2,9094878000000,89000,0.229787,4.35187,3.03951,8.65928e+07,2.632e+08,1000000000,0.329,329,0.8
35,2,9094879000000,90000,0.228467,4.37701,9.00901,9.8568e+06,8.88e+07,1000000000,0.111,111,0.8
35,2,9094880000000,91000,0.231978,4.31075,1.82482,2.40243e+08,4.384e+08,1000000000,0.548,548,0.8
35,2,9094881000000,92000,0.230707,4.33451,8.69565,1.058e+07,9.2e+07,1000000000,0.115,115,0.8
35,2,9094882000000,93000,0.229355,4.36006,9.52381,8.82e+06,8.4e+07,1000000000,0.105,105,0.8
35,2,9094883000000,94000,0.233904,4.27525,1.52207,3.45319e+08,5.256e+08,1000000000,0.657,657,0.8
35,2,9094884000000,95000,0.232611,4.29903,9.00901,9.8568e+06,8.88e+07,1000000000,0.111,111,0.8
35,2,9094885000000,96000,0.232719,4.29703,4.11523,4.72392e+07,1.944e+08,1000000000,0.243,243,0.8
35,2,9094886000000,97000,0.234588,4.2628,2.41546,1.37117e+08,3.312e+08,1000000000,0.414,414,0.8
35,2,9094887000000,98000,0.233327,4.28584,9.00901,9.8568e+06,8.88e+07,1000000000,0.111,111,0.8
35,2,9094888000000,99000,0.235636,4.24383,2.1645,1.70755e+08,3.696e+08,1000000000,0.462,462,0.8
35,2,9094889000000,100000,0.23523,4.25116,5.12821,3.042e+07,1.56e+08,1000000000,0.195,195,0.8
35,2,9094890000000,101000,0.234,4.2735,9.00901,9.8568e+06,8.88e+07,1000000000,0.111,111,0.8
35,2,9094891000000,102000,0.238108,4.19978,1.53139,3.41127e+08,5.224e+08,1000000000,0.653,653,0.8
35,2,9094892000000,103000,0.236913,4.22097,8.69565,1.058e+07,9.2e+07,1000000000,0.115,115,0.8
35,2,9094893000000,104000,0.236106,4.23539,6.53595,1.87272e+07,1.224e+08,1000000000,0.153,153,0.8
35,2,9094894000000,105000,0.238657,4.19011,1.98413,2.03213e+08,4.032e+08,1000000000,0.504,504,0.8
35,2,9094895000000,106000,0.237453,4.21136,9.00901,9.8568e+06,8.88e+07,1000000000,0.111,111,0.8
35,2,9094896000000,107000,0.238766,4.18819,2.6455,1.14307e+08,3.024e+08,1000000000,0.378,378,0.8
35,2,9094897000000,108000,0.239139,4.18167,3.58423,6.22728e+07,2.232e+08,1000000000,0.279,279,0.8
35,2,9094898000000,109000,0.237963,4.20233,9.00901,9.8568e+06,8.88e+07,1000000000,0.111,111,0.8
35,2,9094899000000,110000,0.241218,4.14562,1.67785,2.84173e+08,4.768e+08,1000000000,0.596,596,0.8
35,2,9094900000000,111000,0.240198,4.16323,7.8125,1.31072e+07,1.024e+08,1000000000,0.128,128,0.8
35,2,9094901000000,112000,0.238661,4.19005,14.7059,3.6992e+06,5.44e+07,1000000000,0.068,68,0.8
35,2,9094902000000,113000,0.24215,4.12966,1.57978,3.20551e+08,5.064e+08,1000000000,0.633,633,0.8
35,2,9094903000000,114000,0.241,4.14938,9.00901,9.8568e+06,8.88e+07,1000000000,0.111,111,0.8
35,2,9094904000000,115000,0.241417,4.1422,3.46021,6.68168e+07,2.312e+08,1000000000,0.289,289,0.8
35,2,9094905000000,116000,0.242509,4.12356,2.71739,1.08339e+08,2.944e+08,1000000000,0.368,368,0.8
35,2,9094906000000,117000,0.241385,4.14277,9.00901,9.8568e+06,8.88e+07,1000000000,0.111,111,0.8
35,2,9094907000000,118000,0.243678,4.10378,1.95312,2.09715e+08,4.096e+08,1000000000,0.512,512,0.8
35,2,9094908000000,119000,0.245731,4.06949,2.04918,1.90515e+08,3.904e+08,1000000000,0.488,488,0.8
35,2,9094909000000,120000,0.244992,4.08177,6.36943,1.97192e+07,1.256e+08,1000000000,0.157,157,0.8
35,2,9094910000000,121000,0.244851,4.08411,4.38596,4.15872e+07,1.824e+08,1000000000,0.228,228,0.8
35,2,9094911000000,122000,0.24623,4.06125,2.42131,1.36455e+08,3.304e+08,1000000000,0.413,413,0.8
35,2,9094912000000,123000,0.244642,4.0876,19.6078,2.0808e+06,4.08e+07,1000000000,0.051,51,0.8
35,2,9094913000000,124000,0.242669,4.12083,0,0,0,1000000000,0,0,0.8
35,2,9094914000000,125000,0.241632,4.13852,8.84956,1.02152e+07,9.04e+07,1000000000,0.113,113,0.8
35,2,9094915000000,126000,0.244349,4.0925,1.71233,2.72845e+08,4.672e+08,1000000000,0.584,584,0.8
35,2,9094916000000,127000,0.242913,4.11669,16.129,3.0752e+06,4.96e+07,1000000000,0.062,62,0.8
35,2,9094917000000,128000,0.241969,4.13277,8.19672,1.19072e+07,9.76e+07,1000000000,0.122,122,0.8
35,2,9094918000000,129000,0.241628,4.13859,5.05051,3.13632e+07,1.584e+08,1000000000,0.198,198,0.8
35,2,9094919000000,130000,0.242923,4.11653,2.43902,1.3448e+08,3.28e+08,1000000000,0.41,410,0.8
35,2,9094920000000,131000,0.241969,4.13275,8.47458,1.11392e+07,9.44e+07,1000000000,0.118,118,0.8
35,2,9094921000000,132000,0.24303,4.11471,2.6178,1.16739e+08,3.056e+08,1000000000,0.382,382,0.8
35,2,9094922000000,133000,0.243218,4.11154,3.73134,5.74592e+07,2.144e+08,1000000000,0.268,268,0.8
35,2,9094923000000,134000,0.242478,4.12409,6.94444,1.65888e+07,1.152e+08,1000000000,0.144,144,0.8
35,2,9094924000000,135000,0.245074,4.0804,1.68634,2.81319e+08,4.744e+08,1000000000,0.593,593,0.8
35,2,9094925000000,136000,0.244265,4.09392,7.40741,1.458e+07,1.08e+08,1000000000,0.135,135,0.8
35,2,9094926000000,137000,0.243109,4.11337,11.6279,5.9168e+06,6.88e+07,1000000000,0.086,86,0.8
35,2,9094927000000,138000,0.245507,4.0732,1.74216,2.63581e+08,4.592e+08,1000000000,0.574,574,0.8
35,2,9094928000000,139000,0.244806,4.08487,6.75676,1.75232e+07,1.184e+08,1000000000,0.148,148,0.8
35,2,9094929000000,140000,0.245279,4.077,3.21543,7.73768e+07,2.488e+08,1000000000,0.311,311,0.8
35,2,9094930000000,141000,0.245787,4.06856,3.15457,8.03912e+07,2.536e+08,1000000000,0.317,317,0.8
35,2,9094931000000,142000,0.244859,4.08398,8.77193,1.03968e+07,9.12e+07,1000000000,0.114,114,0.8
35,2,9094932000000,143000,0.247091,4.04709,1.77305,2.54477e+08,4.512e+08,1000000000,0.564,564,0.8
35,2,9094933000000,144000,0.246076,4.06378,9.90099,8.1608e+06,8.08e+07,1000000000,0.101,101,0.8
35,2,9094934000000,145000,0.245269,4.07716,7.75194,1.33128e+07,1.032e+08,1000000000,0.129,129,0.8
35,2,9094935000000,146000,0.24789,4.03404,1.59236,3.15507e+08,5.024e+08,1000000000,0.628,628,0.8
35,2,9094936000000,147000,0.24698,4.04892,8.77193,1.03968e+07,9.12e+07,1000000000,0.114,114,0.8
35,2,9094937000000,148000,0.247196,4.04537,3.58423,6.22728e+07,2.232e+08,1000000000,0.279,279,0.8
35,2,9094938000000,149000,0.248,4.03226,2.7248,1.07751e+08,2.936e+08,1000000000,0.367,367,0.8
35,2,9094939000000,150000,0.247333,4.04313,6.75676,1.75232e+07,1.184e+08,1000000000,0.148,148,0.8
35,2,9094940000000,151000,0.248947,4.01692,2.03666,1.92865e+08,3.928e+08,1000000000,0.491,491,0.8
35,2,9094941000000,152000,0.248211,4.02884,7.29927,1.50152e+07,1.096e+08,1000000000,0.137,137,0.8
35,2,9094942000000,153000,0.247333,4.04313,8.77193,1.03968e+07,9.12e+07,1000000000,0.114,114,0.8
35,2,9094943000000,154000,0.249922,4.00125,1.54799,3.33853e+08,5.168e+08,1000000000,0.646,646,0.8
35,2,9094944000000,155000,0.249265,4.0118,6.75676,1.75232e+07,1.184e+08,1000000000,0.148,148,0.8
35,2,9094945000000,156000,0.248949,4.01689,5,3.2e+07,1.6e+08,1000000000,0.2,200,0.8
35,2,9094946000000,157000,0.250089,3.99857,2.33645,1.46547e+08,3.424e+08,1000000000,0.428,428,0.8
35,2,9094947000000,158000,0.249228,4.01239,8.77193,1.03968e+07,9.12e+07,1000000000,0.114,114,0.8
35,2,9094948000000,159000,0.250472,3.99247,2.23714,1.59847e+08,3.576e+08,1000000000,0.447,447,0.8
35,2,9094949000000,160000,0.250175,3.9972,4.92611,3.29672e+07,1.624e+08,1000000000,0.203,203,0.8
35,2,9094950000000,161000,0.249615,4.00617,6.25,2.048e+07,1.28e+08,1000000000,0.16,160,0.8
35,2,9094951000000,162000,0.251802,3.97137,1.65563,2.91853e+08,4.832e+08,1000000000,0.604,604,0.8
35,2,9094952000000,163000,0.251147,3.98173,6.89655,1.682e+07,1.16e+08,1000000000,0.145,145,0.8
35,2,9094953000000,164000,0.250451,3.99279,7.29927,1.50152e+07,1.096e+08,1000000000,0.137,137,0.8
35,2,9094954000000,165000,0.251927,3.9694,2.02429,1.95229e+08,3.952e+08,1000000000,0.494,494,0.8
35,2,9094955000000,166000,0.251096,3.98253,8.77193,1.03968e+07,9.12e+07,1000000000,0.114,114,0.8
35,2,9094956000000,167000,0.252018,3.96797,2.46914,1.3122e+08,3.24e+08,1000000000,0.405,405,0.8
35,2,9094957000000,168000,0.251952,3.969,4.14938,4.64648e+07,1.928e+08,1000000000,0.241,241,0.8
35,2,9094958000000,169000,0.251337,3.97872,6.75676,1.75232e+07,1.184e+08,1000000000,0.148,148,0.8
35,2,9094959000000,170000,0.253424,3.94596,1.65017,2.93789e+08,4.848e+08,1000000000,0.606,606,0.8
35,2,9094960000000,171000,0.252708,3.95714,7.63359,1.37288e+07,1.048e+08,1000000000,0.131,131,0.8
35,2,9094961000000,172000,0.25186,3.97045,9.34579,9.1592e+06,8.56e+07,1000000000,0.107,107,0.8
36,0,9094801000000,4000,0.036,27.7778,27.7778,5.184e+06,1.44e+08,4000000000,0.036,36,1
36,1,9094802000000,6000,0.0496667,20.1342,12.987,1.06722e+07,1.386e+08,2000000000,0.077,77,0.9
36,1,9094803000000,8000,0.096,10.4167,4.25532,9.9405e+07,4.23e+08,2000000000,0.235,235,0.9
36,2,9094804000000,9000,0.102444,9.76139,6.49351,1.89728e+07,1.232e+08,1000000000,0.154,154,0.8
36,2,9094805000000,10000,0.1495,6.68896,1.7452,2.62663e+08,4.584e+08,1000000000,0.573,573,0.8
36,2,9094806000000,11000,0.147364,6.78593,7.93651,1.27008e+07,1.008e+08,1000000000,0.126,126,0.8
36,2,9094807000000,12000,0.143167,6.98487,10.3093,7.5272e+06,7.76e+07,1000000000,0.097,97,0.8
36,2,9094808000000,13000,0.177231,5.64236,1.70648,2.74717e+08,4.688e+08,1000000000,0.586,586,0.8
36,2,9094809000000,14000,0.172714,5.78991,8.77193,1.03968e+07,9.12e+07,1000000000,0.114,114,0.8
36,2,9094810000000,15000,0.183533,5.4486,2.98507,8.978e+07,2.68e+08,1000000000,0.335,335,0.8
36,2,9094811000000,16000,0.1915,5.22193,3.21543,7.73768e+07,2.488e+08,1000000000,0.311,311,0.8
36,2,9094812000000,17000,0.188941,5.29265,6.75676,1.75232e+07,1.184e+08,1000000000,0.148,148,0.8
36,2,9094813000000,18000,0.208833,4.78851,1.82815,2.39367e+08,4.376e+08,1000000000,0.547,547,0.8
36,2,9094814000000,19000,0.203842,4.90576,8.77193,1.03968e+07,9.12e+07,1000000000,0.114,114,0.8
36,2,9094815000000,20000,0.1978,5.05561,12.0482,5.5112e+06,6.64e+07,1000000000,0.083,83,0.8
36,2,9094816000000,21000,0.219048,4.56522,1.5528,3.31789e+08,5.152e+08,1000000000,0.644,644,0.8
36,2,9094817000000,22000,0.215818,4.63353,6.75676,1.75232e+07,1.184e+08,1000000000,0.148,148,0.8
36,2,9094818000000,23000,0.217739,4.59265,3.84615,5.408e+07,2.08e+08,1000000000,0.26,260,0.8
36,2,9094819000000,24000,0.224,4.46429,2.71739,1.08339e+08,2.944e+08,1000000000,0.368,368,0.8
36,2,9094820000000,25000,0.2196,4.55373,8.77193,1.03968e+07,9.12e+07,1000000000,0.114,114,0.8
36,2,9094821000000,26000,0.230962,4.32973,1.94175,2.1218e+08,4.12e+08,1000000000,0.515,515,0.8
36,2,9094822000000,27000,0.227259,4.40026,7.63359,1.37288e+07,1.048e+08,1000000000,0.131,131,0.8
36,2,9094823000000,28000,0.224429,4.45576,6.75676,1.75232e+07,1.184e+08,1000000000,0.148,148,0.8
36,2,9094824000000,29000,0.238345,4.1956,1.59236,3.15507e+08,5.024e+08,1000000000,0.628,628,0.8
36,2,9094825000000,30000,0.2342,4.26985,8.77193,1.03968e+07,9.12e+07,1000000000,0.114,114,0.8
36,2,9094826000000,31000,0.234065,4.27233,4.34783,4.232e+07,1.84e+08,1000000000,0.23,230,0.8
36,2,9094827000000,32000,0.23975,4.17101,2.40385,1.38445e+08,3.328e+08,1000000000,0.416,416,0.8
36,2,9094828000000,33000,0.23697,4.21995,6.75676,1.75232e+07,1.184e+08,1000000000,0.148,148,0.8
36,2,9094829000000,34000,0.243,4.11523,2.26244,1.56291e+08,3.536e+08,1000000000,0.442,442,0.8
36,2,9094830000000,35000,0.241371,4.14299,5.37634,2.76768e+07,1.488e+08,1000000000,0.186,186,0.8
36,2,9094831000000,36000,0.237833,4.20463,8.77193,1.03968e+07,9.12e+07,1000000000,0.114,114,0.8
36,2,9094832000000,37000,0.248865,4.01825,1.54799,3.33853e+08,5.168e+08,1000000000,0.646,646,0.8
36,2,9094833000000,38000,0.246132,4.06287,6.89655,1.682e+07,1.16e+08,1000000000,0.145,145,0.8
36,2,9094834000000,39000,0.243385,4.10872,7.19424,1.54568e+07,1.112e+08,1000000000,0.139,139,0.8
36,2,9094835000000,40000,0.2496,4.00641,2.03252,1.93651e+08,3.936e+08,1000000000,0.492,492,0.8
36,2,9094836000000,41000,0.246293,4.06021,8.77193,1.03968e+07,9.12e+07,1000000000,0.114,114,0.8
36,2,9094837000000,42000,0.250143,3.99772,2.45098,1.33171e+08,3.264e+08,1000000000,0.408,408,0.8
36,2,9094838000000,43000,0.24986,4.00223,4.20168,4.53152e+07,1.904e+08,1000000000,0.238,238,0.8
36,2,9094839000000,44000,0.247545,4.03966,6.75676,1.75232e+07,1.184e+08,1000000000,0.148,148,0.8
36,2,9094840000000,45000,0.255511,3.91372,1.65017,2.93789e+08,4.848e+08,1000000000,0.606,606,0.8
36,2,9094841000000,46000,0.252804,3.95563,7.63359,1.37288e+07,1.048e+08,1000000000,0.131,131,0.8
36,2,9094842000000,47000,0.249809,4.00307,8.92857,1.00352e+07,8.96e+07,1000000000,0.112,112,0.8
36,2,9094843000000,48000,0.255833,3.90879,1.85529,2.32417e+08,4.312e+08,1000000000,0.539,539,0.8
36,2,9094844000000,49000,0.253633,3.94271,6.75676,1.75232e+07,1.184e+08,1000000000,0.148,148,0.8
36,2,9094845000000,50000,0.25526,3.91757,2.98507,8.978e+07,2.68e+08,1000000000,0.335,335,0.8
36,2,9094846000000,51000,0.256,3.90625,3.41297,6.86792e+07,2.344e+08,1000000000,0.293,293,0.8
36,2,9094847000000,52000,0.253269,3.94837,8.77193,1.03968e+07,9.12e+07,1000000000,0.114,114,0.8
36,2,9094848000000,53000,0.259566,3.85258,1.70358,2.75655e+08,4.696e+08,1000000000,0.587,587,0.8
36,2,9094849000000,54000,0.255852,3.90851,16.9492,2.7848e+06,4.72e+07,1000000000,0.059,59,0.8
36,2,9094850000000,55000,0.2528,3.9557,11.3636,6.1952e+06,7.04e+07,1000000000,0.088,88,0.8
36,2,9094851000000,56000,0.250429,3.99315,8.33333,1.152e+07,9.6e+07,1000000000,0.12,120,0.8
36,2,9094852000000,57000,0.246246,4.06099,83.3333,115200,9.6e+06,1000000000,0.012,12,0.8
36,2,9094853000000,58000,0.244069,4.0972,8.33333,1.152e+07,9.6e+07,1000000000,0.12,120,0.8
36,1,9094854000000,60000,0.236133,4.2349,166.667,64800,1.08e+07,2000000000,0.006,6,0.9
36,0,9094855000000,64000,0.22325,4.47928,33.3333,3.6e+06,1.2e+08,4000000000,0.03,30,1
36,1,9094856000000,66000,0.216485,4.61926,0,0,0,2000000000,0,0,0.9
36,1,9094857000000,68000,0.212735,4.70068,11.236,1.42578e+07,1.602e+08,2000000000,0.089,89,0.9
36,2,9094858000000,69000,0.209652,4.76981,0,0,0,1000000000,0,0,0.8
36,2,9094859000000,70000,0.213486,4.68415,2.09205,1.82787e+08,3.824e+08,1000000000,0.478,478,0.8
36,2,9094860000000,71000,0.212324,4.70978,7.63359,1.37288e+07,1.048e+08,1000000000,0.131,131,0.8
36,2,9094861000000,72000,0.211028,4.73871,8.40336,1.13288e+07,9.52e+07,1000000000,0.119,119,0.8
36,2,9094862000000,73000,0.217027,4.60771,1.54083,3.36961e+08,5.192e+08,1000000000,0.649,649,0.8
36,2,9094863000000,74000,0.215595,4.63834,9.00901,9.8568e+06,8.88e+07,1000000000,0.111,111,0.8
36,2,9094864000000,75000,0.21584,4.63306,4.2735,4.38048e+07,1.872e+08,1000000000,0.234,234,0.8
36,2,9094865000000,76000,0.218566,4.57528,2.36407,1.43143e+08,3.384e+08,1000000000,0.423,423,0.8
36,2,9094866000000,77000,0.217169,4.60471,9.00901,9.8568e+06,8.88e+07,1000000000,0.111,111,0.8
36,2,9094867000000,78000,0.220167,4.54201,2.21729,1.62721e+08,3.608e+08,1000000000,0.451,451,0.8
36,2,9094868000000,79000,0.219987,4.54572,4.85437,3.39488e+07,1.648e+08,1000000000,0.206,206,0.8
36,2,9094869000000,80000,0.218625,4.57404,9.00901,9.8568e+06,8.88e+07,1000000000,0.111,111,0.8
36,2,9094870000000,81000,0.223938,4.46552,1.54083,3.36961e+08,5.192e+08,1000000000,0.649,649,0.8
36,2,9094871000000,82000,0.222659,4.49118,8.40336,1.13288e+07,9.52e+07,1000000000,0.119,119,0.8
36,2,9094872000000,83000,0.221651,4.51161,7.19424,1.54568e+07,1.112e+08,1000000000,0.139,139,0.8
36,2,9094873000000,84000,0.225179,4.44092,1.9305,2.14659e+08,4.144e+08,1000000000,0.518,518,0.8
36,2,9094874000000,85000,0.223835,4.46757,9.00901,9.8568e+06,8.88e+07,1000000000,0.111,111,0.8
36,2,9094875000000,86000,0.225488,4.43482,2.73224,1.07165e+08,2.928e+08,1000000000,0.366,366,0.8
36,2,9094876000000,87000,0.226241,4.42006,3.43643,6.77448e+07,2.328e+08,1000000000,0.291,291,0.8
36,2,9094877000000,88000,0.224932,4.44579,9.00901,9.8568e+06,8.88e+07,1000000000,0.111,111,0.8
36,2,9094878000000,89000,0.228989,4.36703,1.70648,2.74717e+08,4.688e+08,1000000000,0.586,586,0.8
36,2,9094879000000,90000,0.227756,4.39067,8.47458,1.11392e+07,9.44e+07,1000000000,0.118,118,0.8
36,2,9094880000000,91000,0.226088,4.42306,13.1579,4.6208e+06,6.08e+07,1000000000,0.076,76,0.8
36,2,9094881000000,92000,0.230641,4.33574,1.55039,3.3282e+08,5.16e+08,1000000000,0.645,645,0.8
36,2,9094882000000,93000,0.229355,4.36006,9.00901,9.8568e+06,8.88e+07,1000000000,0.111,111,0.8
36,2,9094883000000,94000,0.229904,4.34964,3.55872,6.31688e+07,2.248e+08,1000000000,0.281,281,0.8
36,2,9094884000000,95000,0.231442,4.32073,2.65957,1.13101e+08,3.008e+08,1000000000,0.376,376,0.8
36,2,9094885000000,96000,0.230187,4.34428,9.00901,9.8568e+06,8.88e+07,1000000000,0.111,111,0.8
36,2,9094886000000,97000,0.232969,4.29242,2,2e+08,4e+08,1000000000,0.5,500,0.8
36,2,9094887000000,98000,0.232194,4.30675,6.36943,1.97192e+07,1.256e+08,1000000000,0.157,157,0.8
36,2,9094888000000,99000,0.23097,4.32957,9.00901,9.8568e+06,8.88e+07,1000000000,0.111,111,0.8
36,2,9094889000000,100000,0.23523,4.25116,1.52207,3.45319e+08,5.256e+08,1000000000,0.657,657,0.8
36,2,9094890000000,101000,0.234,4.2735,9.00901,9.8568e+06,8.88e+07,1000000000,0.111,111,0.8
36,2,9094891000000,102000,0.233618,4.2805,5.12821,3.042e+07,1.56e+08,1000000000,0.195,195,0.8
36,2,9094892000000,103000,0.235835,4.24025,2.1645,1.70755e+08,3.696e+08,1000000000,0.462,462,0.8
36,2,9094893000000,104000,0.234635,4.26195,9.00901,9.8568e+06,8.88e+07,1000000000,0.111,111,0.8
36,2,9094894000000,105000,0.236352,4.23097,2.40964,1.3778e+08,3.32e+08,1000000000,0.415,415,0.8
36,2,9094895000000,106000,0.236406,4.23002,4.13223,4.68512e+07,1.936e+08,1000000000,0.242,242,0.8
36,2,9094896000000,107000,0.235234,4.25109,9.00901,9.8568e+06,8.88e+07,1000000000,0.111,111,0.8
36,2,9094897000000,108000,0.238898,4.18588,1.58479,3.18529e+08,5.048e+08,1000000000,0.631,631,0.8
36,2,9094898000000,109000,0.237872,4.20395,7.87402,1.29032e+07,1.016e+08,1000000000,0.127,127,0.8
36,2,9094899000000,110000,0.236582,4.22687,10.4167,7.3728e+06,7.68e+07,1000000000,0.096,96,0.8
36,2,9094900000000,111000,0.239595,4.17372,1.75131,2.60833e+08,4.568e+08,1000000000,0.571,571,0.8
36,2,9094901000000,112000,0.238446,4.19381,9.00901,9.8568e+06,8.88e+07,1000000000,0.111,111,0.8
36,2,9094902000000,113000,0.239239,4.17992,3.04878,8.60672e+07,2.624e+08,1000000000,0.328,328,0.8
36,2,9094903000000,114000,0.240026,4.16621,3.03951,8.65928e+07,2.632e+08,1000000000,0.329,329,0.8
36,2,9094904000000,115000,0.238904,4.18578,9.00901,9.8568e+06,8.88e+07,1000000000,0.111,111,0.8
36,2,9094905000000,116000,0.241569,4.1396,1.82482,2.40243e+08,4.384e+08,1000000000,0.548,548,0.8
36,2,9094906000000,117000,0.240504,4.15793,8.54701,1.09512e+07,9.36e+07,1000000000,0.117,117,0.8
36,2,9094907000000,118000,0.239339,4.17817,9.70874,8.4872e+06,8.24e+07,1000000000,0.103,103,0.8
36,2,9094908000000,119000,0.243235,4.11125,1.42248,3.95367e+08,5.624e+08,1000000000,0.703,703,0.8
36,2,9094909000000,120000,0.2436,4.10509,3.48432,6.58952e+07,2.296e+08,1000000000,0.287,287,0.8
36,2,9094910000000,121000,0.242273,4.12758,12.0482,5.5112e+06,6.64e+07,1000000000,0.083,83,0.8
36,2,9094911000000,122000,0.244057,4.0974,2.17391,1.6928e+08,3.68e+08,1000000000,0.46,460,0.8
36,2,9094912000000,123000,0.242854,4.11771,10.4167,7.3728e+06,7.68e+07,1000000000,0.096,96,0.8
36,2,9094913000000,124000,0.241774,4.13609,9.17431,9.5048e+06,8.72e+07,1000000000,0.109,109,0.8
36,2,9094914000000,125000,0.242848,4.1178,2.65957,1.13101e+08,3.008e+08,1000000000,0.376,376,0.8
36,2,9094915000000,126000,0.241873,4.1344,8.33333,1.152e+07,9.6e+07,1000000000,0.12,120,0.8
36,2,9094916000000,127000,0.243504,4.10671,2.22717,1.61281e+08,3.592e+08,1000000000,0.449,449,0.8
36,2,9094917000000,128000,0.242523,4.12331,8.47458,1.11392e+07,9.44e+07,1000000000,0.118,118,0.8
36,2,9094918000000,129000,0.241209,4.14578,13.6986,4.2632e+06,5.84e+07,1000000000,0.073,73,0.8
36,2,9094919000000,130000,0.242369,4.12594,2.55102,1.22931e+08,3.136e+08,1000000000,0.392,392,0.8
36,2,9094920000000,131000,0.241435,4.1419,8.33333,1.152e+07,9.6e+07,1000000000,0.12,120,0.8
36,2,9094921000000,132000,0.243,4.11523,2.23214,1.60563e+08,3.584e+08,1000000000,0.448,448,0.8
36,2,9094922000000,133000,0.242068,4.13108,8.40336,1.13288e+07,9.52e+07,1000000000,0.119,119,0.8
36,2,9094923000000,134000,0.240776,4.15324,14.4928,3.8088e+06,5.52e+07,1000000000,0.069,69,0.8
36,2,9094924000000,135000,0.241926,4.1335,2.52525,1.25453e+08,3.168e+08,1000000000,0.396,396,0.8
36,2,9094925000000,136000,0.241029,4.14887,8.33333,1.152e+07,9.6e+07,1000000000,0.12,120,0.8
36,2,9094926000000,137000,0.242533,4.12315,2.23714,1.59847e+08,3.576e+08,1000000000,0.447,447,0.8
36,2,9094927000000,138000,0.241638,4.13843,8.40336,1.13288e+07,9.52e+07,1000000000,0.119,119,0.8
36,2,9094928000000,139000,0.240396,4.15981,14.4928,3.8088e+06,5.52e+07,1000000000,0.069,69,0.8
36,2,9094929000000,140000,0.241514,4.14054,2.51889,1.26087e+08,3.176e+08,1000000000,0.397,397,0.8
36,2,9094930000000,141000,0.240652,4.15537,8.33333,1.152e+07,9.6e+07,1000000000,0.12,120,0.8
36,2,9094931000000,142000,0.242099,4.13055,2.24215,1.59133e+08,3.568e+08,1000000000,0.446,446,0.8
36,2,9094932000000,143000,0.241245,4.14517,8.33333,1.152e+07,9.6e+07,1000000000,0.12,120,0.8
36,2,9094933000000,144000,0.240021,4.16631,15.3846,3.38e+06,5.2e+07,1000000000,0.065,65,0.8
36,2,9094934000000,145000,0.241131,4.14712,2.49377,1.28641e+08,3.208e+08,1000000000,0.401,401,0.8
36,2,9094935000000,146000,0.240301,4.16144,8.33333,1.152e+07,9.6e+07,1000000000,0.12,120,0.8
36,2,9094936000000,147000,0.241701,4.13735,2.24215,1.59133e+08,3.568e+08,1000000000,0.446,446,0.8
36,2,9094937000000,148000,0.240872,4.15159,8.40336,1.13288e+07,9.52e+07,1000000000,0.119,119,0.8
36,2,9094938000000,149000,0.239691,4.17203,15.3846,3.38e+06,5.2e+07,1000000000,0.065,65,0.8
36,2,9094939000000,150000,0.240773,4.15328,2.48756,1.29283e+08,3.216e+08,1000000000,0.402,402,0.8
36,2,9094940000000,151000,0.239781,4.17046,10.989,6.6248e+06,7.28e+07,1000000000,0.091,91,0.8
36,2,9094941000000,152000,0.241276,4.14463,2.14133,1.74471e+08,3.736e+08,1000000000,0.467,467,0.8
36,2,9094942000000,153000,0.240379,4.1601,9.61538,8.6528e+06,8.32e+07,1000000000,0.104,104,0.8
36,2,9094943000000,154000,0.239344,4.17808,12.3457,5.2488e+06,6.48e+07,1000000000,0.081,81,0.8
36,2,9094944000000,155000,0.240439,4.15906,2.44499,1.33825e+08,3.272e+08,1000000000,0.409,409,0.8
36,2,9094945000000,156000,0.239436,4.17648,11.9048,5.6448e+06,6.72e+07,1000000000,0.084,84,0.8
36,2,9094946000000,157000,0.240834,4.15223,2.17865,1.68545e+08,3.672e+08,1000000000,0.459,459,0.8
36,2,9094947000000,158000,0.239943,4.16766,10,8e+06,8e+07,1000000000,0.1,100,0.8
36,2,9094948000000,159000,0.238818,4.1873,16.3934,2.9768e+06,4.88e+07,1000000000,0.061,61,0.8
36,2,9094949000000,160000,0.2401,4.16493,2.25225,1.57709e+08,3.552e+08,1000000000,0.444,444,0.8
36,2,9094950000000,161000,0.239155,4.18138,11.3636,6.1952e+06,7.04e+07,1000000000,0.088,88,0.8
36,2,9094951000000,162000,0.24029,4.16164,2.36407,1.43143e+08,3.384e+08,1000000000,0.423,423,0.8
36,2,9094952000000,163000,0.239417,4.17681,10.2041,7.6832e+06,7.84e+07,1000000000,0.098,98,0.8
36,2,9094953000000,164000,0.238348,4.19555,15.625,3.2768e+06,5.12e+07,1000000000,0.064,64,0.8
36,2,9094954000000,165000,0.23983,4.16961,2.07039,1.86631e+08,3.864e+08,1000000000,0.483,483,0.8
36,2,9094955000000,166000,0.238934,4.18526,10.989,6.6248e+06,7.28e+07,1000000000,0.091,91,0.8
36,2,9094956000000,167000,0.239892,4.16854,2.50627,1.27361e+08,3.192e+08,1000000000,0.399,399,0.8
36,2,9094957000000,167237,0.240066,4.16551,2.75581,1.05339e+08,2.90295e+08,1000000000,0.362869,86,0.8
36,2,9094958000000,167237,0.240066,4.16551,0,-nan,-nan,1000000000,-nan,0,0.8
36,2,9094959000000,167237,0.240066,4.16551,0,-nan,-nan,1000000000,-nan,0,0.8
36,2,9094960000000,167237,0.240066,4.16551,0,-nan,-nan,1000000000,-nan,0,0.8
36,2,9094961000000,167237,0.240066,4.16551,0,-nan,-nan,1000000000,-nan,0,0.8
37,0,9094801000000,4000,0.036,27.7778,27.7778,5.184e+06,1.44e+08,4000000000,0.036,36,1
37,1,9094802000000,6000,0.0496667,20.1342,12.987,1.06722e+07,1.386e+08,2000000000,0.077,77,0.9
37,1,9094803000000,8000,0.096,10.4167,4.25532,9.9405e+07,4.23e+08,2000000000,0.235,235,0.9
37,2,9094804000000,9000,0.102444,9.76139,6.49351,1.89728e+07,1.232e+08,1000000000,0.154,154,0.8
37,2,9094805000000,10000,0.1495,6.68896,1.7452,2.62663e+08,4.584e+08,1000000000,0.573,573,0.8
37,2,9094806000000,11000,0.147364,6.78593,7.93651,1.27008e+07,1.008e+08,1000000000,0.126,126,0.8
37,2,9094807000000,12000,0.143167,6.98487,10.3093,7.5272e+06,7.76e+07,1000000000,0.097,97,0.8
37,2,9094808000000,13000,0.177231,5.64236,1.70648,2.74717e+08,4.688e+08,1000000000,0.586,586,0.8
37,2,9094809000000,14000,0.172714,5.78991,8.77193,1.03968e+07,9.12e+07,1000000000,0.114,114,0.8
37,2,9094810000000,15000,0.183533,5.4486,2.98507,8.978e+07,2.68e+08,1000000000,0.335,335,0.8
37,2,9094811000000,16000,0.1915,5.22193,3.21543,7.73768e+07,2.488e+08,1000000000,0.311,311,0.8
37,2,9094812000000,17000,0.188941,5.29265,6.75676,1.75232e+07,1.184e+08,1000000000,0.148,148,0.8
37,2,9094813000000,18000,0.208833,4.78851,1.82815,2.39367e+08,4.376e+08,1000000000,0.547,547,0.8
37,2,9094814000000,19000,0.203842,4.90576,8.77193,1.03968e+07,9.12e+07,1000000000,0.114,114,0.8
37,2,9094815000000,20000,0.1978,5.05561,12.0482,5.5112e+06,6.64e+07,1000000000,0.083,83,0.8
37,2,9094816000000,21000,0.219048,4.56522,1.5528,3.31789e+08,5.152e+08,1000000000,0.644,644,0.8
37,2,9094817000000,22000,0.215818,4.63353,6.75676,1.75232e+07,1.184e+08,1000000000,0.148,148,0.8
37,2,9094818000000,23000,0.217739,4.59265,3.84615,5.408e+07,2.08e+08,1000000000,0.26,260,0.8
37,2,9094819000000,24000,0.224,4.46429,2.71739,1.08339e+08,2.944e+08,1000000000,0.368,368,0.8
37,2,9094820000000,25000,0.2196,4.55373,8.77193,1.03968e+07,9.12e+07,1000000000,0.114,114,0.8
37,2,9094821000000,26000,0.230962,4.32973,1.94175,2.1218e+08,4.12e+08,1000000000,0.515,515,0.8
37,2,9094822000000,27000,0.227259,4.40026,7.63359,1.37288e+07,1.048e+08,1000000000,0.131,131,0.8
37,2,9094823000000,28000,0.224429,4.45576,6.75676,1.75232e+07,1.184e+08,1000000000,0.148,148,0.8
37,2,9094824000000,29000,0.238345,4.1956,1.59236,3.15507e+08,5.024e+08,1000000000,0.628,628,0.8
37,2,9094825000000,30000,0.2342,4.26985,8.77193,1.03968e+07,9.12e+07,1000000000,0.114,114,0.8
37,2,9094826000000,31000,0.234065,4.27233,4.34783,4.232e+07,1.84e+08,1000000000,0.23,230,0.8
37,2,9094827000000,32000,0.23975,4.17101,2.40385,1.38445e+08,3.328e+08,1000000000,0.416,416,0.8
37,2,9094828000000,33000,0.23697,4.21995,6.75676,1.75232e+07,1.184e+08,1000000000,0.148,148,0.8
37,2,9094829000000,34000,0.243,4.11523,2.26244,1.56291e+08,3.536e+08,1000000000,0.442,442,0.8
37,2,9094830000000,35000,0.241371,4.14299,5.37634,2.76768e+07,1.488e+08,1000000000,0.186,186,0.8
37,2,9094831000000,36000,0.237833,4.20463,8.77193,1.03968e+07,9.12e+07,1000000000,0.114,114,0.8
37,2,9094832000000,37000,0.248865,4.01825,1.54799,3.33853e+08,5.168e+08,1000000000,0.646,646,0.8
37,2,9094833000000,38000,0.246132,4.06287,6.89655,1.682e+07,1.16e+08,1000000000,0.145,145,0.8
37,2,9094834000000,39000,0.243385,4.10872,7.19424,1.54568e+07,1.112e+08,1000000000,0.139,139,0.8
37,2,9094835000000,40000,0.2496,4.00641,2.03252,1.93651e+08,3.936e+08,1000000000,0.492,492,0.8
37,2,9094836000000,41000,0.246293,4.06021,8.77193,1.03968e+07,9.12e+07,1000000000,0.114,114,0.8
37,2,9094837000000,42000,0.250143,3.99772,2.45098,1.33171e+08,3.264e+08,1000000000,0.408,408,0.8
37,2,9094838000000,43000,0.24986,4.00223,4.20168,4.53152e+07,1.904e+08,1000000000,0.238,238,0.8
37,2,9094839000000,44000,0.247545,4.03966,6.75676,1.75232e+07,1.184e+08,1000000000,0.148,148,0.8
37,2,9094840000000,45000,0.255511,3.91372,1.65017,2.93789e+08,4.848e+08,1000000000,0.606,606,0.8
37,2,9094841000000,46000,0.252804,3.95563,7.63359,1.37288e+07,1.048e+08,1000000000,0.131,131,0.8
37,2,9094842000000,47000,0.249809,4.00307,8.92857,1.00352e+07,8.96e+07,1000000000,0.112,112,0.8
37,2,9094843000000,48000,0.255833,3.90879,1.85529,2.32417e+08,4.312e+08,1000000000,0.539,539,0.8
37,2,9094844000000,49000,0.253633,3.94271,6.75676,1.75232e+07,1.184e+08,1000000000,0.148,148,0.8
37,2,9094845000000,50000,0.25526,3.91757,2.98507,8.978e+07,2.68e+08,1000000000,0.335,335,0.8
37,2,9094846000000,51000,0.256,3.90625,3.41297,6.86792e+07,2.344e+08,1000000000,0.293,293,0.8
37,2,9094847000000,52000,0.253269,3.94837,8.77193,1.03968e+07,9.12e+07,1000000000,0.114,114,0.8
37,2,9094848000000,53000,0.259566,3.85258,1.70358,2.75655e+08,4.696e+08,1000000000,0.587,587,0.8
37,2,9094849000000,54000,0.255852,3.90851,16.9492,2.7848e+06,4.72e+07,1000000000,0.059,59,0.8
37,2,9094850000000,55000,0.2528,3.9557,11.3636,6.1952e+06,7.04e+07,1000000000,0.088,88,0.8
37,2,9094851000000,56000,0.250429,3.99315,8.33333,1.152e+07,9.6e+07,1000000000,0.12,120,0.8
37,2,9094852000000,57000,0.246246,4.06099,83.3333,115200,9.6e+06,1000000000,0.012,12,0.8
37,2,9094853000000,58000,0.244069,4.0972,8.33333,1.152e+07,9.6e+07,1000000000,0.12,120,0.8
37,1,9094854000000,60000,0.236133,4.2349,166.667,64800,1.08e+07,2000000000,0.006,6,0.9
37,0,9094855000000,64000,0.22325,4.47928,33.3333,3.6e+06,1.2e+08,4000000000,0.03,30,1
37,1,9094856000000,66000,0.216485,4.61926,0,0,0,2000000000,0,0,0.9
37,1,9094857000000,68000,0.212735,4.70068,11.236,1.42578e+07,1.602e+08,2000000000,0.089,89,0.9
37,2,9094858000000,69000,0.209652,4.76981,0,0,0,1000000000,0,0,0.8
37,2,9094859000000,70000,0.213486,4.68415,2.09205,1.82787e+08,3.824e+08,1000000000,0.478,478,0.8
37,2,9094860000000,71000,0.212324,4.70978,7.63359,1.37288e+07,1.048e+08,1000000000,0.131,131,0.8
37,2,9094861000000,72000,0.211028,4.73871,8.40336,1.13288e+07,9.52e+07,1000000000,0.119,119,0.8
37,2,9094862000000,73000,0.217027,4.60771,1.54083,3.36961e+08,5.192e+08,1000000000,0.649,649,0.8
37,2,9094863000000,74000,0.215595,4.63834,9.00901,9.8568e+06,8.88e+07,1000000000,0.111,111,0.8
37,2,9094864000000,75000,0.21584,4.63306,4.2735,4.38048e+07,1.872e+08,1000000000,0.234,234,0.8
37,2,9094865000000,76000,0.218566,4.57528,2.36407,1.43143e+08,3.384e+08,1000000000,0.423,423,0.8
37,2,9094866000000,77000,0.217169,4.60471,9.00901,9.8568e+06,8.88e+07,1000000000,0.111,111,0.8
37,2,9094867000000,78000,0.220167,4.54201,2.21729,1.62721e+08,3.608e+08,1000000000,0.451,451,0.8
37,2,9094868000000,79000,0.219987,4.54572,4.85437,3.39488e+07,1.648e+08,1000000000,0.206,206,0.8
37,2,9094869000000,80000,0.218625,4.57404,9.00901,9.8568e+06,8.88e+07,1000000000,0.111,111,0.8
37,2,9094870000000,81000,0.223938,4.46552,1.54083,3.36961e+08,5.192e+08,1000000000,0.649,649,0.8
37,2,9094871000000,82000,0.222659,4.49118,8.40336,1.13288e+07,9.52e+07,1000000000,0.119,119,0.8
37,2,9094872000000,83000,0.221651,4.51161,7.19424,1.54568e+07,1.112e+08,1000000000,0.139,139,0.8
37,2,9094873000000,84000,0.225179,4.44092,1.9305,2.14659e+08,4.144e+08,1000000000,0.518,518,0.8
37,2,9094874000000,85000,0.223835,4.46757,9.00901,9.8568e+06,8.88e+07,1000000000,0.111,111,0.8
37,2,9094875000000,86000,0.225488,4.43482,2.73224,1.07165e+08,2.928e+08,1000000000,0.366,366,0.8
37,2,9094876000000,87000,0.226241,4.42006,3.43643,6.77448e+07,2.328e+08,1000000000,0.291,291,0.8
37,2,9094877000000,88000,0.224932,4.44579,9.00901,9.8568e+06,8.88e+07,1000000000,0.111,111,0.8
37,2,9094878000000,89000,0.228989,4.36703,1.70648,2.74717e+08,4.688e+08,1000000000,0.586,586,0.8
37,2,9094879000000,90000,0.227756,4.39067,8.47458,1.11392e+07,9.44e+07,1000000000,0.118,118,0.8
37,2,9094880000000,91000,0.226088,4.42306,13.1579,4.6208e+06,6.08e+07,1000000000,0.076,76,0.8
37,2,9094881000000,92000,0.230641,4.33574,1.55039,3.3282e+08,5.16e+08,1000000000,0.645,645,0.8
37,2,9094882000000,93000,0.229355,4.36006,9.00901,9.8568e+06,8.88e+07,1000000000,0.111,111,0.8
37,2,9094883000000,94000,0.229904,4.34964,3.55872,6.31688e+07,2.248e+08,1000000000,0.281,281,0.8
37,2,9094884000000,95000,0.231442,4.32073,2.65957,1.13101e+08,3.008e+08,1000000000,0.376,376,0.8
37,2,9094885000000,96000,0.230187,4.34428,9.00901,9.8568e+06,8.88e+07,1000000000,0.111,111,0.8
37,2,9094886000000,97000,0.232969,4.29242,2,2e+08,4e+08,1000000000,0.5,500,0.8
37,2,9094887000000,98000,0.232194,4.30675,6.36943,1.97192e+07,1.256e+08,1000000000,0.157,157,0.8
37,2,9094888000000,99000,0.23097,4.32957,9.00901,9.8568e+06,8.88e+07,1000000000,0.111,111,0.8
37,2,9094889000000,100000,0.23523,4.25116,1.52207,3.45319e+08,5.256e+08,1000000000,0.657,657,0.8
37,2,9094890000000,101000,0.234,4.2735,9.00901,9.8568e+06,8.88e+07,1000000000,0.111,111,0.8
37,2,9094891000000,102000,0.233618,4.2805,5.12821,3.042e+07,1.56e+08,1000000000,0.195,195,0.8
37,2,9094892000000,103000,0.235835,4.24025,2.1645,1.70755e+08,3.696e+08,1000000000,0.462,462,0.8
37,2,9094893000000,104000,0.234635,4.26195,9.00901,9.8568e+06,8.88e+07,1000000000,0.111,111,0.8
37,2,9094894000000,105000,0.236352,4.23097,2.40964,1.3778e+08,3.32e+08,1000000000,0.415,415,0.8
37,2,9094895000000,106000,0.236406,4.23002,4.13223,4.68512e+07,1.936e+08,1000000000,0.242,242,0.8
37,2,9094896000000,107000,0.235234,4.25109,9.00901,9.8568e+06,8.88e+07,1000000000,0.111,111,0.8
37,2,9094897000000,108000,0.238898,4.18588,1.58479,3.18529e+08,5.048e+08,1000000000,0.631,631,0.8
37,2,9094898000000,109000,0.237872,4.20395,7.87402,1.29032e+07,1.016e+08,1000000000,0.127,127,0.8
37,2,9094899000000,110000,0.236582,4.22687,10.4167,7.3728e+06,7.68e+07,1000000000,0.096,96,0.8
37,2,9094900000000,111000,0.239595,4.17372,1.75131,2.60833e+08,4.568e+08,1000000000,0.571,571,0.8
37,2,9094901000000,112000,0.238446,4.19381,9.00901,9.8568e+06,8.88e+07,1000000000,0.111,111,0.8
37,2,9094902000000,113000,0.239239,4.17992,3.04878,8.60672e+07,2.624e+08,1000000000,0.328,328,0.8
37,2,9094903000000,114000,0.240026,4.16621,3.03951,8.65928e+07,2.632e+08,1000000000,0.329,329,0.8
37,2,9094904000000,115000,0.238904,4.18578,9.00901,9.8568e+06,8.88e+07,1000000000,0.111,111,0.8
37,2,9094905000000,116000,0.241569,4.1396,1.82482,2.40243e+08,4.384e+08,1000000000,0.548,548,0.8
37,2,9094906000000,117000,0.240504,4.15793,8.54701,1.09512e+07,9.36e+07,1000000000,0.117,117,0.8
37,2,9094907000000,118000,0.239339,4.17817,9.70874,8.4872e+06,8.24e+07,1000000000,0.103,103,0.8
37,2,9094908000000,119000,0.243235,4.11125,1.42248,3.95367e+08,5.624e+08,1000000000,0.703,703,0.8
37,2,9094909000000,120000,0.2436,4.10509,3.48432,6.58952e+07,2.296e+08,1000000000,0.287,287,0.8
37,2,9094910000000,121000,0.242273,4.12758,12.0482,5.5112e+06,6.64e+07,1000000000,0.083,83,0.8
37,2,9094911000000,122000,0.244057,4.0974,2.17391,1.6928e+08,3.68e+08,1000000000,0.46,460,0.8
37,2,9094912000000,123000,0.242732,4.11977,12.3457,5.2488e+06,6.48e+07,1000000000,0.081,81,0.8
37,2,9094913000000,124000,0.240774,4.15327,0,0,0,1000000000,0,0,0.8
37,2,9094914000000,125000,0.239888,4.16861,7.69231,1.352e+07,1.04e+08,1000000000,0.13,130,0.8
37,2,9094915000000,126000,0.240952,4.1502,2.6738,1.11901e+08,2.992e+08,1000000000,0.374,374,0.8
37,2,9094916000000,127000,0.239496,4.17543,17.8571,2.5088e+06,4.48e+07,1000000000,0.056,56,0.8
37,2,9094917000000,128000,0.23775,4.2061,62.5,204800,1.28e+07,1000000000,0.016,16,0.8
37,2,9094918000000,129000,0.239814,4.1699,1.98413,2.03213e+08,4.032e+08,1000000000,0.504,504,0.8
37,2,9094919000000,130000,0.2384,4.19463,17.8571,2.5088e+06,4.48e+07,1000000000,0.056,56,0.8
37,2,9094920000000,131000,0.236702,4.22472,62.5,204800,1.28e+07,1000000000,0.016,16,0.8
37,2,9094921000000,132000,0.236394,4.23023,5.10204,3.07328e+07,1.568e+08,1000000000,0.196,196,0.8
37,2,9094922000000,133000,0.236932,4.22061,3.24675,7.58912e+07,2.464e+08,1000000000,0.308,308,0.8
37,2,9094923000000,134000,0.235701,4.24265,13.8889,4.1472e+06,5.76e+07,1000000000,0.072,72,0.8
37,2,9094924000000,135000,0.237689,4.20718,1.98413,2.03213e+08,4.032e+08,1000000000,0.504,504,0.8
37,2,9094925000000,136000,0.236471,4.22886,13.8889,4.1472e+06,5.76e+07,1000000000,0.072,72,0.8
37,2,9094926000000,137000,0.235504,4.24622,9.61538,8.6528e+06,8.32e+07,1000000000,0.104,104,0.8
37,2,9094927000000,138000,0.236696,4.22483,2.5,1.28e+08,3.2e+08,1000000000,0.4,400,0.8
37,2,9094928000000,139000,0.235511,4.24609,13.8889,4.1472e+06,5.76e+07,1000000000,0.072,72,0.8
37,2,9094929000000,140000,0.237043,4.21865,2.22222,1.62e+08,3.6e+08,1000000000,0.45,450,0.8
37,2,9094930000000,141000,0.236085,4.23576,9.80392,8.3232e+06,8.16e+07,1000000000,0.102,102,0.8
37,2,9094931000000,142000,0.234648,4.2617,31.25,819200,2.56e+07,1000000000,0.032,32,0.8
37,2,9094932000000,143000,0.236476,4.22877,2.01613,1.96813e+08,3.968e+08,1000000000,0.496,496,0.8
37,2,9094933000000,144000,0.235333,4.24929,13.8889,4.1472e+06,5.76e+07,1000000000,0.072,72,0.8
37,2,9094934000000,145000,0.236283,4.23222,2.68097,1.11303e+08,2.984e+08,1000000000,0.373,373,0.8
37,2,9094935000000,146000,0.235562,4.24517,7.63359,1.37288e+07,1.048e+08,1000000000,0.131,131,0.8
37,2,9094936000000,147000,0.234449,4.26532,13.8889,4.1472e+06,5.76e+07,1000000000,0.072,72,0.8
37,2,9094937000000,148000,0.23627,4.23244,1.98413,2.03213e+08,4.032e+08,1000000000,0.504,504,0.8
37,2,9094938000000,149000,0.235168,4.25228,13.8889,4.1472e+06,5.76e+07,1000000000,0.072,72,0.8
37,2,9094939000000,150000,0.23562,4.24412,3.30033,7.34472e+07,2.424e+08,1000000000,0.303,303,0.8
37,2,9094940000000,151000,0.235391,4.24826,4.97512,3.23208e+07,1.608e+08,1000000000,0.201,201,0.8
37,2,9094941000000,152000,0.234316,4.26774,13.8889,4.1472e+06,5.76e+07,1000000000,0.072,72,0.8
37,2,9094942000000,153000,0.236078,4.23588,1.98413,2.03213e+08,4.032e+08,1000000000,0.504,504,0.8
37,2,9094943000000,154000,0.235013,4.25508,13.8889,4.1472e+06,5.76e+07,1000000000,0.072,72,0.8
37,2,9094944000000,155000,0.234961,4.25602,4.40529,4.12232e+07,1.816e+08,1000000000,0.227,227,0.8
37,2,9094945000000,156000,0.235231,4.25114,3.61011,6.13832e+07,2.216e+08,1000000000,0.277,277,0.8
37,2,9094946000000,157000,0.234191,4.27002,13.8889,4.1472e+06,5.76e+07,1000000000,0.072,72,0.8
37,2,9094947000000,158000,0.235899,4.23911,1.98413,2.03213e+08,4.032e+08,1000000000,0.504,504,0.8
37,2,9094948000000,159000,0.234868,4.25771,13.8889,4.1472e+06,5.76e+07,1000000000,0.072,72,0.8
37,2,9094949000000,160000,0.234375,4.26667,6.41026,1.94688e+07,1.248e+08,1000000000,0.156,156,0.8
37,2,9094950000000,161000,0.235081,4.25386,2.87356,9.68832e+07,2.784e+08,1000000000,0.348,348,0.8
37,2,9094951000000,162000,0.234074,4.27215,13.8889,4.1472e+06,5.76e+07,1000000000,0.072,72,0.8
37,2,9094952000000,163000,0.235626,4.24402,2.05339,1.89735e+08,3.896e+08,1000000000,0.487,487,0.8
37,2,9094953000000,164000,0.234732,4.26018,11.236,6.3368e+06,7.12e+07,1000000000,0.089,89,0.8
37,2,9094954000000,165000,0.233727,4.27849,14.4928,3.8088e+06,5.52e+07,1000000000,0.069,69,0.8
37,2,9094955000000,166000,0.234916,4.25685,2.32019,1.48609e+08,3.448e+08,1000000000,0.431,431,0.8
37,2,9094956000000,167000,0.234216,4.26957,8.47458,1.11392e+07,9.44e+07,1000000000,0.118,118,0.8
37,2,9094957000000,168000,0.235298,4.24994,2.40385,1.38445e+08,3.328e+08,1000000000,0.416,416,0.8
37,2,9094958000000,169000,0.234521,4.26402,9.61538,8.6528e+06,8.32e+07,1000000000,0.104,104,0.8
37,2,9094959000000,170000,0.233341,4.28557,29.4118,924800,2.72e+07,1000000000,0.034,34,0.8
37,2,9094960000000,170727,0.235159,4.25244,1.51458,3.48742e+08,5.28198e+08,1000000000,0.660248,480,0.8
37,2,9094961000000,170727,0.235159,4.25244,0,-nan,-nan,1000000000,-nan,0,0.8
38,0,9094801000000,4000,0.036,27.7778,27.7778,5.184e+06,1.44e+08,4000000000,0.036,36,1
38,1,9094802000000,6000,0.0496667,20.1342,12.987,1.06722e+07,1.386e+08,2000000000,0.077,77,0.9
38,1,9094803000000,8000,0.096,10.4167,4.25532,9.9405e+07,4.23e+08,2000000000,0.235,235,0.9
38,2,9094804000000,9000,0.102444,9.76139,6.49351,1.89728e+07,1.232e+08,1000000000,0.154,154,0.8
38,2,9094805000000,10000,0.1495,6.68896,1.7452,2.62663e+08,4.584e+08,1000000000,0.573,573,0.8
38,2,9094806000000,11000,0.147364,6.78593,7.93651,1.27008e+07,1.008e+08,1000000000,0.126,126,0.8
38,2,9094807000000,12000,0.143167,6.98487,10.3093,7.5272e+06,7.76e+07,1000000000,0.097,97,0.8
38,2,9094808000000,13000,0.177231,5.64236,1.70648,2.74717e+08,4.688e+08,1000000000,0.586,586,0.8
38,2,9094809000000,14000,0.172714,5.78991,8.77193,1.03968e+07,9.12e+07,1000000000,0.114,114,0.8
38,2,9094810000000,15000,0.183533,5.4486,2.98507,8.978e+07,2.68e+08,1000000000,0.335,335,0.8
38,2,9094811000000,16000,0.1915,5.22193,3.21543,7.73768e+07,2.488e+08,1000000000,0.311,311,0.8
38,2,9094812000000,17000,0.188941,5.29265,6.75676,1.75232e+07,1.184e+08,1000000000,0.148,148,0.8
38,2,9094813000000,18000,0.208833,4.78851,1.82815,2.39367e+08,4.376e+08,1000000000,0.547,547,0.8
38,2,9094814000000,19000,0.203842,4.90576,8.77193,1.03968e+07,9.12e+07,1000000000,0.114,114,0.8
38,2,9094815000000,20000,0.1978,5.05561,12.0482,5.5112e+06,6.64e+07,1000000000,0.083,83,0.8
38,2,9094816000000,21000,0.219048,4.56522,1.5528,3.31789e+08,5.152e+08,1000000000,0.644,644,0.8
38,2,9094817000000,22000,0.215818,4.63353,6.75676,1.75232e+07,1.184e+08,1000000000,0.148,148,0.8
38,2,9094818000000,23000,0.217739,4.59265,3.84615,5.408e+07,2.08e+08,1000000000,0.26,260,0.8
38,2,9094819000000,24000,0.224,4.46429,2.71739,1.08339e+08,2.944e+08,1000000000,0.368,368,0.8
38,2,9094820000000,25000,0.2196,4.55373,8.77193,1.03968e+07,9.12e+07,1000000000,0.114,114,0.8
38,2,9094821000000,26000,0.230962,4.32973,1.94175,2.1218e+08,4.12e+08,1000000000,0.515,515,0.8
38,2,9094822000000,27000,0.227259,4.40026,7.63359,1.37288e+07,1.048e+08,1000000000,0.131,131,0.8
38,2,9094823000000,28000,0.224429,4.45576,6.75676,1.75232e+07,1.184e+08,1000000000,0.148,148,0.8
38,2,9094824000000,29000,0.238345,4.1956,1.59236,3.15507e+08,5.024e+08,1000000000,0.628,628,0.8
38,2,9094825000000,30000,0.2342,4.26985,8.77193,1.03968e+07,9.12e+07,1000000000,0.114,114,0.8
38,2,9094826000000,31000,0.234065,4.27233,4.34783,4.232e+07,1.84e+08,1000000000,0.23,230,0.8
38,2,9094827000000,32000,0.23975,4.17101,2.40385,1.38445e+08,3.328e+08,1000000000,0.416,416,0.8
38,2,9094828000000,33000,0.23697,4.21995,6.75676,1.75232e+07,1.184e+08,1000000000,0.148,148,0.8
38,2,9094829000000,34000,0.243,4.11523,2.26244,1.56291e+08,3.536e+08,1000000000,0.442,442,0.8
38,2,9094830000000,35000,0.241371,4.14299,5.37634,2.76768e+07,1.488e+08,1000000000,0.186,186,0.8
38,2,9094831000000,36000,0.237833,4.20463,8.77193,1.03968e+07,9.12e+07,1000000000,0.114,114,0.8
38,2,9094832000000,37000,0.248865,4.01825,1.54799,3.33853e+08,5.168e+08,1000000000,0.646,646,0.8
38,2,9094833000000,38000,0.246132,4.06287,6.89655,1.682e+07,1.16e+08,1000000000,0.145,145,0.8
38,2,9094834000000,39000,0.243385,4.10872,7.19424,1.54568e+07,1.112e+08,1000000000,0.139,139,0.8
38,2,9094835000000,40000,0.2496,4.00641,2.03252,1.93651e+08,3.936e+08,1000000000,0.492,492,0.8
38,2,9094836000000,41000,0.246293,4.06021,8.77193,1.03968e+07,9.12e+07,1000000000,0.114,114,0.8
38,2,9094837000000,42000,0.250143,3.99772,2.45098,1.33171e+08,3.264e+08,1000000000,0.408,408,0.8
38,2,9094838000000,43000,0.24986,4.00223,4.20168,4.53152e+07,1.904e+08,1000000000,0.238,238,0.8
38,2,9094839000000,44000,0.247545,4.03966,6.75676,1.75232e+07,1.184e+08,1000000000,0.148,148,0.8
38,2,9094840000000,45000,0.255511,3.91372,1.65017,2.93789e+08,4.848e+08,1000000000,0.606,606,0.8
38,2,9094841000000,46000,0.252804,3.95563,7.63359,1.37288e+07,1.048e+08,1000000000,0.131,131,0.8
38,2,9094842000000,47000,0.249809,4.00307,8.92857,1.00352e+07,8.96e+07,1000000000,0.112,112,0.8
38,2,9094843000000,48000,0.255833,3.90879,1.85529,2.32417e+08,4.312e+08,1000000000,0.539,539,0.8
38,2,9094844000000,49000,0.253633,3.94271,6.75676,1.75232e+07,1.184e+08,1000000000,0.148,148,0.8
38,2,9094845000000,50000,0.25526,3.91757,2.98507,8.978e+07,2.68e+08,1000000000,0.335,335,0.8
38,2,9094846000000,51000,0.256,3.90625,3.41297,6.86792e+07,2.344e+08,1000000000,0.293,293,0.8
38,2,9094847000000,52000,0.253269,3.94837,8.77193,1.03968e+07,9.12e+07,1000000000,0.114,114,0.8
38,2,9094848000000,53000,0.259566,3.85258,1.70358,2.75655e+08,4.696e+08,1000000000,0.587,587,0.8
38,2,9094849000000,54000,0.255852,3.90851,16.9492,2.7848e+06,4.72e+07,1000000000,0.059,59,0.8
38,2,9094850000000,55000,0.2528,3.9557,11.3636,6.1952e+06,7.04e+07,1000000000,0.088,88,0.8
38,2,9094851000000,56000,0.250429,3.99315,8.33333,1.152e+07,9.6e+07,1000000000,0.12,120,0.8
38,2,9094852000000,57000,0.246246,4.06099,83.3333,115200,9.6e+06,1000000000,0.012,12,0.8
38,2,9094853000000,58000,0.244069,4.0972,8.33333,1.152e+07,9.6e+07,1000000000,0.12,120,0.8
38,1,9094854000000,60000,0.236133,4.2349,166.667,64800,1.08e+07,2000000000,0.006,6,0.9
38,0,9094855000000,64000,0.22325,4.47928,33.3333,3.6e+06,1.2e+08,4000000000,0.03,30,1
38,1,9094856000000,66000,0.216485,4.61926,0,0,0,2000000000,0,0,0.9
38,1,9094857000000,68000,0.212735,4.70068,11.236,1.42578e+07,1.602e+08,2000000000,0.089,89,0.9
38,2,9094858000000,69000,0.209652,4.76981,0,0,0,1000000000,0,0,0.8
38,2,9094859000000,70000,0.213486,4.68415,2.09205,1.82787e+08,3.824e+08,1000000000,0.478,478,0.8
38,2,9094860000000,71000,0.212324,4.70978,7.63359,1.37288e+07,1.048e+08,1000000000,0.131,131,0.8
38,2,9094861000000,72000,0.211028,4.73871,8.40336,1.13288e+07,9.52e+07,1000000000,0.119,119,0.8
38,2,9094862000000,73000,0.217027,4.60771,1.54083,3.36961e+08,5.192e+08,1000000000,0.649,649,0.8
38,2,9094863000000,74000,0.215595,4.63834,9.00901,9.8568e+06,8.88e+07,1000000000,0.111,111,0.8
38,2,9094864000000,75000,0.21584,4.63306,4.2735,4.38048e+07,1.872e+08,1000000000,0.234,234,0.8
38,2,9094865000000,76000,0.218566,4.57528,2.36407,1.43143e+08,3.384e+08,1000000000,0.423,423,0.8
38,2,9094866000000,77000,0.217169,4.60471,9.00901,9.8568e+06,8.88e+07,1000000000,0.111,111,0.8
38,2,9094867000000,78000,0.220167,4.54201,2.21729,1.62721e+08,3.608e+08,1000000000,0.451,451,0.8
38,2,9094868000000,79000,0.219987,4.54572,4.85437,3.39488e+07,1.648e+08,1000000000,0.206,206,0.8
38,2,9094869000000,80000,0.218625,4.57404,9.00901,9.8568e+06,8.88e+07,1000000000,0.111,111,0.8
38,2,9094870000000,81000,0.223938,4.46552,1.54083,3.36961e+08,5.192e+08,1000000000,0.649,649,0.8
38,2,9094871000000,82000,0.222659,4.49118,8.40336,1.13288e+07,9.52e+07,1000000000,0.119,119,0.8
38,2,9094872000000,83000,0.221651,4.51161,7.19424,1.54568e+07,1.112e+08,1000000000,0.139,139,0.8
38,2,9094873000000,84000,0.225179,4.44092,1.9305,2.14659e+08,4.144e+08,1000000000,0.518,518,0.8
38,2,9094874000000,85000,0.223835,4.46757,9.00901,9.8568e+06,8.88e+07,1000000000,0.111,111,0.8
38,2,9094875000000,86000,0.225488,4.43482,2.73224,1.07165e+08,2.928e+08,1000000000,0.366,366,0.8
38,2,9094876000000,87000,0.226241,4.42006,3.43643,6.77448e+07,2.328e+08,1000000000,0.291,291,0.8
38,2,9094877000000,88000,0.224932,4.44579,9.00901,9.8568e+06,8.88e+07,1000000000,0.111,111,0.8
38,2,9094878000000,89000,0.228989,4.36703,1.70648,2.74717e+08,4.688e+08,1000000000,0.586,586,0.8
38,2,9094879000000,90000,0.227756,4.39067,8.47458,1.11392e+07,9.44e+07,1000000000,0.118,118,0.8
38,2,9094880000000,91000,0.226088,4.42306,13.1579,4.6208e+06,6.08e+07,1000000000,0.076,76,0.8
38,2,9094881000000,92000,0.230641,4.33574,1.55039,3.3282e+08,5.16e+08,1000000000,0.645,645,0.8
38,2,9094882000000,93000,0.229355,4.36006,9.00901,9.8568e+06,8.88e+07,1000000000,0.111,111,0.8
38,2,9094883000000,94000,0.229904,4.34964,3.55872,6.31688e+07,2.248e+08,1000000000,0.281,281,0.8
38,2,9094884000000,95000,0.231442,4.32073,2.65957,1.13101e+08,3.008e+08,1000000000,0.376,376,0.8
38,2,9094885000000,96000,0.230187,4.34428,9.00901,9.8568e+06,8.88e+07,1000000000,0.111,111,0.8
38,2,9094886000000,97000,0.232969,4.29242,2,2e+08,4e+08,1000000000,0.5,500,0.8
38,2,9094887000000,98000,0.232194,4.30675,6.36943,1.97192e+07,1.256e+08,1000000000,0.157,157,0.8
38,2,9094888000000,99000,0.23097,4.32957,9.00901,9.8568e+06,8.88e+07,1000000000,0.111,111,0.8
38,2,9094889000000,100000,0.23523,4.25116,1.52207,3.45319e+08,5.256e+08,1000000000,0.657,657,0.8
38,2,9094890000000,101000,0.234,4.2735,9.00901,9.8568e+06,8.88e+07,1000000000,0.111,111,0.8
38,2,9094891000000,102000,0.233618,4.2805,5.12821,3.042e+07,1.56e+08,1000000000,0.195,195,0.8
38,2,9094892000000,103000,0.235835,4.24025,2.1645,1.70755e+08,3.696e+08,1000000000,0.462,462,0.8
38,2,9094893000000,104000,0.234635,4.26195,9.00901,9.8568e+06,8.88e+07,1000000000,0.111,111,0.8
38,2,9094894000000,105000,0.236352,4.23097,2.40964,1.3778e+08,3.32e+08,1000000000,0.415,415,0.8
38,2,9094895000000,106000,0.236406,4.23002,4.13223,4.68512e+07,1.936e+08,1000000000,0.242,242,0.8
38,2,9094896000000,107000,0.235234,4.25109,9.00901,9.8568e+06,8.88e+07,1000000000,0.111,111,0.8
38,2,9094897000000,108000,0.238898,4.18588,1.58479,3.18529e+08,5.048e+08,1000000000,0.631,631,0.8
38,2,9094898000000,109000,0.237872,4.20395,7.87402,1.29032e+07,1.016e+08,1000000000,0.127,127,0.8
38,2,9094899000000,110000,0.236582,4.22687,10.4167,7.3728e+06,7.68e+07,1000000000,0.096,96,0.8
38,2,9094900000000,111000,0.239595,4.17372,1.75131,2.60833e+08,4.568e+08,1000000000,0.571,571,0.8
38,2,9094901000000,112000,0.238446,4.19381,9.00901,9.8568e+06,8.88e+07,1000000000,0.111,111,0.8
38,2,9094902000000,113000,0.239239,4.17992,3.04878,8.60672e+07,2.624e+08,1000000000,0.328,328,0.8
38,2,9094903000000,114000,0.240026,4.16621,3.03951,8.65928e+07,2.632e+08,1000000000,0.329,329,0.8
38,2,9094904000000,115000,0.238904,4.18578,9.00901,9.8568e+06,8.88e+07,1000000000,0.111,111,0.8
38,2,9094905000000,116000,0.241569,4.1396,1.82482,2.40243e+08,4.384e+08,1000000000,0.548,548,0.8
38,2,9094906000000,117000,0.240504,4.15793,8.54701,1.09512e+07,9.36e+07,1000000000,0.117,117,0.8
38,2,9094907000000,118000,0.239339,4.17817,9.70874,8.4872e+06,8.24e+07,1000000000,0.103,103,0.8
38,2,9094908000000,119000,0.243235,4.11125,1.42248,3.95367e+08,5.624e+08,1000000000,0.703,703,0.8
38,2,9094909000000,120000,0.2436,4.10509,3.48432,6.58952e+07,2.296e+08,1000000000,0.287,287,0.8
38,2,9094910000000,121000,0.242273,4.12758,12.0482,5.5112e+06,6.64e+07,1000000000,0.083,83,0.8
38,2,9094911000000,122000,0.244057,4.0974,2.17391,1.6928e+08,3.68e+08,1000000000,0.46,460,0.8
38,2,9094912000000,123000,0.242732,4.11977,12.3457,5.2488e+06,6.48e+07,1000000000,0.081,81,0.8
38,2,9094913000000,124000,0.240774,4.15327,0,0,0,1000000000,0,0,0.8
38,2,9094914000000,125000,0.239888,4.16861,7.69231,1.352e+07,1.04e+08,1000000000,0.13,130,0.8
38,2,9094915000000,126000,0.240952,4.1502,2.6738,1.11901e+08,2.992e+08,1000000000,0.374,374,0.8
38,2,9094916000000,127000,0.239496,4.17543,17.8571,2.5088e+06,4.48e+07,1000000000,0.056,56,0.8
38,2,9094917000000,128000,0.23775,4.2061,62.5,204800,1.28e+07,1000000000,0.016,16,0.8
38,2,9094918000000,129000,0.239814,4.1699,1.98413,2.03213e+08,4.032e+08,1000000000,0.504,504,0.8
38,2,9094919000000,130000,0.2384,4.19463,17.8571,2.5088e+06,4.48e+07,1000000000,0.056,56,0.8
38,2,9094920000000,131000,0.236702,4.22472,62.5,204800,1.28e+07,1000000000,0.016,16,0.8
38,2,9094921000000,132000,0.236394,4.23023,5.10204,3.07328e+07,1.568e+08,1000000000,0.196,196,0.8
38,2,9094922000000,133000,0.236932,4.22061,3.24675,7.58912e+07,2.464e+08,1000000000,0.308,308,0.8
38,2,9094923000000,134000,0.235701,4.24265,13.8889,4.1472e+06,5.76e+07,1000000000,0.072,72,0.8
38,2,9094924000000,135000,0.237689,4.20718,1.98413,2.03213e+08,4.032e+08,1000000000,0.504,504,0.8
38,2,9094925000000,136000,0.236471,4.22886,13.8889,4.1472e+06,5.76e+07,1000000000,0.072,72,0.8
38,2,9094926000000,137000,0.235504,4.24622,9.61538,8.6528e+06,8.32e+07,1000000000,0.104,104,0.8
38,2,9094927000000,138000,0.236696,4.22483,2.5,1.28e+08,3.2e+08,1000000000,0.4,400,0.8
38,2,9094928000000,139000,0.235511,4.24609,13.8889,4.1472e+06,5.76e+07,1000000000,0.072,72,0.8
38,2,9094929000000,140000,0.237043,4.21865,2.22222,1.62e+08,3.6e+08,1000000000,0.45,450,0.8
38,2,9094930000000,141000,0.236085,4.23576,9.80392,8.3232e+06,8.16e+07,1000000000,0.102,102,0.8
38,2,9094931000000,142000,0.234648,4.2617,31.25,819200,2.56e+07,1000000000,0.032,32,0.8
38,2,9094932000000,143000,0.236476,4.22877,2.01613,1.96813e+08,3.968e+08,1000000000,0.496,496,0.8
38,2,9094933000000,144000,0.235333,4.24929,13.8889,4.1472e+06,5.76e+07,1000000000,0.072,72,0.8
38,2,9094934000000,145000,0.236283,4.23222,2.68097,1.11303e+08,2.984e+08,1000000000,0.373,373,0.8
38,2,9094935000000,146000,0.235562,4.24517,7.63359,1.37288e+07,1.048e+08,1000000000,0.131,131,0.8
38,2,9094936000000,147000,0.234449,4.26532,13.8889,4.1472e+06,5.76e+07,1000000000,0.072,72,0.8
38,2,9094937000000,148000,0.23627,4.23244,1.98413,2.03213e+08,4.032e+08,1000000000,0.504,504,0.8
38,2,9094938000000,149000,0.235168,4.25228,13.8889,4.1472e+06,5.76e+07,1000000000,0.072,72,0.8
38,2,9094939000000,150000,0.23562,4.24412,3.30033,7.34472e+07,2.424e+08,1000000000,0.303,303,0.8
38,2,9094940000000,151000,0.235391,4.24826,4.97512,3.23208e+07,1.608e+08,1000000000,0.201,201,0.8
38,2,9094941000000,152000,0.234316,4.26774,13.8889,4.1472e+06,5.76e+07,1000000000,0.072,72,0.8
38,2,9094942000000,153000,0.236078,4.23588,1.98413,2.03213e+08,4.032e+08,1000000000,0.504,504,0.8
38,2,9094943000000,154000,0.235013,4.25508,13.8889,4.1472e+06,5.76e+07,1000000000,0.072,72,0.8
38,2,9094944000000,155000,0.234961,4.25602,4.40529,4.12232e+07,1.816e+08,1000000000,0.227,227,0.8
38,2,9094945000000,156000,0.235231,4.25114,3.61011,6.13832e+07,2.216e+08,1000000000,0.277,277,0.8
38,2,9094946000000,157000,0.234191,4.27002,13.8889,4.1472e+06,5.76e+07,1000000000,0.072,72,0.8
38,2,9094947000000,158000,0.235899,4.23911,1.98413,2.03213e+08,4.032e+08,1000000000,0.504,504,0.8
38,2,9094948000000,159000,0.234868,4.25771,13.8889,4.1472e+06,5.76e+07,1000000000,0.072,72,0.8
38,2,9094949000000,160000,0.234375,4.26667,6.41026,1.94688e+07,1.248e+08,1000000000,0.156,156,0.8
38,2,9094950000000,161000,0.235081,4.25386,2.87356,9.68832e+07,2.784e+08,1000000000,0.348,348,0.8
38,2,9094951000000,162000,0.234074,4.27215,13.8889,4.1472e+06,5.76e+07,1000000000,0.072,72,0.8
38,2,9094952000000,163000,0.235626,4.24402,2.05339,1.89735e+08,3.896e+08,1000000000,0.487,487,0.8
38,2,9094953000000,164000,0.234732,4.26018,11.236,6.3368e+06,7.12e+07,1000000000,0.089,89,0.8
38,2,9094954000000,165000,0.233727,4.27849,14.4928,3.8088e+06,5.52e+07,1000000000,0.069,69,0.8
38,2,9094955000000,166000,0.234916,4.25685,2.32019,1.48609e+08,3.448e+08,1000000000,0.431,431,0.8
38,2,9094956000000,167000,0.234216,4.26957,8.47458,1.11392e+07,9.44e+07,1000000000,0.118,118,0.8
38,2,9094957000000,168000,0.235298,4.24994,2.40385,1.38445e+08,3.328e+08,1000000000,0.416,416,0.8
38,2,9094958000000,169000,0.234521,4.26402,9.61538,8.6528e+06,8.32e+07,1000000000,0.104,104,0.8
38,2,9094959000000,170000,0.233341,4.28557,29.4118,924800,2.72e+07,1000000000,0.034,34,0.8
38,2,9094960000000,170727,0.235159,4.25244,1.51458,3.48742e+08,5.28198e+08,1000000000,0.660248,480,0.8
38,2,9094961000000,170727,0.235159,4.25244,0,-nan,-nan,1000000000,-nan,0,0.8
39,0,9094801000000,4000,0.036,27.7778,27.7778,5.184e+06,1.44e+08,4000000000,0.036,36,1
39,1,9094802000000,6000,0.0496667,20.1342,12.987,1.06722e+07,1.386e+08,2000000000,0.077,77,0.9
39,1,9094803000000,8000,0.096,10.4167,4.25532,9.9405e+07,4.23e+08,2000000000,0.235,235,0.9
39,2,9094804000000,9000,0.102444,9.76139,6.49351,1.89728e+07,1.232e+08,1000000000,0.154,154,0.8
39,2,9094805000000,10000,0.1495,6.68896,1.7452,2.62663e+08,4.584e+08,1000000000,0.573,573,0.8
39,2,9094806000000,11000,0.147364,6.78593,7.93651,1.27008e+07,1.008e+08,1000000000,0.126,126,0.8
39,2,9094807000000,12000,0.143167,6.98487,10.3093,7.5272e+06,7.76e+07,1000000000,0.097,97,0.8
39,2,9094808000000,13000,0.177231,5.64236,1.70648,2.74717e+08,4.688e+08,1000000000,0.586,586,0.8
39,2,9094809000000,14000,0.172714,5.78991,8.77193,1.03968e+07,9.12e+07,1000000000,0.114,114,0.8
39,2,9094810000000,15000,0.183533,5.4486,2.98507,8.978e+07,2.68e+08,1000000000,0.335,335,0.8
39,2,9094811000000,16000,0.1915,5.22193,3.21543,7.73768e+07,2.488e+08,1000000000,0.311,311,0.8
39,2,9094812000000,17000,0.188941,5.29265,6.75676,1.75232e+07,1.184e+08,1000000000,0.148,148,0.8
39,2,9094813000000,18000,0.208833,4.78851,1.82815,2.39367e+08,4.376e+08,1000000000,0.547,547,0.8
39,2,9094814000000,19000,0.203842,4.90576,8.77193,1.03968e+07,9.12e+07,1000000000,0.114,114,0.8
39,2,9094815000000,20000,0.1978,5.05561,12.0482,5.5112e+06,6.64e+07,1000000000,0.083,83,0.8
39,2,9094816000000,21000,0.219048,4.56522,1.5528,3.31789e+08,5.152e+08,1000000000,0.644,644,0.8
39,2,9094817000000,22000,0.215818,4.63353,6.75676,1.75232e+07,1.184e+08,1000000000,0.148,148,0.8
39,2,9094818000000,23000,0.217739,4.59265,3.84615,5.408e+07,2.08e+08,1000000000,0.26,260,0.8
39,2,9094819000000,24000,0.224,4.46429,2.71739,1.08339e+08,2.944e+08,1000000000,0.368,368,0.8
39,2,9094820000000,25000,0.2196,4.55373,8.77193,1.03968e+07,9.12e+07,1000000000,0.114,114,0.8
39,2,9094821000000,26000,0.230962,4.32973,1.94175,2.1218e+08,4.12e+08,1000000000,0.515,515,0.8
39,2,9094822000000,27000,0.227259,4.40026,7.63359,1.37288e+07,1.048e+08,1000000000,0.131,131,0.8
39,2,9094823000000,28000,0.224429,4.45576,6.75676,1.75232e+07,1.184e+08,1000000000,0.148,148,0.8
39,2,9094824000000,29000,0.238345,4.1956,1.59236,3.15507e+08,5.024e+08,1000000000,0.628,628,0.8
39,2,9094825000000,30000,0.2342,4.26985,8.77193,1.03968e+07,9.12e+07,1000000000,0.114,114,0.8
39,2,9094826000000,31000,0.234065,4.27233,4.34783,4.232e+07,1.84e+08,1000000000,0.23,230,0.8
39,2,9094827000000,32000,0.23975,4.17101,2.40385,1.38445e+08,3.328e+08,1000000000,0.416,416,0.8
39,2,9094828000000,33000,0.23697,4.21995,6.75676,1.75232e+07,1.184e+08,1000000000,0.148,148,0.8
39,2,9094829000000,34000,0.243,4.11523,2.26244,1.56291e+08,3.536e+08,1000000000,0.442,442,0.8
39,2,9094830000000,35000,0.241371,4.14299,5.37634,2.76768e+07,1.488e+08,1000000000,0.186,186,0.8
39,2,9094831000000,36000,0.237833,4.20463,8.77193,1.03968e+07,9.12e+07,1000000000,0.114,114,0.8
39,2,9094832000000,37000,0.248865,4.01825,1.54799,3.33853e+08,5.168e+08,1000000000,0.646,646,0.8
39,2,9094833000000,38000,0.246132,4.06287,6.89655,1.682e+07,1.16e+08,1000000000,0.145,145,0.8
39,2,9094834000000,39000,0.243385,4.10872,7.19424,1.54568e+07,1.112e+08,1000000000,0.139,139,0.8
39,2,9094835000000,40000,0.2496,4.00641,2.03252,1.93651e+08,3.936e+08,1000000000,0.492,492,0.8
39,2,9094836000000,41000,0.246293,4.06021,8.77193,1.03968e+07,9.12e+07,1000000000,0.114,114,0.8
39,2,9094837000000,42000,0.250143,3.99772,2.45098,1.33171e+08,3.264e+08,1000000000,0.408,408,0.8
39,2,9094838000000,43000,0.24986,4.00223,4.20168,4.53152e+07,1.904e+08,1000000000,0.238,238,0.8
39,2,9094839000000,44000,0.247545,4.03966,6.75676,1.75232e+07,1.184e+08,1000000000,0.148,148,0.8
39,2,9094840000000,45000,0.255511,3.91372,1.65017,2.93789e+08,4.848e+08,1000000000,0.606,606,0.8
39,2,9094841000000,46000,0.252804,3.95563,7.63359,1.37288e+07,1.048e+08,1000000000,0.131,131,0.8
39,2,9094842000000,47000,0.249809,4.00307,8.92857,1.00352e+07,8.96e+07,1000000000,0.112,112,0.8
39,2,9094843000000,48000,0.255833,3.90879,1.85529,2.32417e+08,4.312e+08,1000000000,0.539,539,0.8
39,2,9094844000000,49000,0.253633,3.94271,6.75676,1.75232e+07,1.184e+08,1000000000,0.148,148,0.8
39,2,9094845000000,50000,0.25526,3.91757,2.98507,8.978e+07,2.68e+08,1000000000,0.335,335,0.8
39,2,9094846000000,51000,0.256,3.90625,3.41297,6.86792e+07,2.344e+08,1000000000,0.293,293,0.8
39,2,9094847000000,52000,0.253269,3.94837,8.77193,1.03968e+07,9.12e+07,1000000000,0.114,114,0.8
39,2,9094848000000,53000,0.259566,3.85258,1.70358,2.75655e+08,4.696e+08,1000000000,0.587,587,0.8
39,2,9094849000000,54000,0.255852,3.90851,16.9492,2.7848e+06,4.72e+07,1000000000,0.059,59,0.8
39,2,9094850000000,55000,0.2528,3.9557,11.3636,6.1952e+06,7.04e+07,1000000000,0.088,88,0.8
39,2,9094851000000,56000,0.250429,3.99315,8.33333,1.152e+07,9.6e+07,1000000000,0.12,120,0.8
39,2,9094852000000,57000,0.246246,4.06099,83.3333,115200,9.6e+06,1000000000,0.012,12,0.8
39,2,9094853000000,58000,0.244069,4.0972,8.33333,1.152e+07,9.6e+07,1000000000,0.12,120,0.8
39,1,9094854000000,60000,0.236133,4.2349,166.667,64800,1.08e+07,2000000000,0.006,6,0.9
39,0,9094855000000,64000,0.22325,4.47928,33.3333,3.6e+06,1.2e+08,4000000000,0.03,30,1
39,1,9094856000000,66000,0.216667,4.61538,166.667,64800,1.08e+07,2000000000,0.006,6,0.9
39,1,9094857000000,68000,0.212735,4.70068,12.0482,1.24002e+07,1.494e+08,2000000000,0.083,83,0.9
39,2,9094858000000,69000,0.214739,4.65681,2.849,9.85608e+07,2.808e+08,1000000000,0.351,351,0.8
39,2,9094859000000,70000,0.215357,4.64345,3.87597,5.32512e+07,2.064e+08,1000000000,0.258,258,0.8
39,2,9094860000000,71000,0.214,4.6729,8.40336,1.13288e+07,9.52e+07,1000000000,0.119,119,0.8
39,2,9094861000000,72000,0.219667,4.55235,1.60772,3.09507e+08,4.976e+08,1000000000,0.622,622,0.8
39,2,9094862000000,73000,0.218411,4.57852,7.8125,1.31072e+07,1.024e+08,1000000000,0.128,128,0.8
39,2,9094863000000,74000,0.21673,4.61404,10.6383,7.0688e+06,7.52e+07,1000000000,0.094,94,0.8
39,2,9094864000000,75000,0.22148,4.51508,1.7452,2.62663e+08,4.584e+08,1000000000,0.573,573,0.8
39,2,9094865000000,76000,0.220026,4.54491,9.00901,9.8568e+06,8.88e+07,1000000000,0.111,111,0.8
39,2,9094866000000,77000,0.221429,4.51613,3.04878,8.60672e+07,2.624e+08,1000000000,0.328,328,0.8
39,2,9094867000000,78000,0.222808,4.48818,3.03951,8.65928e+07,2.632e+08,1000000000,0.329,329,0.8
39,2,9094868000000,79000,0.221392,4.51687,9.00901,9.8568e+06,8.88e+07,1000000000,0.111,111,0.8
39,2,9094869000000,80000,0.225475,4.43508,1.82482,2.40243e+08,4.384e+08,1000000000,0.548,548,0.8
39,2,9094870000000,81000,0.224111,4.46207,8.69565,1.058e+07,9.2e+07,1000000000,0.115,115,0.8
39,2,9094871000000,82000,0.222659,4.49118,9.52381,8.82e+06,8.4e+07,1000000000,0.105,105,0.8
39,2,9094872000000,83000,0.227892,4.38805,1.52207,3.45319e+08,5.256e+08,1000000000,0.657,657,0.8
39,2,9094873000000,84000,0.2265,4.41501,9.00901,9.8568e+06,8.88e+07,1000000000,0.111,111,0.8
39,2,9094874000000,85000,0.226694,4.41123,4.11523,4.72392e+07,1.944e+08,1000000000,0.243,243,0.8
39,2,9094875000000,86000,0.228872,4.36925,2.41546,1.37117e+08,3.312e+08,1000000000,0.414,414,0.8
39,2,9094876000000,87000,0.227517,4.39527,9.00901,9.8568e+06,8.88e+07,1000000000,0.111,111,0.8
39,2,9094877000000,88000,0.230182,4.34439,2.1645,1.70755e+08,3.696e+08,1000000000,0.462,462,0.8
39,2,9094878000000,89000,0.229787,4.35187,5.12821,3.042e+07,1.56e+08,1000000000,0.195,195,0.8
39,2,9094879000000,90000,0.228467,4.37701,9.00901,9.8568e+06,8.88e+07,1000000000,0.111,111,0.8
39,2,9094880000000,91000,0.233132,4.28942,1.53139,3.41127e+08,5.224e+08,1000000000,0.653,653,0.8
39,2,9094881000000,92000,0.231848,4.31317,8.69565,1.058e+07,9.2e+07,1000000000,0.115,115,0.8
39,2,9094882000000,93000,0.231,4.329,6.53595,1.87272e+07,1.224e+08,1000000000,0.153,153,0.8
39,2,9094883000000,94000,0.233904,4.27525,1.98413,2.03213e+08,4.032e+08,1000000000,0.504,504,0.8
39,2,9094884000000,95000,0.232611,4.29903,9.00901,9.8568e+06,8.88e+07,1000000000,0.111,111,0.8
39,2,9094885000000,96000,0.234125,4.27122,2.6455,1.14307e+08,3.024e+08,1000000000,0.378,378,0.8
39,2,9094886000000,97000,0.234588,4.2628,3.58423,6.22728e+07,2.232e+08,1000000000,0.279,279,0.8
39,2,9094887000000,98000,0.233327,4.28584,9.00901,9.8568e+06,8.88e+07,1000000000,0.111,111,0.8
39,2,9094888000000,99000,0.23699,4.21959,1.67785,2.84173e+08,4.768e+08,1000000000,0.596,596,0.8
39,2,9094889000000,100000,0.2359,4.23908,7.8125,1.31072e+07,1.024e+08,1000000000,0.128,128,0.8
39,2,9094890000000,101000,0.234238,4.26917,14.7059,3.6992e+06,5.44e+07,1000000000,0.068,68,0.8
39,2,9094891000000,102000,0.238147,4.19909,1.57978,3.20551e+08,5.064e+08,1000000000,0.633,633,0.8
39,2,9094892000000,103000,0.236913,4.22097,9.00901,9.8568e+06,8.88e+07,1000000000,0.111,111,0.8
39,2,9094893000000,104000,0.237413,4.21206,3.46021,6.68168e+07,2.312e+08,1000000000,0.289,289,0.8
39,2,9094894000000,105000,0.238657,4.19011,2.71739,1.08339e+08,2.944e+08,1000000000,0.368,368,0.8
39,2,9094895000000,106000,0.237453,4.21136,9.00901,9.8568e+06,8.88e+07,1000000000,0.111,111,0.8
39,2,9094896000000,107000,0.240019,4.16634,1.95312,2.09715e+08,4.096e+08,1000000000,0.512,512,0.8
39,2,9094897000000,108000,0.239139,4.18167,6.89655,1.682e+07,1.16e+08,1000000000,0.145,145,0.8
39,2,9094898000000,109000,0.237963,4.20233,9.00901,9.8568e+06,8.88e+07,1000000000,0.111,111,0.8
39,2,9094899000000,110000,0.241773,4.13612,1.52207,3.45319e+08,5.256e+08,1000000000,0.657,657,0.8
39,2,9094900000000,111000,0.240595,4.15637,9.00901,9.8568e+06,8.88e+07,1000000000,0.111,111,0.8
39,2,9094901000000,112000,0.240259,4.16218,4.92611,3.29672e+07,1.624e+08,1000000000,0.203,203,0.8
39,2,9094902000000,113000,0.24215,4.12966,2.20264,1.64893e+08,3.632e+08,1000000000,0.454,454,0.8
39,2,9094903000000,114000,0.241,4.14938,9.00901,9.8568e+06,8.88e+07,1000000000,0.111,111,0.8
39,2,9094904000000,115000,0.242617,4.12172,2.34192,1.45863e+08,3.416e+08,1000000000,0.427,427,0.8
39,2,9094905000000,116000,0.242509,4.12356,4.34783,4.232e+07,1.84e+08,1000000000,0.23,230,0.8
39,2,9094906000000,117000,0.241385,4.14277,9.00901,9.8568e+06,8.88e+07,1000000000,0.111,111,0.8
39,2,9094907000000,118000,0.244627,4.08785,1.60256,3.11501e+08,4.992e+08,1000000000,0.624,624,0.8
39,2,9094908000000,119000,0.246252,4.06088,2.28311,1.53475e+08,3.504e+08,1000000000,0.438,438,0.8
39,2,9094909000000,120000,0.244992,4.08177,10.5263,7.22e+06,7.6e+07,1000000000,0.095,95,0.8
39,2,9094910000000,121000,0.245942,4.066,2.77778,1.0368e+08,2.88e+08,1000000000,0.36,360,0.8
39,2,9094911000000,122000,0.24623,4.06125,3.55872,6.31688e+07,2.248e+08,1000000000,0.281,281,0.8
39,2,9094912000000,123000,0.244642,4.0876,19.6078,2.0808e+06,4.08e+07,1000000000,0.051,51,0.8
39,2,9094913000000,124000,0.243581,4.10542,8.84956,1.02152e+07,9.04e+07,1000000000,0.113,113,0.8
39,2,9094914000000,125000,0.246464,4.05739,1.65563,2.91853e+08,4.832e+08,1000000000,0.604,604,0.8
39,2,9094915000000,126000,0.245683,4.07029,6.75676,1.75232e+07,1.184e+08,1000000000,0.148,148,0.8
39,2,9094916000000,127000,0.24511,4.0798,5.78035,2.39432e+07,1.384e+08,1000000000,0.173,173,0.8
39,2,9094917000000,128000,0.24675,4.05268,2.1978,1.6562e+08,3.64e+08,1000000000,0.455,455,0.8
39,2,9094918000000,129000,0.245721,4.06966,8.77193,1.03968e+07,9.12e+07,1000000000,0.114,114,0.8
39,2,9094919000000,130000,0.246792,4.05199,2.5974,1.1858e+08,3.08e+08,1000000000,0.385,385,0.8
39,2,9094920000000,131000,0.246901,4.05021,3.83142,5.44968e+07,2.088e+08,1000000000,0.261,261,0.8
39,2,9094921000000,132000,0.246152,4.06254,6.75676,1.75232e+07,1.184e+08,1000000000,0.148,148,0.8
39,2,9094922000000,133000,0.248759,4.01995,1.68634,2.81319e+08,4.744e+08,1000000000,0.593,593,0.8
39,2,9094923000000,134000,0.24791,4.03371,7.40741,1.458e+07,1.08e+08,1000000000,0.135,135,0.8
39,2,9094924000000,135000,0.246711,4.05332,11.6279,5.9168e+06,6.88e+07,1000000000,0.086,86,0.8
39,2,9094925000000,136000,0.249147,4.01369,1.7301,2.67267e+08,4.624e+08,1000000000,0.578,578,0.8
39,2,9094926000000,137000,0.24819,4.02917,8.47458,1.11392e+07,9.44e+07,1000000000,0.118,118,0.8
39,2,9094927000000,138000,0.248717,4.02063,3.11526,8.24328e+07,2.568e+08,1000000000,0.321,321,0.8
39,2,9094928000000,139000,0.249266,4.01178,3.07692,8.45e+07,2.6e+08,1000000000,0.325,325,0.8
39,2,9094929000000,140000,0.248543,4.02345,6.75676,1.75232e+07,1.184e+08,1000000000,0.148,148,0.8
39,2,9094930000000,141000,0.250574,3.99083,1.86916,2.2898e+08,4.28e+08,1000000000,0.535,535,0.8
39,2,9094931000000,142000,0.249613,4.00621,8.77193,1.03968e+07,9.12e+07,1000000000,0.114,114,0.8
39,2,9094932000000,143000,0.248517,4.02386,10.7527,6.9192e+06,7.44e+07,1000000000,0.093,93,0.8
39,2,9094933000000,144000,0.251278,3.97966,1.54799,3.33853e+08,5.168e+08,1000000000,0.646,646,0.8
39,2,9094934000000,145000,0.250566,3.99097,6.75676,1.75232e+07,1.184e+08,1000000000,0.148,148,0.8
39,2,9094935000000,146000,0.250541,3.99136,4.04858,4.88072e+07,1.976e+08,1000000000,0.247,247,0.8
39,2,9094936000000,147000,0.251429,3.97727,2.62467,1.16129e+08,3.048e+08,1000000000,0.381,381,0.8
39,2,9094937000000,148000,0.2505,3.99202,8.77193,1.03968e+07,9.12e+07,1000000000,0.114,114,0.8
39,2,9094938000000,149000,0.252188,3.9653,1.99203,2.01603e+08,4.016e+08,1000000000,0.502,502,0.8
39,2,9094939000000,150000,0.251493,3.97625,6.75676,1.75232e+07,1.184e+08,1000000000,0.148,148,0.8
39,2,9094940000000,151000,0.250781,3.98754,6.94444,1.65888e+07,1.152e+08,1000000000,0.144,144,0.8
39,2,9094941000000,152000,0.253237,3.94887,1.60256,3.11501e+08,4.992e+08,1000000000,0.624,624,0.8
39,2,9094942000000,153000,0.252523,3.96004,6.94444,1.65888e+07,1.152e+08,1000000000,0.144,144,0.8
39,2,9094943000000,154000,0.252253,3.96427,4.73934,3.56168e+07,1.688e+08,1000000000,0.211,211,0.8
39,2,9094944000000,155000,0.253316,3.94764,2.39808,1.39111e+08,3.336e+08,1000000000,0.417,417,0.8
39,2,9094945000000,156000,0.252423,3.9616,8.77193,1.03968e+07,9.12e+07,1000000000,0.114,114,0.8
39,2,9094946000000,157000,0.253732,3.94116,2.18341,1.67811e+08,3.664e+08,1000000000,0.458,458,0.8
39,2,9094947000000,158000,0.253316,3.94763,5.31915,2.82752e+07,1.504e+08,1000000000,0.188,188,0.8
39,2,9094948000000,159000,0.252654,3.95798,6.75676,1.75232e+07,1.184e+08,1000000000,0.148,148,0.8
39,2,9094949000000,160000,0.255,3.92157,1.59236,3.15507e+08,5.024e+08,1000000000,0.628,628,0.8
39,2,9094950000000,161000,0.254124,3.93508,8.77193,1.03968e+07,9.12e+07,1000000000,0.114,114,0.8
39,2,9094951000000,162000,0.25363,3.94276,5.74713,2.42208e+07,1.392e+08,1000000000,0.174,174,0.8
39,2,9094952000000,163000,0.254969,3.92204,2.11864,1.78227e+08,3.776e+08,1000000000,0.472,472,0.8
39,2,9094953000000,164000,0.254317,3.9321,6.75676,1.75232e+07,1.184e+08,1000000000,0.148,148,0.8
39,2,9094954000000,165000,0.255121,3.91971,2.58398,1.19815e+08,3.096e+08,1000000000,0.387,387,0.8
39,2,9094955000000,166000,0.255036,3.92101,4.14938,4.64648e+07,1.928e+08,1000000000,0.241,241,0.8
39,2,9094956000000,167000,0.254192,3.93404,8.77193,1.03968e+07,9.12e+07,1000000000,0.114,114,0.8
39,2,9094957000000,168000,0.256411,3.89999,1.5949,3.14503e+08,5.016e+08,1000000000,0.627,627,0.8
39,2,9094958000000,169000,0.25574,3.91023,6.99301,1.63592e+07,1.144e+08,1000000000,0.143,143,0.8
39,2,9094959000000,170000,0.254724,3.92583,12.0482,5.5112e+06,6.64e+07,1000000000,0.083,83,0.8
39,2,9094960000000,170878,0.256791,3.89421,1.52166,3.45504e+08,5.2574e+08,1000000000,0.657175,577,0.8
39,2,9094961000000,170878,0.256791,3.89421,0,-nan,-nan,1000000000,-nan,0,0.8
